segment_id,athlete,true,pred,n_windows,model,n_team,k,group,seed
Subject147_2019_0123_101038_segment00_00,Subject147,0,0,15,rf,2,1,recorded,0
Subject147_2019_0123_101038_segment01_01,Subject147,1,1,18,rf,2,1,recorded,0
Subject147_2019_0123_101038_segment02_02,Subject147,2,2,24,rf,2,1,recorded,0
Subject147_2019_0123_101038_segment03_03,Subject147,3,3,5,rf,2,1,recorded,0
Subject147_2019_0123_101038_segment04_03,Subject147,3,3,8,rf,2,1,recorded,0
Subject147_2019_0123_101038_segment05_04,Subject147,4,4,20,rf,2,1,recorded,0
Subject147_2019_0123_101038_segment06_05,Subject147,5,5,18,rf,2,1,recorded,0
Subject147_2019_0123_101038_segment07_06,Subject147,6,6,21,rf,2,1,recorded,0
Subject147_2019_0123_101038_segment08_07,Subject147,7,7,19,rf,2,1,recorded,0
Subject147_2019_0123_101038_segment09_08,Subject147,8,8,18,rf,2,1,recorded,0
Subject147_2019_0123_101038_segment10_09,Subject147,9,9,19,rf,2,1,recorded,0
Subject147_2019_0123_101038_segment11_10,Subject147,10,10,10,rf,2,1,recorded,0
Subject147_2019_0123_101038_segment12_11,Subject147,11,11,10,rf,2,1,recorded,0
Subject147_2019_0123_101038_segment13_12,Subject147,12,12,19,rf,2,1,recorded,0
Subject147_2019_0123_101038_segment14_13,Subject147,13,13,11,rf,2,1,recorded,0
Subject147_2019_0123_101038_segment15_14,Subject147,14,14,16,rf,2,1,recorded,0
Subject147_2019_0123_103220_segment00_00,Subject147,0,0,17,rf,2,1,recorded,0
Subject147_2019_0123_103220_segment01_01,Subject147,1,1,23,rf,2,1,recorded,0
Subject147_2019_0123_103220_segment02_02,Subject147,2,2,25,rf,2,1,recorded,0
Subject147_2019_0123_103220_segment03_03,Subject147,3,3,8,rf,2,1,recorded,0
Subject147_2019_0123_103220_segment04_04,Subject147,4,4,16,rf,2,1,recorded,0
Subject147_2019_0123_103220_segment05_05,Subject147,5,5,15,rf,2,1,recorded,0
Subject147_2019_0123_103220_segment06_06,Subject147,6,6,19,rf,2,1,recorded,0
Subject147_2019_0123_103220_segment07_07,Subject147,7,7,13,rf,2,1,recorded,0
Subject147_2019_0123_103220_segment08_08,Subject147,8,8,15,rf,2,1,recorded,0
Subject147_2019_0123_103220_segment09_09,Subject147,9,9,17,rf,2,1,recorded,0
Subject147_2019_0123_103220_segment10_10,Subject147,10,4,9,rf,2,1,recorded,0
Subject147_2019_0123_103220_segment11_11,Subject147,11,11,9,rf,2,1,recorded,0
Subject147_2019_0123_103220_segment12_12,Subject147,12,12,19,rf,2,1,recorded,0
Subject147_2019_0123_103220_segment13_13,Subject147,13,13,11,rf,2,1,recorded,0
Subject147_2019_0123_103220_segment14_14,Subject147,14,14,15,rf,2,1,recorded,0
Subject890_2019_0129_112929_segment00_00,Subject890,0,0,23,rf,2,1,recorded,0
Subject890_2019_0129_112929_segment01_01,Subject890,1,1,14,rf,2,1,recorded,0
Subject890_2019_0129_112929_segment02_02,Subject890,2,2,29,rf,2,1,recorded,0
Subject890_2019_0129_112929_segment03_03,Subject890,3,3,15,rf,2,1,recorded,0
Subject890_2019_0129_112929_segment04_04,Subject890,4,4,19,rf,2,1,recorded,0
Subject890_2019_0129_112929_segment05_05,Subject890,5,5,49,rf,2,1,recorded,0
Subject890_2019_0129_112929_segment06_06,Subject890,6,6,34,rf,2,1,recorded,0
Subject890_2019_0129_114354_segment00_07,Subject890,7,4,21,rf,2,1,recorded,0
Subject890_2019_0129_114354_segment01_08,Subject890,8,8,25,rf,2,1,recorded,0
Subject890_2019_0129_114354_segment02_09,Subject890,9,9,26,rf,2,1,recorded,0
Subject890_2019_0129_114354_segment03_10,Subject890,10,4,19,rf,2,1,recorded,0
Subject890_2019_0129_114354_segment04_11,Subject890,11,11,16,rf,2,1,recorded,0
Subject890_2019_0129_114354_segment05_12,Subject890,12,12,47,rf,2,1,recorded,0
Subject890_2019_0129_114354_segment06_13,Subject890,13,13,14,rf,2,1,recorded,0
Subject890_2019_0129_114354_segment07_14,Subject890,14,14,16,rf,2,1,recorded,0
Subject890_2019_0129_115324_segment00_00,Subject890,0,0,16,rf,2,1,recorded,0
Subject890_2019_0129_115324_segment01_01,Subject890,1,1,11,rf,2,1,recorded,0
Subject890_2019_0129_115324_segment02_02,Subject890,2,2,22,rf,2,1,recorded,0
Subject890_2019_0129_115324_segment03_03,Subject890,3,3,12,rf,2,1,recorded,0
Subject890_2019_0129_115324_segment04_04,Subject890,4,4,12,rf,2,1,recorded,0
Subject890_2019_0129_115324_segment05_05,Subject890,5,5,41,rf,2,1,recorded,0
Subject890_2019_0129_115324_segment06_06,Subject890,6,6,27,rf,2,1,recorded,0
Subject890_2019_0129_115324_segment07_07,Subject890,7,4,18,rf,2,1,recorded,0
Subject890_2019_0129_115324_segment08_08,Subject890,8,5,21,rf,2,1,recorded,0
Subject890_2019_0129_115324_segment09_09,Subject890,9,9,15,rf,2,1,recorded,0
Subject890_2019_0129_115324_segment10_10,Subject890,10,4,20,rf,2,1,recorded,0
Subject890_2019_0129_115324_segment11_11,Subject890,11,11,15,rf,2,1,recorded,0
Subject890_2019_0129_115324_segment12_12,Subject890,12,12,36,rf,2,1,recorded,0
Subject890_2019_0129_115324_segment13_13,Subject890,13,13,13,rf,2,1,recorded,0
Subject890_2019_0129_115324_segment14_14,Subject890,14,14,19,rf,2,1,recorded,0
Subject226_2019_0116_111425_segment00_00,Subject226,0,8,23,rf,2,1,new,0
Subject226_2019_0116_111425_segment01_01,Subject226,1,1,10,rf,2,1,new,0
Subject226_2019_0116_111425_segment02_02,Subject226,2,2,29,rf,2,1,new,0
Subject226_2019_0116_111425_segment03_03,Subject226,3,3,8,rf,2,1,new,0
Subject226_2019_0116_111425_segment04_04,Subject226,4,10,16,rf,2,1,new,0
Subject226_2019_0116_111425_segment05_05,Subject226,5,5,23,rf,2,1,new,0
Subject226_2019_0116_111425_segment06_06,Subject226,6,6,22,rf,2,1,new,0
Subject226_2019_0116_111425_segment07_07,Subject226,7,7,22,rf,2,1,new,0
Subject226_2019_0116_111425_segment08_08,Subject226,8,10,18,rf,2,1,new,0
Subject226_2019_0116_111425_segment09_09,Subject226,9,9,12,rf,2,1,new,0
Subject226_2019_0116_111425_segment10_10,Subject226,10,10,15,rf,2,1,new,0
Subject226_2019_0116_111425_segment11_11,Subject226,11,14,9,rf,2,1,new,0
Subject226_2019_0116_111425_segment13_12,Subject226,12,12,25,rf,2,1,new,0
Subject226_2019_0116_111425_segment14_13,Subject226,13,13,15,rf,2,1,new,0
Subject226_2019_0116_111425_segment15_14,Subject226,14,14,12,rf,2,1,new,0
Subject226_2019_0116_112900_segment00_00,Subject226,0,8,17,rf,2,1,new,0
Subject226_2019_0116_112900_segment01_01,Subject226,1,1,8,rf,2,1,new,0
Subject226_2019_0116_112900_segment02_02,Subject226,2,2,26,rf,2,1,new,0
Subject226_2019_0116_112900_segment03_03,Subject226,3,3,8,rf,2,1,new,0
Subject226_2019_0116_112900_segment04_04,Subject226,4,7,12,rf,2,1,new,0
Subject226_2019_0116_112900_segment05_05,Subject226,5,0,18,rf,2,1,new,0
Subject226_2019_0116_112900_segment06_06,Subject226,6,6,16,rf,2,1,new,0
Subject226_2019_0116_112900_segment07_07,Subject226,7,8,17,rf,2,1,new,0
Subject226_2019_0116_112900_segment08_08,Subject226,8,8,17,rf,2,1,new,0
Subject226_2019_0116_112900_segment09_09,Subject226,9,9,10,rf,2,1,new,0
Subject226_2019_0116_112900_segment10_10,Subject226,10,10,15,rf,2,1,new,0
Subject226_2019_0116_112900_segment11_11,Subject226,11,14,9,rf,2,1,new,0
Subject226_2019_0116_112900_segment12_12,Subject226,12,12,24,rf,2,1,new,0
Subject226_2019_0116_112900_segment13_13,Subject226,13,13,14,rf,2,1,new,0
Subject226_2019_0116_112900_segment14_14,Subject226,14,14,11,rf,2,1,new,0
Subject353_2019_0107_201808_segment00_00,Subject353,0,0,11,rf,2,1,new,0
Subject353_2019_0107_201808_segment01_01,Subject353,1,1,9,rf,2,1,new,0
Subject353_2019_0107_201808_segment02_02,Subject353,2,2,21,rf,2,1,new,0
Subject353_2019_0107_201808_segment03_03,Subject353,3,12,8,rf,2,1,new,0
Subject353_2019_0107_201808_segment04_04,Subject353,4,10,11,rf,2,1,new,0
Subject353_2019_0107_201808_segment05_05,Subject353,5,5,20,rf,2,1,new,0
Subject353_2019_0107_201808_segment07_06,Subject353,6,6,28,rf,2,1,new,0
Subject353_2019_0107_201808_segment08_07,Subject353,7,10,22,rf,2,1,new,0
Subject353_2019_0107_201808_segment09_08,Subject353,8,8,16,rf,2,1,new,0
Subject353_2019_0107_201808_segment10_09,Subject353,9,9,15,rf,2,1,new,0
Subject353_2019_0107_201808_segment11_10,Subject353,10,10,22,rf,2,1,new,0
Subject353_2019_0107_201808_segment12_11,Subject353,11,11,12,rf,2,1,new,0
Subject353_2019_0107_201808_segment13_12,Subject353,12,12,25,rf,2,1,new,0
Subject353_2019_0107_201808_segment14_13,Subject353,13,0,12,rf,2,1,new,0
Subject353_2019_0107_201808_segment15_14,Subject353,14,14,16,rf,2,1,new,0
Subject353_2019_0107_203456_segment00_00,Subject353,0,0,11,rf,2,1,new,0
Subject353_2019_0107_203456_segment01_01,Subject353,1,1,14,rf,2,1,new,0
Subject353_2019_0107_203456_segment02_02,Subject353,2,11,20,rf,2,1,new,0
Subject353_2019_0107_203456_segment03_03,Subject353,3,12,8,rf,2,1,new,0
Subject353_2019_0107_203456_segment04_04,Subject353,4,4,13,rf,2,1,new,0
Subject353_2019_0107_203456_segment05_05,Subject353,5,5,17,rf,2,1,new,0
Subject353_2019_0107_203456_segment06_06,Subject353,6,6,21,rf,2,1,new,0
Subject353_2019_0107_203456_segment07_07,Subject353,7,4,17,rf,2,1,new,0
Subject353_2019_0107_203456_segment08_08,Subject353,8,8,13,rf,2,1,new,0
Subject353_2019_0107_203456_segment09_09,Subject353,9,9,12,rf,2,1,new,0
Subject353_2019_0107_203456_segment10_10,Subject353,10,4,17,rf,2,1,new,0
Subject353_2019_0107_203456_segment11_11,Subject353,11,11,11,rf,2,1,new,0
Subject353_2019_0107_203456_segment12_12,Subject353,12,12,25,rf,2,1,new,0
Subject353_2019_0107_203456_segment13_13,Subject353,13,13,12,rf,2,1,new,0
Subject353_2019_0107_203456_segment14_14,Subject353,14,14,13,rf,2,1,new,0
Subject353_2019_0124_191856_segment00_00,Subject353,0,10,16,rf,2,1,new,0
Subject353_2019_0124_191856_segment01_01,Subject353,1,1,14,rf,2,1,new,0
Subject353_2019_0124_191856_segment02_02,Subject353,2,2,25,rf,2,1,new,0
Subject353_2019_0124_191856_segment03_03,Subject353,3,12,9,rf,2,1,new,0
Subject353_2019_0124_191856_segment04_04,Subject353,4,10,17,rf,2,1,new,0
Subject353_2019_0124_191856_segment05_05,Subject353,5,5,21,rf,2,1,new,0
Subject353_2019_0124_191856_segment06_06,Subject353,6,6,28,rf,2,1,new,0
Subject353_2019_0124_191856_segment07_07,Subject353,7,10,22,rf,2,1,new,0
Subject353_2019_0124_191856_segment08_08,Subject353,8,8,21,rf,2,1,new,0
Subject353_2019_0124_191856_segment09_09,Subject353,9,9,16,rf,2,1,new,0
Subject353_2019_0124_191856_segment10_10,Subject353,10,10,20,rf,2,1,new,0
Subject353_2019_0124_191856_segment11_11,Subject353,11,11,13,rf,2,1,new,0
Subject353_2019_0124_191856_segment12_12,Subject353,12,12,33,rf,2,1,new,0
Subject353_2019_0124_191856_segment13_13,Subject353,13,5,14,rf,2,1,new,0
Subject353_2019_0124_191856_segment14_14,Subject353,14,14,16,rf,2,1,new,0
Subject353_2019_0124_193722_segment00_00,Subject353,0,0,17,rf,2,1,new,0
Subject353_2019_0124_193722_segment01_01,Subject353,1,1,13,rf,2,1,new,0
Subject353_2019_0124_193722_segment02_02,Subject353,2,11,21,rf,2,1,new,0
Subject353_2019_0124_193722_segment03_03,Subject353,3,12,9,rf,2,1,new,0
Subject353_2019_0124_193722_segment04_04,Subject353,4,10,17,rf,2,1,new,0
Subject353_2019_0124_193722_segment05_05,Subject353,5,5,22,rf,2,1,new,0
Subject353_2019_0124_193722_segment06_06,Subject353,6,6,26,rf,2,1,new,0
Subject353_2019_0124_193722_segment07_07,Subject353,7,10,21,rf,2,1,new,0
Subject353_2019_0124_193722_segment08_08,Subject353,8,8,19,rf,2,1,new,0
Subject353_2019_0124_193722_segment09_09,Subject353,9,9,14,rf,2,1,new,0
Subject353_2019_0124_193722_segment10_10,Subject353,10,10,27,rf,2,1,new,0
Subject353_2019_0124_193722_segment11_11,Subject353,11,11,16,rf,2,1,new,0
Subject353_2019_0124_193722_segment12_12,Subject353,12,12,27,rf,2,1,new,0
Subject353_2019_0124_193722_segment13_13,Subject353,13,13,16,rf,2,1,new,0
Subject353_2019_0124_193722_segment14_14,Subject353,14,5,17,rf,2,1,new,0
Subject516_2019_0109_095949_segment00_00,Subject516,0,8,29,rf,2,1,new,0
Subject516_2019_0109_095949_segment01_01,Subject516,1,1,6,rf,2,1,new,0
Subject516_2019_0109_095949_segment02_02,Subject516,2,2,19,rf,2,1,new,0
Subject516_2019_0109_095949_segment03_03,Subject516,3,3,8,rf,2,1,new,0
Subject516_2019_0109_095949_segment04_04,Subject516,4,10,21,rf,2,1,new,0
Subject516_2019_0109_095949_segment05_05,Subject516,5,5,28,rf,2,1,new,0
Subject516_2019_0109_095949_segment06_06,Subject516,6,6,29,rf,2,1,new,0
Subject516_2019_0109_095949_segment07_07,Subject516,7,4,11,rf,2,1,new,0
Subject516_2019_0109_095949_segment08_08,Subject516,8,10,38,rf,2,1,new,0
Subject516_2019_0109_095949_segment09_09,Subject516,9,9,21,rf,2,1,new,0
Subject516_2019_0109_095949_segment10_10,Subject516,10,4,17,rf,2,1,new,0
Subject516_2019_0109_095949_segment11_11,Subject516,11,11,12,rf,2,1,new,0
Subject516_2019_0109_095949_segment12_12,Subject516,12,12,18,rf,2,1,new,0
Subject516_2019_0109_095949_segment13_13,Subject516,13,13,6,rf,2,1,new,0
Subject516_2019_0109_095949_segment14_14,Subject516,14,14,14,rf,2,1,new,0
Subject516_2019_0109_101116_segment00_00,Subject516,0,8,24,rf,2,1,new,0
Subject516_2019_0109_101116_segment01_01,Subject516,1,1,6,rf,2,1,new,0
Subject516_2019_0109_101116_segment02_02,Subject516,2,2,18,rf,2,1,new,0
Subject516_2019_0109_101116_segment03_03,Subject516,3,3,7,rf,2,1,new,0
Subject516_2019_0109_101116_segment04_04,Subject516,4,10,17,rf,2,1,new,0
Subject516_2019_0109_101116_segment05_05,Subject516,5,5,22,rf,2,1,new,0
Subject516_2019_0109_101116_segment06_06,Subject516,6,6,24,rf,2,1,new,0
Subject516_2019_0109_101116_segment07_07,Subject516,7,4,11,rf,2,1,new,0
Subject516_2019_0109_101116_segment08_08,Subject516,8,10,28,rf,2,1,new,0
Subject516_2019_0109_101116_segment09_09,Subject516,9,9,16,rf,2,1,new,0
Subject516_2019_0109_101116_segment10_10,Subject516,10,4,14,rf,2,1,new,0
Subject516_2019_0109_101116_segment11_11,Subject516,11,11,10,rf,2,1,new,0
Subject516_2019_0109_101116_segment12_12,Subject516,12,12,18,rf,2,1,new,0
Subject516_2019_0109_101116_segment13_13,Subject516,13,13,8,rf,2,1,new,0
Subject516_2019_0109_101116_segment14_14,Subject516,14,14,14,rf,2,1,new,0
Subject561_2019_0117_110245_segment00_00,Subject561,0,8,24,rf,2,1,new,0
Subject561_2019_0117_110245_segment01_01,Subject561,1,1,16,rf,2,1,new,0
Subject561_2019_0117_110245_segment02_02,Subject561,2,2,22,rf,2,1,new,0
Subject561_2019_0117_110245_segment03_03,Subject561,3,3,16,rf,2,1,new,0
Subject561_2019_0117_110245_segment04_04,Subject561,4,8,31,rf,2,1,new,0
Subject561_2019_0117_110245_segment05_05,Subject561,5,5,20,rf,2,1,new,0
Subject561_2019_0117_110245_segment06_06,Subject561,6,6,22,rf,2,1,new,0
Subject561_2019_0117_110245_segment07_07,Subject561,7,10,32,rf,2,1,new,0
Subject561_2019_0117_110245_segment08_08,Subject561,8,8,23,rf,2,1,new,0
Subject561_2019_0117_110245_segment09_09,Subject561,9,9,29,rf,2,1,new,0
Subject561_2019_0117_110245_segment10_10,Subject561,10,10,24,rf,2,1,new,0
Subject561_2019_0117_110245_segment11_11,Subject561,11,6,21,rf,2,1,new,0
Subject561_2019_0117_110245_segment12_12,Subject561,12,12,24,rf,2,1,new,0
Subject561_2019_0117_110245_segment13_13,Subject561,13,5,18,rf,2,1,new,0
Subject561_2019_0117_110245_segment14_14,Subject561,14,2,25,rf,2,1,new,0
Subject561_2019_0117_111629_segment00_00,Subject561,0,8,26,rf,2,1,new,0
Subject561_2019_0117_111629_segment01_01,Subject561,1,1,21,rf,2,1,new,0
Subject561_2019_0117_111629_segment02_02,Subject561,2,2,27,rf,2,1,new,0
Subject561_2019_0117_111629_segment03_03,Subject561,3,3,19,rf,2,1,new,0
Subject561_2019_0117_111629_segment04_04,Subject561,4,8,27,rf,2,1,new,0
Subject561_2019_0117_111629_segment05_05,Subject561,5,5,19,rf,2,1,new,0
Subject561_2019_0117_111629_segment06_06,Subject561,6,6,25,rf,2,1,new,0
Subject561_2019_0117_111629_segment07_07,Subject561,7,10,30,rf,2,1,new,0
Subject561_2019_0117_111629_segment08_08,Subject561,8,8,31,rf,2,1,new,0
Subject561_2019_0117_111629_segment09_09,Subject561,9,9,28,rf,2,1,new,0
Subject561_2019_0117_111629_segment10_10,Subject561,10,10,23,rf,2,1,new,0
Subject561_2019_0117_111629_segment11_11,Subject561,11,6,18,rf,2,1,new,0
Subject561_2019_0117_111629_segment12_12,Subject561,12,12,19,rf,2,1,new,0
Subject561_2019_0117_111629_segment13_13,Subject561,13,5,23,rf,2,1,new,0
Subject561_2019_0117_111629_segment14_14,Subject561,14,2,31,rf,2,1,new,0
Subject561_2019_0125_110712_segment00_00,Subject561,0,8,23,rf,2,1,new,0
Subject561_2019_0125_110712_segment01_01,Subject561,1,1,18,rf,2,1,new,0
Subject561_2019_0125_110712_segment02_02,Subject561,2,2,40,rf,2,1,new,0
Subject561_2019_0125_110712_segment03_03,Subject561,3,3,20,rf,2,1,new,0
Subject561_2019_0125_110712_segment04_04,Subject561,4,10,40,rf,2,1,new,0
Subject561_2019_0125_110712_segment05_05,Subject561,5,5,37,rf,2,1,new,0
Subject561_2019_0125_110712_segment06_06,Subject561,6,6,33,rf,2,1,new,0
Subject561_2019_0125_110712_segment07_07,Subject561,7,10,38,rf,2,1,new,0
Subject561_2019_0125_110712_segment08_08,Subject561,8,8,44,rf,2,1,new,0
Subject561_2019_0125_110712_segment09_09,Subject561,9,9,39,rf,2,1,new,0
Subject561_2019_0125_110712_segment10_10,Subject561,10,10,35,rf,2,1,new,0
Subject561_2019_0125_110712_segment11_11,Subject561,11,6,24,rf,2,1,new,0
Subject561_2019_0125_110712_segment12_12,Subject561,12,12,38,rf,2,1,new,0
Subject561_2019_0125_110712_segment13_13,Subject561,13,5,33,rf,2,1,new,0
Subject561_2019_0125_110712_segment14_14,Subject561,14,14,38,rf,2,1,new,0
Subject561_2019_0125_112503_segment00_00,Subject561,0,8,37,rf,2,1,new,0
Subject561_2019_0125_112503_segment01_01,Subject561,1,1,19,rf,2,1,new,0
Subject561_2019_0125_112503_segment02_02,Subject561,2,2,41,rf,2,1,new,0
Subject561_2019_0125_112503_segment03_03,Subject561,3,3,14,rf,2,1,new,0
Subject561_2019_0125_112503_segment04_04,Subject561,4,8,33,rf,2,1,new,0
Subject561_2019_0125_112503_segment05_05,Subject561,5,5,25,rf,2,1,new,0
Subject561_2019_0125_112503_segment06_06,Subject561,6,6,30,rf,2,1,new,0
Subject561_2019_0125_112503_segment07_07,Subject561,7,10,38,rf,2,1,new,0
Subject561_2019_0125_112503_segment08_08,Subject561,8,8,29,rf,2,1,new,0
Subject561_2019_0125_112503_segment09_09,Subject561,9,9,28,rf,2,1,new,0
Subject561_2019_0125_112503_segment10_10,Subject561,10,10,21,rf,2,1,new,0
Subject561_2019_0125_112503_segment11_11,Subject561,11,6,24,rf,2,1,new,0
Subject561_2019_0125_112503_segment12_12,Subject561,12,12,19,rf,2,1,new,0
Subject561_2019_0125_112503_segment13_13,Subject561,13,5,25,rf,2,1,new,0
Subject561_2019_0125_112503_segment14_14,Subject561,14,14,29,rf,2,1,new,0
Subject819_2019_0122_140145_segment00_00,Subject819,0,8,21,rf,2,1,new,0
Subject819_2019_0122_140145_segment01_01,Subject819,1,1,17,rf,2,1,new,0
Subject819_2019_0122_140145_segment02_02,Subject819,2,2,31,rf,2,1,new,0
Subject819_2019_0122_140145_segment04_03,Subject819,3,3,8,rf,2,1,new,0
Subject819_2019_0122_140145_segment05_04,Subject819,4,4,18,rf,2,1,new,0
Subject819_2019_0122_140145_segment06_05,Subject819,5,5,25,rf,2,1,new,0
Subject819_2019_0122_140145_segment08_06,Subject819,6,6,24,rf,2,1,new,0
Subject819_2019_0122_140145_segment09_07,Subject819,7,7,14,rf,2,1,new,0
Subject819_2019_0122_140145_segment10_08,Subject819,8,4,17,rf,2,1,new,0
Subject819_2019_0122_140145_segment11_09,Subject819,9,9,22,rf,2,1,new,0
Subject819_2019_0122_140145_segment12_10,Subject819,10,4,17,rf,2,1,new,0
Subject819_2019_0122_140145_segment13_11,Subject819,11,6,18,rf,2,1,new,0
Subject819_2019_0122_140145_segment14_12,Subject819,12,12,20,rf,2,1,new,0
Subject819_2019_0122_140145_segment15_13,Subject819,13,13,11,rf,2,1,new,0
Subject819_2019_0122_140145_segment16_14,Subject819,14,11,17,rf,2,1,new,0
Subject819_2019_0122_142123_segment00_00,Subject819,0,0,18,rf,2,1,new,0
Subject819_2019_0122_142123_segment01_01,Subject819,1,1,15,rf,2,1,new,0
Subject819_2019_0122_142123_segment02_02,Subject819,2,2,22,rf,2,1,new,0
Subject819_2019_0122_142123_segment03_03,Subject819,3,3,6,rf,2,1,new,0
Subject819_2019_0122_142123_segment04_04,Subject819,4,10,19,rf,2,1,new,0
Subject819_2019_0122_142123_segment05_05,Subject819,5,5,25,rf,2,1,new,0
Subject819_2019_0122_142123_segment06_06,Subject819,6,6,23,rf,2,1,new,0
Subject819_2019_0122_142123_segment07_07,Subject819,7,13,13,rf,2,1,new,0
Subject819_2019_0122_142123_segment08_08,Subject819,8,10,19,rf,2,1,new,0
Subject819_2019_0122_142123_segment09_09,Subject819,9,9,20,rf,2,1,new,0
Subject819_2019_0122_142123_segment10_10,Subject819,10,4,16,rf,2,1,new,0
Subject819_2019_0122_142123_segment11_11,Subject819,11,6,19,rf,2,1,new,0
Subject819_2019_0122_142123_segment12_12,Subject819,12,12,20,rf,2,1,new,0
Subject819_2019_0122_142123_segment13_13,Subject819,13,4,12,rf,2,1,new,0
Subject819_2019_0122_142123_segment14_14,Subject819,14,2,18,rf,2,1,new,0
Subject819_2019_0124_110421_segment00_00,Subject819,0,0,19,rf,2,1,new,0
Subject819_2019_0124_110421_segment01_01,Subject819,1,1,16,rf,2,1,new,0
Subject819_2019_0124_110421_segment02_02,Subject819,2,2,23,rf,2,1,new,0
Subject819_2019_0124_110421_segment03_03,Subject819,3,3,6,rf,2,1,new,0
Subject819_2019_0124_110421_segment04_04,Subject819,4,4,20,rf,2,1,new,0
Subject819_2019_0124_110421_segment05_05,Subject819,5,5,28,rf,2,1,new,0
Subject819_2019_0124_110421_segment06_06,Subject819,6,6,25,rf,2,1,new,0
Subject819_2019_0124_110421_segment07_07,Subject819,7,13,12,rf,2,1,new,0
Subject819_2019_0124_110421_segment08_08,Subject819,8,4,18,rf,2,1,new,0
Subject819_2019_0124_110421_segment09_09,Subject819,9,9,21,rf,2,1,new,0
Subject819_2019_0124_110421_segment10_10,Subject819,10,4,19,rf,2,1,new,0
Subject819_2019_0124_110421_segment11_11,Subject819,11,1,22,rf,2,1,new,0
Subject819_2019_0124_110421_segment12_12,Subject819,12,12,21,rf,2,1,new,0
Subject819_2019_0124_110421_segment13_13,Subject819,13,13,11,rf,2,1,new,0
Subject819_2019_0124_110421_segment14_14,Subject819,14,11,18,rf,2,1,new,0
Subject819_2019_0124_111847_segment00_00,Subject819,0,0,17,rf,2,1,new,0
Subject819_2019_0124_111847_segment01_01,Subject819,1,1,16,rf,2,1,new,0
Subject819_2019_0124_111847_segment02_02,Subject819,2,2,23,rf,2,1,new,0
Subject819_2019_0124_111847_segment03_03,Subject819,3,3,7,rf,2,1,new,0
Subject819_2019_0124_111847_segment04_04,Subject819,4,4,20,rf,2,1,new,0
Subject819_2019_0124_111847_segment05_05,Subject819,5,5,26,rf,2,1,new,0
Subject819_2019_0124_111847_segment06_06,Subject819,6,6,22,rf,2,1,new,0
Subject819_2019_0124_111847_segment07_07,Subject819,7,7,12,rf,2,1,new,0
Subject819_2019_0124_111847_segment08_08,Subject819,8,4,19,rf,2,1,new,0
Subject819_2019_0124_111847_segment09_09,Subject819,9,9,22,rf,2,1,new,0
Subject819_2019_0124_111847_segment10_10,Subject819,10,4,18,rf,2,1,new,0
Subject819_2019_0124_111847_segment11_11,Subject819,11,6,21,rf,2,1,new,0
Subject819_2019_0124_111847_segment12_12,Subject819,12,12,22,rf,2,1,new,0
Subject819_2019_0124_111847_segment13_13,Subject819,13,4,11,rf,2,1,new,0
Subject819_2019_0124_111847_segment14_14,Subject819,14,11,17,rf,2,1,new,0
Subject877_2019_0122_110550_segment00_00,Subject877,0,0,22,rf,2,1,new,0
Subject877_2019_0122_110550_segment01_01,Subject877,1,1,11,rf,2,1,new,0
Subject877_2019_0122_110550_segment02_02,Subject877,2,6,23,rf,2,1,new,0
Subject877_2019_0122_110550_segment03_03,Subject877,3,3,13,rf,2,1,new,0
Subject877_2019_0122_110550_segment04_04,Subject877,4,10,15,rf,2,1,new,0
Subject877_2019_0122_110550_segment05_05,Subject877,5,5,22,rf,2,1,new,0
Subject877_2019_0122_110550_segment06_06,Subject877,6,6,20,rf,2,1,new,0
Subject877_2019_0122_110550_segment07_07,Subject877,7,7,24,rf,2,1,new,0
Subject877_2019_0122_110550_segment08_08,Subject877,8,8,19,rf,2,1,new,0
Subject877_2019_0122_110550_segment09_09,Subject877,9,9,27,rf,2,1,new,0
Subject877_2019_0122_110550_segment10_10,Subject877,10,10,15,rf,2,1,new,0
Subject877_2019_0122_110550_segment11_11,Subject877,11,11,17,rf,2,1,new,0
Subject877_2019_0122_110550_segment12_12,Subject877,12,12,23,rf,2,1,new,0
Subject877_2019_0122_110550_segment13_13,Subject877,13,5,20,rf,2,1,new,0
Subject877_2019_0122_110550_segment14_14,Subject877,14,2,19,rf,2,1,new,0
Subject877_2019_0122_111932_segment00_00,Subject877,0,0,18,rf,2,1,new,0
Subject877_2019_0122_111932_segment01_01,Subject877,1,1,12,rf,2,1,new,0
Subject877_2019_0122_111932_segment02_02,Subject877,2,6,23,rf,2,1,new,0
Subject877_2019_0122_111932_segment03_03,Subject877,3,3,18,rf,2,1,new,0
Subject877_2019_0122_111932_segment04_04,Subject877,4,10,17,rf,2,1,new,0
Subject877_2019_0122_111932_segment05_05,Subject877,5,5,17,rf,2,1,new,0
Subject877_2019_0122_111932_segment06_06,Subject877,6,6,20,rf,2,1,new,0
Subject877_2019_0122_111932_segment07_07,Subject877,7,8,20,rf,2,1,new,0
Subject877_2019_0122_111932_segment08_08,Subject877,8,8,19,rf,2,1,new,0
Subject877_2019_0122_111932_segment09_09,Subject877,9,9,22,rf,2,1,new,0
Subject877_2019_0122_111932_segment10_10,Subject877,10,10,18,rf,2,1,new,0
Subject877_2019_0122_111932_segment11_11,Subject877,11,11,19,rf,2,1,new,0
Subject877_2019_0122_111932_segment12_12,Subject877,12,12,21,rf,2,1,new,0
Subject877_2019_0122_111932_segment13_13,Subject877,13,5,17,rf,2,1,new,0
Subject877_2019_0122_111932_segment14_14,Subject877,14,2,19,rf,2,1,new,0
Subject877_2019_0125_114556_segment00_00,Subject877,0,0,30,rf,2,1,new,0
Subject877_2019_0125_114556_segment01_01,Subject877,1,1,17,rf,2,1,new,0
Subject877_2019_0125_114556_segment02_02,Subject877,2,2,31,rf,2,1,new,0
Subject877_2019_0125_114556_segment03_03,Subject877,3,3,18,rf,2,1,new,0
Subject877_2019_0125_114556_segment04_04,Subject877,4,10,16,rf,2,1,new,0
Subject877_2019_0125_114556_segment05_05,Subject877,5,5,24,rf,2,1,new,0
Subject877_2019_0125_114556_segment06_06,Subject877,6,6,27,rf,2,1,new,0
Subject877_2019_0125_114556_segment07_07,Subject877,7,7,24,rf,2,1,new,0
Subject877_2019_0125_114556_segment08_08,Subject877,8,8,29,rf,2,1,new,0
Subject877_2019_0125_114556_segment09_09,Subject877,9,9,29,rf,2,1,new,0
Subject877_2019_0125_114556_segment10_10,Subject877,10,10,22,rf,2,1,new,0
Subject877_2019_0125_114556_segment11_11,Subject877,11,11,19,rf,2,1,new,0
Subject877_2019_0125_114556_segment12_12,Subject877,12,12,31,rf,2,1,new,0
Subject877_2019_0125_114556_segment13_13,Subject877,13,5,29,rf,2,1,new,0
Subject877_2019_0125_114556_segment14_14,Subject877,14,14,21,rf,2,1,new,0
Subject877_2019_0125_120055_segment00_00,Subject877,0,0,24,rf,2,1,new,0
Subject877_2019_0125_120055_segment01_01,Subject877,1,1,13,rf,2,1,new,0
Subject877_2019_0125_120055_segment02_02,Subject877,2,2,28,rf,2,1,new,0
Subject877_2019_0125_120055_segment03_03,Subject877,3,3,13,rf,2,1,new,0
Subject877_2019_0125_120055_segment04_04,Subject877,4,10,15,rf,2,1,new,0
Subject877_2019_0125_120055_segment05_05,Subject877,5,5,23,rf,2,1,new,0
Subject877_2019_0125_120055_segment06_06,Subject877,6,6,25,rf,2,1,new,0
Subject877_2019_0125_120055_segment07_07,Subject877,7,7,23,rf,2,1,new,0
Subject877_2019_0125_120055_segment08_08,Subject877,8,8,25,rf,2,1,new,0
Subject877_2019_0125_120055_segment09_09,Subject877,9,9,20,rf,2,1,new,0
Subject877_2019_0125_120055_segment10_10,Subject877,10,10,16,rf,2,1,new,0
Subject877_2019_0125_120055_segment11_11,Subject877,11,11,21,rf,2,1,new,0
Subject877_2019_0125_120055_segment12_12,Subject877,12,12,28,rf,2,1,new,0
Subject877_2019_0125_120055_segment13_13,Subject877,13,13,22,rf,2,1,new,0
Subject877_2019_0125_120055_segment14_14,Subject877,14,14,20,rf,2,1,new,0
Subject147_2019_0123_101038_segment00_00,Subject147,0,0,15,rf,2,2,recorded,0
Subject147_2019_0123_101038_segment01_01,Subject147,1,1,18,rf,2,2,recorded,0
Subject147_2019_0123_101038_segment02_02,Subject147,2,2,24,rf,2,2,recorded,0
Subject147_2019_0123_101038_segment03_03,Subject147,3,3,5,rf,2,2,recorded,0
Subject147_2019_0123_101038_segment04_03,Subject147,3,3,8,rf,2,2,recorded,0
Subject147_2019_0123_101038_segment05_04,Subject147,4,4,20,rf,2,2,recorded,0
Subject147_2019_0123_101038_segment06_05,Subject147,5,5,18,rf,2,2,recorded,0
Subject147_2019_0123_101038_segment07_06,Subject147,6,6,21,rf,2,2,recorded,0
Subject147_2019_0123_101038_segment08_07,Subject147,7,7,19,rf,2,2,recorded,0
Subject147_2019_0123_101038_segment09_08,Subject147,8,8,18,rf,2,2,recorded,0
Subject147_2019_0123_101038_segment10_09,Subject147,9,9,19,rf,2,2,recorded,0
Subject147_2019_0123_101038_segment11_10,Subject147,10,10,10,rf,2,2,recorded,0
Subject147_2019_0123_101038_segment12_11,Subject147,11,11,10,rf,2,2,recorded,0
Subject147_2019_0123_101038_segment13_12,Subject147,12,12,19,rf,2,2,recorded,0
Subject147_2019_0123_101038_segment14_13,Subject147,13,13,11,rf,2,2,recorded,0
Subject147_2019_0123_101038_segment15_14,Subject147,14,14,16,rf,2,2,recorded,0
Subject147_2019_0123_103220_segment00_00,Subject147,0,0,17,rf,2,2,recorded,0
Subject147_2019_0123_103220_segment01_01,Subject147,1,1,23,rf,2,2,recorded,0
Subject147_2019_0123_103220_segment02_02,Subject147,2,2,25,rf,2,2,recorded,0
Subject147_2019_0123_103220_segment03_03,Subject147,3,3,8,rf,2,2,recorded,0
Subject147_2019_0123_103220_segment04_04,Subject147,4,4,16,rf,2,2,recorded,0
Subject147_2019_0123_103220_segment05_05,Subject147,5,5,15,rf,2,2,recorded,0
Subject147_2019_0123_103220_segment06_06,Subject147,6,6,19,rf,2,2,recorded,0
Subject147_2019_0123_103220_segment07_07,Subject147,7,7,13,rf,2,2,recorded,0
Subject147_2019_0123_103220_segment08_08,Subject147,8,8,15,rf,2,2,recorded,0
Subject147_2019_0123_103220_segment09_09,Subject147,9,9,17,rf,2,2,recorded,0
Subject147_2019_0123_103220_segment10_10,Subject147,10,10,9,rf,2,2,recorded,0
Subject147_2019_0123_103220_segment11_11,Subject147,11,14,9,rf,2,2,recorded,0
Subject147_2019_0123_103220_segment12_12,Subject147,12,12,19,rf,2,2,recorded,0
Subject147_2019_0123_103220_segment13_13,Subject147,13,13,11,rf,2,2,recorded,0
Subject147_2019_0123_103220_segment14_14,Subject147,14,14,15,rf,2,2,recorded,0
Subject890_2019_0129_112929_segment00_00,Subject890,0,0,23,rf,2,2,recorded,0
Subject890_2019_0129_112929_segment01_01,Subject890,1,1,14,rf,2,2,recorded,0
Subject890_2019_0129_112929_segment02_02,Subject890,2,2,29,rf,2,2,recorded,0
Subject890_2019_0129_112929_segment03_03,Subject890,3,3,15,rf,2,2,recorded,0
Subject890_2019_0129_112929_segment04_04,Subject890,4,4,19,rf,2,2,recorded,0
Subject890_2019_0129_112929_segment05_05,Subject890,5,5,49,rf,2,2,recorded,0
Subject890_2019_0129_112929_segment06_06,Subject890,6,6,34,rf,2,2,recorded,0
Subject890_2019_0129_114354_segment00_07,Subject890,7,7,21,rf,2,2,recorded,0
Subject890_2019_0129_114354_segment01_08,Subject890,8,8,25,rf,2,2,recorded,0
Subject890_2019_0129_114354_segment02_09,Subject890,9,9,26,rf,2,2,recorded,0
Subject890_2019_0129_114354_segment03_10,Subject890,10,10,19,rf,2,2,recorded,0
Subject890_2019_0129_114354_segment04_11,Subject890,11,11,16,rf,2,2,recorded,0
Subject890_2019_0129_114354_segment05_12,Subject890,12,12,47,rf,2,2,recorded,0
Subject890_2019_0129_114354_segment06_13,Subject890,13,13,14,rf,2,2,recorded,0
Subject890_2019_0129_114354_segment07_14,Subject890,14,14,16,rf,2,2,recorded,0
Subject890_2019_0129_115324_segment00_00,Subject890,0,0,16,rf,2,2,recorded,0
Subject890_2019_0129_115324_segment01_01,Subject890,1,1,11,rf,2,2,recorded,0
Subject890_2019_0129_115324_segment02_02,Subject890,2,2,22,rf,2,2,recorded,0
Subject890_2019_0129_115324_segment03_03,Subject890,3,3,12,rf,2,2,recorded,0
Subject890_2019_0129_115324_segment04_04,Subject890,4,4,12,rf,2,2,recorded,0
Subject890_2019_0129_115324_segment05_05,Subject890,5,5,41,rf,2,2,recorded,0
Subject890_2019_0129_115324_segment06_06,Subject890,6,6,27,rf,2,2,recorded,0
Subject890_2019_0129_115324_segment07_07,Subject890,7,7,18,rf,2,2,recorded,0
Subject890_2019_0129_115324_segment08_08,Subject890,8,8,21,rf,2,2,recorded,0
Subject890_2019_0129_115324_segment09_09,Subject890,9,9,15,rf,2,2,recorded,0
Subject890_2019_0129_115324_segment10_10,Subject890,10,10,20,rf,2,2,recorded,0
Subject890_2019_0129_115324_segment11_11,Subject890,11,11,15,rf,2,2,recorded,0
Subject890_2019_0129_115324_segment12_12,Subject890,12,12,36,rf,2,2,recorded,0
Subject890_2019_0129_115324_segment13_13,Subject890,13,13,13,rf,2,2,recorded,0
Subject890_2019_0129_115324_segment14_14,Subject890,14,14,19,rf,2,2,recorded,0
Subject226_2019_0116_111425_segment00_00,Subject226,0,8,23,rf,2,2,new,0
Subject226_2019_0116_111425_segment01_01,Subject226,1,1,10,rf,2,2,new,0
Subject226_2019_0116_111425_segment02_02,Subject226,2,2,29,rf,2,2,new,0
Subject226_2019_0116_111425_segment03_03,Subject226,3,3,8,rf,2,2,new,0
Subject226_2019_0116_111425_segment04_04,Subject226,4,10,16,rf,2,2,new,0
Subject226_2019_0116_111425_segment05_05,Subject226,5,0,23,rf,2,2,new,0
Subject226_2019_0116_111425_segment06_06,Subject226,6,6,22,rf,2,2,new,0
Subject226_2019_0116_111425_segment07_07,Subject226,7,4,22,rf,2,2,new,0
Subject226_2019_0116_111425_segment08_08,Subject226,8,10,18,rf,2,2,new,0
Subject226_2019_0116_111425_segment09_09,Subject226,9,9,12,rf,2,2,new,0
Subject226_2019_0116_111425_segment10_10,Subject226,10,4,15,rf,2,2,new,0
Subject226_2019_0116_111425_segment11_11,Subject226,11,14,9,rf,2,2,new,0
Subject226_2019_0116_111425_segment13_12,Subject226,12,12,25,rf,2,2,new,0
Subject226_2019_0116_111425_segment14_13,Subject226,13,13,15,rf,2,2,new,0
Subject226_2019_0116_111425_segment15_14,Subject226,14,14,12,rf,2,2,new,0
Subject226_2019_0116_112900_segment00_00,Subject226,0,8,17,rf,2,2,new,0
Subject226_2019_0116_112900_segment01_01,Subject226,1,1,8,rf,2,2,new,0
Subject226_2019_0116_112900_segment02_02,Subject226,2,2,26,rf,2,2,new,0
Subject226_2019_0116_112900_segment03_03,Subject226,3,3,8,rf,2,2,new,0
Subject226_2019_0116_112900_segment04_04,Subject226,4,7,12,rf,2,2,new,0
Subject226_2019_0116_112900_segment05_05,Subject226,5,0,18,rf,2,2,new,0
Subject226_2019_0116_112900_segment06_06,Subject226,6,11,16,rf,2,2,new,0
Subject226_2019_0116_112900_segment07_07,Subject226,7,4,17,rf,2,2,new,0
Subject226_2019_0116_112900_segment08_08,Subject226,8,10,17,rf,2,2,new,0
Subject226_2019_0116_112900_segment09_09,Subject226,9,9,10,rf,2,2,new,0
Subject226_2019_0116_112900_segment10_10,Subject226,10,4,15,rf,2,2,new,0
Subject226_2019_0116_112900_segment11_11,Subject226,11,14,9,rf,2,2,new,0
Subject226_2019_0116_112900_segment12_12,Subject226,12,12,24,rf,2,2,new,0
Subject226_2019_0116_112900_segment13_13,Subject226,13,13,14,rf,2,2,new,0
Subject226_2019_0116_112900_segment14_14,Subject226,14,2,11,rf,2,2,new,0
Subject353_2019_0107_201808_segment00_00,Subject353,0,0,11,rf,2,2,new,0
Subject353_2019_0107_201808_segment01_01,Subject353,1,1,9,rf,2,2,new,0
Subject353_2019_0107_201808_segment02_02,Subject353,2,11,21,rf,2,2,new,0
Subject353_2019_0107_201808_segment03_03,Subject353,3,12,8,rf,2,2,new,0
Subject353_2019_0107_201808_segment04_04,Subject353,4,4,11,rf,2,2,new,0
Subject353_2019_0107_201808_segment05_05,Subject353,5,5,20,rf,2,2,new,0
Subject353_2019_0107_201808_segment07_06,Subject353,6,6,28,rf,2,2,new,0
Subject353_2019_0107_201808_segment08_07,Subject353,7,4,22,rf,2,2,new,0
Subject353_2019_0107_201808_segment09_08,Subject353,8,8,16,rf,2,2,new,0
Subject353_2019_0107_201808_segment10_09,Subject353,9,9,15,rf,2,2,new,0
Subject353_2019_0107_201808_segment11_10,Subject353,10,4,22,rf,2,2,new,0
Subject353_2019_0107_201808_segment12_11,Subject353,11,11,12,rf,2,2,new,0
Subject353_2019_0107_201808_segment13_12,Subject353,12,12,25,rf,2,2,new,0
Subject353_2019_0107_201808_segment14_13,Subject353,13,13,12,rf,2,2,new,0
Subject353_2019_0107_201808_segment15_14,Subject353,14,14,16,rf,2,2,new,0
Subject353_2019_0107_203456_segment00_00,Subject353,0,5,11,rf,2,2,new,0
Subject353_2019_0107_203456_segment01_01,Subject353,1,1,14,rf,2,2,new,0
Subject353_2019_0107_203456_segment02_02,Subject353,2,11,20,rf,2,2,new,0
Subject353_2019_0107_203456_segment03_03,Subject353,3,12,8,rf,2,2,new,0
Subject353_2019_0107_203456_segment04_04,Subject353,4,4,13,rf,2,2,new,0
Subject353_2019_0107_203456_segment05_05,Subject353,5,5,17,rf,2,2,new,0
Subject353_2019_0107_203456_segment06_06,Subject353,6,6,21,rf,2,2,new,0
Subject353_2019_0107_203456_segment07_07,Subject353,7,4,17,rf,2,2,new,0
Subject353_2019_0107_203456_segment08_08,Subject353,8,8,13,rf,2,2,new,0
Subject353_2019_0107_203456_segment09_09,Subject353,9,9,12,rf,2,2,new,0
Subject353_2019_0107_203456_segment10_10,Subject353,10,4,17,rf,2,2,new,0
Subject353_2019_0107_203456_segment11_11,Subject353,11,11,11,rf,2,2,new,0
Subject353_2019_0107_203456_segment12_12,Subject353,12,12,25,rf,2,2,new,0
Subject353_2019_0107_203456_segment13_13,Subject353,13,13,12,rf,2,2,new,0
Subject353_2019_0107_203456_segment14_14,Subject353,14,14,13,rf,2,2,new,0
Subject353_2019_0124_191856_segment00_00,Subject353,0,10,16,rf,2,2,new,0
Subject353_2019_0124_191856_segment01_01,Subject353,1,1,14,rf,2,2,new,0
Subject353_2019_0124_191856_segment02_02,Subject353,2,11,25,rf,2,2,new,0
Subject353_2019_0124_191856_segment03_03,Subject353,3,12,9,rf,2,2,new,0
Subject353_2019_0124_191856_segment04_04,Subject353,4,4,17,rf,2,2,new,0
Subject353_2019_0124_191856_segment05_05,Subject353,5,5,21,rf,2,2,new,0
Subject353_2019_0124_191856_segment06_06,Subject353,6,6,28,rf,2,2,new,0
Subject353_2019_0124_191856_segment07_07,Subject353,7,4,22,rf,2,2,new,0
Subject353_2019_0124_191856_segment08_08,Subject353,8,8,21,rf,2,2,new,0
Subject353_2019_0124_191856_segment09_09,Subject353,9,9,16,rf,2,2,new,0
Subject353_2019_0124_191856_segment10_10,Subject353,10,4,20,rf,2,2,new,0
Subject353_2019_0124_191856_segment11_11,Subject353,11,11,13,rf,2,2,new,0
Subject353_2019_0124_191856_segment12_12,Subject353,12,12,33,rf,2,2,new,0
Subject353_2019_0124_191856_segment13_13,Subject353,13,13,14,rf,2,2,new,0
Subject353_2019_0124_191856_segment14_14,Subject353,14,14,16,rf,2,2,new,0
Subject353_2019_0124_193722_segment00_00,Subject353,0,5,17,rf,2,2,new,0
Subject353_2019_0124_193722_segment01_01,Subject353,1,1,13,rf,2,2,new,0
Subject353_2019_0124_193722_segment02_02,Subject353,2,11,21,rf,2,2,new,0
Subject353_2019_0124_193722_segment03_03,Subject353,3,12,9,rf,2,2,new,0
Subject353_2019_0124_193722_segment04_04,Subject353,4,4,17,rf,2,2,new,0
Subject353_2019_0124_193722_segment05_05,Subject353,5,5,22,rf,2,2,new,0
Subject353_2019_0124_193722_segment06_06,Subject353,6,6,26,rf,2,2,new,0
Subject353_2019_0124_193722_segment07_07,Subject353,7,4,21,rf,2,2,new,0
Subject353_2019_0124_193722_segment08_08,Subject353,8,8,19,rf,2,2,new,0
Subject353_2019_0124_193722_segment09_09,Subject353,9,9,14,rf,2,2,new,0
Subject353_2019_0124_193722_segment10_10,Subject353,10,4,27,rf,2,2,new,0
Subject353_2019_0124_193722_segment11_11,Subject353,11,11,16,rf,2,2,new,0
Subject353_2019_0124_193722_segment12_12,Subject353,12,12,27,rf,2,2,new,0
Subject353_2019_0124_193722_segment13_13,Subject353,13,13,16,rf,2,2,new,0
Subject353_2019_0124_193722_segment14_14,Subject353,14,5,17,rf,2,2,new,0
Subject516_2019_0109_095949_segment00_00,Subject516,0,0,29,rf,2,2,new,0
Subject516_2019_0109_095949_segment01_01,Subject516,1,1,6,rf,2,2,new,0
Subject516_2019_0109_095949_segment02_02,Subject516,2,2,19,rf,2,2,new,0
Subject516_2019_0109_095949_segment03_03,Subject516,3,3,8,rf,2,2,new,0
Subject516_2019_0109_095949_segment04_04,Subject516,4,10,21,rf,2,2,new,0
Subject516_2019_0109_095949_segment05_05,Subject516,5,5,28,rf,2,2,new,0
Subject516_2019_0109_095949_segment06_06,Subject516,6,6,29,rf,2,2,new,0
Subject516_2019_0109_095949_segment07_07,Subject516,7,7,11,rf,2,2,new,0
Subject516_2019_0109_095949_segment08_08,Subject516,8,4,38,rf,2,2,new,0
Subject516_2019_0109_095949_segment09_09,Subject516,9,9,21,rf,2,2,new,0
Subject516_2019_0109_095949_segment10_10,Subject516,10,10,17,rf,2,2,new,0
Subject516_2019_0109_095949_segment11_11,Subject516,11,11,12,rf,2,2,new,0
Subject516_2019_0109_095949_segment12_12,Subject516,12,12,18,rf,2,2,new,0
Subject516_2019_0109_095949_segment13_13,Subject516,13,7,6,rf,2,2,new,0
Subject516_2019_0109_095949_segment14_14,Subject516,14,14,14,rf,2,2,new,0
Subject516_2019_0109_101116_segment00_00,Subject516,0,0,24,rf,2,2,new,0
Subject516_2019_0109_101116_segment01_01,Subject516,1,1,6,rf,2,2,new,0
Subject516_2019_0109_101116_segment02_02,Subject516,2,2,18,rf,2,2,new,0
Subject516_2019_0109_101116_segment03_03,Subject516,3,3,7,rf,2,2,new,0
Subject516_2019_0109_101116_segment04_04,Subject516,4,10,17,rf,2,2,new,0
Subject516_2019_0109_101116_segment05_05,Subject516,5,5,22,rf,2,2,new,0
Subject516_2019_0109_101116_segment06_06,Subject516,6,6,24,rf,2,2,new,0
Subject516_2019_0109_101116_segment07_07,Subject516,7,4,11,rf,2,2,new,0
Subject516_2019_0109_101116_segment08_08,Subject516,8,10,28,rf,2,2,new,0
Subject516_2019_0109_101116_segment09_09,Subject516,9,9,16,rf,2,2,new,0
Subject516_2019_0109_101116_segment10_10,Subject516,10,10,14,rf,2,2,new,0
Subject516_2019_0109_101116_segment11_11,Subject516,11,14,10,rf,2,2,new,0
Subject516_2019_0109_101116_segment12_12,Subject516,12,12,18,rf,2,2,new,0
Subject516_2019_0109_101116_segment13_13,Subject516,13,13,8,rf,2,2,new,0
Subject516_2019_0109_101116_segment14_14,Subject516,14,14,14,rf,2,2,new,0
Subject561_2019_0117_110245_segment00_00,Subject561,0,0,24,rf,2,2,new,0
Subject561_2019_0117_110245_segment01_01,Subject561,1,1,16,rf,2,2,new,0
Subject561_2019_0117_110245_segment02_02,Subject561,2,2,22,rf,2,2,new,0
Subject561_2019_0117_110245_segment03_03,Subject561,3,3,16,rf,2,2,new,0
Subject561_2019_0117_110245_segment04_04,Subject561,4,4,31,rf,2,2,new,0
Subject561_2019_0117_110245_segment05_05,Subject561,5,5,20,rf,2,2,new,0
Subject561_2019_0117_110245_segment06_06,Subject561,6,6,22,rf,2,2,new,0
Subject561_2019_0117_110245_segment07_07,Subject561,7,4,32,rf,2,2,new,0
Subject561_2019_0117_110245_segment08_08,Subject561,8,8,23,rf,2,2,new,0
Subject561_2019_0117_110245_segment09_09,Subject561,9,9,29,rf,2,2,new,0
Subject561_2019_0117_110245_segment10_10,Subject561,10,4,24,rf,2,2,new,0
Subject561_2019_0117_110245_segment11_11,Subject561,11,6,21,rf,2,2,new,0
Subject561_2019_0117_110245_segment12_12,Subject561,12,12,24,rf,2,2,new,0
Subject561_2019_0117_110245_segment13_13,Subject561,13,5,18,rf,2,2,new,0
Subject561_2019_0117_110245_segment14_14,Subject561,14,2,25,rf,2,2,new,0
Subject561_2019_0117_111629_segment00_00,Subject561,0,0,26,rf,2,2,new,0
Subject561_2019_0117_111629_segment01_01,Subject561,1,1,21,rf,2,2,new,0
Subject561_2019_0117_111629_segment02_02,Subject561,2,2,27,rf,2,2,new,0
Subject561_2019_0117_111629_segment03_03,Subject561,3,3,19,rf,2,2,new,0
Subject561_2019_0117_111629_segment04_04,Subject561,4,8,27,rf,2,2,new,0
Subject561_2019_0117_111629_segment05_05,Subject561,5,5,19,rf,2,2,new,0
Subject561_2019_0117_111629_segment06_06,Subject561,6,6,25,rf,2,2,new,0
Subject561_2019_0117_111629_segment07_07,Subject561,7,4,30,rf,2,2,new,0
Subject561_2019_0117_111629_segment08_08,Subject561,8,8,31,rf,2,2,new,0
Subject561_2019_0117_111629_segment09_09,Subject561,9,9,28,rf,2,2,new,0
Subject561_2019_0117_111629_segment10_10,Subject561,10,4,23,rf,2,2,new,0
Subject561_2019_0117_111629_segment11_11,Subject561,11,6,18,rf,2,2,new,0
Subject561_2019_0117_111629_segment12_12,Subject561,12,12,19,rf,2,2,new,0
Subject561_2019_0117_111629_segment13_13,Subject561,13,5,23,rf,2,2,new,0
Subject561_2019_0117_111629_segment14_14,Subject561,14,14,31,rf,2,2,new,0
Subject561_2019_0125_110712_segment00_00,Subject561,0,0,23,rf,2,2,new,0
Subject561_2019_0125_110712_segment01_01,Subject561,1,1,18,rf,2,2,new,0
Subject561_2019_0125_110712_segment02_02,Subject561,2,2,40,rf,2,2,new,0
Subject561_2019_0125_110712_segment03_03,Subject561,3,3,20,rf,2,2,new,0
Subject561_2019_0125_110712_segment04_04,Subject561,4,4,40,rf,2,2,new,0
Subject561_2019_0125_110712_segment05_05,Subject561,5,5,37,rf,2,2,new,0
Subject561_2019_0125_110712_segment06_06,Subject561,6,6,33,rf,2,2,new,0
Subject561_2019_0125_110712_segment07_07,Subject561,7,4,38,rf,2,2,new,0
Subject561_2019_0125_110712_segment08_08,Subject561,8,8,44,rf,2,2,new,0
Subject561_2019_0125_110712_segment09_09,Subject561,9,9,39,rf,2,2,new,0
Subject561_2019_0125_110712_segment10_10,Subject561,10,4,35,rf,2,2,new,0
Subject561_2019_0125_110712_segment11_11,Subject561,11,6,24,rf,2,2,new,0
Subject561_2019_0125_110712_segment12_12,Subject561,12,12,38,rf,2,2,new,0
Subject561_2019_0125_110712_segment13_13,Subject561,13,5,33,rf,2,2,new,0
Subject561_2019_0125_110712_segment14_14,Subject561,14,14,38,rf,2,2,new,0
Subject561_2019_0125_112503_segment00_00,Subject561,0,8,37,rf,2,2,new,0
Subject561_2019_0125_112503_segment01_01,Subject561,1,1,19,rf,2,2,new,0
Subject561_2019_0125_112503_segment02_02,Subject561,2,2,41,rf,2,2,new,0
Subject561_2019_0125_112503_segment03_03,Subject561,3,3,14,rf,2,2,new,0
Subject561_2019_0125_112503_segment04_04,Subject561,4,4,33,rf,2,2,new,0
Subject561_2019_0125_112503_segment05_05,Subject561,5,5,25,rf,2,2,new,0
Subject561_2019_0125_112503_segment06_06,Subject561,6,6,30,rf,2,2,new,0
Subject561_2019_0125_112503_segment07_07,Subject561,7,4,38,rf,2,2,new,0
Subject561_2019_0125_112503_segment08_08,Subject561,8,8,29,rf,2,2,new,0
Subject561_2019_0125_112503_segment09_09,Subject561,9,9,28,rf,2,2,new,0
Subject561_2019_0125_112503_segment10_10,Subject561,10,4,21,rf,2,2,new,0
Subject561_2019_0125_112503_segment11_11,Subject561,11,6,24,rf,2,2,new,0
Subject561_2019_0125_112503_segment12_12,Subject561,12,12,19,rf,2,2,new,0
Subject561_2019_0125_112503_segment13_13,Subject561,13,5,25,rf,2,2,new,0
Subject561_2019_0125_112503_segment14_14,Subject561,14,2,29,rf,2,2,new,0
Subject819_2019_0122_140145_segment00_00,Subject819,0,0,21,rf,2,2,new,0
Subject819_2019_0122_140145_segment01_01,Subject819,1,1,17,rf,2,2,new,0
Subject819_2019_0122_140145_segment02_02,Subject819,2,2,31,rf,2,2,new,0
Subject819_2019_0122_140145_segment04_03,Subject819,3,3,8,rf,2,2,new,0
Subject819_2019_0122_140145_segment05_04,Subject819,4,4,18,rf,2,2,new,0
Subject819_2019_0122_140145_segment06_05,Subject819,5,5,25,rf,2,2,new,0
Subject819_2019_0122_140145_segment08_06,Subject819,6,6,24,rf,2,2,new,0
Subject819_2019_0122_140145_segment09_07,Subject819,7,7,14,rf,2,2,new,0
Subject819_2019_0122_140145_segment10_08,Subject819,8,4,17,rf,2,2,new,0
Subject819_2019_0122_140145_segment11_09,Subject819,9,9,22,rf,2,2,new,0
Subject819_2019_0122_140145_segment12_10,Subject819,10,10,17,rf,2,2,new,0
Subject819_2019_0122_140145_segment13_11,Subject819,11,6,18,rf,2,2,new,0
Subject819_2019_0122_140145_segment14_12,Subject819,12,12,20,rf,2,2,new,0
Subject819_2019_0122_140145_segment15_13,Subject819,13,10,11,rf,2,2,new,0
Subject819_2019_0122_140145_segment16_14,Subject819,14,11,17,rf,2,2,new,0
Subject819_2019_0122_142123_segment00_00,Subject819,0,0,18,rf,2,2,new,0
Subject819_2019_0122_142123_segment01_01,Subject819,1,1,15,rf,2,2,new,0
Subject819_2019_0122_142123_segment02_02,Subject819,2,2,22,rf,2,2,new,0
Subject819_2019_0122_142123_segment03_03,Subject819,3,12,6,rf,2,2,new,0
Subject819_2019_0122_142123_segment04_04,Subject819,4,10,19,rf,2,2,new,0
Subject819_2019_0122_142123_segment05_05,Subject819,5,5,25,rf,2,2,new,0
Subject819_2019_0122_142123_segment06_06,Subject819,6,6,23,rf,2,2,new,0
Subject819_2019_0122_142123_segment07_07,Subject819,7,7,13,rf,2,2,new,0
Subject819_2019_0122_142123_segment08_08,Subject819,8,4,19,rf,2,2,new,0
Subject819_2019_0122_142123_segment09_09,Subject819,9,9,20,rf,2,2,new,0
Subject819_2019_0122_142123_segment10_10,Subject819,10,4,16,rf,2,2,new,0
Subject819_2019_0122_142123_segment11_11,Subject819,11,6,19,rf,2,2,new,0
Subject819_2019_0122_142123_segment12_12,Subject819,12,12,20,rf,2,2,new,0
Subject819_2019_0122_142123_segment13_13,Subject819,13,5,12,rf,2,2,new,0
Subject819_2019_0122_142123_segment14_14,Subject819,14,11,18,rf,2,2,new,0
Subject819_2019_0124_110421_segment00_00,Subject819,0,0,19,rf,2,2,new,0
Subject819_2019_0124_110421_segment01_01,Subject819,1,1,16,rf,2,2,new,0
Subject819_2019_0124_110421_segment02_02,Subject819,2,2,23,rf,2,2,new,0
Subject819_2019_0124_110421_segment03_03,Subject819,3,3,6,rf,2,2,new,0
Subject819_2019_0124_110421_segment04_04,Subject819,4,4,20,rf,2,2,new,0
Subject819_2019_0124_110421_segment05_05,Subject819,5,5,28,rf,2,2,new,0
Subject819_2019_0124_110421_segment06_06,Subject819,6,6,25,rf,2,2,new,0
Subject819_2019_0124_110421_segment07_07,Subject819,7,7,12,rf,2,2,new,0
Subject819_2019_0124_110421_segment08_08,Subject819,8,10,18,rf,2,2,new,0
Subject819_2019_0124_110421_segment09_09,Subject819,9,9,21,rf,2,2,new,0
Subject819_2019_0124_110421_segment10_10,Subject819,10,4,19,rf,2,2,new,0
Subject819_2019_0124_110421_segment11_11,Subject819,11,6,22,rf,2,2,new,0
Subject819_2019_0124_110421_segment12_12,Subject819,12,12,21,rf,2,2,new,0
Subject819_2019_0124_110421_segment13_13,Subject819,13,10,11,rf,2,2,new,0
Subject819_2019_0124_110421_segment14_14,Subject819,14,11,18,rf,2,2,new,0
Subject819_2019_0124_111847_segment00_00,Subject819,0,0,17,rf,2,2,new,0
Subject819_2019_0124_111847_segment01_01,Subject819,1,1,16,rf,2,2,new,0
Subject819_2019_0124_111847_segment02_02,Subject819,2,2,23,rf,2,2,new,0
Subject819_2019_0124_111847_segment03_03,Subject819,3,12,7,rf,2,2,new,0
Subject819_2019_0124_111847_segment04_04,Subject819,4,4,20,rf,2,2,new,0
Subject819_2019_0124_111847_segment05_05,Subject819,5,5,26,rf,2,2,new,0
Subject819_2019_0124_111847_segment06_06,Subject819,6,6,22,rf,2,2,new,0
Subject819_2019_0124_111847_segment07_07,Subject819,7,7,12,rf,2,2,new,0
Subject819_2019_0124_111847_segment08_08,Subject819,8,4,19,rf,2,2,new,0
Subject819_2019_0124_111847_segment09_09,Subject819,9,9,22,rf,2,2,new,0
Subject819_2019_0124_111847_segment10_10,Subject819,10,4,18,rf,2,2,new,0
Subject819_2019_0124_111847_segment11_11,Subject819,11,6,21,rf,2,2,new,0
Subject819_2019_0124_111847_segment12_12,Subject819,12,12,22,rf,2,2,new,0
Subject819_2019_0124_111847_segment13_13,Subject819,13,10,11,rf,2,2,new,0
Subject819_2019_0124_111847_segment14_14,Subject819,14,11,17,rf,2,2,new,0
Subject877_2019_0122_110550_segment00_00,Subject877,0,0,22,rf,2,2,new,0
Subject877_2019_0122_110550_segment01_01,Subject877,1,1,11,rf,2,2,new,0
Subject877_2019_0122_110550_segment02_02,Subject877,2,6,23,rf,2,2,new,0
Subject877_2019_0122_110550_segment03_03,Subject877,3,3,13,rf,2,2,new,0
Subject877_2019_0122_110550_segment04_04,Subject877,4,4,15,rf,2,2,new,0
Subject877_2019_0122_110550_segment05_05,Subject877,5,5,22,rf,2,2,new,0
Subject877_2019_0122_110550_segment06_06,Subject877,6,6,20,rf,2,2,new,0
Subject877_2019_0122_110550_segment07_07,Subject877,7,4,24,rf,2,2,new,0
Subject877_2019_0122_110550_segment08_08,Subject877,8,8,19,rf,2,2,new,0
Subject877_2019_0122_110550_segment09_09,Subject877,9,9,27,rf,2,2,new,0
Subject877_2019_0122_110550_segment10_10,Subject877,10,4,15,rf,2,2,new,0
Subject877_2019_0122_110550_segment11_11,Subject877,11,11,17,rf,2,2,new,0
Subject877_2019_0122_110550_segment12_12,Subject877,12,12,23,rf,2,2,new,0
Subject877_2019_0122_110550_segment13_13,Subject877,13,13,20,rf,2,2,new,0
Subject877_2019_0122_110550_segment14_14,Subject877,14,2,19,rf,2,2,new,0
Subject877_2019_0122_111932_segment00_00,Subject877,0,0,18,rf,2,2,new,0
Subject877_2019_0122_111932_segment01_01,Subject877,1,1,12,rf,2,2,new,0
Subject877_2019_0122_111932_segment02_02,Subject877,2,6,23,rf,2,2,new,0
Subject877_2019_0122_111932_segment03_03,Subject877,3,3,18,rf,2,2,new,0
Subject877_2019_0122_111932_segment04_04,Subject877,4,4,17,rf,2,2,new,0
Subject877_2019_0122_111932_segment05_05,Subject877,5,5,17,rf,2,2,new,0
Subject877_2019_0122_111932_segment06_06,Subject877,6,6,20,rf,2,2,new,0
Subject877_2019_0122_111932_segment07_07,Subject877,7,4,20,rf,2,2,new,0
Subject877_2019_0122_111932_segment08_08,Subject877,8,8,19,rf,2,2,new,0
Subject877_2019_0122_111932_segment09_09,Subject877,9,9,22,rf,2,2,new,0
Subject877_2019_0122_111932_segment10_10,Subject877,10,4,18,rf,2,2,new,0
Subject877_2019_0122_111932_segment11_11,Subject877,11,11,19,rf,2,2,new,0
Subject877_2019_0122_111932_segment12_12,Subject877,12,12,21,rf,2,2,new,0
Subject877_2019_0122_111932_segment13_13,Subject877,13,5,17,rf,2,2,new,0
Subject877_2019_0122_111932_segment14_14,Subject877,14,2,19,rf,2,2,new,0
Subject877_2019_0125_114556_segment00_00,Subject877,0,0,30,rf,2,2,new,0
Subject877_2019_0125_114556_segment01_01,Subject877,1,1,17,rf,2,2,new,0
Subject877_2019_0125_114556_segment02_02,Subject877,2,2,31,rf,2,2,new,0
Subject877_2019_0125_114556_segment03_03,Subject877,3,3,18,rf,2,2,new,0
Subject877_2019_0125_114556_segment04_04,Subject877,4,4,16,rf,2,2,new,0
Subject877_2019_0125_114556_segment05_05,Subject877,5,5,24,rf,2,2,new,0
Subject877_2019_0125_114556_segment06_06,Subject877,6,6,27,rf,2,2,new,0
Subject877_2019_0125_114556_segment07_07,Subject877,7,10,24,rf,2,2,new,0
Subject877_2019_0125_114556_segment08_08,Subject877,8,8,29,rf,2,2,new,0
Subject877_2019_0125_114556_segment09_09,Subject877,9,9,29,rf,2,2,new,0
Subject877_2019_0125_114556_segment10_10,Subject877,10,4,22,rf,2,2,new,0
Subject877_2019_0125_114556_segment11_11,Subject877,11,11,19,rf,2,2,new,0
Subject877_2019_0125_114556_segment12_12,Subject877,12,12,31,rf,2,2,new,0
Subject877_2019_0125_114556_segment13_13,Subject877,13,13,29,rf,2,2,new,0
Subject877_2019_0125_114556_segment14_14,Subject877,14,14,21,rf,2,2,new,0
Subject877_2019_0125_120055_segment00_00,Subject877,0,0,24,rf,2,2,new,0
Subject877_2019_0125_120055_segment01_01,Subject877,1,1,13,rf,2,2,new,0
Subject877_2019_0125_120055_segment02_02,Subject877,2,2,28,rf,2,2,new,0
Subject877_2019_0125_120055_segment03_03,Subject877,3,12,13,rf,2,2,new,0
Subject877_2019_0125_120055_segment04_04,Subject877,4,4,15,rf,2,2,new,0
Subject877_2019_0125_120055_segment05_05,Subject877,5,5,23,rf,2,2,new,0
Subject877_2019_0125_120055_segment06_06,Subject877,6,6,25,rf,2,2,new,0
Subject877_2019_0125_120055_segment07_07,Subject877,7,7,23,rf,2,2,new,0
Subject877_2019_0125_120055_segment08_08,Subject877,8,8,25,rf,2,2,new,0
Subject877_2019_0125_120055_segment09_09,Subject877,9,9,20,rf,2,2,new,0
Subject877_2019_0125_120055_segment10_10,Subject877,10,4,16,rf,2,2,new,0
Subject877_2019_0125_120055_segment11_11,Subject877,11,11,21,rf,2,2,new,0
Subject877_2019_0125_120055_segment12_12,Subject877,12,12,28,rf,2,2,new,0
Subject877_2019_0125_120055_segment13_13,Subject877,13,13,22,rf,2,2,new,0
Subject877_2019_0125_120055_segment14_14,Subject877,14,14,20,rf,2,2,new,0
Subject139_2019_0121_105610_segment00_00,Subject139,0,0,18,rf,17,1,recorded,0
Subject139_2019_0121_105610_segment01_01,Subject139,1,1,23,rf,17,1,recorded,0
Subject139_2019_0121_105610_segment02_02,Subject139,2,2,21,rf,17,1,recorded,0
Subject139_2019_0121_105610_segment03_03,Subject139,3,3,6,rf,17,1,recorded,0
Subject139_2019_0121_105610_segment04_04,Subject139,4,4,20,rf,17,1,recorded,0
Subject139_2019_0121_105610_segment05_05,Subject139,5,5,23,rf,17,1,recorded,0
Subject139_2019_0121_105610_segment06_06,Subject139,6,6,17,rf,17,1,recorded,0
Subject139_2019_0121_105610_segment07_07,Subject139,7,7,13,rf,17,1,recorded,0
Subject139_2019_0121_105610_segment08_08,Subject139,8,8,18,rf,17,1,recorded,0
Subject139_2019_0121_105610_segment09_09,Subject139,9,9,19,rf,17,1,recorded,0
Subject139_2019_0121_105610_segment10_10,Subject139,10,10,18,rf,17,1,recorded,0
Subject139_2019_0121_105610_segment11_11,Subject139,11,11,15,rf,17,1,recorded,0
Subject139_2019_0121_105610_segment12_12,Subject139,12,12,21,rf,17,1,recorded,0
Subject139_2019_0121_105610_segment13_13,Subject139,13,13,11,rf,17,1,recorded,0
Subject139_2019_0121_105610_segment14_14,Subject139,14,14,16,rf,17,1,recorded,0
Subject139_2019_0121_111009_segment00_00,Subject139,0,0,19,rf,17,1,recorded,0
Subject139_2019_0121_111009_segment01_01,Subject139,1,1,23,rf,17,1,recorded,0
Subject139_2019_0121_111009_segment02_02,Subject139,2,2,23,rf,17,1,recorded,0
Subject139_2019_0121_111009_segment03_03,Subject139,3,3,7,rf,17,1,recorded,0
Subject139_2019_0121_111009_segment04_04,Subject139,4,4,24,rf,17,1,recorded,0
Subject139_2019_0121_111009_segment05_05,Subject139,5,5,27,rf,17,1,recorded,0
Subject139_2019_0121_111009_segment06_06,Subject139,6,6,20,rf,17,1,recorded,0
Subject139_2019_0121_111009_segment07_07,Subject139,7,7,17,rf,17,1,recorded,0
Subject139_2019_0121_111009_segment08_08,Subject139,8,8,21,rf,17,1,recorded,0
Subject139_2019_0121_111009_segment09_09,Subject139,9,9,22,rf,17,1,recorded,0
Subject139_2019_0121_111009_segment10_10,Subject139,10,10,22,rf,17,1,recorded,0
Subject139_2019_0121_111009_segment11_11,Subject139,11,11,18,rf,17,1,recorded,0
Subject139_2019_0121_111009_segment12_12,Subject139,12,12,22,rf,17,1,recorded,0
Subject139_2019_0121_111009_segment13_13,Subject139,13,7,13,rf,17,1,recorded,0
Subject139_2019_0121_111009_segment14_14,Subject139,14,14,17,rf,17,1,recorded,0
Subject139_2019_0128_110603_segment00_00,Subject139,0,0,15,rf,17,1,recorded,0
Subject139_2019_0128_110603_segment01_01,Subject139,1,1,16,rf,17,1,recorded,0
Subject139_2019_0128_110603_segment02_02,Subject139,2,2,18,rf,17,1,recorded,0
Subject139_2019_0128_110603_segment03_03,Subject139,3,3,6,rf,17,1,recorded,0
Subject139_2019_0128_110603_segment04_04,Subject139,4,4,17,rf,17,1,recorded,0
Subject139_2019_0128_110603_segment05_05,Subject139,5,5,25,rf,17,1,recorded,0
Subject139_2019_0128_110603_segment06_06,Subject139,6,6,16,rf,17,1,recorded,0
Subject139_2019_0128_110603_segment07_07,Subject139,7,7,14,rf,17,1,recorded,0
Subject139_2019_0128_110603_segment08_08,Subject139,8,8,19,rf,17,1,recorded,0
Subject139_2019_0128_110603_segment09_09,Subject139,9,9,18,rf,17,1,recorded,0
Subject139_2019_0128_110603_segment10_10,Subject139,10,10,19,rf,17,1,recorded,0
Subject139_2019_0128_110603_segment11_11,Subject139,11,11,15,rf,17,1,recorded,0
Subject139_2019_0128_110603_segment12_12,Subject139,12,12,20,rf,17,1,recorded,0
Subject139_2019_0128_110603_segment13_13,Subject139,13,7,11,rf,17,1,recorded,0
Subject139_2019_0128_110603_segment14_14,Subject139,14,14,14,rf,17,1,recorded,0
Subject139_2019_0128_112001_segment00_00,Subject139,0,0,18,rf,17,1,recorded,0
Subject139_2019_0128_112001_segment01_01,Subject139,1,1,19,rf,17,1,recorded,0
Subject139_2019_0128_112001_segment02_02,Subject139,2,2,20,rf,17,1,recorded,0
Subject139_2019_0128_112001_segment03_03,Subject139,3,3,7,rf,17,1,recorded,0
Subject139_2019_0128_112001_segment04_04,Subject139,4,4,19,rf,17,1,recorded,0
Subject139_2019_0128_112001_segment05_05,Subject139,5,5,25,rf,17,1,recorded,0
Subject139_2019_0128_112001_segment06_06,Subject139,6,6,16,rf,17,1,recorded,0
Subject139_2019_0128_112001_segment07_07,Subject139,7,7,13,rf,17,1,recorded,0
Subject139_2019_0128_112001_segment08_08,Subject139,8,8,17,rf,17,1,recorded,0
Subject139_2019_0128_112001_segment09_09,Subject139,9,9,18,rf,17,1,recorded,0
Subject139_2019_0128_112001_segment10_10,Subject139,10,10,18,rf,17,1,recorded,0
Subject139_2019_0128_112001_segment11_11,Subject139,11,11,13,rf,17,1,recorded,0
Subject139_2019_0128_112001_segment12_12,Subject139,12,12,20,rf,17,1,recorded,0
Subject139_2019_0128_112001_segment13_13,Subject139,13,13,12,rf,17,1,recorded,0
Subject139_2019_0128_112001_segment14_14,Subject139,14,14,15,rf,17,1,recorded,0
Subject147_2019_0123_101038_segment00_00,Subject147,0,0,15,rf,17,1,recorded,0
Subject147_2019_0123_101038_segment01_01,Subject147,1,1,18,rf,17,1,recorded,0
Subject147_2019_0123_101038_segment02_02,Subject147,2,2,24,rf,17,1,recorded,0
Subject147_2019_0123_101038_segment03_03,Subject147,3,3,5,rf,17,1,recorded,0
Subject147_2019_0123_101038_segment04_03,Subject147,3,3,8,rf,17,1,recorded,0
Subject147_2019_0123_101038_segment05_04,Subject147,4,10,20,rf,17,1,recorded,0
Subject147_2019_0123_101038_segment06_05,Subject147,5,5,18,rf,17,1,recorded,0
Subject147_2019_0123_101038_segment07_06,Subject147,6,6,21,rf,17,1,recorded,0
Subject147_2019_0123_101038_segment08_07,Subject147,7,7,19,rf,17,1,recorded,0
Subject147_2019_0123_101038_segment09_08,Subject147,8,8,18,rf,17,1,recorded,0
Subject147_2019_0123_101038_segment10_09,Subject147,9,9,19,rf,17,1,recorded,0
Subject147_2019_0123_101038_segment11_10,Subject147,10,10,10,rf,17,1,recorded,0
Subject147_2019_0123_101038_segment12_11,Subject147,11,11,10,rf,17,1,recorded,0
Subject147_2019_0123_101038_segment13_12,Subject147,12,12,19,rf,17,1,recorded,0
Subject147_2019_0123_101038_segment14_13,Subject147,13,13,11,rf,17,1,recorded,0
Subject147_2019_0123_101038_segment15_14,Subject147,14,14,16,rf,17,1,recorded,0
Subject147_2019_0123_103220_segment00_00,Subject147,0,0,17,rf,17,1,recorded,0
Subject147_2019_0123_103220_segment01_01,Subject147,1,1,23,rf,17,1,recorded,0
Subject147_2019_0123_103220_segment02_02,Subject147,2,2,25,rf,17,1,recorded,0
Subject147_2019_0123_103220_segment03_03,Subject147,3,3,8,rf,17,1,recorded,0
Subject147_2019_0123_103220_segment04_04,Subject147,4,10,16,rf,17,1,recorded,0
Subject147_2019_0123_103220_segment05_05,Subject147,5,5,15,rf,17,1,recorded,0
Subject147_2019_0123_103220_segment06_06,Subject147,6,6,19,rf,17,1,recorded,0
Subject147_2019_0123_103220_segment07_07,Subject147,7,7,13,rf,17,1,recorded,0
Subject147_2019_0123_103220_segment08_08,Subject147,8,8,15,rf,17,1,recorded,0
Subject147_2019_0123_103220_segment09_09,Subject147,9,9,17,rf,17,1,recorded,0
Subject147_2019_0123_103220_segment10_10,Subject147,10,7,9,rf,17,1,recorded,0
Subject147_2019_0123_103220_segment11_11,Subject147,11,11,9,rf,17,1,recorded,0
Subject147_2019_0123_103220_segment12_12,Subject147,12,12,19,rf,17,1,recorded,0
Subject147_2019_0123_103220_segment13_13,Subject147,13,13,11,rf,17,1,recorded,0
Subject147_2019_0123_103220_segment14_14,Subject147,14,14,15,rf,17,1,recorded,0
Subject352_2019_0114_153119_segment00_00,Subject352,0,0,31,rf,17,1,recorded,0
Subject352_2019_0114_153119_segment01_01,Subject352,1,1,26,rf,17,1,recorded,0
Subject352_2019_0114_153119_segment02_02,Subject352,2,0,28,rf,17,1,recorded,0
Subject352_2019_0114_153119_segment03_03,Subject352,3,3,9,rf,17,1,recorded,0
Subject352_2019_0114_153119_segment04_04,Subject352,4,4,30,rf,17,1,recorded,0
Subject352_2019_0114_153119_segment05_05,Subject352,5,5,30,rf,17,1,recorded,0
Subject352_2019_0114_153119_segment06_06,Subject352,6,6,27,rf,17,1,recorded,0
Subject352_2019_0114_153119_segment07_07,Subject352,7,7,17,rf,17,1,recorded,0
Subject352_2019_0114_153119_segment08_08,Subject352,8,8,36,rf,17,1,recorded,0
Subject352_2019_0114_153119_segment09_09,Subject352,9,9,29,rf,17,1,recorded,0
Subject352_2019_0114_153119_segment10_10,Subject352,10,10,22,rf,17,1,recorded,0
Subject352_2019_0114_153119_segment11_11,Subject352,11,11,24,rf,17,1,recorded,0
Subject352_2019_0114_153119_segment12_12,Subject352,12,12,28,rf,17,1,recorded,0
Subject352_2019_0114_153119_segment13_13,Subject352,13,13,17,rf,17,1,recorded,0
Subject352_2019_0114_153119_segment14_14,Subject352,14,14,20,rf,17,1,recorded,0
Subject352_2019_0114_154611_segment00_00,Subject352,0,0,26,rf,17,1,recorded,0
Subject352_2019_0114_154611_segment01_01,Subject352,1,1,24,rf,17,1,recorded,0
Subject352_2019_0114_154611_segment02_02,Subject352,2,0,27,rf,17,1,recorded,0
Subject352_2019_0114_154611_segment03_03,Subject352,3,3,9,rf,17,1,recorded,0
Subject352_2019_0114_154611_segment04_04,Subject352,4,4,30,rf,17,1,recorded,0
Subject352_2019_0114_154611_segment05_05,Subject352,5,5,25,rf,17,1,recorded,0
Subject352_2019_0114_154611_segment06_06,Subject352,6,6,26,rf,17,1,recorded,0
Subject352_2019_0114_154611_segment07_07,Subject352,7,7,16,rf,17,1,recorded,0
Subject352_2019_0114_154611_segment08_08,Subject352,8,8,29,rf,17,1,recorded,0
Subject352_2019_0114_154611_segment09_09,Subject352,9,9,25,rf,17,1,recorded,0
Subject352_2019_0114_154611_segment10_10,Subject352,10,10,22,rf,17,1,recorded,0
Subject352_2019_0114_154611_segment11_11,Subject352,11,11,25,rf,17,1,recorded,0
Subject352_2019_0114_154611_segment13_12,Subject352,12,12,26,rf,17,1,recorded,0
Subject352_2019_0114_154611_segment14_13,Subject352,13,13,16,rf,17,1,recorded,0
Subject352_2019_0114_154611_segment15_14,Subject352,14,14,19,rf,17,1,recorded,0
Subject354_2019_0110_150141_segment00_00,Subject354,0,0,11,rf,17,1,recorded,0
Subject354_2019_0110_150141_segment01_01,Subject354,1,1,10,rf,17,1,recorded,0
Subject354_2019_0110_150141_segment02_02,Subject354,2,2,27,rf,17,1,recorded,0
Subject354_2019_0110_150141_segment03_03,Subject354,3,3,8,rf,17,1,recorded,0
Subject354_2019_0110_150141_segment04_04,Subject354,4,4,14,rf,17,1,recorded,0
Subject354_2019_0110_150141_segment05_05,Subject354,5,5,18,rf,17,1,recorded,0
Subject354_2019_0110_150141_segment06_06,Subject354,6,6,17,rf,17,1,recorded,0
Subject354_2019_0110_150141_segment07_08,Subject354,8,8,17,rf,17,1,recorded,0
Subject354_2019_0110_150141_segment08_07,Subject354,7,7,17,rf,17,1,recorded,0
Subject354_2019_0110_150141_segment09_09,Subject354,9,9,13,rf,17,1,recorded,0
Subject354_2019_0110_150141_segment10_10,Subject354,10,10,11,rf,17,1,recorded,0
Subject354_2019_0110_150141_segment11_11,Subject354,11,11,13,rf,17,1,recorded,0
Subject354_2019_0110_150141_segment12_12,Subject354,12,12,31,rf,17,1,recorded,0
Subject354_2019_0110_150141_segment13_13,Subject354,13,13,10,rf,17,1,recorded,0
Subject354_2019_0110_150141_segment14_14,Subject354,14,14,16,rf,17,1,recorded,0
Subject354_2019_0110_151256_segment00_00,Subject354,0,0,13,rf,17,1,recorded,0
Subject354_2019_0110_151256_segment01_01,Subject354,1,1,11,rf,17,1,recorded,0
Subject354_2019_0110_151256_segment02_02,Subject354,2,2,26,rf,17,1,recorded,0
Subject354_2019_0110_151256_segment03_03,Subject354,3,3,8,rf,17,1,recorded,0
Subject354_2019_0110_151256_segment04_04,Subject354,4,4,14,rf,17,1,recorded,0
Subject354_2019_0110_151256_segment05_05,Subject354,5,5,17,rf,17,1,recorded,0
Subject354_2019_0110_151256_segment06_06,Subject354,6,6,17,rf,17,1,recorded,0
Subject354_2019_0110_151256_segment07_07,Subject354,7,7,16,rf,17,1,recorded,0
Subject354_2019_0110_151256_segment08_08,Subject354,8,8,16,rf,17,1,recorded,0
Subject354_2019_0110_151256_segment09_09,Subject354,9,9,12,rf,17,1,recorded,0
Subject354_2019_0110_151256_segment10_10,Subject354,10,10,12,rf,17,1,recorded,0
Subject354_2019_0110_151256_segment11_11,Subject354,11,11,13,rf,17,1,recorded,0
Subject354_2019_0110_151256_segment12_12,Subject354,12,12,30,rf,17,1,recorded,0
Subject354_2019_0110_151256_segment13_13,Subject354,13,13,11,rf,17,1,recorded,0
Subject354_2019_0110_151256_segment14_14,Subject354,14,14,14,rf,17,1,recorded,0
Subject354_2019_0114_162305_segment00_00,Subject354,0,0,13,rf,17,1,recorded,0
Subject354_2019_0114_162305_segment01_01,Subject354,1,1,11,rf,17,1,recorded,0
Subject354_2019_0114_162305_segment02_02,Subject354,2,2,26,rf,17,1,recorded,0
Subject354_2019_0114_162305_segment03_03,Subject354,3,3,8,rf,17,1,recorded,0
Subject354_2019_0114_162305_segment04_04,Subject354,4,10,14,rf,17,1,recorded,0
Subject354_2019_0114_162305_segment05_05,Subject354,5,5,15,rf,17,1,recorded,0
Subject354_2019_0114_162305_segment06_06,Subject354,6,6,18,rf,17,1,recorded,0
Subject354_2019_0114_162305_segment07_07,Subject354,7,7,16,rf,17,1,recorded,0
Subject354_2019_0114_162305_segment08_08,Subject354,8,8,17,rf,17,1,recorded,0
Subject354_2019_0114_162305_segment09_09,Subject354,9,9,12,rf,17,1,recorded,0
Subject354_2019_0114_162305_segment10_10,Subject354,10,10,12,rf,17,1,recorded,0
Subject354_2019_0114_162305_segment11_11,Subject354,11,11,12,rf,17,1,recorded,0
Subject354_2019_0114_162305_segment12_12,Subject354,12,12,31,rf,17,1,recorded,0
Subject354_2019_0114_162305_segment13_13,Subject354,13,13,11,rf,17,1,recorded,0
Subject354_2019_0114_162305_segment14_14,Subject354,14,14,15,rf,17,1,recorded,0
Subject354_2019_0114_163319_segment00_00,Subject354,0,5,12,rf,17,1,recorded,0
Subject354_2019_0114_163319_segment01_01,Subject354,1,1,10,rf,17,1,recorded,0
Subject354_2019_0114_163319_segment02_02,Subject354,2,2,25,rf,17,1,recorded,0
Subject354_2019_0114_163319_segment03_03,Subject354,3,3,7,rf,17,1,recorded,0
Subject354_2019_0114_163319_segment04_04,Subject354,4,10,11,rf,17,1,recorded,0
Subject354_2019_0114_163319_segment05_05,Subject354,5,5,14,rf,17,1,recorded,0
Subject354_2019_0114_163319_segment06_06,Subject354,6,6,16,rf,17,1,recorded,0
Subject354_2019_0114_163319_segment07_07,Subject354,7,7,14,rf,17,1,recorded,0
Subject354_2019_0114_163319_segment08_08,Subject354,8,8,14,rf,17,1,recorded,0
Subject354_2019_0114_163319_segment09_09,Subject354,9,9,12,rf,17,1,recorded,0
Subject354_2019_0114_163319_segment10_10,Subject354,10,10,12,rf,17,1,recorded,0
Subject354_2019_0114_163319_segment11_11,Subject354,11,11,13,rf,17,1,recorded,0
Subject354_2019_0114_163319_segment12_12,Subject354,12,12,31,rf,17,1,recorded,0
Subject354_2019_0114_163319_segment13_13,Subject354,13,13,12,rf,17,1,recorded,0
Subject354_2019_0114_163319_segment14_14,Subject354,14,14,20,rf,17,1,recorded,0
Subject376_2019_0114_173333_segment00_00,Subject376,0,0,13,rf,17,1,recorded,0
Subject376_2019_0114_173333_segment01_01,Subject376,1,1,7,rf,17,1,recorded,0
Subject376_2019_0114_173333_segment02_02,Subject376,2,11,16,rf,17,1,recorded,0
Subject376_2019_0114_173333_segment03_03,Subject376,3,3,8,rf,17,1,recorded,0
Subject376_2019_0114_173333_segment04_04,Subject376,4,4,7,rf,17,1,recorded,0
Subject376_2019_0114_173333_segment05_05,Subject376,5,5,16,rf,17,1,recorded,0
Subject376_2019_0114_173333_segment06_06,Subject376,6,6,18,rf,17,1,recorded,0
Subject376_2019_0114_173333_segment07_07,Subject376,7,7,12,rf,17,1,recorded,0
Subject376_2019_0114_173333_segment08_08,Subject376,8,8,16,rf,17,1,recorded,0
Subject376_2019_0114_173333_segment09_09,Subject376,9,9,14,rf,17,1,recorded,0
Subject376_2019_0114_173333_segment10_10,Subject376,10,4,11,rf,17,1,recorded,0
Subject376_2019_0114_173333_segment11_11,Subject376,11,6,11,rf,17,1,recorded,0
Subject376_2019_0114_173333_segment12_12,Subject376,12,12,32,rf,17,1,recorded,0
Subject376_2019_0114_173333_segment13_13,Subject376,13,13,9,rf,17,1,recorded,0
Subject376_2019_0114_173333_segment14_14,Subject376,14,14,9,rf,17,1,recorded,0
Subject376_2019_0114_174255_segment00_00,Subject376,0,0,11,rf,17,1,recorded,0
Subject376_2019_0114_174255_segment01_01,Subject376,1,1,11,rf,17,1,recorded,0
Subject376_2019_0114_174255_segment02_02,Subject376,2,2,17,rf,17,1,recorded,0
Subject376_2019_0114_174255_segment03_03,Subject376,3,3,8,rf,17,1,recorded,0
Subject376_2019_0114_174255_segment04_04,Subject376,4,4,12,rf,17,1,recorded,0
Subject376_2019_0114_174255_segment05_05,Subject376,5,5,15,rf,17,1,recorded,0
Subject376_2019_0114_174255_segment06_06,Subject376,6,6,14,rf,17,1,recorded,0
Subject376_2019_0114_174255_segment07_07,Subject376,7,7,10,rf,17,1,recorded,0
Subject376_2019_0114_174255_segment08_08,Subject376,8,8,14,rf,17,1,recorded,0
Subject376_2019_0114_174255_segment09_09,Subject376,9,9,13,rf,17,1,recorded,0
Subject376_2019_0114_174255_segment10_10,Subject376,10,7,11,rf,17,1,recorded,0
Subject376_2019_0114_174255_segment11_11,Subject376,11,6,10,rf,17,1,recorded,0
Subject376_2019_0114_174255_segment12_12,Subject376,12,12,31,rf,17,1,recorded,0
Subject376_2019_0114_174255_segment13_13,Subject376,13,13,10,rf,17,1,recorded,0
Subject376_2019_0114_174255_segment14_14,Subject376,14,14,10,rf,17,1,recorded,0
Subject376_2019_0117_160604_segment00_00,Subject376,0,0,18,rf,17,1,recorded,0
Subject376_2019_0117_160604_segment01_01,Subject376,1,1,9,rf,17,1,recorded,0
Subject376_2019_0117_160604_segment02_02,Subject376,2,2,19,rf,17,1,recorded,0
Subject376_2019_0117_160604_segment03_03,Subject376,3,3,8,rf,17,1,recorded,0
Subject376_2019_0117_160604_segment04_04,Subject376,4,4,10,rf,17,1,recorded,0
Subject376_2019_0117_160604_segment05_05,Subject376,5,5,15,rf,17,1,recorded,0
Subject376_2019_0117_160604_segment06_06,Subject376,6,6,15,rf,17,1,recorded,0
Subject376_2019_0117_160604_segment07_07,Subject376,7,7,10,rf,17,1,recorded,0
Subject376_2019_0117_160604_segment08_08,Subject376,8,8,15,rf,17,1,recorded,0
Subject376_2019_0117_160604_segment09_09,Subject376,9,9,12,rf,17,1,recorded,0
Subject376_2019_0117_160604_segment10_10,Subject376,10,10,8,rf,17,1,recorded,0
Subject376_2019_0117_160604_segment11_11,Subject376,11,11,10,rf,17,1,recorded,0
Subject376_2019_0117_160604_segment12_12,Subject376,12,12,33,rf,17,1,recorded,0
Subject376_2019_0117_160604_segment13_13,Subject376,13,13,9,rf,17,1,recorded,0
Subject376_2019_0117_160604_segment14_14,Subject376,14,14,9,rf,17,1,recorded,0
Subject376_2019_0117_161501_segment00_00,Subject376,0,0,12,rf,17,1,recorded,0
Subject376_2019_0117_161501_segment01_01,Subject376,1,1,7,rf,17,1,recorded,0
Subject376_2019_0117_161501_segment02_02,Subject376,2,2,16,rf,17,1,recorded,0
Subject376_2019_0117_161501_segment03_03,Subject376,3,3,8,rf,17,1,recorded,0
Subject376_2019_0117_161501_segment04_04,Subject376,4,7,7,rf,17,1,recorded,0
Subject376_2019_0117_161501_segment05_05,Subject376,5,5,14,rf,17,1,recorded,0
Subject376_2019_0117_161501_segment06_06,Subject376,6,6,12,rf,17,1,recorded,0
Subject376_2019_0117_161501_segment07_07,Subject376,7,10,9,rf,17,1,recorded,0
Subject376_2019_0117_161501_segment08_08,Subject376,8,8,13,rf,17,1,recorded,0
Subject376_2019_0117_161501_segment09_09,Subject376,9,9,11,rf,17,1,recorded,0
Subject376_2019_0117_161501_segment10_10,Subject376,10,10,7,rf,17,1,recorded,0
Subject376_2019_0117_161501_segment11_11,Subject376,11,11,9,rf,17,1,recorded,0
Subject376_2019_0117_161501_segment12_12,Subject376,12,12,31,rf,17,1,recorded,0
Subject376_2019_0117_161501_segment13_13,Subject376,13,13,10,rf,17,1,recorded,0
Subject376_2019_0117_161501_segment14_14,Subject376,14,14,10,rf,17,1,recorded,0
Subject424_2019_0114_175524_segment00_00,Subject424,0,0,12,rf,17,1,recorded,0
Subject424_2019_0114_175524_segment01_01,Subject424,1,1,9,rf,17,1,recorded,0
Subject424_2019_0114_175524_segment02_02,Subject424,2,2,16,rf,17,1,recorded,0
Subject424_2019_0114_175524_segment03_03,Subject424,3,3,8,rf,17,1,recorded,0
Subject424_2019_0114_175524_segment04_04,Subject424,4,10,10,rf,17,1,recorded,0
Subject424_2019_0114_175524_segment05_05,Subject424,5,5,16,rf,17,1,recorded,0
Subject424_2019_0114_175524_segment06_06,Subject424,6,6,13,rf,17,1,recorded,0
Subject424_2019_0114_175524_segment07_07,Subject424,7,7,10,rf,17,1,recorded,0
Subject424_2019_0114_175524_segment08_08,Subject424,8,8,14,rf,17,1,recorded,0
Subject424_2019_0114_175524_segment09_09,Subject424,9,9,11,rf,17,1,recorded,0
Subject424_2019_0114_175524_segment10_10,Subject424,10,7,9,rf,17,1,recorded,0
Subject424_2019_0114_175524_segment11_11,Subject424,11,14,8,rf,17,1,recorded,0
Subject424_2019_0114_175524_segment12_12,Subject424,12,12,27,rf,17,1,recorded,0
Subject424_2019_0114_175524_segment13_13,Subject424,13,13,13,rf,17,1,recorded,0
Subject424_2019_0114_175524_segment14_14,Subject424,14,14,12,rf,17,1,recorded,0
Subject424_2019_0114_180434_segment00_00,Subject424,0,0,11,rf,17,1,recorded,0
Subject424_2019_0114_180434_segment01_01,Subject424,1,1,9,rf,17,1,recorded,0
Subject424_2019_0114_180434_segment02_02,Subject424,2,2,17,rf,17,1,recorded,0
Subject424_2019_0114_180434_segment03_03,Subject424,3,3,9,rf,17,1,recorded,0
Subject424_2019_0114_180434_segment04_04,Subject424,4,7,10,rf,17,1,recorded,0
Subject424_2019_0114_180434_segment05_05,Subject424,5,5,15,rf,17,1,recorded,0
Subject424_2019_0114_180434_segment07_06,Subject424,6,11,15,rf,17,1,recorded,0
Subject424_2019_0114_180434_segment08_07,Subject424,7,7,10,rf,17,1,recorded,0
Subject424_2019_0114_180434_segment09_08,Subject424,8,8,11,rf,17,1,recorded,0
Subject424_2019_0114_180434_segment10_09,Subject424,9,9,11,rf,17,1,recorded,0
Subject424_2019_0114_180434_segment11_10,Subject424,10,7,9,rf,17,1,recorded,0
Subject424_2019_0114_180434_segment12_11,Subject424,11,11,9,rf,17,1,recorded,0
Subject424_2019_0114_180434_segment13_12,Subject424,12,12,26,rf,17,1,recorded,0
Subject424_2019_0114_180434_segment14_13,Subject424,13,13,12,rf,17,1,recorded,0
Subject424_2019_0114_180434_segment15_14,Subject424,14,14,12,rf,17,1,recorded,0
Subject424_2019_0117_162633_segment00_00,Subject424,0,0,13,rf,17,1,recorded,0
Subject424_2019_0117_162633_segment01_01,Subject424,1,1,11,rf,17,1,recorded,0
Subject424_2019_0117_162633_segment02_02,Subject424,2,2,18,rf,17,1,recorded,0
Subject424_2019_0117_162633_segment03_03,Subject424,3,3,9,rf,17,1,recorded,0
Subject424_2019_0117_162633_segment04_04,Subject424,4,4,12,rf,17,1,recorded,0
Subject424_2019_0117_162633_segment05_05,Subject424,5,5,17,rf,17,1,recorded,0
Subject424_2019_0117_162633_segment06_06,Subject424,6,6,18,rf,17,1,recorded,0
Subject424_2019_0117_162633_segment07_07,Subject424,7,7,12,rf,17,1,recorded,0
Subject424_2019_0117_162633_segment08_08,Subject424,8,8,15,rf,17,1,recorded,0
Subject424_2019_0117_162633_segment09_09,Subject424,9,9,14,rf,17,1,recorded,0
Subject424_2019_0117_162633_segment10_10,Subject424,10,7,11,rf,17,1,recorded,0
Subject424_2019_0117_162633_segment11_11,Subject424,11,11,10,rf,17,1,recorded,0
Subject424_2019_0117_162633_segment12_12,Subject424,12,12,27,rf,17,1,recorded,0
Subject424_2019_0117_162633_segment13_13,Subject424,13,13,13,rf,17,1,recorded,0
Subject424_2019_0117_162633_segment14_14,Subject424,14,14,13,rf,17,1,recorded,0
Subject424_2019_0117_163633_segment00_00,Subject424,0,0,13,rf,17,1,recorded,0
Subject424_2019_0117_163633_segment01_01,Subject424,1,1,12,rf,17,1,recorded,0
Subject424_2019_0117_163633_segment02_02,Subject424,2,2,18,rf,17,1,recorded,0
Subject424_2019_0117_163633_segment03_03,Subject424,3,3,9,rf,17,1,recorded,0
Subject424_2019_0117_163633_segment04_04,Subject424,4,4,11,rf,17,1,recorded,0
Subject424_2019_0117_163633_segment05_05,Subject424,5,5,16,rf,17,1,recorded,0
Subject424_2019_0117_163633_segment06_06,Subject424,6,6,16,rf,17,1,recorded,0
Subject424_2019_0117_163633_segment07_07,Subject424,7,7,11,rf,17,1,recorded,0
Subject424_2019_0117_163633_segment08_08,Subject424,8,8,15,rf,17,1,recorded,0
Subject424_2019_0117_163633_segment09_09,Subject424,9,9,13,rf,17,1,recorded,0
Subject424_2019_0117_163633_segment10_10,Subject424,10,7,11,rf,17,1,recorded,0
Subject424_2019_0117_163633_segment11_11,Subject424,11,11,9,rf,17,1,recorded,0
Subject424_2019_0117_163633_segment12_12,Subject424,12,12,28,rf,17,1,recorded,0
Subject424_2019_0117_163633_segment13_13,Subject424,13,13,14,rf,17,1,recorded,0
Subject424_2019_0117_163633_segment14_14,Subject424,14,14,13,rf,17,1,recorded,0
Subject455_2019_0108_122903_segment00_00,Subject455,0,0,16,rf,17,1,recorded,0
Subject455_2019_0108_122903_segment01_01,Subject455,1,1,9,rf,17,1,recorded,0
Subject455_2019_0108_122903_segment02_02,Subject455,2,2,23,rf,17,1,recorded,0
Subject455_2019_0108_122903_segment03_03,Subject455,3,3,8,rf,17,1,recorded,0
Subject455_2019_0108_122903_segment04_04,Subject455,4,4,17,rf,17,1,recorded,0
Subject455_2019_0108_122903_segment05_05,Subject455,5,5,20,rf,17,1,recorded,0
Subject455_2019_0108_122903_segment06_06,Subject455,6,6,16,rf,17,1,recorded,0
Subject455_2019_0108_122903_segment07_07,Subject455,7,7,16,rf,17,1,recorded,0
Subject455_2019_0108_122903_segment08_08,Subject455,8,8,17,rf,17,1,recorded,0
Subject455_2019_0108_122903_segment09_09,Subject455,9,9,16,rf,17,1,recorded,0
Subject455_2019_0108_122903_segment10_10,Subject455,10,10,17,rf,17,1,recorded,0
Subject455_2019_0108_122903_segment11_11,Subject455,11,11,16,rf,17,1,recorded,0
Subject455_2019_0108_122903_segment12_12,Subject455,12,12,21,rf,17,1,recorded,0
Subject455_2019_0108_122903_segment13_13,Subject455,13,13,11,rf,17,1,recorded,0
Subject455_2019_0108_122903_segment14_14,Subject455,14,14,15,rf,17,1,recorded,0
Subject455_2019_0108_124006_segment00_00,Subject455,0,0,14,rf,17,1,recorded,0
Subject455_2019_0108_124006_segment01_01,Subject455,1,1,9,rf,17,1,recorded,0
Subject455_2019_0108_124006_segment02_02,Subject455,2,2,23,rf,17,1,recorded,0
Subject455_2019_0108_124006_segment03_03,Subject455,3,3,8,rf,17,1,recorded,0
Subject455_2019_0108_124006_segment04_04,Subject455,4,4,18,rf,17,1,recorded,0
Subject455_2019_0108_124006_segment05_05,Subject455,5,5,19,rf,17,1,recorded,0
Subject455_2019_0108_124006_segment06_06,Subject455,6,6,19,rf,17,1,recorded,0
Subject455_2019_0108_124006_segment07_07,Subject455,7,7,16,rf,17,1,recorded,0
Subject455_2019_0108_124006_segment08_08,Subject455,8,8,19,rf,17,1,recorded,0
Subject455_2019_0108_124006_segment09_09,Subject455,9,9,16,rf,17,1,recorded,0
Subject455_2019_0108_124006_segment10_10,Subject455,10,10,17,rf,17,1,recorded,0
Subject455_2019_0108_124006_segment11_11,Subject455,11,11,15,rf,17,1,recorded,0
Subject455_2019_0108_124006_segment12_12,Subject455,12,12,20,rf,17,1,recorded,0
Subject455_2019_0108_124006_segment13_13,Subject455,13,13,11,rf,17,1,recorded,0
Subject455_2019_0108_124006_segment14_14,Subject455,14,14,17,rf,17,1,recorded,0
Subject455_2019_0111_123146_segment00_00,Subject455,0,0,13,rf,17,1,recorded,0
Subject455_2019_0111_123146_segment01_01,Subject455,1,1,8,rf,17,1,recorded,0
Subject455_2019_0111_123146_segment02_02,Subject455,2,2,23,rf,17,1,recorded,0
Subject455_2019_0111_123146_segment03_03,Subject455,3,3,7,rf,17,1,recorded,0
Subject455_2019_0111_123146_segment04_04,Subject455,4,4,16,rf,17,1,recorded,0
Subject455_2019_0111_123146_segment05_05,Subject455,5,5,18,rf,17,1,recorded,0
Subject455_2019_0111_123146_segment06_06,Subject455,6,6,13,rf,17,1,recorded,0
Subject455_2019_0111_123146_segment07_07,Subject455,7,7,17,rf,17,1,recorded,0
Subject455_2019_0111_123146_segment08_08,Subject455,8,8,16,rf,17,1,recorded,0
Subject455_2019_0111_123146_segment09_09,Subject455,9,9,17,rf,17,1,recorded,0
Subject455_2019_0111_123146_segment10_10,Subject455,10,10,17,rf,17,1,recorded,0
Subject455_2019_0111_123146_segment11_11,Subject455,11,11,15,rf,17,1,recorded,0
Subject455_2019_0111_123146_segment12_12,Subject455,12,12,20,rf,17,1,recorded,0
Subject455_2019_0111_123146_segment13_13,Subject455,13,13,11,rf,17,1,recorded,0
Subject455_2019_0111_123146_segment14_14,Subject455,14,14,16,rf,17,1,recorded,0
Subject455_2019_0111_124250_segment00_00,Subject455,0,0,13,rf,17,1,recorded,0
Subject455_2019_0111_124250_segment01_01,Subject455,1,1,8,rf,17,1,recorded,0
Subject455_2019_0111_124250_segment02_02,Subject455,2,2,22,rf,17,1,recorded,0
Subject455_2019_0111_124250_segment03_03,Subject455,3,3,8,rf,17,1,recorded,0
Subject455_2019_0111_124250_segment04_04,Subject455,4,4,15,rf,17,1,recorded,0
Subject455_2019_0111_124250_segment05_05,Subject455,5,5,15,rf,17,1,recorded,0
Subject455_2019_0111_124250_segment06_06,Subject455,6,6,13,rf,17,1,recorded,0
Subject455_2019_0111_124250_segment07_07,Subject455,7,7,14,rf,17,1,recorded,0
Subject455_2019_0111_124250_segment08_08,Subject455,8,8,15,rf,17,1,recorded,0
Subject455_2019_0111_124250_segment09_09,Subject455,9,9,17,rf,17,1,recorded,0
Subject455_2019_0111_124250_segment10_10,Subject455,10,10,15,rf,17,1,recorded,0
Subject455_2019_0111_124250_segment11_11,Subject455,11,11,14,rf,17,1,recorded,0
Subject455_2019_0111_124250_segment12_12,Subject455,12,12,20,rf,17,1,recorded,0
Subject455_2019_0111_124250_segment13_13,Subject455,13,13,11,rf,17,1,recorded,0
Subject455_2019_0111_124250_segment14_14,Subject455,14,14,16,rf,17,1,recorded,0
Subject494_2019_0102_170931_segment00_00,Subject494,0,0,13,rf,17,1,recorded,0
Subject494_2019_0102_170931_segment01_01,Subject494,1,1,11,rf,17,1,recorded,0
Subject494_2019_0102_170931_segment02_02,Subject494,2,2,16,rf,17,1,recorded,0
Subject494_2019_0102_170931_segment03_03,Subject494,3,3,7,rf,17,1,recorded,0
Subject494_2019_0102_170931_segment04_04,Subject494,4,7,15,rf,17,1,recorded,0
Subject494_2019_0102_170931_segment05_05,Subject494,5,5,18,rf,17,1,recorded,0
Subject494_2019_0102_170931_segment06_06,Subject494,6,11,23,rf,17,1,recorded,0
Subject494_2019_0102_170931_segment07_07,Subject494,7,7,16,rf,17,1,recorded,0
Subject494_2019_0102_170931_segment08_08,Subject494,8,8,20,rf,17,1,recorded,0
Subject494_2019_0102_170931_segment09_09,Subject494,9,9,20,rf,17,1,recorded,0
Subject494_2019_0102_170931_segment10_10,Subject494,10,10,18,rf,17,1,recorded,0
Subject494_2019_0102_170931_segment11_11,Subject494,11,11,16,rf,17,1,recorded,0
Subject494_2019_0102_170931_segment12_12,Subject494,12,12,21,rf,17,1,recorded,0
Subject494_2019_0102_170931_segment13_13,Subject494,13,13,13,rf,17,1,recorded,0
Subject494_2019_0102_170931_segment14_14,Subject494,14,14,16,rf,17,1,recorded,0
Subject494_2019_0102_172151_segment00_00,Subject494,0,0,13,rf,17,1,recorded,0
Subject494_2019_0102_172151_segment01_01,Subject494,1,1,12,rf,17,1,recorded,0
Subject494_2019_0102_172151_segment02_02,Subject494,2,2,15,rf,17,1,recorded,0
Subject494_2019_0102_172151_segment03_03,Subject494,3,3,7,rf,17,1,recorded,0
Subject494_2019_0102_172151_segment04_04,Subject494,4,4,16,rf,17,1,recorded,0
Subject494_2019_0102_172151_segment05_05,Subject494,5,5,18,rf,17,1,recorded,0
Subject494_2019_0102_172151_segment06_06,Subject494,6,6,21,rf,17,1,recorded,0
Subject494_2019_0102_172151_segment07_07,Subject494,7,7,15,rf,17,1,recorded,0
Subject494_2019_0102_172151_segment08_08,Subject494,8,8,18,rf,17,1,recorded,0
Subject494_2019_0102_172151_segment09_09,Subject494,9,9,20,rf,17,1,recorded,0
Subject494_2019_0102_172151_segment10_10,Subject494,10,10,16,rf,17,1,recorded,0
Subject494_2019_0102_172151_segment11_11,Subject494,11,11,16,rf,17,1,recorded,0
Subject494_2019_0102_172151_segment12_12,Subject494,12,12,21,rf,17,1,recorded,0
Subject494_2019_0102_172151_segment13_13,Subject494,13,13,13,rf,17,1,recorded,0
Subject494_2019_0102_172151_segment14_14,Subject494,14,14,16,rf,17,1,recorded,0
Subject494_2019_0104_150729_segment00_00,Subject494,0,0,13,rf,17,1,recorded,0
Subject494_2019_0104_150729_segment01_01,Subject494,1,1,11,rf,17,1,recorded,0
Subject494_2019_0104_150729_segment02_02,Subject494,2,2,15,rf,17,1,recorded,0
Subject494_2019_0104_150729_segment03_03,Subject494,3,3,7,rf,17,1,recorded,0
Subject494_2019_0104_150729_segment04_04,Subject494,4,7,15,rf,17,1,recorded,0
Subject494_2019_0104_150729_segment05_05,Subject494,5,5,18,rf,17,1,recorded,0
Subject494_2019_0104_150729_segment06_06,Subject494,6,6,20,rf,17,1,recorded,0
Subject494_2019_0104_150729_segment07_07,Subject494,7,7,14,rf,17,1,recorded,0
Subject494_2019_0104_150729_segment08_08,Subject494,8,8,17,rf,17,1,recorded,0
Subject494_2019_0104_150729_segment09_09,Subject494,9,9,19,rf,17,1,recorded,0
Subject494_2019_0104_150729_segment10_10,Subject494,10,10,17,rf,17,1,recorded,0
Subject494_2019_0104_150729_segment11_11,Subject494,11,11,16,rf,17,1,recorded,0
Subject494_2019_0104_150729_segment12_12,Subject494,12,12,22,rf,17,1,recorded,0
Subject494_2019_0104_150729_segment13_13,Subject494,13,13,13,rf,17,1,recorded,0
Subject494_2019_0104_150729_segment14_14,Subject494,14,14,15,rf,17,1,recorded,0
Subject494_2019_0104_152003_segment00_00,Subject494,0,0,12,rf,17,1,recorded,0
Subject494_2019_0104_152003_segment01_01,Subject494,1,1,11,rf,17,1,recorded,0
Subject494_2019_0104_152003_segment02_02,Subject494,2,2,15,rf,17,1,recorded,0
Subject494_2019_0104_152003_segment03_03,Subject494,3,3,7,rf,17,1,recorded,0
Subject494_2019_0104_152003_segment04_04,Subject494,4,10,14,rf,17,1,recorded,0
Subject494_2019_0104_152003_segment05_05,Subject494,5,5,15,rf,17,1,recorded,0
Subject494_2019_0104_152003_segment07_06,Subject494,6,6,18,rf,17,1,recorded,0
Subject494_2019_0104_152003_segment08_07,Subject494,7,7,15,rf,17,1,recorded,0
Subject494_2019_0104_152003_segment09_08,Subject494,8,8,18,rf,17,1,recorded,0
Subject494_2019_0104_152003_segment10_09,Subject494,9,9,18,rf,17,1,recorded,0
Subject494_2019_0104_152003_segment11_10,Subject494,10,10,16,rf,17,1,recorded,0
Subject494_2019_0104_152003_segment12_11,Subject494,11,11,13,rf,17,1,recorded,0
Subject494_2019_0104_152003_segment13_12,Subject494,12,12,22,rf,17,1,recorded,0
Subject494_2019_0104_152003_segment14_13,Subject494,13,13,12,rf,17,1,recorded,0
Subject494_2019_0104_152003_segment15_14,Subject494,14,14,15,rf,17,1,recorded,0
Subject571_2019_0122_130522_segment00_00,Subject571,0,0,20,rf,17,1,recorded,0
Subject571_2019_0122_130522_segment01_01,Subject571,1,1,21,rf,17,1,recorded,0
Subject571_2019_0122_130522_segment02_02,Subject571,2,2,22,rf,17,1,recorded,0
Subject571_2019_0122_130522_segment03_03,Subject571,3,3,12,rf,17,1,recorded,0
Subject571_2019_0122_130522_segment04_04,Subject571,4,4,17,rf,17,1,recorded,0
Subject571_2019_0122_130522_segment05_05,Subject571,5,5,24,rf,17,1,recorded,0
Subject571_2019_0122_130522_segment06_06,Subject571,6,6,23,rf,17,1,recorded,0
Subject571_2019_0122_130522_segment07_07,Subject571,7,7,18,rf,17,1,recorded,0
Subject571_2019_0122_130522_segment08_08,Subject571,8,8,22,rf,17,1,recorded,0
Subject571_2019_0122_130522_segment09_09,Subject571,9,9,26,rf,17,1,recorded,0
Subject571_2019_0122_130522_segment10_10,Subject571,10,10,23,rf,17,1,recorded,0
Subject571_2019_0122_130522_segment11_11,Subject571,11,11,17,rf,17,1,recorded,0
Subject571_2019_0122_130522_segment12_12,Subject571,12,12,33,rf,17,1,recorded,0
Subject571_2019_0122_130522_segment13_13,Subject571,13,13,16,rf,17,1,recorded,0
Subject571_2019_0122_130522_segment14_14,Subject571,14,14,16,rf,17,1,recorded,0
Subject571_2019_0122_132400_segment00_00,Subject571,0,0,19,rf,17,1,recorded,0
Subject571_2019_0122_132400_segment01_01,Subject571,1,1,18,rf,17,1,recorded,0
Subject571_2019_0122_132400_segment02_02,Subject571,2,2,20,rf,17,1,recorded,0
Subject571_2019_0122_132400_segment03_03,Subject571,3,3,11,rf,17,1,recorded,0
Subject571_2019_0122_132400_segment04_04,Subject571,4,4,20,rf,17,1,recorded,0
Subject571_2019_0122_132400_segment05_05,Subject571,5,5,28,rf,17,1,recorded,0
Subject571_2019_0122_132400_segment06_06,Subject571,6,6,20,rf,17,1,recorded,0
Subject571_2019_0122_132400_segment07_07,Subject571,7,7,17,rf,17,1,recorded,0
Subject571_2019_0122_132400_segment08_08,Subject571,8,8,19,rf,17,1,recorded,0
Subject571_2019_0122_132400_segment09_09,Subject571,9,9,25,rf,17,1,recorded,0
Subject571_2019_0122_132400_segment10_10,Subject571,10,10,22,rf,17,1,recorded,0
Subject571_2019_0122_132400_segment11_11,Subject571,11,11,25,rf,17,1,recorded,0
Subject571_2019_0122_132400_segment12_12,Subject571,12,12,33,rf,17,1,recorded,0
Subject571_2019_0122_132400_segment13_13,Subject571,13,13,14,rf,17,1,recorded,0
Subject571_2019_0122_132400_segment14_14,Subject571,14,14,16,rf,17,1,recorded,0
Subject580_2018_1227_153640_segment00_00,Subject580,0,0,17,rf,17,1,recorded,0
Subject580_2018_1227_153640_segment01_01,Subject580,1,1,12,rf,17,1,recorded,0
Subject580_2018_1227_153640_segment02_02,Subject580,2,2,24,rf,17,1,recorded,0
Subject580_2018_1227_153640_segment03_03,Subject580,3,3,10,rf,17,1,recorded,0
Subject580_2018_1227_153640_segment04_05,Subject580,5,5,28,rf,17,1,recorded,0
Subject580_2018_1227_153640_segment05_06,Subject580,6,6,26,rf,17,1,recorded,0
Subject580_2018_1227_153640_segment06_07,Subject580,7,7,16,rf,17,1,recorded,0
Subject580_2018_1227_153640_segment07_08,Subject580,8,8,19,rf,17,1,recorded,0
Subject580_2018_1227_153640_segment08_09,Subject580,9,9,18,rf,17,1,recorded,0
Subject580_2018_1227_153640_segment09_10,Subject580,10,10,18,rf,17,1,recorded,0
Subject580_2018_1227_153640_segment10_11,Subject580,11,11,17,rf,17,1,recorded,0
Subject580_2018_1227_153640_segment11_04,Subject580,4,4,15,rf,17,1,recorded,0
Subject580_2018_1227_153640_segment12_12,Subject580,12,12,27,rf,17,1,recorded,0
Subject580_2018_1227_153640_segment13_13,Subject580,13,7,13,rf,17,1,recorded,0
Subject580_2018_1227_153640_segment14_14,Subject580,14,14,20,rf,17,1,recorded,0
Subject580_2018_1227_155228_segment00_00,Subject580,0,0,17,rf,17,1,recorded,0
Subject580_2018_1227_155228_segment01_01,Subject580,1,1,15,rf,17,1,recorded,0
Subject580_2018_1227_155228_segment02_02,Subject580,2,2,23,rf,17,1,recorded,0
Subject580_2018_1227_155228_segment03_03,Subject580,3,3,10,rf,17,1,recorded,0
Subject580_2018_1227_155228_segment04_04,Subject580,4,4,17,rf,17,1,recorded,0
Subject580_2018_1227_155228_segment05_05,Subject580,5,5,28,rf,17,1,recorded,0
Subject580_2018_1227_155228_segment06_06,Subject580,6,6,23,rf,17,1,recorded,0
Subject580_2018_1227_155228_segment07_07,Subject580,7,7,17,rf,17,1,recorded,0
Subject580_2018_1227_155228_segment08_08,Subject580,8,8,19,rf,17,1,recorded,0
Subject580_2018_1227_155228_segment09_09,Subject580,9,9,20,rf,17,1,recorded,0
Subject580_2018_1227_155228_segment10_10,Subject580,10,10,17,rf,17,1,recorded,0
Subject580_2018_1227_155228_segment11_11,Subject580,11,11,17,rf,17,1,recorded,0
Subject580_2018_1227_155228_segment12_12,Subject580,12,12,24,rf,17,1,recorded,0
Subject580_2018_1227_155228_segment13_13,Subject580,13,13,16,rf,17,1,recorded,0
Subject580_2018_1227_155228_segment14_14,Subject580,14,14,19,rf,17,1,recorded,0
Subject580_2018_1228_160224_segment00_00,Subject580,0,0,18,rf,17,1,recorded,0
Subject580_2018_1228_160224_segment01_01,Subject580,1,1,18,rf,17,1,recorded,0
Subject580_2018_1228_160224_segment02_02,Subject580,2,11,21,rf,17,1,recorded,0
Subject580_2018_1228_160224_segment03_03,Subject580,3,3,8,rf,17,1,recorded,0
Subject580_2018_1228_160224_segment04_04,Subject580,4,4,20,rf,17,1,recorded,0
Subject580_2018_1228_160224_segment05_05,Subject580,5,5,25,rf,17,1,recorded,0
Subject580_2018_1228_160224_segment06_06,Subject580,6,11,24,rf,17,1,recorded,0
Subject580_2018_1228_160224_segment07_07,Subject580,7,7,15,rf,17,1,recorded,0
Subject580_2018_1228_160224_segment08_08,Subject580,8,8,18,rf,17,1,recorded,0
Subject580_2018_1228_160224_segment09_09,Subject580,9,9,15,rf,17,1,recorded,0
Subject580_2018_1228_160224_segment10_10,Subject580,10,10,17,rf,17,1,recorded,0
Subject580_2018_1228_160224_segment11_11,Subject580,11,11,15,rf,17,1,recorded,0
Subject580_2018_1228_160224_segment12_12,Subject580,12,12,22,rf,17,1,recorded,0
Subject580_2018_1228_160224_segment13_13,Subject580,13,13,13,rf,17,1,recorded,0
Subject580_2018_1228_160224_segment14_14,Subject580,14,14,18,rf,17,1,recorded,0
Subject580_2018_1228_161524_segment00_00,Subject580,0,0,16,rf,17,1,recorded,0
Subject580_2018_1228_161524_segment01_01,Subject580,1,1,16,rf,17,1,recorded,0
Subject580_2018_1228_161524_segment02_02,Subject580,2,11,18,rf,17,1,recorded,0
Subject580_2018_1228_161524_segment03_03,Subject580,3,3,9,rf,17,1,recorded,0
Subject580_2018_1228_161524_segment04_04,Subject580,4,7,21,rf,17,1,recorded,0
Subject580_2018_1228_161524_segment05_05,Subject580,5,5,19,rf,17,1,recorded,0
Subject580_2018_1228_161524_segment06_06,Subject580,6,6,18,rf,17,1,recorded,0
Subject580_2018_1228_161524_segment07_07,Subject580,7,7,15,rf,17,1,recorded,0
Subject580_2018_1228_161524_segment08_08,Subject580,8,8,17,rf,17,1,recorded,0
Subject580_2018_1228_161524_segment09_09,Subject580,9,9,14,rf,17,1,recorded,0
Subject580_2018_1228_161524_segment10_10,Subject580,10,10,14,rf,17,1,recorded,0
Subject580_2018_1228_161524_segment11_11,Subject580,11,11,12,rf,17,1,recorded,0
Subject580_2018_1228_161524_segment12_12,Subject580,12,12,22,rf,17,1,recorded,0
Subject580_2018_1228_161524_segment13_13,Subject580,13,13,12,rf,17,1,recorded,0
Subject580_2018_1228_161524_segment14_14,Subject580,14,14,16,rf,17,1,recorded,0
Subject580_2019_0107_170408_segment00_00,Subject580,0,0,16,rf,17,1,recorded,0
Subject580_2019_0107_170408_segment01_01,Subject580,1,1,12,rf,17,1,recorded,0
Subject580_2019_0107_170408_segment02_02,Subject580,2,2,22,rf,17,1,recorded,0
Subject580_2019_0107_170408_segment03_03,Subject580,3,3,9,rf,17,1,recorded,0
Subject580_2019_0107_170408_segment04_04,Subject580,4,10,13,rf,17,1,recorded,0
Subject580_2019_0107_170408_segment05_05,Subject580,5,5,23,rf,17,1,recorded,0
Subject580_2019_0107_170408_segment06_06,Subject580,6,6,20,rf,17,1,recorded,0
Subject580_2019_0107_170408_segment07_07,Subject580,7,7,13,rf,17,1,recorded,0
Subject580_2019_0107_170408_segment08_08,Subject580,8,8,16,rf,17,1,recorded,0
Subject580_2019_0107_170408_segment09_09,Subject580,9,9,16,rf,17,1,recorded,0
Subject580_2019_0107_170408_segment10_10,Subject580,10,10,13,rf,17,1,recorded,0
Subject580_2019_0107_170408_segment11_11,Subject580,11,11,15,rf,17,1,recorded,0
Subject580_2019_0107_170408_segment12_12,Subject580,12,12,26,rf,17,1,recorded,0
Subject580_2019_0107_170408_segment13_13,Subject580,13,13,14,rf,17,1,recorded,0
Subject580_2019_0107_170408_segment15_14,Subject580,14,14,18,rf,17,1,recorded,0
Subject580_2019_0107_171728_segment00_00,Subject580,0,0,15,rf,17,1,recorded,0
Subject580_2019_0107_171728_segment01_01,Subject580,1,1,10,rf,17,1,recorded,0
Subject580_2019_0107_171728_segment02_02,Subject580,2,2,22,rf,17,1,recorded,0
Subject580_2019_0107_171728_segment03_03,Subject580,3,3,9,rf,17,1,recorded,0
Subject580_2019_0107_171728_segment04_04,Subject580,4,10,15,rf,17,1,recorded,0
Subject580_2019_0107_171728_segment05_05,Subject580,5,5,23,rf,17,1,recorded,0
Subject580_2019_0107_171728_segment06_06,Subject580,6,6,20,rf,17,1,recorded,0
Subject580_2019_0107_171728_segment07_07,Subject580,7,7,13,rf,17,1,recorded,0
Subject580_2019_0107_171728_segment08_08,Subject580,8,8,16,rf,17,1,recorded,0
Subject580_2019_0107_171728_segment09_09,Subject580,9,9,18,rf,17,1,recorded,0
Subject580_2019_0107_171728_segment10_10,Subject580,10,10,14,rf,17,1,recorded,0
Subject580_2019_0107_171728_segment11_11,Subject580,11,11,17,rf,17,1,recorded,0
Subject580_2019_0107_171728_segment12_12,Subject580,12,12,28,rf,17,1,recorded,0
Subject580_2019_0107_171728_segment13_13,Subject580,13,13,14,rf,17,1,recorded,0
Subject580_2019_0107_171728_segment14_14,Subject580,14,14,18,rf,17,1,recorded,0
Subject611_2019_0107_123349_segment00_00,Subject611,0,0,21,rf,17,1,recorded,0
Subject611_2019_0107_123349_segment01_01,Subject611,1,1,13,rf,17,1,recorded,0
Subject611_2019_0107_123349_segment02_02,Subject611,2,2,28,rf,17,1,recorded,0
Subject611_2019_0107_123349_segment03_03,Subject611,3,3,9,rf,17,1,recorded,0
Subject611_2019_0107_123349_segment04_04,Subject611,4,4,20,rf,17,1,recorded,0
Subject611_2019_0107_123349_segment05_05,Subject611,5,5,24,rf,17,1,recorded,0
Subject611_2019_0107_123349_segment06_06,Subject611,6,6,26,rf,17,1,recorded,0
Subject611_2019_0107_123349_segment07_07,Subject611,7,7,19,rf,17,1,recorded,0
Subject611_2019_0107_123349_segment08_08,Subject611,8,8,25,rf,17,1,recorded,0
Subject611_2019_0107_123349_segment09_09,Subject611,9,9,20,rf,17,1,recorded,0
Subject611_2019_0107_123349_segment10_10,Subject611,10,10,16,rf,17,1,recorded,0
Subject611_2019_0107_123349_segment11_11,Subject611,11,11,16,rf,17,1,recorded,0
Subject611_2019_0107_123349_segment12_12,Subject611,12,12,23,rf,17,1,recorded,0
Subject611_2019_0107_123349_segment13_13,Subject611,13,13,11,rf,17,1,recorded,0
Subject611_2019_0107_123349_segment14_14,Subject611,14,14,18,rf,17,1,recorded,0
Subject611_2019_0107_124639_segment00_00,Subject611,0,0,22,rf,17,1,recorded,0
Subject611_2019_0107_124639_segment01_01,Subject611,1,1,14,rf,17,1,recorded,0
Subject611_2019_0107_124639_segment02_02,Subject611,2,2,25,rf,17,1,recorded,0
Subject611_2019_0107_124639_segment03_03,Subject611,3,3,8,rf,17,1,recorded,0
Subject611_2019_0107_124639_segment04_04,Subject611,4,4,16,rf,17,1,recorded,0
Subject611_2019_0107_124639_segment05_05,Subject611,5,5,22,rf,17,1,recorded,0
Subject611_2019_0107_124639_segment06_06,Subject611,6,6,25,rf,17,1,recorded,0
Subject611_2019_0107_124639_segment07_07,Subject611,7,7,16,rf,17,1,recorded,0
Subject611_2019_0107_124639_segment08_08,Subject611,8,8,20,rf,17,1,recorded,0
Subject611_2019_0107_124639_segment09_09,Subject611,9,9,20,rf,17,1,recorded,0
Subject611_2019_0107_124639_segment10_10,Subject611,10,10,17,rf,17,1,recorded,0
Subject611_2019_0107_124639_segment11_11,Subject611,11,11,16,rf,17,1,recorded,0
Subject611_2019_0107_124639_segment12_12,Subject611,12,12,24,rf,17,1,recorded,0
Subject611_2019_0107_124639_segment13_13,Subject611,13,13,10,rf,17,1,recorded,0
Subject611_2019_0107_124639_segment14_14,Subject611,14,14,18,rf,17,1,recorded,0
Subject611_2019_0108_125349_segment00_00,Subject611,0,0,22,rf,17,1,recorded,0
Subject611_2019_0108_125349_segment01_01,Subject611,1,1,14,rf,17,1,recorded,0
Subject611_2019_0108_125349_segment02_02,Subject611,2,2,24,rf,17,1,recorded,0
Subject611_2019_0108_125349_segment03_03,Subject611,3,3,8,rf,17,1,recorded,0
Subject611_2019_0108_125349_segment04_04,Subject611,4,4,14,rf,17,1,recorded,0
Subject611_2019_0108_125349_segment05_05,Subject611,5,5,22,rf,17,1,recorded,0
Subject611_2019_0108_125349_segment06_06,Subject611,6,6,22,rf,17,1,recorded,0
Subject611_2019_0108_125349_segment07_07,Subject611,7,7,15,rf,17,1,recorded,0
Subject611_2019_0108_125349_segment08_08,Subject611,8,8,21,rf,17,1,recorded,0
Subject611_2019_0108_125349_segment09_09,Subject611,9,9,17,rf,17,1,recorded,0
Subject611_2019_0108_125349_segment10_10,Subject611,10,7,12,rf,17,1,recorded,0
Subject611_2019_0108_125349_segment11_11,Subject611,11,11,15,rf,17,1,recorded,0
Subject611_2019_0108_125349_segment12_12,Subject611,12,12,23,rf,17,1,recorded,0
Subject611_2019_0108_125349_segment13_13,Subject611,13,13,10,rf,17,1,recorded,0
Subject611_2019_0108_125349_segment14_14,Subject611,14,14,16,rf,17,1,recorded,0
Subject611_2019_0108_130405_segment00_00,Subject611,0,0,16,rf,17,1,recorded,0
Subject611_2019_0108_130405_segment01_01,Subject611,1,1,14,rf,17,1,recorded,0
Subject611_2019_0108_130405_segment02_02,Subject611,2,2,24,rf,17,1,recorded,0
Subject611_2019_0108_130405_segment03_03,Subject611,3,3,8,rf,17,1,recorded,0
Subject611_2019_0108_130405_segment04_04,Subject611,4,4,13,rf,17,1,recorded,0
Subject611_2019_0108_130405_segment05_05,Subject611,5,5,21,rf,17,1,recorded,0
Subject611_2019_0108_130405_segment06_06,Subject611,6,6,23,rf,17,1,recorded,0
Subject611_2019_0108_130405_segment07_07,Subject611,7,7,12,rf,17,1,recorded,0
Subject611_2019_0108_130405_segment08_08,Subject611,8,8,19,rf,17,1,recorded,0
Subject611_2019_0108_130405_segment09_09,Subject611,9,9,14,rf,17,1,recorded,0
Subject611_2019_0108_130405_segment10_10,Subject611,10,7,11,rf,17,1,recorded,0
Subject611_2019_0108_130405_segment11_11,Subject611,11,6,13,rf,17,1,recorded,0
Subject611_2019_0108_130405_segment12_12,Subject611,12,12,22,rf,17,1,recorded,0
Subject611_2019_0108_130405_segment13_13,Subject611,13,13,9,rf,17,1,recorded,0
Subject611_2019_0108_130405_segment14_14,Subject611,14,14,16,rf,17,1,recorded,0
Subject729_2019_0115_200908_segment00_00,Subject729,0,0,21,rf,17,1,recorded,0
Subject729_2019_0115_200908_segment01_01,Subject729,1,1,26,rf,17,1,recorded,0
Subject729_2019_0115_200908_segment02_02,Subject729,2,2,24,rf,17,1,recorded,0
Subject729_2019_0115_200908_segment03_03,Subject729,3,3,9,rf,17,1,recorded,0
Subject729_2019_0115_200908_segment04_04,Subject729,4,4,24,rf,17,1,recorded,0
Subject729_2019_0115_200908_segment05_05,Subject729,5,5,24,rf,17,1,recorded,0
Subject729_2019_0115_200908_segment06_06,Subject729,6,6,31,rf,17,1,recorded,0
Subject729_2019_0115_200908_segment07_07,Subject729,7,7,28,rf,17,1,recorded,0
Subject729_2019_0115_200908_segment08_08,Subject729,8,8,27,rf,17,1,recorded,0
Subject729_2019_0115_200908_segment09_09,Subject729,9,9,28,rf,17,1,recorded,0
Subject729_2019_0115_200908_segment10_10,Subject729,10,10,25,rf,17,1,recorded,0
Subject729_2019_0115_200908_segment11_11,Subject729,11,11,21,rf,17,1,recorded,0
Subject729_2019_0115_200908_segment12_12,Subject729,12,12,31,rf,17,1,recorded,0
Subject729_2019_0115_200908_segment13_13,Subject729,13,13,19,rf,17,1,recorded,0
Subject729_2019_0115_200908_segment14_14,Subject729,14,14,22,rf,17,1,recorded,0
Subject729_2019_0115_202306_segment00_00,Subject729,0,0,21,rf,17,1,recorded,0
Subject729_2019_0115_202306_segment01_01,Subject729,1,1,24,rf,17,1,recorded,0
Subject729_2019_0115_202306_segment02_02,Subject729,2,2,22,rf,17,1,recorded,0
Subject729_2019_0115_202306_segment03_03,Subject729,3,3,9,rf,17,1,recorded,0
Subject729_2019_0115_202306_segment04_04,Subject729,4,9,22,rf,17,1,recorded,0
Subject729_2019_0115_202306_segment05_05,Subject729,5,5,23,rf,17,1,recorded,0
Subject729_2019_0115_202306_segment06_06,Subject729,6,6,29,rf,17,1,recorded,0
Subject729_2019_0115_202306_segment07_07,Subject729,7,7,26,rf,17,1,recorded,0
Subject729_2019_0115_202306_segment08_08,Subject729,8,8,24,rf,17,1,recorded,0
Subject729_2019_0115_202306_segment09_09,Subject729,9,9,26,rf,17,1,recorded,0
Subject729_2019_0115_202306_segment10_10,Subject729,10,10,23,rf,17,1,recorded,0
Subject729_2019_0115_202306_segment11_11,Subject729,11,11,23,rf,17,1,recorded,0
Subject729_2019_0115_202306_segment12_12,Subject729,12,12,30,rf,17,1,recorded,0
Subject729_2019_0115_202306_segment13_13,Subject729,13,13,18,rf,17,1,recorded,0
Subject729_2019_0115_202306_segment14_14,Subject729,14,14,22,rf,17,1,recorded,0
Subject729_2019_0117_200410_segment00_00,Subject729,0,0,17,rf,17,1,recorded,0
Subject729_2019_0117_200410_segment01_01,Subject729,1,1,17,rf,17,1,recorded,0
Subject729_2019_0117_200410_segment02_02,Subject729,2,2,26,rf,17,1,recorded,0
Subject729_2019_0117_200410_segment03_03,Subject729,3,3,14,rf,17,1,recorded,0
Subject729_2019_0117_200410_segment04_04,Subject729,4,4,15,rf,17,1,recorded,0
Subject729_2019_0117_200410_segment05_05,Subject729,5,5,20,rf,17,1,recorded,0
Subject729_2019_0117_200410_segment06_06,Subject729,6,6,23,rf,17,1,recorded,0
Subject729_2019_0117_200410_segment07_07,Subject729,7,7,17,rf,17,1,recorded,0
Subject729_2019_0117_200410_segment08_08,Subject729,8,8,23,rf,17,1,recorded,0
Subject729_2019_0117_200410_segment09_09,Subject729,9,9,20,rf,17,1,recorded,0
Subject729_2019_0117_200410_segment10_10,Subject729,10,10,16,rf,17,1,recorded,0
Subject729_2019_0117_200410_segment11_11,Subject729,11,11,21,rf,17,1,recorded,0
Subject729_2019_0117_200410_segment12_12,Subject729,12,12,24,rf,17,1,recorded,0
Subject729_2019_0117_200410_segment13_13,Subject729,13,13,18,rf,17,1,recorded,0
Subject729_2019_0117_200410_segment14_14,Subject729,14,14,20,rf,17,1,recorded,0
Subject729_2019_0117_201741_segment00_00,Subject729,0,0,17,rf,17,1,recorded,0
Subject729_2019_0117_201741_segment01_01,Subject729,1,1,19,rf,17,1,recorded,0
Subject729_2019_0117_201741_segment02_02,Subject729,2,2,18,rf,17,1,recorded,0
Subject729_2019_0117_201741_segment03_03,Subject729,3,3,19,rf,17,1,recorded,0
Subject729_2019_0117_201741_segment04_04,Subject729,4,9,20,rf,17,1,recorded,0
Subject729_2019_0117_201741_segment05_05,Subject729,5,5,13,rf,17,1,recorded,0
Subject729_2019_0117_201741_segment06_06,Subject729,6,6,19,rf,17,1,recorded,0
Subject729_2019_0117_201741_segment07_07,Subject729,7,7,21,rf,17,1,recorded,0
Subject729_2019_0117_201741_segment08_08,Subject729,8,8,15,rf,17,1,recorded,0
Subject729_2019_0117_201741_segment09_09,Subject729,9,9,20,rf,17,1,recorded,0
Subject729_2019_0117_201741_segment10_10,Subject729,10,10,17,rf,17,1,recorded,0
Subject729_2019_0117_201741_segment11_11,Subject729,11,11,20,rf,17,1,recorded,0
Subject729_2019_0117_201741_segment12_12,Subject729,12,12,23,rf,17,1,recorded,0
Subject729_2019_0117_201741_segment13_13,Subject729,13,13,20,rf,17,1,recorded,0
Subject729_2019_0117_201741_segment14_14,Subject729,14,14,21,rf,17,1,recorded,0
Subject731_2019_0110_190353_segment00_00,Subject731,0,0,16,rf,17,1,recorded,0
Subject731_2019_0110_190353_segment01_01,Subject731,1,1,19,rf,17,1,recorded,0
Subject731_2019_0110_190353_segment02_02,Subject731,2,2,24,rf,17,1,recorded,0
Subject731_2019_0110_190353_segment03_03,Subject731,3,3,9,rf,17,1,recorded,0
Subject731_2019_0110_190353_segment04_04,Subject731,4,4,20,rf,17,1,recorded,0
Subject731_2019_0110_190353_segment05_05,Subject731,5,5,21,rf,17,1,recorded,0
Subject731_2019_0110_190353_segment06_12,Subject731,12,12,34,rf,17,1,recorded,0
Subject731_2019_0110_190353_segment07_06,Subject731,6,6,22,rf,17,1,recorded,0
Subject731_2019_0110_190353_segment08_07,Subject731,7,7,22,rf,17,1,recorded,0
Subject731_2019_0110_190353_segment09_08,Subject731,8,8,22,rf,17,1,recorded,0
Subject731_2019_0110_190353_segment10_09,Subject731,9,9,21,rf,17,1,recorded,0
Subject731_2019_0110_190353_segment11_10,Subject731,10,10,22,rf,17,1,recorded,0
Subject731_2019_0110_190353_segment12_11,Subject731,11,11,16,rf,17,1,recorded,0
Subject731_2019_0110_190353_segment13_13,Subject731,13,13,14,rf,17,1,recorded,0
Subject731_2019_0110_190353_segment14_14,Subject731,14,14,19,rf,17,1,recorded,0
Subject731_2019_0110_191914_segment00_00,Subject731,0,0,19,rf,17,1,recorded,0
Subject731_2019_0110_191914_segment01_01,Subject731,1,1,16,rf,17,1,recorded,0
Subject731_2019_0110_191914_segment02_02,Subject731,2,2,24,rf,17,1,recorded,0
Subject731_2019_0110_191914_segment03_03,Subject731,3,3,9,rf,17,1,recorded,0
Subject731_2019_0110_191914_segment04_04,Subject731,4,4,18,rf,17,1,recorded,0
Subject731_2019_0110_191914_segment05_05,Subject731,5,5,24,rf,17,1,recorded,0
Subject731_2019_0110_191914_segment06_06,Subject731,6,6,22,rf,17,1,recorded,0
Subject731_2019_0110_191914_segment07_07,Subject731,7,7,19,rf,17,1,recorded,0
Subject731_2019_0110_191914_segment08_08,Subject731,8,10,19,rf,17,1,recorded,0
Subject731_2019_0110_191914_segment09_09,Subject731,9,9,16,rf,17,1,recorded,0
Subject731_2019_0110_191914_segment10_10,Subject731,10,10,20,rf,17,1,recorded,0
Subject731_2019_0110_191914_segment11_11,Subject731,11,11,14,rf,17,1,recorded,0
Subject731_2019_0110_191914_segment12_12,Subject731,12,12,37,rf,17,1,recorded,0
Subject731_2019_0110_191914_segment13_13,Subject731,13,13,12,rf,17,1,recorded,0
Subject731_2019_0110_191914_segment14_14,Subject731,14,14,17,rf,17,1,recorded,0
Subject741_2019_0115_100342_segment00_00,Subject741,0,0,14,rf,17,1,recorded,0
Subject741_2019_0115_100342_segment01_01,Subject741,1,1,11,rf,17,1,recorded,0
Subject741_2019_0115_100342_segment02_02,Subject741,2,2,18,rf,17,1,recorded,0
Subject741_2019_0115_100342_segment03_03,Subject741,3,3,8,rf,17,1,recorded,0
Subject741_2019_0115_100342_segment04_04,Subject741,4,4,15,rf,17,1,recorded,0
Subject741_2019_0115_100342_segment05_05,Subject741,5,5,22,rf,17,1,recorded,0
Subject741_2019_0115_100342_segment06_06,Subject741,6,6,18,rf,17,1,recorded,0
Subject741_2019_0115_100342_segment07_07,Subject741,7,7,19,rf,17,1,recorded,0
Subject741_2019_0115_100342_segment08_08,Subject741,8,8,18,rf,17,1,recorded,0
Subject741_2019_0115_100342_segment09_09,Subject741,9,9,14,rf,17,1,recorded,0
Subject741_2019_0115_100342_segment10_10,Subject741,10,10,16,rf,17,1,recorded,0
Subject741_2019_0115_100342_segment11_11,Subject741,11,11,12,rf,17,1,recorded,0
Subject741_2019_0115_100342_segment12_12,Subject741,12,12,26,rf,17,1,recorded,0
Subject741_2019_0115_100342_segment13_13,Subject741,13,13,11,rf,17,1,recorded,0
Subject741_2019_0115_100342_segment14_14,Subject741,14,14,13,rf,17,1,recorded,0
Subject741_2019_0115_101708_segment00_00,Subject741,0,0,15,rf,17,1,recorded,0
Subject741_2019_0115_101708_segment01_01,Subject741,1,1,11,rf,17,1,recorded,0
Subject741_2019_0115_101708_segment02_02,Subject741,2,2,16,rf,17,1,recorded,0
Subject741_2019_0115_101708_segment03_03,Subject741,3,3,8,rf,17,1,recorded,0
Subject741_2019_0115_101708_segment04_04,Subject741,4,10,13,rf,17,1,recorded,0
Subject741_2019_0115_101708_segment05_05,Subject741,5,5,18,rf,17,1,recorded,0
Subject741_2019_0115_101708_segment06_06,Subject741,6,6,17,rf,17,1,recorded,0
Subject741_2019_0115_101708_segment07_07,Subject741,7,7,18,rf,17,1,recorded,0
Subject741_2019_0115_101708_segment08_08,Subject741,8,8,18,rf,17,1,recorded,0
Subject741_2019_0115_101708_segment09_09,Subject741,9,9,12,rf,17,1,recorded,0
Subject741_2019_0115_101708_segment10_10,Subject741,10,7,12,rf,17,1,recorded,0
Subject741_2019_0115_101708_segment11_11,Subject741,11,11,11,rf,17,1,recorded,0
Subject741_2019_0115_101708_segment12_12,Subject741,12,12,26,rf,17,1,recorded,0
Subject741_2019_0115_101708_segment13_13,Subject741,13,13,12,rf,17,1,recorded,0
Subject741_2019_0115_101708_segment14_14,Subject741,14,14,13,rf,17,1,recorded,0
Subject741_2019_0117_152430_segment00_00,Subject741,0,0,15,rf,17,1,recorded,0
Subject741_2019_0117_152430_segment01_01,Subject741,1,1,10,rf,17,1,recorded,0
Subject741_2019_0117_152430_segment02_02,Subject741,2,2,18,rf,17,1,recorded,0
Subject741_2019_0117_152430_segment03_03,Subject741,3,3,9,rf,17,1,recorded,0
Subject741_2019_0117_152430_segment04_04,Subject741,4,4,14,rf,17,1,recorded,0
Subject741_2019_0117_152430_segment05_05,Subject741,5,5,15,rf,17,1,recorded,0
Subject741_2019_0117_152430_segment06_06,Subject741,6,6,19,rf,17,1,recorded,0
Subject741_2019_0117_152430_segment07_07,Subject741,7,7,13,rf,17,1,recorded,0
Subject741_2019_0117_152430_segment08_08,Subject741,8,8,15,rf,17,1,recorded,0
Subject741_2019_0117_152430_segment09_09,Subject741,9,9,13,rf,17,1,recorded,0
Subject741_2019_0117_152430_segment10_10,Subject741,10,10,13,rf,17,1,recorded,0
Subject741_2019_0117_152430_segment11_11,Subject741,11,11,12,rf,17,1,recorded,0
Subject741_2019_0117_152430_segment12_12,Subject741,12,12,20,rf,17,1,recorded,0
Subject741_2019_0117_152430_segment13_13,Subject741,13,13,9,rf,17,1,recorded,0
Subject741_2019_0117_152430_segment14_14,Subject741,14,14,11,rf,17,1,recorded,0
Subject741_2019_0117_153859_segment00_00,Subject741,0,0,14,rf,17,1,recorded,0
Subject741_2019_0117_153859_segment01_01,Subject741,1,1,11,rf,17,1,recorded,0
Subject741_2019_0117_153859_segment02_02,Subject741,2,2,14,rf,17,1,recorded,0
Subject741_2019_0117_153859_segment03_03,Subject741,3,3,14,rf,17,1,recorded,0
Subject741_2019_0117_153859_segment04_04,Subject741,4,4,13,rf,17,1,recorded,0
Subject741_2019_0117_153859_segment05_05,Subject741,5,5,17,rf,17,1,recorded,0
Subject741_2019_0117_153859_segment06_06,Subject741,6,6,14,rf,17,1,recorded,0
Subject741_2019_0117_153859_segment07_07,Subject741,7,7,14,rf,17,1,recorded,0
Subject741_2019_0117_153859_segment08_08,Subject741,8,8,17,rf,17,1,recorded,0
Subject741_2019_0117_153859_segment09_09,Subject741,9,9,13,rf,17,1,recorded,0
Subject741_2019_0117_153859_segment10_10,Subject741,10,10,14,rf,17,1,recorded,0
Subject741_2019_0117_153859_segment11_11,Subject741,11,11,12,rf,17,1,recorded,0
Subject741_2019_0117_153859_segment12_12,Subject741,12,12,21,rf,17,1,recorded,0
Subject741_2019_0117_153859_segment13_13,Subject741,13,13,10,rf,17,1,recorded,0
Subject741_2019_0117_153859_segment14_14,Subject741,14,14,15,rf,17,1,recorded,0
Subject867_2019_0114_095625_segment00_00,Subject867,0,0,14,rf,17,1,recorded,0
Subject867_2019_0114_095625_segment01_01,Subject867,1,1,12,rf,17,1,recorded,0
Subject867_2019_0114_095625_segment02_02,Subject867,2,2,22,rf,17,1,recorded,0
Subject867_2019_0114_095625_segment03_03,Subject867,3,3,8,rf,17,1,recorded,0
Subject867_2019_0114_095625_segment04_04,Subject867,4,4,24,rf,17,1,recorded,0
Subject867_2019_0114_095625_segment05_05,Subject867,5,5,18,rf,17,1,recorded,0
Subject867_2019_0114_095625_segment06_06,Subject867,6,6,18,rf,17,1,recorded,0
Subject867_2019_0114_095625_segment07_07,Subject867,7,7,16,rf,17,1,recorded,0
Subject867_2019_0114_095625_segment08_08,Subject867,8,8,18,rf,17,1,recorded,0
Subject867_2019_0114_095625_segment09_09,Subject867,9,9,15,rf,17,1,recorded,0
Subject867_2019_0114_095625_segment10_10,Subject867,10,10,15,rf,17,1,recorded,0
Subject867_2019_0114_095625_segment11_11,Subject867,11,11,15,rf,17,1,recorded,0
Subject867_2019_0114_095625_segment12_12,Subject867,12,12,22,rf,17,1,recorded,0
Subject867_2019_0114_095625_segment13_13,Subject867,13,13,12,rf,17,1,recorded,0
Subject867_2019_0114_095625_segment14_14,Subject867,14,14,13,rf,17,1,recorded,0
Subject867_2019_0114_100932_segment00_00,Subject867,0,0,13,rf,17,1,recorded,0
Subject867_2019_0114_100932_segment01_01,Subject867,1,1,13,rf,17,1,recorded,0
Subject867_2019_0114_100932_segment02_02,Subject867,2,2,21,rf,17,1,recorded,0
Subject867_2019_0114_100932_segment03_03,Subject867,3,3,8,rf,17,1,recorded,0
Subject867_2019_0114_100932_segment04_04,Subject867,4,10,16,rf,17,1,recorded,0
Subject867_2019_0114_100932_segment05_05,Subject867,5,5,16,rf,17,1,recorded,0
Subject867_2019_0114_100932_segment06_06,Subject867,6,6,18,rf,17,1,recorded,0
Subject867_2019_0114_100932_segment07_07,Subject867,7,7,16,rf,17,1,recorded,0
Subject867_2019_0114_100932_segment08_08,Subject867,8,8,17,rf,17,1,recorded,0
Subject867_2019_0114_100932_segment09_09,Subject867,9,9,13,rf,17,1,recorded,0
Subject867_2019_0114_100932_segment10_10,Subject867,10,7,13,rf,17,1,recorded,0
Subject867_2019_0114_100932_segment11_11,Subject867,11,11,14,rf,17,1,recorded,0
Subject867_2019_0114_100932_segment12_12,Subject867,12,12,23,rf,17,1,recorded,0
Subject867_2019_0114_100932_segment13_13,Subject867,13,13,12,rf,17,1,recorded,0
Subject867_2019_0114_100932_segment14_14,Subject867,14,14,11,rf,17,1,recorded,0
Subject867_2019_0121_100318_segment00_00,Subject867,0,0,23,rf,17,1,recorded,0
Subject867_2019_0121_100318_segment01_01,Subject867,1,1,14,rf,17,1,recorded,0
Subject867_2019_0121_100318_segment02_02,Subject867,2,2,21,rf,17,1,recorded,0
Subject867_2019_0121_100318_segment03_03,Subject867,3,3,13,rf,17,1,recorded,0
Subject867_2019_0121_100318_segment04_04,Subject867,4,10,27,rf,17,1,recorded,0
Subject867_2019_0121_100318_segment05_05,Subject867,5,5,26,rf,17,1,recorded,0
Subject867_2019_0121_100318_segment06_06,Subject867,6,6,27,rf,17,1,recorded,0
Subject867_2019_0121_100318_segment07_07,Subject867,7,7,12,rf,17,1,recorded,0
Subject867_2019_0121_100318_segment08_08,Subject867,8,8,25,rf,17,1,recorded,0
Subject867_2019_0121_100318_segment09_09,Subject867,9,9,22,rf,17,1,recorded,0
Subject867_2019_0121_100318_segment10_10,Subject867,10,7,7,rf,17,1,recorded,0
Subject867_2019_0121_100318_segment11_11,Subject867,11,11,19,rf,17,1,recorded,0
Subject867_2019_0121_100318_segment12_12,Subject867,12,12,22,rf,17,1,recorded,0
Subject867_2019_0121_100318_segment13_13,Subject867,13,13,9,rf,17,1,recorded,0
Subject867_2019_0121_100318_segment14_14,Subject867,14,14,17,rf,17,1,recorded,0
Subject867_2019_0121_101655_segment00_00,Subject867,0,0,17,rf,17,1,recorded,0
Subject867_2019_0121_101655_segment01_01,Subject867,1,1,16,rf,17,1,recorded,0
Subject867_2019_0121_101655_segment02_02,Subject867,2,2,28,rf,17,1,recorded,0
Subject867_2019_0121_101655_segment03_03,Subject867,3,3,13,rf,17,1,recorded,0
Subject867_2019_0121_101655_segment04_04,Subject867,4,10,17,rf,17,1,recorded,0
Subject867_2019_0121_101655_segment05_05,Subject867,5,5,19,rf,17,1,recorded,0
Subject867_2019_0121_101655_segment06_06,Subject867,6,6,21,rf,17,1,recorded,0
Subject867_2019_0121_101655_segment07_07,Subject867,7,7,8,rf,17,1,recorded,0
Subject867_2019_0121_101655_segment08_08,Subject867,8,8,18,rf,17,1,recorded,0
Subject867_2019_0121_101655_segment09_09,Subject867,9,9,17,rf,17,1,recorded,0
Subject867_2019_0121_101655_segment10_10,Subject867,10,7,6,rf,17,1,recorded,0
Subject867_2019_0121_101655_segment11_11,Subject867,11,11,16,rf,17,1,recorded,0
Subject867_2019_0121_101655_segment12_12,Subject867,12,12,13,rf,17,1,recorded,0
Subject867_2019_0121_101655_segment13_13,Subject867,13,13,9,rf,17,1,recorded,0
Subject867_2019_0121_101655_segment14_14,Subject867,14,14,14,rf,17,1,recorded,0
Subject890_2019_0129_112929_segment00_00,Subject890,0,0,23,rf,17,1,recorded,0
Subject890_2019_0129_112929_segment01_01,Subject890,1,1,14,rf,17,1,recorded,0
Subject890_2019_0129_112929_segment02_02,Subject890,2,2,29,rf,17,1,recorded,0
Subject890_2019_0129_112929_segment03_03,Subject890,3,3,15,rf,17,1,recorded,0
Subject890_2019_0129_112929_segment04_04,Subject890,4,4,19,rf,17,1,recorded,0
Subject890_2019_0129_112929_segment05_05,Subject890,5,5,49,rf,17,1,recorded,0
Subject890_2019_0129_112929_segment06_06,Subject890,6,6,34,rf,17,1,recorded,0
Subject890_2019_0129_114354_segment00_07,Subject890,7,7,21,rf,17,1,recorded,0
Subject890_2019_0129_114354_segment01_08,Subject890,8,8,25,rf,17,1,recorded,0
Subject890_2019_0129_114354_segment02_09,Subject890,9,9,26,rf,17,1,recorded,0
Subject890_2019_0129_114354_segment03_10,Subject890,10,10,19,rf,17,1,recorded,0
Subject890_2019_0129_114354_segment04_11,Subject890,11,11,16,rf,17,1,recorded,0
Subject890_2019_0129_114354_segment05_12,Subject890,12,12,47,rf,17,1,recorded,0
Subject890_2019_0129_114354_segment06_13,Subject890,13,13,14,rf,17,1,recorded,0
Subject890_2019_0129_114354_segment07_14,Subject890,14,14,16,rf,17,1,recorded,0
Subject890_2019_0129_115324_segment00_00,Subject890,0,0,16,rf,17,1,recorded,0
Subject890_2019_0129_115324_segment01_01,Subject890,1,1,11,rf,17,1,recorded,0
Subject890_2019_0129_115324_segment02_02,Subject890,2,2,22,rf,17,1,recorded,0
Subject890_2019_0129_115324_segment03_03,Subject890,3,3,12,rf,17,1,recorded,0
Subject890_2019_0129_115324_segment04_04,Subject890,4,4,12,rf,17,1,recorded,0
Subject890_2019_0129_115324_segment05_05,Subject890,5,5,41,rf,17,1,recorded,0
Subject890_2019_0129_115324_segment06_06,Subject890,6,6,27,rf,17,1,recorded,0
Subject890_2019_0129_115324_segment07_07,Subject890,7,7,18,rf,17,1,recorded,0
Subject890_2019_0129_115324_segment08_08,Subject890,8,8,21,rf,17,1,recorded,0
Subject890_2019_0129_115324_segment09_09,Subject890,9,9,15,rf,17,1,recorded,0
Subject890_2019_0129_115324_segment10_10,Subject890,10,10,20,rf,17,1,recorded,0
Subject890_2019_0129_115324_segment11_11,Subject890,11,11,15,rf,17,1,recorded,0
Subject890_2019_0129_115324_segment12_12,Subject890,12,12,36,rf,17,1,recorded,0
Subject890_2019_0129_115324_segment13_13,Subject890,13,13,13,rf,17,1,recorded,0
Subject890_2019_0129_115324_segment14_14,Subject890,14,14,19,rf,17,1,recorded,0
Subject969_2019_0116_180835_segment00_00,Subject969,0,0,33,rf,17,1,recorded,0
Subject969_2019_0116_180835_segment01_01,Subject969,1,1,24,rf,17,1,recorded,0
Subject969_2019_0116_180835_segment02_02,Subject969,2,2,31,rf,17,1,recorded,0
Subject969_2019_0116_180835_segment03_03,Subject969,3,3,9,rf,17,1,recorded,0
Subject969_2019_0116_180835_segment04_04,Subject969,4,4,36,rf,17,1,recorded,0
Subject969_2019_0116_180835_segment05_05,Subject969,5,5,30,rf,17,1,recorded,0
Subject969_2019_0116_180835_segment06_06,Subject969,6,6,29,rf,17,1,recorded,0
Subject969_2019_0116_180835_segment07_07,Subject969,7,4,33,rf,17,1,recorded,0
Subject969_2019_0116_180835_segment08_08,Subject969,8,8,39,rf,17,1,recorded,0
Subject969_2019_0116_180835_segment09_09,Subject969,9,9,36,rf,17,1,recorded,0
Subject969_2019_0116_180835_segment10_10,Subject969,10,4,36,rf,17,1,recorded,0
Subject969_2019_0116_180835_segment11_11,Subject969,11,11,25,rf,17,1,recorded,0
Subject969_2019_0116_180835_segment12_12,Subject969,12,12,46,rf,17,1,recorded,0
Subject969_2019_0116_180835_segment13_13,Subject969,13,13,23,rf,17,1,recorded,0
Subject969_2019_0116_180835_segment14_14,Subject969,14,14,26,rf,17,1,recorded,0
Subject969_2019_0116_182431_segment00_04,Subject969,4,4,36,rf,17,1,recorded,0
Subject969_2019_0116_182431_segment01_00,Subject969,0,0,39,rf,17,1,recorded,0
Subject969_2019_0116_182431_segment02_01,Subject969,1,1,23,rf,17,1,recorded,0
Subject969_2019_0116_182431_segment03_02,Subject969,2,2,32,rf,17,1,recorded,0
Subject969_2019_0116_182431_segment04_03,Subject969,3,3,8,rf,17,1,recorded,0
Subject969_2019_0116_182431_segment05_05,Subject969,5,5,30,rf,17,1,recorded,0
Subject969_2019_0116_182431_segment06_06,Subject969,6,6,27,rf,17,1,recorded,0
Subject969_2019_0116_182431_segment07_07,Subject969,7,4,31,rf,17,1,recorded,0
Subject969_2019_0116_182431_segment08_08,Subject969,8,8,37,rf,17,1,recorded,0
Subject969_2019_0116_182431_segment09_09,Subject969,9,9,31,rf,17,1,recorded,0
Subject969_2019_0116_182431_segment10_10,Subject969,10,4,33,rf,17,1,recorded,0
Subject969_2019_0116_182431_segment11_11,Subject969,11,11,22,rf,17,1,recorded,0
Subject969_2019_0116_182431_segment12_12,Subject969,12,12,44,rf,17,1,recorded,0
Subject969_2019_0116_182431_segment13_13,Subject969,13,13,26,rf,17,1,recorded,0
Subject969_2019_0116_182431_segment14_14,Subject969,14,14,28,rf,17,1,recorded,0
Subject226_2019_0116_111425_segment00_00,Subject226,0,2,23,rf,17,1,new,0
Subject226_2019_0116_111425_segment01_01,Subject226,1,1,10,rf,17,1,new,0
Subject226_2019_0116_111425_segment02_02,Subject226,2,2,29,rf,17,1,new,0
Subject226_2019_0116_111425_segment03_03,Subject226,3,3,8,rf,17,1,new,0
Subject226_2019_0116_111425_segment04_04,Subject226,4,10,16,rf,17,1,new,0
Subject226_2019_0116_111425_segment05_05,Subject226,5,5,23,rf,17,1,new,0
Subject226_2019_0116_111425_segment06_06,Subject226,6,6,22,rf,17,1,new,0
Subject226_2019_0116_111425_segment07_07,Subject226,7,7,22,rf,17,1,new,0
Subject226_2019_0116_111425_segment08_08,Subject226,8,8,18,rf,17,1,new,0
Subject226_2019_0116_111425_segment09_09,Subject226,9,9,12,rf,17,1,new,0
Subject226_2019_0116_111425_segment10_10,Subject226,10,10,15,rf,17,1,new,0
Subject226_2019_0116_111425_segment11_11,Subject226,11,14,9,rf,17,1,new,0
Subject226_2019_0116_111425_segment13_12,Subject226,12,12,25,rf,17,1,new,0
Subject226_2019_0116_111425_segment14_13,Subject226,13,13,15,rf,17,1,new,0
Subject226_2019_0116_111425_segment15_14,Subject226,14,14,12,rf,17,1,new,0
Subject226_2019_0116_112900_segment00_00,Subject226,0,8,17,rf,17,1,new,0
Subject226_2019_0116_112900_segment01_01,Subject226,1,1,8,rf,17,1,new,0
Subject226_2019_0116_112900_segment02_02,Subject226,2,2,26,rf,17,1,new,0
Subject226_2019_0116_112900_segment03_03,Subject226,3,3,8,rf,17,1,new,0
Subject226_2019_0116_112900_segment04_04,Subject226,4,7,12,rf,17,1,new,0
Subject226_2019_0116_112900_segment05_05,Subject226,5,5,18,rf,17,1,new,0
Subject226_2019_0116_112900_segment06_06,Subject226,6,6,16,rf,17,1,new,0
Subject226_2019_0116_112900_segment07_07,Subject226,7,7,17,rf,17,1,new,0
Subject226_2019_0116_112900_segment08_08,Subject226,8,8,17,rf,17,1,new,0
Subject226_2019_0116_112900_segment09_09,Subject226,9,9,10,rf,17,1,new,0
Subject226_2019_0116_112900_segment10_10,Subject226,10,10,15,rf,17,1,new,0
Subject226_2019_0116_112900_segment11_11,Subject226,11,14,9,rf,17,1,new,0
Subject226_2019_0116_112900_segment12_12,Subject226,12,12,24,rf,17,1,new,0
Subject226_2019_0116_112900_segment13_13,Subject226,13,13,14,rf,17,1,new,0
Subject226_2019_0116_112900_segment14_14,Subject226,14,14,11,rf,17,1,new,0
Subject353_2019_0107_201808_segment00_00,Subject353,0,5,11,rf,17,1,new,0
Subject353_2019_0107_201808_segment01_01,Subject353,1,1,9,rf,17,1,new,0
Subject353_2019_0107_201808_segment02_02,Subject353,2,2,21,rf,17,1,new,0
Subject353_2019_0107_201808_segment03_03,Subject353,3,3,8,rf,17,1,new,0
Subject353_2019_0107_201808_segment04_04,Subject353,4,4,11,rf,17,1,new,0
Subject353_2019_0107_201808_segment05_05,Subject353,5,5,20,rf,17,1,new,0
Subject353_2019_0107_201808_segment07_06,Subject353,6,6,28,rf,17,1,new,0
Subject353_2019_0107_201808_segment08_07,Subject353,7,10,22,rf,17,1,new,0
Subject353_2019_0107_201808_segment09_08,Subject353,8,8,16,rf,17,1,new,0
Subject353_2019_0107_201808_segment10_09,Subject353,9,9,15,rf,17,1,new,0
Subject353_2019_0107_201808_segment11_10,Subject353,10,10,22,rf,17,1,new,0
Subject353_2019_0107_201808_segment12_11,Subject353,11,11,12,rf,17,1,new,0
Subject353_2019_0107_201808_segment13_12,Subject353,12,12,25,rf,17,1,new,0
Subject353_2019_0107_201808_segment14_13,Subject353,13,13,12,rf,17,1,new,0
Subject353_2019_0107_201808_segment15_14,Subject353,14,14,16,rf,17,1,new,0
Subject353_2019_0107_203456_segment00_00,Subject353,0,5,11,rf,17,1,new,0
Subject353_2019_0107_203456_segment01_01,Subject353,1,1,14,rf,17,1,new,0
Subject353_2019_0107_203456_segment02_02,Subject353,2,2,20,rf,17,1,new,0
Subject353_2019_0107_203456_segment03_03,Subject353,3,3,8,rf,17,1,new,0
Subject353_2019_0107_203456_segment04_04,Subject353,4,4,13,rf,17,1,new,0
Subject353_2019_0107_203456_segment05_05,Subject353,5,5,17,rf,17,1,new,0
Subject353_2019_0107_203456_segment06_06,Subject353,6,6,21,rf,17,1,new,0
Subject353_2019_0107_203456_segment07_07,Subject353,7,7,17,rf,17,1,new,0
Subject353_2019_0107_203456_segment08_08,Subject353,8,8,13,rf,17,1,new,0
Subject353_2019_0107_203456_segment09_09,Subject353,9,9,12,rf,17,1,new,0
Subject353_2019_0107_203456_segment10_10,Subject353,10,10,17,rf,17,1,new,0
Subject353_2019_0107_203456_segment11_11,Subject353,11,11,11,rf,17,1,new,0
Subject353_2019_0107_203456_segment12_12,Subject353,12,12,25,rf,17,1,new,0
Subject353_2019_0107_203456_segment13_13,Subject353,13,13,12,rf,17,1,new,0
Subject353_2019_0107_203456_segment14_14,Subject353,14,14,13,rf,17,1,new,0
Subject353_2019_0124_191856_segment00_00,Subject353,0,8,16,rf,17,1,new,0
Subject353_2019_0124_191856_segment01_01,Subject353,1,1,14,rf,17,1,new,0
Subject353_2019_0124_191856_segment02_02,Subject353,2,2,25,rf,17,1,new,0
Subject353_2019_0124_191856_segment03_03,Subject353,3,3,9,rf,17,1,new,0
Subject353_2019_0124_191856_segment04_04,Subject353,4,4,17,rf,17,1,new,0
Subject353_2019_0124_191856_segment05_05,Subject353,5,5,21,rf,17,1,new,0
Subject353_2019_0124_191856_segment06_06,Subject353,6,6,28,rf,17,1,new,0
Subject353_2019_0124_191856_segment07_07,Subject353,7,10,22,rf,17,1,new,0
Subject353_2019_0124_191856_segment08_08,Subject353,8,8,21,rf,17,1,new,0
Subject353_2019_0124_191856_segment09_09,Subject353,9,9,16,rf,17,1,new,0
Subject353_2019_0124_191856_segment10_10,Subject353,10,10,20,rf,17,1,new,0
Subject353_2019_0124_191856_segment11_11,Subject353,11,11,13,rf,17,1,new,0
Subject353_2019_0124_191856_segment12_12,Subject353,12,12,33,rf,17,1,new,0
Subject353_2019_0124_191856_segment13_13,Subject353,13,13,14,rf,17,1,new,0
Subject353_2019_0124_191856_segment14_14,Subject353,14,14,16,rf,17,1,new,0
Subject353_2019_0124_193722_segment00_00,Subject353,0,5,17,rf,17,1,new,0
Subject353_2019_0124_193722_segment01_01,Subject353,1,1,13,rf,17,1,new,0
Subject353_2019_0124_193722_segment02_02,Subject353,2,2,21,rf,17,1,new,0
Subject353_2019_0124_193722_segment03_03,Subject353,3,3,9,rf,17,1,new,0
Subject353_2019_0124_193722_segment04_04,Subject353,4,4,17,rf,17,1,new,0
Subject353_2019_0124_193722_segment05_05,Subject353,5,5,22,rf,17,1,new,0
Subject353_2019_0124_193722_segment06_06,Subject353,6,6,26,rf,17,1,new,0
Subject353_2019_0124_193722_segment07_07,Subject353,7,10,21,rf,17,1,new,0
Subject353_2019_0124_193722_segment08_08,Subject353,8,8,19,rf,17,1,new,0
Subject353_2019_0124_193722_segment09_09,Subject353,9,9,14,rf,17,1,new,0
Subject353_2019_0124_193722_segment10_10,Subject353,10,10,27,rf,17,1,new,0
Subject353_2019_0124_193722_segment11_11,Subject353,11,11,16,rf,17,1,new,0
Subject353_2019_0124_193722_segment12_12,Subject353,12,12,27,rf,17,1,new,0
Subject353_2019_0124_193722_segment13_13,Subject353,13,13,16,rf,17,1,new,0
Subject353_2019_0124_193722_segment14_14,Subject353,14,14,17,rf,17,1,new,0
Subject516_2019_0109_095949_segment00_00,Subject516,0,0,29,rf,17,1,new,0
Subject516_2019_0109_095949_segment01_01,Subject516,1,1,6,rf,17,1,new,0
Subject516_2019_0109_095949_segment02_02,Subject516,2,2,19,rf,17,1,new,0
Subject516_2019_0109_095949_segment03_03,Subject516,3,3,8,rf,17,1,new,0
Subject516_2019_0109_095949_segment04_04,Subject516,4,4,21,rf,17,1,new,0
Subject516_2019_0109_095949_segment05_05,Subject516,5,5,28,rf,17,1,new,0
Subject516_2019_0109_095949_segment06_06,Subject516,6,6,29,rf,17,1,new,0
Subject516_2019_0109_095949_segment07_07,Subject516,7,7,11,rf,17,1,new,0
Subject516_2019_0109_095949_segment08_08,Subject516,8,8,38,rf,17,1,new,0
Subject516_2019_0109_095949_segment09_09,Subject516,9,9,21,rf,17,1,new,0
Subject516_2019_0109_095949_segment10_10,Subject516,10,4,17,rf,17,1,new,0
Subject516_2019_0109_095949_segment11_11,Subject516,11,11,12,rf,17,1,new,0
Subject516_2019_0109_095949_segment12_12,Subject516,12,12,18,rf,17,1,new,0
Subject516_2019_0109_095949_segment13_13,Subject516,13,7,6,rf,17,1,new,0
Subject516_2019_0109_095949_segment14_14,Subject516,14,14,14,rf,17,1,new,0
Subject516_2019_0109_101116_segment00_00,Subject516,0,0,24,rf,17,1,new,0
Subject516_2019_0109_101116_segment01_01,Subject516,1,1,6,rf,17,1,new,0
Subject516_2019_0109_101116_segment02_02,Subject516,2,2,18,rf,17,1,new,0
Subject516_2019_0109_101116_segment03_03,Subject516,3,3,7,rf,17,1,new,0
Subject516_2019_0109_101116_segment04_04,Subject516,4,4,17,rf,17,1,new,0
Subject516_2019_0109_101116_segment05_05,Subject516,5,5,22,rf,17,1,new,0
Subject516_2019_0109_101116_segment06_06,Subject516,6,6,24,rf,17,1,new,0
Subject516_2019_0109_101116_segment07_07,Subject516,7,7,11,rf,17,1,new,0
Subject516_2019_0109_101116_segment08_08,Subject516,8,8,28,rf,17,1,new,0
Subject516_2019_0109_101116_segment09_09,Subject516,9,9,16,rf,17,1,new,0
Subject516_2019_0109_101116_segment10_10,Subject516,10,10,14,rf,17,1,new,0
Subject516_2019_0109_101116_segment11_11,Subject516,11,11,10,rf,17,1,new,0
Subject516_2019_0109_101116_segment12_12,Subject516,12,12,18,rf,17,1,new,0
Subject516_2019_0109_101116_segment13_13,Subject516,13,13,8,rf,17,1,new,0
Subject516_2019_0109_101116_segment14_14,Subject516,14,14,14,rf,17,1,new,0
Subject561_2019_0117_110245_segment00_00,Subject561,0,0,24,rf,17,1,new,0
Subject561_2019_0117_110245_segment01_01,Subject561,1,1,16,rf,17,1,new,0
Subject561_2019_0117_110245_segment02_02,Subject561,2,2,22,rf,17,1,new,0
Subject561_2019_0117_110245_segment03_03,Subject561,3,3,16,rf,17,1,new,0
Subject561_2019_0117_110245_segment04_04,Subject561,4,4,31,rf,17,1,new,0
Subject561_2019_0117_110245_segment05_05,Subject561,5,5,20,rf,17,1,new,0
Subject561_2019_0117_110245_segment06_06,Subject561,6,6,22,rf,17,1,new,0
Subject561_2019_0117_110245_segment07_07,Subject561,7,4,32,rf,17,1,new,0
Subject561_2019_0117_110245_segment08_08,Subject561,8,8,23,rf,17,1,new,0
Subject561_2019_0117_110245_segment09_09,Subject561,9,9,29,rf,17,1,new,0
Subject561_2019_0117_110245_segment10_10,Subject561,10,4,24,rf,17,1,new,0
Subject561_2019_0117_110245_segment11_11,Subject561,11,6,21,rf,17,1,new,0
Subject561_2019_0117_110245_segment12_12,Subject561,12,12,24,rf,17,1,new,0
Subject561_2019_0117_110245_segment13_13,Subject561,13,5,18,rf,17,1,new,0
Subject561_2019_0117_110245_segment14_14,Subject561,14,14,25,rf,17,1,new,0
Subject561_2019_0117_111629_segment00_00,Subject561,0,0,26,rf,17,1,new,0
Subject561_2019_0117_111629_segment01_01,Subject561,1,1,21,rf,17,1,new,0
Subject561_2019_0117_111629_segment02_02,Subject561,2,2,27,rf,17,1,new,0
Subject561_2019_0117_111629_segment03_03,Subject561,3,3,19,rf,17,1,new,0
Subject561_2019_0117_111629_segment04_04,Subject561,4,4,27,rf,17,1,new,0
Subject561_2019_0117_111629_segment05_05,Subject561,5,5,19,rf,17,1,new,0
Subject561_2019_0117_111629_segment06_06,Subject561,6,6,25,rf,17,1,new,0
Subject561_2019_0117_111629_segment07_07,Subject561,7,7,30,rf,17,1,new,0
Subject561_2019_0117_111629_segment08_08,Subject561,8,8,31,rf,17,1,new,0
Subject561_2019_0117_111629_segment09_09,Subject561,9,9,28,rf,17,1,new,0
Subject561_2019_0117_111629_segment10_10,Subject561,10,4,23,rf,17,1,new,0
Subject561_2019_0117_111629_segment11_11,Subject561,11,6,18,rf,17,1,new,0
Subject561_2019_0117_111629_segment12_12,Subject561,12,12,19,rf,17,1,new,0
Subject561_2019_0117_111629_segment13_13,Subject561,13,5,23,rf,17,1,new,0
Subject561_2019_0117_111629_segment14_14,Subject561,14,14,31,rf,17,1,new,0
Subject561_2019_0125_110712_segment00_00,Subject561,0,0,23,rf,17,1,new,0
Subject561_2019_0125_110712_segment01_01,Subject561,1,1,18,rf,17,1,new,0
Subject561_2019_0125_110712_segment02_02,Subject561,2,2,40,rf,17,1,new,0
Subject561_2019_0125_110712_segment03_03,Subject561,3,3,20,rf,17,1,new,0
Subject561_2019_0125_110712_segment04_04,Subject561,4,4,40,rf,17,1,new,0
Subject561_2019_0125_110712_segment05_05,Subject561,5,5,37,rf,17,1,new,0
Subject561_2019_0125_110712_segment06_06,Subject561,6,6,33,rf,17,1,new,0
Subject561_2019_0125_110712_segment07_07,Subject561,7,4,38,rf,17,1,new,0
Subject561_2019_0125_110712_segment08_08,Subject561,8,8,44,rf,17,1,new,0
Subject561_2019_0125_110712_segment09_09,Subject561,9,9,39,rf,17,1,new,0
Subject561_2019_0125_110712_segment10_10,Subject561,10,10,35,rf,17,1,new,0
Subject561_2019_0125_110712_segment11_11,Subject561,11,6,24,rf,17,1,new,0
Subject561_2019_0125_110712_segment12_12,Subject561,12,12,38,rf,17,1,new,0
Subject561_2019_0125_110712_segment13_13,Subject561,13,5,33,rf,17,1,new,0
Subject561_2019_0125_110712_segment14_14,Subject561,14,14,38,rf,17,1,new,0
Subject561_2019_0125_112503_segment00_00,Subject561,0,0,37,rf,17,1,new,0
Subject561_2019_0125_112503_segment01_01,Subject561,1,1,19,rf,17,1,new,0
Subject561_2019_0125_112503_segment02_02,Subject561,2,2,41,rf,17,1,new,0
Subject561_2019_0125_112503_segment03_03,Subject561,3,3,14,rf,17,1,new,0
Subject561_2019_0125_112503_segment04_04,Subject561,4,4,33,rf,17,1,new,0
Subject561_2019_0125_112503_segment05_05,Subject561,5,5,25,rf,17,1,new,0
Subject561_2019_0125_112503_segment06_06,Subject561,6,6,30,rf,17,1,new,0
Subject561_2019_0125_112503_segment07_07,Subject561,7,10,38,rf,17,1,new,0
Subject561_2019_0125_112503_segment08_08,Subject561,8,8,29,rf,17,1,new,0
Subject561_2019_0125_112503_segment09_09,Subject561,9,9,28,rf,17,1,new,0
Subject561_2019_0125_112503_segment10_10,Subject561,10,10,21,rf,17,1,new,0
Subject561_2019_0125_112503_segment11_11,Subject561,11,11,24,rf,17,1,new,0
Subject561_2019_0125_112503_segment12_12,Subject561,12,12,19,rf,17,1,new,0
Subject561_2019_0125_112503_segment13_13,Subject561,13,5,25,rf,17,1,new,0
Subject561_2019_0125_112503_segment14_14,Subject561,14,14,29,rf,17,1,new,0
Subject819_2019_0122_140145_segment00_00,Subject819,0,0,21,rf,17,1,new,0
Subject819_2019_0122_140145_segment01_01,Subject819,1,1,17,rf,17,1,new,0
Subject819_2019_0122_140145_segment02_02,Subject819,2,2,31,rf,17,1,new,0
Subject819_2019_0122_140145_segment04_03,Subject819,3,3,8,rf,17,1,new,0
Subject819_2019_0122_140145_segment05_04,Subject819,4,4,18,rf,17,1,new,0
Subject819_2019_0122_140145_segment06_05,Subject819,5,5,25,rf,17,1,new,0
Subject819_2019_0122_140145_segment08_06,Subject819,6,6,24,rf,17,1,new,0
Subject819_2019_0122_140145_segment09_07,Subject819,7,7,14,rf,17,1,new,0
Subject819_2019_0122_140145_segment10_08,Subject819,8,8,17,rf,17,1,new,0
Subject819_2019_0122_140145_segment11_09,Subject819,9,9,22,rf,17,1,new,0
Subject819_2019_0122_140145_segment12_10,Subject819,10,10,17,rf,17,1,new,0
Subject819_2019_0122_140145_segment13_11,Subject819,11,11,18,rf,17,1,new,0
Subject819_2019_0122_140145_segment14_12,Subject819,12,12,20,rf,17,1,new,0
Subject819_2019_0122_140145_segment15_13,Subject819,13,13,11,rf,17,1,new,0
Subject819_2019_0122_140145_segment16_14,Subject819,14,14,17,rf,17,1,new,0
Subject819_2019_0122_142123_segment00_00,Subject819,0,0,18,rf,17,1,new,0
Subject819_2019_0122_142123_segment01_01,Subject819,1,1,15,rf,17,1,new,0
Subject819_2019_0122_142123_segment02_02,Subject819,2,2,22,rf,17,1,new,0
Subject819_2019_0122_142123_segment03_03,Subject819,3,3,6,rf,17,1,new,0
Subject819_2019_0122_142123_segment04_04,Subject819,4,4,19,rf,17,1,new,0
Subject819_2019_0122_142123_segment05_05,Subject819,5,5,25,rf,17,1,new,0
Subject819_2019_0122_142123_segment06_06,Subject819,6,6,23,rf,17,1,new,0
Subject819_2019_0122_142123_segment07_07,Subject819,7,13,13,rf,17,1,new,0
Subject819_2019_0122_142123_segment08_08,Subject819,8,8,19,rf,17,1,new,0
Subject819_2019_0122_142123_segment09_09,Subject819,9,9,20,rf,17,1,new,0
Subject819_2019_0122_142123_segment10_10,Subject819,10,10,16,rf,17,1,new,0
Subject819_2019_0122_142123_segment11_11,Subject819,11,11,19,rf,17,1,new,0
Subject819_2019_0122_142123_segment12_12,Subject819,12,12,20,rf,17,1,new,0
Subject819_2019_0122_142123_segment13_13,Subject819,13,13,12,rf,17,1,new,0
Subject819_2019_0122_142123_segment14_14,Subject819,14,14,18,rf,17,1,new,0
Subject819_2019_0124_110421_segment00_00,Subject819,0,0,19,rf,17,1,new,0
Subject819_2019_0124_110421_segment01_01,Subject819,1,1,16,rf,17,1,new,0
Subject819_2019_0124_110421_segment02_02,Subject819,2,2,23,rf,17,1,new,0
Subject819_2019_0124_110421_segment03_03,Subject819,3,3,6,rf,17,1,new,0
Subject819_2019_0124_110421_segment04_04,Subject819,4,4,20,rf,17,1,new,0
Subject819_2019_0124_110421_segment05_05,Subject819,5,5,28,rf,17,1,new,0
Subject819_2019_0124_110421_segment06_06,Subject819,6,6,25,rf,17,1,new,0
Subject819_2019_0124_110421_segment07_07,Subject819,7,7,12,rf,17,1,new,0
Subject819_2019_0124_110421_segment08_08,Subject819,8,4,18,rf,17,1,new,0
Subject819_2019_0124_110421_segment09_09,Subject819,9,9,21,rf,17,1,new,0
Subject819_2019_0124_110421_segment10_10,Subject819,10,10,19,rf,17,1,new,0
Subject819_2019_0124_110421_segment11_11,Subject819,11,11,22,rf,17,1,new,0
Subject819_2019_0124_110421_segment12_12,Subject819,12,12,21,rf,17,1,new,0
Subject819_2019_0124_110421_segment13_13,Subject819,13,13,11,rf,17,1,new,0
Subject819_2019_0124_110421_segment14_14,Subject819,14,14,18,rf,17,1,new,0
Subject819_2019_0124_111847_segment00_00,Subject819,0,0,17,rf,17,1,new,0
Subject819_2019_0124_111847_segment01_01,Subject819,1,1,16,rf,17,1,new,0
Subject819_2019_0124_111847_segment02_02,Subject819,2,2,23,rf,17,1,new,0
Subject819_2019_0124_111847_segment03_03,Subject819,3,3,7,rf,17,1,new,0
Subject819_2019_0124_111847_segment04_04,Subject819,4,4,20,rf,17,1,new,0
Subject819_2019_0124_111847_segment05_05,Subject819,5,5,26,rf,17,1,new,0
Subject819_2019_0124_111847_segment06_06,Subject819,6,6,22,rf,17,1,new,0
Subject819_2019_0124_111847_segment07_07,Subject819,7,7,12,rf,17,1,new,0
Subject819_2019_0124_111847_segment08_08,Subject819,8,4,19,rf,17,1,new,0
Subject819_2019_0124_111847_segment09_09,Subject819,9,9,22,rf,17,1,new,0
Subject819_2019_0124_111847_segment10_10,Subject819,10,10,18,rf,17,1,new,0
Subject819_2019_0124_111847_segment11_11,Subject819,11,11,21,rf,17,1,new,0
Subject819_2019_0124_111847_segment12_12,Subject819,12,12,22,rf,17,1,new,0
Subject819_2019_0124_111847_segment13_13,Subject819,13,13,11,rf,17,1,new,0
Subject819_2019_0124_111847_segment14_14,Subject819,14,14,17,rf,17,1,new,0
Subject877_2019_0122_110550_segment00_00,Subject877,0,0,22,rf,17,1,new,0
Subject877_2019_0122_110550_segment01_01,Subject877,1,1,11,rf,17,1,new,0
Subject877_2019_0122_110550_segment02_02,Subject877,2,2,23,rf,17,1,new,0
Subject877_2019_0122_110550_segment03_03,Subject877,3,3,13,rf,17,1,new,0
Subject877_2019_0122_110550_segment04_04,Subject877,4,4,15,rf,17,1,new,0
Subject877_2019_0122_110550_segment05_05,Subject877,5,5,22,rf,17,1,new,0
Subject877_2019_0122_110550_segment06_06,Subject877,6,6,20,rf,17,1,new,0
Subject877_2019_0122_110550_segment07_07,Subject877,7,7,24,rf,17,1,new,0
Subject877_2019_0122_110550_segment08_08,Subject877,8,8,19,rf,17,1,new,0
Subject877_2019_0122_110550_segment09_09,Subject877,9,9,27,rf,17,1,new,0
Subject877_2019_0122_110550_segment10_10,Subject877,10,10,15,rf,17,1,new,0
Subject877_2019_0122_110550_segment11_11,Subject877,11,11,17,rf,17,1,new,0
Subject877_2019_0122_110550_segment12_12,Subject877,12,12,23,rf,17,1,new,0
Subject877_2019_0122_110550_segment13_13,Subject877,13,13,20,rf,17,1,new,0
Subject877_2019_0122_110550_segment14_14,Subject877,14,14,19,rf,17,1,new,0
Subject877_2019_0122_111932_segment00_00,Subject877,0,0,18,rf,17,1,new,0
Subject877_2019_0122_111932_segment01_01,Subject877,1,1,12,rf,17,1,new,0
Subject877_2019_0122_111932_segment02_02,Subject877,2,2,23,rf,17,1,new,0
Subject877_2019_0122_111932_segment03_03,Subject877,3,3,18,rf,17,1,new,0
Subject877_2019_0122_111932_segment04_04,Subject877,4,4,17,rf,17,1,new,0
Subject877_2019_0122_111932_segment05_05,Subject877,5,5,17,rf,17,1,new,0
Subject877_2019_0122_111932_segment06_06,Subject877,6,11,20,rf,17,1,new,0
Subject877_2019_0122_111932_segment07_07,Subject877,7,7,20,rf,17,1,new,0
Subject877_2019_0122_111932_segment08_08,Subject877,8,8,19,rf,17,1,new,0
Subject877_2019_0122_111932_segment09_09,Subject877,9,9,22,rf,17,1,new,0
Subject877_2019_0122_111932_segment10_10,Subject877,10,10,18,rf,17,1,new,0
Subject877_2019_0122_111932_segment11_11,Subject877,11,11,19,rf,17,1,new,0
Subject877_2019_0122_111932_segment12_12,Subject877,12,12,21,rf,17,1,new,0
Subject877_2019_0122_111932_segment13_13,Subject877,13,13,17,rf,17,1,new,0
Subject877_2019_0122_111932_segment14_14,Subject877,14,14,19,rf,17,1,new,0
Subject877_2019_0125_114556_segment00_00,Subject877,0,0,30,rf,17,1,new,0
Subject877_2019_0125_114556_segment01_01,Subject877,1,1,17,rf,17,1,new,0
Subject877_2019_0125_114556_segment02_02,Subject877,2,2,31,rf,17,1,new,0
Subject877_2019_0125_114556_segment03_03,Subject877,3,3,18,rf,17,1,new,0
Subject877_2019_0125_114556_segment04_04,Subject877,4,4,16,rf,17,1,new,0
Subject877_2019_0125_114556_segment05_05,Subject877,5,5,24,rf,17,1,new,0
Subject877_2019_0125_114556_segment06_06,Subject877,6,6,27,rf,17,1,new,0
Subject877_2019_0125_114556_segment07_07,Subject877,7,7,24,rf,17,1,new,0
Subject877_2019_0125_114556_segment08_08,Subject877,8,8,29,rf,17,1,new,0
Subject877_2019_0125_114556_segment09_09,Subject877,9,9,29,rf,17,1,new,0
Subject877_2019_0125_114556_segment10_10,Subject877,10,10,22,rf,17,1,new,0
Subject877_2019_0125_114556_segment11_11,Subject877,11,11,19,rf,17,1,new,0
Subject877_2019_0125_114556_segment12_12,Subject877,12,12,31,rf,17,1,new,0
Subject877_2019_0125_114556_segment13_13,Subject877,13,13,29,rf,17,1,new,0
Subject877_2019_0125_114556_segment14_14,Subject877,14,14,21,rf,17,1,new,0
Subject877_2019_0125_120055_segment00_00,Subject877,0,0,24,rf,17,1,new,0
Subject877_2019_0125_120055_segment01_01,Subject877,1,1,13,rf,17,1,new,0
Subject877_2019_0125_120055_segment02_02,Subject877,2,2,28,rf,17,1,new,0
Subject877_2019_0125_120055_segment03_03,Subject877,3,3,13,rf,17,1,new,0
Subject877_2019_0125_120055_segment04_04,Subject877,4,4,15,rf,17,1,new,0
Subject877_2019_0125_120055_segment05_05,Subject877,5,5,23,rf,17,1,new,0
Subject877_2019_0125_120055_segment06_06,Subject877,6,6,25,rf,17,1,new,0
Subject877_2019_0125_120055_segment07_07,Subject877,7,7,23,rf,17,1,new,0
Subject877_2019_0125_120055_segment08_08,Subject877,8,8,25,rf,17,1,new,0
Subject877_2019_0125_120055_segment09_09,Subject877,9,9,20,rf,17,1,new,0
Subject877_2019_0125_120055_segment10_10,Subject877,10,10,16,rf,17,1,new,0
Subject877_2019_0125_120055_segment11_11,Subject877,11,11,21,rf,17,1,new,0
Subject877_2019_0125_120055_segment12_12,Subject877,12,12,28,rf,17,1,new,0
Subject877_2019_0125_120055_segment13_13,Subject877,13,13,22,rf,17,1,new,0
Subject877_2019_0125_120055_segment14_14,Subject877,14,14,20,rf,17,1,new,0
Subject139_2019_0121_105610_segment00_00,Subject139,0,0,18,rf,17,2,recorded,0
Subject139_2019_0121_105610_segment01_01,Subject139,1,1,23,rf,17,2,recorded,0
Subject139_2019_0121_105610_segment02_02,Subject139,2,2,21,rf,17,2,recorded,0
Subject139_2019_0121_105610_segment03_03,Subject139,3,3,6,rf,17,2,recorded,0
Subject139_2019_0121_105610_segment04_04,Subject139,4,4,20,rf,17,2,recorded,0
Subject139_2019_0121_105610_segment05_05,Subject139,5,5,23,rf,17,2,recorded,0
Subject139_2019_0121_105610_segment06_06,Subject139,6,6,17,rf,17,2,recorded,0
Subject139_2019_0121_105610_segment07_07,Subject139,7,7,13,rf,17,2,recorded,0
Subject139_2019_0121_105610_segment08_08,Subject139,8,8,18,rf,17,2,recorded,0
Subject139_2019_0121_105610_segment09_09,Subject139,9,9,19,rf,17,2,recorded,0
Subject139_2019_0121_105610_segment10_10,Subject139,10,10,18,rf,17,2,recorded,0
Subject139_2019_0121_105610_segment11_11,Subject139,11,11,15,rf,17,2,recorded,0
Subject139_2019_0121_105610_segment12_12,Subject139,12,12,21,rf,17,2,recorded,0
Subject139_2019_0121_105610_segment13_13,Subject139,13,7,11,rf,17,2,recorded,0
Subject139_2019_0121_105610_segment14_14,Subject139,14,14,16,rf,17,2,recorded,0
Subject139_2019_0121_111009_segment00_00,Subject139,0,0,19,rf,17,2,recorded,0
Subject139_2019_0121_111009_segment01_01,Subject139,1,1,23,rf,17,2,recorded,0
Subject139_2019_0121_111009_segment02_02,Subject139,2,2,23,rf,17,2,recorded,0
Subject139_2019_0121_111009_segment03_03,Subject139,3,3,7,rf,17,2,recorded,0
Subject139_2019_0121_111009_segment04_04,Subject139,4,4,24,rf,17,2,recorded,0
Subject139_2019_0121_111009_segment05_05,Subject139,5,5,27,rf,17,2,recorded,0
Subject139_2019_0121_111009_segment06_06,Subject139,6,6,20,rf,17,2,recorded,0
Subject139_2019_0121_111009_segment07_07,Subject139,7,7,17,rf,17,2,recorded,0
Subject139_2019_0121_111009_segment08_08,Subject139,8,8,21,rf,17,2,recorded,0
Subject139_2019_0121_111009_segment09_09,Subject139,9,9,22,rf,17,2,recorded,0
Subject139_2019_0121_111009_segment10_10,Subject139,10,10,22,rf,17,2,recorded,0
Subject139_2019_0121_111009_segment11_11,Subject139,11,11,18,rf,17,2,recorded,0
Subject139_2019_0121_111009_segment12_12,Subject139,12,12,22,rf,17,2,recorded,0
Subject139_2019_0121_111009_segment13_13,Subject139,13,7,13,rf,17,2,recorded,0
Subject139_2019_0121_111009_segment14_14,Subject139,14,14,17,rf,17,2,recorded,0
Subject139_2019_0128_110603_segment00_00,Subject139,0,0,15,rf,17,2,recorded,0
Subject139_2019_0128_110603_segment01_01,Subject139,1,1,16,rf,17,2,recorded,0
Subject139_2019_0128_110603_segment02_02,Subject139,2,2,18,rf,17,2,recorded,0
Subject139_2019_0128_110603_segment03_03,Subject139,3,3,6,rf,17,2,recorded,0
Subject139_2019_0128_110603_segment04_04,Subject139,4,4,17,rf,17,2,recorded,0
Subject139_2019_0128_110603_segment05_05,Subject139,5,5,25,rf,17,2,recorded,0
Subject139_2019_0128_110603_segment06_06,Subject139,6,6,16,rf,17,2,recorded,0
Subject139_2019_0128_110603_segment07_07,Subject139,7,7,14,rf,17,2,recorded,0
Subject139_2019_0128_110603_segment08_08,Subject139,8,8,19,rf,17,2,recorded,0
Subject139_2019_0128_110603_segment09_09,Subject139,9,9,18,rf,17,2,recorded,0
Subject139_2019_0128_110603_segment10_10,Subject139,10,10,19,rf,17,2,recorded,0
Subject139_2019_0128_110603_segment11_11,Subject139,11,11,15,rf,17,2,recorded,0
Subject139_2019_0128_110603_segment12_12,Subject139,12,12,20,rf,17,2,recorded,0
Subject139_2019_0128_110603_segment13_13,Subject139,13,7,11,rf,17,2,recorded,0
Subject139_2019_0128_110603_segment14_14,Subject139,14,14,14,rf,17,2,recorded,0
Subject139_2019_0128_112001_segment00_00,Subject139,0,0,18,rf,17,2,recorded,0
Subject139_2019_0128_112001_segment01_01,Subject139,1,1,19,rf,17,2,recorded,0
Subject139_2019_0128_112001_segment02_02,Subject139,2,2,20,rf,17,2,recorded,0
Subject139_2019_0128_112001_segment03_03,Subject139,3,3,7,rf,17,2,recorded,0
Subject139_2019_0128_112001_segment04_04,Subject139,4,4,19,rf,17,2,recorded,0
Subject139_2019_0128_112001_segment05_05,Subject139,5,5,25,rf,17,2,recorded,0
Subject139_2019_0128_112001_segment06_06,Subject139,6,6,16,rf,17,2,recorded,0
Subject139_2019_0128_112001_segment07_07,Subject139,7,7,13,rf,17,2,recorded,0
Subject139_2019_0128_112001_segment08_08,Subject139,8,8,17,rf,17,2,recorded,0
Subject139_2019_0128_112001_segment09_09,Subject139,9,9,18,rf,17,2,recorded,0
Subject139_2019_0128_112001_segment10_10,Subject139,10,10,18,rf,17,2,recorded,0
Subject139_2019_0128_112001_segment11_11,Subject139,11,11,13,rf,17,2,recorded,0
Subject139_2019_0128_112001_segment12_12,Subject139,12,12,20,rf,17,2,recorded,0
Subject139_2019_0128_112001_segment13_13,Subject139,13,13,12,rf,17,2,recorded,0
Subject139_2019_0128_112001_segment14_14,Subject139,14,14,15,rf,17,2,recorded,0
Subject147_2019_0123_101038_segment00_00,Subject147,0,0,15,rf,17,2,recorded,0
Subject147_2019_0123_101038_segment01_01,Subject147,1,1,18,rf,17,2,recorded,0
Subject147_2019_0123_101038_segment02_02,Subject147,2,2,24,rf,17,2,recorded,0
Subject147_2019_0123_101038_segment03_03,Subject147,3,3,5,rf,17,2,recorded,0
Subject147_2019_0123_101038_segment04_03,Subject147,3,3,8,rf,17,2,recorded,0
Subject147_2019_0123_101038_segment05_04,Subject147,4,4,20,rf,17,2,recorded,0
Subject147_2019_0123_101038_segment06_05,Subject147,5,5,18,rf,17,2,recorded,0
Subject147_2019_0123_101038_segment07_06,Subject147,6,6,21,rf,17,2,recorded,0
Subject147_2019_0123_101038_segment08_07,Subject147,7,7,19,rf,17,2,recorded,0
Subject147_2019_0123_101038_segment09_08,Subject147,8,8,18,rf,17,2,recorded,0
Subject147_2019_0123_101038_segment10_09,Subject147,9,9,19,rf,17,2,recorded,0
Subject147_2019_0123_101038_segment11_10,Subject147,10,10,10,rf,17,2,recorded,0
Subject147_2019_0123_101038_segment12_11,Subject147,11,11,10,rf,17,2,recorded,0
Subject147_2019_0123_101038_segment13_12,Subject147,12,12,19,rf,17,2,recorded,0
Subject147_2019_0123_101038_segment14_13,Subject147,13,13,11,rf,17,2,recorded,0
Subject147_2019_0123_101038_segment15_14,Subject147,14,14,16,rf,17,2,recorded,0
Subject147_2019_0123_103220_segment00_00,Subject147,0,0,17,rf,17,2,recorded,0
Subject147_2019_0123_103220_segment01_01,Subject147,1,1,23,rf,17,2,recorded,0
Subject147_2019_0123_103220_segment02_02,Subject147,2,2,25,rf,17,2,recorded,0
Subject147_2019_0123_103220_segment03_03,Subject147,3,3,8,rf,17,2,recorded,0
Subject147_2019_0123_103220_segment04_04,Subject147,4,10,16,rf,17,2,recorded,0
Subject147_2019_0123_103220_segment05_05,Subject147,5,5,15,rf,17,2,recorded,0
Subject147_2019_0123_103220_segment06_06,Subject147,6,6,19,rf,17,2,recorded,0
Subject147_2019_0123_103220_segment07_07,Subject147,7,7,13,rf,17,2,recorded,0
Subject147_2019_0123_103220_segment08_08,Subject147,8,8,15,rf,17,2,recorded,0
Subject147_2019_0123_103220_segment09_09,Subject147,9,9,17,rf,17,2,recorded,0
Subject147_2019_0123_103220_segment10_10,Subject147,10,10,9,rf,17,2,recorded,0
Subject147_2019_0123_103220_segment11_11,Subject147,11,11,9,rf,17,2,recorded,0
Subject147_2019_0123_103220_segment12_12,Subject147,12,12,19,rf,17,2,recorded,0
Subject147_2019_0123_103220_segment13_13,Subject147,13,13,11,rf,17,2,recorded,0
Subject147_2019_0123_103220_segment14_14,Subject147,14,14,15,rf,17,2,recorded,0
Subject352_2019_0114_153119_segment00_00,Subject352,0,0,31,rf,17,2,recorded,0
Subject352_2019_0114_153119_segment01_01,Subject352,1,1,26,rf,17,2,recorded,0
Subject352_2019_0114_153119_segment02_02,Subject352,2,0,28,rf,17,2,recorded,0
Subject352_2019_0114_153119_segment03_03,Subject352,3,3,9,rf,17,2,recorded,0
Subject352_2019_0114_153119_segment04_04,Subject352,4,8,30,rf,17,2,recorded,0
Subject352_2019_0114_153119_segment05_05,Subject352,5,5,30,rf,17,2,recorded,0
Subject352_2019_0114_153119_segment06_06,Subject352,6,6,27,rf,17,2,recorded,0
Subject352_2019_0114_153119_segment07_07,Subject352,7,7,17,rf,17,2,recorded,0
Subject352_2019_0114_153119_segment08_08,Subject352,8,8,36,rf,17,2,recorded,0
Subject352_2019_0114_153119_segment09_09,Subject352,9,9,29,rf,17,2,recorded,0
Subject352_2019_0114_153119_segment10_10,Subject352,10,10,22,rf,17,2,recorded,0
Subject352_2019_0114_153119_segment11_11,Subject352,11,11,24,rf,17,2,recorded,0
Subject352_2019_0114_153119_segment12_12,Subject352,12,12,28,rf,17,2,recorded,0
Subject352_2019_0114_153119_segment13_13,Subject352,13,13,17,rf,17,2,recorded,0
Subject352_2019_0114_153119_segment14_14,Subject352,14,14,20,rf,17,2,recorded,0
Subject352_2019_0114_154611_segment00_00,Subject352,0,0,26,rf,17,2,recorded,0
Subject352_2019_0114_154611_segment01_01,Subject352,1,1,24,rf,17,2,recorded,0
Subject352_2019_0114_154611_segment02_02,Subject352,2,0,27,rf,17,2,recorded,0
Subject352_2019_0114_154611_segment03_03,Subject352,3,3,9,rf,17,2,recorded,0
Subject352_2019_0114_154611_segment04_04,Subject352,4,4,30,rf,17,2,recorded,0
Subject352_2019_0114_154611_segment05_05,Subject352,5,5,25,rf,17,2,recorded,0
Subject352_2019_0114_154611_segment06_06,Subject352,6,6,26,rf,17,2,recorded,0
Subject352_2019_0114_154611_segment07_07,Subject352,7,7,16,rf,17,2,recorded,0
Subject352_2019_0114_154611_segment08_08,Subject352,8,8,29,rf,17,2,recorded,0
Subject352_2019_0114_154611_segment09_09,Subject352,9,9,25,rf,17,2,recorded,0
Subject352_2019_0114_154611_segment10_10,Subject352,10,10,22,rf,17,2,recorded,0
Subject352_2019_0114_154611_segment11_11,Subject352,11,11,25,rf,17,2,recorded,0
Subject352_2019_0114_154611_segment13_12,Subject352,12,12,26,rf,17,2,recorded,0
Subject352_2019_0114_154611_segment14_13,Subject352,13,13,16,rf,17,2,recorded,0
Subject352_2019_0114_154611_segment15_14,Subject352,14,14,19,rf,17,2,recorded,0
Subject354_2019_0110_150141_segment00_00,Subject354,0,0,11,rf,17,2,recorded,0
Subject354_2019_0110_150141_segment01_01,Subject354,1,1,10,rf,17,2,recorded,0
Subject354_2019_0110_150141_segment02_02,Subject354,2,2,27,rf,17,2,recorded,0
Subject354_2019_0110_150141_segment03_03,Subject354,3,3,8,rf,17,2,recorded,0
Subject354_2019_0110_150141_segment04_04,Subject354,4,4,14,rf,17,2,recorded,0
Subject354_2019_0110_150141_segment05_05,Subject354,5,5,18,rf,17,2,recorded,0
Subject354_2019_0110_150141_segment06_06,Subject354,6,6,17,rf,17,2,recorded,0
Subject354_2019_0110_150141_segment07_08,Subject354,8,8,17,rf,17,2,recorded,0
Subject354_2019_0110_150141_segment08_07,Subject354,7,7,17,rf,17,2,recorded,0
Subject354_2019_0110_150141_segment09_09,Subject354,9,9,13,rf,17,2,recorded,0
Subject354_2019_0110_150141_segment10_10,Subject354,10,10,11,rf,17,2,recorded,0
Subject354_2019_0110_150141_segment11_11,Subject354,11,11,13,rf,17,2,recorded,0
Subject354_2019_0110_150141_segment12_12,Subject354,12,12,31,rf,17,2,recorded,0
Subject354_2019_0110_150141_segment13_13,Subject354,13,13,10,rf,17,2,recorded,0
Subject354_2019_0110_150141_segment14_14,Subject354,14,14,16,rf,17,2,recorded,0
Subject354_2019_0110_151256_segment00_00,Subject354,0,0,13,rf,17,2,recorded,0
Subject354_2019_0110_151256_segment01_01,Subject354,1,1,11,rf,17,2,recorded,0
Subject354_2019_0110_151256_segment02_02,Subject354,2,2,26,rf,17,2,recorded,0
Subject354_2019_0110_151256_segment03_03,Subject354,3,3,8,rf,17,2,recorded,0
Subject354_2019_0110_151256_segment04_04,Subject354,4,4,14,rf,17,2,recorded,0
Subject354_2019_0110_151256_segment05_05,Subject354,5,5,17,rf,17,2,recorded,0
Subject354_2019_0110_151256_segment06_06,Subject354,6,6,17,rf,17,2,recorded,0
Subject354_2019_0110_151256_segment07_07,Subject354,7,7,16,rf,17,2,recorded,0
Subject354_2019_0110_151256_segment08_08,Subject354,8,8,16,rf,17,2,recorded,0
Subject354_2019_0110_151256_segment09_09,Subject354,9,9,12,rf,17,2,recorded,0
Subject354_2019_0110_151256_segment10_10,Subject354,10,10,12,rf,17,2,recorded,0
Subject354_2019_0110_151256_segment11_11,Subject354,11,11,13,rf,17,2,recorded,0
Subject354_2019_0110_151256_segment12_12,Subject354,12,12,30,rf,17,2,recorded,0
Subject354_2019_0110_151256_segment13_13,Subject354,13,13,11,rf,17,2,recorded,0
Subject354_2019_0110_151256_segment14_14,Subject354,14,14,14,rf,17,2,recorded,0
Subject354_2019_0114_162305_segment00_00,Subject354,0,0,13,rf,17,2,recorded,0
Subject354_2019_0114_162305_segment01_01,Subject354,1,1,11,rf,17,2,recorded,0
Subject354_2019_0114_162305_segment02_02,Subject354,2,2,26,rf,17,2,recorded,0
Subject354_2019_0114_162305_segment03_03,Subject354,3,3,8,rf,17,2,recorded,0
Subject354_2019_0114_162305_segment04_04,Subject354,4,4,14,rf,17,2,recorded,0
Subject354_2019_0114_162305_segment05_05,Subject354,5,5,15,rf,17,2,recorded,0
Subject354_2019_0114_162305_segment06_06,Subject354,6,6,18,rf,17,2,recorded,0
Subject354_2019_0114_162305_segment07_07,Subject354,7,7,16,rf,17,2,recorded,0
Subject354_2019_0114_162305_segment08_08,Subject354,8,8,17,rf,17,2,recorded,0
Subject354_2019_0114_162305_segment09_09,Subject354,9,9,12,rf,17,2,recorded,0
Subject354_2019_0114_162305_segment10_10,Subject354,10,10,12,rf,17,2,recorded,0
Subject354_2019_0114_162305_segment11_11,Subject354,11,11,12,rf,17,2,recorded,0
Subject354_2019_0114_162305_segment12_12,Subject354,12,12,31,rf,17,2,recorded,0
Subject354_2019_0114_162305_segment13_13,Subject354,13,13,11,rf,17,2,recorded,0
Subject354_2019_0114_162305_segment14_14,Subject354,14,14,15,rf,17,2,recorded,0
Subject354_2019_0114_163319_segment00_00,Subject354,0,0,12,rf,17,2,recorded,0
Subject354_2019_0114_163319_segment01_01,Subject354,1,1,10,rf,17,2,recorded,0
Subject354_2019_0114_163319_segment02_02,Subject354,2,2,25,rf,17,2,recorded,0
Subject354_2019_0114_163319_segment03_03,Subject354,3,3,7,rf,17,2,recorded,0
Subject354_2019_0114_163319_segment04_04,Subject354,4,10,11,rf,17,2,recorded,0
Subject354_2019_0114_163319_segment05_05,Subject354,5,5,14,rf,17,2,recorded,0
Subject354_2019_0114_163319_segment06_06,Subject354,6,6,16,rf,17,2,recorded,0
Subject354_2019_0114_163319_segment07_07,Subject354,7,7,14,rf,17,2,recorded,0
Subject354_2019_0114_163319_segment08_08,Subject354,8,8,14,rf,17,2,recorded,0
Subject354_2019_0114_163319_segment09_09,Subject354,9,9,12,rf,17,2,recorded,0
Subject354_2019_0114_163319_segment10_10,Subject354,10,10,12,rf,17,2,recorded,0
Subject354_2019_0114_163319_segment11_11,Subject354,11,11,13,rf,17,2,recorded,0
Subject354_2019_0114_163319_segment12_12,Subject354,12,12,31,rf,17,2,recorded,0
Subject354_2019_0114_163319_segment13_13,Subject354,13,13,12,rf,17,2,recorded,0
Subject354_2019_0114_163319_segment14_14,Subject354,14,14,20,rf,17,2,recorded,0
Subject376_2019_0114_173333_segment00_00,Subject376,0,0,13,rf,17,2,recorded,0
Subject376_2019_0114_173333_segment01_01,Subject376,1,1,7,rf,17,2,recorded,0
Subject376_2019_0114_173333_segment02_02,Subject376,2,2,16,rf,17,2,recorded,0
Subject376_2019_0114_173333_segment03_03,Subject376,3,3,8,rf,17,2,recorded,0
Subject376_2019_0114_173333_segment04_04,Subject376,4,4,7,rf,17,2,recorded,0
Subject376_2019_0114_173333_segment05_05,Subject376,5,5,16,rf,17,2,recorded,0
Subject376_2019_0114_173333_segment06_06,Subject376,6,6,18,rf,17,2,recorded,0
Subject376_2019_0114_173333_segment07_07,Subject376,7,7,12,rf,17,2,recorded,0
Subject376_2019_0114_173333_segment08_08,Subject376,8,8,16,rf,17,2,recorded,0
Subject376_2019_0114_173333_segment09_09,Subject376,9,9,14,rf,17,2,recorded,0
Subject376_2019_0114_173333_segment10_10,Subject376,10,7,11,rf,17,2,recorded,0
Subject376_2019_0114_173333_segment11_11,Subject376,11,6,11,rf,17,2,recorded,0
Subject376_2019_0114_173333_segment12_12,Subject376,12,12,32,rf,17,2,recorded,0
Subject376_2019_0114_173333_segment13_13,Subject376,13,13,9,rf,17,2,recorded,0
Subject376_2019_0114_173333_segment14_14,Subject376,14,14,9,rf,17,2,recorded,0
Subject376_2019_0114_174255_segment00_00,Subject376,0,0,11,rf,17,2,recorded,0
Subject376_2019_0114_174255_segment01_01,Subject376,1,1,11,rf,17,2,recorded,0
Subject376_2019_0114_174255_segment02_02,Subject376,2,2,17,rf,17,2,recorded,0
Subject376_2019_0114_174255_segment03_03,Subject376,3,3,8,rf,17,2,recorded,0
Subject376_2019_0114_174255_segment04_04,Subject376,4,4,12,rf,17,2,recorded,0
Subject376_2019_0114_174255_segment05_05,Subject376,5,5,15,rf,17,2,recorded,0
Subject376_2019_0114_174255_segment06_06,Subject376,6,6,14,rf,17,2,recorded,0
Subject376_2019_0114_174255_segment07_07,Subject376,7,7,10,rf,17,2,recorded,0
Subject376_2019_0114_174255_segment08_08,Subject376,8,8,14,rf,17,2,recorded,0
Subject376_2019_0114_174255_segment09_09,Subject376,9,9,13,rf,17,2,recorded,0
Subject376_2019_0114_174255_segment10_10,Subject376,10,7,11,rf,17,2,recorded,0
Subject376_2019_0114_174255_segment11_11,Subject376,11,6,10,rf,17,2,recorded,0
Subject376_2019_0114_174255_segment12_12,Subject376,12,12,31,rf,17,2,recorded,0
Subject376_2019_0114_174255_segment13_13,Subject376,13,13,10,rf,17,2,recorded,0
Subject376_2019_0114_174255_segment14_14,Subject376,14,14,10,rf,17,2,recorded,0
Subject376_2019_0117_160604_segment00_00,Subject376,0,0,18,rf,17,2,recorded,0
Subject376_2019_0117_160604_segment01_01,Subject376,1,1,9,rf,17,2,recorded,0
Subject376_2019_0117_160604_segment02_02,Subject376,2,2,19,rf,17,2,recorded,0
Subject376_2019_0117_160604_segment03_03,Subject376,3,3,8,rf,17,2,recorded,0
Subject376_2019_0117_160604_segment04_04,Subject376,4,4,10,rf,17,2,recorded,0
Subject376_2019_0117_160604_segment05_05,Subject376,5,5,15,rf,17,2,recorded,0
Subject376_2019_0117_160604_segment06_06,Subject376,6,6,15,rf,17,2,recorded,0
Subject376_2019_0117_160604_segment07_07,Subject376,7,7,10,rf,17,2,recorded,0
Subject376_2019_0117_160604_segment08_08,Subject376,8,8,15,rf,17,2,recorded,0
Subject376_2019_0117_160604_segment09_09,Subject376,9,9,12,rf,17,2,recorded,0
Subject376_2019_0117_160604_segment10_10,Subject376,10,10,8,rf,17,2,recorded,0
Subject376_2019_0117_160604_segment11_11,Subject376,11,11,10,rf,17,2,recorded,0
Subject376_2019_0117_160604_segment12_12,Subject376,12,12,33,rf,17,2,recorded,0
Subject376_2019_0117_160604_segment13_13,Subject376,13,13,9,rf,17,2,recorded,0
Subject376_2019_0117_160604_segment14_14,Subject376,14,14,9,rf,17,2,recorded,0
Subject376_2019_0117_161501_segment00_00,Subject376,0,0,12,rf,17,2,recorded,0
Subject376_2019_0117_161501_segment01_01,Subject376,1,1,7,rf,17,2,recorded,0
Subject376_2019_0117_161501_segment02_02,Subject376,2,2,16,rf,17,2,recorded,0
Subject376_2019_0117_161501_segment03_03,Subject376,3,3,8,rf,17,2,recorded,0
Subject376_2019_0117_161501_segment04_04,Subject376,4,7,7,rf,17,2,recorded,0
Subject376_2019_0117_161501_segment05_05,Subject376,5,5,14,rf,17,2,recorded,0
Subject376_2019_0117_161501_segment06_06,Subject376,6,6,12,rf,17,2,recorded,0
Subject376_2019_0117_161501_segment07_07,Subject376,7,10,9,rf,17,2,recorded,0
Subject376_2019_0117_161501_segment08_08,Subject376,8,8,13,rf,17,2,recorded,0
Subject376_2019_0117_161501_segment09_09,Subject376,9,9,11,rf,17,2,recorded,0
Subject376_2019_0117_161501_segment10_10,Subject376,10,10,7,rf,17,2,recorded,0
Subject376_2019_0117_161501_segment11_11,Subject376,11,11,9,rf,17,2,recorded,0
Subject376_2019_0117_161501_segment12_12,Subject376,12,12,31,rf,17,2,recorded,0
Subject376_2019_0117_161501_segment13_13,Subject376,13,13,10,rf,17,2,recorded,0
Subject376_2019_0117_161501_segment14_14,Subject376,14,14,10,rf,17,2,recorded,0
Subject424_2019_0114_175524_segment00_00,Subject424,0,0,12,rf,17,2,recorded,0
Subject424_2019_0114_175524_segment01_01,Subject424,1,1,9,rf,17,2,recorded,0
Subject424_2019_0114_175524_segment02_02,Subject424,2,2,16,rf,17,2,recorded,0
Subject424_2019_0114_175524_segment03_03,Subject424,3,3,8,rf,17,2,recorded,0
Subject424_2019_0114_175524_segment04_04,Subject424,4,7,10,rf,17,2,recorded,0
Subject424_2019_0114_175524_segment05_05,Subject424,5,5,16,rf,17,2,recorded,0
Subject424_2019_0114_175524_segment06_06,Subject424,6,6,13,rf,17,2,recorded,0
Subject424_2019_0114_175524_segment07_07,Subject424,7,7,10,rf,17,2,recorded,0
Subject424_2019_0114_175524_segment08_08,Subject424,8,8,14,rf,17,2,recorded,0
Subject424_2019_0114_175524_segment09_09,Subject424,9,9,11,rf,17,2,recorded,0
Subject424_2019_0114_175524_segment10_10,Subject424,10,7,9,rf,17,2,recorded,0
Subject424_2019_0114_175524_segment11_11,Subject424,11,11,8,rf,17,2,recorded,0
Subject424_2019_0114_175524_segment12_12,Subject424,12,12,27,rf,17,2,recorded,0
Subject424_2019_0114_175524_segment13_13,Subject424,13,13,13,rf,17,2,recorded,0
Subject424_2019_0114_175524_segment14_14,Subject424,14,14,12,rf,17,2,recorded,0
Subject424_2019_0114_180434_segment00_00,Subject424,0,0,11,rf,17,2,recorded,0
Subject424_2019_0114_180434_segment01_01,Subject424,1,1,9,rf,17,2,recorded,0
Subject424_2019_0114_180434_segment02_02,Subject424,2,2,17,rf,17,2,recorded,0
Subject424_2019_0114_180434_segment03_03,Subject424,3,3,9,rf,17,2,recorded,0
Subject424_2019_0114_180434_segment04_04,Subject424,4,7,10,rf,17,2,recorded,0
Subject424_2019_0114_180434_segment05_05,Subject424,5,5,15,rf,17,2,recorded,0
Subject424_2019_0114_180434_segment07_06,Subject424,6,6,15,rf,17,2,recorded,0
Subject424_2019_0114_180434_segment08_07,Subject424,7,7,10,rf,17,2,recorded,0
Subject424_2019_0114_180434_segment09_08,Subject424,8,8,11,rf,17,2,recorded,0
Subject424_2019_0114_180434_segment10_09,Subject424,9,9,11,rf,17,2,recorded,0
Subject424_2019_0114_180434_segment11_10,Subject424,10,7,9,rf,17,2,recorded,0
Subject424_2019_0114_180434_segment12_11,Subject424,11,11,9,rf,17,2,recorded,0
Subject424_2019_0114_180434_segment13_12,Subject424,12,12,26,rf,17,2,recorded,0
Subject424_2019_0114_180434_segment14_13,Subject424,13,13,12,rf,17,2,recorded,0
Subject424_2019_0114_180434_segment15_14,Subject424,14,14,12,rf,17,2,recorded,0
Subject424_2019_0117_162633_segment00_00,Subject424,0,0,13,rf,17,2,recorded,0
Subject424_2019_0117_162633_segment01_01,Subject424,1,1,11,rf,17,2,recorded,0
Subject424_2019_0117_162633_segment02_02,Subject424,2,2,18,rf,17,2,recorded,0
Subject424_2019_0117_162633_segment03_03,Subject424,3,3,9,rf,17,2,recorded,0
Subject424_2019_0117_162633_segment04_04,Subject424,4,4,12,rf,17,2,recorded,0
Subject424_2019_0117_162633_segment05_05,Subject424,5,5,17,rf,17,2,recorded,0
Subject424_2019_0117_162633_segment06_06,Subject424,6,6,18,rf,17,2,recorded,0
Subject424_2019_0117_162633_segment07_07,Subject424,7,7,12,rf,17,2,recorded,0
Subject424_2019_0117_162633_segment08_08,Subject424,8,8,15,rf,17,2,recorded,0
Subject424_2019_0117_162633_segment09_09,Subject424,9,9,14,rf,17,2,recorded,0
Subject424_2019_0117_162633_segment10_10,Subject424,10,7,11,rf,17,2,recorded,0
Subject424_2019_0117_162633_segment11_11,Subject424,11,11,10,rf,17,2,recorded,0
Subject424_2019_0117_162633_segment12_12,Subject424,12,12,27,rf,17,2,recorded,0
Subject424_2019_0117_162633_segment13_13,Subject424,13,13,13,rf,17,2,recorded,0
Subject424_2019_0117_162633_segment14_14,Subject424,14,14,13,rf,17,2,recorded,0
Subject424_2019_0117_163633_segment00_00,Subject424,0,0,13,rf,17,2,recorded,0
Subject424_2019_0117_163633_segment01_01,Subject424,1,1,12,rf,17,2,recorded,0
Subject424_2019_0117_163633_segment02_02,Subject424,2,2,18,rf,17,2,recorded,0
Subject424_2019_0117_163633_segment03_03,Subject424,3,3,9,rf,17,2,recorded,0
Subject424_2019_0117_163633_segment04_04,Subject424,4,4,11,rf,17,2,recorded,0
Subject424_2019_0117_163633_segment05_05,Subject424,5,5,16,rf,17,2,recorded,0
Subject424_2019_0117_163633_segment06_06,Subject424,6,6,16,rf,17,2,recorded,0
Subject424_2019_0117_163633_segment07_07,Subject424,7,7,11,rf,17,2,recorded,0
Subject424_2019_0117_163633_segment08_08,Subject424,8,8,15,rf,17,2,recorded,0
Subject424_2019_0117_163633_segment09_09,Subject424,9,9,13,rf,17,2,recorded,0
Subject424_2019_0117_163633_segment10_10,Subject424,10,7,11,rf,17,2,recorded,0
Subject424_2019_0117_163633_segment11_11,Subject424,11,11,9,rf,17,2,recorded,0
Subject424_2019_0117_163633_segment12_12,Subject424,12,12,28,rf,17,2,recorded,0
Subject424_2019_0117_163633_segment13_13,Subject424,13,13,14,rf,17,2,recorded,0
Subject424_2019_0117_163633_segment14_14,Subject424,14,14,13,rf,17,2,recorded,0
Subject455_2019_0108_122903_segment00_00,Subject455,0,0,16,rf,17,2,recorded,0
Subject455_2019_0108_122903_segment01_01,Subject455,1,1,9,rf,17,2,recorded,0
Subject455_2019_0108_122903_segment02_02,Subject455,2,2,23,rf,17,2,recorded,0
Subject455_2019_0108_122903_segment03_03,Subject455,3,3,8,rf,17,2,recorded,0
Subject455_2019_0108_122903_segment04_04,Subject455,4,4,17,rf,17,2,recorded,0
Subject455_2019_0108_122903_segment05_05,Subject455,5,5,20,rf,17,2,recorded,0
Subject455_2019_0108_122903_segment06_06,Subject455,6,6,16,rf,17,2,recorded,0
Subject455_2019_0108_122903_segment07_07,Subject455,7,7,16,rf,17,2,recorded,0
Subject455_2019_0108_122903_segment08_08,Subject455,8,8,17,rf,17,2,recorded,0
Subject455_2019_0108_122903_segment09_09,Subject455,9,9,16,rf,17,2,recorded,0
Subject455_2019_0108_122903_segment10_10,Subject455,10,10,17,rf,17,2,recorded,0
Subject455_2019_0108_122903_segment11_11,Subject455,11,11,16,rf,17,2,recorded,0
Subject455_2019_0108_122903_segment12_12,Subject455,12,12,21,rf,17,2,recorded,0
Subject455_2019_0108_122903_segment13_13,Subject455,13,13,11,rf,17,2,recorded,0
Subject455_2019_0108_122903_segment14_14,Subject455,14,14,15,rf,17,2,recorded,0
Subject455_2019_0108_124006_segment00_00,Subject455,0,0,14,rf,17,2,recorded,0
Subject455_2019_0108_124006_segment01_01,Subject455,1,1,9,rf,17,2,recorded,0
Subject455_2019_0108_124006_segment02_02,Subject455,2,2,23,rf,17,2,recorded,0
Subject455_2019_0108_124006_segment03_03,Subject455,3,3,8,rf,17,2,recorded,0
Subject455_2019_0108_124006_segment04_04,Subject455,4,4,18,rf,17,2,recorded,0
Subject455_2019_0108_124006_segment05_05,Subject455,5,5,19,rf,17,2,recorded,0
Subject455_2019_0108_124006_segment06_06,Subject455,6,6,19,rf,17,2,recorded,0
Subject455_2019_0108_124006_segment07_07,Subject455,7,7,16,rf,17,2,recorded,0
Subject455_2019_0108_124006_segment08_08,Subject455,8,8,19,rf,17,2,recorded,0
Subject455_2019_0108_124006_segment09_09,Subject455,9,9,16,rf,17,2,recorded,0
Subject455_2019_0108_124006_segment10_10,Subject455,10,10,17,rf,17,2,recorded,0
Subject455_2019_0108_124006_segment11_11,Subject455,11,11,15,rf,17,2,recorded,0
Subject455_2019_0108_124006_segment12_12,Subject455,12,12,20,rf,17,2,recorded,0
Subject455_2019_0108_124006_segment13_13,Subject455,13,13,11,rf,17,2,recorded,0
Subject455_2019_0108_124006_segment14_14,Subject455,14,14,17,rf,17,2,recorded,0
Subject455_2019_0111_123146_segment00_00,Subject455,0,0,13,rf,17,2,recorded,0
Subject455_2019_0111_123146_segment01_01,Subject455,1,1,8,rf,17,2,recorded,0
Subject455_2019_0111_123146_segment02_02,Subject455,2,2,23,rf,17,2,recorded,0
Subject455_2019_0111_123146_segment03_03,Subject455,3,3,7,rf,17,2,recorded,0
Subject455_2019_0111_123146_segment04_04,Subject455,4,4,16,rf,17,2,recorded,0
Subject455_2019_0111_123146_segment05_05,Subject455,5,5,18,rf,17,2,recorded,0
Subject455_2019_0111_123146_segment06_06,Subject455,6,6,13,rf,17,2,recorded,0
Subject455_2019_0111_123146_segment07_07,Subject455,7,7,17,rf,17,2,recorded,0
Subject455_2019_0111_123146_segment08_08,Subject455,8,8,16,rf,17,2,recorded,0
Subject455_2019_0111_123146_segment09_09,Subject455,9,9,17,rf,17,2,recorded,0
Subject455_2019_0111_123146_segment10_10,Subject455,10,10,17,rf,17,2,recorded,0
Subject455_2019_0111_123146_segment11_11,Subject455,11,11,15,rf,17,2,recorded,0
Subject455_2019_0111_123146_segment12_12,Subject455,12,12,20,rf,17,2,recorded,0
Subject455_2019_0111_123146_segment13_13,Subject455,13,13,11,rf,17,2,recorded,0
Subject455_2019_0111_123146_segment14_14,Subject455,14,14,16,rf,17,2,recorded,0
Subject455_2019_0111_124250_segment00_00,Subject455,0,0,13,rf,17,2,recorded,0
Subject455_2019_0111_124250_segment01_01,Subject455,1,1,8,rf,17,2,recorded,0
Subject455_2019_0111_124250_segment02_02,Subject455,2,2,22,rf,17,2,recorded,0
Subject455_2019_0111_124250_segment03_03,Subject455,3,3,8,rf,17,2,recorded,0
Subject455_2019_0111_124250_segment04_04,Subject455,4,4,15,rf,17,2,recorded,0
Subject455_2019_0111_124250_segment05_05,Subject455,5,5,15,rf,17,2,recorded,0
Subject455_2019_0111_124250_segment06_06,Subject455,6,6,13,rf,17,2,recorded,0
Subject455_2019_0111_124250_segment07_07,Subject455,7,7,14,rf,17,2,recorded,0
Subject455_2019_0111_124250_segment08_08,Subject455,8,8,15,rf,17,2,recorded,0
Subject455_2019_0111_124250_segment09_09,Subject455,9,9,17,rf,17,2,recorded,0
Subject455_2019_0111_124250_segment10_10,Subject455,10,10,15,rf,17,2,recorded,0
Subject455_2019_0111_124250_segment11_11,Subject455,11,11,14,rf,17,2,recorded,0
Subject455_2019_0111_124250_segment12_12,Subject455,12,12,20,rf,17,2,recorded,0
Subject455_2019_0111_124250_segment13_13,Subject455,13,13,11,rf,17,2,recorded,0
Subject455_2019_0111_124250_segment14_14,Subject455,14,14,16,rf,17,2,recorded,0
Subject494_2019_0102_170931_segment00_00,Subject494,0,0,13,rf,17,2,recorded,0
Subject494_2019_0102_170931_segment01_01,Subject494,1,1,11,rf,17,2,recorded,0
Subject494_2019_0102_170931_segment02_02,Subject494,2,2,16,rf,17,2,recorded,0
Subject494_2019_0102_170931_segment03_03,Subject494,3,3,7,rf,17,2,recorded,0
Subject494_2019_0102_170931_segment04_04,Subject494,4,7,15,rf,17,2,recorded,0
Subject494_2019_0102_170931_segment05_05,Subject494,5,5,18,rf,17,2,recorded,0
Subject494_2019_0102_170931_segment06_06,Subject494,6,6,23,rf,17,2,recorded,0
Subject494_2019_0102_170931_segment07_07,Subject494,7,7,16,rf,17,2,recorded,0
Subject494_2019_0102_170931_segment08_08,Subject494,8,8,20,rf,17,2,recorded,0
Subject494_2019_0102_170931_segment09_09,Subject494,9,9,20,rf,17,2,recorded,0
Subject494_2019_0102_170931_segment10_10,Subject494,10,10,18,rf,17,2,recorded,0
Subject494_2019_0102_170931_segment11_11,Subject494,11,11,16,rf,17,2,recorded,0
Subject494_2019_0102_170931_segment12_12,Subject494,12,12,21,rf,17,2,recorded,0
Subject494_2019_0102_170931_segment13_13,Subject494,13,13,13,rf,17,2,recorded,0
Subject494_2019_0102_170931_segment14_14,Subject494,14,14,16,rf,17,2,recorded,0
Subject494_2019_0102_172151_segment00_00,Subject494,0,0,13,rf,17,2,recorded,0
Subject494_2019_0102_172151_segment01_01,Subject494,1,1,12,rf,17,2,recorded,0
Subject494_2019_0102_172151_segment02_02,Subject494,2,2,15,rf,17,2,recorded,0
Subject494_2019_0102_172151_segment03_03,Subject494,3,3,7,rf,17,2,recorded,0
Subject494_2019_0102_172151_segment04_04,Subject494,4,4,16,rf,17,2,recorded,0
Subject494_2019_0102_172151_segment05_05,Subject494,5,5,18,rf,17,2,recorded,0
Subject494_2019_0102_172151_segment06_06,Subject494,6,6,21,rf,17,2,recorded,0
Subject494_2019_0102_172151_segment07_07,Subject494,7,7,15,rf,17,2,recorded,0
Subject494_2019_0102_172151_segment08_08,Subject494,8,8,18,rf,17,2,recorded,0
Subject494_2019_0102_172151_segment09_09,Subject494,9,9,20,rf,17,2,recorded,0
Subject494_2019_0102_172151_segment10_10,Subject494,10,10,16,rf,17,2,recorded,0
Subject494_2019_0102_172151_segment11_11,Subject494,11,11,16,rf,17,2,recorded,0
Subject494_2019_0102_172151_segment12_12,Subject494,12,12,21,rf,17,2,recorded,0
Subject494_2019_0102_172151_segment13_13,Subject494,13,13,13,rf,17,2,recorded,0
Subject494_2019_0102_172151_segment14_14,Subject494,14,14,16,rf,17,2,recorded,0
Subject494_2019_0104_150729_segment00_00,Subject494,0,0,13,rf,17,2,recorded,0
Subject494_2019_0104_150729_segment01_01,Subject494,1,1,11,rf,17,2,recorded,0
Subject494_2019_0104_150729_segment02_02,Subject494,2,2,15,rf,17,2,recorded,0
Subject494_2019_0104_150729_segment03_03,Subject494,3,3,7,rf,17,2,recorded,0
Subject494_2019_0104_150729_segment04_04,Subject494,4,7,15,rf,17,2,recorded,0
Subject494_2019_0104_150729_segment05_05,Subject494,5,5,18,rf,17,2,recorded,0
Subject494_2019_0104_150729_segment06_06,Subject494,6,6,20,rf,17,2,recorded,0
Subject494_2019_0104_150729_segment07_07,Subject494,7,7,14,rf,17,2,recorded,0
Subject494_2019_0104_150729_segment08_08,Subject494,8,8,17,rf,17,2,recorded,0
Subject494_2019_0104_150729_segment09_09,Subject494,9,9,19,rf,17,2,recorded,0
Subject494_2019_0104_150729_segment10_10,Subject494,10,10,17,rf,17,2,recorded,0
Subject494_2019_0104_150729_segment11_11,Subject494,11,11,16,rf,17,2,recorded,0
Subject494_2019_0104_150729_segment12_12,Subject494,12,12,22,rf,17,2,recorded,0
Subject494_2019_0104_150729_segment13_13,Subject494,13,13,13,rf,17,2,recorded,0
Subject494_2019_0104_150729_segment14_14,Subject494,14,14,15,rf,17,2,recorded,0
Subject494_2019_0104_152003_segment00_00,Subject494,0,0,12,rf,17,2,recorded,0
Subject494_2019_0104_152003_segment01_01,Subject494,1,1,11,rf,17,2,recorded,0
Subject494_2019_0104_152003_segment02_02,Subject494,2,2,15,rf,17,2,recorded,0
Subject494_2019_0104_152003_segment03_03,Subject494,3,3,7,rf,17,2,recorded,0
Subject494_2019_0104_152003_segment04_04,Subject494,4,10,14,rf,17,2,recorded,0
Subject494_2019_0104_152003_segment05_05,Subject494,5,5,15,rf,17,2,recorded,0
Subject494_2019_0104_152003_segment07_06,Subject494,6,6,18,rf,17,2,recorded,0
Subject494_2019_0104_152003_segment08_07,Subject494,7,7,15,rf,17,2,recorded,0
Subject494_2019_0104_152003_segment09_08,Subject494,8,8,18,rf,17,2,recorded,0
Subject494_2019_0104_152003_segment10_09,Subject494,9,9,18,rf,17,2,recorded,0
Subject494_2019_0104_152003_segment11_10,Subject494,10,10,16,rf,17,2,recorded,0
Subject494_2019_0104_152003_segment12_11,Subject494,11,11,13,rf,17,2,recorded,0
Subject494_2019_0104_152003_segment13_12,Subject494,12,12,22,rf,17,2,recorded,0
Subject494_2019_0104_152003_segment14_13,Subject494,13,13,12,rf,17,2,recorded,0
Subject494_2019_0104_152003_segment15_14,Subject494,14,14,15,rf,17,2,recorded,0
Subject571_2019_0122_130522_segment00_00,Subject571,0,0,20,rf,17,2,recorded,0
Subject571_2019_0122_130522_segment01_01,Subject571,1,1,21,rf,17,2,recorded,0
Subject571_2019_0122_130522_segment02_02,Subject571,2,2,22,rf,17,2,recorded,0
Subject571_2019_0122_130522_segment03_03,Subject571,3,3,12,rf,17,2,recorded,0
Subject571_2019_0122_130522_segment04_04,Subject571,4,4,17,rf,17,2,recorded,0
Subject571_2019_0122_130522_segment05_05,Subject571,5,5,24,rf,17,2,recorded,0
Subject571_2019_0122_130522_segment06_06,Subject571,6,6,23,rf,17,2,recorded,0
Subject571_2019_0122_130522_segment07_07,Subject571,7,7,18,rf,17,2,recorded,0
Subject571_2019_0122_130522_segment08_08,Subject571,8,8,22,rf,17,2,recorded,0
Subject571_2019_0122_130522_segment09_09,Subject571,9,9,26,rf,17,2,recorded,0
Subject571_2019_0122_130522_segment10_10,Subject571,10,10,23,rf,17,2,recorded,0
Subject571_2019_0122_130522_segment11_11,Subject571,11,11,17,rf,17,2,recorded,0
Subject571_2019_0122_130522_segment12_12,Subject571,12,12,33,rf,17,2,recorded,0
Subject571_2019_0122_130522_segment13_13,Subject571,13,13,16,rf,17,2,recorded,0
Subject571_2019_0122_130522_segment14_14,Subject571,14,14,16,rf,17,2,recorded,0
Subject571_2019_0122_132400_segment00_00,Subject571,0,0,19,rf,17,2,recorded,0
Subject571_2019_0122_132400_segment01_01,Subject571,1,1,18,rf,17,2,recorded,0
Subject571_2019_0122_132400_segment02_02,Subject571,2,2,20,rf,17,2,recorded,0
Subject571_2019_0122_132400_segment03_03,Subject571,3,3,11,rf,17,2,recorded,0
Subject571_2019_0122_132400_segment04_04,Subject571,4,4,20,rf,17,2,recorded,0
Subject571_2019_0122_132400_segment05_05,Subject571,5,5,28,rf,17,2,recorded,0
Subject571_2019_0122_132400_segment06_06,Subject571,6,6,20,rf,17,2,recorded,0
Subject571_2019_0122_132400_segment07_07,Subject571,7,7,17,rf,17,2,recorded,0
Subject571_2019_0122_132400_segment08_08,Subject571,8,8,19,rf,17,2,recorded,0
Subject571_2019_0122_132400_segment09_09,Subject571,9,9,25,rf,17,2,recorded,0
Subject571_2019_0122_132400_segment10_10,Subject571,10,10,22,rf,17,2,recorded,0
Subject571_2019_0122_132400_segment11_11,Subject571,11,11,25,rf,17,2,recorded,0
Subject571_2019_0122_132400_segment12_12,Subject571,12,12,33,rf,17,2,recorded,0
Subject571_2019_0122_132400_segment13_13,Subject571,13,13,14,rf,17,2,recorded,0
Subject571_2019_0122_132400_segment14_14,Subject571,14,14,16,rf,17,2,recorded,0
Subject580_2018_1227_153640_segment00_00,Subject580,0,0,17,rf,17,2,recorded,0
Subject580_2018_1227_153640_segment01_01,Subject580,1,1,12,rf,17,2,recorded,0
Subject580_2018_1227_153640_segment02_02,Subject580,2,2,24,rf,17,2,recorded,0
Subject580_2018_1227_153640_segment03_03,Subject580,3,3,10,rf,17,2,recorded,0
Subject580_2018_1227_153640_segment04_05,Subject580,5,5,28,rf,17,2,recorded,0
Subject580_2018_1227_153640_segment05_06,Subject580,6,6,26,rf,17,2,recorded,0
Subject580_2018_1227_153640_segment06_07,Subject580,7,7,16,rf,17,2,recorded,0
Subject580_2018_1227_153640_segment07_08,Subject580,8,8,19,rf,17,2,recorded,0
Subject580_2018_1227_153640_segment08_09,Subject580,9,9,18,rf,17,2,recorded,0
Subject580_2018_1227_153640_segment09_10,Subject580,10,10,18,rf,17,2,recorded,0
Subject580_2018_1227_153640_segment10_11,Subject580,11,11,17,rf,17,2,recorded,0
Subject580_2018_1227_153640_segment11_04,Subject580,4,4,15,rf,17,2,recorded,0
Subject580_2018_1227_153640_segment12_12,Subject580,12,12,27,rf,17,2,recorded,0
Subject580_2018_1227_153640_segment13_13,Subject580,13,8,13,rf,17,2,recorded,0
Subject580_2018_1227_153640_segment14_14,Subject580,14,14,20,rf,17,2,recorded,0
Subject580_2018_1227_155228_segment00_00,Subject580,0,0,17,rf,17,2,recorded,0
Subject580_2018_1227_155228_segment01_01,Subject580,1,1,15,rf,17,2,recorded,0
Subject580_2018_1227_155228_segment02_02,Subject580,2,2,23,rf,17,2,recorded,0
Subject580_2018_1227_155228_segment03_03,Subject580,3,3,10,rf,17,2,recorded,0
Subject580_2018_1227_155228_segment04_04,Subject580,4,4,17,rf,17,2,recorded,0
Subject580_2018_1227_155228_segment05_05,Subject580,5,5,28,rf,17,2,recorded,0
Subject580_2018_1227_155228_segment06_06,Subject580,6,6,23,rf,17,2,recorded,0
Subject580_2018_1227_155228_segment07_07,Subject580,7,7,17,rf,17,2,recorded,0
Subject580_2018_1227_155228_segment08_08,Subject580,8,8,19,rf,17,2,recorded,0
Subject580_2018_1227_155228_segment09_09,Subject580,9,9,20,rf,17,2,recorded,0
Subject580_2018_1227_155228_segment10_10,Subject580,10,10,17,rf,17,2,recorded,0
Subject580_2018_1227_155228_segment11_11,Subject580,11,11,17,rf,17,2,recorded,0
Subject580_2018_1227_155228_segment12_12,Subject580,12,12,24,rf,17,2,recorded,0
Subject580_2018_1227_155228_segment13_13,Subject580,13,13,16,rf,17,2,recorded,0
Subject580_2018_1227_155228_segment14_14,Subject580,14,14,19,rf,17,2,recorded,0
Subject580_2018_1228_160224_segment00_00,Subject580,0,0,18,rf,17,2,recorded,0
Subject580_2018_1228_160224_segment01_01,Subject580,1,1,18,rf,17,2,recorded,0
Subject580_2018_1228_160224_segment02_02,Subject580,2,11,21,rf,17,2,recorded,0
Subject580_2018_1228_160224_segment03_03,Subject580,3,3,8,rf,17,2,recorded,0
Subject580_2018_1228_160224_segment04_04,Subject580,4,10,20,rf,17,2,recorded,0
Subject580_2018_1228_160224_segment05_05,Subject580,5,5,25,rf,17,2,recorded,0
Subject580_2018_1228_160224_segment06_06,Subject580,6,2,24,rf,17,2,recorded,0
Subject580_2018_1228_160224_segment07_07,Subject580,7,10,15,rf,17,2,recorded,0
Subject580_2018_1228_160224_segment08_08,Subject580,8,8,18,rf,17,2,recorded,0
Subject580_2018_1228_160224_segment09_09,Subject580,9,9,15,rf,17,2,recorded,0
Subject580_2018_1228_160224_segment10_10,Subject580,10,4,17,rf,17,2,recorded,0
Subject580_2018_1228_160224_segment11_11,Subject580,11,11,15,rf,17,2,recorded,0
Subject580_2018_1228_160224_segment12_12,Subject580,12,12,22,rf,17,2,recorded,0
Subject580_2018_1228_160224_segment13_13,Subject580,13,13,13,rf,17,2,recorded,0
Subject580_2018_1228_160224_segment14_14,Subject580,14,14,18,rf,17,2,recorded,0
Subject580_2018_1228_161524_segment00_00,Subject580,0,0,16,rf,17,2,recorded,0
Subject580_2018_1228_161524_segment01_01,Subject580,1,1,16,rf,17,2,recorded,0
Subject580_2018_1228_161524_segment02_02,Subject580,2,2,18,rf,17,2,recorded,0
Subject580_2018_1228_161524_segment03_03,Subject580,3,3,9,rf,17,2,recorded,0
Subject580_2018_1228_161524_segment04_04,Subject580,4,10,21,rf,17,2,recorded,0
Subject580_2018_1228_161524_segment05_05,Subject580,5,5,19,rf,17,2,recorded,0
Subject580_2018_1228_161524_segment06_06,Subject580,6,6,18,rf,17,2,recorded,0
Subject580_2018_1228_161524_segment07_07,Subject580,7,7,15,rf,17,2,recorded,0
Subject580_2018_1228_161524_segment08_08,Subject580,8,8,17,rf,17,2,recorded,0
Subject580_2018_1228_161524_segment09_09,Subject580,9,9,14,rf,17,2,recorded,0
Subject580_2018_1228_161524_segment10_10,Subject580,10,10,14,rf,17,2,recorded,0
Subject580_2018_1228_161524_segment11_11,Subject580,11,14,12,rf,17,2,recorded,0
Subject580_2018_1228_161524_segment12_12,Subject580,12,12,22,rf,17,2,recorded,0
Subject580_2018_1228_161524_segment13_13,Subject580,13,13,12,rf,17,2,recorded,0
Subject580_2018_1228_161524_segment14_14,Subject580,14,14,16,rf,17,2,recorded,0
Subject580_2019_0107_170408_segment00_00,Subject580,0,0,16,rf,17,2,recorded,0
Subject580_2019_0107_170408_segment01_01,Subject580,1,1,12,rf,17,2,recorded,0
Subject580_2019_0107_170408_segment02_02,Subject580,2,2,22,rf,17,2,recorded,0
Subject580_2019_0107_170408_segment03_03,Subject580,3,3,9,rf,17,2,recorded,0
Subject580_2019_0107_170408_segment04_04,Subject580,4,10,13,rf,17,2,recorded,0
Subject580_2019_0107_170408_segment05_05,Subject580,5,5,23,rf,17,2,recorded,0
Subject580_2019_0107_170408_segment06_06,Subject580,6,6,20,rf,17,2,recorded,0
Subject580_2019_0107_170408_segment07_07,Subject580,7,7,13,rf,17,2,recorded,0
Subject580_2019_0107_170408_segment08_08,Subject580,8,8,16,rf,17,2,recorded,0
Subject580_2019_0107_170408_segment09_09,Subject580,9,9,16,rf,17,2,recorded,0
Subject580_2019_0107_170408_segment10_10,Subject580,10,10,13,rf,17,2,recorded,0
Subject580_2019_0107_170408_segment11_11,Subject580,11,11,15,rf,17,2,recorded,0
Subject580_2019_0107_170408_segment12_12,Subject580,12,12,26,rf,17,2,recorded,0
Subject580_2019_0107_170408_segment13_13,Subject580,13,13,14,rf,17,2,recorded,0
Subject580_2019_0107_170408_segment15_14,Subject580,14,14,18,rf,17,2,recorded,0
Subject580_2019_0107_171728_segment00_00,Subject580,0,0,15,rf,17,2,recorded,0
Subject580_2019_0107_171728_segment01_01,Subject580,1,1,10,rf,17,2,recorded,0
Subject580_2019_0107_171728_segment02_02,Subject580,2,2,22,rf,17,2,recorded,0
Subject580_2019_0107_171728_segment03_03,Subject580,3,3,9,rf,17,2,recorded,0
Subject580_2019_0107_171728_segment04_04,Subject580,4,4,15,rf,17,2,recorded,0
Subject580_2019_0107_171728_segment05_05,Subject580,5,5,23,rf,17,2,recorded,0
Subject580_2019_0107_171728_segment06_06,Subject580,6,6,20,rf,17,2,recorded,0
Subject580_2019_0107_171728_segment07_07,Subject580,7,7,13,rf,17,2,recorded,0
Subject580_2019_0107_171728_segment08_08,Subject580,8,8,16,rf,17,2,recorded,0
Subject580_2019_0107_171728_segment09_09,Subject580,9,9,18,rf,17,2,recorded,0
Subject580_2019_0107_171728_segment10_10,Subject580,10,10,14,rf,17,2,recorded,0
Subject580_2019_0107_171728_segment11_11,Subject580,11,11,17,rf,17,2,recorded,0
Subject580_2019_0107_171728_segment12_12,Subject580,12,12,28,rf,17,2,recorded,0
Subject580_2019_0107_171728_segment13_13,Subject580,13,13,14,rf,17,2,recorded,0
Subject580_2019_0107_171728_segment14_14,Subject580,14,14,18,rf,17,2,recorded,0
Subject611_2019_0107_123349_segment00_00,Subject611,0,0,21,rf,17,2,recorded,0
Subject611_2019_0107_123349_segment01_01,Subject611,1,1,13,rf,17,2,recorded,0
Subject611_2019_0107_123349_segment02_02,Subject611,2,2,28,rf,17,2,recorded,0
Subject611_2019_0107_123349_segment03_03,Subject611,3,3,9,rf,17,2,recorded,0
Subject611_2019_0107_123349_segment04_04,Subject611,4,4,20,rf,17,2,recorded,0
Subject611_2019_0107_123349_segment05_05,Subject611,5,5,24,rf,17,2,recorded,0
Subject611_2019_0107_123349_segment06_06,Subject611,6,6,26,rf,17,2,recorded,0
Subject611_2019_0107_123349_segment07_07,Subject611,7,7,19,rf,17,2,recorded,0
Subject611_2019_0107_123349_segment08_08,Subject611,8,8,25,rf,17,2,recorded,0
Subject611_2019_0107_123349_segment09_09,Subject611,9,9,20,rf,17,2,recorded,0
Subject611_2019_0107_123349_segment10_10,Subject611,10,10,16,rf,17,2,recorded,0
Subject611_2019_0107_123349_segment11_11,Subject611,11,11,16,rf,17,2,recorded,0
Subject611_2019_0107_123349_segment12_12,Subject611,12,12,23,rf,17,2,recorded,0
Subject611_2019_0107_123349_segment13_13,Subject611,13,13,11,rf,17,2,recorded,0
Subject611_2019_0107_123349_segment14_14,Subject611,14,14,18,rf,17,2,recorded,0
Subject611_2019_0107_124639_segment00_00,Subject611,0,0,22,rf,17,2,recorded,0
Subject611_2019_0107_124639_segment01_01,Subject611,1,1,14,rf,17,2,recorded,0
Subject611_2019_0107_124639_segment02_02,Subject611,2,2,25,rf,17,2,recorded,0
Subject611_2019_0107_124639_segment03_03,Subject611,3,3,8,rf,17,2,recorded,0
Subject611_2019_0107_124639_segment04_04,Subject611,4,4,16,rf,17,2,recorded,0
Subject611_2019_0107_124639_segment05_05,Subject611,5,5,22,rf,17,2,recorded,0
Subject611_2019_0107_124639_segment06_06,Subject611,6,6,25,rf,17,2,recorded,0
Subject611_2019_0107_124639_segment07_07,Subject611,7,7,16,rf,17,2,recorded,0
Subject611_2019_0107_124639_segment08_08,Subject611,8,8,20,rf,17,2,recorded,0
Subject611_2019_0107_124639_segment09_09,Subject611,9,9,20,rf,17,2,recorded,0
Subject611_2019_0107_124639_segment10_10,Subject611,10,10,17,rf,17,2,recorded,0
Subject611_2019_0107_124639_segment11_11,Subject611,11,11,16,rf,17,2,recorded,0
Subject611_2019_0107_124639_segment12_12,Subject611,12,12,24,rf,17,2,recorded,0
Subject611_2019_0107_124639_segment13_13,Subject611,13,13,10,rf,17,2,recorded,0
Subject611_2019_0107_124639_segment14_14,Subject611,14,14,18,rf,17,2,recorded,0
Subject611_2019_0108_125349_segment00_00,Subject611,0,0,22,rf,17,2,recorded,0
Subject611_2019_0108_125349_segment01_01,Subject611,1,1,14,rf,17,2,recorded,0
Subject611_2019_0108_125349_segment02_02,Subject611,2,2,24,rf,17,2,recorded,0
Subject611_2019_0108_125349_segment03_03,Subject611,3,3,8,rf,17,2,recorded,0
Subject611_2019_0108_125349_segment04_04,Subject611,4,4,14,rf,17,2,recorded,0
Subject611_2019_0108_125349_segment05_05,Subject611,5,5,22,rf,17,2,recorded,0
Subject611_2019_0108_125349_segment06_06,Subject611,6,6,22,rf,17,2,recorded,0
Subject611_2019_0108_125349_segment07_07,Subject611,7,7,15,rf,17,2,recorded,0
Subject611_2019_0108_125349_segment08_08,Subject611,8,8,21,rf,17,2,recorded,0
Subject611_2019_0108_125349_segment09_09,Subject611,9,9,17,rf,17,2,recorded,0
Subject611_2019_0108_125349_segment10_10,Subject611,10,10,12,rf,17,2,recorded,0
Subject611_2019_0108_125349_segment11_11,Subject611,11,11,15,rf,17,2,recorded,0
Subject611_2019_0108_125349_segment12_12,Subject611,12,12,23,rf,17,2,recorded,0
Subject611_2019_0108_125349_segment13_13,Subject611,13,13,10,rf,17,2,recorded,0
Subject611_2019_0108_125349_segment14_14,Subject611,14,14,16,rf,17,2,recorded,0
Subject611_2019_0108_130405_segment00_00,Subject611,0,0,16,rf,17,2,recorded,0
Subject611_2019_0108_130405_segment01_01,Subject611,1,1,14,rf,17,2,recorded,0
Subject611_2019_0108_130405_segment02_02,Subject611,2,2,24,rf,17,2,recorded,0
Subject611_2019_0108_130405_segment03_03,Subject611,3,3,8,rf,17,2,recorded,0
Subject611_2019_0108_130405_segment04_04,Subject611,4,4,13,rf,17,2,recorded,0
Subject611_2019_0108_130405_segment05_05,Subject611,5,5,21,rf,17,2,recorded,0
Subject611_2019_0108_130405_segment06_06,Subject611,6,6,23,rf,17,2,recorded,0
Subject611_2019_0108_130405_segment07_07,Subject611,7,7,12,rf,17,2,recorded,0
Subject611_2019_0108_130405_segment08_08,Subject611,8,8,19,rf,17,2,recorded,0
Subject611_2019_0108_130405_segment09_09,Subject611,9,9,14,rf,17,2,recorded,0
Subject611_2019_0108_130405_segment10_10,Subject611,10,7,11,rf,17,2,recorded,0
Subject611_2019_0108_130405_segment11_11,Subject611,11,11,13,rf,17,2,recorded,0
Subject611_2019_0108_130405_segment12_12,Subject611,12,12,22,rf,17,2,recorded,0
Subject611_2019_0108_130405_segment13_13,Subject611,13,13,9,rf,17,2,recorded,0
Subject611_2019_0108_130405_segment14_14,Subject611,14,14,16,rf,17,2,recorded,0
Subject729_2019_0115_200908_segment00_00,Subject729,0,0,21,rf,17,2,recorded,0
Subject729_2019_0115_200908_segment01_01,Subject729,1,1,26,rf,17,2,recorded,0
Subject729_2019_0115_200908_segment02_02,Subject729,2,2,24,rf,17,2,recorded,0
Subject729_2019_0115_200908_segment03_03,Subject729,3,3,9,rf,17,2,recorded,0
Subject729_2019_0115_200908_segment04_04,Subject729,4,4,24,rf,17,2,recorded,0
Subject729_2019_0115_200908_segment05_05,Subject729,5,5,24,rf,17,2,recorded,0
Subject729_2019_0115_200908_segment06_06,Subject729,6,6,31,rf,17,2,recorded,0
Subject729_2019_0115_200908_segment07_07,Subject729,7,7,28,rf,17,2,recorded,0
Subject729_2019_0115_200908_segment08_08,Subject729,8,8,27,rf,17,2,recorded,0
Subject729_2019_0115_200908_segment09_09,Subject729,9,9,28,rf,17,2,recorded,0
Subject729_2019_0115_200908_segment10_10,Subject729,10,10,25,rf,17,2,recorded,0
Subject729_2019_0115_200908_segment11_11,Subject729,11,11,21,rf,17,2,recorded,0
Subject729_2019_0115_200908_segment12_12,Subject729,12,12,31,rf,17,2,recorded,0
Subject729_2019_0115_200908_segment13_13,Subject729,13,13,19,rf,17,2,recorded,0
Subject729_2019_0115_200908_segment14_14,Subject729,14,14,22,rf,17,2,recorded,0
Subject729_2019_0115_202306_segment00_00,Subject729,0,0,21,rf,17,2,recorded,0
Subject729_2019_0115_202306_segment01_01,Subject729,1,1,24,rf,17,2,recorded,0
Subject729_2019_0115_202306_segment02_02,Subject729,2,2,22,rf,17,2,recorded,0
Subject729_2019_0115_202306_segment03_03,Subject729,3,3,9,rf,17,2,recorded,0
Subject729_2019_0115_202306_segment04_04,Subject729,4,4,22,rf,17,2,recorded,0
Subject729_2019_0115_202306_segment05_05,Subject729,5,5,23,rf,17,2,recorded,0
Subject729_2019_0115_202306_segment06_06,Subject729,6,6,29,rf,17,2,recorded,0
Subject729_2019_0115_202306_segment07_07,Subject729,7,7,26,rf,17,2,recorded,0
Subject729_2019_0115_202306_segment08_08,Subject729,8,8,24,rf,17,2,recorded,0
Subject729_2019_0115_202306_segment09_09,Subject729,9,9,26,rf,17,2,recorded,0
Subject729_2019_0115_202306_segment10_10,Subject729,10,10,23,rf,17,2,recorded,0
Subject729_2019_0115_202306_segment11_11,Subject729,11,11,23,rf,17,2,recorded,0
Subject729_2019_0115_202306_segment12_12,Subject729,12,12,30,rf,17,2,recorded,0
Subject729_2019_0115_202306_segment13_13,Subject729,13,13,18,rf,17,2,recorded,0
Subject729_2019_0115_202306_segment14_14,Subject729,14,14,22,rf,17,2,recorded,0
Subject729_2019_0117_200410_segment00_00,Subject729,0,0,17,rf,17,2,recorded,0
Subject729_2019_0117_200410_segment01_01,Subject729,1,1,17,rf,17,2,recorded,0
Subject729_2019_0117_200410_segment02_02,Subject729,2,2,26,rf,17,2,recorded,0
Subject729_2019_0117_200410_segment03_03,Subject729,3,3,14,rf,17,2,recorded,0
Subject729_2019_0117_200410_segment04_04,Subject729,4,4,15,rf,17,2,recorded,0
Subject729_2019_0117_200410_segment05_05,Subject729,5,5,20,rf,17,2,recorded,0
Subject729_2019_0117_200410_segment06_06,Subject729,6,6,23,rf,17,2,recorded,0
Subject729_2019_0117_200410_segment07_07,Subject729,7,7,17,rf,17,2,recorded,0
Subject729_2019_0117_200410_segment08_08,Subject729,8,8,23,rf,17,2,recorded,0
Subject729_2019_0117_200410_segment09_09,Subject729,9,9,20,rf,17,2,recorded,0
Subject729_2019_0117_200410_segment10_10,Subject729,10,10,16,rf,17,2,recorded,0
Subject729_2019_0117_200410_segment11_11,Subject729,11,11,21,rf,17,2,recorded,0
Subject729_2019_0117_200410_segment12_12,Subject729,12,12,24,rf,17,2,recorded,0
Subject729_2019_0117_200410_segment13_13,Subject729,13,13,18,rf,17,2,recorded,0
Subject729_2019_0117_200410_segment14_14,Subject729,14,14,20,rf,17,2,recorded,0
Subject729_2019_0117_201741_segment00_00,Subject729,0,0,17,rf,17,2,recorded,0
Subject729_2019_0117_201741_segment01_01,Subject729,1,1,19,rf,17,2,recorded,0
Subject729_2019_0117_201741_segment02_02,Subject729,2,2,18,rf,17,2,recorded,0
Subject729_2019_0117_201741_segment03_03,Subject729,3,3,19,rf,17,2,recorded,0
Subject729_2019_0117_201741_segment04_04,Subject729,4,4,20,rf,17,2,recorded,0
Subject729_2019_0117_201741_segment05_05,Subject729,5,5,13,rf,17,2,recorded,0
Subject729_2019_0117_201741_segment06_06,Subject729,6,6,19,rf,17,2,recorded,0
Subject729_2019_0117_201741_segment07_07,Subject729,7,7,21,rf,17,2,recorded,0
Subject729_2019_0117_201741_segment08_08,Subject729,8,8,15,rf,17,2,recorded,0
Subject729_2019_0117_201741_segment09_09,Subject729,9,9,20,rf,17,2,recorded,0
Subject729_2019_0117_201741_segment10_10,Subject729,10,10,17,rf,17,2,recorded,0
Subject729_2019_0117_201741_segment11_11,Subject729,11,11,20,rf,17,2,recorded,0
Subject729_2019_0117_201741_segment12_12,Subject729,12,12,23,rf,17,2,recorded,0
Subject729_2019_0117_201741_segment13_13,Subject729,13,13,20,rf,17,2,recorded,0
Subject729_2019_0117_201741_segment14_14,Subject729,14,14,21,rf,17,2,recorded,0
Subject731_2019_0110_190353_segment00_00,Subject731,0,0,16,rf,17,2,recorded,0
Subject731_2019_0110_190353_segment01_01,Subject731,1,1,19,rf,17,2,recorded,0
Subject731_2019_0110_190353_segment02_02,Subject731,2,2,24,rf,17,2,recorded,0
Subject731_2019_0110_190353_segment03_03,Subject731,3,3,9,rf,17,2,recorded,0
Subject731_2019_0110_190353_segment04_04,Subject731,4,4,20,rf,17,2,recorded,0
Subject731_2019_0110_190353_segment05_05,Subject731,5,5,21,rf,17,2,recorded,0
Subject731_2019_0110_190353_segment06_12,Subject731,12,12,34,rf,17,2,recorded,0
Subject731_2019_0110_190353_segment07_06,Subject731,6,6,22,rf,17,2,recorded,0
Subject731_2019_0110_190353_segment08_07,Subject731,7,7,22,rf,17,2,recorded,0
Subject731_2019_0110_190353_segment09_08,Subject731,8,8,22,rf,17,2,recorded,0
Subject731_2019_0110_190353_segment10_09,Subject731,9,9,21,rf,17,2,recorded,0
Subject731_2019_0110_190353_segment11_10,Subject731,10,10,22,rf,17,2,recorded,0
Subject731_2019_0110_190353_segment12_11,Subject731,11,11,16,rf,17,2,recorded,0
Subject731_2019_0110_190353_segment13_13,Subject731,13,13,14,rf,17,2,recorded,0
Subject731_2019_0110_190353_segment14_14,Subject731,14,14,19,rf,17,2,recorded,0
Subject731_2019_0110_191914_segment00_00,Subject731,0,0,19,rf,17,2,recorded,0
Subject731_2019_0110_191914_segment01_01,Subject731,1,1,16,rf,17,2,recorded,0
Subject731_2019_0110_191914_segment02_02,Subject731,2,2,24,rf,17,2,recorded,0
Subject731_2019_0110_191914_segment03_03,Subject731,3,3,9,rf,17,2,recorded,0
Subject731_2019_0110_191914_segment04_04,Subject731,4,4,18,rf,17,2,recorded,0
Subject731_2019_0110_191914_segment05_05,Subject731,5,5,24,rf,17,2,recorded,0
Subject731_2019_0110_191914_segment06_06,Subject731,6,6,22,rf,17,2,recorded,0
Subject731_2019_0110_191914_segment07_07,Subject731,7,7,19,rf,17,2,recorded,0
Subject731_2019_0110_191914_segment08_08,Subject731,8,10,19,rf,17,2,recorded,0
Subject731_2019_0110_191914_segment09_09,Subject731,9,9,16,rf,17,2,recorded,0
Subject731_2019_0110_191914_segment10_10,Subject731,10,10,20,rf,17,2,recorded,0
Subject731_2019_0110_191914_segment11_11,Subject731,11,11,14,rf,17,2,recorded,0
Subject731_2019_0110_191914_segment12_12,Subject731,12,12,37,rf,17,2,recorded,0
Subject731_2019_0110_191914_segment13_13,Subject731,13,13,12,rf,17,2,recorded,0
Subject731_2019_0110_191914_segment14_14,Subject731,14,14,17,rf,17,2,recorded,0
Subject741_2019_0115_100342_segment00_00,Subject741,0,0,14,rf,17,2,recorded,0
Subject741_2019_0115_100342_segment01_01,Subject741,1,1,11,rf,17,2,recorded,0
Subject741_2019_0115_100342_segment02_02,Subject741,2,2,18,rf,17,2,recorded,0
Subject741_2019_0115_100342_segment03_03,Subject741,3,3,8,rf,17,2,recorded,0
Subject741_2019_0115_100342_segment04_04,Subject741,4,4,15,rf,17,2,recorded,0
Subject741_2019_0115_100342_segment05_05,Subject741,5,5,22,rf,17,2,recorded,0
Subject741_2019_0115_100342_segment06_06,Subject741,6,6,18,rf,17,2,recorded,0
Subject741_2019_0115_100342_segment07_07,Subject741,7,7,19,rf,17,2,recorded,0
Subject741_2019_0115_100342_segment08_08,Subject741,8,8,18,rf,17,2,recorded,0
Subject741_2019_0115_100342_segment09_09,Subject741,9,9,14,rf,17,2,recorded,0
Subject741_2019_0115_100342_segment10_10,Subject741,10,4,16,rf,17,2,recorded,0
Subject741_2019_0115_100342_segment11_11,Subject741,11,11,12,rf,17,2,recorded,0
Subject741_2019_0115_100342_segment12_12,Subject741,12,12,26,rf,17,2,recorded,0
Subject741_2019_0115_100342_segment13_13,Subject741,13,13,11,rf,17,2,recorded,0
Subject741_2019_0115_100342_segment14_14,Subject741,14,14,13,rf,17,2,recorded,0
Subject741_2019_0115_101708_segment00_00,Subject741,0,0,15,rf,17,2,recorded,0
Subject741_2019_0115_101708_segment01_01,Subject741,1,1,11,rf,17,2,recorded,0
Subject741_2019_0115_101708_segment02_02,Subject741,2,2,16,rf,17,2,recorded,0
Subject741_2019_0115_101708_segment03_03,Subject741,3,3,8,rf,17,2,recorded,0
Subject741_2019_0115_101708_segment04_04,Subject741,4,10,13,rf,17,2,recorded,0
Subject741_2019_0115_101708_segment05_05,Subject741,5,5,18,rf,17,2,recorded,0
Subject741_2019_0115_101708_segment06_06,Subject741,6,6,17,rf,17,2,recorded,0
Subject741_2019_0115_101708_segment07_07,Subject741,7,7,18,rf,17,2,recorded,0
Subject741_2019_0115_101708_segment08_08,Subject741,8,8,18,rf,17,2,recorded,0
Subject741_2019_0115_101708_segment09_09,Subject741,9,9,12,rf,17,2,recorded,0
Subject741_2019_0115_101708_segment10_10,Subject741,10,10,12,rf,17,2,recorded,0
Subject741_2019_0115_101708_segment11_11,Subject741,11,11,11,rf,17,2,recorded,0
Subject741_2019_0115_101708_segment12_12,Subject741,12,12,26,rf,17,2,recorded,0
Subject741_2019_0115_101708_segment13_13,Subject741,13,13,12,rf,17,2,recorded,0
Subject741_2019_0115_101708_segment14_14,Subject741,14,14,13,rf,17,2,recorded,0
Subject741_2019_0117_152430_segment00_00,Subject741,0,0,15,rf,17,2,recorded,0
Subject741_2019_0117_152430_segment01_01,Subject741,1,1,10,rf,17,2,recorded,0
Subject741_2019_0117_152430_segment02_02,Subject741,2,2,18,rf,17,2,recorded,0
Subject741_2019_0117_152430_segment03_03,Subject741,3,3,9,rf,17,2,recorded,0
Subject741_2019_0117_152430_segment04_04,Subject741,4,4,14,rf,17,2,recorded,0
Subject741_2019_0117_152430_segment05_05,Subject741,5,5,15,rf,17,2,recorded,0
Subject741_2019_0117_152430_segment06_06,Subject741,6,6,19,rf,17,2,recorded,0
Subject741_2019_0117_152430_segment07_07,Subject741,7,7,13,rf,17,2,recorded,0
Subject741_2019_0117_152430_segment08_08,Subject741,8,8,15,rf,17,2,recorded,0
Subject741_2019_0117_152430_segment09_09,Subject741,9,9,13,rf,17,2,recorded,0
Subject741_2019_0117_152430_segment10_10,Subject741,10,10,13,rf,17,2,recorded,0
Subject741_2019_0117_152430_segment11_11,Subject741,11,11,12,rf,17,2,recorded,0
Subject741_2019_0117_152430_segment12_12,Subject741,12,12,20,rf,17,2,recorded,0
Subject741_2019_0117_152430_segment13_13,Subject741,13,13,9,rf,17,2,recorded,0
Subject741_2019_0117_152430_segment14_14,Subject741,14,14,11,rf,17,2,recorded,0
Subject741_2019_0117_153859_segment00_00,Subject741,0,0,14,rf,17,2,recorded,0
Subject741_2019_0117_153859_segment01_01,Subject741,1,1,11,rf,17,2,recorded,0
Subject741_2019_0117_153859_segment02_02,Subject741,2,2,14,rf,17,2,recorded,0
Subject741_2019_0117_153859_segment03_03,Subject741,3,3,14,rf,17,2,recorded,0
Subject741_2019_0117_153859_segment04_04,Subject741,4,4,13,rf,17,2,recorded,0
Subject741_2019_0117_153859_segment05_05,Subject741,5,5,17,rf,17,2,recorded,0
Subject741_2019_0117_153859_segment06_06,Subject741,6,6,14,rf,17,2,recorded,0
Subject741_2019_0117_153859_segment07_07,Subject741,7,7,14,rf,17,2,recorded,0
Subject741_2019_0117_153859_segment08_08,Subject741,8,8,17,rf,17,2,recorded,0
Subject741_2019_0117_153859_segment09_09,Subject741,9,9,13,rf,17,2,recorded,0
Subject741_2019_0117_153859_segment10_10,Subject741,10,10,14,rf,17,2,recorded,0
Subject741_2019_0117_153859_segment11_11,Subject741,11,11,12,rf,17,2,recorded,0
Subject741_2019_0117_153859_segment12_12,Subject741,12,12,21,rf,17,2,recorded,0
Subject741_2019_0117_153859_segment13_13,Subject741,13,13,10,rf,17,2,recorded,0
Subject741_2019_0117_153859_segment14_14,Subject741,14,14,15,rf,17,2,recorded,0
Subject867_2019_0114_095625_segment00_00,Subject867,0,0,14,rf,17,2,recorded,0
Subject867_2019_0114_095625_segment01_01,Subject867,1,1,12,rf,17,2,recorded,0
Subject867_2019_0114_095625_segment02_02,Subject867,2,2,22,rf,17,2,recorded,0
Subject867_2019_0114_095625_segment03_03,Subject867,3,3,8,rf,17,2,recorded,0
Subject867_2019_0114_095625_segment04_04,Subject867,4,4,24,rf,17,2,recorded,0
Subject867_2019_0114_095625_segment05_05,Subject867,5,5,18,rf,17,2,recorded,0
Subject867_2019_0114_095625_segment06_06,Subject867,6,6,18,rf,17,2,recorded,0
Subject867_2019_0114_095625_segment07_07,Subject867,7,7,16,rf,17,2,recorded,0
Subject867_2019_0114_095625_segment08_08,Subject867,8,8,18,rf,17,2,recorded,0
Subject867_2019_0114_095625_segment09_09,Subject867,9,9,15,rf,17,2,recorded,0
Subject867_2019_0114_095625_segment10_10,Subject867,10,10,15,rf,17,2,recorded,0
Subject867_2019_0114_095625_segment11_11,Subject867,11,11,15,rf,17,2,recorded,0
Subject867_2019_0114_095625_segment12_12,Subject867,12,12,22,rf,17,2,recorded,0
Subject867_2019_0114_095625_segment13_13,Subject867,13,13,12,rf,17,2,recorded,0
Subject867_2019_0114_095625_segment14_14,Subject867,14,14,13,rf,17,2,recorded,0
Subject867_2019_0114_100932_segment00_00,Subject867,0,0,13,rf,17,2,recorded,0
Subject867_2019_0114_100932_segment01_01,Subject867,1,1,13,rf,17,2,recorded,0
Subject867_2019_0114_100932_segment02_02,Subject867,2,2,21,rf,17,2,recorded,0
Subject867_2019_0114_100932_segment03_03,Subject867,3,3,8,rf,17,2,recorded,0
Subject867_2019_0114_100932_segment04_04,Subject867,4,10,16,rf,17,2,recorded,0
Subject867_2019_0114_100932_segment05_05,Subject867,5,5,16,rf,17,2,recorded,0
Subject867_2019_0114_100932_segment06_06,Subject867,6,6,18,rf,17,2,recorded,0
Subject867_2019_0114_100932_segment07_07,Subject867,7,7,16,rf,17,2,recorded,0
Subject867_2019_0114_100932_segment08_08,Subject867,8,8,17,rf,17,2,recorded,0
Subject867_2019_0114_100932_segment09_09,Subject867,9,9,13,rf,17,2,recorded,0
Subject867_2019_0114_100932_segment10_10,Subject867,10,7,13,rf,17,2,recorded,0
Subject867_2019_0114_100932_segment11_11,Subject867,11,11,14,rf,17,2,recorded,0
Subject867_2019_0114_100932_segment12_12,Subject867,12,12,23,rf,17,2,recorded,0
Subject867_2019_0114_100932_segment13_13,Subject867,13,13,12,rf,17,2,recorded,0
Subject867_2019_0114_100932_segment14_14,Subject867,14,14,11,rf,17,2,recorded,0
Subject867_2019_0121_100318_segment00_00,Subject867,0,0,23,rf,17,2,recorded,0
Subject867_2019_0121_100318_segment01_01,Subject867,1,1,14,rf,17,2,recorded,0
Subject867_2019_0121_100318_segment02_02,Subject867,2,2,21,rf,17,2,recorded,0
Subject867_2019_0121_100318_segment03_03,Subject867,3,3,13,rf,17,2,recorded,0
Subject867_2019_0121_100318_segment04_04,Subject867,4,10,27,rf,17,2,recorded,0
Subject867_2019_0121_100318_segment05_05,Subject867,5,5,26,rf,17,2,recorded,0
Subject867_2019_0121_100318_segment06_06,Subject867,6,6,27,rf,17,2,recorded,0
Subject867_2019_0121_100318_segment07_07,Subject867,7,7,12,rf,17,2,recorded,0
Subject867_2019_0121_100318_segment08_08,Subject867,8,8,25,rf,17,2,recorded,0
Subject867_2019_0121_100318_segment09_09,Subject867,9,9,22,rf,17,2,recorded,0
Subject867_2019_0121_100318_segment10_10,Subject867,10,10,7,rf,17,2,recorded,0
Subject867_2019_0121_100318_segment11_11,Subject867,11,11,19,rf,17,2,recorded,0
Subject867_2019_0121_100318_segment12_12,Subject867,12,12,22,rf,17,2,recorded,0
Subject867_2019_0121_100318_segment13_13,Subject867,13,13,9,rf,17,2,recorded,0
Subject867_2019_0121_100318_segment14_14,Subject867,14,14,17,rf,17,2,recorded,0
Subject867_2019_0121_101655_segment00_00,Subject867,0,0,17,rf,17,2,recorded,0
Subject867_2019_0121_101655_segment01_01,Subject867,1,1,16,rf,17,2,recorded,0
Subject867_2019_0121_101655_segment02_02,Subject867,2,2,28,rf,17,2,recorded,0
Subject867_2019_0121_101655_segment03_03,Subject867,3,3,13,rf,17,2,recorded,0
Subject867_2019_0121_101655_segment04_04,Subject867,4,10,17,rf,17,2,recorded,0
Subject867_2019_0121_101655_segment05_05,Subject867,5,5,19,rf,17,2,recorded,0
Subject867_2019_0121_101655_segment06_06,Subject867,6,6,21,rf,17,2,recorded,0
Subject867_2019_0121_101655_segment07_07,Subject867,7,7,8,rf,17,2,recorded,0
Subject867_2019_0121_101655_segment08_08,Subject867,8,8,18,rf,17,2,recorded,0
Subject867_2019_0121_101655_segment09_09,Subject867,9,9,17,rf,17,2,recorded,0
Subject867_2019_0121_101655_segment10_10,Subject867,10,7,6,rf,17,2,recorded,0
Subject867_2019_0121_101655_segment11_11,Subject867,11,11,16,rf,17,2,recorded,0
Subject867_2019_0121_101655_segment12_12,Subject867,12,12,13,rf,17,2,recorded,0
Subject867_2019_0121_101655_segment13_13,Subject867,13,13,9,rf,17,2,recorded,0
Subject867_2019_0121_101655_segment14_14,Subject867,14,14,14,rf,17,2,recorded,0
Subject890_2019_0129_112929_segment00_00,Subject890,0,0,23,rf,17,2,recorded,0
Subject890_2019_0129_112929_segment01_01,Subject890,1,1,14,rf,17,2,recorded,0
Subject890_2019_0129_112929_segment02_02,Subject890,2,2,29,rf,17,2,recorded,0
Subject890_2019_0129_112929_segment03_03,Subject890,3,3,15,rf,17,2,recorded,0
Subject890_2019_0129_112929_segment04_04,Subject890,4,4,19,rf,17,2,recorded,0
Subject890_2019_0129_112929_segment05_05,Subject890,5,5,49,rf,17,2,recorded,0
Subject890_2019_0129_112929_segment06_06,Subject890,6,6,34,rf,17,2,recorded,0
Subject890_2019_0129_114354_segment00_07,Subject890,7,7,21,rf,17,2,recorded,0
Subject890_2019_0129_114354_segment01_08,Subject890,8,8,25,rf,17,2,recorded,0
Subject890_2019_0129_114354_segment02_09,Subject890,9,9,26,rf,17,2,recorded,0
Subject890_2019_0129_114354_segment03_10,Subject890,10,10,19,rf,17,2,recorded,0
Subject890_2019_0129_114354_segment04_11,Subject890,11,11,16,rf,17,2,recorded,0
Subject890_2019_0129_114354_segment05_12,Subject890,12,12,47,rf,17,2,recorded,0
Subject890_2019_0129_114354_segment06_13,Subject890,13,13,14,rf,17,2,recorded,0
Subject890_2019_0129_114354_segment07_14,Subject890,14,14,16,rf,17,2,recorded,0
Subject890_2019_0129_115324_segment00_00,Subject890,0,0,16,rf,17,2,recorded,0
Subject890_2019_0129_115324_segment01_01,Subject890,1,1,11,rf,17,2,recorded,0
Subject890_2019_0129_115324_segment02_02,Subject890,2,2,22,rf,17,2,recorded,0
Subject890_2019_0129_115324_segment03_03,Subject890,3,3,12,rf,17,2,recorded,0
Subject890_2019_0129_115324_segment04_04,Subject890,4,10,12,rf,17,2,recorded,0
Subject890_2019_0129_115324_segment05_05,Subject890,5,5,41,rf,17,2,recorded,0
Subject890_2019_0129_115324_segment06_06,Subject890,6,6,27,rf,17,2,recorded,0
Subject890_2019_0129_115324_segment07_07,Subject890,7,7,18,rf,17,2,recorded,0
Subject890_2019_0129_115324_segment08_08,Subject890,8,8,21,rf,17,2,recorded,0
Subject890_2019_0129_115324_segment09_09,Subject890,9,9,15,rf,17,2,recorded,0
Subject890_2019_0129_115324_segment10_10,Subject890,10,10,20,rf,17,2,recorded,0
Subject890_2019_0129_115324_segment11_11,Subject890,11,11,15,rf,17,2,recorded,0
Subject890_2019_0129_115324_segment12_12,Subject890,12,12,36,rf,17,2,recorded,0
Subject890_2019_0129_115324_segment13_13,Subject890,13,13,13,rf,17,2,recorded,0
Subject890_2019_0129_115324_segment14_14,Subject890,14,14,19,rf,17,2,recorded,0
Subject969_2019_0116_180835_segment00_00,Subject969,0,0,33,rf,17,2,recorded,0
Subject969_2019_0116_180835_segment01_01,Subject969,1,1,24,rf,17,2,recorded,0
Subject969_2019_0116_180835_segment02_02,Subject969,2,2,31,rf,17,2,recorded,0
Subject969_2019_0116_180835_segment03_03,Subject969,3,3,9,rf,17,2,recorded,0
Subject969_2019_0116_180835_segment04_04,Subject969,4,4,36,rf,17,2,recorded,0
Subject969_2019_0116_180835_segment05_05,Subject969,5,5,30,rf,17,2,recorded,0
Subject969_2019_0116_180835_segment06_06,Subject969,6,6,29,rf,17,2,recorded,0
Subject969_2019_0116_180835_segment07_07,Subject969,7,4,33,rf,17,2,recorded,0
Subject969_2019_0116_180835_segment08_08,Subject969,8,8,39,rf,17,2,recorded,0
Subject969_2019_0116_180835_segment09_09,Subject969,9,9,36,rf,17,2,recorded,0
Subject969_2019_0116_180835_segment10_10,Subject969,10,4,36,rf,17,2,recorded,0
Subject969_2019_0116_180835_segment11_11,Subject969,11,11,25,rf,17,2,recorded,0
Subject969_2019_0116_180835_segment12_12,Subject969,12,12,46,rf,17,2,recorded,0
Subject969_2019_0116_180835_segment13_13,Subject969,13,13,23,rf,17,2,recorded,0
Subject969_2019_0116_180835_segment14_14,Subject969,14,14,26,rf,17,2,recorded,0
Subject969_2019_0116_182431_segment00_04,Subject969,4,4,36,rf,17,2,recorded,0
Subject969_2019_0116_182431_segment01_00,Subject969,0,0,39,rf,17,2,recorded,0
Subject969_2019_0116_182431_segment02_01,Subject969,1,1,23,rf,17,2,recorded,0
Subject969_2019_0116_182431_segment03_02,Subject969,2,2,32,rf,17,2,recorded,0
Subject969_2019_0116_182431_segment04_03,Subject969,3,3,8,rf,17,2,recorded,0
Subject969_2019_0116_182431_segment05_05,Subject969,5,5,30,rf,17,2,recorded,0
Subject969_2019_0116_182431_segment06_06,Subject969,6,6,27,rf,17,2,recorded,0
Subject969_2019_0116_182431_segment07_07,Subject969,7,4,31,rf,17,2,recorded,0
Subject969_2019_0116_182431_segment08_08,Subject969,8,8,37,rf,17,2,recorded,0
Subject969_2019_0116_182431_segment09_09,Subject969,9,9,31,rf,17,2,recorded,0
Subject969_2019_0116_182431_segment10_10,Subject969,10,4,33,rf,17,2,recorded,0
Subject969_2019_0116_182431_segment11_11,Subject969,11,11,22,rf,17,2,recorded,0
Subject969_2019_0116_182431_segment12_12,Subject969,12,12,44,rf,17,2,recorded,0
Subject969_2019_0116_182431_segment13_13,Subject969,13,13,26,rf,17,2,recorded,0
Subject969_2019_0116_182431_segment14_14,Subject969,14,14,28,rf,17,2,recorded,0
Subject226_2019_0116_111425_segment00_00,Subject226,0,2,23,rf,17,2,new,0
Subject226_2019_0116_111425_segment01_01,Subject226,1,1,10,rf,17,2,new,0
Subject226_2019_0116_111425_segment02_02,Subject226,2,2,29,rf,17,2,new,0
Subject226_2019_0116_111425_segment03_03,Subject226,3,3,8,rf,17,2,new,0
Subject226_2019_0116_111425_segment04_04,Subject226,4,10,16,rf,17,2,new,0
Subject226_2019_0116_111425_segment05_05,Subject226,5,5,23,rf,17,2,new,0
Subject226_2019_0116_111425_segment06_06,Subject226,6,6,22,rf,17,2,new,0
Subject226_2019_0116_111425_segment07_07,Subject226,7,7,22,rf,17,2,new,0
Subject226_2019_0116_111425_segment08_08,Subject226,8,8,18,rf,17,2,new,0
Subject226_2019_0116_111425_segment09_09,Subject226,9,9,12,rf,17,2,new,0
Subject226_2019_0116_111425_segment10_10,Subject226,10,10,15,rf,17,2,new,0
Subject226_2019_0116_111425_segment11_11,Subject226,11,11,9,rf,17,2,new,0
Subject226_2019_0116_111425_segment13_12,Subject226,12,12,25,rf,17,2,new,0
Subject226_2019_0116_111425_segment14_13,Subject226,13,13,15,rf,17,2,new,0
Subject226_2019_0116_111425_segment15_14,Subject226,14,14,12,rf,17,2,new,0
Subject226_2019_0116_112900_segment00_00,Subject226,0,8,17,rf,17,2,new,0
Subject226_2019_0116_112900_segment01_01,Subject226,1,1,8,rf,17,2,new,0
Subject226_2019_0116_112900_segment02_02,Subject226,2,2,26,rf,17,2,new,0
Subject226_2019_0116_112900_segment03_03,Subject226,3,3,8,rf,17,2,new,0
Subject226_2019_0116_112900_segment04_04,Subject226,4,7,12,rf,17,2,new,0
Subject226_2019_0116_112900_segment05_05,Subject226,5,5,18,rf,17,2,new,0
Subject226_2019_0116_112900_segment06_06,Subject226,6,6,16,rf,17,2,new,0
Subject226_2019_0116_112900_segment07_07,Subject226,7,7,17,rf,17,2,new,0
Subject226_2019_0116_112900_segment08_08,Subject226,8,8,17,rf,17,2,new,0
Subject226_2019_0116_112900_segment09_09,Subject226,9,9,10,rf,17,2,new,0
Subject226_2019_0116_112900_segment10_10,Subject226,10,10,15,rf,17,2,new,0
Subject226_2019_0116_112900_segment11_11,Subject226,11,14,9,rf,17,2,new,0
Subject226_2019_0116_112900_segment12_12,Subject226,12,12,24,rf,17,2,new,0
Subject226_2019_0116_112900_segment13_13,Subject226,13,13,14,rf,17,2,new,0
Subject226_2019_0116_112900_segment14_14,Subject226,14,14,11,rf,17,2,new,0
Subject353_2019_0107_201808_segment00_00,Subject353,0,5,11,rf,17,2,new,0
Subject353_2019_0107_201808_segment01_01,Subject353,1,1,9,rf,17,2,new,0
Subject353_2019_0107_201808_segment02_02,Subject353,2,2,21,rf,17,2,new,0
Subject353_2019_0107_201808_segment03_03,Subject353,3,3,8,rf,17,2,new,0
Subject353_2019_0107_201808_segment04_04,Subject353,4,4,11,rf,17,2,new,0
Subject353_2019_0107_201808_segment05_05,Subject353,5,5,20,rf,17,2,new,0
Subject353_2019_0107_201808_segment07_06,Subject353,6,6,28,rf,17,2,new,0
Subject353_2019_0107_201808_segment08_07,Subject353,7,10,22,rf,17,2,new,0
Subject353_2019_0107_201808_segment09_08,Subject353,8,8,16,rf,17,2,new,0
Subject353_2019_0107_201808_segment10_09,Subject353,9,9,15,rf,17,2,new,0
Subject353_2019_0107_201808_segment11_10,Subject353,10,10,22,rf,17,2,new,0
Subject353_2019_0107_201808_segment12_11,Subject353,11,11,12,rf,17,2,new,0
Subject353_2019_0107_201808_segment13_12,Subject353,12,12,25,rf,17,2,new,0
Subject353_2019_0107_201808_segment14_13,Subject353,13,13,12,rf,17,2,new,0
Subject353_2019_0107_201808_segment15_14,Subject353,14,14,16,rf,17,2,new,0
Subject353_2019_0107_203456_segment00_00,Subject353,0,5,11,rf,17,2,new,0
Subject353_2019_0107_203456_segment01_01,Subject353,1,1,14,rf,17,2,new,0
Subject353_2019_0107_203456_segment02_02,Subject353,2,2,20,rf,17,2,new,0
Subject353_2019_0107_203456_segment03_03,Subject353,3,3,8,rf,17,2,new,0
Subject353_2019_0107_203456_segment04_04,Subject353,4,10,13,rf,17,2,new,0
Subject353_2019_0107_203456_segment05_05,Subject353,5,5,17,rf,17,2,new,0
Subject353_2019_0107_203456_segment06_06,Subject353,6,6,21,rf,17,2,new,0
Subject353_2019_0107_203456_segment07_07,Subject353,7,7,17,rf,17,2,new,0
Subject353_2019_0107_203456_segment08_08,Subject353,8,8,13,rf,17,2,new,0
Subject353_2019_0107_203456_segment09_09,Subject353,9,9,12,rf,17,2,new,0
Subject353_2019_0107_203456_segment10_10,Subject353,10,10,17,rf,17,2,new,0
Subject353_2019_0107_203456_segment11_11,Subject353,11,11,11,rf,17,2,new,0
Subject353_2019_0107_203456_segment12_12,Subject353,12,12,25,rf,17,2,new,0
Subject353_2019_0107_203456_segment13_13,Subject353,13,13,12,rf,17,2,new,0
Subject353_2019_0107_203456_segment14_14,Subject353,14,14,13,rf,17,2,new,0
Subject353_2019_0124_191856_segment00_00,Subject353,0,8,16,rf,17,2,new,0
Subject353_2019_0124_191856_segment01_01,Subject353,1,1,14,rf,17,2,new,0
Subject353_2019_0124_191856_segment02_02,Subject353,2,2,25,rf,17,2,new,0
Subject353_2019_0124_191856_segment03_03,Subject353,3,3,9,rf,17,2,new,0
Subject353_2019_0124_191856_segment04_04,Subject353,4,4,17,rf,17,2,new,0
Subject353_2019_0124_191856_segment05_05,Subject353,5,5,21,rf,17,2,new,0
Subject353_2019_0124_191856_segment06_06,Subject353,6,6,28,rf,17,2,new,0
Subject353_2019_0124_191856_segment07_07,Subject353,7,10,22,rf,17,2,new,0
Subject353_2019_0124_191856_segment08_08,Subject353,8,8,21,rf,17,2,new,0
Subject353_2019_0124_191856_segment09_09,Subject353,9,9,16,rf,17,2,new,0
Subject353_2019_0124_191856_segment10_10,Subject353,10,10,20,rf,17,2,new,0
Subject353_2019_0124_191856_segment11_11,Subject353,11,11,13,rf,17,2,new,0
Subject353_2019_0124_191856_segment12_12,Subject353,12,12,33,rf,17,2,new,0
Subject353_2019_0124_191856_segment13_13,Subject353,13,13,14,rf,17,2,new,0
Subject353_2019_0124_191856_segment14_14,Subject353,14,14,16,rf,17,2,new,0
Subject353_2019_0124_193722_segment00_00,Subject353,0,5,17,rf,17,2,new,0
Subject353_2019_0124_193722_segment01_01,Subject353,1,1,13,rf,17,2,new,0
Subject353_2019_0124_193722_segment02_02,Subject353,2,2,21,rf,17,2,new,0
Subject353_2019_0124_193722_segment03_03,Subject353,3,3,9,rf,17,2,new,0
Subject353_2019_0124_193722_segment04_04,Subject353,4,4,17,rf,17,2,new,0
Subject353_2019_0124_193722_segment05_05,Subject353,5,5,22,rf,17,2,new,0
Subject353_2019_0124_193722_segment06_06,Subject353,6,6,26,rf,17,2,new,0
Subject353_2019_0124_193722_segment07_07,Subject353,7,10,21,rf,17,2,new,0
Subject353_2019_0124_193722_segment08_08,Subject353,8,8,19,rf,17,2,new,0
Subject353_2019_0124_193722_segment09_09,Subject353,9,9,14,rf,17,2,new,0
Subject353_2019_0124_193722_segment10_10,Subject353,10,10,27,rf,17,2,new,0
Subject353_2019_0124_193722_segment11_11,Subject353,11,11,16,rf,17,2,new,0
Subject353_2019_0124_193722_segment12_12,Subject353,12,12,27,rf,17,2,new,0
Subject353_2019_0124_193722_segment13_13,Subject353,13,13,16,rf,17,2,new,0
Subject353_2019_0124_193722_segment14_14,Subject353,14,14,17,rf,17,2,new,0
Subject516_2019_0109_095949_segment00_00,Subject516,0,0,29,rf,17,2,new,0
Subject516_2019_0109_095949_segment01_01,Subject516,1,1,6,rf,17,2,new,0
Subject516_2019_0109_095949_segment02_02,Subject516,2,2,19,rf,17,2,new,0
Subject516_2019_0109_095949_segment03_03,Subject516,3,3,8,rf,17,2,new,0
Subject516_2019_0109_095949_segment04_04,Subject516,4,4,21,rf,17,2,new,0
Subject516_2019_0109_095949_segment05_05,Subject516,5,5,28,rf,17,2,new,0
Subject516_2019_0109_095949_segment06_06,Subject516,6,6,29,rf,17,2,new,0
Subject516_2019_0109_095949_segment07_07,Subject516,7,7,11,rf,17,2,new,0
Subject516_2019_0109_095949_segment08_08,Subject516,8,8,38,rf,17,2,new,0
Subject516_2019_0109_095949_segment09_09,Subject516,9,9,21,rf,17,2,new,0
Subject516_2019_0109_095949_segment10_10,Subject516,10,4,17,rf,17,2,new,0
Subject516_2019_0109_095949_segment11_11,Subject516,11,11,12,rf,17,2,new,0
Subject516_2019_0109_095949_segment12_12,Subject516,12,12,18,rf,17,2,new,0
Subject516_2019_0109_095949_segment13_13,Subject516,13,7,6,rf,17,2,new,0
Subject516_2019_0109_095949_segment14_14,Subject516,14,14,14,rf,17,2,new,0
Subject516_2019_0109_101116_segment00_00,Subject516,0,0,24,rf,17,2,new,0
Subject516_2019_0109_101116_segment01_01,Subject516,1,1,6,rf,17,2,new,0
Subject516_2019_0109_101116_segment02_02,Subject516,2,2,18,rf,17,2,new,0
Subject516_2019_0109_101116_segment03_03,Subject516,3,3,7,rf,17,2,new,0
Subject516_2019_0109_101116_segment04_04,Subject516,4,4,17,rf,17,2,new,0
Subject516_2019_0109_101116_segment05_05,Subject516,5,5,22,rf,17,2,new,0
Subject516_2019_0109_101116_segment06_06,Subject516,6,6,24,rf,17,2,new,0
Subject516_2019_0109_101116_segment07_07,Subject516,7,7,11,rf,17,2,new,0
Subject516_2019_0109_101116_segment08_08,Subject516,8,8,28,rf,17,2,new,0
Subject516_2019_0109_101116_segment09_09,Subject516,9,9,16,rf,17,2,new,0
Subject516_2019_0109_101116_segment10_10,Subject516,10,10,14,rf,17,2,new,0
Subject516_2019_0109_101116_segment11_11,Subject516,11,14,10,rf,17,2,new,0
Subject516_2019_0109_101116_segment12_12,Subject516,12,12,18,rf,17,2,new,0
Subject516_2019_0109_101116_segment13_13,Subject516,13,13,8,rf,17,2,new,0
Subject516_2019_0109_101116_segment14_14,Subject516,14,14,14,rf,17,2,new,0
Subject561_2019_0117_110245_segment00_00,Subject561,0,0,24,rf,17,2,new,0
Subject561_2019_0117_110245_segment01_01,Subject561,1,1,16,rf,17,2,new,0
Subject561_2019_0117_110245_segment02_02,Subject561,2,2,22,rf,17,2,new,0
Subject561_2019_0117_110245_segment03_03,Subject561,3,3,16,rf,17,2,new,0
Subject561_2019_0117_110245_segment04_04,Subject561,4,4,31,rf,17,2,new,0
Subject561_2019_0117_110245_segment05_05,Subject561,5,5,20,rf,17,2,new,0
Subject561_2019_0117_110245_segment06_06,Subject561,6,6,22,rf,17,2,new,0
Subject561_2019_0117_110245_segment07_07,Subject561,7,4,32,rf,17,2,new,0
Subject561_2019_0117_110245_segment08_08,Subject561,8,8,23,rf,17,2,new,0
Subject561_2019_0117_110245_segment09_09,Subject561,9,9,29,rf,17,2,new,0
Subject561_2019_0117_110245_segment10_10,Subject561,10,4,24,rf,17,2,new,0
Subject561_2019_0117_110245_segment11_11,Subject561,11,6,21,rf,17,2,new,0
Subject561_2019_0117_110245_segment12_12,Subject561,12,12,24,rf,17,2,new,0
Subject561_2019_0117_110245_segment13_13,Subject561,13,13,18,rf,17,2,new,0
Subject561_2019_0117_110245_segment14_14,Subject561,14,14,25,rf,17,2,new,0
Subject561_2019_0117_111629_segment00_00,Subject561,0,0,26,rf,17,2,new,0
Subject561_2019_0117_111629_segment01_01,Subject561,1,1,21,rf,17,2,new,0
Subject561_2019_0117_111629_segment02_02,Subject561,2,2,27,rf,17,2,new,0
Subject561_2019_0117_111629_segment03_03,Subject561,3,3,19,rf,17,2,new,0
Subject561_2019_0117_111629_segment04_04,Subject561,4,4,27,rf,17,2,new,0
Subject561_2019_0117_111629_segment05_05,Subject561,5,5,19,rf,17,2,new,0
Subject561_2019_0117_111629_segment06_06,Subject561,6,6,25,rf,17,2,new,0
Subject561_2019_0117_111629_segment07_07,Subject561,7,4,30,rf,17,2,new,0
Subject561_2019_0117_111629_segment08_08,Subject561,8,8,31,rf,17,2,new,0
Subject561_2019_0117_111629_segment09_09,Subject561,9,9,28,rf,17,2,new,0
Subject561_2019_0117_111629_segment10_10,Subject561,10,4,23,rf,17,2,new,0
Subject561_2019_0117_111629_segment11_11,Subject561,11,6,18,rf,17,2,new,0
Subject561_2019_0117_111629_segment12_12,Subject561,12,12,19,rf,17,2,new,0
Subject561_2019_0117_111629_segment13_13,Subject561,13,5,23,rf,17,2,new,0
Subject561_2019_0117_111629_segment14_14,Subject561,14,14,31,rf,17,2,new,0
Subject561_2019_0125_110712_segment00_00,Subject561,0,0,23,rf,17,2,new,0
Subject561_2019_0125_110712_segment01_01,Subject561,1,1,18,rf,17,2,new,0
Subject561_2019_0125_110712_segment02_02,Subject561,2,2,40,rf,17,2,new,0
Subject561_2019_0125_110712_segment03_03,Subject561,3,3,20,rf,17,2,new,0
Subject561_2019_0125_110712_segment04_04,Subject561,4,4,40,rf,17,2,new,0
Subject561_2019_0125_110712_segment05_05,Subject561,5,5,37,rf,17,2,new,0
Subject561_2019_0125_110712_segment06_06,Subject561,6,6,33,rf,17,2,new,0
Subject561_2019_0125_110712_segment07_07,Subject561,7,4,38,rf,17,2,new,0
Subject561_2019_0125_110712_segment08_08,Subject561,8,8,44,rf,17,2,new,0
Subject561_2019_0125_110712_segment09_09,Subject561,9,9,39,rf,17,2,new,0
Subject561_2019_0125_110712_segment10_10,Subject561,10,10,35,rf,17,2,new,0
Subject561_2019_0125_110712_segment11_11,Subject561,11,6,24,rf,17,2,new,0
Subject561_2019_0125_110712_segment12_12,Subject561,12,12,38,rf,17,2,new,0
Subject561_2019_0125_110712_segment13_13,Subject561,13,5,33,rf,17,2,new,0
Subject561_2019_0125_110712_segment14_14,Subject561,14,14,38,rf,17,2,new,0
Subject561_2019_0125_112503_segment00_00,Subject561,0,0,37,rf,17,2,new,0
Subject561_2019_0125_112503_segment01_01,Subject561,1,1,19,rf,17,2,new,0
Subject561_2019_0125_112503_segment02_02,Subject561,2,2,41,rf,17,2,new,0
Subject561_2019_0125_112503_segment03_03,Subject561,3,3,14,rf,17,2,new,0
Subject561_2019_0125_112503_segment04_04,Subject561,4,4,33,rf,17,2,new,0
Subject561_2019_0125_112503_segment05_05,Subject561,5,5,25,rf,17,2,new,0
Subject561_2019_0125_112503_segment06_06,Subject561,6,6,30,rf,17,2,new,0
Subject561_2019_0125_112503_segment07_07,Subject561,7,10,38,rf,17,2,new,0
Subject561_2019_0125_112503_segment08_08,Subject561,8,8,29,rf,17,2,new,0
Subject561_2019_0125_112503_segment09_09,Subject561,9,9,28,rf,17,2,new,0
Subject561_2019_0125_112503_segment10_10,Subject561,10,4,21,rf,17,2,new,0
Subject561_2019_0125_112503_segment11_11,Subject561,11,11,24,rf,17,2,new,0
Subject561_2019_0125_112503_segment12_12,Subject561,12,12,19,rf,17,2,new,0
Subject561_2019_0125_112503_segment13_13,Subject561,13,5,25,rf,17,2,new,0
Subject561_2019_0125_112503_segment14_14,Subject561,14,14,29,rf,17,2,new,0
Subject819_2019_0122_140145_segment00_00,Subject819,0,0,21,rf,17,2,new,0
Subject819_2019_0122_140145_segment01_01,Subject819,1,1,17,rf,17,2,new,0
Subject819_2019_0122_140145_segment02_02,Subject819,2,2,31,rf,17,2,new,0
Subject819_2019_0122_140145_segment04_03,Subject819,3,3,8,rf,17,2,new,0
Subject819_2019_0122_140145_segment05_04,Subject819,4,4,18,rf,17,2,new,0
Subject819_2019_0122_140145_segment06_05,Subject819,5,5,25,rf,17,2,new,0
Subject819_2019_0122_140145_segment08_06,Subject819,6,6,24,rf,17,2,new,0
Subject819_2019_0122_140145_segment09_07,Subject819,7,7,14,rf,17,2,new,0
Subject819_2019_0122_140145_segment10_08,Subject819,8,4,17,rf,17,2,new,0
Subject819_2019_0122_140145_segment11_09,Subject819,9,9,22,rf,17,2,new,0
Subject819_2019_0122_140145_segment12_10,Subject819,10,10,17,rf,17,2,new,0
Subject819_2019_0122_140145_segment13_11,Subject819,11,11,18,rf,17,2,new,0
Subject819_2019_0122_140145_segment14_12,Subject819,12,12,20,rf,17,2,new,0
Subject819_2019_0122_140145_segment15_13,Subject819,13,13,11,rf,17,2,new,0
Subject819_2019_0122_140145_segment16_14,Subject819,14,14,17,rf,17,2,new,0
Subject819_2019_0122_142123_segment00_00,Subject819,0,0,18,rf,17,2,new,0
Subject819_2019_0122_142123_segment01_01,Subject819,1,1,15,rf,17,2,new,0
Subject819_2019_0122_142123_segment02_02,Subject819,2,2,22,rf,17,2,new,0
Subject819_2019_0122_142123_segment03_03,Subject819,3,3,6,rf,17,2,new,0
Subject819_2019_0122_142123_segment04_04,Subject819,4,4,19,rf,17,2,new,0
Subject819_2019_0122_142123_segment05_05,Subject819,5,5,25,rf,17,2,new,0
Subject819_2019_0122_142123_segment06_06,Subject819,6,6,23,rf,17,2,new,0
Subject819_2019_0122_142123_segment07_07,Subject819,7,13,13,rf,17,2,new,0
Subject819_2019_0122_142123_segment08_08,Subject819,8,8,19,rf,17,2,new,0
Subject819_2019_0122_142123_segment09_09,Subject819,9,9,20,rf,17,2,new,0
Subject819_2019_0122_142123_segment10_10,Subject819,10,10,16,rf,17,2,new,0
Subject819_2019_0122_142123_segment11_11,Subject819,11,11,19,rf,17,2,new,0
Subject819_2019_0122_142123_segment12_12,Subject819,12,12,20,rf,17,2,new,0
Subject819_2019_0122_142123_segment13_13,Subject819,13,13,12,rf,17,2,new,0
Subject819_2019_0122_142123_segment14_14,Subject819,14,14,18,rf,17,2,new,0
Subject819_2019_0124_110421_segment00_00,Subject819,0,0,19,rf,17,2,new,0
Subject819_2019_0124_110421_segment01_01,Subject819,1,1,16,rf,17,2,new,0
Subject819_2019_0124_110421_segment02_02,Subject819,2,2,23,rf,17,2,new,0
Subject819_2019_0124_110421_segment03_03,Subject819,3,3,6,rf,17,2,new,0
Subject819_2019_0124_110421_segment04_04,Subject819,4,4,20,rf,17,2,new,0
Subject819_2019_0124_110421_segment05_05,Subject819,5,5,28,rf,17,2,new,0
Subject819_2019_0124_110421_segment06_06,Subject819,6,6,25,rf,17,2,new,0
Subject819_2019_0124_110421_segment07_07,Subject819,7,7,12,rf,17,2,new,0
Subject819_2019_0124_110421_segment08_08,Subject819,8,4,18,rf,17,2,new,0
Subject819_2019_0124_110421_segment09_09,Subject819,9,9,21,rf,17,2,new,0
Subject819_2019_0124_110421_segment10_10,Subject819,10,4,19,rf,17,2,new,0
Subject819_2019_0124_110421_segment11_11,Subject819,11,11,22,rf,17,2,new,0
Subject819_2019_0124_110421_segment12_12,Subject819,12,12,21,rf,17,2,new,0
Subject819_2019_0124_110421_segment13_13,Subject819,13,13,11,rf,17,2,new,0
Subject819_2019_0124_110421_segment14_14,Subject819,14,14,18,rf,17,2,new,0
Subject819_2019_0124_111847_segment00_00,Subject819,0,0,17,rf,17,2,new,0
Subject819_2019_0124_111847_segment01_01,Subject819,1,1,16,rf,17,2,new,0
Subject819_2019_0124_111847_segment02_02,Subject819,2,2,23,rf,17,2,new,0
Subject819_2019_0124_111847_segment03_03,Subject819,3,3,7,rf,17,2,new,0
Subject819_2019_0124_111847_segment04_04,Subject819,4,4,20,rf,17,2,new,0
Subject819_2019_0124_111847_segment05_05,Subject819,5,5,26,rf,17,2,new,0
Subject819_2019_0124_111847_segment06_06,Subject819,6,6,22,rf,17,2,new,0
Subject819_2019_0124_111847_segment07_07,Subject819,7,7,12,rf,17,2,new,0
Subject819_2019_0124_111847_segment08_08,Subject819,8,4,19,rf,17,2,new,0
Subject819_2019_0124_111847_segment09_09,Subject819,9,9,22,rf,17,2,new,0
Subject819_2019_0124_111847_segment10_10,Subject819,10,4,18,rf,17,2,new,0
Subject819_2019_0124_111847_segment11_11,Subject819,11,11,21,rf,17,2,new,0
Subject819_2019_0124_111847_segment12_12,Subject819,12,12,22,rf,17,2,new,0
Subject819_2019_0124_111847_segment13_13,Subject819,13,13,11,rf,17,2,new,0
Subject819_2019_0124_111847_segment14_14,Subject819,14,14,17,rf,17,2,new,0
Subject877_2019_0122_110550_segment00_00,Subject877,0,0,22,rf,17,2,new,0
Subject877_2019_0122_110550_segment01_01,Subject877,1,1,11,rf,17,2,new,0
Subject877_2019_0122_110550_segment02_02,Subject877,2,2,23,rf,17,2,new,0
Subject877_2019_0122_110550_segment03_03,Subject877,3,3,13,rf,17,2,new,0
Subject877_2019_0122_110550_segment04_04,Subject877,4,4,15,rf,17,2,new,0
Subject877_2019_0122_110550_segment05_05,Subject877,5,5,22,rf,17,2,new,0
Subject877_2019_0122_110550_segment06_06,Subject877,6,6,20,rf,17,2,new,0
Subject877_2019_0122_110550_segment07_07,Subject877,7,7,24,rf,17,2,new,0
Subject877_2019_0122_110550_segment08_08,Subject877,8,8,19,rf,17,2,new,0
Subject877_2019_0122_110550_segment09_09,Subject877,9,9,27,rf,17,2,new,0
Subject877_2019_0122_110550_segment10_10,Subject877,10,10,15,rf,17,2,new,0
Subject877_2019_0122_110550_segment11_11,Subject877,11,11,17,rf,17,2,new,0
Subject877_2019_0122_110550_segment12_12,Subject877,12,12,23,rf,17,2,new,0
Subject877_2019_0122_110550_segment13_13,Subject877,13,13,20,rf,17,2,new,0
Subject877_2019_0122_110550_segment14_14,Subject877,14,14,19,rf,17,2,new,0
Subject877_2019_0122_111932_segment00_00,Subject877,0,0,18,rf,17,2,new,0
Subject877_2019_0122_111932_segment01_01,Subject877,1,1,12,rf,17,2,new,0
Subject877_2019_0122_111932_segment02_02,Subject877,2,2,23,rf,17,2,new,0
Subject877_2019_0122_111932_segment03_03,Subject877,3,3,18,rf,17,2,new,0
Subject877_2019_0122_111932_segment04_04,Subject877,4,4,17,rf,17,2,new,0
Subject877_2019_0122_111932_segment05_05,Subject877,5,5,17,rf,17,2,new,0
Subject877_2019_0122_111932_segment06_06,Subject877,6,6,20,rf,17,2,new,0
Subject877_2019_0122_111932_segment07_07,Subject877,7,7,20,rf,17,2,new,0
Subject877_2019_0122_111932_segment08_08,Subject877,8,8,19,rf,17,2,new,0
Subject877_2019_0122_111932_segment09_09,Subject877,9,9,22,rf,17,2,new,0
Subject877_2019_0122_111932_segment10_10,Subject877,10,10,18,rf,17,2,new,0
Subject877_2019_0122_111932_segment11_11,Subject877,11,11,19,rf,17,2,new,0
Subject877_2019_0122_111932_segment12_12,Subject877,12,12,21,rf,17,2,new,0
Subject877_2019_0122_111932_segment13_13,Subject877,13,13,17,rf,17,2,new,0
Subject877_2019_0122_111932_segment14_14,Subject877,14,14,19,rf,17,2,new,0
Subject877_2019_0125_114556_segment00_00,Subject877,0,0,30,rf,17,2,new,0
Subject877_2019_0125_114556_segment01_01,Subject877,1,1,17,rf,17,2,new,0
Subject877_2019_0125_114556_segment02_02,Subject877,2,2,31,rf,17,2,new,0
Subject877_2019_0125_114556_segment03_03,Subject877,3,3,18,rf,17,2,new,0
Subject877_2019_0125_114556_segment04_04,Subject877,4,4,16,rf,17,2,new,0
Subject877_2019_0125_114556_segment05_05,Subject877,5,5,24,rf,17,2,new,0
Subject877_2019_0125_114556_segment06_06,Subject877,6,6,27,rf,17,2,new,0
Subject877_2019_0125_114556_segment07_07,Subject877,7,7,24,rf,17,2,new,0
Subject877_2019_0125_114556_segment08_08,Subject877,8,8,29,rf,17,2,new,0
Subject877_2019_0125_114556_segment09_09,Subject877,9,9,29,rf,17,2,new,0
Subject877_2019_0125_114556_segment10_10,Subject877,10,10,22,rf,17,2,new,0
Subject877_2019_0125_114556_segment11_11,Subject877,11,11,19,rf,17,2,new,0
Subject877_2019_0125_114556_segment12_12,Subject877,12,12,31,rf,17,2,new,0
Subject877_2019_0125_114556_segment13_13,Subject877,13,13,29,rf,17,2,new,0
Subject877_2019_0125_114556_segment14_14,Subject877,14,14,21,rf,17,2,new,0
Subject877_2019_0125_120055_segment00_00,Subject877,0,0,24,rf,17,2,new,0
Subject877_2019_0125_120055_segment01_01,Subject877,1,1,13,rf,17,2,new,0
Subject877_2019_0125_120055_segment02_02,Subject877,2,2,28,rf,17,2,new,0
Subject877_2019_0125_120055_segment03_03,Subject877,3,3,13,rf,17,2,new,0
Subject877_2019_0125_120055_segment04_04,Subject877,4,4,15,rf,17,2,new,0
Subject877_2019_0125_120055_segment05_05,Subject877,5,5,23,rf,17,2,new,0
Subject877_2019_0125_120055_segment06_06,Subject877,6,6,25,rf,17,2,new,0
Subject877_2019_0125_120055_segment07_07,Subject877,7,7,23,rf,17,2,new,0
Subject877_2019_0125_120055_segment08_08,Subject877,8,8,25,rf,17,2,new,0
Subject877_2019_0125_120055_segment09_09,Subject877,9,9,20,rf,17,2,new,0
Subject877_2019_0125_120055_segment10_10,Subject877,10,10,16,rf,17,2,new,0
Subject877_2019_0125_120055_segment11_11,Subject877,11,11,21,rf,17,2,new,0
Subject877_2019_0125_120055_segment12_12,Subject877,12,12,28,rf,17,2,new,0
Subject877_2019_0125_120055_segment13_13,Subject877,13,13,22,rf,17,2,new,0
Subject877_2019_0125_120055_segment14_14,Subject877,14,14,20,rf,17,2,new,0
