athlete,n_bouts,macro_f1,balanced_acc,accuracy,group,model,repeat,n_team,k,n_train_bouts,n_train_windows,git,fs,window_s
Subject139,60,0.7446464646464646,0.7666666666666667,0.7666666666666667,new,rf,0,2,1,30,607,efc966c-dirty,30.0,2.0
Subject353,60,0.6236171236171235,0.7,0.7,new,rf,0,2,1,30,607,efc966c-dirty,30.0,2.0
Subject424,60,0.6329485329485328,0.6666666666666666,0.6666666666666666,new,rf,0,2,1,30,607,efc966c-dirty,30.0,2.0
Subject455,60,0.7780278980278978,0.7833333333333333,0.7833333333333333,new,rf,0,2,1,30,607,efc966c-dirty,30.0,2.0
Subject731,30,0.6666666666666667,0.7333333333333333,0.7333333333333333,new,rf,0,2,1,30,607,efc966c-dirty,30.0,2.0
Subject890,30,0.6955555555555556,0.7333333333333333,0.7333333333333333,new,rf,0,2,1,30,607,efc966c-dirty,30.0,2.0
Subject147,31,0.8177777777777778,0.8666666666666667,0.8709677419354839,recorded,rf,0,2,1,30,607,efc966c-dirty,30.0,2.0
Subject819,60,0.8452910052910053,0.8666666666666667,0.8666666666666667,recorded,rf,0,2,1,30,607,efc966c-dirty,30.0,2.0
Subject139,60,0.7684848484848484,0.8,0.8,new,rf,0,2,2,60,1221,efc966c-dirty,30.0,2.0
Subject353,60,0.6297221297221297,0.7,0.7,new,rf,0,2,2,60,1221,efc966c-dirty,30.0,2.0
Subject424,60,0.6415739815739816,0.6833333333333333,0.6833333333333333,new,rf,0,2,2,60,1221,efc966c-dirty,30.0,2.0
Subject455,60,0.7511832611832612,0.8,0.8,new,rf,0,2,2,60,1221,efc966c-dirty,30.0,2.0
Subject731,30,0.6711111111111111,0.7333333333333333,0.7333333333333333,new,rf,0,2,2,60,1221,efc966c-dirty,30.0,2.0
Subject890,30,0.6555555555555556,0.7333333333333333,0.7333333333333333,new,rf,0,2,2,60,1221,efc966c-dirty,30.0,2.0
Subject147,31,0.9644444444444444,0.9666666666666667,0.967741935483871,recorded,rf,0,2,2,60,1221,efc966c-dirty,30.0,2.0
Subject819,60,0.8452910052910053,0.8666666666666667,0.8666666666666667,recorded,rf,0,2,2,60,1221,efc966c-dirty,30.0,2.0
Subject139,60,0.8055218855218854,0.8333333333333334,0.8333333333333334,new,rf,0,4,1,60,1451,efc966c-dirty,30.0,2.0
Subject353,60,0.6886435786435787,0.7333333333333333,0.7333333333333333,new,rf,0,4,1,60,1451,efc966c-dirty,30.0,2.0
Subject424,60,0.533977873977874,0.5833333333333334,0.5833333333333334,new,rf,0,4,1,60,1451,efc966c-dirty,30.0,2.0
Subject455,60,0.7109187109187107,0.75,0.75,new,rf,0,4,1,60,1451,efc966c-dirty,30.0,2.0
Subject731,30,0.6799999999999999,0.7333333333333333,0.7333333333333333,new,rf,0,4,1,60,1451,efc966c-dirty,30.0,2.0
Subject890,30,0.7288888888888889,0.7666666666666667,0.7666666666666667,new,rf,0,4,1,60,1451,efc966c-dirty,30.0,2.0
Subject147,31,0.7866666666666666,0.8333333333333334,0.8387096774193549,recorded,rf,0,4,1,60,1451,efc966c-dirty,30.0,2.0
Subject561,60,1.0,1.0,1.0,recorded,rf,0,4,1,60,1451,efc966c-dirty,30.0,2.0
Subject819,60,0.8186243386243387,0.85,0.85,recorded,rf,0,4,1,60,1451,efc966c-dirty,30.0,2.0
Subject969,30,0.8755555555555555,0.9,0.9,recorded,rf,0,4,1,60,1451,efc966c-dirty,30.0,2.0
Subject139,60,0.8173737373737373,0.85,0.85,new,rf,0,4,2,120,2861,efc966c-dirty,30.0,2.0
Subject353,60,0.629023569023569,0.6666666666666666,0.6666666666666666,new,rf,0,4,2,120,2861,efc966c-dirty,30.0,2.0
Subject424,60,0.5467724867724868,0.6,0.6,new,rf,0,4,2,120,2861,efc966c-dirty,30.0,2.0
Subject455,60,0.6588418988418987,0.7166666666666667,0.7166666666666667,new,rf,0,4,2,120,2861,efc966c-dirty,30.0,2.0
Subject731,30,0.6755555555555556,0.7333333333333333,0.7333333333333333,new,rf,0,4,2,120,2861,efc966c-dirty,30.0,2.0
Subject890,30,0.6717460317460318,0.7333333333333333,0.7333333333333333,new,rf,0,4,2,120,2861,efc966c-dirty,30.0,2.0
Subject147,31,0.846984126984127,0.8666666666666667,0.8709677419354839,recorded,rf,0,4,2,120,2861,efc966c-dirty,30.0,2.0
Subject561,60,1.0,1.0,1.0,recorded,rf,0,4,2,120,2861,efc966c-dirty,30.0,2.0
Subject819,60,0.851933251933252,0.8666666666666667,0.8666666666666667,recorded,rf,0,4,2,120,2861,efc966c-dirty,30.0,2.0
Subject969,30,0.9288888888888889,0.9333333333333333,0.9333333333333333,recorded,rf,0,4,2,120,2861,efc966c-dirty,30.0,2.0
Subject139,60,0.8724001924001924,0.8833333333333333,0.8833333333333333,new,rf,0,6,1,90,2034,efc966c-dirty,30.0,2.0
Subject353,60,0.6915536315536317,0.7333333333333333,0.7333333333333333,new,rf,0,6,1,90,2034,efc966c-dirty,30.0,2.0
Subject424,60,0.6515343915343916,0.7,0.7,new,rf,0,6,1,90,2034,efc966c-dirty,30.0,2.0
Subject455,60,0.7796499796499796,0.8166666666666667,0.8166666666666667,new,rf,0,6,1,90,2034,efc966c-dirty,30.0,2.0
Subject731,30,0.7066666666666667,0.7666666666666667,0.7666666666666667,new,rf,0,6,1,90,2034,efc966c-dirty,30.0,2.0
Subject890,30,0.8222222222222222,0.8666666666666667,0.8666666666666667,new,rf,0,6,1,90,2034,efc966c-dirty,30.0,2.0
Subject147,31,0.84,0.8666666666666667,0.8709677419354839,recorded,rf,0,6,1,90,2034,efc966c-dirty,30.0,2.0
Subject561,60,0.9664021164021165,0.9666666666666667,0.9666666666666667,recorded,rf,0,6,1,90,2034,efc966c-dirty,30.0,2.0
Subject729,60,0.9418181818181818,0.95,0.95,recorded,rf,0,6,1,90,2034,efc966c-dirty,30.0,2.0
Subject741,60,0.8809187109187108,0.8833333333333333,0.8833333333333333,recorded,rf,0,6,1,90,2034,efc966c-dirty,30.0,2.0
Subject819,60,0.8211640211640212,0.85,0.85,recorded,rf,0,6,1,90,2034,efc966c-dirty,30.0,2.0
Subject969,30,0.8469841269841271,0.8666666666666667,0.8666666666666667,recorded,rf,0,6,1,90,2034,efc966c-dirty,30.0,2.0
Subject139,60,0.8692255892255892,0.8833333333333333,0.8833333333333333,new,rf,0,6,2,180,4034,efc966c-dirty,30.0,2.0
Subject353,60,0.6611588411588412,0.7,0.7,new,rf,0,6,2,180,4034,efc966c-dirty,30.0,2.0
Subject424,60,0.6599326599326599,0.7166666666666667,0.7166666666666667,new,rf,0,6,2,180,4034,efc966c-dirty,30.0,2.0
Subject455,60,0.8376911976911977,0.8666666666666667,0.8666666666666667,new,rf,0,6,2,180,4034,efc966c-dirty,30.0,2.0
Subject731,30,0.7733333333333334,0.8,0.8,new,rf,0,6,2,180,4034,efc966c-dirty,30.0,2.0
Subject890,30,0.7888888888888889,0.8333333333333334,0.8333333333333334,new,rf,0,6,2,180,4034,efc966c-dirty,30.0,2.0
Subject147,31,0.8533333333333334,0.8666666666666667,0.8709677419354839,recorded,rf,0,6,2,180,4034,efc966c-dirty,30.0,2.0
Subject561,60,1.0,1.0,1.0,recorded,rf,0,6,2,180,4034,efc966c-dirty,30.0,2.0
Subject729,60,1.0,1.0,1.0,recorded,rf,0,6,2,180,4034,efc966c-dirty,30.0,2.0
Subject741,60,0.9352380952380953,0.9333333333333333,0.9333333333333333,recorded,rf,0,6,2,180,4034,efc966c-dirty,30.0,2.0
Subject819,60,0.8656084656084656,0.8833333333333333,0.8833333333333333,recorded,rf,0,6,2,180,4034,efc966c-dirty,30.0,2.0
Subject969,30,0.8755555555555555,0.9,0.9,recorded,rf,0,6,2,180,4034,efc966c-dirty,30.0,2.0
Subject139,60,0.9037037037037037,0.9166666666666666,0.9166666666666666,new,rf,0,8,1,120,2578,efc966c-dirty,30.0,2.0
Subject353,60,0.7435113035113035,0.7666666666666667,0.7666666666666667,new,rf,0,8,1,120,2578,efc966c-dirty,30.0,2.0
Subject424,60,0.7357671957671958,0.7666666666666667,0.7666666666666667,new,rf,0,8,1,120,2578,efc966c-dirty,30.0,2.0
Subject455,60,0.9053968253968255,0.9166666666666666,0.9166666666666666,new,rf,0,8,1,120,2578,efc966c-dirty,30.0,2.0
Subject731,30,0.7888888888888889,0.8333333333333334,0.8333333333333334,new,rf,0,8,1,120,2578,efc966c-dirty,30.0,2.0
Subject890,30,0.8222222222222222,0.8666666666666667,0.8666666666666667,new,rf,0,8,1,120,2578,efc966c-dirty,30.0,2.0
Subject147,31,0.8755555555555555,0.9,0.9032258064516129,recorded,rf,0,8,1,120,2578,efc966c-dirty,30.0,2.0
Subject226,30,0.8622222222222222,0.8666666666666667,0.8666666666666667,recorded,rf,0,8,1,120,2578,efc966c-dirty,30.0,2.0
Subject561,60,0.9485714285714286,0.95,0.95,recorded,rf,0,8,1,120,2578,efc966c-dirty,30.0,2.0
Subject729,60,0.9255555555555556,0.9333333333333333,0.9333333333333333,recorded,rf,0,8,1,120,2578,efc966c-dirty,30.0,2.0
Subject741,60,0.9139153439153439,0.9166666666666666,0.9166666666666666,recorded,rf,0,8,1,120,2578,efc966c-dirty,30.0,2.0
Subject819,60,0.835002035002035,0.85,0.85,recorded,rf,0,8,1,120,2578,efc966c-dirty,30.0,2.0
Subject867,60,0.9664021164021165,0.9666666666666667,0.9666666666666667,recorded,rf,0,8,1,120,2578,efc966c-dirty,30.0,2.0
Subject969,30,0.8888888888888888,0.9,0.9,recorded,rf,0,8,1,120,2578,efc966c-dirty,30.0,2.0
Subject139,60,0.8893314093314094,0.9,0.9,new,rf,0,8,2,240,5138,efc966c-dirty,30.0,2.0
Subject353,60,0.7604425204425205,0.7833333333333333,0.7833333333333333,new,rf,0,8,2,240,5138,efc966c-dirty,30.0,2.0
Subject424,60,0.8088888888888889,0.8166666666666667,0.8166666666666667,new,rf,0,8,2,240,5138,efc966c-dirty,30.0,2.0
Subject455,60,0.9037037037037038,0.9166666666666666,0.9166666666666666,new,rf,0,8,2,240,5138,efc966c-dirty,30.0,2.0
Subject731,30,0.8533333333333334,0.8666666666666667,0.8666666666666667,new,rf,0,8,2,240,5138,efc966c-dirty,30.0,2.0
Subject890,30,0.9288888888888889,0.9333333333333333,0.9333333333333333,new,rf,0,8,2,240,5138,efc966c-dirty,30.0,2.0
Subject147,31,0.8800000000000001,0.9,0.9032258064516129,recorded,rf,0,8,2,240,5138,efc966c-dirty,30.0,2.0
Subject226,30,0.9333333333333332,0.9333333333333333,0.9333333333333333,recorded,rf,0,8,2,240,5138,efc966c-dirty,30.0,2.0
Subject561,60,0.9830687830687831,0.9833333333333333,0.9833333333333333,recorded,rf,0,8,2,240,5138,efc966c-dirty,30.0,2.0
Subject729,60,0.9644444444444444,0.9666666666666667,0.9666666666666667,recorded,rf,0,8,2,240,5138,efc966c-dirty,30.0,2.0
Subject741,60,0.9308465608465609,0.9333333333333333,0.9333333333333333,recorded,rf,0,8,2,240,5138,efc966c-dirty,30.0,2.0
Subject819,60,0.8452910052910053,0.8666666666666667,0.8666666666666667,recorded,rf,0,8,2,240,5138,efc966c-dirty,30.0,2.0
Subject867,60,0.9664021164021165,0.9666666666666667,0.9666666666666667,recorded,rf,0,8,2,240,5138,efc966c-dirty,30.0,2.0
Subject969,30,0.9111111111111111,0.9333333333333333,0.9333333333333333,recorded,rf,0,8,2,240,5138,efc966c-dirty,30.0,2.0
Subject139,60,0.8641462241462243,0.8833333333333333,0.8833333333333333,new,rf,0,12,1,180,3941,efc966c-dirty,30.0,2.0
Subject353,60,0.7531938431938432,0.7833333333333333,0.7833333333333333,new,rf,0,12,1,180,3941,efc966c-dirty,30.0,2.0
Subject424,60,0.8452910052910052,0.8666666666666667,0.8666666666666667,new,rf,0,12,1,180,3941,efc966c-dirty,30.0,2.0
Subject455,60,0.8950456950456951,0.9,0.9,new,rf,0,12,1,180,3941,efc966c-dirty,30.0,2.0
Subject731,30,0.8025396825396826,0.8333333333333334,0.8333333333333334,new,rf,0,12,1,180,3941,efc966c-dirty,30.0,2.0
Subject890,30,0.7911111111111111,0.8333333333333334,0.8333333333333334,new,rf,0,12,1,180,3941,efc966c-dirty,30.0,2.0
Subject147,31,0.8755555555555555,0.9,0.9032258064516129,recorded,rf,0,12,1,180,3941,efc966c-dirty,30.0,2.0
Subject226,30,0.8977777777777778,0.9,0.9,recorded,rf,0,12,1,180,3941,efc966c-dirty,30.0,2.0
Subject352,30,0.8088888888888889,0.8333333333333334,0.8333333333333334,recorded,rf,0,12,1,180,3941,efc966c-dirty,30.0,2.0
Subject494,60,0.8952055352055353,0.9,0.9,recorded,rf,0,12,1,180,3941,efc966c-dirty,30.0,2.0
Subject516,30,0.9288888888888889,0.9333333333333333,0.9333333333333333,recorded,rf,0,12,1,180,3941,efc966c-dirty,30.0,2.0
Subject561,60,0.9494708994708995,0.95,0.95,recorded,rf,0,12,1,180,3941,efc966c-dirty,30.0,2.0
Subject571,30,0.9644444444444444,0.9666666666666667,0.9666666666666667,recorded,rf,0,12,1,180,3941,efc966c-dirty,30.0,2.0
Subject729,60,0.9664021164021165,0.9666666666666667,0.9666666666666667,recorded,rf,0,12,1,180,3941,efc966c-dirty,30.0,2.0
Subject741,60,0.891957671957672,0.9,0.9,recorded,rf,0,12,1,180,3941,efc966c-dirty,30.0,2.0
Subject819,60,0.8811640211640213,0.8833333333333333,0.8833333333333333,recorded,rf,0,12,1,180,3941,efc966c-dirty,30.0,2.0
Subject867,60,0.8800000000000001,0.9,0.9,recorded,rf,0,12,1,180,3941,efc966c-dirty,30.0,2.0
Subject969,30,0.8825396825396825,0.9,0.9,recorded,rf,0,12,1,180,3941,efc966c-dirty,30.0,2.0
Subject139,60,0.891024531024531,0.9,0.9,new,rf,0,12,2,360,7866,efc966c-dirty,30.0,2.0
Subject353,60,0.7973737373737374,0.8166666666666667,0.8166666666666667,new,rf,0,12,2,360,7866,efc966c-dirty,30.0,2.0
Subject424,60,0.8452910052910053,0.8666666666666667,0.8666666666666667,new,rf,0,12,2,360,7866,efc966c-dirty,30.0,2.0
Subject455,60,0.8882539682539684,0.9,0.9,new,rf,0,12,2,360,7866,efc966c-dirty,30.0,2.0
Subject731,30,0.7999999999999999,0.8333333333333334,0.8333333333333334,new,rf,0,12,2,360,7866,efc966c-dirty,30.0,2.0
Subject890,30,0.9288888888888889,0.9333333333333333,0.9333333333333333,new,rf,0,12,2,360,7866,efc966c-dirty,30.0,2.0
Subject147,31,0.8622222222222222,0.8777777777777778,0.8709677419354839,recorded,rf,0,12,2,360,7866,efc966c-dirty,30.0,2.0
Subject226,30,0.9333333333333332,0.9333333333333333,0.9333333333333333,recorded,rf,0,12,2,360,7866,efc966c-dirty,30.0,2.0
Subject352,30,0.8755555555555555,0.9,0.9,recorded,rf,0,12,2,360,7866,efc966c-dirty,30.0,2.0
Subject494,60,0.924886964886965,0.9333333333333333,0.9333333333333333,recorded,rf,0,12,2,360,7866,efc966c-dirty,30.0,2.0
Subject516,30,0.9644444444444444,0.9666666666666667,0.9666666666666667,recorded,rf,0,12,2,360,7866,efc966c-dirty,30.0,2.0
Subject561,60,0.9830687830687831,0.9833333333333333,0.9833333333333333,recorded,rf,0,12,2,360,7866,efc966c-dirty,30.0,2.0
Subject571,30,1.0,1.0,1.0,recorded,rf,0,12,2,360,7866,efc966c-dirty,30.0,2.0
Subject729,60,1.0,1.0,1.0,recorded,rf,0,12,2,360,7866,efc966c-dirty,30.0,2.0
Subject741,60,0.9288888888888888,0.9333333333333333,0.9333333333333333,recorded,rf,0,12,2,360,7866,efc966c-dirty,30.0,2.0
Subject819,60,0.924886964886965,0.9333333333333333,0.9333333333333333,recorded,rf,0,12,2,360,7866,efc966c-dirty,30.0,2.0
Subject867,60,0.9096296296296296,0.9166666666666666,0.9166666666666666,recorded,rf,0,12,2,360,7866,efc966c-dirty,30.0,2.0
Subject969,30,0.9111111111111111,0.9333333333333333,0.9333333333333333,recorded,rf,0,12,2,360,7866,efc966c-dirty,30.0,2.0
Subject139,60,0.911957671957672,0.9166666666666666,0.9166666666666666,new,rf,0,16,1,240,5028,efc966c-dirty,30.0,2.0
Subject353,60,0.7871765271765272,0.8166666666666667,0.8166666666666667,new,rf,0,16,1,240,5028,efc966c-dirty,30.0,2.0
Subject424,60,0.8388888888888888,0.85,0.85,new,rf,0,16,1,240,5028,efc966c-dirty,30.0,2.0
Subject455,60,0.8914285714285716,0.9,0.9,new,rf,0,16,1,240,5028,efc966c-dirty,30.0,2.0
Subject731,30,0.7555555555555556,0.7666666666666667,0.7666666666666667,new,rf,0,16,1,240,5028,efc966c-dirty,30.0,2.0
Subject890,30,0.8222222222222222,0.8666666666666667,0.8666666666666667,new,rf,0,16,1,240,5028,efc966c-dirty,30.0,2.0
Subject147,31,0.9111111111111111,0.9333333333333333,0.9354838709677419,recorded,rf,0,16,1,240,5028,efc966c-dirty,30.0,2.0
Subject226,30,0.8622222222222222,0.8666666666666667,0.8666666666666667,recorded,rf,0,16,1,240,5028,efc966c-dirty,30.0,2.0
Subject352,30,0.8755555555555555,0.9,0.9,recorded,rf,0,16,1,240,5028,efc966c-dirty,30.0,2.0
Subject376,60,0.8627657527657528,0.8666666666666667,0.8666666666666667,recorded,rf,0,16,1,240,5028,efc966c-dirty,30.0,2.0
Subject494,60,0.8914285714285715,0.9,0.9,recorded,rf,0,16,1,240,5028,efc966c-dirty,30.0,2.0
Subject516,30,0.9644444444444444,0.9666666666666667,0.9666666666666667,recorded,rf,0,16,1,240,5028,efc966c-dirty,30.0,2.0
Subject561,60,0.9664021164021165,0.9666666666666667,0.9666666666666667,recorded,rf,0,16,1,240,5028,efc966c-dirty,30.0,2.0
Subject571,30,1.0,1.0,1.0,recorded,rf,0,16,1,240,5028,efc966c-dirty,30.0,2.0
Subject580,90,0.885024235024235,0.888888888888889,0.8888888888888888,recorded,rf,0,16,1,240,5028,efc966c-dirty,30.0,2.0
Subject611,60,0.9644444444444444,0.9666666666666667,0.9666666666666667,recorded,rf,0,16,1,240,5028,efc966c-dirty,30.0,2.0
Subject729,60,0.9664021164021165,0.9666666666666667,0.9666666666666667,recorded,rf,0,16,1,240,5028,efc966c-dirty,30.0,2.0
Subject741,60,0.9088888888888889,0.9166666666666666,0.9166666666666666,recorded,rf,0,16,1,240,5028,efc966c-dirty,30.0,2.0
Subject819,60,0.8952055352055353,0.9,0.9,recorded,rf,0,16,1,240,5028,efc966c-dirty,30.0,2.0
Subject867,60,0.8630687830687832,0.8833333333333333,0.8833333333333333,recorded,rf,0,16,1,240,5028,efc966c-dirty,30.0,2.0
Subject877,60,0.9830687830687831,0.9833333333333333,0.9833333333333333,recorded,rf,0,16,1,240,5028,efc966c-dirty,30.0,2.0
Subject969,30,0.8825396825396825,0.9,0.9,recorded,rf,0,16,1,240,5028,efc966c-dirty,30.0,2.0
Subject139,60,0.8977777777777779,0.9,0.9,new,rf,0,16,2,480,10045,efc966c-dirty,30.0,2.0
Subject353,60,0.791986531986532,0.8166666666666667,0.8166666666666667,new,rf,0,16,2,480,10045,efc966c-dirty,30.0,2.0
Subject424,60,0.8656084656084656,0.8833333333333333,0.8833333333333333,new,rf,0,16,2,480,10045,efc966c-dirty,30.0,2.0
Subject455,60,0.8908128908128907,0.9166666666666666,0.9166666666666666,new,rf,0,16,2,480,10045,efc966c-dirty,30.0,2.0
Subject731,30,0.7492063492063491,0.8,0.8,new,rf,0,16,2,480,10045,efc966c-dirty,30.0,2.0
Subject890,30,0.8800000000000001,0.9,0.9,new,rf,0,16,2,480,10045,efc966c-dirty,30.0,2.0
Subject147,31,0.9044444444444444,0.9111111111111111,0.9032258064516129,recorded,rf,0,16,2,480,10045,efc966c-dirty,30.0,2.0
Subject226,30,0.9333333333333332,0.9333333333333333,0.9333333333333333,recorded,rf,0,16,2,480,10045,efc966c-dirty,30.0,2.0
Subject352,30,0.8755555555555555,0.9,0.9,recorded,rf,0,16,2,480,10045,efc966c-dirty,30.0,2.0
Subject376,60,0.9189033189033188,0.9166666666666666,0.9166666666666666,recorded,rf,0,16,2,480,10045,efc966c-dirty,30.0,2.0
Subject494,60,0.9418181818181818,0.95,0.95,recorded,rf,0,16,2,480,10045,efc966c-dirty,30.0,2.0
Subject516,30,0.9644444444444444,0.9666666666666667,0.9666666666666667,recorded,rf,0,16,2,480,10045,efc966c-dirty,30.0,2.0
Subject561,60,0.9830687830687831,0.9833333333333333,0.9833333333333333,recorded,rf,0,16,2,480,10045,efc966c-dirty,30.0,2.0
Subject571,30,1.0,1.0,1.0,recorded,rf,0,16,2,480,10045,efc966c-dirty,30.0,2.0
Subject580,90,0.8797306397306398,0.8777777777777778,0.8777777777777778,recorded,rf,0,16,2,480,10045,efc966c-dirty,30.0,2.0
Subject611,60,0.9830687830687831,0.9833333333333333,0.9833333333333333,recorded,rf,0,16,2,480,10045,efc966c-dirty,30.0,2.0
Subject729,60,1.0,1.0,1.0,recorded,rf,0,16,2,480,10045,efc966c-dirty,30.0,2.0
Subject741,60,0.9259259259259258,0.9333333333333333,0.9333333333333333,recorded,rf,0,16,2,480,10045,efc966c-dirty,30.0,2.0
Subject819,60,0.924886964886965,0.9333333333333333,0.9333333333333333,recorded,rf,0,16,2,480,10045,efc966c-dirty,30.0,2.0
Subject867,60,0.8918181818181818,0.9,0.9,recorded,rf,0,16,2,480,10045,efc966c-dirty,30.0,2.0
Subject877,60,1.0,1.0,1.0,recorded,rf,0,16,2,480,10045,efc966c-dirty,30.0,2.0
Subject969,30,0.9111111111111111,0.9333333333333333,0.9333333333333333,recorded,rf,0,16,2,480,10045,efc966c-dirty,30.0,2.0
Subject139,60,0.9288888888888888,0.9333333333333333,0.9333333333333333,new,rf,0,17,1,255,5270,efc966c-dirty,30.0,2.0
Subject353,60,0.8266474266474266,0.85,0.85,new,rf,0,17,1,255,5270,efc966c-dirty,30.0,2.0
Subject424,60,0.8338624338624339,0.85,0.85,new,rf,0,17,1,255,5270,efc966c-dirty,30.0,2.0
Subject455,60,0.9083597883597885,0.9166666666666666,0.9166666666666666,new,rf,0,17,1,255,5270,efc966c-dirty,30.0,2.0
Subject731,30,0.7555555555555556,0.7666666666666667,0.7666666666666667,new,rf,0,17,1,255,5270,efc966c-dirty,30.0,2.0
Subject890,30,0.8755555555555555,0.9,0.9,new,rf,0,17,1,255,5270,efc966c-dirty,30.0,2.0
Subject147,31,0.9644444444444444,0.9666666666666667,0.967741935483871,recorded,rf,0,17,1,255,5270,efc966c-dirty,30.0,2.0
Subject226,30,0.8622222222222222,0.8666666666666667,0.8666666666666667,recorded,rf,0,17,1,255,5270,efc966c-dirty,30.0,2.0
Subject352,30,0.9111111111111111,0.9333333333333333,0.9333333333333333,recorded,rf,0,17,1,255,5270,efc966c-dirty,30.0,2.0
Subject354,60,0.9494708994708996,0.95,0.95,recorded,rf,0,17,1,255,5270,efc966c-dirty,30.0,2.0
Subject376,60,0.8627657527657528,0.8666666666666667,0.8666666666666667,recorded,rf,0,17,1,255,5270,efc966c-dirty,30.0,2.0
Subject494,60,0.8952055352055353,0.9,0.9,recorded,rf,0,17,1,255,5270,efc966c-dirty,30.0,2.0
Subject516,30,0.9644444444444444,0.9666666666666667,0.9666666666666667,recorded,rf,0,17,1,255,5270,efc966c-dirty,30.0,2.0
Subject561,60,0.9664021164021165,0.9666666666666667,0.9666666666666667,recorded,rf,0,17,1,255,5270,efc966c-dirty,30.0,2.0
Subject571,30,1.0,1.0,1.0,recorded,rf,0,17,1,255,5270,efc966c-dirty,30.0,2.0
Subject580,90,0.878001443001443,0.8777777777777779,0.8777777777777778,recorded,rf,0,17,1,255,5270,efc966c-dirty,30.0,2.0
Subject611,60,0.9644444444444444,0.9666666666666667,0.9666666666666667,recorded,rf,0,17,1,255,5270,efc966c-dirty,30.0,2.0
Subject729,60,0.9830687830687831,0.9833333333333333,0.9833333333333333,recorded,rf,0,17,1,255,5270,efc966c-dirty,30.0,2.0
Subject741,60,0.9088888888888889,0.9166666666666666,0.9166666666666666,recorded,rf,0,17,1,255,5270,efc966c-dirty,30.0,2.0
Subject819,60,0.8952055352055353,0.9,0.9,recorded,rf,0,17,1,255,5270,efc966c-dirty,30.0,2.0
Subject867,60,0.8800000000000001,0.9,0.9,recorded,rf,0,17,1,255,5270,efc966c-dirty,30.0,2.0
Subject877,60,1.0,1.0,1.0,recorded,rf,0,17,1,255,5270,efc966c-dirty,30.0,2.0
Subject969,30,0.8825396825396825,0.9,0.9,recorded,rf,0,17,1,255,5270,efc966c-dirty,30.0,2.0
Subject139,60,0.9661375661375662,0.9666666666666667,0.9666666666666667,new,rf,0,17,2,510,10530,efc966c-dirty,30.0,2.0
Subject353,60,0.8058393458393458,0.8333333333333334,0.8333333333333334,new,rf,0,17,2,510,10530,efc966c-dirty,30.0,2.0
Subject424,60,0.8825396825396825,0.9,0.9,new,rf,0,17,2,510,10530,efc966c-dirty,30.0,2.0
Subject455,60,0.8941798941798942,0.9166666666666666,0.9166666666666666,new,rf,0,17,2,510,10530,efc966c-dirty,30.0,2.0
Subject731,30,0.7999999999999999,0.8333333333333334,0.8333333333333334,new,rf,0,17,2,510,10530,efc966c-dirty,30.0,2.0
Subject890,30,0.8800000000000001,0.9,0.9,new,rf,0,17,2,510,10530,efc966c-dirty,30.0,2.0
Subject147,31,0.9044444444444444,0.9111111111111111,0.9032258064516129,recorded,rf,0,17,2,510,10530,efc966c-dirty,30.0,2.0
Subject226,30,0.9333333333333332,0.9333333333333333,0.9333333333333333,recorded,rf,0,17,2,510,10530,efc966c-dirty,30.0,2.0
Subject352,30,0.8755555555555555,0.9,0.9,recorded,rf,0,17,2,510,10530,efc966c-dirty,30.0,2.0
Subject354,60,0.9661375661375662,0.9666666666666667,0.9666666666666667,recorded,rf,0,17,2,510,10530,efc966c-dirty,30.0,2.0
Subject376,60,0.9352380952380952,0.9333333333333333,0.9333333333333333,recorded,rf,0,17,2,510,10530,efc966c-dirty,30.0,2.0
Subject494,60,0.924886964886965,0.9333333333333333,0.9333333333333333,recorded,rf,0,17,2,510,10530,efc966c-dirty,30.0,2.0
Subject516,30,0.9644444444444444,0.9666666666666667,0.9666666666666667,recorded,rf,0,17,2,510,10530,efc966c-dirty,30.0,2.0
Subject561,60,0.9830687830687831,0.9833333333333333,0.9833333333333333,recorded,rf,0,17,2,510,10530,efc966c-dirty,30.0,2.0
Subject571,30,1.0,1.0,1.0,recorded,rf,0,17,2,510,10530,efc966c-dirty,30.0,2.0
Subject580,90,0.8991750841750842,0.9000000000000001,0.9,recorded,rf,0,17,2,510,10530,efc966c-dirty,30.0,2.0
Subject611,60,0.9830687830687831,0.9833333333333333,0.9833333333333333,recorded,rf,0,17,2,510,10530,efc966c-dirty,30.0,2.0
Subject729,60,1.0,1.0,1.0,recorded,rf,0,17,2,510,10530,efc966c-dirty,30.0,2.0
Subject741,60,0.9288888888888888,0.9333333333333333,0.9333333333333333,recorded,rf,0,17,2,510,10530,efc966c-dirty,30.0,2.0
Subject819,60,0.924886964886965,0.9333333333333333,0.9333333333333333,recorded,rf,0,17,2,510,10530,efc966c-dirty,30.0,2.0
Subject867,60,0.9096296296296296,0.9166666666666666,0.9166666666666666,recorded,rf,0,17,2,510,10530,efc966c-dirty,30.0,2.0
Subject877,60,1.0,1.0,1.0,recorded,rf,0,17,2,510,10530,efc966c-dirty,30.0,2.0
Subject969,30,0.8333333333333334,0.8666666666666667,0.8666666666666667,recorded,rf,0,17,2,510,10530,efc966c-dirty,30.0,2.0
Subject226,30,0.4955555555555556,0.6,0.6,new,rf,1,2,1,30,600,efc966c-dirty,30.0,2.0
Subject354,60,0.568621226268285,0.6166666666666667,0.6166666666666667,new,rf,1,2,1,30,600,efc966c-dirty,30.0,2.0
Subject455,60,0.7531409331409332,0.7833333333333333,0.7833333333333333,new,rf,1,2,1,30,600,efc966c-dirty,30.0,2.0
Subject580,90,0.528675686198906,0.5666666666666667,0.5666666666666667,new,rf,1,2,1,30,600,efc966c-dirty,30.0,2.0
Subject890,30,0.45809523809523806,0.5666666666666667,0.5666666666666667,new,rf,1,2,1,30,600,efc966c-dirty,30.0,2.0
Subject969,30,0.6511111111111112,0.7333333333333333,0.7333333333333333,new,rf,1,2,1,30,600,efc966c-dirty,30.0,2.0
Subject147,31,0.9311111111111111,0.9333333333333333,0.9354838709677419,recorded,rf,1,2,1,30,600,efc966c-dirty,30.0,2.0
Subject819,60,0.8452910052910053,0.8666666666666667,0.8666666666666667,recorded,rf,1,2,1,30,600,efc966c-dirty,30.0,2.0
Subject226,30,0.5800000000000001,0.6333333333333333,0.6333333333333333,new,rf,1,2,2,60,1221,efc966c-dirty,30.0,2.0
Subject354,60,0.6549491249491249,0.6833333333333333,0.6833333333333333,new,rf,1,2,2,60,1221,efc966c-dirty,30.0,2.0
Subject455,60,0.7285569985569985,0.7833333333333333,0.7833333333333333,new,rf,1,2,2,60,1221,efc966c-dirty,30.0,2.0
Subject580,90,0.6396995161701045,0.6666666666666666,0.6666666666666666,new,rf,1,2,2,60,1221,efc966c-dirty,30.0,2.0
Subject890,30,0.6555555555555556,0.7333333333333333,0.7333333333333333,new,rf,1,2,2,60,1221,efc966c-dirty,30.0,2.0
Subject969,30,0.708888888888889,0.7666666666666667,0.7666666666666667,new,rf,1,2,2,60,1221,efc966c-dirty,30.0,2.0
Subject147,31,0.9644444444444444,0.9666666666666667,0.967741935483871,recorded,rf,1,2,2,60,1221,efc966c-dirty,30.0,2.0
Subject819,60,0.8452910052910053,0.8666666666666667,0.8666666666666667,recorded,rf,1,2,2,60,1221,efc966c-dirty,30.0,2.0
Subject226,30,0.5407407407407407,0.6,0.6,new,rf,1,4,1,60,1223,efc966c-dirty,30.0,2.0
Subject354,60,0.8037037037037036,0.8333333333333334,0.8333333333333334,new,rf,1,4,1,60,1223,efc966c-dirty,30.0,2.0
Subject455,60,0.768080808080808,0.8166666666666667,0.8166666666666667,new,rf,1,4,1,60,1223,efc966c-dirty,30.0,2.0
Subject580,90,0.7469102139690375,0.7666666666666667,0.7666666666666667,new,rf,1,4,1,60,1223,efc966c-dirty,30.0,2.0
Subject890,30,0.5492063492063491,0.6333333333333333,0.6333333333333333,new,rf,1,4,1,60,1223,efc966c-dirty,30.0,2.0
Subject969,30,0.5644444444444443,0.6333333333333333,0.6333333333333333,new,rf,1,4,1,60,1223,efc966c-dirty,30.0,2.0
Subject139,60,0.8703703703703703,0.8833333333333333,0.8833333333333333,recorded,rf,1,4,1,60,1223,efc966c-dirty,30.0,2.0
Subject147,31,0.9644444444444444,0.9666666666666667,0.967741935483871,recorded,rf,1,4,1,60,1223,efc966c-dirty,30.0,2.0
Subject611,60,0.962962962962963,0.9666666666666667,0.9666666666666667,recorded,rf,1,4,1,60,1223,efc966c-dirty,30.0,2.0
Subject819,60,0.8486772486772486,0.8666666666666667,0.8666666666666667,recorded,rf,1,4,1,60,1223,efc966c-dirty,30.0,2.0
Subject226,30,0.648888888888889,0.7,0.7,new,rf,1,4,2,120,2459,efc966c-dirty,30.0,2.0
Subject354,60,0.8267340067340068,0.85,0.85,new,rf,1,4,2,120,2459,efc966c-dirty,30.0,2.0
Subject455,60,0.7866666666666666,0.8333333333333334,0.8333333333333334,new,rf,1,4,2,120,2459,efc966c-dirty,30.0,2.0
Subject580,90,0.7497058497058496,0.7666666666666667,0.7666666666666667,new,rf,1,4,2,120,2459,efc966c-dirty,30.0,2.0
Subject890,30,0.7088888888888889,0.7666666666666667,0.7666666666666667,new,rf,1,4,2,120,2459,efc966c-dirty,30.0,2.0
Subject969,30,0.4958730158730159,0.5666666666666667,0.5666666666666667,new,rf,1,4,2,120,2459,efc966c-dirty,30.0,2.0
Subject139,60,0.9056613756613757,0.9166666666666666,0.9166666666666666,recorded,rf,1,4,2,120,2459,efc966c-dirty,30.0,2.0
Subject147,31,0.9311111111111111,0.9333333333333333,0.9354838709677419,recorded,rf,1,4,2,120,2459,efc966c-dirty,30.0,2.0
Subject611,60,1.0,1.0,1.0,recorded,rf,1,4,2,120,2459,efc966c-dirty,30.0,2.0
Subject819,60,0.8656084656084656,0.8833333333333333,0.8833333333333333,recorded,rf,1,4,2,120,2459,efc966c-dirty,30.0,2.0
Subject226,30,0.5333333333333333,0.6,0.6,new,rf,1,6,1,90,1833,efc966c-dirty,30.0,2.0
Subject354,60,0.7871765271765271,0.8166666666666667,0.8166666666666667,new,rf,1,6,1,90,1833,efc966c-dirty,30.0,2.0
Subject455,60,0.7697354497354497,0.8166666666666667,0.8166666666666667,new,rf,1,6,1,90,1833,efc966c-dirty,30.0,2.0
Subject580,90,0.8367462167462169,0.8333333333333334,0.8333333333333334,new,rf,1,6,1,90,1833,efc966c-dirty,30.0,2.0
Subject890,30,0.611111111111111,0.6666666666666666,0.6666666666666666,new,rf,1,6,1,90,1833,efc966c-dirty,30.0,2.0
Subject969,30,0.6511111111111112,0.7333333333333333,0.7333333333333333,new,rf,1,6,1,90,1833,efc966c-dirty,30.0,2.0
Subject139,60,0.9284656084656084,0.9333333333333333,0.9333333333333333,recorded,rf,1,6,1,90,1833,efc966c-dirty,30.0,2.0
Subject147,31,0.9311111111111111,0.9333333333333333,0.9354838709677419,recorded,rf,1,6,1,90,1833,efc966c-dirty,30.0,2.0
Subject376,60,0.8781144781144781,0.8833333333333333,0.8833333333333333,recorded,rf,1,6,1,90,1833,efc966c-dirty,30.0,2.0
Subject611,60,0.9481481481481481,0.95,0.95,recorded,rf,1,6,1,90,1833,efc966c-dirty,30.0,2.0
Subject729,60,0.9661375661375663,0.9666666666666667,0.9666666666666667,recorded,rf,1,6,1,90,1833,efc966c-dirty,30.0,2.0
Subject819,60,0.8656084656084656,0.8833333333333333,0.8833333333333333,recorded,rf,1,6,1,90,1833,efc966c-dirty,30.0,2.0
Subject226,30,0.7311111111111112,0.7666666666666667,0.7666666666666667,new,rf,1,6,2,180,3629,efc966c-dirty,30.0,2.0
Subject354,60,0.8786916786916787,0.9,0.9,new,rf,1,6,2,180,3629,efc966c-dirty,30.0,2.0
Subject455,60,0.8188034188034189,0.85,0.85,new,rf,1,6,2,180,3629,efc966c-dirty,30.0,2.0
Subject580,90,0.8709483980072217,0.8666666666666668,0.8666666666666667,new,rf,1,6,2,180,3629,efc966c-dirty,30.0,2.0
Subject890,30,0.7866666666666666,0.8333333333333334,0.8333333333333334,new,rf,1,6,2,180,3629,efc966c-dirty,30.0,2.0
Subject969,30,0.6,0.6666666666666666,0.6666666666666666,new,rf,1,6,2,180,3629,efc966c-dirty,30.0,2.0
Subject139,60,0.8326310726310726,0.8666666666666667,0.8666666666666667,recorded,rf,1,6,2,180,3629,efc966c-dirty,30.0,2.0
Subject147,31,0.8955555555555555,0.9,0.9032258064516129,recorded,rf,1,6,2,180,3629,efc966c-dirty,30.0,2.0
Subject376,60,0.9481481481481481,0.95,0.95,recorded,rf,1,6,2,180,3629,efc966c-dirty,30.0,2.0
Subject611,60,0.9830687830687831,0.9833333333333333,0.9833333333333333,recorded,rf,1,6,2,180,3629,efc966c-dirty,30.0,2.0
Subject729,60,0.9830687830687831,0.9833333333333333,0.9833333333333333,recorded,rf,1,6,2,180,3629,efc966c-dirty,30.0,2.0
Subject819,60,0.8656084656084656,0.8833333333333333,0.8833333333333333,recorded,rf,1,6,2,180,3629,efc966c-dirty,30.0,2.0
Subject226,30,0.7333333333333332,0.7666666666666667,0.7666666666666667,new,rf,1,8,1,120,2319,efc966c-dirty,30.0,2.0
Subject354,60,0.8777777777777778,0.9,0.9,new,rf,1,8,1,120,2319,efc966c-dirty,30.0,2.0
Subject455,60,0.8586243386243385,0.8833333333333333,0.8833333333333333,new,rf,1,8,1,120,2319,efc966c-dirty,30.0,2.0
Subject580,90,0.868018648018648,0.8666666666666668,0.8666666666666667,new,rf,1,8,1,120,2319,efc966c-dirty,30.0,2.0
Subject890,30,0.8444444444444446,0.8666666666666667,0.8666666666666667,new,rf,1,8,1,120,2319,efc966c-dirty,30.0,2.0
Subject969,30,0.7088888888888889,0.7666666666666667,0.7666666666666667,new,rf,1,8,1,120,2319,efc966c-dirty,30.0,2.0
Subject139,60,0.9311111111111111,0.9333333333333333,0.9333333333333333,recorded,rf,1,8,1,120,2319,efc966c-dirty,30.0,2.0
Subject147,31,0.9644444444444444,0.9666666666666667,0.967741935483871,recorded,rf,1,8,1,120,2319,efc966c-dirty,30.0,2.0
Subject376,60,0.8950456950456951,0.9,0.9,recorded,rf,1,8,1,120,2319,efc966c-dirty,30.0,2.0
Subject611,60,0.9676190476190477,0.9666666666666667,0.9666666666666667,recorded,rf,1,8,1,120,2319,efc966c-dirty,30.0,2.0
Subject729,60,0.9475132275132275,0.95,0.95,recorded,rf,1,8,1,120,2319,efc966c-dirty,30.0,2.0
Subject741,60,0.9141798941798942,0.9166666666666666,0.9166666666666666,recorded,rf,1,8,1,120,2319,efc966c-dirty,30.0,2.0
Subject819,60,0.9113227513227514,0.9166666666666666,0.9166666666666666,recorded,rf,1,8,1,120,2319,efc966c-dirty,30.0,2.0
Subject867,60,0.9644444444444444,0.9666666666666667,0.9666666666666667,recorded,rf,1,8,1,120,2319,efc966c-dirty,30.0,2.0
Subject226,30,0.711111111111111,0.7666666666666667,0.7666666666666667,new,rf,1,8,2,240,4578,efc966c-dirty,30.0,2.0
Subject354,60,0.9661375661375663,0.9666666666666667,0.9666666666666667,new,rf,1,8,2,240,4578,efc966c-dirty,30.0,2.0
Subject455,60,0.8755555555555555,0.9,0.9,new,rf,1,8,2,240,4578,efc966c-dirty,30.0,2.0
Subject580,90,0.8777814342520226,0.8777777777777779,0.8777777777777778,new,rf,1,8,2,240,4578,efc966c-dirty,30.0,2.0
Subject890,30,0.8444444444444446,0.8666666666666667,0.8666666666666667,new,rf,1,8,2,240,4578,efc966c-dirty,30.0,2.0
Subject969,30,0.6933333333333334,0.7333333333333333,0.7333333333333333,new,rf,1,8,2,240,4578,efc966c-dirty,30.0,2.0
Subject139,60,0.8586243386243386,0.8833333333333333,0.8833333333333333,recorded,rf,1,8,2,240,4578,efc966c-dirty,30.0,2.0
Subject147,31,0.9644444444444444,0.9666666666666667,0.967741935483871,recorded,rf,1,8,2,240,4578,efc966c-dirty,30.0,2.0
Subject376,60,0.9306878306878307,0.9333333333333333,0.9333333333333333,recorded,rf,1,8,2,240,4578,efc966c-dirty,30.0,2.0
Subject611,60,0.9830687830687831,0.9833333333333333,0.9833333333333333,recorded,rf,1,8,2,240,4578,efc966c-dirty,30.0,2.0
Subject729,60,0.9661375661375663,0.9666666666666667,0.9666666666666667,recorded,rf,1,8,2,240,4578,efc966c-dirty,30.0,2.0
Subject741,60,0.9497354497354498,0.95,0.95,recorded,rf,1,8,2,240,4578,efc966c-dirty,30.0,2.0
Subject819,60,0.8656084656084656,0.8833333333333333,0.8833333333333333,recorded,rf,1,8,2,240,4578,efc966c-dirty,30.0,2.0
Subject867,60,0.9481481481481481,0.95,0.95,recorded,rf,1,8,2,240,4578,efc966c-dirty,30.0,2.0
Subject226,30,0.7555555555555556,0.8,0.8,new,rf,1,12,1,180,3419,efc966c-dirty,30.0,2.0
Subject354,60,0.9111111111111111,0.9333333333333333,0.9333333333333333,new,rf,1,12,1,180,3419,efc966c-dirty,30.0,2.0
Subject455,60,0.8444444444444444,0.8666666666666667,0.8666666666666667,new,rf,1,12,1,180,3419,efc966c-dirty,30.0,2.0
Subject580,90,0.8703984903984904,0.8777777777777778,0.8777777777777778,new,rf,1,12,1,180,3419,efc966c-dirty,30.0,2.0
Subject890,30,0.8200000000000001,0.8333333333333334,0.8333333333333334,new,rf,1,12,1,180,3419,efc966c-dirty,30.0,2.0
Subject969,30,0.8222222222222222,0.8666666666666667,0.8666666666666667,new,rf,1,12,1,180,3419,efc966c-dirty,30.0,2.0
Subject139,60,0.8955555555555554,0.9,0.9,recorded,rf,1,12,1,180,3419,efc966c-dirty,30.0,2.0
Subject147,31,1.0,1.0,1.0,recorded,rf,1,12,1,180,3419,efc966c-dirty,30.0,2.0
Subject353,60,0.804040404040404,0.8333333333333334,0.8333333333333334,recorded,rf,1,12,1,180,3419,efc966c-dirty,30.0,2.0
Subject376,60,0.8579557479557479,0.8666666666666667,0.8666666666666667,recorded,rf,1,12,1,180,3419,efc966c-dirty,30.0,2.0
Subject424,60,0.8452910052910053,0.8666666666666667,0.8666666666666667,recorded,rf,1,12,1,180,3419,efc966c-dirty,30.0,2.0
Subject494,60,0.9053968253968255,0.9166666666666666,0.9166666666666666,recorded,rf,1,12,1,180,3419,efc966c-dirty,30.0,2.0
Subject516,30,0.9111111111111111,0.9333333333333333,0.9333333333333333,recorded,rf,1,12,1,180,3419,efc966c-dirty,30.0,2.0
Subject611,60,0.9223280423280423,0.9333333333333333,0.9333333333333333,recorded,rf,1,12,1,180,3419,efc966c-dirty,30.0,2.0
Subject729,60,0.9316402116402117,0.9333333333333333,0.9333333333333333,recorded,rf,1,12,1,180,3419,efc966c-dirty,30.0,2.0
Subject741,60,0.8973544973544972,0.9,0.9,recorded,rf,1,12,1,180,3419,efc966c-dirty,30.0,2.0
Subject819,60,0.9164021164021163,0.9166666666666666,0.9166666666666666,recorded,rf,1,12,1,180,3419,efc966c-dirty,30.0,2.0
Subject867,60,0.9485714285714286,0.95,0.95,recorded,rf,1,12,1,180,3419,efc966c-dirty,30.0,2.0
Subject226,30,0.9111111111111112,0.9333333333333333,0.9333333333333333,new,rf,1,12,2,360,6764,efc966c-dirty,30.0,2.0
Subject354,60,0.9644444444444444,0.9666666666666667,0.9666666666666667,new,rf,1,12,2,360,6764,efc966c-dirty,30.0,2.0
Subject455,60,0.8711111111111111,0.8833333333333333,0.8833333333333333,new,rf,1,12,2,360,6764,efc966c-dirty,30.0,2.0
Subject580,90,0.9237806637806638,0.9222222222222223,0.9222222222222223,new,rf,1,12,2,360,6764,efc966c-dirty,30.0,2.0
Subject890,30,0.7834920634920636,0.8,0.8,new,rf,1,12,2,360,6764,efc966c-dirty,30.0,2.0
Subject969,30,0.6933333333333334,0.7333333333333333,0.7333333333333333,new,rf,1,12,2,360,6764,efc966c-dirty,30.0,2.0
Subject139,60,0.8586243386243386,0.8833333333333333,0.8833333333333333,recorded,rf,1,12,2,360,6764,efc966c-dirty,30.0,2.0
Subject147,31,1.0,1.0,1.0,recorded,rf,1,12,2,360,6764,efc966c-dirty,30.0,2.0
Subject353,60,0.8307070707070707,0.85,0.85,recorded,rf,1,12,2,360,6764,efc966c-dirty,30.0,2.0
Subject376,60,0.9096296296296297,0.9166666666666666,0.9166666666666666,recorded,rf,1,12,2,360,6764,efc966c-dirty,30.0,2.0
Subject424,60,0.848941798941799,0.8666666666666667,0.8666666666666667,recorded,rf,1,12,2,360,6764,efc966c-dirty,30.0,2.0
Subject494,60,0.9418181818181818,0.95,0.95,recorded,rf,1,12,2,360,6764,efc966c-dirty,30.0,2.0
Subject516,30,0.9288888888888888,0.9333333333333333,0.9333333333333333,recorded,rf,1,12,2,360,6764,efc966c-dirty,30.0,2.0
Subject611,60,0.9661375661375663,0.9666666666666667,0.9666666666666667,recorded,rf,1,12,2,360,6764,efc966c-dirty,30.0,2.0
Subject729,60,0.9830687830687831,0.9833333333333333,0.9833333333333333,recorded,rf,1,12,2,360,6764,efc966c-dirty,30.0,2.0
Subject741,60,0.8984126984126984,0.9,0.9,recorded,rf,1,12,2,360,6764,efc966c-dirty,30.0,2.0
Subject819,60,0.8812372812372813,0.9,0.9,recorded,rf,1,12,2,360,6764,efc966c-dirty,30.0,2.0
Subject867,60,0.9259259259259258,0.9333333333333333,0.9333333333333333,recorded,rf,1,12,2,360,6764,efc966c-dirty,30.0,2.0
Subject226,30,0.6999999999999998,0.7666666666666667,0.7666666666666667,new,rf,1,16,1,240,4875,efc966c-dirty,30.0,2.0
Subject354,60,0.9047811447811447,0.9166666666666666,0.9166666666666666,new,rf,1,16,1,240,4875,efc966c-dirty,30.0,2.0
Subject455,60,0.8711111111111111,0.8833333333333333,0.8833333333333333,new,rf,1,16,1,240,4875,efc966c-dirty,30.0,2.0
Subject580,90,0.9225951825951827,0.9222222222222223,0.9222222222222223,new,rf,1,16,1,240,4875,efc966c-dirty,30.0,2.0
Subject890,30,0.8688888888888889,0.8666666666666667,0.8666666666666667,new,rf,1,16,1,240,4875,efc966c-dirty,30.0,2.0
Subject969,30,0.8222222222222222,0.8666666666666667,0.8666666666666667,new,rf,1,16,1,240,4875,efc966c-dirty,30.0,2.0
Subject139,60,0.9661375661375663,0.9666666666666667,0.9666666666666667,recorded,rf,1,16,1,240,4875,efc966c-dirty,30.0,2.0
Subject147,31,1.0,1.0,1.0,recorded,rf,1,16,1,240,4875,efc966c-dirty,30.0,2.0
Subject352,30,0.9644444444444444,0.9666666666666667,0.9666666666666667,recorded,rf,1,16,1,240,4875,efc966c-dirty,30.0,2.0
Subject353,60,0.8137758537758537,0.8333333333333334,0.8333333333333334,recorded,rf,1,16,1,240,4875,efc966c-dirty,30.0,2.0
Subject376,60,0.911976911976912,0.9166666666666666,0.9166666666666666,recorded,rf,1,16,1,240,4875,efc966c-dirty,30.0,2.0
Subject424,60,0.8116931216931217,0.8333333333333334,0.8333333333333334,recorded,rf,1,16,1,240,4875,efc966c-dirty,30.0,2.0
Subject494,60,0.907955747955748,0.9166666666666666,0.9166666666666666,recorded,rf,1,16,1,240,4875,efc966c-dirty,30.0,2.0
Subject516,30,0.8755555555555555,0.9,0.9,recorded,rf,1,16,1,240,4875,efc966c-dirty,30.0,2.0
Subject571,30,0.9644444444444444,0.9666666666666667,0.9666666666666667,recorded,rf,1,16,1,240,4875,efc966c-dirty,30.0,2.0
Subject611,60,0.9644444444444444,0.9666666666666667,0.9666666666666667,recorded,rf,1,16,1,240,4875,efc966c-dirty,30.0,2.0
Subject729,60,0.9644444444444444,0.9666666666666667,0.9666666666666667,recorded,rf,1,16,1,240,4875,efc966c-dirty,30.0,2.0
Subject731,30,0.9288888888888889,0.9333333333333333,0.9333333333333333,recorded,rf,1,16,1,240,4875,efc966c-dirty,30.0,2.0
Subject741,60,0.8833862433862433,0.8833333333333333,0.8833333333333333,recorded,rf,1,16,1,240,4875,efc966c-dirty,30.0,2.0
Subject819,60,0.924886964886965,0.9333333333333333,0.9333333333333333,recorded,rf,1,16,1,240,4875,efc966c-dirty,30.0,2.0
Subject867,60,0.9141798941798942,0.9166666666666666,0.9166666666666666,recorded,rf,1,16,1,240,4875,efc966c-dirty,30.0,2.0
Subject877,60,1.0,1.0,1.0,recorded,rf,1,16,1,240,4875,efc966c-dirty,30.0,2.0
Subject226,30,0.8444444444444444,0.8666666666666667,0.8666666666666667,new,rf,1,16,2,480,9725,efc966c-dirty,30.0,2.0
Subject354,60,0.9661375661375662,0.9666666666666667,0.9666666666666667,new,rf,1,16,2,480,9725,efc966c-dirty,30.0,2.0
Subject455,60,0.8541798941798943,0.8666666666666667,0.8666666666666667,new,rf,1,16,2,480,9725,efc966c-dirty,30.0,2.0
Subject580,90,0.9117094017094017,0.9111111111111111,0.9111111111111111,new,rf,1,16,2,480,9725,efc966c-dirty,30.0,2.0
Subject890,30,0.8577777777777779,0.8666666666666667,0.8666666666666667,new,rf,1,16,2,480,9725,efc966c-dirty,30.0,2.0
Subject969,30,0.6933333333333334,0.7333333333333333,0.7333333333333333,new,rf,1,16,2,480,9725,efc966c-dirty,30.0,2.0
Subject139,60,0.9111111111111111,0.9333333333333333,0.9333333333333333,recorded,rf,1,16,2,480,9725,efc966c-dirty,30.0,2.0
Subject147,31,0.9644444444444444,0.9666666666666667,0.967741935483871,recorded,rf,1,16,2,480,9725,efc966c-dirty,30.0,2.0
Subject352,30,0.9644444444444444,0.9666666666666667,0.9666666666666667,recorded,rf,1,16,2,480,9725,efc966c-dirty,30.0,2.0
Subject353,60,0.8281818181818181,0.85,0.85,recorded,rf,1,16,2,480,9725,efc966c-dirty,30.0,2.0
Subject376,60,0.8960990860990862,0.9,0.9,recorded,rf,1,16,2,480,9725,efc966c-dirty,30.0,2.0
Subject424,60,0.8656084656084656,0.8833333333333333,0.8833333333333333,recorded,rf,1,16,2,480,9725,efc966c-dirty,30.0,2.0
Subject494,60,0.924886964886965,0.9333333333333333,0.9333333333333333,recorded,rf,1,16,2,480,9725,efc966c-dirty,30.0,2.0
Subject516,30,0.9288888888888888,0.9333333333333333,0.9333333333333333,recorded,rf,1,16,2,480,9725,efc966c-dirty,30.0,2.0
Subject571,30,1.0,1.0,1.0,recorded,rf,1,16,2,480,9725,efc966c-dirty,30.0,2.0
Subject611,60,0.9830687830687831,0.9833333333333333,0.9833333333333333,recorded,rf,1,16,2,480,9725,efc966c-dirty,30.0,2.0
Subject729,60,1.0,1.0,1.0,recorded,rf,1,16,2,480,9725,efc966c-dirty,30.0,2.0
Subject731,30,1.0,1.0,1.0,recorded,rf,1,16,2,480,9725,efc966c-dirty,30.0,2.0
Subject741,60,0.9322751322751323,0.9333333333333333,0.9333333333333333,recorded,rf,1,16,2,480,9725,efc966c-dirty,30.0,2.0
Subject819,60,0.924886964886965,0.9333333333333333,0.9333333333333333,recorded,rf,1,16,2,480,9725,efc966c-dirty,30.0,2.0
Subject867,60,0.8926984126984128,0.9,0.9,recorded,rf,1,16,2,480,9725,efc966c-dirty,30.0,2.0
Subject877,60,1.0,1.0,1.0,recorded,rf,1,16,2,480,9725,efc966c-dirty,30.0,2.0
Subject226,30,0.7644444444444445,0.8,0.8,new,rf,1,17,1,255,5213,efc966c-dirty,30.0,2.0
Subject354,60,0.946031746031746,0.95,0.95,new,rf,1,17,1,255,5213,efc966c-dirty,30.0,2.0
Subject455,60,0.8571428571428571,0.8666666666666667,0.8666666666666667,new,rf,1,17,1,255,5213,efc966c-dirty,30.0,2.0
Subject580,90,0.9012337662337663,0.9,0.9,new,rf,1,17,1,255,5213,efc966c-dirty,30.0,2.0
Subject890,30,0.9288888888888889,0.9333333333333333,0.9333333333333333,new,rf,1,17,1,255,5213,efc966c-dirty,30.0,2.0
Subject969,30,0.8222222222222222,0.8666666666666667,0.8666666666666667,new,rf,1,17,1,255,5213,efc966c-dirty,30.0,2.0
Subject139,60,0.9830687830687831,0.9833333333333333,0.9833333333333333,recorded,rf,1,17,1,255,5213,efc966c-dirty,30.0,2.0
Subject147,31,0.9733333333333334,0.9777777777777777,0.967741935483871,recorded,rf,1,17,1,255,5213,efc966c-dirty,30.0,2.0
Subject352,30,0.9644444444444444,0.9666666666666667,0.9666666666666667,recorded,rf,1,17,1,255,5213,efc966c-dirty,30.0,2.0
Subject353,60,0.8063684463684464,0.8166666666666667,0.8166666666666667,recorded,rf,1,17,1,255,5213,efc966c-dirty,30.0,2.0
Subject376,60,0.8918181818181818,0.9,0.9,recorded,rf,1,17,1,255,5213,efc966c-dirty,30.0,2.0
Subject424,60,0.8283597883597885,0.85,0.85,recorded,rf,1,17,1,255,5213,efc966c-dirty,30.0,2.0
Subject494,60,0.907955747955748,0.9166666666666666,0.9166666666666666,recorded,rf,1,17,1,255,5213,efc966c-dirty,30.0,2.0
Subject516,30,0.8755555555555555,0.9,0.9,recorded,rf,1,17,1,255,5213,efc966c-dirty,30.0,2.0
Subject561,60,0.8667051467051468,0.8833333333333333,0.8833333333333333,recorded,rf,1,17,1,255,5213,efc966c-dirty,30.0,2.0
Subject571,30,0.9644444444444444,0.9666666666666667,0.9666666666666667,recorded,rf,1,17,1,255,5213,efc966c-dirty,30.0,2.0
Subject611,60,0.9644444444444444,0.9666666666666667,0.9666666666666667,recorded,rf,1,17,1,255,5213,efc966c-dirty,30.0,2.0
Subject729,60,0.9644444444444444,0.9666666666666667,0.9666666666666667,recorded,rf,1,17,1,255,5213,efc966c-dirty,30.0,2.0
Subject731,30,0.9288888888888889,0.9333333333333333,0.9333333333333333,recorded,rf,1,17,1,255,5213,efc966c-dirty,30.0,2.0
Subject741,60,0.9330687830687832,0.9333333333333333,0.9333333333333333,recorded,rf,1,17,1,255,5213,efc966c-dirty,30.0,2.0
Subject819,60,0.8941798941798942,0.9166666666666666,0.9166666666666666,recorded,rf,1,17,1,255,5213,efc966c-dirty,30.0,2.0
Subject867,60,0.9141798941798942,0.9166666666666666,0.9166666666666666,recorded,rf,1,17,1,255,5213,efc966c-dirty,30.0,2.0
Subject877,60,1.0,1.0,1.0,recorded,rf,1,17,1,255,5213,efc966c-dirty,30.0,2.0
Subject226,30,0.8444444444444444,0.8666666666666667,0.8666666666666667,new,rf,1,17,2,510,10420,efc966c-dirty,30.0,2.0
Subject354,60,0.9661375661375662,0.9666666666666667,0.9666666666666667,new,rf,1,17,2,510,10420,efc966c-dirty,30.0,2.0
Subject455,60,0.8666666666666667,0.8833333333333333,0.8833333333333333,new,rf,1,17,2,510,10420,efc966c-dirty,30.0,2.0
Subject580,90,0.8991575091575091,0.9,0.9,new,rf,1,17,2,510,10420,efc966c-dirty,30.0,2.0
Subject890,30,0.8755555555555555,0.9,0.9,new,rf,1,17,2,510,10420,efc966c-dirty,30.0,2.0
Subject969,30,0.6933333333333334,0.7333333333333333,0.7333333333333333,new,rf,1,17,2,510,10420,efc966c-dirty,30.0,2.0
Subject139,60,0.9111111111111111,0.9333333333333333,0.9333333333333333,recorded,rf,1,17,2,510,10420,efc966c-dirty,30.0,2.0
Subject147,31,0.9644444444444444,0.9666666666666667,0.967741935483871,recorded,rf,1,17,2,510,10420,efc966c-dirty,30.0,2.0
Subject352,30,0.9111111111111111,0.9333333333333333,0.9333333333333333,recorded,rf,1,17,2,510,10420,efc966c-dirty,30.0,2.0
Subject353,60,0.8452573352573353,0.85,0.85,recorded,rf,1,17,2,510,10420,efc966c-dirty,30.0,2.0
Subject376,60,0.8960990860990862,0.9,0.9,recorded,rf,1,17,2,510,10420,efc966c-dirty,30.0,2.0
Subject424,60,0.8656084656084656,0.8833333333333333,0.8833333333333333,recorded,rf,1,17,2,510,10420,efc966c-dirty,30.0,2.0
Subject494,60,0.924886964886965,0.9333333333333333,0.9333333333333333,recorded,rf,1,17,2,510,10420,efc966c-dirty,30.0,2.0
Subject516,30,0.9644444444444444,0.9666666666666667,0.9666666666666667,recorded,rf,1,17,2,510,10420,efc966c-dirty,30.0,2.0
Subject561,60,0.9644444444444444,0.9666666666666667,0.9666666666666667,recorded,rf,1,17,2,510,10420,efc966c-dirty,30.0,2.0
Subject571,30,0.9644444444444444,0.9666666666666667,0.9666666666666667,recorded,rf,1,17,2,510,10420,efc966c-dirty,30.0,2.0
Subject611,60,0.9830687830687831,0.9833333333333333,0.9833333333333333,recorded,rf,1,17,2,510,10420,efc966c-dirty,30.0,2.0
Subject729,60,1.0,1.0,1.0,recorded,rf,1,17,2,510,10420,efc966c-dirty,30.0,2.0
Subject731,30,1.0,1.0,1.0,recorded,rf,1,17,2,510,10420,efc966c-dirty,30.0,2.0
Subject741,60,0.9248869648869648,0.9333333333333333,0.9333333333333333,recorded,rf,1,17,2,510,10420,efc966c-dirty,30.0,2.0
Subject819,60,0.9475132275132275,0.95,0.95,recorded,rf,1,17,2,510,10420,efc966c-dirty,30.0,2.0
Subject867,60,0.8800000000000001,0.9,0.9,recorded,rf,1,17,2,510,10420,efc966c-dirty,30.0,2.0
Subject877,60,1.0,1.0,1.0,recorded,rf,1,17,2,510,10420,efc966c-dirty,30.0,2.0
Subject376,60,0.5243060643060643,0.5833333333333334,0.5833333333333334,new,rf,2,2,1,30,632,efc966c-dirty,30.0,2.0
Subject424,60,0.5677719551403763,0.6166666666666667,0.6166666666666667,new,rf,2,2,1,30,632,efc966c-dirty,30.0,2.0
Subject494,60,0.39068783068783064,0.48333333333333334,0.48333333333333334,new,rf,2,2,1,30,632,efc966c-dirty,30.0,2.0
Subject571,30,0.4822222222222222,0.6,0.6,new,rf,2,2,1,30,632,efc966c-dirty,30.0,2.0
Subject611,60,0.8586243386243385,0.8833333333333333,0.8833333333333333,new,rf,2,2,1,30,632,efc966c-dirty,30.0,2.0
Subject969,30,0.5777777777777778,0.6333333333333333,0.6333333333333333,new,rf,2,2,1,30,632,efc966c-dirty,30.0,2.0
Subject731,30,0.711111111111111,0.7666666666666667,0.7666666666666667,recorded,rf,2,2,1,30,632,efc966c-dirty,30.0,2.0
Subject877,60,0.8393650793650793,0.8666666666666667,0.8666666666666667,recorded,rf,2,2,1,30,632,efc966c-dirty,30.0,2.0
Subject376,60,0.6531409331409332,0.6833333333333333,0.6833333333333333,new,rf,2,2,2,60,1291,efc966c-dirty,30.0,2.0
Subject424,60,0.524040404040404,0.5666666666666667,0.5666666666666667,new,rf,2,2,2,60,1291,efc966c-dirty,30.0,2.0
Subject494,60,0.3545117845117845,0.45,0.45,new,rf,2,2,2,60,1291,efc966c-dirty,30.0,2.0
Subject571,30,0.6622222222222223,0.7333333333333333,0.7333333333333333,new,rf,2,2,2,60,1291,efc966c-dirty,30.0,2.0
Subject611,60,0.8882539682539683,0.9166666666666666,0.9166666666666666,new,rf,2,2,2,60,1291,efc966c-dirty,30.0,2.0
Subject969,30,0.6044444444444445,0.6666666666666666,0.6666666666666666,new,rf,2,2,2,60,1291,efc966c-dirty,30.0,2.0
Subject731,30,0.9111111111111111,0.9333333333333333,0.9333333333333333,recorded,rf,2,2,2,60,1291,efc966c-dirty,30.0,2.0
Subject877,60,0.8882539682539683,0.9166666666666666,0.9166666666666666,recorded,rf,2,2,2,60,1291,efc966c-dirty,30.0,2.0
Subject376,60,0.7124531024531026,0.7333333333333333,0.7333333333333333,new,rf,2,4,1,60,1140,efc966c-dirty,30.0,2.0
Subject424,60,0.7923483923483924,0.8333333333333334,0.8333333333333334,new,rf,2,4,1,60,1140,efc966c-dirty,30.0,2.0
Subject494,60,0.555998075998076,0.6333333333333333,0.6333333333333333,new,rf,2,4,1,60,1140,efc966c-dirty,30.0,2.0
Subject571,30,0.7822222222222223,0.8333333333333334,0.8333333333333334,new,rf,2,4,1,60,1140,efc966c-dirty,30.0,2.0
Subject611,60,0.8052910052910055,0.8166666666666667,0.8166666666666667,new,rf,2,4,1,60,1140,efc966c-dirty,30.0,2.0
Subject969,30,0.6,0.6333333333333333,0.6333333333333333,new,rf,2,4,1,60,1140,efc966c-dirty,30.0,2.0
Subject226,30,1.0,1.0,1.0,recorded,rf,2,4,1,60,1140,efc966c-dirty,30.0,2.0
Subject731,30,0.8977777777777777,0.9,0.9,recorded,rf,2,4,1,60,1140,efc966c-dirty,30.0,2.0
Subject741,60,0.9342857142857144,0.9333333333333333,0.9333333333333333,recorded,rf,2,4,1,60,1140,efc966c-dirty,30.0,2.0
Subject877,60,0.9475132275132274,0.95,0.95,recorded,rf,2,4,1,60,1140,efc966c-dirty,30.0,2.0
Subject376,60,0.8504761904761905,0.85,0.85,new,rf,2,4,2,120,2346,efc966c-dirty,30.0,2.0
Subject424,60,0.7597883597883598,0.8,0.8,new,rf,2,4,2,120,2346,efc966c-dirty,30.0,2.0
Subject494,60,0.5026647426647427,0.6,0.6,new,rf,2,4,2,120,2346,efc966c-dirty,30.0,2.0
Subject571,30,0.8755555555555555,0.9,0.9,new,rf,2,4,2,120,2346,efc966c-dirty,30.0,2.0
Subject611,60,0.8550264550264549,0.8666666666666667,0.8666666666666667,new,rf,2,4,2,120,2346,efc966c-dirty,30.0,2.0
Subject969,30,0.7133333333333333,0.7666666666666667,0.7666666666666667,new,rf,2,4,2,120,2346,efc966c-dirty,30.0,2.0
Subject226,30,1.0,1.0,1.0,recorded,rf,2,4,2,120,2346,efc966c-dirty,30.0,2.0
Subject731,30,1.0,1.0,1.0,recorded,rf,2,4,2,120,2346,efc966c-dirty,30.0,2.0
Subject741,60,0.9497354497354498,0.95,0.95,recorded,rf,2,4,2,120,2346,efc966c-dirty,30.0,2.0
Subject877,60,0.9830687830687831,0.9833333333333333,0.9833333333333333,recorded,rf,2,4,2,120,2346,efc966c-dirty,30.0,2.0
Subject376,60,0.6383068783068783,0.6833333333333333,0.6833333333333333,new,rf,2,6,1,90,1715,efc966c-dirty,30.0,2.0
Subject424,60,0.8455229955229956,0.8666666666666667,0.8666666666666667,new,rf,2,6,1,90,1715,efc966c-dirty,30.0,2.0
Subject494,60,0.5462626262626263,0.6166666666666667,0.6166666666666667,new,rf,2,6,1,90,1715,efc966c-dirty,30.0,2.0
Subject571,30,0.6511111111111111,0.7333333333333333,0.7333333333333333,new,rf,2,6,1,90,1715,efc966c-dirty,30.0,2.0
Subject611,60,0.9162097162097163,0.9166666666666666,0.9166666666666666,new,rf,2,6,1,90,1715,efc966c-dirty,30.0,2.0
Subject969,30,0.5955555555555556,0.6333333333333333,0.6333333333333333,new,rf,2,6,1,90,1715,efc966c-dirty,30.0,2.0
Subject139,60,0.9644444444444444,0.9666666666666667,0.9666666666666667,recorded,rf,2,6,1,90,1715,efc966c-dirty,30.0,2.0
Subject226,30,0.9644444444444444,0.9666666666666667,0.9666666666666667,recorded,rf,2,6,1,90,1715,efc966c-dirty,30.0,2.0
Subject455,60,1.0,1.0,1.0,recorded,rf,2,6,1,90,1715,efc966c-dirty,30.0,2.0
Subject731,30,0.9111111111111111,0.9333333333333333,0.9333333333333333,recorded,rf,2,6,1,90,1715,efc966c-dirty,30.0,2.0
Subject741,60,0.9337566137566139,0.9333333333333333,0.9333333333333333,recorded,rf,2,6,1,90,1715,efc966c-dirty,30.0,2.0
Subject877,60,0.9830687830687831,0.9833333333333333,0.9833333333333333,recorded,rf,2,6,1,90,1715,efc966c-dirty,30.0,2.0
Subject376,60,0.7392688792688793,0.75,0.75,new,rf,2,6,2,180,3495,efc966c-dirty,30.0,2.0
Subject424,60,0.7733525733525733,0.8166666666666667,0.8166666666666667,new,rf,2,6,2,180,3495,efc966c-dirty,30.0,2.0
Subject494,60,0.4706290979975191,0.5666666666666667,0.5666666666666667,new,rf,2,6,2,180,3495,efc966c-dirty,30.0,2.0
Subject571,30,0.7977777777777778,0.8333333333333334,0.8333333333333334,new,rf,2,6,2,180,3495,efc966c-dirty,30.0,2.0
Subject611,60,0.9162097162097163,0.9166666666666666,0.9166666666666666,new,rf,2,6,2,180,3495,efc966c-dirty,30.0,2.0
Subject969,30,0.6311111111111111,0.6666666666666666,0.6666666666666666,new,rf,2,6,2,180,3495,efc966c-dirty,30.0,2.0
Subject139,60,1.0,1.0,1.0,recorded,rf,2,6,2,180,3495,efc966c-dirty,30.0,2.0
Subject226,30,0.9333333333333332,0.9333333333333333,0.9333333333333333,recorded,rf,2,6,2,180,3495,efc966c-dirty,30.0,2.0
Subject455,60,0.9830687830687831,0.9833333333333333,0.9833333333333333,recorded,rf,2,6,2,180,3495,efc966c-dirty,30.0,2.0
Subject731,30,1.0,1.0,1.0,recorded,rf,2,6,2,180,3495,efc966c-dirty,30.0,2.0
Subject741,60,0.962962962962963,0.9666666666666667,0.9666666666666667,recorded,rf,2,6,2,180,3495,efc966c-dirty,30.0,2.0
Subject877,60,1.0,1.0,1.0,recorded,rf,2,6,2,180,3495,efc966c-dirty,30.0,2.0
Subject376,60,0.6642255892255894,0.7,0.7,new,rf,2,8,1,120,2412,efc966c-dirty,30.0,2.0
Subject424,60,0.8812372812372813,0.9,0.9,new,rf,2,8,1,120,2412,efc966c-dirty,30.0,2.0
Subject494,60,0.4244722918407129,0.5333333333333333,0.5333333333333333,new,rf,2,8,1,120,2412,efc966c-dirty,30.0,2.0
Subject571,30,0.7400000000000001,0.8,0.8,new,rf,2,8,1,120,2412,efc966c-dirty,30.0,2.0
Subject611,60,0.9500721500721501,0.95,0.95,new,rf,2,8,1,120,2412,efc966c-dirty,30.0,2.0
Subject969,30,0.5466666666666666,0.6,0.6,new,rf,2,8,1,120,2412,efc966c-dirty,30.0,2.0
Subject139,60,0.9830687830687831,0.9833333333333333,0.9833333333333333,recorded,rf,2,8,1,120,2412,efc966c-dirty,30.0,2.0
Subject147,31,0.9311111111111111,0.9333333333333333,0.9354838709677419,recorded,rf,2,8,1,120,2412,efc966c-dirty,30.0,2.0
Subject226,30,1.0,1.0,1.0,recorded,rf,2,8,1,120,2412,efc966c-dirty,30.0,2.0
Subject352,30,0.9644444444444444,0.9666666666666667,0.9666666666666667,recorded,rf,2,8,1,120,2412,efc966c-dirty,30.0,2.0
Subject455,60,1.0,1.0,1.0,recorded,rf,2,8,1,120,2412,efc966c-dirty,30.0,2.0
Subject731,30,0.9066666666666667,0.9333333333333333,0.9333333333333333,recorded,rf,2,8,1,120,2412,efc966c-dirty,30.0,2.0
Subject741,60,0.9497354497354498,0.95,0.95,recorded,rf,2,8,1,120,2412,efc966c-dirty,30.0,2.0
Subject877,60,0.9475132275132275,0.95,0.95,recorded,rf,2,8,1,120,2412,efc966c-dirty,30.0,2.0
Subject376,60,0.7294035594035595,0.7333333333333333,0.7333333333333333,new,rf,2,8,2,240,4898,efc966c-dirty,30.0,2.0
Subject424,60,0.8074266474266475,0.8333333333333334,0.8333333333333334,new,rf,2,8,2,240,4898,efc966c-dirty,30.0,2.0
Subject494,60,0.4292871066555277,0.5,0.5,new,rf,2,8,2,240,4898,efc966c-dirty,30.0,2.0
Subject571,30,0.8333333333333334,0.8666666666666667,0.8666666666666667,new,rf,2,8,2,240,4898,efc966c-dirty,30.0,2.0
Subject611,60,0.9164021164021163,0.9166666666666666,0.9166666666666666,new,rf,2,8,2,240,4898,efc966c-dirty,30.0,2.0
Subject969,30,0.6311111111111111,0.6666666666666666,0.6666666666666666,new,rf,2,8,2,240,4898,efc966c-dirty,30.0,2.0
Subject139,60,1.0,1.0,1.0,recorded,rf,2,8,2,240,4898,efc966c-dirty,30.0,2.0
Subject147,31,0.9644444444444444,0.9666666666666667,0.967741935483871,recorded,rf,2,8,2,240,4898,efc966c-dirty,30.0,2.0
Subject226,30,0.9644444444444444,0.9666666666666667,0.9666666666666667,recorded,rf,2,8,2,240,4898,efc966c-dirty,30.0,2.0
Subject352,30,0.9111111111111111,0.9333333333333333,0.9333333333333333,recorded,rf,2,8,2,240,4898,efc966c-dirty,30.0,2.0
Subject455,60,1.0,1.0,1.0,recorded,rf,2,8,2,240,4898,efc966c-dirty,30.0,2.0
Subject731,30,0.9644444444444444,0.9666666666666667,0.9666666666666667,recorded,rf,2,8,2,240,4898,efc966c-dirty,30.0,2.0
Subject741,60,0.9477777777777778,0.95,0.95,recorded,rf,2,8,2,240,4898,efc966c-dirty,30.0,2.0
Subject877,60,0.9475132275132275,0.95,0.95,recorded,rf,2,8,2,240,4898,efc966c-dirty,30.0,2.0
Subject376,60,0.702857142857143,0.7333333333333333,0.7333333333333333,new,rf,2,12,1,180,3520,efc966c-dirty,30.0,2.0
Subject424,60,0.8685388685388685,0.8833333333333333,0.8833333333333333,new,rf,2,12,1,180,3520,efc966c-dirty,30.0,2.0
Subject494,60,0.5847811447811448,0.65,0.65,new,rf,2,12,1,180,3520,efc966c-dirty,30.0,2.0
Subject571,30,0.7444444444444444,0.8,0.8,new,rf,2,12,1,180,3520,efc966c-dirty,30.0,2.0
Subject611,60,0.9331409331409332,0.9333333333333333,0.9333333333333333,new,rf,2,12,1,180,3520,efc966c-dirty,30.0,2.0
Subject969,30,0.6,0.6666666666666666,0.6666666666666666,new,rf,2,12,1,180,3520,efc966c-dirty,30.0,2.0
Subject139,60,0.9830687830687831,0.9833333333333333,0.9833333333333333,recorded,rf,2,12,1,180,3520,efc966c-dirty,30.0,2.0
Subject147,31,0.9644444444444444,0.9666666666666667,0.967741935483871,recorded,rf,2,12,1,180,3520,efc966c-dirty,30.0,2.0
Subject226,30,1.0,1.0,1.0,recorded,rf,2,12,1,180,3520,efc966c-dirty,30.0,2.0
Subject352,30,0.9644444444444444,0.9666666666666667,0.9666666666666667,recorded,rf,2,12,1,180,3520,efc966c-dirty,30.0,2.0
Subject354,60,0.9830687830687831,0.9833333333333333,0.9833333333333333,recorded,rf,2,12,1,180,3520,efc966c-dirty,30.0,2.0
Subject455,60,1.0,1.0,1.0,recorded,rf,2,12,1,180,3520,efc966c-dirty,30.0,2.0
Subject580,90,0.9090309690309691,0.9111111111111112,0.9111111111111111,recorded,rf,2,12,1,180,3520,efc966c-dirty,30.0,2.0
Subject729,60,0.9830687830687831,0.9833333333333333,0.9833333333333333,recorded,rf,2,12,1,180,3520,efc966c-dirty,30.0,2.0
Subject731,30,0.9644444444444444,0.9666666666666667,0.9666666666666667,recorded,rf,2,12,1,180,3520,efc966c-dirty,30.0,2.0
Subject741,60,0.9497354497354498,0.95,0.95,recorded,rf,2,12,1,180,3520,efc966c-dirty,30.0,2.0
Subject867,60,0.8918181818181818,0.9,0.9,recorded,rf,2,12,1,180,3520,efc966c-dirty,30.0,2.0
Subject877,60,1.0,1.0,1.0,recorded,rf,2,12,1,180,3520,efc966c-dirty,30.0,2.0
Subject376,60,0.7100721500721501,0.75,0.75,new,rf,2,12,2,360,7113,efc966c-dirty,30.0,2.0
Subject424,60,0.8103570503570504,0.8333333333333334,0.8333333333333334,new,rf,2,12,2,360,7113,efc966c-dirty,30.0,2.0
Subject494,60,0.5375324675324674,0.6,0.6,new,rf,2,12,2,360,7113,efc966c-dirty,30.0,2.0
Subject571,30,0.7977777777777778,0.8333333333333334,0.8333333333333334,new,rf,2,12,2,360,7113,efc966c-dirty,30.0,2.0
Subject611,60,0.932063492063492,0.9333333333333333,0.9333333333333333,new,rf,2,12,2,360,7113,efc966c-dirty,30.0,2.0
Subject969,30,0.7022222222222223,0.7333333333333333,0.7333333333333333,new,rf,2,12,2,360,7113,efc966c-dirty,30.0,2.0
Subject139,60,0.9830687830687831,0.9833333333333333,0.9833333333333333,recorded,rf,2,12,2,360,7113,efc966c-dirty,30.0,2.0
Subject147,31,0.9644444444444444,0.9666666666666667,0.967741935483871,recorded,rf,2,12,2,360,7113,efc966c-dirty,30.0,2.0
Subject226,30,1.0,1.0,1.0,recorded,rf,2,12,2,360,7113,efc966c-dirty,30.0,2.0
Subject352,30,0.9111111111111111,0.9333333333333333,0.9333333333333333,recorded,rf,2,12,2,360,7113,efc966c-dirty,30.0,2.0
Subject354,60,0.9830687830687831,0.9833333333333333,0.9833333333333333,recorded,rf,2,12,2,360,7113,efc966c-dirty,30.0,2.0
Subject455,60,1.0,1.0,1.0,recorded,rf,2,12,2,360,7113,efc966c-dirty,30.0,2.0
Subject580,90,0.9216339216339214,0.9222222222222223,0.9222222222222223,recorded,rf,2,12,2,360,7113,efc966c-dirty,30.0,2.0
Subject729,60,1.0,1.0,1.0,recorded,rf,2,12,2,360,7113,efc966c-dirty,30.0,2.0
Subject731,30,0.9644444444444444,0.9666666666666667,0.9666666666666667,recorded,rf,2,12,2,360,7113,efc966c-dirty,30.0,2.0
Subject741,60,0.9666666666666667,0.9666666666666667,0.9666666666666667,recorded,rf,2,12,2,360,7113,efc966c-dirty,30.0,2.0
Subject867,60,0.9311111111111111,0.9333333333333333,0.9333333333333333,recorded,rf,2,12,2,360,7113,efc966c-dirty,30.0,2.0
Subject877,60,1.0,1.0,1.0,recorded,rf,2,12,2,360,7113,efc966c-dirty,30.0,2.0
Subject376,60,0.8164021164021165,0.8333333333333334,0.8333333333333334,new,rf,2,16,1,240,4777,efc966c-dirty,30.0,2.0
Subject424,60,0.8656084656084656,0.8833333333333333,0.8833333333333333,new,rf,2,16,1,240,4777,efc966c-dirty,30.0,2.0
Subject494,60,0.5639047112731324,0.6333333333333333,0.6333333333333333,new,rf,2,16,1,240,4777,efc966c-dirty,30.0,2.0
Subject571,30,0.846984126984127,0.8666666666666667,0.8666666666666667,new,rf,2,16,1,240,4777,efc966c-dirty,30.0,2.0
Subject611,60,0.9500721500721501,0.95,0.95,new,rf,2,16,1,240,4777,efc966c-dirty,30.0,2.0
Subject969,30,0.6511111111111111,0.7333333333333333,0.7333333333333333,new,rf,2,16,1,240,4777,efc966c-dirty,30.0,2.0
Subject139,60,0.9644444444444444,0.9666666666666667,0.9666666666666667,recorded,rf,2,16,1,240,4777,efc966c-dirty,30.0,2.0
Subject147,31,0.9311111111111111,0.9333333333333333,0.9354838709677419,recorded,rf,2,16,1,240,4777,efc966c-dirty,30.0,2.0
Subject226,30,0.9311111111111111,0.9333333333333333,0.9333333333333333,recorded,rf,2,16,1,240,4777,efc966c-dirty,30.0,2.0
Subject352,30,0.9644444444444444,0.9666666666666667,0.9666666666666667,recorded,rf,2,16,1,240,4777,efc966c-dirty,30.0,2.0
Subject354,60,0.9492063492063493,0.95,0.95,recorded,rf,2,16,1,240,4777,efc966c-dirty,30.0,2.0
Subject455,60,1.0,1.0,1.0,recorded,rf,2,16,1,240,4777,efc966c-dirty,30.0,2.0
Subject516,30,0.9111111111111111,0.9333333333333333,0.9333333333333333,recorded,rf,2,16,1,240,4777,efc966c-dirty,30.0,2.0
Subject561,60,0.9122222222222222,0.9166666666666666,0.9166666666666666,recorded,rf,2,16,1,240,4777,efc966c-dirty,30.0,2.0
Subject580,90,0.9552447552447553,0.9555555555555556,0.9555555555555556,recorded,rf,2,16,1,240,4777,efc966c-dirty,30.0,2.0
Subject729,60,0.9830687830687831,0.9833333333333333,0.9833333333333333,recorded,rf,2,16,1,240,4777,efc966c-dirty,30.0,2.0
Subject731,30,0.9644444444444444,0.9666666666666667,0.9666666666666667,recorded,rf,2,16,1,240,4777,efc966c-dirty,30.0,2.0
Subject741,60,0.9139153439153439,0.9166666666666666,0.9166666666666666,recorded,rf,2,16,1,240,4777,efc966c-dirty,30.0,2.0
Subject819,60,0.924886964886965,0.9333333333333333,0.9333333333333333,recorded,rf,2,16,1,240,4777,efc966c-dirty,30.0,2.0
Subject867,60,0.8918181818181818,0.9,0.9,recorded,rf,2,16,1,240,4777,efc966c-dirty,30.0,2.0
Subject877,60,1.0,1.0,1.0,recorded,rf,2,16,1,240,4777,efc966c-dirty,30.0,2.0
Subject890,30,0.8333333333333334,0.8666666666666667,0.8666666666666667,recorded,rf,2,16,1,240,4777,efc966c-dirty,30.0,2.0
Subject376,60,0.8415007215007215,0.8666666666666667,0.8666666666666667,new,rf,2,16,2,480,9625,efc966c-dirty,30.0,2.0
Subject424,60,0.7904954304954306,0.8166666666666667,0.8166666666666667,new,rf,2,16,2,480,9625,efc966c-dirty,30.0,2.0
Subject494,60,0.5284068757752968,0.6,0.6,new,rf,2,16,2,480,9625,efc966c-dirty,30.0,2.0
Subject571,30,0.8333333333333334,0.8666666666666667,0.8666666666666667,new,rf,2,16,2,480,9625,efc966c-dirty,30.0,2.0
Subject611,60,0.9500721500721501,0.95,0.95,new,rf,2,16,2,480,9625,efc966c-dirty,30.0,2.0
Subject969,30,0.6044444444444445,0.6333333333333333,0.6333333333333333,new,rf,2,16,2,480,9625,efc966c-dirty,30.0,2.0
Subject139,60,1.0,1.0,1.0,recorded,rf,2,16,2,480,9625,efc966c-dirty,30.0,2.0
Subject147,31,0.9311111111111111,0.9333333333333333,0.9354838709677419,recorded,rf,2,16,2,480,9625,efc966c-dirty,30.0,2.0
Subject226,30,0.9644444444444444,0.9666666666666667,0.9666666666666667,recorded,rf,2,16,2,480,9625,efc966c-dirty,30.0,2.0
Subject352,30,0.9111111111111111,0.9333333333333333,0.9333333333333333,recorded,rf,2,16,2,480,9625,efc966c-dirty,30.0,2.0
Subject354,60,0.9830687830687831,0.9833333333333333,0.9833333333333333,recorded,rf,2,16,2,480,9625,efc966c-dirty,30.0,2.0
Subject455,60,1.0,1.0,1.0,recorded,rf,2,16,2,480,9625,efc966c-dirty,30.0,2.0
Subject516,30,0.9644444444444444,0.9666666666666667,0.9666666666666667,recorded,rf,2,16,2,480,9625,efc966c-dirty,30.0,2.0
Subject561,60,0.9485714285714286,0.95,0.95,recorded,rf,2,16,2,480,9625,efc966c-dirty,30.0,2.0
Subject580,90,0.9192096792096791,0.9222222222222223,0.9222222222222223,recorded,rf,2,16,2,480,9625,efc966c-dirty,30.0,2.0
Subject729,60,1.0,1.0,1.0,recorded,rf,2,16,2,480,9625,efc966c-dirty,30.0,2.0
Subject731,30,1.0,1.0,1.0,recorded,rf,2,16,2,480,9625,efc966c-dirty,30.0,2.0
Subject741,60,0.9664021164021165,0.9666666666666667,0.9666666666666667,recorded,rf,2,16,2,480,9625,efc966c-dirty,30.0,2.0
Subject819,60,0.8941798941798942,0.9166666666666666,0.9166666666666666,recorded,rf,2,16,2,480,9625,efc966c-dirty,30.0,2.0
Subject867,60,0.8711111111111111,0.8833333333333333,0.8833333333333333,recorded,rf,2,16,2,480,9625,efc966c-dirty,30.0,2.0
Subject877,60,1.0,1.0,1.0,recorded,rf,2,16,2,480,9625,efc966c-dirty,30.0,2.0
Subject890,30,1.0,1.0,1.0,recorded,rf,2,16,2,480,9625,efc966c-dirty,30.0,2.0
Subject376,60,0.8154641654641656,0.8333333333333334,0.8333333333333334,new,rf,2,17,1,255,5101,efc966c-dirty,30.0,2.0
Subject424,60,0.8656084656084656,0.8833333333333333,0.8833333333333333,new,rf,2,17,1,255,5101,efc966c-dirty,30.0,2.0
Subject494,60,0.5622500696184908,0.6333333333333333,0.6333333333333333,new,rf,2,17,1,255,5101,efc966c-dirty,30.0,2.0
Subject571,30,0.7936507936507937,0.8333333333333334,0.8333333333333334,new,rf,2,17,1,255,5101,efc966c-dirty,30.0,2.0
Subject611,60,0.9500721500721501,0.95,0.95,new,rf,2,17,1,255,5101,efc966c-dirty,30.0,2.0
Subject969,30,0.5977777777777777,0.6666666666666666,0.6666666666666666,new,rf,2,17,1,255,5101,efc966c-dirty,30.0,2.0
Subject139,60,0.9644444444444444,0.9666666666666667,0.9666666666666667,recorded,rf,2,17,1,255,5101,efc966c-dirty,30.0,2.0
Subject147,31,0.9644444444444444,0.9666666666666667,0.967741935483871,recorded,rf,2,17,1,255,5101,efc966c-dirty,30.0,2.0
Subject226,30,0.9311111111111111,0.9333333333333333,0.9333333333333333,recorded,rf,2,17,1,255,5101,efc966c-dirty,30.0,2.0
Subject352,30,0.9644444444444444,0.9666666666666667,0.9666666666666667,recorded,rf,2,17,1,255,5101,efc966c-dirty,30.0,2.0
Subject353,60,0.8677441077441077,0.8833333333333333,0.8833333333333333,recorded,rf,2,17,1,255,5101,efc966c-dirty,30.0,2.0
Subject354,60,0.9661375661375663,0.9666666666666667,0.9666666666666667,recorded,rf,2,17,1,255,5101,efc966c-dirty,30.0,2.0
Subject455,60,1.0,1.0,1.0,recorded,rf,2,17,1,255,5101,efc966c-dirty,30.0,2.0
Subject516,30,0.8755555555555555,0.9,0.9,recorded,rf,2,17,1,255,5101,efc966c-dirty,30.0,2.0
Subject561,60,0.913015873015873,0.9166666666666666,0.9166666666666666,recorded,rf,2,17,1,255,5101,efc966c-dirty,30.0,2.0
Subject580,90,0.9330225330225331,0.9333333333333335,0.9333333333333333,recorded,rf,2,17,1,255,5101,efc966c-dirty,30.0,2.0
Subject729,60,0.9830687830687831,0.9833333333333333,0.9833333333333333,recorded,rf,2,17,1,255,5101,efc966c-dirty,30.0,2.0
Subject731,30,0.9644444444444444,0.9666666666666667,0.9666666666666667,recorded,rf,2,17,1,255,5101,efc966c-dirty,30.0,2.0
Subject741,60,0.9139153439153439,0.9166666666666666,0.9166666666666666,recorded,rf,2,17,1,255,5101,efc966c-dirty,30.0,2.0
Subject819,60,0.8941798941798942,0.9166666666666666,0.9166666666666666,recorded,rf,2,17,1,255,5101,efc966c-dirty,30.0,2.0
Subject867,60,0.8632996632996632,0.8833333333333333,0.8833333333333333,recorded,rf,2,17,1,255,5101,efc966c-dirty,30.0,2.0
Subject877,60,1.0,1.0,1.0,recorded,rf,2,17,1,255,5101,efc966c-dirty,30.0,2.0
Subject890,30,0.8333333333333334,0.8666666666666667,0.8666666666666667,recorded,rf,2,17,1,255,5101,efc966c-dirty,30.0,2.0
Subject376,60,0.8597354497354497,0.8833333333333333,0.8833333333333333,new,rf,2,17,2,510,10305,efc966c-dirty,30.0,2.0
Subject424,60,0.7733525733525733,0.8166666666666667,0.8166666666666667,new,rf,2,17,2,510,10305,efc966c-dirty,30.0,2.0
Subject494,60,0.5324087997772208,0.6,0.6,new,rf,2,17,2,510,10305,efc966c-dirty,30.0,2.0
Subject571,30,0.7977777777777778,0.8333333333333334,0.8333333333333334,new,rf,2,17,2,510,10305,efc966c-dirty,30.0,2.0
Subject611,60,0.9676190476190477,0.9666666666666667,0.9666666666666667,new,rf,2,17,2,510,10305,efc966c-dirty,30.0,2.0
Subject969,30,0.6311111111111111,0.6666666666666666,0.6666666666666666,new,rf,2,17,2,510,10305,efc966c-dirty,30.0,2.0
Subject139,60,1.0,1.0,1.0,recorded,rf,2,17,2,510,10305,efc966c-dirty,30.0,2.0
Subject147,31,0.9644444444444444,0.9666666666666667,0.967741935483871,recorded,rf,2,17,2,510,10305,efc966c-dirty,30.0,2.0
Subject226,30,0.9644444444444444,0.9666666666666667,0.9666666666666667,recorded,rf,2,17,2,510,10305,efc966c-dirty,30.0,2.0
Subject352,30,0.9111111111111111,0.9333333333333333,0.9333333333333333,recorded,rf,2,17,2,510,10305,efc966c-dirty,30.0,2.0
Subject353,60,0.8173737373737374,0.85,0.85,recorded,rf,2,17,2,510,10305,efc966c-dirty,30.0,2.0
Subject354,60,0.9830687830687831,0.9833333333333333,0.9833333333333333,recorded,rf,2,17,2,510,10305,efc966c-dirty,30.0,2.0
Subject455,60,1.0,1.0,1.0,recorded,rf,2,17,2,510,10305,efc966c-dirty,30.0,2.0
Subject516,30,0.9644444444444444,0.9666666666666667,0.9666666666666667,recorded,rf,2,17,2,510,10305,efc966c-dirty,30.0,2.0
Subject561,60,0.9830687830687831,0.9833333333333333,0.9833333333333333,recorded,rf,2,17,2,510,10305,efc966c-dirty,30.0,2.0
Subject580,90,0.9304917304917305,0.9333333333333335,0.9333333333333333,recorded,rf,2,17,2,510,10305,efc966c-dirty,30.0,2.0
Subject729,60,1.0,1.0,1.0,recorded,rf,2,17,2,510,10305,efc966c-dirty,30.0,2.0
Subject731,30,1.0,1.0,1.0,recorded,rf,2,17,2,510,10305,efc966c-dirty,30.0,2.0
Subject741,60,0.9830687830687831,0.9833333333333333,0.9833333333333333,recorded,rf,2,17,2,510,10305,efc966c-dirty,30.0,2.0
Subject819,60,0.8656084656084656,0.8833333333333333,0.8833333333333333,recorded,rf,2,17,2,510,10305,efc966c-dirty,30.0,2.0
Subject867,60,0.8711111111111111,0.8833333333333333,0.8833333333333333,recorded,rf,2,17,2,510,10305,efc966c-dirty,30.0,2.0
Subject877,60,1.0,1.0,1.0,recorded,rf,2,17,2,510,10305,efc966c-dirty,30.0,2.0
Subject890,30,1.0,1.0,1.0,recorded,rf,2,17,2,510,10305,efc966c-dirty,30.0,2.0
Subject226,30,0.5879365079365081,0.6333333333333333,0.6333333333333333,new,rf,3,2,1,30,675,efc966c-dirty,30.0,2.0
Subject354,60,0.7502308802308802,0.7666666666666667,0.7666666666666667,new,rf,3,2,1,30,675,efc966c-dirty,30.0,2.0
Subject376,60,0.6382539682539683,0.6833333333333333,0.6833333333333333,new,rf,3,2,1,30,675,efc966c-dirty,30.0,2.0
Subject424,60,0.5675335775335776,0.6,0.6,new,rf,3,2,1,30,675,efc966c-dirty,30.0,2.0
Subject729,60,0.9109187109187109,0.9166666666666666,0.9166666666666666,new,rf,3,2,1,30,675,efc966c-dirty,30.0,2.0
Subject969,30,0.47555555555555556,0.5666666666666667,0.5666666666666667,new,rf,3,2,1,30,675,efc966c-dirty,30.0,2.0
Subject352,30,0.9111111111111111,0.9333333333333333,0.9333333333333333,recorded,rf,3,2,1,30,675,efc966c-dirty,30.0,2.0
Subject741,60,0.7805820105820106,0.8,0.8,recorded,rf,3,2,1,30,675,efc966c-dirty,30.0,2.0
Subject226,30,0.7333333333333332,0.8,0.8,new,rf,3,2,2,60,1316,efc966c-dirty,30.0,2.0
Subject354,60,0.8102308802308804,0.8166666666666667,0.8166666666666667,new,rf,3,2,2,60,1316,efc966c-dirty,30.0,2.0
Subject376,60,0.6929365079365081,0.7333333333333333,0.7333333333333333,new,rf,3,2,2,60,1316,efc966c-dirty,30.0,2.0
Subject424,60,0.7253631553631554,0.75,0.75,new,rf,3,2,2,60,1316,efc966c-dirty,30.0,2.0
Subject729,60,0.8772486772486773,0.9,0.9,new,rf,3,2,2,60,1316,efc966c-dirty,30.0,2.0
Subject969,30,0.5111111111111111,0.6,0.6,new,rf,3,2,2,60,1316,efc966c-dirty,30.0,2.0
Subject352,30,1.0,1.0,1.0,recorded,rf,3,2,2,60,1316,efc966c-dirty,30.0,2.0
Subject741,60,0.946031746031746,0.95,0.95,recorded,rf,3,2,2,60,1316,efc966c-dirty,30.0,2.0
Subject226,30,0.6333333333333332,0.7,0.7,new,rf,3,4,1,60,1275,efc966c-dirty,30.0,2.0
Subject354,60,0.7633670033670034,0.8,0.8,new,rf,3,4,1,60,1275,efc966c-dirty,30.0,2.0
Subject376,60,0.7058201058201059,0.7333333333333333,0.7333333333333333,new,rf,3,4,1,60,1275,efc966c-dirty,30.0,2.0
Subject424,60,0.7502405002405003,0.7833333333333333,0.7833333333333333,new,rf,3,4,1,60,1275,efc966c-dirty,30.0,2.0
Subject729,60,0.9661375661375662,0.9666666666666667,0.9666666666666667,new,rf,3,4,1,60,1275,efc966c-dirty,30.0,2.0
Subject969,30,0.7088888888888889,0.7333333333333333,0.7333333333333333,new,rf,3,4,1,60,1275,efc966c-dirty,30.0,2.0
Subject352,30,0.9111111111111111,0.9333333333333333,0.9333333333333333,recorded,rf,3,4,1,60,1275,efc966c-dirty,30.0,2.0
Subject561,60,0.932063492063492,0.9333333333333333,0.9333333333333333,recorded,rf,3,4,1,60,1275,efc966c-dirty,30.0,2.0
Subject741,60,0.8292063492063492,0.85,0.85,recorded,rf,3,4,1,60,1275,efc966c-dirty,30.0,2.0
Subject867,60,0.7722943722943723,0.8,0.8,recorded,rf,3,4,1,60,1275,efc966c-dirty,30.0,2.0
Subject226,30,0.5955555555555555,0.6666666666666666,0.6666666666666666,new,rf,3,4,2,120,2510,efc966c-dirty,30.0,2.0
Subject354,60,0.8275276575276574,0.85,0.85,new,rf,3,4,2,120,2510,efc966c-dirty,30.0,2.0
Subject376,60,0.7232804232804233,0.75,0.75,new,rf,3,4,2,120,2510,efc966c-dirty,30.0,2.0
Subject424,60,0.7256758056758057,0.7333333333333333,0.7333333333333333,new,rf,3,4,2,120,2510,efc966c-dirty,30.0,2.0
Subject729,60,0.9342857142857144,0.9333333333333333,0.9333333333333333,new,rf,3,4,2,120,2510,efc966c-dirty,30.0,2.0
Subject969,30,0.7625396825396825,0.8,0.8,new,rf,3,4,2,120,2510,efc966c-dirty,30.0,2.0
Subject352,30,0.9644444444444444,0.9666666666666667,0.9666666666666667,recorded,rf,3,4,2,120,2510,efc966c-dirty,30.0,2.0
Subject561,60,1.0,1.0,1.0,recorded,rf,3,4,2,120,2510,efc966c-dirty,30.0,2.0
Subject741,60,0.8746224146224146,0.8833333333333333,0.8833333333333333,recorded,rf,3,4,2,120,2510,efc966c-dirty,30.0,2.0
Subject867,60,0.8254545454545453,0.85,0.85,recorded,rf,3,4,2,120,2510,efc966c-dirty,30.0,2.0
Subject226,30,0.6999999999999998,0.7666666666666667,0.7666666666666667,new,rf,3,6,1,90,1890,efc966c-dirty,30.0,2.0
Subject354,60,0.80007215007215,0.8333333333333334,0.8333333333333334,new,rf,3,6,1,90,1890,efc966c-dirty,30.0,2.0
Subject376,60,0.6938064114534702,0.7333333333333333,0.7333333333333333,new,rf,3,6,1,90,1890,efc966c-dirty,30.0,2.0
Subject424,60,0.801957671957672,0.8333333333333334,0.8333333333333334,new,rf,3,6,1,90,1890,efc966c-dirty,30.0,2.0
Subject729,60,0.9494708994708995,0.95,0.95,new,rf,3,6,1,90,1890,efc966c-dirty,30.0,2.0
Subject969,30,0.7051851851851852,0.7333333333333333,0.7333333333333333,new,rf,3,6,1,90,1890,efc966c-dirty,30.0,2.0
Subject352,30,0.9111111111111111,0.9333333333333333,0.9333333333333333,recorded,rf,3,6,1,90,1890,efc966c-dirty,30.0,2.0
Subject561,60,0.8767388167388167,0.8833333333333333,0.8833333333333333,recorded,rf,3,6,1,90,1890,efc966c-dirty,30.0,2.0
Subject731,30,1.0,1.0,1.0,recorded,rf,3,6,1,90,1890,efc966c-dirty,30.0,2.0
Subject741,60,0.9142857142857143,0.9166666666666666,0.9166666666666666,recorded,rf,3,6,1,90,1890,efc966c-dirty,30.0,2.0
Subject867,60,0.8393314093314094,0.85,0.85,recorded,rf,3,6,1,90,1890,efc966c-dirty,30.0,2.0
Subject890,30,1.0,1.0,1.0,recorded,rf,3,6,1,90,1890,efc966c-dirty,30.0,2.0
Subject226,30,0.6955555555555555,0.7666666666666667,0.7666666666666667,new,rf,3,6,2,180,3736,efc966c-dirty,30.0,2.0
Subject354,60,0.8582539682539683,0.8833333333333333,0.8833333333333333,new,rf,3,6,2,180,3736,efc966c-dirty,30.0,2.0
Subject376,60,0.7783261183261183,0.8,0.8,new,rf,3,6,2,180,3736,efc966c-dirty,30.0,2.0
Subject424,60,0.7907599807599809,0.8166666666666667,0.8166666666666667,new,rf,3,6,2,180,3736,efc966c-dirty,30.0,2.0
Subject729,60,0.9661375661375662,0.9666666666666667,0.9666666666666667,new,rf,3,6,2,180,3736,efc966c-dirty,30.0,2.0
Subject969,30,0.8222222222222222,0.8666666666666667,0.8666666666666667,new,rf,3,6,2,180,3736,efc966c-dirty,30.0,2.0
Subject352,30,0.9644444444444444,0.9666666666666667,0.9666666666666667,recorded,rf,3,6,2,180,3736,efc966c-dirty,30.0,2.0
Subject561,60,0.9664021164021165,0.9666666666666667,0.9666666666666667,recorded,rf,3,6,2,180,3736,efc966c-dirty,30.0,2.0
Subject731,30,1.0,1.0,1.0,recorded,rf,3,6,2,180,3736,efc966c-dirty,30.0,2.0
Subject741,60,0.9481481481481481,0.95,0.95,recorded,rf,3,6,2,180,3736,efc966c-dirty,30.0,2.0
Subject867,60,0.9096296296296296,0.9166666666666666,0.9166666666666666,recorded,rf,3,6,2,180,3736,efc966c-dirty,30.0,2.0
Subject890,30,0.9644444444444444,0.9666666666666667,0.9666666666666667,recorded,rf,3,6,2,180,3736,efc966c-dirty,30.0,2.0
Subject226,30,0.6603174603174602,0.7333333333333333,0.7333333333333333,new,rf,3,8,1,120,2630,efc966c-dirty,30.0,2.0
Subject354,60,0.8617604617604617,0.8833333333333333,0.8833333333333333,new,rf,3,8,1,120,2630,efc966c-dirty,30.0,2.0
Subject376,60,0.731478369125428,0.7666666666666667,0.7666666666666667,new,rf,3,8,1,120,2630,efc966c-dirty,30.0,2.0
Subject424,60,0.7928774928774929,0.8166666666666667,0.8166666666666667,new,rf,3,8,1,120,2630,efc966c-dirty,30.0,2.0
Subject729,60,0.9664021164021165,0.9666666666666667,0.9666666666666667,new,rf,3,8,1,120,2630,efc966c-dirty,30.0,2.0
Subject969,30,0.8755555555555555,0.9,0.9,new,rf,3,8,1,120,2630,efc966c-dirty,30.0,2.0
Subject352,30,0.9111111111111111,0.9333333333333333,0.9333333333333333,recorded,rf,3,8,1,120,2630,efc966c-dirty,30.0,2.0
Subject561,60,0.8707070707070709,0.8833333333333333,0.8833333333333333,recorded,rf,3,8,1,120,2630,efc966c-dirty,30.0,2.0
Subject571,30,1.0,1.0,1.0,recorded,rf,3,8,1,120,2630,efc966c-dirty,30.0,2.0
Subject731,30,1.0,1.0,1.0,recorded,rf,3,8,1,120,2630,efc966c-dirty,30.0,2.0
Subject741,60,0.8920634920634921,0.9,0.9,recorded,rf,3,8,1,120,2630,efc966c-dirty,30.0,2.0
Subject867,60,0.8463684463684463,0.8666666666666667,0.8666666666666667,recorded,rf,3,8,1,120,2630,efc966c-dirty,30.0,2.0
Subject877,60,0.9475132275132275,0.95,0.95,recorded,rf,3,8,1,120,2630,efc966c-dirty,30.0,2.0
Subject890,30,0.9644444444444444,0.9666666666666667,0.9666666666666667,recorded,rf,3,8,1,120,2630,efc966c-dirty,30.0,2.0
Subject226,30,0.6444444444444444,0.7,0.7,new,rf,3,8,2,240,5186,efc966c-dirty,30.0,2.0
Subject354,60,0.8711832611832612,0.8833333333333333,0.8833333333333333,new,rf,3,8,2,240,5186,efc966c-dirty,30.0,2.0
Subject376,60,0.8286243386243386,0.85,0.85,new,rf,3,8,2,240,5186,efc966c-dirty,30.0,2.0
Subject424,60,0.7576911976911977,0.7833333333333333,0.7833333333333333,new,rf,3,8,2,240,5186,efc966c-dirty,30.0,2.0
Subject729,60,0.9830687830687831,0.9833333333333333,0.9833333333333333,new,rf,3,8,2,240,5186,efc966c-dirty,30.0,2.0
Subject969,30,0.7936507936507937,0.8333333333333334,0.8333333333333334,new,rf,3,8,2,240,5186,efc966c-dirty,30.0,2.0
Subject352,30,0.9644444444444444,0.9666666666666667,0.9666666666666667,recorded,rf,3,8,2,240,5186,efc966c-dirty,30.0,2.0
Subject561,60,1.0,1.0,1.0,recorded,rf,3,8,2,240,5186,efc966c-dirty,30.0,2.0
Subject571,30,1.0,1.0,1.0,recorded,rf,3,8,2,240,5186,efc966c-dirty,30.0,2.0
Subject731,30,1.0,1.0,1.0,recorded,rf,3,8,2,240,5186,efc966c-dirty,30.0,2.0
Subject741,60,0.9664021164021165,0.9666666666666667,0.9666666666666667,recorded,rf,3,8,2,240,5186,efc966c-dirty,30.0,2.0
Subject867,60,0.8800000000000001,0.9,0.9,recorded,rf,3,8,2,240,5186,efc966c-dirty,30.0,2.0
Subject877,60,0.9830687830687831,0.9833333333333333,0.9833333333333333,recorded,rf,3,8,2,240,5186,efc966c-dirty,30.0,2.0
Subject890,30,1.0,1.0,1.0,recorded,rf,3,8,2,240,5186,efc966c-dirty,30.0,2.0
Subject226,30,0.6603174603174602,0.7333333333333333,0.7333333333333333,new,rf,3,12,1,180,3772,efc966c-dirty,30.0,2.0
Subject354,60,0.8482202982202982,0.8666666666666667,0.8666666666666667,new,rf,3,12,1,180,3772,efc966c-dirty,30.0,2.0
Subject376,60,0.7814814814814814,0.8166666666666667,0.8166666666666667,new,rf,3,12,1,180,3772,efc966c-dirty,30.0,2.0
Subject424,60,0.7997354497354497,0.8333333333333334,0.8333333333333334,new,rf,3,12,1,180,3772,efc966c-dirty,30.0,2.0
Subject729,60,0.9475132275132275,0.95,0.95,new,rf,3,12,1,180,3772,efc966c-dirty,30.0,2.0
Subject969,30,0.7666666666666667,0.8,0.8,new,rf,3,12,1,180,3772,efc966c-dirty,30.0,2.0
Subject147,31,0.8444444444444444,0.8666666666666667,0.8709677419354839,recorded,rf,3,12,1,180,3772,efc966c-dirty,30.0,2.0
Subject352,30,0.9111111111111111,0.9333333333333333,0.9333333333333333,recorded,rf,3,12,1,180,3772,efc966c-dirty,30.0,2.0
Subject353,60,0.7958008658008658,0.8166666666666667,0.8166666666666667,recorded,rf,3,12,1,180,3772,efc966c-dirty,30.0,2.0
Subject494,60,0.9082202982202983,0.9166666666666666,0.9166666666666666,recorded,rf,3,12,1,180,3772,efc966c-dirty,30.0,2.0
Subject516,30,0.8400000000000001,0.8666666666666667,0.8666666666666667,recorded,rf,3,12,1,180,3772,efc966c-dirty,30.0,2.0
Subject561,60,0.9084848484848485,0.9166666666666666,0.9166666666666666,recorded,rf,3,12,1,180,3772,efc966c-dirty,30.0,2.0
Subject571,30,1.0,1.0,1.0,recorded,rf,3,12,1,180,3772,efc966c-dirty,30.0,2.0
Subject731,30,1.0,1.0,1.0,recorded,rf,3,12,1,180,3772,efc966c-dirty,30.0,2.0
Subject741,60,0.8660317460317459,0.8833333333333333,0.8833333333333333,recorded,rf,3,12,1,180,3772,efc966c-dirty,30.0,2.0
Subject867,60,0.8632996632996632,0.8833333333333333,0.8833333333333333,recorded,rf,3,12,1,180,3772,efc966c-dirty,30.0,2.0
Subject877,60,0.9475132275132275,0.95,0.95,recorded,rf,3,12,1,180,3772,efc966c-dirty,30.0,2.0
Subject890,30,1.0,1.0,1.0,recorded,rf,3,12,1,180,3772,efc966c-dirty,30.0,2.0
Subject226,30,0.7533333333333334,0.8,0.8,new,rf,3,12,2,360,7461,efc966c-dirty,30.0,2.0
Subject354,60,0.9115343915343915,0.9166666666666666,0.9166666666666666,new,rf,3,12,2,360,7461,efc966c-dirty,30.0,2.0
Subject376,60,0.7997354497354497,0.8333333333333334,0.8333333333333334,new,rf,3,12,2,360,7461,efc966c-dirty,30.0,2.0
Subject424,60,0.8286243386243387,0.85,0.85,new,rf,3,12,2,360,7461,efc966c-dirty,30.0,2.0
Subject729,60,0.9830687830687831,0.9833333333333333,0.9833333333333333,new,rf,3,12,2,360,7461,efc966c-dirty,30.0,2.0
Subject969,30,0.7666666666666667,0.8,0.8,new,rf,3,12,2,360,7461,efc966c-dirty,30.0,2.0
Subject147,31,1.0,1.0,1.0,recorded,rf,3,12,2,360,7461,efc966c-dirty,30.0,2.0
Subject352,30,0.9644444444444444,0.9666666666666667,0.9666666666666667,recorded,rf,3,12,2,360,7461,efc966c-dirty,30.0,2.0
Subject353,60,0.8452573352573353,0.85,0.85,recorded,rf,3,12,2,360,7461,efc966c-dirty,30.0,2.0
Subject494,60,0.9223280423280423,0.9333333333333333,0.9333333333333333,recorded,rf,3,12,2,360,7461,efc966c-dirty,30.0,2.0
Subject516,30,0.9644444444444444,0.9666666666666667,0.9666666666666667,recorded,rf,3,12,2,360,7461,efc966c-dirty,30.0,2.0
Subject561,60,1.0,1.0,1.0,recorded,rf,3,12,2,360,7461,efc966c-dirty,30.0,2.0
Subject571,30,1.0,1.0,1.0,recorded,rf,3,12,2,360,7461,efc966c-dirty,30.0,2.0
Subject731,30,1.0,1.0,1.0,recorded,rf,3,12,2,360,7461,efc966c-dirty,30.0,2.0
Subject741,60,0.8689947089947091,0.8833333333333333,0.8833333333333333,recorded,rf,3,12,2,360,7461,efc966c-dirty,30.0,2.0
Subject867,60,0.8956228956228957,0.9166666666666666,0.9166666666666666,recorded,rf,3,12,2,360,7461,efc966c-dirty,30.0,2.0
Subject877,60,1.0,1.0,1.0,recorded,rf,3,12,2,360,7461,efc966c-dirty,30.0,2.0
Subject890,30,1.0,1.0,1.0,recorded,rf,3,12,2,360,7461,efc966c-dirty,30.0,2.0
Subject226,30,0.6603174603174602,0.7333333333333333,0.7333333333333333,new,rf,3,16,1,240,5001,efc966c-dirty,30.0,2.0
Subject354,60,0.8903703703703704,0.9,0.9,new,rf,3,16,1,240,5001,efc966c-dirty,30.0,2.0
Subject376,60,0.7856898656898658,0.8,0.8,new,rf,3,16,1,240,5001,efc966c-dirty,30.0,2.0
Subject424,60,0.801957671957672,0.8333333333333334,0.8333333333333334,new,rf,3,16,1,240,5001,efc966c-dirty,30.0,2.0
Subject729,60,0.9664021164021165,0.9666666666666667,0.9666666666666667,new,rf,3,16,1,240,5001,efc966c-dirty,30.0,2.0
Subject969,30,0.6933333333333334,0.7333333333333333,0.7333333333333333,new,rf,3,16,1,240,5001,efc966c-dirty,30.0,2.0
Subject139,60,0.9830687830687831,0.9833333333333333,0.9833333333333333,recorded,rf,3,16,1,240,5001,efc966c-dirty,30.0,2.0
Subject147,31,0.8444444444444444,0.8666666666666667,0.8709677419354839,recorded,rf,3,16,1,240,5001,efc966c-dirty,30.0,2.0
Subject352,30,0.9111111111111111,0.9333333333333333,0.9333333333333333,recorded,rf,3,16,1,240,5001,efc966c-dirty,30.0,2.0
Subject353,60,0.7953246753246753,0.8,0.8,recorded,rf,3,16,1,240,5001,efc966c-dirty,30.0,2.0
Subject494,60,0.8782743182743183,0.8833333333333333,0.8833333333333333,recorded,rf,3,16,1,240,5001,efc966c-dirty,30.0,2.0
Subject516,30,0.8711111111111111,0.9,0.9,recorded,rf,3,16,1,240,5001,efc966c-dirty,30.0,2.0
Subject561,60,0.9062626262626262,0.9166666666666666,0.9166666666666666,recorded,rf,3,16,1,240,5001,efc966c-dirty,30.0,2.0
Subject571,30,1.0,1.0,1.0,recorded,rf,3,16,1,240,5001,efc966c-dirty,30.0,2.0
Subject580,90,0.8656632256632257,0.8666666666666667,0.8666666666666667,recorded,rf,3,16,1,240,5001,efc966c-dirty,30.0,2.0
Subject611,60,0.9644444444444444,0.9666666666666667,0.9666666666666667,recorded,rf,3,16,1,240,5001,efc966c-dirty,30.0,2.0
Subject731,30,0.9644444444444444,0.9666666666666667,0.9666666666666667,recorded,rf,3,16,1,240,5001,efc966c-dirty,30.0,2.0
Subject741,60,0.8770370370370372,0.8833333333333333,0.8833333333333333,recorded,rf,3,16,1,240,5001,efc966c-dirty,30.0,2.0
Subject819,60,0.9475132275132275,0.95,0.95,recorded,rf,3,16,1,240,5001,efc966c-dirty,30.0,2.0
Subject867,60,0.8748869648869648,0.8833333333333333,0.8833333333333333,recorded,rf,3,16,1,240,5001,efc966c-dirty,30.0,2.0
Subject877,60,0.9830687830687831,0.9833333333333333,0.9833333333333333,recorded,rf,3,16,1,240,5001,efc966c-dirty,30.0,2.0
Subject890,30,1.0,1.0,1.0,recorded,rf,3,16,1,240,5001,efc966c-dirty,30.0,2.0
Subject226,30,0.6999999999999998,0.7666666666666667,0.7666666666666667,new,rf,3,16,2,480,9891,efc966c-dirty,30.0,2.0
Subject354,60,0.9475132275132275,0.95,0.95,new,rf,3,16,2,480,9891,efc966c-dirty,30.0,2.0
Subject376,60,0.8182202982202983,0.85,0.85,new,rf,3,16,2,480,9891,efc966c-dirty,30.0,2.0
Subject424,60,0.848941798941799,0.8666666666666667,0.8666666666666667,new,rf,3,16,2,480,9891,efc966c-dirty,30.0,2.0
Subject729,60,0.9830687830687831,0.9833333333333333,0.9833333333333333,new,rf,3,16,2,480,9891,efc966c-dirty,30.0,2.0
Subject969,30,0.7407407407407407,0.7666666666666667,0.7666666666666667,new,rf,3,16,2,480,9891,efc966c-dirty,30.0,2.0
Subject139,60,1.0,1.0,1.0,recorded,rf,3,16,2,480,9891,efc966c-dirty,30.0,2.0
Subject147,31,0.9644444444444444,0.9666666666666667,0.967741935483871,recorded,rf,3,16,2,480,9891,efc966c-dirty,30.0,2.0
Subject352,30,0.9111111111111111,0.9333333333333333,0.9333333333333333,recorded,rf,3,16,2,480,9891,efc966c-dirty,30.0,2.0
Subject353,60,0.8762626262626262,0.8833333333333333,0.8833333333333333,recorded,rf,3,16,2,480,9891,efc966c-dirty,30.0,2.0
Subject494,60,0.924886964886965,0.9333333333333333,0.9333333333333333,recorded,rf,3,16,2,480,9891,efc966c-dirty,30.0,2.0
Subject516,30,0.9288888888888888,0.9333333333333333,0.9333333333333333,recorded,rf,3,16,2,480,9891,efc966c-dirty,30.0,2.0
Subject561,60,0.9644444444444444,0.9666666666666667,0.9666666666666667,recorded,rf,3,16,2,480,9891,efc966c-dirty,30.0,2.0
Subject571,30,1.0,1.0,1.0,recorded,rf,3,16,2,480,9891,efc966c-dirty,30.0,2.0
Subject580,90,0.9305694305694306,0.9333333333333335,0.9333333333333333,recorded,rf,3,16,2,480,9891,efc966c-dirty,30.0,2.0
Subject611,60,0.9830687830687831,0.9833333333333333,0.9833333333333333,recorded,rf,3,16,2,480,9891,efc966c-dirty,30.0,2.0
Subject731,30,1.0,1.0,1.0,recorded,rf,3,16,2,480,9891,efc966c-dirty,30.0,2.0
Subject741,60,0.9497354497354498,0.95,0.95,recorded,rf,3,16,2,480,9891,efc966c-dirty,30.0,2.0
Subject819,60,0.924886964886965,0.9333333333333333,0.9333333333333333,recorded,rf,3,16,2,480,9891,efc966c-dirty,30.0,2.0
Subject867,60,0.8800000000000001,0.9,0.9,recorded,rf,3,16,2,480,9891,efc966c-dirty,30.0,2.0
Subject877,60,1.0,1.0,1.0,recorded,rf,3,16,2,480,9891,efc966c-dirty,30.0,2.0
Subject890,30,1.0,1.0,1.0,recorded,rf,3,16,2,480,9891,efc966c-dirty,30.0,2.0
Subject226,30,0.6999999999999998,0.7666666666666667,0.7666666666666667,new,rf,3,17,1,255,5237,efc966c-dirty,30.0,2.0
Subject354,60,0.9664021164021165,0.9666666666666667,0.9666666666666667,new,rf,3,17,1,255,5237,efc966c-dirty,30.0,2.0
Subject376,60,0.7977777777777777,0.8166666666666667,0.8166666666666667,new,rf,3,17,1,255,5237,efc966c-dirty,30.0,2.0
Subject424,60,0.8286243386243387,0.85,0.85,new,rf,3,17,1,255,5237,efc966c-dirty,30.0,2.0
Subject729,60,0.9664021164021165,0.9666666666666667,0.9666666666666667,new,rf,3,17,1,255,5237,efc966c-dirty,30.0,2.0
Subject969,30,0.6933333333333334,0.7333333333333333,0.7333333333333333,new,rf,3,17,1,255,5237,efc966c-dirty,30.0,2.0
Subject139,60,0.9830687830687831,0.9833333333333333,0.9833333333333333,recorded,rf,3,17,1,255,5237,efc966c-dirty,30.0,2.0
Subject147,31,0.8444444444444446,0.8666666666666667,0.8709677419354839,recorded,rf,3,17,1,255,5237,efc966c-dirty,30.0,2.0
Subject352,30,0.9111111111111111,0.9333333333333333,0.9333333333333333,recorded,rf,3,17,1,255,5237,efc966c-dirty,30.0,2.0
Subject353,60,0.81007215007215,0.8166666666666667,0.8166666666666667,recorded,rf,3,17,1,255,5237,efc966c-dirty,30.0,2.0
Subject455,60,1.0,1.0,1.0,recorded,rf,3,17,1,255,5237,efc966c-dirty,30.0,2.0
Subject494,60,0.8782743182743183,0.8833333333333333,0.8833333333333333,recorded,rf,3,17,1,255,5237,efc966c-dirty,30.0,2.0
Subject516,30,0.8711111111111111,0.9,0.9,recorded,rf,3,17,1,255,5237,efc966c-dirty,30.0,2.0
Subject561,60,0.8836363636363637,0.9,0.9,recorded,rf,3,17,1,255,5237,efc966c-dirty,30.0,2.0
Subject571,30,1.0,1.0,1.0,recorded,rf,3,17,1,255,5237,efc966c-dirty,30.0,2.0
Subject580,90,0.853062493062493,0.8555555555555555,0.8555555555555555,recorded,rf,3,17,1,255,5237,efc966c-dirty,30.0,2.0
Subject611,60,0.9644444444444444,0.9666666666666667,0.9666666666666667,recorded,rf,3,17,1,255,5237,efc966c-dirty,30.0,2.0
Subject731,30,1.0,1.0,1.0,recorded,rf,3,17,1,255,5237,efc966c-dirty,30.0,2.0
Subject741,60,0.9125925925925925,0.9166666666666666,0.9166666666666666,recorded,rf,3,17,1,255,5237,efc966c-dirty,30.0,2.0
Subject819,60,0.9475132275132275,0.95,0.95,recorded,rf,3,17,1,255,5237,efc966c-dirty,30.0,2.0
Subject867,60,0.8711111111111111,0.8833333333333333,0.8833333333333333,recorded,rf,3,17,1,255,5237,efc966c-dirty,30.0,2.0
Subject877,60,1.0,1.0,1.0,recorded,rf,3,17,1,255,5237,efc966c-dirty,30.0,2.0
Subject890,30,1.0,1.0,1.0,recorded,rf,3,17,1,255,5237,efc966c-dirty,30.0,2.0
Subject226,30,0.6666666666666665,0.7333333333333333,0.7333333333333333,new,rf,3,17,2,510,10380,efc966c-dirty,30.0,2.0
Subject354,60,0.9830687830687831,0.9833333333333333,0.9833333333333333,new,rf,3,17,2,510,10380,efc966c-dirty,30.0,2.0
Subject376,60,0.8593314093314093,0.8833333333333333,0.8833333333333333,new,rf,3,17,2,510,10380,efc966c-dirty,30.0,2.0
Subject424,60,0.8320105820105821,0.85,0.85,new,rf,3,17,2,510,10380,efc966c-dirty,30.0,2.0
Subject729,60,0.9830687830687831,0.9833333333333333,0.9833333333333333,new,rf,3,17,2,510,10380,efc966c-dirty,30.0,2.0
Subject969,30,0.6933333333333334,0.7333333333333333,0.7333333333333333,new,rf,3,17,2,510,10380,efc966c-dirty,30.0,2.0
Subject139,60,1.0,1.0,1.0,recorded,rf,3,17,2,510,10380,efc966c-dirty,30.0,2.0
Subject147,31,0.9644444444444444,0.9666666666666667,0.967741935483871,recorded,rf,3,17,2,510,10380,efc966c-dirty,30.0,2.0
Subject352,30,0.9111111111111111,0.9333333333333333,0.9333333333333333,recorded,rf,3,17,2,510,10380,efc966c-dirty,30.0,2.0
Subject353,60,0.8762626262626262,0.8833333333333333,0.8833333333333333,recorded,rf,3,17,2,510,10380,efc966c-dirty,30.0,2.0
Subject455,60,1.0,1.0,1.0,recorded,rf,3,17,2,510,10380,efc966c-dirty,30.0,2.0
Subject494,60,0.9418181818181818,0.95,0.95,recorded,rf,3,17,2,510,10380,efc966c-dirty,30.0,2.0
Subject516,30,0.9288888888888888,0.9333333333333333,0.9333333333333333,recorded,rf,3,17,2,510,10380,efc966c-dirty,30.0,2.0
Subject561,60,0.9644444444444444,0.9666666666666667,0.9666666666666667,recorded,rf,3,17,2,510,10380,efc966c-dirty,30.0,2.0
Subject571,30,1.0,1.0,1.0,recorded,rf,3,17,2,510,10380,efc966c-dirty,30.0,2.0
Subject580,90,0.9098079698079699,0.9111111111111113,0.9111111111111111,recorded,rf,3,17,2,510,10380,efc966c-dirty,30.0,2.0
Subject611,60,0.9830687830687831,0.9833333333333333,0.9833333333333333,recorded,rf,3,17,2,510,10380,efc966c-dirty,30.0,2.0
Subject731,30,1.0,1.0,1.0,recorded,rf,3,17,2,510,10380,efc966c-dirty,30.0,2.0
Subject741,60,0.9497354497354498,0.95,0.95,recorded,rf,3,17,2,510,10380,efc966c-dirty,30.0,2.0
Subject819,60,0.924886964886965,0.9333333333333333,0.9333333333333333,recorded,rf,3,17,2,510,10380,efc966c-dirty,30.0,2.0
Subject867,60,0.9096296296296296,0.9166666666666666,0.9166666666666666,recorded,rf,3,17,2,510,10380,efc966c-dirty,30.0,2.0
Subject877,60,1.0,1.0,1.0,recorded,rf,3,17,2,510,10380,efc966c-dirty,30.0,2.0
Subject890,30,1.0,1.0,1.0,recorded,rf,3,17,2,510,10380,efc966c-dirty,30.0,2.0
Subject424,60,0.4771428571428571,0.5333333333333333,0.5333333333333333,new,rf,4,2,1,30,639,efc966c-dirty,30.0,2.0
Subject455,60,0.8086243386243387,0.8333333333333334,0.8333333333333334,new,rf,4,2,1,30,639,efc966c-dirty,30.0,2.0
Subject561,60,0.5117327117327117,0.6,0.6,new,rf,4,2,1,30,639,efc966c-dirty,30.0,2.0
Subject571,30,0.6933333333333334,0.7666666666666667,0.7666666666666667,new,rf,4,2,1,30,639,efc966c-dirty,30.0,2.0
Subject741,60,0.6556998556998558,0.7,0.7,new,rf,4,2,1,30,639,efc966c-dirty,30.0,2.0
Subject819,60,0.6393314093314094,0.65,0.65,new,rf,4,2,1,30,639,efc966c-dirty,30.0,2.0
Subject353,60,0.7905483405483406,0.8166666666666667,0.8166666666666667,recorded,rf,4,2,1,30,639,efc966c-dirty,30.0,2.0
Subject731,30,0.8933333333333333,0.9,0.9,recorded,rf,4,2,1,30,639,efc966c-dirty,30.0,2.0
Subject424,60,0.41717171717171714,0.4666666666666667,0.4666666666666667,new,rf,4,2,2,60,1325,efc966c-dirty,30.0,2.0
Subject455,60,0.8167388167388167,0.85,0.85,new,rf,4,2,2,60,1325,efc966c-dirty,30.0,2.0
Subject561,60,0.6302837902837903,0.7166666666666667,0.7166666666666667,new,rf,4,2,2,60,1325,efc966c-dirty,30.0,2.0
Subject571,30,0.6733333333333333,0.7333333333333333,0.7333333333333333,new,rf,4,2,2,60,1325,efc966c-dirty,30.0,2.0
Subject741,60,0.6234728234728235,0.6666666666666666,0.6666666666666666,new,rf,4,2,2,60,1325,efc966c-dirty,30.0,2.0
Subject819,60,0.6555747955747956,0.7,0.7,new,rf,4,2,2,60,1325,efc966c-dirty,30.0,2.0
Subject353,60,0.8256277056277056,0.85,0.85,recorded,rf,4,2,2,60,1325,efc966c-dirty,30.0,2.0
Subject731,30,0.9644444444444444,0.9666666666666667,0.9666666666666667,recorded,rf,4,2,2,60,1325,efc966c-dirty,30.0,2.0
Subject424,60,0.7639153439153439,0.8,0.8,new,rf,4,4,1,60,1112,efc966c-dirty,30.0,2.0
Subject455,60,0.7062049062049063,0.75,0.75,new,rf,4,4,1,60,1112,efc966c-dirty,30.0,2.0
Subject561,60,0.6126984126984126,0.6666666666666666,0.6666666666666666,new,rf,4,4,1,60,1112,efc966c-dirty,30.0,2.0
Subject571,30,0.7866666666666667,0.8333333333333334,0.8333333333333334,new,rf,4,4,1,60,1112,efc966c-dirty,30.0,2.0
Subject741,60,0.8185917785917787,0.8333333333333334,0.8333333333333334,new,rf,4,4,1,60,1112,efc966c-dirty,30.0,2.0
Subject819,60,0.6661945461945462,0.7,0.7,new,rf,4,4,1,60,1112,efc966c-dirty,30.0,2.0
Subject353,60,0.8354497354497354,0.85,0.85,recorded,rf,4,4,1,60,1112,efc966c-dirty,30.0,2.0
Subject376,60,0.8266341066341066,0.85,0.85,recorded,rf,4,4,1,60,1112,efc966c-dirty,30.0,2.0
Subject494,60,0.9248869648869648,0.9333333333333333,0.9333333333333333,recorded,rf,4,4,1,60,1112,efc966c-dirty,30.0,2.0
Subject731,30,0.7025396825396826,0.7666666666666667,0.7666666666666667,recorded,rf,4,4,1,60,1112,efc966c-dirty,30.0,2.0
Subject424,60,0.8452910052910053,0.8666666666666667,0.8666666666666667,new,rf,4,4,2,120,2278,efc966c-dirty,30.0,2.0
Subject455,60,0.8008080808080807,0.8166666666666667,0.8166666666666667,new,rf,4,4,2,120,2278,efc966c-dirty,30.0,2.0
Subject561,60,0.6707070707070707,0.75,0.75,new,rf,4,4,2,120,2278,efc966c-dirty,30.0,2.0
Subject571,30,0.7866666666666667,0.8333333333333334,0.8333333333333334,new,rf,4,4,2,120,2278,efc966c-dirty,30.0,2.0
Subject741,60,0.7447293447293448,0.7666666666666667,0.7666666666666667,new,rf,4,4,2,120,2278,efc966c-dirty,30.0,2.0
Subject819,60,0.663068783068783,0.7166666666666667,0.7166666666666667,new,rf,4,4,2,120,2278,efc966c-dirty,30.0,2.0
Subject353,60,0.88,0.9,0.9,recorded,rf,4,4,2,120,2278,efc966c-dirty,30.0,2.0
Subject376,60,0.8625396825396824,0.8666666666666667,0.8666666666666667,recorded,rf,4,4,2,120,2278,efc966c-dirty,30.0,2.0
Subject494,60,0.9475132275132275,0.95,0.95,recorded,rf,4,4,2,120,2278,efc966c-dirty,30.0,2.0
Subject731,30,0.9288888888888889,0.9333333333333333,0.9333333333333333,recorded,rf,4,4,2,120,2278,efc966c-dirty,30.0,2.0
Subject424,60,0.8164021164021165,0.85,0.85,new,rf,4,6,1,90,1853,efc966c-dirty,30.0,2.0
Subject455,60,0.7781684981684982,0.8166666666666667,0.8166666666666667,new,rf,4,6,1,90,1853,efc966c-dirty,30.0,2.0
Subject561,60,0.6617316017316017,0.7166666666666667,0.7166666666666667,new,rf,4,6,1,90,1853,efc966c-dirty,30.0,2.0
Subject571,30,0.8933333333333333,0.9,0.9,new,rf,4,6,1,90,1853,efc966c-dirty,30.0,2.0
Subject741,60,0.8609908609908611,0.8833333333333333,0.8833333333333333,new,rf,4,6,1,90,1853,efc966c-dirty,30.0,2.0
Subject819,60,0.7394901394901395,0.7666666666666667,0.7666666666666667,new,rf,4,6,1,90,1853,efc966c-dirty,30.0,2.0
Subject226,30,0.9644444444444444,0.9666666666666667,0.9666666666666667,recorded,rf,4,6,1,90,1853,efc966c-dirty,30.0,2.0
Subject352,30,0.9644444444444444,0.9666666666666667,0.9666666666666667,recorded,rf,4,6,1,90,1853,efc966c-dirty,30.0,2.0
Subject353,60,0.8833477633477632,0.8833333333333333,0.8833333333333333,recorded,rf,4,6,1,90,1853,efc966c-dirty,30.0,2.0
Subject376,60,0.8266341066341066,0.85,0.85,recorded,rf,4,6,1,90,1853,efc966c-dirty,30.0,2.0
Subject494,60,0.9223280423280423,0.9333333333333333,0.9333333333333333,recorded,rf,4,6,1,90,1853,efc966c-dirty,30.0,2.0
Subject731,30,0.8755555555555555,0.9,0.9,recorded,rf,4,6,1,90,1853,efc966c-dirty,30.0,2.0
Subject424,60,0.8164021164021165,0.85,0.85,new,rf,4,6,2,180,3749,efc966c-dirty,30.0,2.0
Subject455,60,0.8107744107744108,0.85,0.85,new,rf,4,6,2,180,3749,efc966c-dirty,30.0,2.0
Subject561,60,0.7251178451178452,0.7833333333333333,0.7833333333333333,new,rf,4,6,2,180,3749,efc966c-dirty,30.0,2.0
Subject571,30,0.8622222222222222,0.8666666666666667,0.8666666666666667,new,rf,4,6,2,180,3749,efc966c-dirty,30.0,2.0
Subject741,60,0.8086446886446887,0.8333333333333334,0.8333333333333334,new,rf,4,6,2,180,3749,efc966c-dirty,30.0,2.0
Subject819,60,0.8586243386243386,0.8833333333333333,0.8833333333333333,new,rf,4,6,2,180,3749,efc966c-dirty,30.0,2.0
Subject226,30,0.9333333333333332,0.9333333333333333,0.9333333333333333,recorded,rf,4,6,2,180,3749,efc966c-dirty,30.0,2.0
Subject352,30,1.0,1.0,1.0,recorded,rf,4,6,2,180,3749,efc966c-dirty,30.0,2.0
Subject353,60,0.8895959595959596,0.9,0.9,recorded,rf,4,6,2,180,3749,efc966c-dirty,30.0,2.0
Subject376,60,0.8625396825396824,0.8666666666666667,0.8666666666666667,recorded,rf,4,6,2,180,3749,efc966c-dirty,30.0,2.0
Subject494,60,0.9223280423280423,0.9333333333333333,0.9333333333333333,recorded,rf,4,6,2,180,3749,efc966c-dirty,30.0,2.0
Subject731,30,1.0,1.0,1.0,recorded,rf,4,6,2,180,3749,efc966c-dirty,30.0,2.0
Subject424,60,0.7994708994708994,0.8333333333333334,0.8333333333333334,new,rf,4,8,1,120,2413,efc966c-dirty,30.0,2.0
Subject455,60,0.8374410774410775,0.8666666666666667,0.8666666666666667,new,rf,4,8,1,120,2413,efc966c-dirty,30.0,2.0
Subject561,60,0.6718903318903319,0.7166666666666667,0.7166666666666667,new,rf,4,8,1,120,2413,efc966c-dirty,30.0,2.0
Subject571,30,0.8400000000000001,0.8666666666666667,0.8666666666666667,new,rf,4,8,1,120,2413,efc966c-dirty,30.0,2.0
Subject741,60,0.8855218855218855,0.8833333333333333,0.8833333333333333,new,rf,4,8,1,120,2413,efc966c-dirty,30.0,2.0
Subject819,60,0.8630687830687831,0.8833333333333333,0.8833333333333333,new,rf,4,8,1,120,2413,efc966c-dirty,30.0,2.0
Subject226,30,0.9644444444444444,0.9666666666666667,0.9666666666666667,recorded,rf,4,8,1,120,2413,efc966c-dirty,30.0,2.0
Subject352,30,0.9311111111111111,0.9333333333333333,0.9333333333333333,recorded,rf,4,8,1,120,2413,efc966c-dirty,30.0,2.0
Subject353,60,0.8456084656084656,0.85,0.85,recorded,rf,4,8,1,120,2413,efc966c-dirty,30.0,2.0
Subject354,60,0.962962962962963,0.9666666666666667,0.9666666666666667,recorded,rf,4,8,1,120,2413,efc966c-dirty,30.0,2.0
Subject376,60,0.8656084656084656,0.8833333333333333,0.8833333333333333,recorded,rf,4,8,1,120,2413,efc966c-dirty,30.0,2.0
Subject494,60,0.9316402116402116,0.9333333333333333,0.9333333333333333,recorded,rf,4,8,1,120,2413,efc966c-dirty,30.0,2.0
Subject731,30,0.9644444444444444,0.9666666666666667,0.9666666666666667,recorded,rf,4,8,1,120,2413,efc966c-dirty,30.0,2.0
Subject877,60,0.9492063492063493,0.95,0.95,recorded,rf,4,8,1,120,2413,efc966c-dirty,30.0,2.0
Subject424,60,0.8164021164021165,0.85,0.85,new,rf,4,8,2,240,4880,efc966c-dirty,30.0,2.0
Subject455,60,0.8522943722943722,0.8666666666666667,0.8666666666666667,new,rf,4,8,2,240,4880,efc966c-dirty,30.0,2.0
Subject561,60,0.7947474747474748,0.8333333333333334,0.8333333333333334,new,rf,4,8,2,240,4880,efc966c-dirty,30.0,2.0
Subject571,30,0.8444444444444444,0.8666666666666667,0.8666666666666667,new,rf,4,8,2,240,4880,efc966c-dirty,30.0,2.0
Subject741,60,0.8905820105820106,0.9,0.9,new,rf,4,8,2,240,4880,efc966c-dirty,30.0,2.0
Subject819,60,0.8571428571428571,0.8833333333333333,0.8833333333333333,new,rf,4,8,2,240,4880,efc966c-dirty,30.0,2.0
Subject226,30,0.9333333333333332,0.9333333333333333,0.9333333333333333,recorded,rf,4,8,2,240,4880,efc966c-dirty,30.0,2.0
Subject352,30,0.9644444444444444,0.9666666666666667,0.9666666666666667,recorded,rf,4,8,2,240,4880,efc966c-dirty,30.0,2.0
Subject353,60,0.8895959595959596,0.9,0.9,recorded,rf,4,8,2,240,4880,efc966c-dirty,30.0,2.0
Subject354,60,0.9506878306878309,0.95,0.95,recorded,rf,4,8,2,240,4880,efc966c-dirty,30.0,2.0
Subject376,60,0.8833477633477632,0.8833333333333333,0.8833333333333333,recorded,rf,4,8,2,240,4880,efc966c-dirty,30.0,2.0
Subject494,60,0.9392592592592592,0.95,0.95,recorded,rf,4,8,2,240,4880,efc966c-dirty,30.0,2.0
Subject731,30,1.0,1.0,1.0,recorded,rf,4,8,2,240,4880,efc966c-dirty,30.0,2.0
Subject877,60,0.9661375661375662,0.9666666666666667,0.9666666666666667,recorded,rf,4,8,2,240,4880,efc966c-dirty,30.0,2.0
Subject424,60,0.8333333333333334,0.8666666666666667,0.8666666666666667,new,rf,4,12,1,180,3695,efc966c-dirty,30.0,2.0
Subject455,60,0.8410774410774411,0.8666666666666667,0.8666666666666667,new,rf,4,12,1,180,3695,efc966c-dirty,30.0,2.0
Subject561,60,0.7166329966329966,0.7666666666666667,0.7666666666666667,new,rf,4,12,1,180,3695,efc966c-dirty,30.0,2.0
Subject571,30,0.8622222222222222,0.8666666666666667,0.8666666666666667,new,rf,4,12,1,180,3695,efc966c-dirty,30.0,2.0
Subject741,60,0.9497354497354498,0.95,0.95,new,rf,4,12,1,180,3695,efc966c-dirty,30.0,2.0
Subject819,60,0.8656084656084656,0.8833333333333333,0.8833333333333333,new,rf,4,12,1,180,3695,efc966c-dirty,30.0,2.0
Subject147,31,1.0,1.0,1.0,recorded,rf,4,12,1,180,3695,efc966c-dirty,30.0,2.0
Subject226,30,0.9288888888888889,0.9333333333333333,0.9333333333333333,recorded,rf,4,12,1,180,3695,efc966c-dirty,30.0,2.0
Subject352,30,0.9644444444444444,0.9666666666666667,0.9666666666666667,recorded,rf,4,12,1,180,3695,efc966c-dirty,30.0,2.0
Subject353,60,0.809129389129389,0.8166666666666667,0.8166666666666667,recorded,rf,4,12,1,180,3695,efc966c-dirty,30.0,2.0
Subject354,60,0.9661375661375662,0.9666666666666667,0.9666666666666667,recorded,rf,4,12,1,180,3695,efc966c-dirty,30.0,2.0
Subject376,60,0.8186243386243387,0.85,0.85,recorded,rf,4,12,1,180,3695,efc966c-dirty,30.0,2.0
Subject494,60,0.8922751322751323,0.9,0.9,recorded,rf,4,12,1,180,3695,efc966c-dirty,30.0,2.0
Subject611,60,0.9305820105820106,0.9333333333333333,0.9333333333333333,recorded,rf,4,12,1,180,3695,efc966c-dirty,30.0,2.0
Subject731,30,1.0,1.0,1.0,recorded,rf,4,12,1,180,3695,efc966c-dirty,30.0,2.0
Subject867,60,0.9141798941798942,0.9166666666666666,0.9166666666666666,recorded,rf,4,12,1,180,3695,efc966c-dirty,30.0,2.0
Subject877,60,0.9830687830687831,0.9833333333333333,0.9833333333333333,recorded,rf,4,12,1,180,3695,efc966c-dirty,30.0,2.0
Subject969,30,0.8800000000000001,0.9,0.9,recorded,rf,4,12,1,180,3695,efc966c-dirty,30.0,2.0
Subject424,60,0.8333333333333334,0.8666666666666667,0.8666666666666667,new,rf,4,12,2,360,7439,efc966c-dirty,30.0,2.0
Subject455,60,0.8785185185185185,0.9,0.9,new,rf,4,12,2,360,7439,efc966c-dirty,30.0,2.0
Subject561,60,0.8173737373737374,0.85,0.85,new,rf,4,12,2,360,7439,efc966c-dirty,30.0,2.0
Subject571,30,0.9288888888888889,0.9333333333333333,0.9333333333333333,new,rf,4,12,2,360,7439,efc966c-dirty,30.0,2.0
Subject741,60,0.9342857142857144,0.9333333333333333,0.9333333333333333,new,rf,4,12,2,360,7439,efc966c-dirty,30.0,2.0
Subject819,60,0.8656084656084656,0.8833333333333333,0.8833333333333333,new,rf,4,12,2,360,7439,efc966c-dirty,30.0,2.0
Subject147,31,0.9644444444444444,0.9666666666666667,0.967741935483871,recorded,rf,4,12,2,360,7439,efc966c-dirty,30.0,2.0
Subject226,30,0.9644444444444444,0.9666666666666667,0.9666666666666667,recorded,rf,4,12,2,360,7439,efc966c-dirty,30.0,2.0
Subject352,30,0.8755555555555555,0.9,0.9,recorded,rf,4,12,2,360,7439,efc966c-dirty,30.0,2.0
Subject353,60,0.8607215007215008,0.8666666666666667,0.8666666666666667,recorded,rf,4,12,2,360,7439,efc966c-dirty,30.0,2.0
Subject354,60,0.9661375661375662,0.9666666666666667,0.9666666666666667,recorded,rf,4,12,2,360,7439,efc966c-dirty,30.0,2.0
Subject376,60,0.8980952380952381,0.9,0.9,recorded,rf,4,12,2,360,7439,efc966c-dirty,30.0,2.0
Subject494,60,0.9392592592592592,0.95,0.95,recorded,rf,4,12,2,360,7439,efc966c-dirty,30.0,2.0
Subject611,60,0.910918710918711,0.9166666666666666,0.9166666666666666,recorded,rf,4,12,2,360,7439,efc966c-dirty,30.0,2.0
Subject731,30,1.0,1.0,1.0,recorded,rf,4,12,2,360,7439,efc966c-dirty,30.0,2.0
Subject867,60,0.9141798941798942,0.9166666666666666,0.9166666666666666,recorded,rf,4,12,2,360,7439,efc966c-dirty,30.0,2.0
Subject877,60,0.9830687830687831,0.9833333333333333,0.9833333333333333,recorded,rf,4,12,2,360,7439,efc966c-dirty,30.0,2.0
Subject969,30,0.9111111111111111,0.9333333333333333,0.9333333333333333,recorded,rf,4,12,2,360,7439,efc966c-dirty,30.0,2.0
Subject424,60,0.8164021164021165,0.85,0.85,new,rf,4,16,1,240,4933,efc966c-dirty,30.0,2.0
Subject455,60,0.8630687830687831,0.8833333333333333,0.8833333333333333,new,rf,4,16,1,240,4933,efc966c-dirty,30.0,2.0
Subject561,60,0.7517652717652719,0.7833333333333333,0.7833333333333333,new,rf,4,16,1,240,4933,efc966c-dirty,30.0,2.0
Subject571,30,0.8977777777777777,0.9,0.9,new,rf,4,16,1,240,4933,efc966c-dirty,30.0,2.0
Subject741,60,0.8986772486772486,0.9,0.9,new,rf,4,16,1,240,4933,efc966c-dirty,30.0,2.0
Subject819,60,0.8489417989417988,0.8666666666666667,0.8666666666666667,new,rf,4,16,1,240,4933,efc966c-dirty,30.0,2.0
Subject139,60,0.9644444444444444,0.9666666666666667,0.9666666666666667,recorded,rf,4,16,1,240,4933,efc966c-dirty,30.0,2.0
Subject147,31,1.0,1.0,1.0,recorded,rf,4,16,1,240,4933,efc966c-dirty,30.0,2.0
Subject226,30,0.8444444444444443,0.8666666666666667,0.8666666666666667,recorded,rf,4,16,1,240,4933,efc966c-dirty,30.0,2.0
Subject352,30,0.9288888888888889,0.9333333333333333,0.9333333333333333,recorded,rf,4,16,1,240,4933,efc966c-dirty,30.0,2.0
Subject353,60,0.8836363636363636,0.9,0.9,recorded,rf,4,16,1,240,4933,efc966c-dirty,30.0,2.0
Subject354,60,0.9492063492063493,0.95,0.95,recorded,rf,4,16,1,240,4933,efc966c-dirty,30.0,2.0
Subject376,60,0.8812372812372813,0.9,0.9,recorded,rf,4,16,1,240,4933,efc966c-dirty,30.0,2.0
Subject494,60,0.9333333333333333,0.9333333333333333,0.9333333333333333,recorded,rf,4,16,1,240,4933,efc966c-dirty,30.0,2.0
Subject580,90,0.898166278166278,0.8999999999999999,0.9,recorded,rf,4,16,1,240,4933,efc966c-dirty,30.0,2.0
Subject611,60,0.9661375661375663,0.9666666666666667,0.9666666666666667,recorded,rf,4,16,1,240,4933,efc966c-dirty,30.0,2.0
Subject729,60,1.0,1.0,1.0,recorded,rf,4,16,1,240,4933,efc966c-dirty,30.0,2.0
Subject731,30,0.9644444444444444,0.9666666666666667,0.9666666666666667,recorded,rf,4,16,1,240,4933,efc966c-dirty,30.0,2.0
Subject867,60,0.9316402116402116,0.9333333333333333,0.9333333333333333,recorded,rf,4,16,1,240,4933,efc966c-dirty,30.0,2.0
Subject877,60,1.0,1.0,1.0,recorded,rf,4,16,1,240,4933,efc966c-dirty,30.0,2.0
Subject890,30,0.8222222222222222,0.8666666666666667,0.8666666666666667,recorded,rf,4,16,1,240,4933,efc966c-dirty,30.0,2.0
Subject969,30,0.8533333333333334,0.8666666666666667,0.8666666666666667,recorded,rf,4,16,1,240,4933,efc966c-dirty,30.0,2.0
Subject424,60,0.8186243386243387,0.85,0.85,new,rf,4,16,2,480,9911,efc966c-dirty,30.0,2.0
Subject455,60,0.9096296296296297,0.9166666666666666,0.9166666666666666,new,rf,4,16,2,480,9911,efc966c-dirty,30.0,2.0
Subject561,60,0.803001443001443,0.8333333333333334,0.8333333333333334,new,rf,4,16,2,480,9911,efc966c-dirty,30.0,2.0
Subject571,30,0.9333333333333332,0.9333333333333333,0.9333333333333333,new,rf,4,16,2,480,9911,efc966c-dirty,30.0,2.0
Subject741,60,0.9153439153439155,0.9166666666666666,0.9166666666666666,new,rf,4,16,2,480,9911,efc966c-dirty,30.0,2.0
Subject819,60,0.8489417989417988,0.8666666666666667,0.8666666666666667,new,rf,4,16,2,480,9911,efc966c-dirty,30.0,2.0
Subject139,60,0.9644444444444444,0.9666666666666667,0.9666666666666667,recorded,rf,4,16,2,480,9911,efc966c-dirty,30.0,2.0
Subject147,31,0.9644444444444444,0.9666666666666667,0.967741935483871,recorded,rf,4,16,2,480,9911,efc966c-dirty,30.0,2.0
Subject226,30,0.9644444444444444,0.9666666666666667,0.9666666666666667,recorded,rf,4,16,2,480,9911,efc966c-dirty,30.0,2.0
Subject352,30,0.8755555555555555,0.9,0.9,recorded,rf,4,16,2,480,9911,efc966c-dirty,30.0,2.0
Subject353,60,0.9062626262626262,0.9166666666666666,0.9166666666666666,recorded,rf,4,16,2,480,9911,efc966c-dirty,30.0,2.0
Subject354,60,0.8941798941798942,0.9166666666666666,0.9166666666666666,recorded,rf,4,16,2,480,9911,efc966c-dirty,30.0,2.0
Subject376,60,0.9189033189033188,0.9166666666666666,0.9166666666666666,recorded,rf,4,16,2,480,9911,efc966c-dirty,30.0,2.0
Subject494,60,0.9644444444444444,0.9666666666666667,0.9666666666666667,recorded,rf,4,16,2,480,9911,efc966c-dirty,30.0,2.0
Subject580,90,0.9292307692307694,0.9333333333333333,0.9333333333333333,recorded,rf,4,16,2,480,9911,efc966c-dirty,30.0,2.0
Subject611,60,0.9830687830687831,0.9833333333333333,0.9833333333333333,recorded,rf,4,16,2,480,9911,efc966c-dirty,30.0,2.0
Subject729,60,0.9830687830687831,0.9833333333333333,0.9833333333333333,recorded,rf,4,16,2,480,9911,efc966c-dirty,30.0,2.0
Subject731,30,1.0,1.0,1.0,recorded,rf,4,16,2,480,9911,efc966c-dirty,30.0,2.0
Subject867,60,0.9096296296296296,0.9166666666666666,0.9166666666666666,recorded,rf,4,16,2,480,9911,efc966c-dirty,30.0,2.0
Subject877,60,1.0,1.0,1.0,recorded,rf,4,16,2,480,9911,efc966c-dirty,30.0,2.0
Subject890,30,1.0,1.0,1.0,recorded,rf,4,16,2,480,9911,efc966c-dirty,30.0,2.0
Subject969,30,0.8825396825396825,0.9,0.9,recorded,rf,4,16,2,480,9911,efc966c-dirty,30.0,2.0
Subject424,60,0.8164021164021165,0.85,0.85,new,rf,4,17,1,255,5216,efc966c-dirty,30.0,2.0
Subject455,60,0.8786916786916787,0.9,0.9,new,rf,4,17,1,255,5216,efc966c-dirty,30.0,2.0
Subject561,60,0.7517652717652719,0.7833333333333333,0.7833333333333333,new,rf,4,17,1,255,5216,efc966c-dirty,30.0,2.0
Subject571,30,0.8977777777777777,0.9,0.9,new,rf,4,17,1,255,5216,efc966c-dirty,30.0,2.0
Subject741,60,0.8749206349206349,0.8833333333333333,0.8833333333333333,new,rf,4,17,1,255,5216,efc966c-dirty,30.0,2.0
Subject819,60,0.8489417989417988,0.8666666666666667,0.8666666666666667,new,rf,4,17,1,255,5216,efc966c-dirty,30.0,2.0
Subject139,60,0.924886964886965,0.9333333333333333,0.9333333333333333,recorded,rf,4,17,1,255,5216,efc966c-dirty,30.0,2.0
Subject147,31,0.9644444444444444,0.9666666666666667,0.967741935483871,recorded,rf,4,17,1,255,5216,efc966c-dirty,30.0,2.0
Subject226,30,0.8755555555555555,0.9,0.9,recorded,rf,4,17,1,255,5216,efc966c-dirty,30.0,2.0
Subject352,30,0.8955555555555554,0.9,0.9,recorded,rf,4,17,1,255,5216,efc966c-dirty,30.0,2.0
Subject353,60,0.8121885521885521,0.8333333333333334,0.8333333333333334,recorded,rf,4,17,1,255,5216,efc966c-dirty,30.0,2.0
Subject354,60,0.9492063492063493,0.95,0.95,recorded,rf,4,17,1,255,5216,efc966c-dirty,30.0,2.0
Subject376,60,0.8825396825396825,0.9,0.9,recorded,rf,4,17,1,255,5216,efc966c-dirty,30.0,2.0
Subject494,60,0.8753439153439154,0.8833333333333333,0.8833333333333333,recorded,rf,4,17,1,255,5216,efc966c-dirty,30.0,2.0
Subject516,30,0.9288888888888889,0.9333333333333333,0.9333333333333333,recorded,rf,4,17,1,255,5216,efc966c-dirty,30.0,2.0
Subject580,90,0.8766951566951567,0.8888888888888888,0.8888888888888888,recorded,rf,4,17,1,255,5216,efc966c-dirty,30.0,2.0
Subject611,60,0.9661375661375663,0.9666666666666667,0.9666666666666667,recorded,rf,4,17,1,255,5216,efc966c-dirty,30.0,2.0
Subject729,60,1.0,1.0,1.0,recorded,rf,4,17,1,255,5216,efc966c-dirty,30.0,2.0
Subject731,30,1.0,1.0,1.0,recorded,rf,4,17,1,255,5216,efc966c-dirty,30.0,2.0
Subject867,60,0.8926984126984128,0.9,0.9,recorded,rf,4,17,1,255,5216,efc966c-dirty,30.0,2.0
Subject877,60,1.0,1.0,1.0,recorded,rf,4,17,1,255,5216,efc966c-dirty,30.0,2.0
Subject890,30,0.8755555555555555,0.9,0.9,recorded,rf,4,17,1,255,5216,efc966c-dirty,30.0,2.0
Subject969,30,0.8533333333333334,0.8666666666666667,0.8666666666666667,recorded,rf,4,17,1,255,5216,efc966c-dirty,30.0,2.0
Subject424,60,0.8186243386243387,0.85,0.85,new,rf,4,17,2,510,10463,efc966c-dirty,30.0,2.0
Subject455,60,0.9096296296296297,0.9166666666666666,0.9166666666666666,new,rf,4,17,2,510,10463,efc966c-dirty,30.0,2.0
Subject561,60,0.8173737373737374,0.85,0.85,new,rf,4,17,2,510,10463,efc966c-dirty,30.0,2.0
Subject571,30,0.9333333333333332,0.9333333333333333,0.9333333333333333,new,rf,4,17,2,510,10463,efc966c-dirty,30.0,2.0
Subject741,60,0.911957671957672,0.9166666666666666,0.9166666666666666,new,rf,4,17,2,510,10463,efc966c-dirty,30.0,2.0
Subject819,60,0.8941798941798942,0.9166666666666666,0.9166666666666666,new,rf,4,17,2,510,10463,efc966c-dirty,30.0,2.0
Subject139,60,0.9661375661375663,0.9666666666666667,0.9666666666666667,recorded,rf,4,17,2,510,10463,efc966c-dirty,30.0,2.0
Subject147,31,0.9644444444444444,0.9666666666666667,0.967741935483871,recorded,rf,4,17,2,510,10463,efc966c-dirty,30.0,2.0
Subject226,30,0.9333333333333332,0.9333333333333333,0.9333333333333333,recorded,rf,4,17,2,510,10463,efc966c-dirty,30.0,2.0
Subject352,30,0.8755555555555555,0.9,0.9,recorded,rf,4,17,2,510,10463,efc966c-dirty,30.0,2.0
Subject353,60,0.8762626262626262,0.8833333333333333,0.8833333333333333,recorded,rf,4,17,2,510,10463,efc966c-dirty,30.0,2.0
Subject354,60,0.9062626262626262,0.9166666666666666,0.9166666666666666,recorded,rf,4,17,2,510,10463,efc966c-dirty,30.0,2.0
Subject376,60,0.8830687830687831,0.8833333333333333,0.8833333333333333,recorded,rf,4,17,2,510,10463,efc966c-dirty,30.0,2.0
Subject494,60,0.9418181818181818,0.95,0.95,recorded,rf,4,17,2,510,10463,efc966c-dirty,30.0,2.0
Subject516,30,0.9644444444444444,0.9666666666666667,0.9666666666666667,recorded,rf,4,17,2,510,10463,efc966c-dirty,30.0,2.0
Subject580,90,0.9290798090798091,0.9333333333333333,0.9333333333333333,recorded,rf,4,17,2,510,10463,efc966c-dirty,30.0,2.0
Subject611,60,0.9830687830687831,0.9833333333333333,0.9833333333333333,recorded,rf,4,17,2,510,10463,efc966c-dirty,30.0,2.0
Subject729,60,1.0,1.0,1.0,recorded,rf,4,17,2,510,10463,efc966c-dirty,30.0,2.0
Subject731,30,0.9644444444444444,0.9666666666666667,0.9666666666666667,recorded,rf,4,17,2,510,10463,efc966c-dirty,30.0,2.0
Subject867,60,0.9096296296296296,0.9166666666666666,0.9166666666666666,recorded,rf,4,17,2,510,10463,efc966c-dirty,30.0,2.0
Subject877,60,1.0,1.0,1.0,recorded,rf,4,17,2,510,10463,efc966c-dirty,30.0,2.0
Subject890,30,1.0,1.0,1.0,recorded,rf,4,17,2,510,10463,efc966c-dirty,30.0,2.0
Subject969,30,0.8825396825396825,0.9,0.9,recorded,rf,4,17,2,510,10463,efc966c-dirty,30.0,2.0
Subject226,30,0.5533333333333332,0.6,0.6,new,rf,5,2,1,30,740,efc966c-dirty,30.0,2.0
Subject424,60,0.49222222222222217,0.55,0.55,new,rf,5,2,1,30,740,efc966c-dirty,30.0,2.0
Subject580,90,0.634063159063159,0.6444444444444444,0.6444444444444445,new,rf,5,2,1,30,740,efc966c-dirty,30.0,2.0
Subject819,60,0.722930402930403,0.75,0.75,new,rf,5,2,1,30,740,efc966c-dirty,30.0,2.0
Subject877,60,0.7172486772486774,0.7333333333333333,0.7333333333333333,new,rf,5,2,1,30,740,efc966c-dirty,30.0,2.0
Subject890,30,0.5425396825396825,0.6333333333333333,0.6333333333333333,new,rf,5,2,1,30,740,efc966c-dirty,30.0,2.0
Subject352,30,0.9644444444444444,0.9666666666666667,0.9666666666666667,recorded,rf,5,2,1,30,740,efc966c-dirty,30.0,2.0
Subject731,30,0.846984126984127,0.8666666666666667,0.8666666666666667,recorded,rf,5,2,1,30,740,efc966c-dirty,30.0,2.0
Subject226,30,0.5469841269841269,0.6,0.6,new,rf,5,2,2,60,1511,efc966c-dirty,30.0,2.0
Subject424,60,0.44499278499278494,0.5,0.5,new,rf,5,2,2,60,1511,efc966c-dirty,30.0,2.0
Subject580,90,0.7856624421330304,0.8222222222222223,0.8222222222222222,new,rf,5,2,2,60,1511,efc966c-dirty,30.0,2.0
Subject819,60,0.8004425204425204,0.8333333333333334,0.8333333333333334,new,rf,5,2,2,60,1511,efc966c-dirty,30.0,2.0
Subject877,60,0.7066341066341066,0.75,0.75,new,rf,5,2,2,60,1511,efc966c-dirty,30.0,2.0
Subject890,30,0.47587301587301584,0.5666666666666667,0.5666666666666667,new,rf,5,2,2,60,1511,efc966c-dirty,30.0,2.0
Subject352,30,0.9644444444444444,0.9666666666666667,0.9666666666666667,recorded,rf,5,2,2,60,1511,efc966c-dirty,30.0,2.0
Subject731,30,0.9644444444444444,0.9666666666666667,0.9666666666666667,recorded,rf,5,2,2,60,1511,efc966c-dirty,30.0,2.0
Subject226,30,0.5866666666666667,0.6333333333333333,0.6333333333333333,new,rf,5,4,1,60,1434,efc966c-dirty,30.0,2.0
Subject424,60,0.4094709968394179,0.48333333333333334,0.48333333333333334,new,rf,5,4,1,60,1434,efc966c-dirty,30.0,2.0
Subject580,90,0.7408748223454107,0.7555555555555556,0.7555555555555555,new,rf,5,4,1,60,1434,efc966c-dirty,30.0,2.0
Subject819,60,0.924886964886965,0.9333333333333333,0.9333333333333333,new,rf,5,4,1,60,1434,efc966c-dirty,30.0,2.0
Subject877,60,0.871957671957672,0.8666666666666667,0.8666666666666667,new,rf,5,4,1,60,1434,efc966c-dirty,30.0,2.0
Subject890,30,0.5955555555555556,0.6666666666666666,0.6666666666666666,new,rf,5,4,1,60,1434,efc966c-dirty,30.0,2.0
Subject139,60,0.911957671957672,0.9166666666666666,0.9166666666666666,recorded,rf,5,4,1,60,1434,efc966c-dirty,30.0,2.0
Subject352,30,1.0,1.0,1.0,recorded,rf,5,4,1,60,1434,efc966c-dirty,30.0,2.0
Subject729,60,0.9830687830687831,0.9833333333333333,0.9833333333333333,recorded,rf,5,4,1,60,1434,efc966c-dirty,30.0,2.0
Subject731,30,0.846984126984127,0.8666666666666667,0.8666666666666667,recorded,rf,5,4,1,60,1434,efc966c-dirty,30.0,2.0
Subject226,30,0.5755555555555555,0.6333333333333333,0.6333333333333333,new,rf,5,4,2,120,2894,efc966c-dirty,30.0,2.0
Subject424,60,0.4572828298915256,0.5166666666666667,0.5166666666666667,new,rf,5,4,2,120,2894,efc966c-dirty,30.0,2.0
Subject580,90,0.7988650238650237,0.8111111111111112,0.8111111111111111,new,rf,5,4,2,120,2894,efc966c-dirty,30.0,2.0
Subject819,60,0.8503703703703704,0.8833333333333333,0.8833333333333333,new,rf,5,4,2,120,2894,efc966c-dirty,30.0,2.0
Subject877,60,0.8772486772486772,0.9,0.9,new,rf,5,4,2,120,2894,efc966c-dirty,30.0,2.0
Subject890,30,0.5451851851851851,0.6333333333333333,0.6333333333333333,new,rf,5,4,2,120,2894,efc966c-dirty,30.0,2.0
Subject139,60,0.9418181818181818,0.95,0.95,recorded,rf,5,4,2,120,2894,efc966c-dirty,30.0,2.0
Subject352,30,0.9644444444444444,0.9666666666666667,0.9666666666666667,recorded,rf,5,4,2,120,2894,efc966c-dirty,30.0,2.0
Subject729,60,1.0,1.0,1.0,recorded,rf,5,4,2,120,2894,efc966c-dirty,30.0,2.0
Subject731,30,0.9288888888888889,0.9333333333333333,0.9333333333333333,recorded,rf,5,4,2,120,2894,efc966c-dirty,30.0,2.0
Subject226,30,0.6958730158730159,0.7333333333333333,0.7333333333333333,new,rf,5,6,1,90,2110,efc966c-dirty,30.0,2.0
Subject424,60,0.5660211133895344,0.6166666666666667,0.6166666666666667,new,rf,5,6,1,90,2110,efc966c-dirty,30.0,2.0
Subject580,90,0.7397247197247196,0.7555555555555556,0.7555555555555555,new,rf,5,6,1,90,2110,efc966c-dirty,30.0,2.0
Subject819,60,0.9322751322751323,0.9333333333333333,0.9333333333333333,new,rf,5,6,1,90,2110,efc966c-dirty,30.0,2.0
Subject877,60,0.9325396825396826,0.9333333333333333,0.9333333333333333,new,rf,5,6,1,90,2110,efc966c-dirty,30.0,2.0
Subject890,30,0.6977777777777778,0.7666666666666667,0.7666666666666667,new,rf,5,6,1,90,2110,efc966c-dirty,30.0,2.0
Subject139,60,0.9418181818181818,0.95,0.95,recorded,rf,5,6,1,90,2110,efc966c-dirty,30.0,2.0
Subject147,31,0.8955555555555555,0.9,0.9032258064516129,recorded,rf,5,6,1,90,2110,efc966c-dirty,30.0,2.0
Subject352,30,0.9288888888888889,0.9333333333333333,0.9333333333333333,recorded,rf,5,6,1,90,2110,efc966c-dirty,30.0,2.0
Subject571,30,0.8222222222222222,0.8666666666666667,0.8666666666666667,recorded,rf,5,6,1,90,2110,efc966c-dirty,30.0,2.0
Subject729,60,1.0,1.0,1.0,recorded,rf,5,6,1,90,2110,efc966c-dirty,30.0,2.0
Subject731,30,0.8844444444444444,0.9,0.9,recorded,rf,5,6,1,90,2110,efc966c-dirty,30.0,2.0
Subject226,30,0.62,0.6666666666666666,0.6666666666666666,new,rf,5,6,2,180,4235,efc966c-dirty,30.0,2.0
Subject424,60,0.6349206349206349,0.6666666666666666,0.6666666666666666,new,rf,5,6,2,180,4235,efc966c-dirty,30.0,2.0
Subject580,90,0.7677892042597924,0.8,0.8,new,rf,5,6,2,180,4235,efc966c-dirty,30.0,2.0
Subject819,60,0.8484848484848485,0.8833333333333333,0.8833333333333333,new,rf,5,6,2,180,4235,efc966c-dirty,30.0,2.0
Subject877,60,0.9475132275132275,0.95,0.95,new,rf,5,6,2,180,4235,efc966c-dirty,30.0,2.0
Subject890,30,0.6692063492063492,0.7333333333333333,0.7333333333333333,new,rf,5,6,2,180,4235,efc966c-dirty,30.0,2.0
Subject139,60,0.924886964886965,0.9333333333333333,0.9333333333333333,recorded,rf,5,6,2,180,4235,efc966c-dirty,30.0,2.0
Subject147,31,0.8688888888888889,0.8777777777777778,0.8709677419354839,recorded,rf,5,6,2,180,4235,efc966c-dirty,30.0,2.0
Subject352,30,0.9644444444444444,0.9666666666666667,0.9666666666666667,recorded,rf,5,6,2,180,4235,efc966c-dirty,30.0,2.0
Subject571,30,0.9644444444444444,0.9666666666666667,0.9666666666666667,recorded,rf,5,6,2,180,4235,efc966c-dirty,30.0,2.0
Subject729,60,1.0,1.0,1.0,recorded,rf,5,6,2,180,4235,efc966c-dirty,30.0,2.0
Subject731,30,1.0,1.0,1.0,recorded,rf,5,6,2,180,4235,efc966c-dirty,30.0,2.0
Subject226,30,0.6847619047619047,0.7333333333333333,0.7333333333333333,new,rf,5,8,1,120,2699,efc966c-dirty,30.0,2.0
Subject424,60,0.6199968876439466,0.6833333333333333,0.6833333333333333,new,rf,5,8,1,120,2699,efc966c-dirty,30.0,2.0
Subject580,90,0.7814996114996114,0.7888888888888891,0.7888888888888889,new,rf,5,8,1,120,2699,efc966c-dirty,30.0,2.0
Subject819,60,0.878994708994709,0.9,0.9,new,rf,5,8,1,120,2699,efc966c-dirty,30.0,2.0
Subject877,60,0.907955747955748,0.9166666666666666,0.9166666666666666,new,rf,5,8,1,120,2699,efc966c-dirty,30.0,2.0
Subject890,30,0.7066666666666667,0.7666666666666667,0.7666666666666667,new,rf,5,8,1,120,2699,efc966c-dirty,30.0,2.0
Subject139,60,0.9644444444444444,0.9666666666666667,0.9666666666666667,recorded,rf,5,8,1,120,2699,efc966c-dirty,30.0,2.0
Subject147,31,0.8955555555555555,0.9,0.9032258064516129,recorded,rf,5,8,1,120,2699,efc966c-dirty,30.0,2.0
Subject352,30,0.9288888888888889,0.9333333333333333,0.9333333333333333,recorded,rf,5,8,1,120,2699,efc966c-dirty,30.0,2.0
Subject353,60,0.8540404040404042,0.8666666666666667,0.8666666666666667,recorded,rf,5,8,1,120,2699,efc966c-dirty,30.0,2.0
Subject516,30,0.9644444444444444,0.9666666666666667,0.9666666666666667,recorded,rf,5,8,1,120,2699,efc966c-dirty,30.0,2.0
Subject571,30,0.8222222222222222,0.8666666666666667,0.8666666666666667,recorded,rf,5,8,1,120,2699,efc966c-dirty,30.0,2.0
Subject729,60,1.0,1.0,1.0,recorded,rf,5,8,1,120,2699,efc966c-dirty,30.0,2.0
Subject731,30,0.9311111111111111,0.9333333333333333,0.9333333333333333,recorded,rf,5,8,1,120,2699,efc966c-dirty,30.0,2.0
Subject226,30,0.6511111111111111,0.7333333333333333,0.7333333333333333,new,rf,5,8,2,240,5467,efc966c-dirty,30.0,2.0
Subject424,60,0.6912169312169313,0.7333333333333333,0.7333333333333333,new,rf,5,8,2,240,5467,efc966c-dirty,30.0,2.0
Subject580,90,0.8399762810289125,0.8444444444444446,0.8444444444444444,new,rf,5,8,2,240,5467,efc966c-dirty,30.0,2.0
Subject819,60,0.847003367003367,0.8833333333333333,0.8833333333333333,new,rf,5,8,2,240,5467,efc966c-dirty,30.0,2.0
Subject877,60,0.9475132275132275,0.95,0.95,new,rf,5,8,2,240,5467,efc966c-dirty,30.0,2.0
Subject890,30,0.84,0.8666666666666667,0.8666666666666667,new,rf,5,8,2,240,5467,efc966c-dirty,30.0,2.0
Subject139,60,0.9062626262626262,0.9166666666666666,0.9166666666666666,recorded,rf,5,8,2,240,5467,efc966c-dirty,30.0,2.0
Subject147,31,0.9377777777777779,0.9444444444444444,0.9354838709677419,recorded,rf,5,8,2,240,5467,efc966c-dirty,30.0,2.0
Subject352,30,0.9111111111111111,0.9333333333333333,0.9333333333333333,recorded,rf,5,8,2,240,5467,efc966c-dirty,30.0,2.0
Subject353,60,0.8895959595959596,0.9,0.9,recorded,rf,5,8,2,240,5467,efc966c-dirty,30.0,2.0
Subject516,30,0.8399999999999999,0.8666666666666667,0.8666666666666667,recorded,rf,5,8,2,240,5467,efc966c-dirty,30.0,2.0
Subject571,30,0.9644444444444444,0.9666666666666667,0.9666666666666667,recorded,rf,5,8,2,240,5467,efc966c-dirty,30.0,2.0
Subject729,60,1.0,1.0,1.0,recorded,rf,5,8,2,240,5467,efc966c-dirty,30.0,2.0
Subject731,30,1.0,1.0,1.0,recorded,rf,5,8,2,240,5467,efc966c-dirty,30.0,2.0
Subject226,30,0.7822222222222223,0.8333333333333334,0.8333333333333334,new,rf,5,12,1,180,3772,efc966c-dirty,30.0,2.0
Subject424,60,0.8131216931216932,0.8333333333333334,0.8333333333333334,new,rf,5,12,1,180,3772,efc966c-dirty,30.0,2.0
Subject580,90,0.8959662559662559,0.9000000000000001,0.9,new,rf,5,12,1,180,3772,efc966c-dirty,30.0,2.0
Subject819,60,0.9346560846560847,0.9333333333333333,0.9333333333333333,new,rf,5,12,1,180,3772,efc966c-dirty,30.0,2.0
Subject877,60,0.9830687830687831,0.9833333333333333,0.9833333333333333,new,rf,5,12,1,180,3772,efc966c-dirty,30.0,2.0
Subject890,30,0.8955555555555555,0.9,0.9,new,rf,5,12,1,180,3772,efc966c-dirty,30.0,2.0
Subject139,60,0.9475132275132275,0.95,0.95,recorded,rf,5,12,1,180,3772,efc966c-dirty,30.0,2.0
Subject147,31,0.9377777777777777,0.9444444444444444,0.9354838709677419,recorded,rf,5,12,1,180,3772,efc966c-dirty,30.0,2.0
Subject352,30,0.9288888888888889,0.9333333333333333,0.9333333333333333,recorded,rf,5,12,1,180,3772,efc966c-dirty,30.0,2.0
Subject353,60,0.8539549339549339,0.8666666666666667,0.8666666666666667,recorded,rf,5,12,1,180,3772,efc966c-dirty,30.0,2.0
Subject354,60,0.9305820105820106,0.9333333333333333,0.9333333333333333,recorded,rf,5,12,1,180,3772,efc966c-dirty,30.0,2.0
Subject494,60,0.924886964886965,0.9333333333333333,0.9333333333333333,recorded,rf,5,12,1,180,3772,efc966c-dirty,30.0,2.0
Subject516,30,0.9288888888888888,0.9333333333333333,0.9333333333333333,recorded,rf,5,12,1,180,3772,efc966c-dirty,30.0,2.0
Subject561,60,0.9418181818181818,0.95,0.95,recorded,rf,5,12,1,180,3772,efc966c-dirty,30.0,2.0
Subject571,30,0.9111111111111111,0.9333333333333333,0.9333333333333333,recorded,rf,5,12,1,180,3772,efc966c-dirty,30.0,2.0
Subject729,60,1.0,1.0,1.0,recorded,rf,5,12,1,180,3772,efc966c-dirty,30.0,2.0
Subject731,30,0.9311111111111111,0.9333333333333333,0.9333333333333333,recorded,rf,5,12,1,180,3772,efc966c-dirty,30.0,2.0
Subject741,60,0.8681481481481481,0.8833333333333333,0.8833333333333333,recorded,rf,5,12,1,180,3772,efc966c-dirty,30.0,2.0
Subject226,30,0.6603174603174602,0.7333333333333333,0.7333333333333333,new,rf,5,12,2,360,7603,efc966c-dirty,30.0,2.0
Subject424,60,0.8486772486772487,0.8666666666666667,0.8666666666666667,new,rf,5,12,2,360,7603,efc966c-dirty,30.0,2.0
Subject580,90,0.8605409405409407,0.8666666666666668,0.8666666666666667,new,rf,5,12,2,360,7603,efc966c-dirty,30.0,2.0
Subject819,60,0.9089947089947091,0.9166666666666666,0.9166666666666666,new,rf,5,12,2,360,7603,efc966c-dirty,30.0,2.0
Subject877,60,0.9830687830687831,0.9833333333333333,0.9833333333333333,new,rf,5,12,2,360,7603,efc966c-dirty,30.0,2.0
Subject890,30,0.9288888888888889,0.9333333333333333,0.9333333333333333,new,rf,5,12,2,360,7603,efc966c-dirty,30.0,2.0
Subject139,60,0.9062626262626262,0.9166666666666666,0.9166666666666666,recorded,rf,5,12,2,360,7603,efc966c-dirty,30.0,2.0
Subject147,31,0.9044444444444444,0.9111111111111111,0.9032258064516129,recorded,rf,5,12,2,360,7603,efc966c-dirty,30.0,2.0
Subject352,30,0.9111111111111111,0.9333333333333333,0.9333333333333333,recorded,rf,5,12,2,360,7603,efc966c-dirty,30.0,2.0
Subject353,60,0.8410774410774411,0.8666666666666667,0.8666666666666667,recorded,rf,5,12,2,360,7603,efc966c-dirty,30.0,2.0
Subject354,60,0.9830687830687831,0.9833333333333333,0.9833333333333333,recorded,rf,5,12,2,360,7603,efc966c-dirty,30.0,2.0
Subject494,60,0.9418181818181818,0.95,0.95,recorded,rf,5,12,2,360,7603,efc966c-dirty,30.0,2.0
Subject516,30,0.9288888888888888,0.9333333333333333,0.9333333333333333,recorded,rf,5,12,2,360,7603,efc966c-dirty,30.0,2.0
Subject561,60,1.0,1.0,1.0,recorded,rf,5,12,2,360,7603,efc966c-dirty,30.0,2.0
Subject571,30,0.9644444444444444,0.9666666666666667,0.9666666666666667,recorded,rf,5,12,2,360,7603,efc966c-dirty,30.0,2.0
Subject729,60,1.0,1.0,1.0,recorded,rf,5,12,2,360,7603,efc966c-dirty,30.0,2.0
Subject731,30,1.0,1.0,1.0,recorded,rf,5,12,2,360,7603,efc966c-dirty,30.0,2.0
Subject741,60,0.9125925925925925,0.9166666666666666,0.9166666666666666,recorded,rf,5,12,2,360,7603,efc966c-dirty,30.0,2.0
Subject226,30,0.7777777777777778,0.8333333333333334,0.8333333333333334,new,rf,5,16,1,240,5004,efc966c-dirty,30.0,2.0
Subject424,60,0.8300529100529102,0.85,0.85,new,rf,5,16,1,240,5004,efc966c-dirty,30.0,2.0
Subject580,90,0.9303984903984904,0.9333333333333333,0.9333333333333333,new,rf,5,16,1,240,5004,efc966c-dirty,30.0,2.0
Subject819,60,0.901972101972102,0.9,0.9,new,rf,5,16,1,240,5004,efc966c-dirty,30.0,2.0
Subject877,60,1.0,1.0,1.0,new,rf,5,16,1,240,5004,efc966c-dirty,30.0,2.0
Subject890,30,0.8977777777777778,0.9,0.9,new,rf,5,16,1,240,5004,efc966c-dirty,30.0,2.0
Subject139,60,0.911957671957672,0.9166666666666666,0.9166666666666666,recorded,rf,5,16,1,240,5004,efc966c-dirty,30.0,2.0
Subject147,31,0.9644444444444444,0.9666666666666667,0.967741935483871,recorded,rf,5,16,1,240,5004,efc966c-dirty,30.0,2.0
Subject352,30,0.8222222222222222,0.8666666666666667,0.8666666666666667,recorded,rf,5,16,1,240,5004,efc966c-dirty,30.0,2.0
Subject353,60,0.8114478114478114,0.8166666666666667,0.8166666666666667,recorded,rf,5,16,1,240,5004,efc966c-dirty,30.0,2.0
Subject354,60,0.9661375661375662,0.9666666666666667,0.9666666666666667,recorded,rf,5,16,1,240,5004,efc966c-dirty,30.0,2.0
Subject376,60,0.9008465608465609,0.9,0.9,recorded,rf,5,16,1,240,5004,efc966c-dirty,30.0,2.0
Subject494,60,0.924886964886965,0.9333333333333333,0.9333333333333333,recorded,rf,5,16,1,240,5004,efc966c-dirty,30.0,2.0
Subject516,30,0.9644444444444444,0.9666666666666667,0.9666666666666667,recorded,rf,5,16,1,240,5004,efc966c-dirty,30.0,2.0
Subject561,60,0.924886964886965,0.9333333333333333,0.9333333333333333,recorded,rf,5,16,1,240,5004,efc966c-dirty,30.0,2.0
Subject571,30,0.9111111111111111,0.9333333333333333,0.9333333333333333,recorded,rf,5,16,1,240,5004,efc966c-dirty,30.0,2.0
Subject611,60,0.9644444444444444,0.9666666666666667,0.9666666666666667,recorded,rf,5,16,1,240,5004,efc966c-dirty,30.0,2.0
Subject729,60,1.0,1.0,1.0,recorded,rf,5,16,1,240,5004,efc966c-dirty,30.0,2.0
Subject731,30,0.9644444444444444,0.9666666666666667,0.9666666666666667,recorded,rf,5,16,1,240,5004,efc966c-dirty,30.0,2.0
Subject741,60,0.894973544973545,0.9,0.9,recorded,rf,5,16,1,240,5004,efc966c-dirty,30.0,2.0
Subject867,60,0.8632996632996632,0.8833333333333333,0.8833333333333333,recorded,rf,5,16,1,240,5004,efc966c-dirty,30.0,2.0
Subject969,30,0.8488888888888889,0.8666666666666667,0.8666666666666667,recorded,rf,5,16,1,240,5004,efc966c-dirty,30.0,2.0
Subject226,30,0.7555555555555554,0.8,0.8,new,rf,5,16,2,480,10072,efc966c-dirty,30.0,2.0
Subject424,60,0.8486772486772487,0.8666666666666667,0.8666666666666667,new,rf,5,16,2,480,10072,efc966c-dirty,30.0,2.0
Subject580,90,0.8954778554778555,0.9,0.9,new,rf,5,16,2,480,10072,efc966c-dirty,30.0,2.0
Subject819,60,0.924886964886965,0.9333333333333333,0.9333333333333333,new,rf,5,16,2,480,10072,efc966c-dirty,30.0,2.0
Subject877,60,0.9830687830687831,0.9833333333333333,0.9833333333333333,new,rf,5,16,2,480,10072,efc966c-dirty,30.0,2.0
Subject890,30,0.8422222222222222,0.8666666666666667,0.8666666666666667,new,rf,5,16,2,480,10072,efc966c-dirty,30.0,2.0
Subject139,60,0.9644444444444444,0.9666666666666667,0.9666666666666667,recorded,rf,5,16,2,480,10072,efc966c-dirty,30.0,2.0
Subject147,31,0.9044444444444444,0.9111111111111111,0.9032258064516129,recorded,rf,5,16,2,480,10072,efc966c-dirty,30.0,2.0
Subject352,30,0.8755555555555555,0.9,0.9,recorded,rf,5,16,2,480,10072,efc966c-dirty,30.0,2.0
Subject353,60,0.8751515151515151,0.8833333333333333,0.8833333333333333,recorded,rf,5,16,2,480,10072,efc966c-dirty,30.0,2.0
Subject354,60,0.9475132275132275,0.95,0.95,recorded,rf,5,16,2,480,10072,efc966c-dirty,30.0,2.0
Subject376,60,0.8811640211640211,0.8833333333333333,0.8833333333333333,recorded,rf,5,16,2,480,10072,efc966c-dirty,30.0,2.0
Subject494,60,0.9418181818181818,0.95,0.95,recorded,rf,5,16,2,480,10072,efc966c-dirty,30.0,2.0
Subject516,30,0.9333333333333333,0.9333333333333333,0.9333333333333333,recorded,rf,5,16,2,480,10072,efc966c-dirty,30.0,2.0
Subject561,60,1.0,1.0,1.0,recorded,rf,5,16,2,480,10072,efc966c-dirty,30.0,2.0
Subject571,30,0.9644444444444444,0.9666666666666667,0.9666666666666667,recorded,rf,5,16,2,480,10072,efc966c-dirty,30.0,2.0
Subject611,60,0.9830687830687831,0.9833333333333333,0.9833333333333333,recorded,rf,5,16,2,480,10072,efc966c-dirty,30.0,2.0
Subject729,60,1.0,1.0,1.0,recorded,rf,5,16,2,480,10072,efc966c-dirty,30.0,2.0
Subject731,30,1.0,1.0,1.0,recorded,rf,5,16,2,480,10072,efc966c-dirty,30.0,2.0
Subject741,60,0.9288888888888888,0.9333333333333333,0.9333333333333333,recorded,rf,5,16,2,480,10072,efc966c-dirty,30.0,2.0
Subject867,60,0.8956228956228957,0.9166666666666666,0.9166666666666666,recorded,rf,5,16,2,480,10072,efc966c-dirty,30.0,2.0
Subject969,30,0.8755555555555555,0.9,0.9,recorded,rf,5,16,2,480,10072,efc966c-dirty,30.0,2.0
Subject226,30,0.7777777777777778,0.8333333333333334,0.8333333333333334,new,rf,5,17,1,255,5244,efc966c-dirty,30.0,2.0
Subject424,60,0.7862433862433863,0.8166666666666667,0.8166666666666667,new,rf,5,17,1,255,5244,efc966c-dirty,30.0,2.0
Subject580,90,0.9089044289044289,0.9111111111111111,0.9111111111111111,new,rf,5,17,1,255,5244,efc966c-dirty,30.0,2.0
Subject819,60,0.9183068783068784,0.9166666666666666,0.9166666666666666,new,rf,5,17,1,255,5244,efc966c-dirty,30.0,2.0
Subject877,60,1.0,1.0,1.0,new,rf,5,17,1,255,5244,efc966c-dirty,30.0,2.0
Subject890,30,0.8688888888888889,0.8666666666666667,0.8666666666666667,new,rf,5,17,1,255,5244,efc966c-dirty,30.0,2.0
Subject139,60,0.911957671957672,0.9166666666666666,0.9166666666666666,recorded,rf,5,17,1,255,5244,efc966c-dirty,30.0,2.0
Subject147,31,0.9644444444444444,0.9666666666666667,0.967741935483871,recorded,rf,5,17,1,255,5244,efc966c-dirty,30.0,2.0
Subject352,30,0.8222222222222222,0.8666666666666667,0.8666666666666667,recorded,rf,5,17,1,255,5244,efc966c-dirty,30.0,2.0
Subject353,60,0.8539549339549339,0.8666666666666667,0.8666666666666667,recorded,rf,5,17,1,255,5244,efc966c-dirty,30.0,2.0
Subject354,60,0.9661375661375662,0.9666666666666667,0.9666666666666667,recorded,rf,5,17,1,255,5244,efc966c-dirty,30.0,2.0
Subject376,60,0.9008465608465609,0.9,0.9,recorded,rf,5,17,1,255,5244,efc966c-dirty,30.0,2.0
Subject455,60,1.0,1.0,1.0,recorded,rf,5,17,1,255,5244,efc966c-dirty,30.0,2.0
Subject494,60,0.924886964886965,0.9333333333333333,0.9333333333333333,recorded,rf,5,17,1,255,5244,efc966c-dirty,30.0,2.0
Subject516,30,0.9644444444444444,0.9666666666666667,0.9666666666666667,recorded,rf,5,17,1,255,5244,efc966c-dirty,30.0,2.0
Subject561,60,0.9079557479557481,0.9166666666666666,0.9166666666666666,recorded,rf,5,17,1,255,5244,efc966c-dirty,30.0,2.0
Subject571,30,0.9111111111111111,0.9333333333333333,0.9333333333333333,recorded,rf,5,17,1,255,5244,efc966c-dirty,30.0,2.0
Subject611,60,0.9644444444444444,0.9666666666666667,0.9666666666666667,recorded,rf,5,17,1,255,5244,efc966c-dirty,30.0,2.0
Subject729,60,0.9661375661375662,0.9666666666666667,0.9666666666666667,recorded,rf,5,17,1,255,5244,efc966c-dirty,30.0,2.0
Subject731,30,0.9644444444444444,0.9666666666666667,0.9666666666666667,recorded,rf,5,17,1,255,5244,efc966c-dirty,30.0,2.0
Subject741,60,0.9255555555555557,0.9333333333333333,0.9333333333333333,recorded,rf,5,17,1,255,5244,efc966c-dirty,30.0,2.0
Subject867,60,0.8632996632996632,0.8833333333333333,0.8833333333333333,recorded,rf,5,17,1,255,5244,efc966c-dirty,30.0,2.0
Subject969,30,0.8800000000000001,0.9,0.9,recorded,rf,5,17,1,255,5244,efc966c-dirty,30.0,2.0
Subject226,30,0.8088888888888889,0.8333333333333334,0.8333333333333334,new,rf,5,17,2,510,10561,efc966c-dirty,30.0,2.0
Subject424,60,0.8300529100529099,0.85,0.85,new,rf,5,17,2,510,10561,efc966c-dirty,30.0,2.0
Subject580,90,0.9303984903984904,0.9333333333333333,0.9333333333333333,new,rf,5,17,2,510,10561,efc966c-dirty,30.0,2.0
Subject819,60,0.924886964886965,0.9333333333333333,0.9333333333333333,new,rf,5,17,2,510,10561,efc966c-dirty,30.0,2.0
Subject877,60,1.0,1.0,1.0,new,rf,5,17,2,510,10561,efc966c-dirty,30.0,2.0
Subject890,30,0.8955555555555555,0.9,0.9,new,rf,5,17,2,510,10561,efc966c-dirty,30.0,2.0
Subject139,60,0.9644444444444444,0.9666666666666667,0.9666666666666667,recorded,rf,5,17,2,510,10561,efc966c-dirty,30.0,2.0
Subject147,31,0.9377777777777779,0.9444444444444444,0.9354838709677419,recorded,rf,5,17,2,510,10561,efc966c-dirty,30.0,2.0
Subject352,30,0.8755555555555555,0.9,0.9,recorded,rf,5,17,2,510,10561,efc966c-dirty,30.0,2.0
Subject353,60,0.8751515151515151,0.8833333333333333,0.8833333333333333,recorded,rf,5,17,2,510,10561,efc966c-dirty,30.0,2.0
Subject354,60,0.9830687830687831,0.9833333333333333,0.9833333333333333,recorded,rf,5,17,2,510,10561,efc966c-dirty,30.0,2.0
Subject376,60,0.8625396825396824,0.8666666666666667,0.8666666666666667,recorded,rf,5,17,2,510,10561,efc966c-dirty,30.0,2.0
Subject455,60,1.0,1.0,1.0,recorded,rf,5,17,2,510,10561,efc966c-dirty,30.0,2.0
Subject494,60,0.9418181818181818,0.95,0.95,recorded,rf,5,17,2,510,10561,efc966c-dirty,30.0,2.0
Subject516,30,0.9333333333333333,0.9333333333333333,0.9333333333333333,recorded,rf,5,17,2,510,10561,efc966c-dirty,30.0,2.0
Subject561,60,1.0,1.0,1.0,recorded,rf,5,17,2,510,10561,efc966c-dirty,30.0,2.0
Subject571,30,1.0,1.0,1.0,recorded,rf,5,17,2,510,10561,efc966c-dirty,30.0,2.0
Subject611,60,0.9830687830687831,0.9833333333333333,0.9833333333333333,recorded,rf,5,17,2,510,10561,efc966c-dirty,30.0,2.0
Subject729,60,1.0,1.0,1.0,recorded,rf,5,17,2,510,10561,efc966c-dirty,30.0,2.0
Subject731,30,1.0,1.0,1.0,recorded,rf,5,17,2,510,10561,efc966c-dirty,30.0,2.0
Subject741,60,0.9248869648869648,0.9333333333333333,0.9333333333333333,recorded,rf,5,17,2,510,10561,efc966c-dirty,30.0,2.0
Subject867,60,0.8956228956228957,0.9166666666666666,0.9166666666666666,recorded,rf,5,17,2,510,10561,efc966c-dirty,30.0,2.0
Subject969,30,0.8755555555555555,0.9,0.9,recorded,rf,5,17,2,510,10561,efc966c-dirty,30.0,2.0
Subject424,60,0.6816931216931218,0.7333333333333333,0.7333333333333333,new,rf,6,2,1,30,502,efc966c-dirty,30.0,2.0
Subject455,60,0.8506878306878307,0.8666666666666667,0.8666666666666667,new,rf,6,2,1,30,502,efc966c-dirty,30.0,2.0
Subject571,30,0.7714285714285715,0.8,0.8,new,rf,6,2,1,30,502,efc966c-dirty,30.0,2.0
Subject819,60,0.5258608058608059,0.6,0.6,new,rf,6,2,1,30,502,efc966c-dirty,30.0,2.0
Subject877,60,0.9305820105820106,0.9333333333333333,0.9333333333333333,new,rf,6,2,1,30,502,efc966c-dirty,30.0,2.0
Subject890,30,0.6888888888888889,0.7333333333333333,0.7333333333333333,new,rf,6,2,1,30,502,efc966c-dirty,30.0,2.0
Subject354,60,0.8571428571428572,0.8833333333333333,0.8833333333333333,recorded,rf,6,2,1,30,502,efc966c-dirty,30.0,2.0
Subject580,90,0.8890542790542791,0.888888888888889,0.8888888888888888,recorded,rf,6,2,1,30,502,efc966c-dirty,30.0,2.0
Subject424,60,0.738912938912939,0.7666666666666667,0.7666666666666667,new,rf,6,2,2,60,993,efc966c-dirty,30.0,2.0
Subject455,60,0.8772486772486773,0.9,0.9,new,rf,6,2,2,60,993,efc966c-dirty,30.0,2.0
Subject571,30,0.7580952380952382,0.8,0.8,new,rf,6,2,2,60,993,efc966c-dirty,30.0,2.0
Subject819,60,0.6537625337625337,0.7166666666666667,0.7166666666666667,new,rf,6,2,2,60,993,efc966c-dirty,30.0,2.0
Subject877,60,0.9475132275132274,0.95,0.95,new,rf,6,2,2,60,993,efc966c-dirty,30.0,2.0
Subject890,30,0.62,0.7,0.7,new,rf,6,2,2,60,993,efc966c-dirty,30.0,2.0
Subject354,60,0.9111111111111111,0.9333333333333333,0.9333333333333333,recorded,rf,6,2,2,60,993,efc966c-dirty,30.0,2.0
Subject580,90,0.9132711732711732,0.9111111111111112,0.9111111111111111,recorded,rf,6,2,2,60,993,efc966c-dirty,30.0,2.0
Subject424,60,0.7088888888888889,0.7666666666666667,0.7666666666666667,new,rf,6,4,1,60,1094,efc966c-dirty,30.0,2.0
Subject455,60,0.8391534391534392,0.85,0.85,new,rf,6,4,1,60,1094,efc966c-dirty,30.0,2.0
Subject571,30,0.7650793650793651,0.8,0.8,new,rf,6,4,1,60,1094,efc966c-dirty,30.0,2.0
Subject819,60,0.6087778887778889,0.6666666666666666,0.6666666666666666,new,rf,6,4,1,60,1094,efc966c-dirty,30.0,2.0
Subject877,60,0.8150456950456951,0.8333333333333334,0.8333333333333334,new,rf,6,4,1,60,1094,efc966c-dirty,30.0,2.0
Subject890,30,0.5958730158730159,0.6666666666666666,0.6666666666666666,new,rf,6,4,1,60,1094,efc966c-dirty,30.0,2.0
Subject353,60,0.8926984126984127,0.9,0.9,recorded,rf,6,4,1,60,1094,efc966c-dirty,30.0,2.0
Subject354,60,0.8018855218855218,0.8333333333333334,0.8333333333333334,recorded,rf,6,4,1,60,1094,efc966c-dirty,30.0,2.0
Subject580,90,0.8699089799089799,0.8666666666666667,0.8666666666666667,recorded,rf,6,4,1,60,1094,efc966c-dirty,30.0,2.0
Subject867,60,0.86010582010582,0.8833333333333333,0.8833333333333333,recorded,rf,6,4,1,60,1094,efc966c-dirty,30.0,2.0
Subject424,60,0.7197173197173198,0.7666666666666667,0.7666666666666667,new,rf,6,4,2,120,2172,efc966c-dirty,30.0,2.0
Subject455,60,0.8164021164021165,0.85,0.85,new,rf,6,4,2,120,2172,efc966c-dirty,30.0,2.0
Subject571,30,0.7936507936507937,0.8333333333333334,0.8333333333333334,new,rf,6,4,2,120,2172,efc966c-dirty,30.0,2.0
Subject819,60,0.6567051467051468,0.7166666666666667,0.7166666666666667,new,rf,6,4,2,120,2172,efc966c-dirty,30.0,2.0
Subject877,60,0.8954689754689755,0.9,0.9,new,rf,6,4,2,120,2172,efc966c-dirty,30.0,2.0
Subject890,30,0.7088888888888889,0.7666666666666667,0.7666666666666667,new,rf,6,4,2,120,2172,efc966c-dirty,30.0,2.0
Subject353,60,0.9644444444444444,0.9666666666666667,0.9666666666666667,recorded,rf,6,4,2,120,2172,efc966c-dirty,30.0,2.0
Subject354,60,0.8941798941798942,0.9166666666666666,0.9166666666666666,recorded,rf,6,4,2,120,2172,efc966c-dirty,30.0,2.0
Subject580,90,0.8905361305361305,0.888888888888889,0.8888888888888888,recorded,rf,6,4,2,120,2172,efc966c-dirty,30.0,2.0
Subject867,60,0.9661375661375662,0.9666666666666667,0.9666666666666667,recorded,rf,6,4,2,120,2172,efc966c-dirty,30.0,2.0
Subject424,60,0.6861760461760461,0.7333333333333333,0.7333333333333333,new,rf,6,6,1,90,1801,efc966c-dirty,30.0,2.0
Subject455,60,0.8391534391534392,0.85,0.85,new,rf,6,6,1,90,1801,efc966c-dirty,30.0,2.0
Subject571,30,0.7444444444444444,0.8,0.8,new,rf,6,6,1,90,1801,efc966c-dirty,30.0,2.0
Subject819,60,0.6888888888888888,0.75,0.75,new,rf,6,6,1,90,1801,efc966c-dirty,30.0,2.0
Subject877,60,1.0,1.0,1.0,new,rf,6,6,1,90,1801,efc966c-dirty,30.0,2.0
Subject890,30,0.7333333333333332,0.7666666666666667,0.7666666666666667,new,rf,6,6,1,90,1801,efc966c-dirty,30.0,2.0
Subject353,60,0.9164021164021163,0.9166666666666666,0.9166666666666666,recorded,rf,6,6,1,90,1801,efc966c-dirty,30.0,2.0
Subject354,60,0.8755555555555555,0.9,0.9,recorded,rf,6,6,1,90,1801,efc966c-dirty,30.0,2.0
Subject561,60,0.9644444444444444,0.9666666666666667,0.9666666666666667,recorded,rf,6,6,1,90,1801,efc966c-dirty,30.0,2.0
Subject580,90,0.8537240537240537,0.8555555555555556,0.8555555555555555,recorded,rf,6,6,1,90,1801,efc966c-dirty,30.0,2.0
Subject729,60,0.9308465608465609,0.9333333333333333,0.9333333333333333,recorded,rf,6,6,1,90,1801,efc966c-dirty,30.0,2.0
Subject867,60,0.828956228956229,0.85,0.85,recorded,rf,6,6,1,90,1801,efc966c-dirty,30.0,2.0
Subject424,60,0.6973737373737374,0.7166666666666667,0.7166666666666667,new,rf,6,6,2,180,3590,efc966c-dirty,30.0,2.0
Subject455,60,0.8622222222222222,0.8833333333333333,0.8833333333333333,new,rf,6,6,2,180,3590,efc966c-dirty,30.0,2.0
Subject571,30,0.7977777777777778,0.8333333333333334,0.8333333333333334,new,rf,6,6,2,180,3590,efc966c-dirty,30.0,2.0
Subject819,60,0.7892063492063491,0.8333333333333334,0.8333333333333334,new,rf,6,6,2,180,3590,efc966c-dirty,30.0,2.0
Subject877,60,1.0,1.0,1.0,new,rf,6,6,2,180,3590,efc966c-dirty,30.0,2.0
Subject890,30,0.7622222222222222,0.8,0.8,new,rf,6,6,2,180,3590,efc966c-dirty,30.0,2.0
Subject353,60,0.9644444444444444,0.9666666666666667,0.9666666666666667,recorded,rf,6,6,2,180,3590,efc966c-dirty,30.0,2.0
Subject354,60,0.9418181818181818,0.95,0.95,recorded,rf,6,6,2,180,3590,efc966c-dirty,30.0,2.0
Subject561,60,1.0,1.0,1.0,recorded,rf,6,6,2,180,3590,efc966c-dirty,30.0,2.0
Subject580,90,0.8866555666555666,0.888888888888889,0.8888888888888888,recorded,rf,6,6,2,180,3590,efc966c-dirty,30.0,2.0
Subject729,60,0.9661375661375663,0.9666666666666667,0.9666666666666667,recorded,rf,6,6,2,180,3590,efc966c-dirty,30.0,2.0
Subject867,60,0.9259259259259258,0.9333333333333333,0.9333333333333333,recorded,rf,6,6,2,180,3590,efc966c-dirty,30.0,2.0
Subject424,60,0.7725060125060124,0.8,0.8,new,rf,6,8,1,120,2341,efc966c-dirty,30.0,2.0
Subject455,60,0.8941798941798942,0.9166666666666666,0.9166666666666666,new,rf,6,8,1,120,2341,efc966c-dirty,30.0,2.0
Subject571,30,0.7444444444444444,0.8,0.8,new,rf,6,8,1,120,2341,efc966c-dirty,30.0,2.0
Subject819,60,0.7788552188552188,0.8166666666666667,0.8166666666666667,new,rf,6,8,1,120,2341,efc966c-dirty,30.0,2.0
Subject877,60,1.0,1.0,1.0,new,rf,6,8,1,120,2341,efc966c-dirty,30.0,2.0
Subject890,30,0.8333333333333334,0.8666666666666667,0.8666666666666667,new,rf,6,8,1,120,2341,efc966c-dirty,30.0,2.0
Subject353,60,0.8952055352055353,0.9,0.9,recorded,rf,6,8,1,120,2341,efc966c-dirty,30.0,2.0
Subject354,60,0.8600673400673401,0.8833333333333333,0.8833333333333333,recorded,rf,6,8,1,120,2341,efc966c-dirty,30.0,2.0
Subject561,60,0.9485714285714286,0.95,0.95,recorded,rf,6,8,1,120,2341,efc966c-dirty,30.0,2.0
Subject580,90,0.8783438783438782,0.8777777777777779,0.8777777777777778,recorded,rf,6,8,1,120,2341,efc966c-dirty,30.0,2.0
Subject611,60,0.9830687830687831,0.9833333333333333,0.9833333333333333,recorded,rf,6,8,1,120,2341,efc966c-dirty,30.0,2.0
Subject729,60,0.9308465608465609,0.9333333333333333,0.9333333333333333,recorded,rf,6,8,1,120,2341,efc966c-dirty,30.0,2.0
Subject741,60,0.9304232804232805,0.9333333333333333,0.9333333333333333,recorded,rf,6,8,1,120,2341,efc966c-dirty,30.0,2.0
Subject867,60,0.8211111111111111,0.8333333333333334,0.8333333333333334,recorded,rf,6,8,1,120,2341,efc966c-dirty,30.0,2.0
Subject424,60,0.7977533577533579,0.8166666666666667,0.8166666666666667,new,rf,6,8,2,240,4618,efc966c-dirty,30.0,2.0
Subject455,60,0.9830687830687831,0.9833333333333333,0.9833333333333333,new,rf,6,8,2,240,4618,efc966c-dirty,30.0,2.0
Subject571,30,0.7444444444444444,0.8,0.8,new,rf,6,8,2,240,4618,efc966c-dirty,30.0,2.0
Subject819,60,0.846984126984127,0.8666666666666667,0.8666666666666667,new,rf,6,8,2,240,4618,efc966c-dirty,30.0,2.0
Subject877,60,1.0,1.0,1.0,new,rf,6,8,2,240,4618,efc966c-dirty,30.0,2.0
Subject890,30,0.8333333333333334,0.8666666666666667,0.8666666666666667,new,rf,6,8,2,240,4618,efc966c-dirty,30.0,2.0
Subject353,60,0.9062626262626262,0.9166666666666666,0.9166666666666666,recorded,rf,6,8,2,240,4618,efc966c-dirty,30.0,2.0
Subject354,60,0.9111111111111111,0.9333333333333333,0.9333333333333333,recorded,rf,6,8,2,240,4618,efc966c-dirty,30.0,2.0
Subject561,60,1.0,1.0,1.0,recorded,rf,6,8,2,240,4618,efc966c-dirty,30.0,2.0
Subject580,90,0.8989277389277389,0.9,0.9,recorded,rf,6,8,2,240,4618,efc966c-dirty,30.0,2.0
Subject611,60,1.0,1.0,1.0,recorded,rf,6,8,2,240,4618,efc966c-dirty,30.0,2.0
Subject729,60,0.9830687830687831,0.9833333333333333,0.9833333333333333,recorded,rf,6,8,2,240,4618,efc966c-dirty,30.0,2.0
Subject741,60,0.9308465608465608,0.9333333333333333,0.9333333333333333,recorded,rf,6,8,2,240,4618,efc966c-dirty,30.0,2.0
Subject867,60,0.9259259259259258,0.9333333333333333,0.9333333333333333,recorded,rf,6,8,2,240,4618,efc966c-dirty,30.0,2.0
Subject424,60,0.7782010582010582,0.8,0.8,new,rf,6,12,1,180,3846,efc966c-dirty,30.0,2.0
Subject455,60,0.8105820105820106,0.8333333333333334,0.8333333333333334,new,rf,6,12,1,180,3846,efc966c-dirty,30.0,2.0
Subject571,30,0.9288888888888888,0.9333333333333333,0.9333333333333333,new,rf,6,12,1,180,3846,efc966c-dirty,30.0,2.0
Subject819,60,0.924886964886965,0.9333333333333333,0.9333333333333333,new,rf,6,12,1,180,3846,efc966c-dirty,30.0,2.0
Subject877,60,1.0,1.0,1.0,new,rf,6,12,1,180,3846,efc966c-dirty,30.0,2.0
Subject890,30,0.8422222222222222,0.8666666666666667,0.8666666666666667,new,rf,6,12,1,180,3846,efc966c-dirty,30.0,2.0
Subject139,60,0.9418181818181818,0.95,0.95,recorded,rf,6,12,1,180,3846,efc966c-dirty,30.0,2.0
Subject352,30,0.8755555555555555,0.9,0.9,recorded,rf,6,12,1,180,3846,efc966c-dirty,30.0,2.0
Subject353,60,0.8644444444444445,0.8666666666666667,0.8666666666666667,recorded,rf,6,12,1,180,3846,efc966c-dirty,30.0,2.0
Subject354,60,0.8205098605098604,0.85,0.85,recorded,rf,6,12,1,180,3846,efc966c-dirty,30.0,2.0
Subject376,60,0.8507936507936509,0.8666666666666667,0.8666666666666667,recorded,rf,6,12,1,180,3846,efc966c-dirty,30.0,2.0
Subject561,60,0.9062626262626262,0.9166666666666666,0.9166666666666666,recorded,rf,6,12,1,180,3846,efc966c-dirty,30.0,2.0
Subject580,90,0.8308202908202905,0.8444444444444446,0.8444444444444444,recorded,rf,6,12,1,180,3846,efc966c-dirty,30.0,2.0
Subject611,60,0.9644444444444444,0.9666666666666667,0.9666666666666667,recorded,rf,6,12,1,180,3846,efc966c-dirty,30.0,2.0
Subject729,60,1.0,1.0,1.0,recorded,rf,6,12,1,180,3846,efc966c-dirty,30.0,2.0
Subject741,60,0.9141798941798942,0.9166666666666666,0.9166666666666666,recorded,rf,6,12,1,180,3846,efc966c-dirty,30.0,2.0
Subject867,60,0.824094424094424,0.85,0.85,recorded,rf,6,12,1,180,3846,efc966c-dirty,30.0,2.0
Subject969,30,0.7977777777777777,0.8333333333333334,0.8333333333333334,recorded,rf,6,12,1,180,3846,efc966c-dirty,30.0,2.0
Subject424,60,0.7858730158730158,0.8,0.8,new,rf,6,12,2,360,7536,efc966c-dirty,30.0,2.0
Subject455,60,0.8846560846560847,0.9,0.9,new,rf,6,12,2,360,7536,efc966c-dirty,30.0,2.0
Subject571,30,0.8333333333333334,0.8666666666666667,0.8666666666666667,new,rf,6,12,2,360,7536,efc966c-dirty,30.0,2.0
Subject819,60,0.8941798941798942,0.9166666666666666,0.9166666666666666,new,rf,6,12,2,360,7536,efc966c-dirty,30.0,2.0
Subject877,60,1.0,1.0,1.0,new,rf,6,12,2,360,7536,efc966c-dirty,30.0,2.0
Subject890,30,0.88,0.9,0.9,new,rf,6,12,2,360,7536,efc966c-dirty,30.0,2.0
Subject139,60,0.9111111111111111,0.9333333333333333,0.9333333333333333,recorded,rf,6,12,2,360,7536,efc966c-dirty,30.0,2.0
Subject352,30,0.8755555555555555,0.9,0.9,recorded,rf,6,12,2,360,7536,efc966c-dirty,30.0,2.0
Subject353,60,0.8751515151515151,0.8833333333333333,0.8833333333333333,recorded,rf,6,12,2,360,7536,efc966c-dirty,30.0,2.0
Subject354,60,0.8941798941798942,0.9166666666666666,0.9166666666666666,recorded,rf,6,12,2,360,7536,efc966c-dirty,30.0,2.0
Subject376,60,0.9352380952380952,0.9333333333333333,0.9333333333333333,recorded,rf,6,12,2,360,7536,efc966c-dirty,30.0,2.0
Subject561,60,1.0,1.0,1.0,recorded,rf,6,12,2,360,7536,efc966c-dirty,30.0,2.0
Subject580,90,0.906930846930847,0.9111111111111112,0.9111111111111111,recorded,rf,6,12,2,360,7536,efc966c-dirty,30.0,2.0
Subject611,60,0.9830687830687831,0.9833333333333333,0.9833333333333333,recorded,rf,6,12,2,360,7536,efc966c-dirty,30.0,2.0
Subject729,60,1.0,1.0,1.0,recorded,rf,6,12,2,360,7536,efc966c-dirty,30.0,2.0
Subject741,60,0.9477777777777778,0.95,0.95,recorded,rf,6,12,2,360,7536,efc966c-dirty,30.0,2.0
Subject867,60,0.8632996632996632,0.8833333333333333,0.8833333333333333,recorded,rf,6,12,2,360,7536,efc966c-dirty,30.0,2.0
Subject969,30,0.8469841269841271,0.8666666666666667,0.8666666666666667,recorded,rf,6,12,2,360,7536,efc966c-dirty,30.0,2.0
Subject424,60,0.8300529100529102,0.85,0.85,new,rf,6,16,1,240,4996,efc966c-dirty,30.0,2.0
Subject455,60,0.817989417989418,0.8333333333333334,0.8333333333333334,new,rf,6,16,1,240,4996,efc966c-dirty,30.0,2.0
Subject571,30,0.9288888888888888,0.9333333333333333,0.9333333333333333,new,rf,6,16,1,240,4996,efc966c-dirty,30.0,2.0
Subject819,60,0.924886964886965,0.9333333333333333,0.9333333333333333,new,rf,6,16,1,240,4996,efc966c-dirty,30.0,2.0
Subject877,60,1.0,1.0,1.0,new,rf,6,16,1,240,4996,efc966c-dirty,30.0,2.0
Subject890,30,0.9111111111111111,0.9333333333333333,0.9333333333333333,new,rf,6,16,1,240,4996,efc966c-dirty,30.0,2.0
Subject139,60,1.0,1.0,1.0,recorded,rf,6,16,1,240,4996,efc966c-dirty,30.0,2.0
Subject147,31,0.9111111111111111,0.9333333333333333,0.9354838709677419,recorded,rf,6,16,1,240,4996,efc966c-dirty,30.0,2.0
Subject226,30,0.8777777777777778,0.9,0.9,recorded,rf,6,16,1,240,4996,efc966c-dirty,30.0,2.0
Subject352,30,0.8755555555555555,0.9,0.9,recorded,rf,6,16,1,240,4996,efc966c-dirty,30.0,2.0
Subject353,60,0.8198808598808598,0.85,0.85,recorded,rf,6,16,1,240,4996,efc966c-dirty,30.0,2.0
Subject354,60,0.8173737373737373,0.85,0.85,recorded,rf,6,16,1,240,4996,efc966c-dirty,30.0,2.0
Subject376,60,0.8452910052910053,0.8666666666666667,0.8666666666666667,recorded,rf,6,16,1,240,4996,efc966c-dirty,30.0,2.0
Subject516,30,0.8577777777777776,0.8666666666666667,0.8666666666666667,recorded,rf,6,16,1,240,4996,efc966c-dirty,30.0,2.0
Subject561,60,0.9062626262626262,0.9166666666666666,0.9166666666666666,recorded,rf,6,16,1,240,4996,efc966c-dirty,30.0,2.0
Subject580,90,0.8425718725718726,0.8555555555555556,0.8555555555555555,recorded,rf,6,16,1,240,4996,efc966c-dirty,30.0,2.0
Subject611,60,0.9830687830687831,0.9833333333333333,0.9833333333333333,recorded,rf,6,16,1,240,4996,efc966c-dirty,30.0,2.0
Subject729,60,1.0,1.0,1.0,recorded,rf,6,16,1,240,4996,efc966c-dirty,30.0,2.0
Subject731,30,0.9111111111111111,0.9333333333333333,0.9333333333333333,recorded,rf,6,16,1,240,4996,efc966c-dirty,30.0,2.0
Subject741,60,0.9308465608465608,0.9333333333333333,0.9333333333333333,recorded,rf,6,16,1,240,4996,efc966c-dirty,30.0,2.0
Subject867,60,0.8463684463684463,0.8666666666666667,0.8666666666666667,recorded,rf,6,16,1,240,4996,efc966c-dirty,30.0,2.0
Subject969,30,0.7977777777777777,0.8333333333333334,0.8333333333333334,recorded,rf,6,16,1,240,4996,efc966c-dirty,30.0,2.0
Subject424,60,0.8656084656084656,0.8833333333333333,0.8833333333333333,new,rf,6,16,2,480,9875,efc966c-dirty,30.0,2.0
Subject455,60,0.9485714285714286,0.95,0.95,new,rf,6,16,2,480,9875,efc966c-dirty,30.0,2.0
Subject571,30,0.8825396825396825,0.9,0.9,new,rf,6,16,2,480,9875,efc966c-dirty,30.0,2.0
Subject819,60,0.8812372812372813,0.9,0.9,new,rf,6,16,2,480,9875,efc966c-dirty,30.0,2.0
Subject877,60,1.0,1.0,1.0,new,rf,6,16,2,480,9875,efc966c-dirty,30.0,2.0
Subject890,30,0.8555555555555556,0.8666666666666667,0.8666666666666667,new,rf,6,16,2,480,9875,efc966c-dirty,30.0,2.0
Subject139,60,0.9644444444444444,0.9666666666666667,0.9666666666666667,recorded,rf,6,16,2,480,9875,efc966c-dirty,30.0,2.0
Subject147,31,0.9644444444444444,0.9666666666666667,0.967741935483871,recorded,rf,6,16,2,480,9875,efc966c-dirty,30.0,2.0
Subject226,30,0.9333333333333332,0.9333333333333333,0.9333333333333333,recorded,rf,6,16,2,480,9875,efc966c-dirty,30.0,2.0
Subject352,30,0.8755555555555555,0.9,0.9,recorded,rf,6,16,2,480,9875,efc966c-dirty,30.0,2.0
Subject353,60,0.8539549339549339,0.8666666666666667,0.8666666666666667,recorded,rf,6,16,2,480,9875,efc966c-dirty,30.0,2.0
Subject354,60,0.8941798941798942,0.9166666666666666,0.9166666666666666,recorded,rf,6,16,2,480,9875,efc966c-dirty,30.0,2.0
Subject376,60,0.9352380952380952,0.9333333333333333,0.9333333333333333,recorded,rf,6,16,2,480,9875,efc966c-dirty,30.0,2.0
Subject516,30,0.9644444444444444,0.9666666666666667,0.9666666666666667,recorded,rf,6,16,2,480,9875,efc966c-dirty,30.0,2.0
Subject561,60,1.0,1.0,1.0,recorded,rf,6,16,2,480,9875,efc966c-dirty,30.0,2.0
Subject580,90,0.9203174603174603,0.9222222222222223,0.9222222222222223,recorded,rf,6,16,2,480,9875,efc966c-dirty,30.0,2.0
Subject611,60,0.9830687830687831,0.9833333333333333,0.9833333333333333,recorded,rf,6,16,2,480,9875,efc966c-dirty,30.0,2.0
Subject729,60,1.0,1.0,1.0,recorded,rf,6,16,2,480,9875,efc966c-dirty,30.0,2.0
Subject731,30,1.0,1.0,1.0,recorded,rf,6,16,2,480,9875,efc966c-dirty,30.0,2.0
Subject741,60,0.9481481481481481,0.95,0.95,recorded,rf,6,16,2,480,9875,efc966c-dirty,30.0,2.0
Subject867,60,0.8630687830687831,0.8833333333333333,0.8833333333333333,recorded,rf,6,16,2,480,9875,efc966c-dirty,30.0,2.0
Subject969,30,0.8825396825396825,0.9,0.9,recorded,rf,6,16,2,480,9875,efc966c-dirty,30.0,2.0
Subject424,60,0.8300529100529102,0.85,0.85,new,rf,6,17,1,255,5252,efc966c-dirty,30.0,2.0
Subject455,60,0.834920634920635,0.85,0.85,new,rf,6,17,1,255,5252,efc966c-dirty,30.0,2.0
Subject571,30,0.8977777777777777,0.9,0.9,new,rf,6,17,1,255,5252,efc966c-dirty,30.0,2.0
Subject819,60,0.924886964886965,0.9333333333333333,0.9333333333333333,new,rf,6,17,1,255,5252,efc966c-dirty,30.0,2.0
Subject877,60,1.0,1.0,1.0,new,rf,6,17,1,255,5252,efc966c-dirty,30.0,2.0
Subject890,30,0.9111111111111111,0.9333333333333333,0.9333333333333333,new,rf,6,17,1,255,5252,efc966c-dirty,30.0,2.0
Subject139,60,0.9661375661375663,0.9666666666666667,0.9666666666666667,recorded,rf,6,17,1,255,5252,efc966c-dirty,30.0,2.0
Subject147,31,0.9644444444444444,0.9666666666666667,0.967741935483871,recorded,rf,6,17,1,255,5252,efc966c-dirty,30.0,2.0
Subject226,30,0.9333333333333332,0.9333333333333333,0.9333333333333333,recorded,rf,6,17,1,255,5252,efc966c-dirty,30.0,2.0
Subject352,30,0.8755555555555555,0.9,0.9,recorded,rf,6,17,1,255,5252,efc966c-dirty,30.0,2.0
Subject353,60,0.8410774410774411,0.8666666666666667,0.8666666666666667,recorded,rf,6,17,1,255,5252,efc966c-dirty,30.0,2.0
Subject354,60,0.8941798941798942,0.9166666666666666,0.9166666666666666,recorded,rf,6,17,1,255,5252,efc966c-dirty,30.0,2.0
Subject376,60,0.8433862433862435,0.8666666666666667,0.8666666666666667,recorded,rf,6,17,1,255,5252,efc966c-dirty,30.0,2.0
Subject494,60,0.9053968253968255,0.9166666666666666,0.9166666666666666,recorded,rf,6,17,1,255,5252,efc966c-dirty,30.0,2.0
Subject516,30,0.8933333333333333,0.9,0.9,recorded,rf,6,17,1,255,5252,efc966c-dirty,30.0,2.0
Subject561,60,0.9062626262626262,0.9166666666666666,0.9166666666666666,recorded,rf,6,17,1,255,5252,efc966c-dirty,30.0,2.0
Subject580,90,0.8983960483960484,0.9111111111111111,0.9111111111111111,recorded,rf,6,17,1,255,5252,efc966c-dirty,30.0,2.0
Subject611,60,0.9644444444444444,0.9666666666666667,0.9666666666666667,recorded,rf,6,17,1,255,5252,efc966c-dirty,30.0,2.0
Subject729,60,1.0,1.0,1.0,recorded,rf,6,17,1,255,5252,efc966c-dirty,30.0,2.0
Subject731,30,0.9644444444444444,0.9666666666666667,0.9666666666666667,recorded,rf,6,17,1,255,5252,efc966c-dirty,30.0,2.0
Subject741,60,0.9304232804232804,0.9333333333333333,0.9333333333333333,recorded,rf,6,17,1,255,5252,efc966c-dirty,30.0,2.0
Subject867,60,0.9259259259259258,0.9333333333333333,0.9333333333333333,recorded,rf,6,17,1,255,5252,efc966c-dirty,30.0,2.0
Subject969,30,0.7977777777777777,0.8333333333333334,0.8333333333333334,recorded,rf,6,17,1,255,5252,efc966c-dirty,30.0,2.0
Subject424,60,0.848941798941799,0.8666666666666667,0.8666666666666667,new,rf,6,17,2,510,10381,efc966c-dirty,30.0,2.0
Subject455,60,0.9296296296296297,0.9333333333333333,0.9333333333333333,new,rf,6,17,2,510,10381,efc966c-dirty,30.0,2.0
Subject571,30,0.9333333333333332,0.9333333333333333,0.9333333333333333,new,rf,6,17,2,510,10381,efc966c-dirty,30.0,2.0
Subject819,60,0.8941798941798942,0.9166666666666666,0.9166666666666666,new,rf,6,17,2,510,10381,efc966c-dirty,30.0,2.0
Subject877,60,1.0,1.0,1.0,new,rf,6,17,2,510,10381,efc966c-dirty,30.0,2.0
Subject890,30,0.9644444444444444,0.9666666666666667,0.9666666666666667,new,rf,6,17,2,510,10381,efc966c-dirty,30.0,2.0
Subject139,60,0.9830687830687831,0.9833333333333333,0.9833333333333333,recorded,rf,6,17,2,510,10381,efc966c-dirty,30.0,2.0
Subject147,31,0.9644444444444444,0.9666666666666667,0.967741935483871,recorded,rf,6,17,2,510,10381,efc966c-dirty,30.0,2.0
Subject226,30,0.9644444444444444,0.9666666666666667,0.9666666666666667,recorded,rf,6,17,2,510,10381,efc966c-dirty,30.0,2.0
Subject352,30,0.8755555555555555,0.9,0.9,recorded,rf,6,17,2,510,10381,efc966c-dirty,30.0,2.0
Subject353,60,0.8751515151515151,0.8833333333333333,0.8833333333333333,recorded,rf,6,17,2,510,10381,efc966c-dirty,30.0,2.0
Subject354,60,0.9111111111111111,0.9333333333333333,0.9333333333333333,recorded,rf,6,17,2,510,10381,efc966c-dirty,30.0,2.0
Subject376,60,0.9352380952380952,0.9333333333333333,0.9333333333333333,recorded,rf,6,17,2,510,10381,efc966c-dirty,30.0,2.0
Subject494,60,0.9418181818181818,0.95,0.95,recorded,rf,6,17,2,510,10381,efc966c-dirty,30.0,2.0
Subject516,30,0.9288888888888888,0.9333333333333333,0.9333333333333333,recorded,rf,6,17,2,510,10381,efc966c-dirty,30.0,2.0
Subject561,60,0.9664021164021165,0.9666666666666667,0.9666666666666667,recorded,rf,6,17,2,510,10381,efc966c-dirty,30.0,2.0
Subject580,90,0.9192873792873794,0.9222222222222222,0.9222222222222223,recorded,rf,6,17,2,510,10381,efc966c-dirty,30.0,2.0
Subject611,60,0.9830687830687831,0.9833333333333333,0.9833333333333333,recorded,rf,6,17,2,510,10381,efc966c-dirty,30.0,2.0
Subject729,60,1.0,1.0,1.0,recorded,rf,6,17,2,510,10381,efc966c-dirty,30.0,2.0
Subject731,30,0.9644444444444444,0.9666666666666667,0.9666666666666667,recorded,rf,6,17,2,510,10381,efc966c-dirty,30.0,2.0
Subject741,60,0.9644444444444444,0.9666666666666667,0.9666666666666667,recorded,rf,6,17,2,510,10381,efc966c-dirty,30.0,2.0
Subject867,60,0.8956228956228957,0.9166666666666666,0.9166666666666666,recorded,rf,6,17,2,510,10381,efc966c-dirty,30.0,2.0
Subject969,30,0.9111111111111111,0.9333333333333333,0.9333333333333333,recorded,rf,6,17,2,510,10381,efc966c-dirty,30.0,2.0
Subject353,60,0.6013949013949013,0.65,0.65,new,rf,7,2,1,30,498,efc966c-dirty,30.0,2.0
Subject354,60,0.7642135642135641,0.7833333333333333,0.7833333333333333,new,rf,7,2,1,30,498,efc966c-dirty,30.0,2.0
Subject455,60,0.7326599326599327,0.7833333333333333,0.7833333333333333,new,rf,7,2,1,30,498,efc966c-dirty,30.0,2.0
Subject561,60,0.5391919191919192,0.6333333333333333,0.6333333333333333,new,rf,7,2,1,30,498,efc966c-dirty,30.0,2.0
Subject729,60,0.6226129426129426,0.6833333333333333,0.6833333333333333,new,rf,7,2,1,30,498,efc966c-dirty,30.0,2.0
Subject819,60,0.4429292929292929,0.55,0.55,new,rf,7,2,1,30,498,efc966c-dirty,30.0,2.0
Subject147,31,0.9644444444444444,0.9666666666666667,0.967741935483871,recorded,rf,7,2,1,30,498,efc966c-dirty,30.0,2.0
Subject741,60,0.9664021164021165,0.9666666666666667,0.9666666666666667,recorded,rf,7,2,1,30,498,efc966c-dirty,30.0,2.0
Subject353,60,0.6592459392459393,0.7,0.7,new,rf,7,2,2,60,987,efc966c-dirty,30.0,2.0
Subject354,60,0.7132275132275132,0.7333333333333333,0.7333333333333333,new,rf,7,2,2,60,987,efc966c-dirty,30.0,2.0
Subject455,60,0.8752236652236652,0.8833333333333333,0.8833333333333333,new,rf,7,2,2,60,987,efc966c-dirty,30.0,2.0
Subject561,60,0.5084848484848485,0.6166666666666667,0.6166666666666667,new,rf,7,2,2,60,987,efc966c-dirty,30.0,2.0
Subject729,60,0.6946031746031747,0.7333333333333333,0.7333333333333333,new,rf,7,2,2,60,987,efc966c-dirty,30.0,2.0
Subject819,60,0.598941798941799,0.6833333333333333,0.6833333333333333,new,rf,7,2,2,60,987,efc966c-dirty,30.0,2.0
Subject147,31,1.0,1.0,1.0,recorded,rf,7,2,2,60,987,efc966c-dirty,30.0,2.0
Subject741,60,0.9664021164021165,0.9666666666666667,0.9666666666666667,recorded,rf,7,2,2,60,987,efc966c-dirty,30.0,2.0
Subject353,60,0.7403174603174604,0.7833333333333333,0.7833333333333333,new,rf,7,4,1,60,1139,efc966c-dirty,30.0,2.0
Subject354,60,0.7875132275132274,0.8166666666666667,0.8166666666666667,new,rf,7,4,1,60,1139,efc966c-dirty,30.0,2.0
Subject455,60,0.8052910052910053,0.85,0.85,new,rf,7,4,1,60,1139,efc966c-dirty,30.0,2.0
Subject561,60,0.6352573352573353,0.7166666666666667,0.7166666666666667,new,rf,7,4,1,60,1139,efc966c-dirty,30.0,2.0
Subject729,60,0.8941798941798942,0.9166666666666666,0.9166666666666666,new,rf,7,4,1,60,1139,efc966c-dirty,30.0,2.0
Subject819,60,0.7606734006734006,0.8166666666666667,0.8166666666666667,new,rf,7,4,1,60,1139,efc966c-dirty,30.0,2.0
Subject139,60,0.835998075998076,0.8666666666666667,0.8666666666666667,recorded,rf,7,4,1,60,1139,efc966c-dirty,30.0,2.0
Subject147,31,0.9644444444444444,0.9666666666666667,0.967741935483871,recorded,rf,7,4,1,60,1139,efc966c-dirty,30.0,2.0
Subject611,60,1.0,1.0,1.0,recorded,rf,7,4,1,60,1139,efc966c-dirty,30.0,2.0
Subject741,60,0.911957671957672,0.9166666666666666,0.9166666666666666,recorded,rf,7,4,1,60,1139,efc966c-dirty,30.0,2.0
Subject353,60,0.7405483405483406,0.7833333333333333,0.7833333333333333,new,rf,7,4,2,120,2225,efc966c-dirty,30.0,2.0
Subject354,60,0.8608465608465609,0.8833333333333333,0.8833333333333333,new,rf,7,4,2,120,2225,efc966c-dirty,30.0,2.0
Subject455,60,0.8586243386243385,0.8833333333333333,0.8833333333333333,new,rf,7,4,2,120,2225,efc966c-dirty,30.0,2.0
Subject561,60,0.6352573352573353,0.7166666666666667,0.7166666666666667,new,rf,7,4,2,120,2225,efc966c-dirty,30.0,2.0
Subject729,60,0.9299663299663299,0.9333333333333333,0.9333333333333333,new,rf,7,4,2,120,2225,efc966c-dirty,30.0,2.0
Subject819,60,0.8300529100529099,0.85,0.85,new,rf,7,4,2,120,2225,efc966c-dirty,30.0,2.0
Subject139,60,0.8734391534391535,0.9,0.9,recorded,rf,7,4,2,120,2225,efc966c-dirty,30.0,2.0
Subject147,31,1.0,1.0,1.0,recorded,rf,7,4,2,120,2225,efc966c-dirty,30.0,2.0
Subject611,60,0.9830687830687831,0.9833333333333333,0.9833333333333333,recorded,rf,7,4,2,120,2225,efc966c-dirty,30.0,2.0
Subject741,60,0.9830687830687831,0.9833333333333333,0.9833333333333333,recorded,rf,7,4,2,120,2225,efc966c-dirty,30.0,2.0
Subject353,60,0.7397883597883599,0.7666666666666667,0.7666666666666667,new,rf,7,6,1,90,1874,efc966c-dirty,30.0,2.0
Subject354,60,0.7293265993265994,0.7833333333333333,0.7833333333333333,new,rf,7,6,1,90,1874,efc966c-dirty,30.0,2.0
Subject455,60,0.7488023088023088,0.8,0.8,new,rf,7,6,1,90,1874,efc966c-dirty,30.0,2.0
Subject561,60,0.6973737373737375,0.75,0.75,new,rf,7,6,1,90,1874,efc966c-dirty,30.0,2.0
Subject729,60,0.9475132275132275,0.95,0.95,new,rf,7,6,1,90,1874,efc966c-dirty,30.0,2.0
Subject819,60,0.8140067340067338,0.85,0.85,new,rf,7,6,1,90,1874,efc966c-dirty,30.0,2.0
Subject139,60,0.8836363636363637,0.9,0.9,recorded,rf,7,6,1,90,1874,efc966c-dirty,30.0,2.0
Subject147,31,0.9288888888888889,0.9333333333333333,0.9354838709677419,recorded,rf,7,6,1,90,1874,efc966c-dirty,30.0,2.0
Subject516,30,0.9111111111111111,0.9333333333333333,0.9333333333333333,recorded,rf,7,6,1,90,1874,efc966c-dirty,30.0,2.0
Subject611,60,0.9492063492063493,0.95,0.95,recorded,rf,7,6,1,90,1874,efc966c-dirty,30.0,2.0
Subject741,60,0.8978499278499278,0.9,0.9,recorded,rf,7,6,1,90,1874,efc966c-dirty,30.0,2.0
Subject969,30,0.8203174603174602,0.8333333333333334,0.8333333333333334,recorded,rf,7,6,1,90,1874,efc966c-dirty,30.0,2.0
Subject353,60,0.7734583934583935,0.8,0.8,new,rf,7,6,2,180,3722,efc966c-dirty,30.0,2.0
Subject354,60,0.8193314093314092,0.85,0.85,new,rf,7,6,2,180,3722,efc966c-dirty,30.0,2.0
Subject455,60,0.8385906685906686,0.8666666666666667,0.8666666666666667,new,rf,7,6,2,180,3722,efc966c-dirty,30.0,2.0
Subject561,60,0.8004617604617604,0.8166666666666667,0.8166666666666667,new,rf,7,6,2,180,3722,efc966c-dirty,30.0,2.0
Subject729,60,0.946031746031746,0.95,0.95,new,rf,7,6,2,180,3722,efc966c-dirty,30.0,2.0
Subject819,60,0.8772486772486773,0.9,0.9,new,rf,7,6,2,180,3722,efc966c-dirty,30.0,2.0
Subject139,60,0.9037037037037038,0.9166666666666666,0.9166666666666666,recorded,rf,7,6,2,180,3722,efc966c-dirty,30.0,2.0
Subject147,31,0.9377777777777779,0.9444444444444444,0.9354838709677419,recorded,rf,7,6,2,180,3722,efc966c-dirty,30.0,2.0
Subject516,30,0.9644444444444444,0.9666666666666667,0.9666666666666667,recorded,rf,7,6,2,180,3722,efc966c-dirty,30.0,2.0
Subject611,60,0.9830687830687831,0.9833333333333333,0.9833333333333333,recorded,rf,7,6,2,180,3722,efc966c-dirty,30.0,2.0
Subject741,60,0.9308465608465608,0.9333333333333333,0.9333333333333333,recorded,rf,7,6,2,180,3722,efc966c-dirty,30.0,2.0
Subject969,30,0.8469841269841271,0.8666666666666667,0.8666666666666667,recorded,rf,7,6,2,180,3722,efc966c-dirty,30.0,2.0
Subject353,60,0.788908128908129,0.8166666666666667,0.8166666666666667,new,rf,7,8,1,120,2570,efc966c-dirty,30.0,2.0
Subject354,60,0.7437037037037038,0.7833333333333333,0.7833333333333333,new,rf,7,8,1,120,2570,efc966c-dirty,30.0,2.0
Subject455,60,0.7909187109187109,0.8166666666666667,0.8166666666666667,new,rf,7,8,1,120,2570,efc966c-dirty,30.0,2.0
Subject561,60,0.746936026936027,0.7833333333333333,0.7833333333333333,new,rf,7,8,1,120,2570,efc966c-dirty,30.0,2.0
Subject729,60,0.9130158730158731,0.9166666666666666,0.9166666666666666,new,rf,7,8,1,120,2570,efc966c-dirty,30.0,2.0
Subject819,60,0.8651851851851852,0.8833333333333333,0.8833333333333333,new,rf,7,8,1,120,2570,efc966c-dirty,30.0,2.0
Subject139,60,0.9062626262626262,0.9166666666666666,0.9166666666666666,recorded,rf,7,8,1,120,2570,efc966c-dirty,30.0,2.0
Subject147,31,0.9022222222222224,0.9111111111111111,0.9032258064516129,recorded,rf,7,8,1,120,2570,efc966c-dirty,30.0,2.0
Subject226,30,0.8422222222222222,0.8666666666666667,0.8666666666666667,recorded,rf,7,8,1,120,2570,efc966c-dirty,30.0,2.0
Subject516,30,0.9333333333333333,0.9333333333333333,0.9333333333333333,recorded,rf,7,8,1,120,2570,efc966c-dirty,30.0,2.0
Subject571,30,0.9644444444444444,0.9666666666666667,0.9666666666666667,recorded,rf,7,8,1,120,2570,efc966c-dirty,30.0,2.0
Subject611,60,0.9492063492063493,0.95,0.95,recorded,rf,7,8,1,120,2570,efc966c-dirty,30.0,2.0
Subject741,60,0.8972486772486773,0.9,0.9,recorded,rf,7,8,1,120,2570,efc966c-dirty,30.0,2.0
Subject969,30,0.8222222222222222,0.8333333333333334,0.8333333333333334,recorded,rf,7,8,1,120,2570,efc966c-dirty,30.0,2.0
Subject353,60,0.8198808598808598,0.85,0.85,new,rf,7,8,2,240,5131,efc966c-dirty,30.0,2.0
Subject354,60,0.8193314093314092,0.85,0.85,new,rf,7,8,2,240,5131,efc966c-dirty,30.0,2.0
Subject455,60,0.8772486772486772,0.9,0.9,new,rf,7,8,2,240,5131,efc966c-dirty,30.0,2.0
Subject561,60,0.7638480038480039,0.7833333333333333,0.7833333333333333,new,rf,7,8,2,240,5131,efc966c-dirty,30.0,2.0
Subject729,60,0.9830687830687831,0.9833333333333333,0.9833333333333333,new,rf,7,8,2,240,5131,efc966c-dirty,30.0,2.0
Subject819,60,0.924886964886965,0.9333333333333333,0.9333333333333333,new,rf,7,8,2,240,5131,efc966c-dirty,30.0,2.0
Subject139,60,0.924886964886965,0.9333333333333333,0.9333333333333333,recorded,rf,7,8,2,240,5131,efc966c-dirty,30.0,2.0
Subject147,31,0.9377777777777779,0.9444444444444444,0.9354838709677419,recorded,rf,7,8,2,240,5131,efc966c-dirty,30.0,2.0
Subject226,30,0.9333333333333332,0.9333333333333333,0.9333333333333333,recorded,rf,7,8,2,240,5131,efc966c-dirty,30.0,2.0
Subject516,30,0.9333333333333333,0.9333333333333333,0.9333333333333333,recorded,rf,7,8,2,240,5131,efc966c-dirty,30.0,2.0
Subject571,30,1.0,1.0,1.0,recorded,rf,7,8,2,240,5131,efc966c-dirty,30.0,2.0
Subject611,60,0.9830687830687831,0.9833333333333333,0.9833333333333333,recorded,rf,7,8,2,240,5131,efc966c-dirty,30.0,2.0
Subject741,60,0.9244444444444444,0.9333333333333333,0.9333333333333333,recorded,rf,7,8,2,240,5131,efc966c-dirty,30.0,2.0
Subject969,30,0.8800000000000001,0.9,0.9,recorded,rf,7,8,2,240,5131,efc966c-dirty,30.0,2.0
Subject353,60,0.8266474266474266,0.85,0.85,new,rf,7,12,1,180,3699,efc966c-dirty,30.0,2.0
Subject354,60,0.8,0.8333333333333334,0.8333333333333334,new,rf,7,12,1,180,3699,efc966c-dirty,30.0,2.0
Subject455,60,0.8385906685906687,0.8666666666666667,0.8666666666666667,new,rf,7,12,1,180,3699,efc966c-dirty,30.0,2.0
Subject561,60,0.7792977392977393,0.8,0.8,new,rf,7,12,1,180,3699,efc966c-dirty,30.0,2.0
Subject729,60,0.9305820105820106,0.9333333333333333,0.9333333333333333,new,rf,7,12,1,180,3699,efc966c-dirty,30.0,2.0
Subject819,60,0.9492063492063493,0.95,0.95,new,rf,7,12,1,180,3699,efc966c-dirty,30.0,2.0
Subject139,60,0.9278499278499279,0.9333333333333333,0.9333333333333333,recorded,rf,7,12,1,180,3699,efc966c-dirty,30.0,2.0
Subject147,31,0.8755555555555555,0.9,0.9032258064516129,recorded,rf,7,12,1,180,3699,efc966c-dirty,30.0,2.0
Subject226,30,0.8422222222222222,0.8666666666666667,0.8666666666666667,recorded,rf,7,12,1,180,3699,efc966c-dirty,30.0,2.0
Subject376,60,0.8952055352055353,0.9,0.9,recorded,rf,7,12,1,180,3699,efc966c-dirty,30.0,2.0
Subject516,30,0.9333333333333333,0.9333333333333333,0.9333333333333333,recorded,rf,7,12,1,180,3699,efc966c-dirty,30.0,2.0
Subject571,30,1.0,1.0,1.0,recorded,rf,7,12,1,180,3699,efc966c-dirty,30.0,2.0
Subject611,60,0.9492063492063493,0.95,0.95,recorded,rf,7,12,1,180,3699,efc966c-dirty,30.0,2.0
Subject731,30,1.0,1.0,1.0,recorded,rf,7,12,1,180,3699,efc966c-dirty,30.0,2.0
Subject741,60,0.9473544973544974,0.95,0.95,recorded,rf,7,12,1,180,3699,efc966c-dirty,30.0,2.0
Subject877,60,0.9661375661375662,0.9666666666666667,0.9666666666666667,recorded,rf,7,12,1,180,3699,efc966c-dirty,30.0,2.0
Subject890,30,1.0,1.0,1.0,recorded,rf,7,12,1,180,3699,efc966c-dirty,30.0,2.0
Subject969,30,0.8025396825396826,0.8333333333333334,0.8333333333333334,recorded,rf,7,12,1,180,3699,efc966c-dirty,30.0,2.0
Subject353,60,0.8058393458393458,0.8333333333333334,0.8333333333333334,new,rf,7,12,2,360,7450,efc966c-dirty,30.0,2.0
Subject354,60,0.8385185185185186,0.8666666666666667,0.8666666666666667,new,rf,7,12,2,360,7450,efc966c-dirty,30.0,2.0
Subject455,60,0.8897354497354498,0.9166666666666666,0.9166666666666666,new,rf,7,12,2,360,7450,efc966c-dirty,30.0,2.0
Subject561,60,0.7988744588744588,0.8166666666666667,0.8166666666666667,new,rf,7,12,2,360,7450,efc966c-dirty,30.0,2.0
Subject729,60,0.9475132275132275,0.95,0.95,new,rf,7,12,2,360,7450,efc966c-dirty,30.0,2.0
Subject819,60,0.924886964886965,0.9333333333333333,0.9333333333333333,new,rf,7,12,2,360,7450,efc966c-dirty,30.0,2.0
Subject139,60,0.9485714285714286,0.95,0.95,recorded,rf,7,12,2,360,7450,efc966c-dirty,30.0,2.0
Subject147,31,0.9644444444444444,0.9666666666666667,0.967741935483871,recorded,rf,7,12,2,360,7450,efc966c-dirty,30.0,2.0
Subject226,30,0.9333333333333332,0.9333333333333333,0.9333333333333333,recorded,rf,7,12,2,360,7450,efc966c-dirty,30.0,2.0
Subject376,60,0.9175132275132275,0.9166666666666666,0.9166666666666666,recorded,rf,7,12,2,360,7450,efc966c-dirty,30.0,2.0
Subject516,30,0.9644444444444444,0.9666666666666667,0.9666666666666667,recorded,rf,7,12,2,360,7450,efc966c-dirty,30.0,2.0
Subject571,30,1.0,1.0,1.0,recorded,rf,7,12,2,360,7450,efc966c-dirty,30.0,2.0
Subject611,60,0.9492063492063493,0.95,0.95,recorded,rf,7,12,2,360,7450,efc966c-dirty,30.0,2.0
Subject731,30,0.9644444444444444,0.9666666666666667,0.9666666666666667,recorded,rf,7,12,2,360,7450,efc966c-dirty,30.0,2.0
Subject741,60,0.9392592592592592,0.95,0.95,recorded,rf,7,12,2,360,7450,efc966c-dirty,30.0,2.0
Subject877,60,0.9830687830687831,0.9833333333333333,0.9833333333333333,recorded,rf,7,12,2,360,7450,efc966c-dirty,30.0,2.0
Subject890,30,0.9644444444444444,0.9666666666666667,0.9666666666666667,recorded,rf,7,12,2,360,7450,efc966c-dirty,30.0,2.0
Subject969,30,0.9111111111111111,0.9333333333333333,0.9333333333333333,recorded,rf,7,12,2,360,7450,efc966c-dirty,30.0,2.0
Subject353,60,0.7577441077441077,0.8,0.8,new,rf,7,16,1,240,4713,efc966c-dirty,30.0,2.0
Subject354,60,0.9082202982202982,0.9166666666666666,0.9166666666666666,new,rf,7,16,1,240,4713,efc966c-dirty,30.0,2.0
Subject455,60,0.9139153439153439,0.9166666666666666,0.9166666666666666,new,rf,7,16,1,240,4713,efc966c-dirty,30.0,2.0
Subject561,60,0.6721885521885522,0.7333333333333333,0.7333333333333333,new,rf,7,16,1,240,4713,efc966c-dirty,30.0,2.0
Subject729,60,0.9305820105820106,0.9333333333333333,0.9333333333333333,new,rf,7,16,1,240,4713,efc966c-dirty,30.0,2.0
Subject819,60,0.8893314093314093,0.9,0.9,new,rf,7,16,1,240,4713,efc966c-dirty,30.0,2.0
Subject139,60,0.9278499278499279,0.9333333333333333,0.9333333333333333,recorded,rf,7,16,1,240,4713,efc966c-dirty,30.0,2.0
Subject147,31,0.9644444444444444,0.9666666666666667,0.967741935483871,recorded,rf,7,16,1,240,4713,efc966c-dirty,30.0,2.0
Subject226,30,0.8977777777777778,0.9,0.9,recorded,rf,7,16,1,240,4713,efc966c-dirty,30.0,2.0
Subject376,60,0.9001443001443,0.9,0.9,recorded,rf,7,16,1,240,4713,efc966c-dirty,30.0,2.0
Subject424,60,0.8286243386243387,0.85,0.85,recorded,rf,7,16,1,240,4713,efc966c-dirty,30.0,2.0
Subject494,60,0.9223280423280423,0.9333333333333333,0.9333333333333333,recorded,rf,7,16,1,240,4713,efc966c-dirty,30.0,2.0
Subject516,30,0.9644444444444444,0.9666666666666667,0.9666666666666667,recorded,rf,7,16,1,240,4713,efc966c-dirty,30.0,2.0
Subject571,30,1.0,1.0,1.0,recorded,rf,7,16,1,240,4713,efc966c-dirty,30.0,2.0
Subject580,90,0.8880230880230879,0.888888888888889,0.8888888888888888,recorded,rf,7,16,1,240,4713,efc966c-dirty,30.0,2.0
Subject611,60,0.9661375661375662,0.9666666666666667,0.9666666666666667,recorded,rf,7,16,1,240,4713,efc966c-dirty,30.0,2.0
Subject731,30,0.9644444444444444,0.9666666666666667,0.9666666666666667,recorded,rf,7,16,1,240,4713,efc966c-dirty,30.0,2.0
Subject741,60,0.8967195767195766,0.9,0.9,recorded,rf,7,16,1,240,4713,efc966c-dirty,30.0,2.0
Subject867,60,0.9096296296296296,0.9166666666666666,0.9166666666666666,recorded,rf,7,16,1,240,4713,efc966c-dirty,30.0,2.0
Subject877,60,1.0,1.0,1.0,recorded,rf,7,16,1,240,4713,efc966c-dirty,30.0,2.0
Subject890,30,0.8825396825396825,0.9,0.9,recorded,rf,7,16,1,240,4713,efc966c-dirty,30.0,2.0
Subject969,30,0.8025396825396826,0.8333333333333334,0.8333333333333334,recorded,rf,7,16,1,240,4713,efc966c-dirty,30.0,2.0
Subject353,60,0.7892255892255892,0.8166666666666667,0.8166666666666667,new,rf,7,16,2,480,9411,efc966c-dirty,30.0,2.0
Subject354,60,0.9492063492063493,0.95,0.95,new,rf,7,16,2,480,9411,efc966c-dirty,30.0,2.0
Subject455,60,0.8723280423280424,0.8833333333333333,0.8833333333333333,new,rf,7,16,2,480,9411,efc966c-dirty,30.0,2.0
Subject561,60,0.7636363636363637,0.7833333333333333,0.7833333333333333,new,rf,7,16,2,480,9411,efc966c-dirty,30.0,2.0
Subject729,60,0.9475132275132275,0.95,0.95,new,rf,7,16,2,480,9411,efc966c-dirty,30.0,2.0
Subject819,60,0.924886964886965,0.9333333333333333,0.9333333333333333,new,rf,7,16,2,480,9411,efc966c-dirty,30.0,2.0
Subject139,60,0.9418181818181818,0.95,0.95,recorded,rf,7,16,2,480,9411,efc966c-dirty,30.0,2.0
Subject147,31,1.0,1.0,1.0,recorded,rf,7,16,2,480,9411,efc966c-dirty,30.0,2.0
Subject226,30,0.9644444444444444,0.9666666666666667,0.9666666666666667,recorded,rf,7,16,2,480,9411,efc966c-dirty,30.0,2.0
Subject376,60,0.9183068783068784,0.9166666666666666,0.9166666666666666,recorded,rf,7,16,2,480,9411,efc966c-dirty,30.0,2.0
Subject424,60,0.8656084656084656,0.8833333333333333,0.8833333333333333,recorded,rf,7,16,2,480,9411,efc966c-dirty,30.0,2.0
Subject494,60,0.9223280423280423,0.9333333333333333,0.9333333333333333,recorded,rf,7,16,2,480,9411,efc966c-dirty,30.0,2.0
Subject516,30,0.9644444444444444,0.9666666666666667,0.9666666666666667,recorded,rf,7,16,2,480,9411,efc966c-dirty,30.0,2.0
Subject571,30,1.0,1.0,1.0,recorded,rf,7,16,2,480,9411,efc966c-dirty,30.0,2.0
Subject580,90,0.8789699189699189,0.888888888888889,0.8888888888888888,recorded,rf,7,16,2,480,9411,efc966c-dirty,30.0,2.0
Subject611,60,0.9830687830687831,0.9833333333333333,0.9833333333333333,recorded,rf,7,16,2,480,9411,efc966c-dirty,30.0,2.0
Subject731,30,0.9644444444444444,0.9666666666666667,0.9666666666666667,recorded,rf,7,16,2,480,9411,efc966c-dirty,30.0,2.0
Subject741,60,0.9136507936507935,0.9166666666666666,0.9166666666666666,recorded,rf,7,16,2,480,9411,efc966c-dirty,30.0,2.0
Subject867,60,0.9096296296296296,0.9166666666666666,0.9166666666666666,recorded,rf,7,16,2,480,9411,efc966c-dirty,30.0,2.0
Subject877,60,1.0,1.0,1.0,recorded,rf,7,16,2,480,9411,efc966c-dirty,30.0,2.0
Subject890,30,0.9111111111111111,0.9333333333333333,0.9333333333333333,recorded,rf,7,16,2,480,9411,efc966c-dirty,30.0,2.0
Subject969,30,0.8825396825396825,0.9,0.9,recorded,rf,7,16,2,480,9411,efc966c-dirty,30.0,2.0
Subject353,60,0.7867917267917268,0.8166666666666667,0.8166666666666667,new,rf,7,17,1,255,5161,efc966c-dirty,30.0,2.0
Subject354,60,0.873035113035113,0.8833333333333333,0.8833333333333333,new,rf,7,17,1,255,5161,efc966c-dirty,30.0,2.0
Subject455,60,0.9139153439153439,0.9166666666666666,0.9166666666666666,new,rf,7,17,1,255,5161,efc966c-dirty,30.0,2.0
Subject561,60,0.6893506493506494,0.7333333333333333,0.7333333333333333,new,rf,7,17,1,255,5161,efc966c-dirty,30.0,2.0
Subject729,60,0.9475132275132275,0.95,0.95,new,rf,7,17,1,255,5161,efc966c-dirty,30.0,2.0
Subject819,60,0.924886964886965,0.9333333333333333,0.9333333333333333,new,rf,7,17,1,255,5161,efc966c-dirty,30.0,2.0
Subject139,60,0.9644444444444444,0.9666666666666667,0.9666666666666667,recorded,rf,7,17,1,255,5161,efc966c-dirty,30.0,2.0
Subject147,31,0.9644444444444444,0.9666666666666667,0.967741935483871,recorded,rf,7,17,1,255,5161,efc966c-dirty,30.0,2.0
Subject226,30,0.8977777777777778,0.9,0.9,recorded,rf,7,17,1,255,5161,efc966c-dirty,30.0,2.0
Subject352,30,0.8755555555555555,0.9,0.9,recorded,rf,7,17,1,255,5161,efc966c-dirty,30.0,2.0
Subject376,60,0.8838095238095237,0.8833333333333333,0.8833333333333333,recorded,rf,7,17,1,255,5161,efc966c-dirty,30.0,2.0
Subject424,60,0.8288888888888889,0.85,0.85,recorded,rf,7,17,1,255,5161,efc966c-dirty,30.0,2.0
Subject494,60,0.8922751322751323,0.9,0.9,recorded,rf,7,17,1,255,5161,efc966c-dirty,30.0,2.0
Subject516,30,0.9333333333333333,0.9333333333333333,0.9333333333333333,recorded,rf,7,17,1,255,5161,efc966c-dirty,30.0,2.0
Subject571,30,1.0,1.0,1.0,recorded,rf,7,17,1,255,5161,efc966c-dirty,30.0,2.0
Subject580,90,0.889062049062049,0.888888888888889,0.8888888888888888,recorded,rf,7,17,1,255,5161,efc966c-dirty,30.0,2.0
Subject611,60,0.9492063492063493,0.95,0.95,recorded,rf,7,17,1,255,5161,efc966c-dirty,30.0,2.0
Subject731,30,0.9644444444444444,0.9666666666666667,0.9666666666666667,recorded,rf,7,17,1,255,5161,efc966c-dirty,30.0,2.0
Subject741,60,0.8967195767195766,0.9,0.9,recorded,rf,7,17,1,255,5161,efc966c-dirty,30.0,2.0
Subject867,60,0.9096296296296296,0.9166666666666666,0.9166666666666666,recorded,rf,7,17,1,255,5161,efc966c-dirty,30.0,2.0
Subject877,60,1.0,1.0,1.0,recorded,rf,7,17,1,255,5161,efc966c-dirty,30.0,2.0
Subject890,30,0.9111111111111111,0.9333333333333333,0.9333333333333333,recorded,rf,7,17,1,255,5161,efc966c-dirty,30.0,2.0
Subject969,30,0.8025396825396826,0.8333333333333334,0.8333333333333334,recorded,rf,7,17,1,255,5161,efc966c-dirty,30.0,2.0
Subject353,60,0.7892255892255892,0.8166666666666667,0.8166666666666667,new,rf,7,17,2,510,10277,efc966c-dirty,30.0,2.0
Subject354,60,0.9661375661375662,0.9666666666666667,0.9666666666666667,new,rf,7,17,2,510,10277,efc966c-dirty,30.0,2.0
Subject455,60,0.9312169312169313,0.9333333333333333,0.9333333333333333,new,rf,7,17,2,510,10277,efc966c-dirty,30.0,2.0
Subject561,60,0.7636363636363637,0.7833333333333333,0.7833333333333333,new,rf,7,17,2,510,10277,efc966c-dirty,30.0,2.0
Subject729,60,0.9830687830687831,0.9833333333333333,0.9833333333333333,new,rf,7,17,2,510,10277,efc966c-dirty,30.0,2.0
Subject819,60,0.924886964886965,0.9333333333333333,0.9333333333333333,new,rf,7,17,2,510,10277,efc966c-dirty,30.0,2.0
Subject139,60,0.9418181818181818,0.95,0.95,recorded,rf,7,17,2,510,10277,efc966c-dirty,30.0,2.0
Subject147,31,1.0,1.0,1.0,recorded,rf,7,17,2,510,10277,efc966c-dirty,30.0,2.0
Subject226,30,0.9333333333333332,0.9333333333333333,0.9333333333333333,recorded,rf,7,17,2,510,10277,efc966c-dirty,30.0,2.0
Subject352,30,0.8755555555555555,0.9,0.9,recorded,rf,7,17,2,510,10277,efc966c-dirty,30.0,2.0
Subject376,60,0.9183068783068784,0.9166666666666666,0.9166666666666666,recorded,rf,7,17,2,510,10277,efc966c-dirty,30.0,2.0
Subject424,60,0.8656084656084656,0.8833333333333333,0.8833333333333333,recorded,rf,7,17,2,510,10277,efc966c-dirty,30.0,2.0
Subject494,60,0.924886964886965,0.9333333333333333,0.9333333333333333,recorded,rf,7,17,2,510,10277,efc966c-dirty,30.0,2.0
Subject516,30,0.9333333333333333,0.9333333333333333,0.9333333333333333,recorded,rf,7,17,2,510,10277,efc966c-dirty,30.0,2.0
Subject571,30,1.0,1.0,1.0,recorded,rf,7,17,2,510,10277,efc966c-dirty,30.0,2.0
Subject580,90,0.9321933621933621,0.9333333333333333,0.9333333333333333,recorded,rf,7,17,2,510,10277,efc966c-dirty,30.0,2.0
Subject611,60,0.9830687830687831,0.9833333333333333,0.9833333333333333,recorded,rf,7,17,2,510,10277,efc966c-dirty,30.0,2.0
Subject731,30,0.9644444444444444,0.9666666666666667,0.9666666666666667,recorded,rf,7,17,2,510,10277,efc966c-dirty,30.0,2.0
Subject741,60,0.9644444444444444,0.9666666666666667,0.9666666666666667,recorded,rf,7,17,2,510,10277,efc966c-dirty,30.0,2.0
Subject867,60,0.9096296296296296,0.9166666666666666,0.9166666666666666,recorded,rf,7,17,2,510,10277,efc966c-dirty,30.0,2.0
Subject877,60,1.0,1.0,1.0,recorded,rf,7,17,2,510,10277,efc966c-dirty,30.0,2.0
Subject890,30,0.9111111111111111,0.9333333333333333,0.9333333333333333,recorded,rf,7,17,2,510,10277,efc966c-dirty,30.0,2.0
Subject969,30,0.8333333333333334,0.8666666666666667,0.8666666666666667,recorded,rf,7,17,2,510,10277,efc966c-dirty,30.0,2.0
Subject352,30,0.8222222222222222,0.8333333333333334,0.8333333333333334,new,rf,8,2,1,30,606,efc966c-dirty,30.0,2.0
Subject376,60,0.49042328042328037,0.5666666666666667,0.5666666666666667,new,rf,8,2,1,30,606,efc966c-dirty,30.0,2.0
Subject494,60,0.3646492940610587,0.45,0.45,new,rf,8,2,1,30,606,efc966c-dirty,30.0,2.0
Subject561,60,0.6903030303030303,0.75,0.75,new,rf,8,2,1,30,606,efc966c-dirty,30.0,2.0
Subject571,30,0.6355555555555555,0.7,0.7,new,rf,8,2,1,30,606,efc966c-dirty,30.0,2.0
Subject969,30,0.5111111111111112,0.6,0.6,new,rf,8,2,1,30,606,efc966c-dirty,30.0,2.0
Subject455,60,0.9506878306878307,0.95,0.95,recorded,rf,8,2,1,30,606,efc966c-dirty,30.0,2.0
Subject729,60,0.9830687830687831,0.9833333333333333,0.9833333333333333,recorded,rf,8,2,1,30,606,efc966c-dirty,30.0,2.0
Subject352,30,0.8222222222222222,0.8666666666666667,0.8666666666666667,new,rf,8,2,2,60,1212,efc966c-dirty,30.0,2.0
Subject376,60,0.5043530325883266,0.5666666666666667,0.5666666666666667,new,rf,8,2,2,60,1212,efc966c-dirty,30.0,2.0
Subject494,60,0.4101731601731602,0.48333333333333334,0.48333333333333334,new,rf,8,2,2,60,1212,efc966c-dirty,30.0,2.0
Subject561,60,0.6644444444444445,0.7333333333333333,0.7333333333333333,new,rf,8,2,2,60,1212,efc966c-dirty,30.0,2.0
Subject571,30,0.6555555555555554,0.7333333333333333,0.7333333333333333,new,rf,8,2,2,60,1212,efc966c-dirty,30.0,2.0
Subject969,30,0.5111111111111112,0.6,0.6,new,rf,8,2,2,60,1212,efc966c-dirty,30.0,2.0
Subject455,60,0.9661375661375663,0.9666666666666667,0.9666666666666667,recorded,rf,8,2,2,60,1212,efc966c-dirty,30.0,2.0
Subject729,60,1.0,1.0,1.0,recorded,rf,8,2,2,60,1212,efc966c-dirty,30.0,2.0
Subject352,30,0.8088888888888889,0.8333333333333334,0.8333333333333334,new,rf,8,4,1,60,1093,efc966c-dirty,30.0,2.0
Subject376,60,0.69505291005291,0.7166666666666667,0.7166666666666667,new,rf,8,4,1,60,1093,efc966c-dirty,30.0,2.0
Subject494,60,0.5358730158730158,0.6166666666666667,0.6166666666666667,new,rf,8,4,1,60,1093,efc966c-dirty,30.0,2.0
Subject561,60,0.6521885521885522,0.7333333333333333,0.7333333333333333,new,rf,8,4,1,60,1093,efc966c-dirty,30.0,2.0
Subject571,30,0.7185185185185184,0.7666666666666667,0.7666666666666667,new,rf,8,4,1,60,1093,efc966c-dirty,30.0,2.0
Subject969,30,0.6,0.6666666666666666,0.6666666666666666,new,rf,8,4,1,60,1093,efc966c-dirty,30.0,2.0
Subject455,60,0.9830687830687831,0.9833333333333333,0.9833333333333333,recorded,rf,8,4,1,60,1093,efc966c-dirty,30.0,2.0
Subject729,60,0.9830687830687831,0.9833333333333333,0.9833333333333333,recorded,rf,8,4,1,60,1093,efc966c-dirty,30.0,2.0
Subject741,60,0.897142857142857,0.9,0.9,recorded,rf,8,4,1,60,1093,efc966c-dirty,30.0,2.0
Subject867,60,0.9481481481481481,0.95,0.95,recorded,rf,8,4,1,60,1093,efc966c-dirty,30.0,2.0
Subject352,30,0.8266666666666665,0.8666666666666667,0.8666666666666667,new,rf,8,4,2,120,2161,efc966c-dirty,30.0,2.0
Subject376,60,0.711984126984127,0.7333333333333333,0.7333333333333333,new,rf,8,4,2,120,2161,efc966c-dirty,30.0,2.0
Subject494,60,0.568061568061568,0.65,0.65,new,rf,8,4,2,120,2161,efc966c-dirty,30.0,2.0
Subject561,60,0.6733333333333333,0.7333333333333333,0.7333333333333333,new,rf,8,4,2,120,2161,efc966c-dirty,30.0,2.0
Subject571,30,0.7977777777777778,0.8333333333333334,0.8333333333333334,new,rf,8,4,2,120,2161,efc966c-dirty,30.0,2.0
Subject969,30,0.6,0.6666666666666666,0.6666666666666666,new,rf,8,4,2,120,2161,efc966c-dirty,30.0,2.0
Subject455,60,0.9830687830687831,0.9833333333333333,0.9833333333333333,recorded,rf,8,4,2,120,2161,efc966c-dirty,30.0,2.0
Subject729,60,0.9830687830687831,0.9833333333333333,0.9833333333333333,recorded,rf,8,4,2,120,2161,efc966c-dirty,30.0,2.0
Subject741,60,0.9497354497354498,0.95,0.95,recorded,rf,8,4,2,120,2161,efc966c-dirty,30.0,2.0
Subject867,60,0.9481481481481481,0.95,0.95,recorded,rf,8,4,2,120,2161,efc966c-dirty,30.0,2.0
Subject352,30,0.7555555555555554,0.8,0.8,new,rf,8,6,1,90,1769,efc966c-dirty,30.0,2.0
Subject376,60,0.7434676434676434,0.7666666666666667,0.7666666666666667,new,rf,8,6,1,90,1769,efc966c-dirty,30.0,2.0
Subject494,60,0.5448677248677248,0.6,0.6,new,rf,8,6,1,90,1769,efc966c-dirty,30.0,2.0
Subject561,60,0.7088888888888889,0.7666666666666667,0.7666666666666667,new,rf,8,6,1,90,1769,efc966c-dirty,30.0,2.0
Subject571,30,0.7444444444444444,0.8,0.8,new,rf,8,6,1,90,1769,efc966c-dirty,30.0,2.0
Subject969,30,0.5777777777777778,0.6333333333333333,0.6333333333333333,new,rf,8,6,1,90,1769,efc966c-dirty,30.0,2.0
Subject455,60,0.962962962962963,0.9666666666666667,0.9666666666666667,recorded,rf,8,6,1,90,1769,efc966c-dirty,30.0,2.0
Subject729,60,0.9644444444444444,0.9666666666666667,0.9666666666666667,recorded,rf,8,6,1,90,1769,efc966c-dirty,30.0,2.0
Subject731,30,0.9111111111111111,0.9333333333333333,0.9333333333333333,recorded,rf,8,6,1,90,1769,efc966c-dirty,30.0,2.0
Subject741,60,0.9104761904761904,0.9166666666666666,0.9166666666666666,recorded,rf,8,6,1,90,1769,efc966c-dirty,30.0,2.0
Subject819,60,0.8656084656084656,0.8833333333333333,0.8833333333333333,recorded,rf,8,6,1,90,1769,efc966c-dirty,30.0,2.0
Subject867,60,0.9311111111111111,0.9333333333333333,0.9333333333333333,recorded,rf,8,6,1,90,1769,efc966c-dirty,30.0,2.0
Subject352,30,0.8444444444444444,0.8666666666666667,0.8666666666666667,new,rf,8,6,2,180,3490,efc966c-dirty,30.0,2.0
Subject376,60,0.7774603174603174,0.7833333333333333,0.7833333333333333,new,rf,8,6,2,180,3490,efc966c-dirty,30.0,2.0
Subject494,60,0.507089947089947,0.5833333333333334,0.5833333333333334,new,rf,8,6,2,180,3490,efc966c-dirty,30.0,2.0
Subject561,60,0.691957671957672,0.75,0.75,new,rf,8,6,2,180,3490,efc966c-dirty,30.0,2.0
Subject571,30,0.7444444444444444,0.8,0.8,new,rf,8,6,2,180,3490,efc966c-dirty,30.0,2.0
Subject969,30,0.6577777777777778,0.7,0.7,new,rf,8,6,2,180,3490,efc966c-dirty,30.0,2.0
Subject455,60,0.962962962962963,0.9666666666666667,0.9666666666666667,recorded,rf,8,6,2,180,3490,efc966c-dirty,30.0,2.0
Subject729,60,0.9830687830687831,0.9833333333333333,0.9833333333333333,recorded,rf,8,6,2,180,3490,efc966c-dirty,30.0,2.0
Subject731,30,1.0,1.0,1.0,recorded,rf,8,6,2,180,3490,efc966c-dirty,30.0,2.0
Subject741,60,0.9666666666666667,0.9666666666666667,0.9666666666666667,recorded,rf,8,6,2,180,3490,efc966c-dirty,30.0,2.0
Subject819,60,0.8656084656084656,0.8833333333333333,0.8833333333333333,recorded,rf,8,6,2,180,3490,efc966c-dirty,30.0,2.0
Subject867,60,0.9311111111111111,0.9333333333333333,0.9333333333333333,recorded,rf,8,6,2,180,3490,efc966c-dirty,30.0,2.0
Subject352,30,0.7644444444444445,0.8,0.8,new,rf,8,8,1,120,2407,efc966c-dirty,30.0,2.0
Subject376,60,0.7720634920634919,0.8,0.8,new,rf,8,8,1,120,2407,efc966c-dirty,30.0,2.0
Subject494,60,0.43407407407407406,0.5166666666666667,0.5166666666666667,new,rf,8,8,1,120,2407,efc966c-dirty,30.0,2.0
Subject561,60,0.6555555555555554,0.7333333333333333,0.7333333333333333,new,rf,8,8,1,120,2407,efc966c-dirty,30.0,2.0
Subject571,30,0.7444444444444444,0.8,0.8,new,rf,8,8,1,120,2407,efc966c-dirty,30.0,2.0
Subject969,30,0.6,0.6666666666666666,0.6666666666666666,new,rf,8,8,1,120,2407,efc966c-dirty,30.0,2.0
Subject353,60,0.8729292929292929,0.8833333333333333,0.8833333333333333,recorded,rf,8,8,1,120,2407,efc966c-dirty,30.0,2.0
Subject455,60,0.9830687830687831,0.9833333333333333,0.9833333333333333,recorded,rf,8,8,1,120,2407,efc966c-dirty,30.0,2.0
Subject580,90,0.9088755688755689,0.9111111111111112,0.9111111111111111,recorded,rf,8,8,1,120,2407,efc966c-dirty,30.0,2.0
Subject729,60,0.9830687830687831,0.9833333333333333,0.9833333333333333,recorded,rf,8,8,1,120,2407,efc966c-dirty,30.0,2.0
Subject731,30,0.9644444444444444,0.9666666666666667,0.9666666666666667,recorded,rf,8,8,1,120,2407,efc966c-dirty,30.0,2.0
Subject741,60,0.8867724867724868,0.9,0.9,recorded,rf,8,8,1,120,2407,efc966c-dirty,30.0,2.0
Subject819,60,0.8941798941798942,0.9166666666666666,0.9166666666666666,recorded,rf,8,8,1,120,2407,efc966c-dirty,30.0,2.0
Subject867,60,0.9119769119769121,0.9166666666666666,0.9166666666666666,recorded,rf,8,8,1,120,2407,efc966c-dirty,30.0,2.0
Subject352,30,0.8088888888888889,0.8333333333333334,0.8333333333333334,new,rf,8,8,2,240,4678,efc966c-dirty,30.0,2.0
Subject376,60,0.7253968253968253,0.7666666666666667,0.7666666666666667,new,rf,8,8,2,240,4678,efc966c-dirty,30.0,2.0
Subject494,60,0.5587493987493988,0.6166666666666667,0.6166666666666667,new,rf,8,8,2,240,4678,efc966c-dirty,30.0,2.0
Subject561,60,0.6514285714285715,0.7166666666666667,0.7166666666666667,new,rf,8,8,2,240,4678,efc966c-dirty,30.0,2.0
Subject571,30,0.7977777777777778,0.8333333333333334,0.8333333333333334,new,rf,8,8,2,240,4678,efc966c-dirty,30.0,2.0
Subject969,30,0.6577777777777778,0.7,0.7,new,rf,8,8,2,240,4678,efc966c-dirty,30.0,2.0
Subject353,60,0.8307070707070707,0.85,0.85,recorded,rf,8,8,2,240,4678,efc966c-dirty,30.0,2.0
Subject455,60,1.0,1.0,1.0,recorded,rf,8,8,2,240,4678,efc966c-dirty,30.0,2.0
Subject580,90,0.9092329892329892,0.9111111111111111,0.9111111111111111,recorded,rf,8,8,2,240,4678,efc966c-dirty,30.0,2.0
Subject729,60,0.9830687830687831,0.9833333333333333,0.9833333333333333,recorded,rf,8,8,2,240,4678,efc966c-dirty,30.0,2.0
Subject731,30,1.0,1.0,1.0,recorded,rf,8,8,2,240,4678,efc966c-dirty,30.0,2.0
Subject741,60,0.9311111111111111,0.9333333333333333,0.9333333333333333,recorded,rf,8,8,2,240,4678,efc966c-dirty,30.0,2.0
Subject819,60,0.8941798941798942,0.9166666666666666,0.9166666666666666,recorded,rf,8,8,2,240,4678,efc966c-dirty,30.0,2.0
Subject867,60,0.9311111111111111,0.9333333333333333,0.9333333333333333,recorded,rf,8,8,2,240,4678,efc966c-dirty,30.0,2.0
Subject352,30,0.7555555555555554,0.8,0.8,new,rf,8,12,1,180,3583,efc966c-dirty,30.0,2.0
Subject376,60,0.7823953823953824,0.8166666666666667,0.8166666666666667,new,rf,8,12,1,180,3583,efc966c-dirty,30.0,2.0
Subject494,60,0.5699663299663301,0.6333333333333333,0.6333333333333333,new,rf,8,12,1,180,3583,efc966c-dirty,30.0,2.0
Subject561,60,0.7047619047619047,0.7666666666666667,0.7666666666666667,new,rf,8,12,1,180,3583,efc966c-dirty,30.0,2.0
Subject571,30,0.7444444444444444,0.8,0.8,new,rf,8,12,1,180,3583,efc966c-dirty,30.0,2.0
Subject969,30,0.5822222222222222,0.6666666666666666,0.6666666666666666,new,rf,8,12,1,180,3583,efc966c-dirty,30.0,2.0
Subject139,60,0.9062626262626262,0.9166666666666666,0.9166666666666666,recorded,rf,8,12,1,180,3583,efc966c-dirty,30.0,2.0
Subject226,30,0.9111111111111111,0.9333333333333333,0.9333333333333333,recorded,rf,8,12,1,180,3583,efc966c-dirty,30.0,2.0
Subject353,60,0.8430880230880232,0.85,0.85,recorded,rf,8,12,1,180,3583,efc966c-dirty,30.0,2.0
Subject455,60,0.9830687830687831,0.9833333333333333,0.9833333333333333,recorded,rf,8,12,1,180,3583,efc966c-dirty,30.0,2.0
Subject516,30,0.9111111111111111,0.9333333333333333,0.9333333333333333,recorded,rf,8,12,1,180,3583,efc966c-dirty,30.0,2.0
Subject580,90,0.9317327117327117,0.9333333333333335,0.9333333333333333,recorded,rf,8,12,1,180,3583,efc966c-dirty,30.0,2.0
Subject729,60,0.9661375661375662,0.9666666666666667,0.9666666666666667,recorded,rf,8,12,1,180,3583,efc966c-dirty,30.0,2.0
Subject731,30,0.9644444444444444,0.9666666666666667,0.9666666666666667,recorded,rf,8,12,1,180,3583,efc966c-dirty,30.0,2.0
Subject741,60,0.9053968253968255,0.9166666666666666,0.9166666666666666,recorded,rf,8,12,1,180,3583,efc966c-dirty,30.0,2.0
Subject819,60,0.8941798941798942,0.9166666666666666,0.9166666666666666,recorded,rf,8,12,1,180,3583,efc966c-dirty,30.0,2.0
Subject867,60,0.8888888888888888,0.9,0.9,recorded,rf,8,12,1,180,3583,efc966c-dirty,30.0,2.0
Subject890,30,0.8825396825396825,0.9,0.9,recorded,rf,8,12,1,180,3583,efc966c-dirty,30.0,2.0
Subject352,30,0.8444444444444444,0.8666666666666667,0.8666666666666667,new,rf,8,12,2,360,7076,efc966c-dirty,30.0,2.0
Subject376,60,0.8266859066859067,0.85,0.85,new,rf,8,12,2,360,7076,efc966c-dirty,30.0,2.0
Subject494,60,0.5937373737373739,0.65,0.65,new,rf,8,12,2,360,7076,efc966c-dirty,30.0,2.0
Subject561,60,0.6869841269841269,0.75,0.75,new,rf,8,12,2,360,7076,efc966c-dirty,30.0,2.0
Subject571,30,0.7977777777777778,0.8333333333333334,0.8333333333333334,new,rf,8,12,2,360,7076,efc966c-dirty,30.0,2.0
Subject969,30,0.5822222222222222,0.6666666666666666,0.6666666666666666,new,rf,8,12,2,360,7076,efc966c-dirty,30.0,2.0
Subject139,60,0.9644444444444444,0.9666666666666667,0.9666666666666667,recorded,rf,8,12,2,360,7076,efc966c-dirty,30.0,2.0
Subject226,30,0.9644444444444444,0.9666666666666667,0.9666666666666667,recorded,rf,8,12,2,360,7076,efc966c-dirty,30.0,2.0
Subject353,60,0.8197210197210197,0.85,0.85,recorded,rf,8,12,2,360,7076,efc966c-dirty,30.0,2.0
Subject455,60,1.0,1.0,1.0,recorded,rf,8,12,2,360,7076,efc966c-dirty,30.0,2.0
Subject516,30,0.9644444444444444,0.9666666666666667,0.9666666666666667,recorded,rf,8,12,2,360,7076,efc966c-dirty,30.0,2.0
Subject580,90,0.9553224553224553,0.9555555555555557,0.9555555555555556,recorded,rf,8,12,2,360,7076,efc966c-dirty,30.0,2.0
Subject729,60,0.9830687830687831,0.9833333333333333,0.9833333333333333,recorded,rf,8,12,2,360,7076,efc966c-dirty,30.0,2.0
Subject731,30,1.0,1.0,1.0,recorded,rf,8,12,2,360,7076,efc966c-dirty,30.0,2.0
Subject741,60,0.9475132275132275,0.95,0.95,recorded,rf,8,12,2,360,7076,efc966c-dirty,30.0,2.0
Subject819,60,0.8941798941798942,0.9166666666666666,0.9166666666666666,recorded,rf,8,12,2,360,7076,efc966c-dirty,30.0,2.0
Subject867,60,0.9119769119769121,0.9166666666666666,0.9166666666666666,recorded,rf,8,12,2,360,7076,efc966c-dirty,30.0,2.0
Subject890,30,1.0,1.0,1.0,recorded,rf,8,12,2,360,7076,efc966c-dirty,30.0,2.0
Subject352,30,0.7777777777777778,0.8,0.8,new,rf,8,16,1,240,4658,efc966c-dirty,30.0,2.0
Subject376,60,0.8193650793650793,0.8333333333333334,0.8333333333333334,new,rf,8,16,1,240,4658,efc966c-dirty,30.0,2.0
Subject494,60,0.5432996632996634,0.6166666666666667,0.6166666666666667,new,rf,8,16,1,240,4658,efc966c-dirty,30.0,2.0
Subject561,60,0.6844444444444444,0.75,0.75,new,rf,8,16,1,240,4658,efc966c-dirty,30.0,2.0
Subject571,30,0.7444444444444444,0.8,0.8,new,rf,8,16,1,240,4658,efc966c-dirty,30.0,2.0
Subject969,30,0.5911111111111111,0.6666666666666666,0.6666666666666666,new,rf,8,16,1,240,4658,efc966c-dirty,30.0,2.0
Subject139,60,0.9644444444444444,0.9666666666666667,0.9666666666666667,recorded,rf,8,16,1,240,4658,efc966c-dirty,30.0,2.0
Subject226,30,0.9111111111111111,0.9333333333333333,0.9333333333333333,recorded,rf,8,16,1,240,4658,efc966c-dirty,30.0,2.0
Subject353,60,0.8601250601250602,0.8666666666666667,0.8666666666666667,recorded,rf,8,16,1,240,4658,efc966c-dirty,30.0,2.0
Subject354,60,0.9661375661375663,0.9666666666666667,0.9666666666666667,recorded,rf,8,16,1,240,4658,efc966c-dirty,30.0,2.0
Subject424,60,0.8656084656084656,0.8833333333333333,0.8833333333333333,recorded,rf,8,16,1,240,4658,efc966c-dirty,30.0,2.0
Subject455,60,1.0,1.0,1.0,recorded,rf,8,16,1,240,4658,efc966c-dirty,30.0,2.0
Subject516,30,0.8755555555555555,0.9,0.9,recorded,rf,8,16,1,240,4658,efc966c-dirty,30.0,2.0
Subject580,90,0.9227661227661227,0.9222222222222224,0.9222222222222223,recorded,rf,8,16,1,240,4658,efc966c-dirty,30.0,2.0
Subject611,60,0.9475132275132275,0.95,0.95,recorded,rf,8,16,1,240,4658,efc966c-dirty,30.0,2.0
Subject729,60,0.9494708994708995,0.95,0.95,recorded,rf,8,16,1,240,4658,efc966c-dirty,30.0,2.0
Subject731,30,0.9311111111111111,0.9333333333333333,0.9333333333333333,recorded,rf,8,16,1,240,4658,efc966c-dirty,30.0,2.0
Subject741,60,0.9291005291005291,0.9333333333333333,0.9333333333333333,recorded,rf,8,16,1,240,4658,efc966c-dirty,30.0,2.0
Subject819,60,0.8941798941798942,0.9166666666666666,0.9166666666666666,recorded,rf,8,16,1,240,4658,efc966c-dirty,30.0,2.0
Subject867,60,0.8888888888888888,0.9,0.9,recorded,rf,8,16,1,240,4658,efc966c-dirty,30.0,2.0
Subject877,60,0.9830687830687831,0.9833333333333333,0.9833333333333333,recorded,rf,8,16,1,240,4658,efc966c-dirty,30.0,2.0
Subject890,30,0.8380952380952381,0.8666666666666667,0.8666666666666667,recorded,rf,8,16,1,240,4658,efc966c-dirty,30.0,2.0
Subject352,30,0.8444444444444444,0.8666666666666667,0.8666666666666667,new,rf,8,16,2,480,9233,efc966c-dirty,30.0,2.0
Subject376,60,0.8573737373737373,0.8666666666666667,0.8666666666666667,new,rf,8,16,2,480,9233,efc966c-dirty,30.0,2.0
Subject494,60,0.6102277678748268,0.6666666666666666,0.6666666666666666,new,rf,8,16,2,480,9233,efc966c-dirty,30.0,2.0
Subject561,60,0.6884848484848486,0.75,0.75,new,rf,8,16,2,480,9233,efc966c-dirty,30.0,2.0
Subject571,30,0.7444444444444444,0.8,0.8,new,rf,8,16,2,480,9233,efc966c-dirty,30.0,2.0
Subject969,30,0.6311111111111111,0.6666666666666666,0.6666666666666666,new,rf,8,16,2,480,9233,efc966c-dirty,30.0,2.0
Subject139,60,0.9830687830687831,0.9833333333333333,0.9833333333333333,recorded,rf,8,16,2,480,9233,efc966c-dirty,30.0,2.0
Subject226,30,0.9644444444444444,0.9666666666666667,0.9666666666666667,recorded,rf,8,16,2,480,9233,efc966c-dirty,30.0,2.0
Subject353,60,0.7995622895622895,0.8333333333333334,0.8333333333333334,recorded,rf,8,16,2,480,9233,efc966c-dirty,30.0,2.0
Subject354,60,0.9830687830687831,0.9833333333333333,0.9833333333333333,recorded,rf,8,16,2,480,9233,efc966c-dirty,30.0,2.0
Subject424,60,0.8685388685388685,0.8833333333333333,0.8833333333333333,recorded,rf,8,16,2,480,9233,efc966c-dirty,30.0,2.0
Subject455,60,1.0,1.0,1.0,recorded,rf,8,16,2,480,9233,efc966c-dirty,30.0,2.0
Subject516,30,0.9644444444444444,0.9666666666666667,0.9666666666666667,recorded,rf,8,16,2,480,9233,efc966c-dirty,30.0,2.0
Subject580,90,0.9234987234987234,0.9222222222222224,0.9222222222222223,recorded,rf,8,16,2,480,9233,efc966c-dirty,30.0,2.0
Subject611,60,0.9661375661375663,0.9666666666666667,0.9666666666666667,recorded,rf,8,16,2,480,9233,efc966c-dirty,30.0,2.0
Subject729,60,0.9830687830687831,0.9833333333333333,0.9833333333333333,recorded,rf,8,16,2,480,9233,efc966c-dirty,30.0,2.0
Subject731,30,1.0,1.0,1.0,recorded,rf,8,16,2,480,9233,efc966c-dirty,30.0,2.0
Subject741,60,0.9497354497354498,0.95,0.95,recorded,rf,8,16,2,480,9233,efc966c-dirty,30.0,2.0
Subject819,60,0.8941798941798942,0.9166666666666666,0.9166666666666666,recorded,rf,8,16,2,480,9233,efc966c-dirty,30.0,2.0
Subject867,60,0.8711111111111111,0.8833333333333333,0.8833333333333333,recorded,rf,8,16,2,480,9233,efc966c-dirty,30.0,2.0
Subject877,60,1.0,1.0,1.0,recorded,rf,8,16,2,480,9233,efc966c-dirty,30.0,2.0
Subject890,30,0.9644444444444444,0.9666666666666667,0.9666666666666667,recorded,rf,8,16,2,480,9233,efc966c-dirty,30.0,2.0
Subject352,30,0.8444444444444444,0.8666666666666667,0.8666666666666667,new,rf,8,17,1,255,4929,efc966c-dirty,30.0,2.0
Subject376,60,0.8062049062049061,0.8166666666666667,0.8166666666666667,new,rf,8,17,1,255,4929,efc966c-dirty,30.0,2.0
Subject494,60,0.47958803723509613,0.5666666666666667,0.5666666666666667,new,rf,8,17,1,255,4929,efc966c-dirty,30.0,2.0
Subject561,60,0.6555555555555554,0.7333333333333333,0.7333333333333333,new,rf,8,17,1,255,4929,efc966c-dirty,30.0,2.0
Subject571,30,0.7444444444444444,0.8,0.8,new,rf,8,17,1,255,4929,efc966c-dirty,30.0,2.0
Subject969,30,0.5733333333333334,0.6333333333333333,0.6333333333333333,new,rf,8,17,1,255,4929,efc966c-dirty,30.0,2.0
Subject139,60,1.0,1.0,1.0,recorded,rf,8,17,1,255,4929,efc966c-dirty,30.0,2.0
Subject147,31,0.9644444444444444,0.9666666666666667,0.967741935483871,recorded,rf,8,17,1,255,4929,efc966c-dirty,30.0,2.0
Subject226,30,0.9111111111111111,0.9333333333333333,0.9333333333333333,recorded,rf,8,17,1,255,4929,efc966c-dirty,30.0,2.0
Subject353,60,0.8173737373737374,0.85,0.85,recorded,rf,8,17,1,255,4929,efc966c-dirty,30.0,2.0
Subject354,60,0.9305820105820106,0.9333333333333333,0.9333333333333333,recorded,rf,8,17,1,255,4929,efc966c-dirty,30.0,2.0
Subject424,60,0.8442002442002443,0.8666666666666667,0.8666666666666667,recorded,rf,8,17,1,255,4929,efc966c-dirty,30.0,2.0
Subject455,60,1.0,1.0,1.0,recorded,rf,8,17,1,255,4929,efc966c-dirty,30.0,2.0
Subject516,30,0.8755555555555555,0.9,0.9,recorded,rf,8,17,1,255,4929,efc966c-dirty,30.0,2.0
Subject580,90,0.9106449106449105,0.9111111111111112,0.9111111111111111,recorded,rf,8,17,1,255,4929,efc966c-dirty,30.0,2.0
Subject611,60,0.9475132275132275,0.95,0.95,recorded,rf,8,17,1,255,4929,efc966c-dirty,30.0,2.0
Subject729,60,0.9830687830687831,0.9833333333333333,0.9833333333333333,recorded,rf,8,17,1,255,4929,efc966c-dirty,30.0,2.0
Subject731,30,0.9644444444444444,0.9666666666666667,0.9666666666666667,recorded,rf,8,17,1,255,4929,efc966c-dirty,30.0,2.0
Subject741,60,0.9492063492063493,0.95,0.95,recorded,rf,8,17,1,255,4929,efc966c-dirty,30.0,2.0
Subject819,60,0.8941798941798942,0.9166666666666666,0.9166666666666666,recorded,rf,8,17,1,255,4929,efc966c-dirty,30.0,2.0
Subject867,60,0.9311111111111111,0.9333333333333333,0.9333333333333333,recorded,rf,8,17,1,255,4929,efc966c-dirty,30.0,2.0
Subject877,60,1.0,1.0,1.0,recorded,rf,8,17,1,255,4929,efc966c-dirty,30.0,2.0
Subject890,30,0.8333333333333334,0.8666666666666667,0.8666666666666667,recorded,rf,8,17,1,255,4929,efc966c-dirty,30.0,2.0
Subject352,30,0.8444444444444444,0.8666666666666667,0.8666666666666667,new,rf,8,17,2,510,9770,efc966c-dirty,30.0,2.0
Subject376,60,0.8573737373737373,0.8666666666666667,0.8666666666666667,new,rf,8,17,2,510,9770,efc966c-dirty,30.0,2.0
Subject494,60,0.5795206971677561,0.65,0.65,new,rf,8,17,2,510,9770,efc966c-dirty,30.0,2.0
Subject561,60,0.6884848484848486,0.75,0.75,new,rf,8,17,2,510,9770,efc966c-dirty,30.0,2.0
Subject571,30,0.7977777777777778,0.8333333333333334,0.8333333333333334,new,rf,8,17,2,510,9770,efc966c-dirty,30.0,2.0
Subject969,30,0.6311111111111111,0.6666666666666666,0.6666666666666666,new,rf,8,17,2,510,9770,efc966c-dirty,30.0,2.0
Subject139,60,1.0,1.0,1.0,recorded,rf,8,17,2,510,9770,efc966c-dirty,30.0,2.0
Subject147,31,0.9644444444444444,0.9666666666666667,0.967741935483871,recorded,rf,8,17,2,510,9770,efc966c-dirty,30.0,2.0
Subject226,30,1.0,1.0,1.0,recorded,rf,8,17,2,510,9770,efc966c-dirty,30.0,2.0
Subject353,60,0.7995622895622895,0.8333333333333334,0.8333333333333334,recorded,rf,8,17,2,510,9770,efc966c-dirty,30.0,2.0
Subject354,60,0.9661375661375663,0.9666666666666667,0.9666666666666667,recorded,rf,8,17,2,510,9770,efc966c-dirty,30.0,2.0
Subject424,60,0.8825396825396825,0.9,0.9,recorded,rf,8,17,2,510,9770,efc966c-dirty,30.0,2.0
Subject455,60,1.0,1.0,1.0,recorded,rf,8,17,2,510,9770,efc966c-dirty,30.0,2.0
Subject516,30,0.9644444444444444,0.9666666666666667,0.9666666666666667,recorded,rf,8,17,2,510,9770,efc966c-dirty,30.0,2.0
Subject580,90,0.9239538239538237,0.9222222222222224,0.9222222222222223,recorded,rf,8,17,2,510,9770,efc966c-dirty,30.0,2.0
Subject611,60,0.9830687830687831,0.9833333333333333,0.9833333333333333,recorded,rf,8,17,2,510,9770,efc966c-dirty,30.0,2.0
Subject729,60,0.9830687830687831,0.9833333333333333,0.9833333333333333,recorded,rf,8,17,2,510,9770,efc966c-dirty,30.0,2.0
Subject731,30,1.0,1.0,1.0,recorded,rf,8,17,2,510,9770,efc966c-dirty,30.0,2.0
Subject741,60,0.9497354497354498,0.95,0.95,recorded,rf,8,17,2,510,9770,efc966c-dirty,30.0,2.0
Subject819,60,0.8656084656084656,0.8833333333333333,0.8833333333333333,recorded,rf,8,17,2,510,9770,efc966c-dirty,30.0,2.0
Subject867,60,0.9311111111111111,0.9333333333333333,0.9333333333333333,recorded,rf,8,17,2,510,9770,efc966c-dirty,30.0,2.0
Subject877,60,1.0,1.0,1.0,recorded,rf,8,17,2,510,9770,efc966c-dirty,30.0,2.0
Subject890,30,0.9644444444444444,0.9666666666666667,0.9666666666666667,recorded,rf,8,17,2,510,9770,efc966c-dirty,30.0,2.0
Subject139,60,0.641077441077441,0.7333333333333333,0.7333333333333333,new,rf,9,2,1,30,648,efc966c-dirty,30.0,2.0
Subject226,30,0.5444444444444444,0.6333333333333333,0.6333333333333333,new,rf,9,2,1,30,648,efc966c-dirty,30.0,2.0
Subject424,60,0.6351515151515151,0.6666666666666666,0.6666666666666666,new,rf,9,2,1,30,648,efc966c-dirty,30.0,2.0
Subject611,60,0.6334006734006734,0.6666666666666666,0.6666666666666666,new,rf,9,2,1,30,648,efc966c-dirty,30.0,2.0
Subject819,60,0.5413623413623413,0.6333333333333333,0.6333333333333333,new,rf,9,2,1,30,648,efc966c-dirty,30.0,2.0
Subject867,60,0.6740415140415139,0.7,0.7,new,rf,9,2,1,30,648,efc966c-dirty,30.0,2.0
Subject494,60,0.9492063492063493,0.95,0.95,recorded,rf,9,2,1,30,648,efc966c-dirty,30.0,2.0
Subject571,30,0.8755555555555555,0.9,0.9,recorded,rf,9,2,1,30,648,efc966c-dirty,30.0,2.0
Subject139,60,0.6755555555555556,0.7333333333333333,0.7333333333333333,new,rf,9,2,2,60,1310,efc966c-dirty,30.0,2.0
Subject226,30,0.6755555555555557,0.7333333333333333,0.7333333333333333,new,rf,9,2,2,60,1310,efc966c-dirty,30.0,2.0
Subject424,60,0.6507070707070708,0.7166666666666667,0.7166666666666667,new,rf,9,2,2,60,1310,efc966c-dirty,30.0,2.0
Subject611,60,0.6334535834535835,0.6833333333333333,0.6833333333333333,new,rf,9,2,2,60,1310,efc966c-dirty,30.0,2.0
Subject819,60,0.5938888888888889,0.65,0.65,new,rf,9,2,2,60,1310,efc966c-dirty,30.0,2.0
Subject867,60,0.6240944240944242,0.6666666666666666,0.6666666666666666,new,rf,9,2,2,60,1310,efc966c-dirty,30.0,2.0
Subject494,60,0.9475132275132275,0.95,0.95,recorded,rf,9,2,2,60,1310,efc966c-dirty,30.0,2.0
Subject571,30,0.8222222222222222,0.8666666666666667,0.8666666666666667,recorded,rf,9,2,2,60,1310,efc966c-dirty,30.0,2.0
Subject139,60,0.7282924482924483,0.7666666666666667,0.7666666666666667,new,rf,9,4,1,60,1360,efc966c-dirty,30.0,2.0
Subject226,30,0.6155555555555555,0.7,0.7,new,rf,9,4,1,60,1360,efc966c-dirty,30.0,2.0
Subject424,60,0.7444444444444444,0.8,0.8,new,rf,9,4,1,60,1360,efc966c-dirty,30.0,2.0
Subject611,60,0.6980482480482482,0.75,0.75,new,rf,9,4,1,60,1360,efc966c-dirty,30.0,2.0
Subject819,60,0.6548148148148148,0.7333333333333333,0.7333333333333333,new,rf,9,4,1,60,1360,efc966c-dirty,30.0,2.0
Subject867,60,0.5639501239501239,0.6333333333333333,0.6333333333333333,new,rf,9,4,1,60,1360,efc966c-dirty,30.0,2.0
Subject352,30,0.8755555555555555,0.9,0.9,recorded,rf,9,4,1,60,1360,efc966c-dirty,30.0,2.0
Subject494,60,0.907955747955748,0.9166666666666666,0.9166666666666666,recorded,rf,9,4,1,60,1360,efc966c-dirty,30.0,2.0
Subject516,30,0.8222222222222222,0.8666666666666667,0.8666666666666667,recorded,rf,9,4,1,60,1360,efc966c-dirty,30.0,2.0
Subject571,30,0.8222222222222222,0.8666666666666667,0.8666666666666667,recorded,rf,9,4,1,60,1360,efc966c-dirty,30.0,2.0
Subject139,60,0.5985569985569986,0.6833333333333333,0.6833333333333333,new,rf,9,4,2,120,2728,efc966c-dirty,30.0,2.0
Subject226,30,0.668888888888889,0.7333333333333333,0.7333333333333333,new,rf,9,4,2,120,2728,efc966c-dirty,30.0,2.0
Subject424,60,0.8164021164021165,0.85,0.85,new,rf,9,4,2,120,2728,efc966c-dirty,30.0,2.0
Subject611,60,0.697989417989418,0.75,0.75,new,rf,9,4,2,120,2728,efc966c-dirty,30.0,2.0
Subject819,60,0.6463684463684464,0.7166666666666667,0.7166666666666667,new,rf,9,4,2,120,2728,efc966c-dirty,30.0,2.0
Subject867,60,0.5565811965811965,0.6333333333333333,0.6333333333333333,new,rf,9,4,2,120,2728,efc966c-dirty,30.0,2.0
Subject352,30,0.9644444444444444,0.9666666666666667,0.9666666666666667,recorded,rf,9,4,2,120,2728,efc966c-dirty,30.0,2.0
Subject494,60,0.924886964886965,0.9333333333333333,0.9333333333333333,recorded,rf,9,4,2,120,2728,efc966c-dirty,30.0,2.0
Subject516,30,0.8755555555555555,0.9,0.9,recorded,rf,9,4,2,120,2728,efc966c-dirty,30.0,2.0
Subject571,30,0.8222222222222222,0.8666666666666667,0.8666666666666667,recorded,rf,9,4,2,120,2728,efc966c-dirty,30.0,2.0
Subject139,60,0.7553631553631553,0.8,0.8,new,rf,9,6,1,90,1968,efc966c-dirty,30.0,2.0
Subject226,30,0.6155555555555555,0.7,0.7,new,rf,9,6,1,90,1968,efc966c-dirty,30.0,2.0
Subject424,60,0.7275132275132276,0.7833333333333333,0.7833333333333333,new,rf,9,6,1,90,1968,efc966c-dirty,30.0,2.0
Subject611,60,0.8656084656084656,0.8833333333333333,0.8833333333333333,new,rf,9,6,1,90,1968,efc966c-dirty,30.0,2.0
Subject819,60,0.7081481481481481,0.7666666666666667,0.7666666666666667,new,rf,9,6,1,90,1968,efc966c-dirty,30.0,2.0
Subject867,60,0.6633200133200133,0.7166666666666667,0.7166666666666667,new,rf,9,6,1,90,1968,efc966c-dirty,30.0,2.0
Subject352,30,0.9644444444444444,0.9666666666666667,0.9666666666666667,recorded,rf,9,6,1,90,1968,efc966c-dirty,30.0,2.0
Subject455,60,0.9664021164021165,0.9666666666666667,0.9666666666666667,recorded,rf,9,6,1,90,1968,efc966c-dirty,30.0,2.0
Subject494,60,0.9392592592592592,0.95,0.95,recorded,rf,9,6,1,90,1968,efc966c-dirty,30.0,2.0
Subject516,30,0.8755555555555555,0.9,0.9,recorded,rf,9,6,1,90,1968,efc966c-dirty,30.0,2.0
Subject571,30,0.9111111111111111,0.9333333333333333,0.9333333333333333,recorded,rf,9,6,1,90,1968,efc966c-dirty,30.0,2.0
Subject729,60,0.9475132275132275,0.95,0.95,recorded,rf,9,6,1,90,1968,efc966c-dirty,30.0,2.0
Subject139,60,0.7729100529100529,0.8166666666666667,0.8166666666666667,new,rf,9,6,2,180,3940,efc966c-dirty,30.0,2.0
Subject226,30,0.6511111111111111,0.7333333333333333,0.7333333333333333,new,rf,9,6,2,180,3940,efc966c-dirty,30.0,2.0
Subject424,60,0.804040404040404,0.8333333333333334,0.8333333333333334,new,rf,9,6,2,180,3940,efc966c-dirty,30.0,2.0
Subject611,60,0.8656084656084656,0.8833333333333333,0.8833333333333333,new,rf,9,6,2,180,3940,efc966c-dirty,30.0,2.0
Subject819,60,0.8336700336700337,0.8666666666666667,0.8666666666666667,new,rf,9,6,2,180,3940,efc966c-dirty,30.0,2.0
Subject867,60,0.7618722018722018,0.8,0.8,new,rf,9,6,2,180,3940,efc966c-dirty,30.0,2.0
Subject352,30,0.9644444444444444,0.9666666666666667,0.9666666666666667,recorded,rf,9,6,2,180,3940,efc966c-dirty,30.0,2.0
Subject455,60,0.9473544973544974,0.95,0.95,recorded,rf,9,6,2,180,3940,efc966c-dirty,30.0,2.0
Subject494,60,0.924886964886965,0.9333333333333333,0.9333333333333333,recorded,rf,9,6,2,180,3940,efc966c-dirty,30.0,2.0
Subject516,30,0.9066666666666667,0.9333333333333333,0.9333333333333333,recorded,rf,9,6,2,180,3940,efc966c-dirty,30.0,2.0
Subject571,30,1.0,1.0,1.0,recorded,rf,9,6,2,180,3940,efc966c-dirty,30.0,2.0
Subject729,60,1.0,1.0,1.0,recorded,rf,9,6,2,180,3940,efc966c-dirty,30.0,2.0
Subject139,60,0.8162289562289562,0.85,0.85,new,rf,9,8,1,120,2517,efc966c-dirty,30.0,2.0
Subject226,30,0.6888888888888888,0.7666666666666667,0.7666666666666667,new,rf,9,8,1,120,2517,efc966c-dirty,30.0,2.0
Subject424,60,0.7564021164021164,0.8,0.8,new,rf,9,8,1,120,2517,efc966c-dirty,30.0,2.0
Subject611,60,0.8765811965811966,0.8833333333333333,0.8833333333333333,new,rf,9,8,1,120,2517,efc966c-dirty,30.0,2.0
Subject819,60,0.7922751322751324,0.8166666666666667,0.8166666666666667,new,rf,9,8,1,120,2517,efc966c-dirty,30.0,2.0
Subject867,60,0.7498412698412698,0.7833333333333333,0.7833333333333333,new,rf,9,8,1,120,2517,efc966c-dirty,30.0,2.0
Subject352,30,0.9644444444444444,0.9666666666666667,0.9666666666666667,recorded,rf,9,8,1,120,2517,efc966c-dirty,30.0,2.0
Subject455,60,0.9664021164021165,0.9666666666666667,0.9666666666666667,recorded,rf,9,8,1,120,2517,efc966c-dirty,30.0,2.0
Subject494,60,0.9475132275132274,0.95,0.95,recorded,rf,9,8,1,120,2517,efc966c-dirty,30.0,2.0
Subject516,30,0.9644444444444444,0.9666666666666667,0.9666666666666667,recorded,rf,9,8,1,120,2517,efc966c-dirty,30.0,2.0
Subject571,30,0.8755555555555555,0.9,0.9,recorded,rf,9,8,1,120,2517,efc966c-dirty,30.0,2.0
Subject729,60,0.9475132275132275,0.95,0.95,recorded,rf,9,8,1,120,2517,efc966c-dirty,30.0,2.0
Subject731,30,0.9066666666666667,0.9333333333333333,0.9333333333333333,recorded,rf,9,8,1,120,2517,efc966c-dirty,30.0,2.0
Subject741,60,0.9259259259259258,0.9333333333333333,0.9333333333333333,recorded,rf,9,8,1,120,2517,efc966c-dirty,30.0,2.0
Subject139,60,0.7973400673400673,0.8333333333333334,0.8333333333333334,new,rf,9,8,2,240,5035,efc966c-dirty,30.0,2.0
Subject226,30,0.7003174603174603,0.7666666666666667,0.7666666666666667,new,rf,9,8,2,240,5035,efc966c-dirty,30.0,2.0
Subject424,60,0.7767195767195767,0.8166666666666667,0.8166666666666667,new,rf,9,8,2,240,5035,efc966c-dirty,30.0,2.0
Subject611,60,0.8444444444444443,0.8666666666666667,0.8666666666666667,new,rf,9,8,2,240,5035,efc966c-dirty,30.0,2.0
Subject819,60,0.9089947089947091,0.9166666666666666,0.9166666666666666,new,rf,9,8,2,240,5035,efc966c-dirty,30.0,2.0
Subject867,60,0.8584848484848485,0.8666666666666667,0.8666666666666667,new,rf,9,8,2,240,5035,efc966c-dirty,30.0,2.0
Subject352,30,0.9644444444444444,0.9666666666666667,0.9666666666666667,recorded,rf,9,8,2,240,5035,efc966c-dirty,30.0,2.0
Subject455,60,0.9664021164021165,0.9666666666666667,0.9666666666666667,recorded,rf,9,8,2,240,5035,efc966c-dirty,30.0,2.0
Subject494,60,0.9223280423280423,0.9333333333333333,0.9333333333333333,recorded,rf,9,8,2,240,5035,efc966c-dirty,30.0,2.0
Subject516,30,0.9644444444444444,0.9666666666666667,0.9666666666666667,recorded,rf,9,8,2,240,5035,efc966c-dirty,30.0,2.0
Subject571,30,1.0,1.0,1.0,recorded,rf,9,8,2,240,5035,efc966c-dirty,30.0,2.0
Subject729,60,1.0,1.0,1.0,recorded,rf,9,8,2,240,5035,efc966c-dirty,30.0,2.0
Subject731,30,1.0,1.0,1.0,recorded,rf,9,8,2,240,5035,efc966c-dirty,30.0,2.0
Subject741,60,0.9111111111111111,0.9166666666666666,0.9166666666666666,recorded,rf,9,8,2,240,5035,efc966c-dirty,30.0,2.0
Subject139,60,0.8388552188552189,0.8666666666666667,0.8666666666666667,new,rf,9,12,1,180,3665,efc966c-dirty,30.0,2.0
Subject226,30,0.6603174603174602,0.7333333333333333,0.7333333333333333,new,rf,9,12,1,180,3665,efc966c-dirty,30.0,2.0
Subject424,60,0.7444444444444446,0.8,0.8,new,rf,9,12,1,180,3665,efc966c-dirty,30.0,2.0
Subject611,60,0.8952055352055353,0.9,0.9,new,rf,9,12,1,180,3665,efc966c-dirty,30.0,2.0
Subject819,60,0.8486772486772487,0.8666666666666667,0.8666666666666667,new,rf,9,12,1,180,3665,efc966c-dirty,30.0,2.0
Subject867,60,0.7666666666666665,0.8,0.8,new,rf,9,12,1,180,3665,efc966c-dirty,30.0,2.0
Subject147,31,0.9644444444444444,0.9666666666666667,0.967741935483871,recorded,rf,9,12,1,180,3665,efc966c-dirty,30.0,2.0
Subject352,30,0.9644444444444444,0.9666666666666667,0.9666666666666667,recorded,rf,9,12,1,180,3665,efc966c-dirty,30.0,2.0
Subject353,60,0.8725925925925926,0.8833333333333333,0.8833333333333333,recorded,rf,9,12,1,180,3665,efc966c-dirty,30.0,2.0
Subject354,60,0.9664021164021165,0.9666666666666667,0.9666666666666667,recorded,rf,9,12,1,180,3665,efc966c-dirty,30.0,2.0
Subject455,60,1.0,1.0,1.0,recorded,rf,9,12,1,180,3665,efc966c-dirty,30.0,2.0
Subject494,60,1.0,1.0,1.0,recorded,rf,9,12,1,180,3665,efc966c-dirty,30.0,2.0
Subject516,30,0.9644444444444444,0.9666666666666667,0.9666666666666667,recorded,rf,9,12,1,180,3665,efc966c-dirty,30.0,2.0
Subject571,30,0.8755555555555555,0.9,0.9,recorded,rf,9,12,1,180,3665,efc966c-dirty,30.0,2.0
Subject729,60,0.9661375661375663,0.9666666666666667,0.9666666666666667,recorded,rf,9,12,1,180,3665,efc966c-dirty,30.0,2.0
Subject731,30,0.9311111111111111,0.9333333333333333,0.9333333333333333,recorded,rf,9,12,1,180,3665,efc966c-dirty,30.0,2.0
Subject741,60,0.9125925925925925,0.9166666666666666,0.9166666666666666,recorded,rf,9,12,1,180,3665,efc966c-dirty,30.0,2.0
Subject890,30,1.0,1.0,1.0,recorded,rf,9,12,1,180,3665,efc966c-dirty,30.0,2.0
Subject139,60,0.7344829244829245,0.7833333333333333,0.7833333333333333,new,rf,9,12,2,360,7318,efc966c-dirty,30.0,2.0
Subject226,30,0.7533333333333334,0.8,0.8,new,rf,9,12,2,360,7318,efc966c-dirty,30.0,2.0
Subject424,60,0.7733525733525735,0.8166666666666667,0.8166666666666667,new,rf,9,12,2,360,7318,efc966c-dirty,30.0,2.0
Subject611,60,0.8611832611832612,0.8833333333333333,0.8833333333333333,new,rf,9,12,2,360,7318,efc966c-dirty,30.0,2.0
Subject819,60,0.924886964886965,0.9333333333333333,0.9333333333333333,new,rf,9,12,2,360,7318,efc966c-dirty,30.0,2.0
Subject867,60,0.7936507936507936,0.8166666666666667,0.8166666666666667,new,rf,9,12,2,360,7318,efc966c-dirty,30.0,2.0
Subject147,31,1.0,1.0,1.0,recorded,rf,9,12,2,360,7318,efc966c-dirty,30.0,2.0
Subject352,30,0.9644444444444444,0.9666666666666667,0.9666666666666667,recorded,rf,9,12,2,360,7318,efc966c-dirty,30.0,2.0
Subject353,60,0.8751515151515151,0.8833333333333333,0.8833333333333333,recorded,rf,9,12,2,360,7318,efc966c-dirty,30.0,2.0
Subject354,60,0.9830687830687831,0.9833333333333333,0.9833333333333333,recorded,rf,9,12,2,360,7318,efc966c-dirty,30.0,2.0
Subject455,60,1.0,1.0,1.0,recorded,rf,9,12,2,360,7318,efc966c-dirty,30.0,2.0
Subject494,60,0.962962962962963,0.9666666666666667,0.9666666666666667,recorded,rf,9,12,2,360,7318,efc966c-dirty,30.0,2.0
Subject516,30,1.0,1.0,1.0,recorded,rf,9,12,2,360,7318,efc966c-dirty,30.0,2.0
Subject571,30,1.0,1.0,1.0,recorded,rf,9,12,2,360,7318,efc966c-dirty,30.0,2.0
Subject729,60,1.0,1.0,1.0,recorded,rf,9,12,2,360,7318,efc966c-dirty,30.0,2.0
Subject731,30,1.0,1.0,1.0,recorded,rf,9,12,2,360,7318,efc966c-dirty,30.0,2.0
Subject741,60,0.9664021164021165,0.9666666666666667,0.9666666666666667,recorded,rf,9,12,2,360,7318,efc966c-dirty,30.0,2.0
Subject890,30,1.0,1.0,1.0,recorded,rf,9,12,2,360,7318,efc966c-dirty,30.0,2.0
Subject139,60,0.9492063492063493,0.95,0.95,new,rf,9,16,1,240,4963,efc966c-dirty,30.0,2.0
Subject226,30,0.6603174603174602,0.7333333333333333,0.7333333333333333,new,rf,9,16,1,240,4963,efc966c-dirty,30.0,2.0
Subject424,60,0.7751515151515153,0.8166666666666667,0.8166666666666667,new,rf,9,16,1,240,4963,efc966c-dirty,30.0,2.0
Subject611,60,0.9333333333333332,0.9333333333333333,0.9333333333333333,new,rf,9,16,1,240,4963,efc966c-dirty,30.0,2.0
Subject819,60,0.8782743182743183,0.8833333333333333,0.8833333333333333,new,rf,9,16,1,240,4963,efc966c-dirty,30.0,2.0
Subject867,60,0.8372486772486774,0.85,0.85,new,rf,9,16,1,240,4963,efc966c-dirty,30.0,2.0
Subject147,31,0.9644444444444444,0.9666666666666667,0.967741935483871,recorded,rf,9,16,1,240,4963,efc966c-dirty,30.0,2.0
Subject352,30,0.9288888888888889,0.9333333333333333,0.9333333333333333,recorded,rf,9,16,1,240,4963,efc966c-dirty,30.0,2.0
Subject353,60,0.8962962962962961,0.9,0.9,recorded,rf,9,16,1,240,4963,efc966c-dirty,30.0,2.0
Subject354,60,0.9830687830687831,0.9833333333333333,0.9833333333333333,recorded,rf,9,16,1,240,4963,efc966c-dirty,30.0,2.0
Subject376,60,0.8963636363636364,0.9,0.9,recorded,rf,9,16,1,240,4963,efc966c-dirty,30.0,2.0
Subject455,60,1.0,1.0,1.0,recorded,rf,9,16,1,240,4963,efc966c-dirty,30.0,2.0
Subject494,60,1.0,1.0,1.0,recorded,rf,9,16,1,240,4963,efc966c-dirty,30.0,2.0
Subject516,30,0.9288888888888889,0.9333333333333333,0.9333333333333333,recorded,rf,9,16,1,240,4963,efc966c-dirty,30.0,2.0
Subject571,30,1.0,1.0,1.0,recorded,rf,9,16,1,240,4963,efc966c-dirty,30.0,2.0
Subject580,90,0.872458978929567,0.8777777777777778,0.8777777777777778,recorded,rf,9,16,1,240,4963,efc966c-dirty,30.0,2.0
Subject729,60,0.9830687830687831,0.9833333333333333,0.9833333333333333,recorded,rf,9,16,1,240,4963,efc966c-dirty,30.0,2.0
Subject731,30,0.9066666666666667,0.9333333333333333,0.9333333333333333,recorded,rf,9,16,1,240,4963,efc966c-dirty,30.0,2.0
Subject741,60,0.9088888888888889,0.9166666666666666,0.9166666666666666,recorded,rf,9,16,1,240,4963,efc966c-dirty,30.0,2.0
Subject877,60,0.9830687830687831,0.9833333333333333,0.9833333333333333,recorded,rf,9,16,1,240,4963,efc966c-dirty,30.0,2.0
Subject890,30,1.0,1.0,1.0,recorded,rf,9,16,1,240,4963,efc966c-dirty,30.0,2.0
Subject969,30,0.8333333333333334,0.8666666666666667,0.8666666666666667,recorded,rf,9,16,1,240,4963,efc966c-dirty,30.0,2.0
Subject139,60,0.914973544973545,0.9166666666666666,0.9166666666666666,new,rf,9,16,2,480,9864,efc966c-dirty,30.0,2.0
Subject226,30,0.7888888888888889,0.8333333333333334,0.8333333333333334,new,rf,9,16,2,480,9864,efc966c-dirty,30.0,2.0
Subject424,60,0.8243578643578644,0.85,0.85,new,rf,9,16,2,480,9864,efc966c-dirty,30.0,2.0
Subject611,60,0.9331409331409332,0.9333333333333333,0.9333333333333333,new,rf,9,16,2,480,9864,efc966c-dirty,30.0,2.0
Subject819,60,0.924886964886965,0.9333333333333333,0.9333333333333333,new,rf,9,16,2,480,9864,efc966c-dirty,30.0,2.0
Subject867,60,0.8275132275132275,0.85,0.85,new,rf,9,16,2,480,9864,efc966c-dirty,30.0,2.0
Subject147,31,0.9644444444444444,0.9666666666666667,0.967741935483871,recorded,rf,9,16,2,480,9864,efc966c-dirty,30.0,2.0
Subject352,30,0.8755555555555555,0.9,0.9,recorded,rf,9,16,2,480,9864,efc966c-dirty,30.0,2.0
Subject353,60,0.8751515151515151,0.8833333333333333,0.8833333333333333,recorded,rf,9,16,2,480,9864,efc966c-dirty,30.0,2.0
Subject354,60,0.9418181818181818,0.95,0.95,recorded,rf,9,16,2,480,9864,efc966c-dirty,30.0,2.0
Subject376,60,0.9183068783068784,0.9166666666666666,0.9166666666666666,recorded,rf,9,16,2,480,9864,efc966c-dirty,30.0,2.0
Subject455,60,1.0,1.0,1.0,recorded,rf,9,16,2,480,9864,efc966c-dirty,30.0,2.0
Subject494,60,0.9644444444444444,0.9666666666666667,0.9666666666666667,recorded,rf,9,16,2,480,9864,efc966c-dirty,30.0,2.0
Subject516,30,0.9644444444444444,0.9666666666666667,0.9666666666666667,recorded,rf,9,16,2,480,9864,efc966c-dirty,30.0,2.0
Subject571,30,1.0,1.0,1.0,recorded,rf,9,16,2,480,9864,efc966c-dirty,30.0,2.0
Subject580,90,0.8948951048951048,0.9000000000000001,0.9,recorded,rf,9,16,2,480,9864,efc966c-dirty,30.0,2.0
Subject729,60,1.0,1.0,1.0,recorded,rf,9,16,2,480,9864,efc966c-dirty,30.0,2.0
Subject731,30,0.9644444444444444,0.9666666666666667,0.9666666666666667,recorded,rf,9,16,2,480,9864,efc966c-dirty,30.0,2.0
Subject741,60,0.9477777777777778,0.95,0.95,recorded,rf,9,16,2,480,9864,efc966c-dirty,30.0,2.0
Subject877,60,1.0,1.0,1.0,recorded,rf,9,16,2,480,9864,efc966c-dirty,30.0,2.0
Subject890,30,0.9644444444444444,0.9666666666666667,0.9666666666666667,recorded,rf,9,16,2,480,9864,efc966c-dirty,30.0,2.0
Subject969,30,0.8825396825396825,0.9,0.9,recorded,rf,9,16,2,480,9864,efc966c-dirty,30.0,2.0
Subject139,60,0.9492063492063493,0.95,0.95,new,rf,9,17,1,255,5313,efc966c-dirty,30.0,2.0
Subject226,30,0.6914285714285715,0.7333333333333333,0.7333333333333333,new,rf,9,17,1,255,5313,efc966c-dirty,30.0,2.0
Subject424,60,0.7582202982202982,0.8,0.8,new,rf,9,17,1,255,5313,efc966c-dirty,30.0,2.0
Subject611,60,0.9333333333333332,0.9333333333333333,0.9333333333333333,new,rf,9,17,1,255,5313,efc966c-dirty,30.0,2.0
Subject819,60,0.8596499796499797,0.8666666666666667,0.8666666666666667,new,rf,9,17,1,255,5313,efc966c-dirty,30.0,2.0
Subject867,60,0.8372486772486774,0.85,0.85,new,rf,9,17,1,255,5313,efc966c-dirty,30.0,2.0
Subject147,31,0.9644444444444444,0.9666666666666667,0.967741935483871,recorded,rf,9,17,1,255,5313,efc966c-dirty,30.0,2.0
Subject352,30,0.8755555555555555,0.9,0.9,recorded,rf,9,17,1,255,5313,efc966c-dirty,30.0,2.0
Subject353,60,0.8410774410774411,0.8666666666666667,0.8666666666666667,recorded,rf,9,17,1,255,5313,efc966c-dirty,30.0,2.0
Subject354,60,0.9644444444444444,0.9666666666666667,0.9666666666666667,recorded,rf,9,17,1,255,5313,efc966c-dirty,30.0,2.0
Subject376,60,0.8790476190476191,0.8833333333333333,0.8833333333333333,recorded,rf,9,17,1,255,5313,efc966c-dirty,30.0,2.0
Subject455,60,1.0,1.0,1.0,recorded,rf,9,17,1,255,5313,efc966c-dirty,30.0,2.0
Subject494,60,0.9830687830687831,0.9833333333333333,0.9833333333333333,recorded,rf,9,17,1,255,5313,efc966c-dirty,30.0,2.0
Subject516,30,0.9288888888888889,0.9333333333333333,0.9333333333333333,recorded,rf,9,17,1,255,5313,efc966c-dirty,30.0,2.0
Subject561,60,0.9418181818181818,0.95,0.95,recorded,rf,9,17,1,255,5313,efc966c-dirty,30.0,2.0
Subject571,30,1.0,1.0,1.0,recorded,rf,9,17,1,255,5313,efc966c-dirty,30.0,2.0
Subject580,90,0.8842890442890442,0.888888888888889,0.8888888888888888,recorded,rf,9,17,1,255,5313,efc966c-dirty,30.0,2.0
Subject729,60,1.0,1.0,1.0,recorded,rf,9,17,1,255,5313,efc966c-dirty,30.0,2.0
Subject731,30,0.9644444444444444,0.9666666666666667,0.9666666666666667,recorded,rf,9,17,1,255,5313,efc966c-dirty,30.0,2.0
Subject741,60,0.9088888888888889,0.9166666666666666,0.9166666666666666,recorded,rf,9,17,1,255,5313,efc966c-dirty,30.0,2.0
Subject877,60,0.9830687830687831,0.9833333333333333,0.9833333333333333,recorded,rf,9,17,1,255,5313,efc966c-dirty,30.0,2.0
Subject890,30,1.0,1.0,1.0,recorded,rf,9,17,1,255,5313,efc966c-dirty,30.0,2.0
Subject969,30,0.8333333333333334,0.8666666666666667,0.8666666666666667,recorded,rf,9,17,1,255,5313,efc966c-dirty,30.0,2.0
Subject139,60,0.9316402116402116,0.9333333333333333,0.9333333333333333,new,rf,9,17,2,510,10559,efc966c-dirty,30.0,2.0
Subject226,30,0.7888888888888889,0.8333333333333334,0.8333333333333334,new,rf,9,17,2,510,10559,efc966c-dirty,30.0,2.0
Subject424,60,0.8074266474266475,0.8333333333333334,0.8333333333333334,new,rf,9,17,2,510,10559,efc966c-dirty,30.0,2.0
Subject611,60,0.9331409331409332,0.9333333333333333,0.9333333333333333,new,rf,9,17,2,510,10559,efc966c-dirty,30.0,2.0
Subject819,60,0.924886964886965,0.9333333333333333,0.9333333333333333,new,rf,9,17,2,510,10559,efc966c-dirty,30.0,2.0
Subject867,60,0.8074074074074074,0.8333333333333334,0.8333333333333334,new,rf,9,17,2,510,10559,efc966c-dirty,30.0,2.0
Subject147,31,0.9311111111111111,0.9333333333333333,0.9354838709677419,recorded,rf,9,17,2,510,10559,efc966c-dirty,30.0,2.0
Subject352,30,0.8755555555555555,0.9,0.9,recorded,rf,9,17,2,510,10559,efc966c-dirty,30.0,2.0
Subject353,60,0.8751515151515151,0.8833333333333333,0.8833333333333333,recorded,rf,9,17,2,510,10559,efc966c-dirty,30.0,2.0
Subject354,60,0.9418181818181818,0.95,0.95,recorded,rf,9,17,2,510,10559,efc966c-dirty,30.0,2.0
Subject376,60,0.8987974987974989,0.9,0.9,recorded,rf,9,17,2,510,10559,efc966c-dirty,30.0,2.0
Subject455,60,1.0,1.0,1.0,recorded,rf,9,17,2,510,10559,efc966c-dirty,30.0,2.0
Subject494,60,0.9418181818181818,0.95,0.95,recorded,rf,9,17,2,510,10559,efc966c-dirty,30.0,2.0
Subject516,30,0.9644444444444444,0.9666666666666667,0.9666666666666667,recorded,rf,9,17,2,510,10559,efc966c-dirty,30.0,2.0
Subject561,60,1.0,1.0,1.0,recorded,rf,9,17,2,510,10559,efc966c-dirty,30.0,2.0
Subject571,30,1.0,1.0,1.0,recorded,rf,9,17,2,510,10559,efc966c-dirty,30.0,2.0
Subject580,90,0.9081643846349728,0.9111111111111112,0.9111111111111111,recorded,rf,9,17,2,510,10559,efc966c-dirty,30.0,2.0
Subject729,60,1.0,1.0,1.0,recorded,rf,9,17,2,510,10559,efc966c-dirty,30.0,2.0
Subject731,30,0.9644444444444444,0.9666666666666667,0.9666666666666667,recorded,rf,9,17,2,510,10559,efc966c-dirty,30.0,2.0
Subject741,60,0.9088888888888889,0.9166666666666666,0.9166666666666666,recorded,rf,9,17,2,510,10559,efc966c-dirty,30.0,2.0
Subject877,60,1.0,1.0,1.0,recorded,rf,9,17,2,510,10559,efc966c-dirty,30.0,2.0
Subject890,30,0.9644444444444444,0.9666666666666667,0.9666666666666667,recorded,rf,9,17,2,510,10559,efc966c-dirty,30.0,2.0
Subject969,30,0.8755555555555555,0.9,0.9,recorded,rf,9,17,2,510,10559,efc966c-dirty,30.0,2.0
Subject147,31,0.5936507936507937,0.6666666666666666,0.6774193548387096,new,rf,10,2,1,30,705,efc966c-dirty,30.0,2.0
Subject353,60,0.6733200133200135,0.7,0.7,new,rf,10,2,1,30,705,efc966c-dirty,30.0,2.0
Subject571,30,0.7844444444444445,0.8333333333333334,0.8333333333333334,new,rf,10,2,1,30,705,efc966c-dirty,30.0,2.0
Subject580,90,0.7215746780452662,0.7333333333333335,0.7333333333333333,new,rf,10,2,1,30,705,efc966c-dirty,30.0,2.0
Subject867,60,0.6247341547341548,0.6666666666666666,0.6666666666666666,new,rf,10,2,1,30,705,efc966c-dirty,30.0,2.0
Subject877,60,0.692063492063492,0.7333333333333333,0.7333333333333333,new,rf,10,2,1,30,705,efc966c-dirty,30.0,2.0
Subject455,60,0.9418181818181818,0.95,0.95,recorded,rf,10,2,1,30,705,efc966c-dirty,30.0,2.0
Subject969,30,0.7977777777777778,0.8333333333333334,0.8333333333333334,recorded,rf,10,2,1,30,705,efc966c-dirty,30.0,2.0
Subject147,31,0.6555555555555554,0.7,0.7096774193548387,new,rf,10,2,2,60,1434,efc966c-dirty,30.0,2.0
Subject353,60,0.7122089022089022,0.75,0.75,new,rf,10,2,2,60,1434,efc966c-dirty,30.0,2.0
Subject571,30,0.8711111111111112,0.9,0.9,new,rf,10,2,2,60,1434,efc966c-dirty,30.0,2.0
Subject580,90,0.6769813519813519,0.7,0.7,new,rf,10,2,2,60,1434,efc966c-dirty,30.0,2.0
Subject867,60,0.6908332408332408,0.7166666666666667,0.7166666666666667,new,rf,10,2,2,60,1434,efc966c-dirty,30.0,2.0
Subject877,60,0.7697354497354497,0.7833333333333333,0.7833333333333333,new,rf,10,2,2,60,1434,efc966c-dirty,30.0,2.0
Subject455,60,0.9830687830687831,0.9833333333333333,0.9833333333333333,recorded,rf,10,2,2,60,1434,efc966c-dirty,30.0,2.0
Subject969,30,0.9111111111111111,0.9333333333333333,0.9333333333333333,recorded,rf,10,2,2,60,1434,efc966c-dirty,30.0,2.0
Subject147,31,0.6888888888888888,0.7333333333333333,0.7419354838709677,new,rf,10,4,1,60,1274,efc966c-dirty,30.0,2.0
Subject353,60,0.6114152514152515,0.6666666666666666,0.6666666666666666,new,rf,10,4,1,60,1274,efc966c-dirty,30.0,2.0
Subject571,30,0.8377777777777777,0.8666666666666667,0.8666666666666667,new,rf,10,4,1,60,1274,efc966c-dirty,30.0,2.0
Subject580,90,0.7454160654160653,0.7777777777777779,0.7777777777777778,new,rf,10,4,1,60,1274,efc966c-dirty,30.0,2.0
Subject867,60,0.7167928367928369,0.75,0.75,new,rf,10,4,1,60,1274,efc966c-dirty,30.0,2.0
Subject877,60,0.788134828134828,0.8,0.8,new,rf,10,4,1,60,1274,efc966c-dirty,30.0,2.0
Subject455,60,0.9418181818181818,0.95,0.95,recorded,rf,10,4,1,60,1274,efc966c-dirty,30.0,2.0
Subject516,30,0.9111111111111111,0.9333333333333333,0.9333333333333333,recorded,rf,10,4,1,60,1274,efc966c-dirty,30.0,2.0
Subject890,30,0.84,0.8666666666666667,0.8666666666666667,recorded,rf,10,4,1,60,1274,efc966c-dirty,30.0,2.0
Subject969,30,0.8057142857142857,0.8333333333333334,0.8333333333333334,recorded,rf,10,4,1,60,1274,efc966c-dirty,30.0,2.0
Subject147,31,0.7622222222222222,0.8,0.8064516129032258,new,rf,10,4,2,120,2567,efc966c-dirty,30.0,2.0
Subject353,60,0.6805239205239206,0.7166666666666667,0.7166666666666667,new,rf,10,4,2,120,2567,efc966c-dirty,30.0,2.0
Subject571,30,0.8377777777777777,0.8666666666666667,0.8666666666666667,new,rf,10,4,2,120,2567,efc966c-dirty,30.0,2.0
Subject580,90,0.7504223989518106,0.7777777777777778,0.7777777777777778,new,rf,10,4,2,120,2567,efc966c-dirty,30.0,2.0
Subject867,60,0.7506552706552706,0.7666666666666667,0.7666666666666667,new,rf,10,4,2,120,2567,efc966c-dirty,30.0,2.0
Subject877,60,0.7871284271284271,0.8,0.8,new,rf,10,4,2,120,2567,efc966c-dirty,30.0,2.0
Subject455,60,0.9830687830687831,0.9833333333333333,0.9833333333333333,recorded,rf,10,4,2,120,2567,efc966c-dirty,30.0,2.0
Subject516,30,0.9111111111111111,0.9333333333333333,0.9333333333333333,recorded,rf,10,4,2,120,2567,efc966c-dirty,30.0,2.0
Subject890,30,0.9288888888888889,0.9333333333333333,0.9333333333333333,recorded,rf,10,4,2,120,2567,efc966c-dirty,30.0,2.0
Subject969,30,0.9111111111111111,0.9333333333333333,0.9333333333333333,recorded,rf,10,4,2,120,2567,efc966c-dirty,30.0,2.0
Subject147,31,0.8066666666666666,0.8333333333333334,0.8387096774193549,new,rf,10,6,1,90,2015,efc966c-dirty,30.0,2.0
Subject353,60,0.6965800865800865,0.7333333333333333,0.7333333333333333,new,rf,10,6,1,90,2015,efc966c-dirty,30.0,2.0
Subject571,30,0.7955555555555556,0.8333333333333334,0.8333333333333334,new,rf,10,6,1,90,2015,efc966c-dirty,30.0,2.0
Subject580,90,0.7809128779717015,0.8000000000000002,0.8,new,rf,10,6,1,90,2015,efc966c-dirty,30.0,2.0
Subject867,60,0.6626647426647427,0.7,0.7,new,rf,10,6,1,90,2015,efc966c-dirty,30.0,2.0
Subject877,60,0.8456817256817255,0.85,0.85,new,rf,10,6,1,90,2015,efc966c-dirty,30.0,2.0
Subject352,30,0.8755555555555555,0.9,0.9,recorded,rf,10,6,1,90,2015,efc966c-dirty,30.0,2.0
Subject455,60,0.9664021164021165,0.9666666666666667,0.9666666666666667,recorded,rf,10,6,1,90,2015,efc966c-dirty,30.0,2.0
Subject516,30,0.9288888888888889,0.9333333333333333,0.9333333333333333,recorded,rf,10,6,1,90,2015,efc966c-dirty,30.0,2.0
Subject731,30,1.0,1.0,1.0,recorded,rf,10,6,1,90,2015,efc966c-dirty,30.0,2.0
Subject890,30,0.8933333333333334,0.9,0.9,recorded,rf,10,6,1,90,2015,efc966c-dirty,30.0,2.0
Subject969,30,0.8057142857142857,0.8333333333333334,0.8333333333333334,recorded,rf,10,6,1,90,2015,efc966c-dirty,30.0,2.0
Subject147,31,0.8200000000000001,0.8333333333333334,0.8387096774193549,new,rf,10,6,2,180,4078,efc966c-dirty,30.0,2.0
Subject353,60,0.6358730158730158,0.6833333333333333,0.6833333333333333,new,rf,10,6,2,180,4078,efc966c-dirty,30.0,2.0
Subject571,30,0.9311111111111111,0.9333333333333333,0.9333333333333333,new,rf,10,6,2,180,4078,efc966c-dirty,30.0,2.0
Subject580,90,0.7765401265401265,0.788888888888889,0.7888888888888889,new,rf,10,6,2,180,4078,efc966c-dirty,30.0,2.0
Subject867,60,0.7688888888888888,0.7833333333333333,0.7833333333333333,new,rf,10,6,2,180,4078,efc966c-dirty,30.0,2.0
Subject877,60,0.8896296296296297,0.9,0.9,new,rf,10,6,2,180,4078,efc966c-dirty,30.0,2.0
Subject352,30,0.8755555555555555,0.9,0.9,recorded,rf,10,6,2,180,4078,efc966c-dirty,30.0,2.0
Subject455,60,0.9830687830687831,0.9833333333333333,0.9833333333333333,recorded,rf,10,6,2,180,4078,efc966c-dirty,30.0,2.0
Subject516,30,0.9644444444444444,0.9666666666666667,0.9666666666666667,recorded,rf,10,6,2,180,4078,efc966c-dirty,30.0,2.0
Subject731,30,1.0,1.0,1.0,recorded,rf,10,6,2,180,4078,efc966c-dirty,30.0,2.0
Subject890,30,0.9288888888888889,0.9333333333333333,0.9333333333333333,recorded,rf,10,6,2,180,4078,efc966c-dirty,30.0,2.0
Subject969,30,0.9111111111111111,0.9333333333333333,0.9333333333333333,recorded,rf,10,6,2,180,4078,efc966c-dirty,30.0,2.0
Subject147,31,0.7911111111111111,0.8333333333333334,0.8387096774193549,new,rf,10,8,1,120,2637,efc966c-dirty,30.0,2.0
Subject353,60,0.8054834054834055,0.8166666666666667,0.8166666666666667,new,rf,10,8,1,120,2637,efc966c-dirty,30.0,2.0
Subject571,30,0.84,0.8666666666666667,0.8666666666666667,new,rf,10,8,1,120,2637,efc966c-dirty,30.0,2.0
Subject580,90,0.8335730935730935,0.8444444444444446,0.8444444444444444,new,rf,10,8,1,120,2637,efc966c-dirty,30.0,2.0
Subject867,60,0.7015873015873015,0.7333333333333333,0.7333333333333333,new,rf,10,8,1,120,2637,efc966c-dirty,30.0,2.0
Subject877,60,0.8374410774410774,0.8666666666666667,0.8666666666666667,new,rf,10,8,1,120,2637,efc966c-dirty,30.0,2.0
Subject139,60,0.9418181818181818,0.95,0.95,recorded,rf,10,8,1,120,2637,efc966c-dirty,30.0,2.0
Subject226,30,0.8777777777777778,0.9,0.9,recorded,rf,10,8,1,120,2637,efc966c-dirty,30.0,2.0
Subject352,30,0.8222222222222222,0.8666666666666667,0.8666666666666667,recorded,rf,10,8,1,120,2637,efc966c-dirty,30.0,2.0
Subject455,60,0.9494708994708995,0.95,0.95,recorded,rf,10,8,1,120,2637,efc966c-dirty,30.0,2.0
Subject516,30,0.9288888888888889,0.9333333333333333,0.9333333333333333,recorded,rf,10,8,1,120,2637,efc966c-dirty,30.0,2.0
Subject731,30,0.9644444444444444,0.9666666666666667,0.9666666666666667,recorded,rf,10,8,1,120,2637,efc966c-dirty,30.0,2.0
Subject890,30,0.8955555555555555,0.9,0.9,recorded,rf,10,8,1,120,2637,efc966c-dirty,30.0,2.0
Subject969,30,0.8057142857142857,0.8333333333333334,0.8333333333333334,recorded,rf,10,8,1,120,2637,efc966c-dirty,30.0,2.0
Subject147,31,0.8422222222222222,0.8666666666666667,0.8709677419354839,new,rf,10,8,2,240,5343,efc966c-dirty,30.0,2.0
Subject353,60,0.7677441077441077,0.7833333333333333,0.7833333333333333,new,rf,10,8,2,240,5343,efc966c-dirty,30.0,2.0
Subject571,30,0.8711111111111112,0.9,0.9,new,rf,10,8,2,240,5343,efc966c-dirty,30.0,2.0
Subject580,90,0.8059998824704706,0.8222222222222223,0.8222222222222222,new,rf,10,8,2,240,5343,efc966c-dirty,30.0,2.0
Subject867,60,0.8152055352055353,0.8333333333333334,0.8333333333333334,new,rf,10,8,2,240,5343,efc966c-dirty,30.0,2.0
Subject877,60,0.8786916786916787,0.9,0.9,new,rf,10,8,2,240,5343,efc966c-dirty,30.0,2.0
Subject139,60,0.946031746031746,0.95,0.95,recorded,rf,10,8,2,240,5343,efc966c-dirty,30.0,2.0
Subject226,30,0.9333333333333332,0.9333333333333333,0.9333333333333333,recorded,rf,10,8,2,240,5343,efc966c-dirty,30.0,2.0
Subject352,30,0.8755555555555555,0.9,0.9,recorded,rf,10,8,2,240,5343,efc966c-dirty,30.0,2.0
Subject455,60,0.9664021164021165,0.9666666666666667,0.9666666666666667,recorded,rf,10,8,2,240,5343,efc966c-dirty,30.0,2.0
Subject516,30,0.9644444444444444,0.9666666666666667,0.9666666666666667,recorded,rf,10,8,2,240,5343,efc966c-dirty,30.0,2.0
Subject731,30,1.0,1.0,1.0,recorded,rf,10,8,2,240,5343,efc966c-dirty,30.0,2.0
Subject890,30,0.8933333333333334,0.9,0.9,recorded,rf,10,8,2,240,5343,efc966c-dirty,30.0,2.0
Subject969,30,0.8825396825396825,0.9,0.9,recorded,rf,10,8,2,240,5343,efc966c-dirty,30.0,2.0
Subject147,31,0.9288888888888889,0.9333333333333333,0.9354838709677419,new,rf,10,12,1,180,3544,efc966c-dirty,30.0,2.0
Subject353,60,0.7965800865800865,0.8166666666666667,0.8166666666666667,new,rf,10,12,1,180,3544,efc966c-dirty,30.0,2.0
Subject571,30,0.9333333333333332,0.9333333333333333,0.9333333333333333,new,rf,10,12,1,180,3544,efc966c-dirty,30.0,2.0
Subject580,90,0.8983416583416584,0.9000000000000001,0.9,new,rf,10,12,1,180,3544,efc966c-dirty,30.0,2.0
Subject867,60,0.8375132275132275,0.85,0.85,new,rf,10,12,1,180,3544,efc966c-dirty,30.0,2.0
Subject877,60,0.9475132275132275,0.95,0.95,new,rf,10,12,1,180,3544,efc966c-dirty,30.0,2.0
Subject139,60,0.946031746031746,0.95,0.95,recorded,rf,10,12,1,180,3544,efc966c-dirty,30.0,2.0
Subject226,30,0.8777777777777778,0.9,0.9,recorded,rf,10,12,1,180,3544,efc966c-dirty,30.0,2.0
Subject352,30,0.8222222222222222,0.8666666666666667,0.8666666666666667,recorded,rf,10,12,1,180,3544,efc966c-dirty,30.0,2.0
Subject354,60,0.9475132275132275,0.95,0.95,recorded,rf,10,12,1,180,3544,efc966c-dirty,30.0,2.0
Subject376,60,0.9282539682539682,0.9333333333333333,0.9333333333333333,recorded,rf,10,12,1,180,3544,efc966c-dirty,30.0,2.0
Subject424,60,0.7432996632996633,0.8,0.8,recorded,rf,10,12,1,180,3544,efc966c-dirty,30.0,2.0
Subject455,60,0.9830687830687831,0.9833333333333333,0.9833333333333333,recorded,rf,10,12,1,180,3544,efc966c-dirty,30.0,2.0
Subject516,30,0.8755555555555555,0.9,0.9,recorded,rf,10,12,1,180,3544,efc966c-dirty,30.0,2.0
Subject731,30,0.9644444444444444,0.9666666666666667,0.9666666666666667,recorded,rf,10,12,1,180,3544,efc966c-dirty,30.0,2.0
Subject741,60,0.9125925925925925,0.9166666666666666,0.9166666666666666,recorded,rf,10,12,1,180,3544,efc966c-dirty,30.0,2.0
Subject890,30,0.9111111111111111,0.9333333333333333,0.9333333333333333,recorded,rf,10,12,1,180,3544,efc966c-dirty,30.0,2.0
Subject969,30,0.8057142857142857,0.8333333333333334,0.8333333333333334,recorded,rf,10,12,1,180,3544,efc966c-dirty,30.0,2.0
Subject147,31,0.9288888888888889,0.9333333333333333,0.9354838709677419,new,rf,10,12,2,360,7173,efc966c-dirty,30.0,2.0
Subject353,60,0.8058393458393458,0.8333333333333334,0.8333333333333334,new,rf,10,12,2,360,7173,efc966c-dirty,30.0,2.0
Subject571,30,0.9644444444444444,0.9666666666666667,0.9666666666666667,new,rf,10,12,2,360,7173,efc966c-dirty,30.0,2.0
Subject580,90,0.8669761719761718,0.8666666666666668,0.8666666666666667,new,rf,10,12,2,360,7173,efc966c-dirty,30.0,2.0
Subject867,60,0.8582202982202981,0.8666666666666667,0.8666666666666667,new,rf,10,12,2,360,7173,efc966c-dirty,30.0,2.0
Subject877,60,0.9475132275132274,0.95,0.95,new,rf,10,12,2,360,7173,efc966c-dirty,30.0,2.0
Subject139,60,0.9494708994708995,0.95,0.95,recorded,rf,10,12,2,360,7173,efc966c-dirty,30.0,2.0
Subject226,30,0.9333333333333332,0.9333333333333333,0.9333333333333333,recorded,rf,10,12,2,360,7173,efc966c-dirty,30.0,2.0
Subject352,30,0.8755555555555555,0.9,0.9,recorded,rf,10,12,2,360,7173,efc966c-dirty,30.0,2.0
Subject354,60,1.0,1.0,1.0,recorded,rf,10,12,2,360,7173,efc966c-dirty,30.0,2.0
Subject376,60,0.9175132275132275,0.9166666666666666,0.9166666666666666,recorded,rf,10,12,2,360,7173,efc966c-dirty,30.0,2.0
Subject424,60,0.8825396825396825,0.9,0.9,recorded,rf,10,12,2,360,7173,efc966c-dirty,30.0,2.0
Subject455,60,0.9664021164021165,0.9666666666666667,0.9666666666666667,recorded,rf,10,12,2,360,7173,efc966c-dirty,30.0,2.0
Subject516,30,0.9644444444444444,0.9666666666666667,0.9666666666666667,recorded,rf,10,12,2,360,7173,efc966c-dirty,30.0,2.0
Subject731,30,0.9644444444444444,0.9666666666666667,0.9666666666666667,recorded,rf,10,12,2,360,7173,efc966c-dirty,30.0,2.0
Subject741,60,0.9418181818181818,0.95,0.95,recorded,rf,10,12,2,360,7173,efc966c-dirty,30.0,2.0
Subject890,30,0.9111111111111111,0.9333333333333333,0.9333333333333333,recorded,rf,10,12,2,360,7173,efc966c-dirty,30.0,2.0
Subject969,30,0.8333333333333334,0.8666666666666667,0.8666666666666667,recorded,rf,10,12,2,360,7173,efc966c-dirty,30.0,2.0
Subject147,31,0.8955555555555555,0.9,0.9032258064516129,new,rf,10,16,1,240,4790,efc966c-dirty,30.0,2.0
Subject353,60,0.7624531024531024,0.7666666666666667,0.7666666666666667,new,rf,10,16,1,240,4790,efc966c-dirty,30.0,2.0
Subject571,30,0.9333333333333332,0.9333333333333333,0.9333333333333333,new,rf,10,16,1,240,4790,efc966c-dirty,30.0,2.0
Subject580,90,0.9080652680652681,0.9111111111111112,0.9111111111111111,new,rf,10,16,1,240,4790,efc966c-dirty,30.0,2.0
Subject867,60,0.8375132275132275,0.85,0.85,new,rf,10,16,1,240,4790,efc966c-dirty,30.0,2.0
Subject877,60,0.9644444444444444,0.9666666666666667,0.9666666666666667,new,rf,10,16,1,240,4790,efc966c-dirty,30.0,2.0
Subject139,60,0.9661375661375663,0.9666666666666667,0.9666666666666667,recorded,rf,10,16,1,240,4790,efc966c-dirty,30.0,2.0
Subject226,30,0.9333333333333332,0.9333333333333333,0.9333333333333333,recorded,rf,10,16,1,240,4790,efc966c-dirty,30.0,2.0
Subject352,30,0.8755555555555555,0.9,0.9,recorded,rf,10,16,1,240,4790,efc966c-dirty,30.0,2.0
Subject354,60,0.9661375661375663,0.9666666666666667,0.9666666666666667,recorded,rf,10,16,1,240,4790,efc966c-dirty,30.0,2.0
Subject376,60,0.912136752136752,0.9166666666666666,0.9166666666666666,recorded,rf,10,16,1,240,4790,efc966c-dirty,30.0,2.0
Subject424,60,0.8186243386243387,0.85,0.85,recorded,rf,10,16,1,240,4790,efc966c-dirty,30.0,2.0
Subject455,60,1.0,1.0,1.0,recorded,rf,10,16,1,240,4790,efc966c-dirty,30.0,2.0
Subject494,60,0.8915536315536315,0.9,0.9,recorded,rf,10,16,1,240,4790,efc966c-dirty,30.0,2.0
Subject516,30,0.9288888888888889,0.9333333333333333,0.9333333333333333,recorded,rf,10,16,1,240,4790,efc966c-dirty,30.0,2.0
Subject561,60,0.9485714285714286,0.95,0.95,recorded,rf,10,16,1,240,4790,efc966c-dirty,30.0,2.0
Subject611,60,0.8772486772486772,0.9,0.9,recorded,rf,10,16,1,240,4790,efc966c-dirty,30.0,2.0
Subject731,30,1.0,1.0,1.0,recorded,rf,10,16,1,240,4790,efc966c-dirty,30.0,2.0
Subject741,60,0.8968253968253969,0.9,0.9,recorded,rf,10,16,1,240,4790,efc966c-dirty,30.0,2.0
Subject819,60,0.8941798941798942,0.9166666666666666,0.9166666666666666,recorded,rf,10,16,1,240,4790,efc966c-dirty,30.0,2.0
Subject890,30,0.9111111111111111,0.9333333333333333,0.9333333333333333,recorded,rf,10,16,1,240,4790,efc966c-dirty,30.0,2.0
Subject969,30,0.7977777777777777,0.8333333333333334,0.8333333333333334,recorded,rf,10,16,1,240,4790,efc966c-dirty,30.0,2.0
Subject147,31,0.8955555555555555,0.9,0.9032258064516129,new,rf,10,16,2,480,9636,efc966c-dirty,30.0,2.0
Subject353,60,0.7965800865800865,0.8166666666666667,0.8166666666666667,new,rf,10,16,2,480,9636,efc966c-dirty,30.0,2.0
Subject571,30,0.9644444444444444,0.9666666666666667,0.9666666666666667,new,rf,10,16,2,480,9636,efc966c-dirty,30.0,2.0
Subject580,90,0.8514888814888815,0.8555555555555556,0.8555555555555555,new,rf,10,16,2,480,9636,efc966c-dirty,30.0,2.0
Subject867,60,0.8541798941798943,0.8666666666666667,0.8666666666666667,new,rf,10,16,2,480,9636,efc966c-dirty,30.0,2.0
Subject877,60,0.9830687830687831,0.9833333333333333,0.9833333333333333,new,rf,10,16,2,480,9636,efc966c-dirty,30.0,2.0
Subject139,60,0.9661375661375663,0.9666666666666667,0.9666666666666667,recorded,rf,10,16,2,480,9636,efc966c-dirty,30.0,2.0
Subject226,30,0.9644444444444444,0.9666666666666667,0.9666666666666667,recorded,rf,10,16,2,480,9636,efc966c-dirty,30.0,2.0
Subject352,30,0.8755555555555555,0.9,0.9,recorded,rf,10,16,2,480,9636,efc966c-dirty,30.0,2.0
Subject354,60,1.0,1.0,1.0,recorded,rf,10,16,2,480,9636,efc966c-dirty,30.0,2.0
Subject376,60,0.8960990860990862,0.9,0.9,recorded,rf,10,16,2,480,9636,efc966c-dirty,30.0,2.0
Subject424,60,0.8825396825396825,0.9,0.9,recorded,rf,10,16,2,480,9636,efc966c-dirty,30.0,2.0
Subject455,60,0.9830687830687831,0.9833333333333333,0.9833333333333333,recorded,rf,10,16,2,480,9636,efc966c-dirty,30.0,2.0
Subject494,60,0.924886964886965,0.9333333333333333,0.9333333333333333,recorded,rf,10,16,2,480,9636,efc966c-dirty,30.0,2.0
Subject516,30,0.9044444444444444,0.9,0.9,recorded,rf,10,16,2,480,9636,efc966c-dirty,30.0,2.0
Subject561,60,0.9664021164021165,0.9666666666666667,0.9666666666666667,recorded,rf,10,16,2,480,9636,efc966c-dirty,30.0,2.0
Subject611,60,0.9661375661375662,0.9666666666666667,0.9666666666666667,recorded,rf,10,16,2,480,9636,efc966c-dirty,30.0,2.0
Subject731,30,1.0,1.0,1.0,recorded,rf,10,16,2,480,9636,efc966c-dirty,30.0,2.0
Subject741,60,0.9418181818181818,0.95,0.95,recorded,rf,10,16,2,480,9636,efc966c-dirty,30.0,2.0
Subject819,60,0.8941798941798942,0.9166666666666666,0.9166666666666666,recorded,rf,10,16,2,480,9636,efc966c-dirty,30.0,2.0
Subject890,30,0.9111111111111111,0.9333333333333333,0.9333333333333333,recorded,rf,10,16,2,480,9636,efc966c-dirty,30.0,2.0
Subject969,30,0.8825396825396825,0.9,0.9,recorded,rf,10,16,2,480,9636,efc966c-dirty,30.0,2.0
Subject147,31,0.9311111111111111,0.9333333333333333,0.9354838709677419,new,rf,10,17,1,255,5152,efc966c-dirty,30.0,2.0
Subject353,60,0.8058393458393458,0.8333333333333334,0.8333333333333334,new,rf,10,17,1,255,5152,efc966c-dirty,30.0,2.0
Subject571,30,0.9333333333333332,0.9333333333333333,0.9333333333333333,new,rf,10,17,1,255,5152,efc966c-dirty,30.0,2.0
Subject580,90,0.8671670921670921,0.8666666666666668,0.8666666666666667,new,rf,10,17,1,255,5152,efc966c-dirty,30.0,2.0
Subject867,60,0.8375132275132275,0.85,0.85,new,rf,10,17,1,255,5152,efc966c-dirty,30.0,2.0
Subject877,60,0.9475132275132275,0.95,0.95,new,rf,10,17,1,255,5152,efc966c-dirty,30.0,2.0
Subject139,60,0.9475132275132275,0.95,0.95,recorded,rf,10,17,1,255,5152,efc966c-dirty,30.0,2.0
Subject226,30,0.9644444444444444,0.9666666666666667,0.9666666666666667,recorded,rf,10,17,1,255,5152,efc966c-dirty,30.0,2.0
Subject352,30,0.9111111111111111,0.9333333333333333,0.9333333333333333,recorded,rf,10,17,1,255,5152,efc966c-dirty,30.0,2.0
Subject354,60,0.9661375661375663,0.9666666666666667,0.9666666666666667,recorded,rf,10,17,1,255,5152,efc966c-dirty,30.0,2.0
Subject376,60,0.912136752136752,0.9166666666666666,0.9166666666666666,recorded,rf,10,17,1,255,5152,efc966c-dirty,30.0,2.0
Subject424,60,0.7773544973544975,0.8166666666666667,0.8166666666666667,recorded,rf,10,17,1,255,5152,efc966c-dirty,30.0,2.0
Subject455,60,0.9830687830687831,0.9833333333333333,0.9833333333333333,recorded,rf,10,17,1,255,5152,efc966c-dirty,30.0,2.0
Subject494,60,0.8748869648869649,0.8833333333333333,0.8833333333333333,recorded,rf,10,17,1,255,5152,efc966c-dirty,30.0,2.0
Subject516,30,0.8755555555555555,0.9,0.9,recorded,rf,10,17,1,255,5152,efc966c-dirty,30.0,2.0
Subject561,60,0.9485714285714286,0.95,0.95,recorded,rf,10,17,1,255,5152,efc966c-dirty,30.0,2.0
Subject611,60,0.8941798941798942,0.9166666666666666,0.9166666666666666,recorded,rf,10,17,1,255,5152,efc966c-dirty,30.0,2.0
Subject729,60,1.0,1.0,1.0,recorded,rf,10,17,1,255,5152,efc966c-dirty,30.0,2.0
Subject731,30,1.0,1.0,1.0,recorded,rf,10,17,1,255,5152,efc966c-dirty,30.0,2.0
Subject741,60,0.9322751322751323,0.9333333333333333,0.9333333333333333,recorded,rf,10,17,1,255,5152,efc966c-dirty,30.0,2.0
Subject819,60,0.8941798941798942,0.9166666666666666,0.9166666666666666,recorded,rf,10,17,1,255,5152,efc966c-dirty,30.0,2.0
Subject890,30,0.9111111111111111,0.9333333333333333,0.9333333333333333,recorded,rf,10,17,1,255,5152,efc966c-dirty,30.0,2.0
Subject969,30,0.7977777777777777,0.8333333333333334,0.8333333333333334,recorded,rf,10,17,1,255,5152,efc966c-dirty,30.0,2.0
Subject147,31,0.9311111111111111,0.9333333333333333,0.9354838709677419,new,rf,10,17,2,510,10359,efc966c-dirty,30.0,2.0
Subject353,60,0.8058393458393458,0.8333333333333334,0.8333333333333334,new,rf,10,17,2,510,10359,efc966c-dirty,30.0,2.0
Subject571,30,0.9333333333333332,0.9333333333333333,0.9333333333333333,new,rf,10,17,2,510,10359,efc966c-dirty,30.0,2.0
Subject580,90,0.8758417508417508,0.8777777777777779,0.8777777777777778,new,rf,10,17,2,510,10359,efc966c-dirty,30.0,2.0
Subject867,60,0.8541798941798943,0.8666666666666667,0.8666666666666667,new,rf,10,17,2,510,10359,efc966c-dirty,30.0,2.0
Subject877,60,0.9830687830687831,0.9833333333333333,0.9833333333333333,new,rf,10,17,2,510,10359,efc966c-dirty,30.0,2.0
Subject139,60,0.9830687830687831,0.9833333333333333,0.9833333333333333,recorded,rf,10,17,2,510,10359,efc966c-dirty,30.0,2.0
Subject226,30,0.9644444444444444,0.9666666666666667,0.9666666666666667,recorded,rf,10,17,2,510,10359,efc966c-dirty,30.0,2.0
Subject352,30,0.8755555555555555,0.9,0.9,recorded,rf,10,17,2,510,10359,efc966c-dirty,30.0,2.0
Subject354,60,1.0,1.0,1.0,recorded,rf,10,17,2,510,10359,efc966c-dirty,30.0,2.0
Subject376,60,0.901972101972102,0.9,0.9,recorded,rf,10,17,2,510,10359,efc966c-dirty,30.0,2.0
Subject424,60,0.8825396825396825,0.9,0.9,recorded,rf,10,17,2,510,10359,efc966c-dirty,30.0,2.0
Subject455,60,0.9830687830687831,0.9833333333333333,0.9833333333333333,recorded,rf,10,17,2,510,10359,efc966c-dirty,30.0,2.0
Subject494,60,0.924886964886965,0.9333333333333333,0.9333333333333333,recorded,rf,10,17,2,510,10359,efc966c-dirty,30.0,2.0
Subject516,30,0.9311111111111111,0.9333333333333333,0.9333333333333333,recorded,rf,10,17,2,510,10359,efc966c-dirty,30.0,2.0
Subject561,60,0.9485714285714286,0.95,0.95,recorded,rf,10,17,2,510,10359,efc966c-dirty,30.0,2.0
Subject611,60,0.9830687830687831,0.9833333333333333,0.9833333333333333,recorded,rf,10,17,2,510,10359,efc966c-dirty,30.0,2.0
Subject729,60,1.0,1.0,1.0,recorded,rf,10,17,2,510,10359,efc966c-dirty,30.0,2.0
Subject731,30,0.9644444444444444,0.9666666666666667,0.9666666666666667,recorded,rf,10,17,2,510,10359,efc966c-dirty,30.0,2.0
Subject741,60,0.9418181818181818,0.95,0.95,recorded,rf,10,17,2,510,10359,efc966c-dirty,30.0,2.0
Subject819,60,0.8941798941798942,0.9166666666666666,0.9166666666666666,recorded,rf,10,17,2,510,10359,efc966c-dirty,30.0,2.0
Subject890,30,0.9111111111111111,0.9333333333333333,0.9333333333333333,recorded,rf,10,17,2,510,10359,efc966c-dirty,30.0,2.0
Subject969,30,0.8469841269841271,0.8666666666666667,0.8666666666666667,recorded,rf,10,17,2,510,10359,efc966c-dirty,30.0,2.0
Subject139,60,0.6933333333333332,0.75,0.75,new,rf,11,2,1,30,541,efc966c-dirty,30.0,2.0
Subject352,30,0.43587301587301586,0.5,0.5,new,rf,11,2,1,30,541,efc966c-dirty,30.0,2.0
Subject354,60,0.696917896917897,0.75,0.75,new,rf,11,2,1,30,541,efc966c-dirty,30.0,2.0
Subject580,90,0.7323779488485371,0.7444444444444446,0.7444444444444445,new,rf,11,2,1,30,541,efc966c-dirty,30.0,2.0
Subject819,60,0.6421356421356422,0.7,0.7,new,rf,11,2,1,30,541,efc966c-dirty,30.0,2.0
Subject867,60,0.6611784511784511,0.6833333333333333,0.6833333333333333,new,rf,11,2,1,30,541,efc966c-dirty,30.0,2.0
Subject424,60,0.805912605912606,0.85,0.85,recorded,rf,11,2,1,30,541,efc966c-dirty,30.0,2.0
Subject731,30,0.8488888888888888,0.8666666666666667,0.8666666666666667,recorded,rf,11,2,1,30,541,efc966c-dirty,30.0,2.0
Subject139,60,0.6763492063492064,0.7333333333333333,0.7333333333333333,new,rf,11,2,2,60,1093,efc966c-dirty,30.0,2.0
Subject352,30,0.46740740740740744,0.5333333333333333,0.5333333333333333,new,rf,11,2,2,60,1093,efc966c-dirty,30.0,2.0
Subject354,60,0.7015873015873015,0.7166666666666667,0.7166666666666667,new,rf,11,2,2,60,1093,efc966c-dirty,30.0,2.0
Subject580,90,0.7743596708302589,0.7888888888888891,0.7888888888888889,new,rf,11,2,2,60,1093,efc966c-dirty,30.0,2.0
Subject819,60,0.6177777777777779,0.6833333333333333,0.6833333333333333,new,rf,11,2,2,60,1093,efc966c-dirty,30.0,2.0
Subject867,60,0.7336123136123137,0.75,0.75,new,rf,11,2,2,60,1093,efc966c-dirty,30.0,2.0
Subject424,60,0.8812372812372813,0.9,0.9,recorded,rf,11,2,2,60,1093,efc966c-dirty,30.0,2.0
Subject731,30,0.9644444444444444,0.9666666666666667,0.9666666666666667,recorded,rf,11,2,2,60,1093,efc966c-dirty,30.0,2.0
Subject139,60,0.7737373737373737,0.8166666666666667,0.8166666666666667,new,rf,11,4,1,60,1178,efc966c-dirty,30.0,2.0
Subject352,30,0.718095238095238,0.7666666666666667,0.7666666666666667,new,rf,11,4,1,60,1178,efc966c-dirty,30.0,2.0
Subject354,60,0.6823280423280423,0.7333333333333333,0.7333333333333333,new,rf,11,4,1,60,1178,efc966c-dirty,30.0,2.0
Subject580,90,0.8025063825063826,0.8,0.8,new,rf,11,4,1,60,1178,efc966c-dirty,30.0,2.0
Subject819,60,0.7685906685906687,0.8166666666666667,0.8166666666666667,new,rf,11,4,1,60,1178,efc966c-dirty,30.0,2.0
Subject867,60,0.7038095238095238,0.7333333333333333,0.7333333333333333,new,rf,11,4,1,60,1178,efc966c-dirty,30.0,2.0
Subject424,60,0.7807599807599808,0.8166666666666667,0.8166666666666667,recorded,rf,11,4,1,60,1178,efc966c-dirty,30.0,2.0
Subject455,60,0.946031746031746,0.95,0.95,recorded,rf,11,4,1,60,1178,efc966c-dirty,30.0,2.0
Subject571,30,0.9288888888888889,0.9333333333333333,0.9333333333333333,recorded,rf,11,4,1,60,1178,efc966c-dirty,30.0,2.0
Subject731,30,0.8825396825396826,0.9,0.9,recorded,rf,11,4,1,60,1178,efc966c-dirty,30.0,2.0
Subject139,60,0.8311495911495912,0.85,0.85,new,rf,11,4,2,120,2386,efc966c-dirty,30.0,2.0
Subject352,30,0.7777777777777778,0.8,0.8,new,rf,11,4,2,120,2386,efc966c-dirty,30.0,2.0
Subject354,60,0.7947474747474748,0.8333333333333334,0.8333333333333334,new,rf,11,4,2,120,2386,efc966c-dirty,30.0,2.0
Subject580,90,0.8417982017982018,0.8444444444444446,0.8444444444444444,new,rf,11,4,2,120,2386,efc966c-dirty,30.0,2.0
Subject819,60,0.8275132275132274,0.85,0.85,new,rf,11,4,2,120,2386,efc966c-dirty,30.0,2.0
Subject867,60,0.7722943722943721,0.8,0.8,new,rf,11,4,2,120,2386,efc966c-dirty,30.0,2.0
Subject424,60,0.8812372812372812,0.9,0.9,recorded,rf,11,4,2,120,2386,efc966c-dirty,30.0,2.0
Subject455,60,0.9473544973544974,0.95,0.95,recorded,rf,11,4,2,120,2386,efc966c-dirty,30.0,2.0
Subject571,30,0.8755555555555555,0.9,0.9,recorded,rf,11,4,2,120,2386,efc966c-dirty,30.0,2.0
Subject731,30,0.9644444444444444,0.9666666666666667,0.9666666666666667,recorded,rf,11,4,2,120,2386,efc966c-dirty,30.0,2.0
Subject139,60,0.8645502645502645,0.8833333333333333,0.8833333333333333,new,rf,11,6,1,90,1949,efc966c-dirty,30.0,2.0
Subject352,30,0.8025396825396826,0.8333333333333334,0.8333333333333334,new,rf,11,6,1,90,1949,efc966c-dirty,30.0,2.0
Subject354,60,0.6507610907610908,0.6833333333333333,0.6833333333333333,new,rf,11,6,1,90,1949,efc966c-dirty,30.0,2.0
Subject580,90,0.7836741036741036,0.7777777777777779,0.7777777777777778,new,rf,11,6,1,90,1949,efc966c-dirty,30.0,2.0
Subject819,60,0.8300721500721502,0.8666666666666667,0.8666666666666667,new,rf,11,6,1,90,1949,efc966c-dirty,30.0,2.0
Subject867,60,0.7007407407407408,0.7333333333333333,0.7333333333333333,new,rf,11,6,1,90,1949,efc966c-dirty,30.0,2.0
Subject424,60,0.7807599807599808,0.8166666666666667,0.8166666666666667,recorded,rf,11,6,1,90,1949,efc966c-dirty,30.0,2.0
Subject455,60,0.9661375661375663,0.9666666666666667,0.9666666666666667,recorded,rf,11,6,1,90,1949,efc966c-dirty,30.0,2.0
Subject571,30,0.9644444444444444,0.9666666666666667,0.9666666666666667,recorded,rf,11,6,1,90,1949,efc966c-dirty,30.0,2.0
Subject731,30,0.9644444444444444,0.9666666666666667,0.9666666666666667,recorded,rf,11,6,1,90,1949,efc966c-dirty,30.0,2.0
Subject890,30,0.8422222222222222,0.8666666666666667,0.8666666666666667,recorded,rf,11,6,1,90,1949,efc966c-dirty,30.0,2.0
Subject969,30,0.8333333333333334,0.8666666666666667,0.8666666666666667,recorded,rf,11,6,1,90,1949,efc966c-dirty,30.0,2.0
Subject139,60,0.8586243386243386,0.8833333333333333,0.8833333333333333,new,rf,11,6,2,180,3912,efc966c-dirty,30.0,2.0
Subject352,30,0.7555555555555554,0.8,0.8,new,rf,11,6,2,180,3912,efc966c-dirty,30.0,2.0
Subject354,60,0.6847715247715249,0.7333333333333333,0.7333333333333333,new,rf,11,6,2,180,3912,efc966c-dirty,30.0,2.0
Subject580,90,0.8540570540570539,0.8555555555555556,0.8555555555555555,new,rf,11,6,2,180,3912,efc966c-dirty,30.0,2.0
Subject819,60,0.9075132275132275,0.9166666666666666,0.9166666666666666,new,rf,11,6,2,180,3912,efc966c-dirty,30.0,2.0
Subject867,60,0.7515873015873016,0.7666666666666667,0.7666666666666667,new,rf,11,6,2,180,3912,efc966c-dirty,30.0,2.0
Subject424,60,0.8656084656084656,0.8833333333333333,0.8833333333333333,recorded,rf,11,6,2,180,3912,efc966c-dirty,30.0,2.0
Subject455,60,0.9473544973544974,0.95,0.95,recorded,rf,11,6,2,180,3912,efc966c-dirty,30.0,2.0
Subject571,30,1.0,1.0,1.0,recorded,rf,11,6,2,180,3912,efc966c-dirty,30.0,2.0
Subject731,30,1.0,1.0,1.0,recorded,rf,11,6,2,180,3912,efc966c-dirty,30.0,2.0
Subject890,30,0.8444444444444444,0.8666666666666667,0.8666666666666667,recorded,rf,11,6,2,180,3912,efc966c-dirty,30.0,2.0
Subject969,30,0.9111111111111111,0.9333333333333333,0.9333333333333333,recorded,rf,11,6,2,180,3912,efc966c-dirty,30.0,2.0
Subject139,60,0.8846560846560847,0.9,0.9,new,rf,11,8,1,120,2537,efc966c-dirty,30.0,2.0
Subject352,30,0.7422222222222222,0.7666666666666667,0.7666666666666667,new,rf,11,8,1,120,2537,efc966c-dirty,30.0,2.0
Subject354,60,0.7447293447293447,0.75,0.75,new,rf,11,8,1,120,2537,efc966c-dirty,30.0,2.0
Subject580,90,0.8138616938616938,0.8111111111111111,0.8111111111111111,new,rf,11,8,1,120,2537,efc966c-dirty,30.0,2.0
Subject819,60,0.9223280423280423,0.9333333333333333,0.9333333333333333,new,rf,11,8,1,120,2537,efc966c-dirty,30.0,2.0
Subject867,60,0.7314478114478115,0.75,0.75,new,rf,11,8,1,120,2537,efc966c-dirty,30.0,2.0
Subject424,60,0.7435113035113036,0.7833333333333333,0.7833333333333333,recorded,rf,11,8,1,120,2537,efc966c-dirty,30.0,2.0
Subject455,60,0.9664021164021165,0.9666666666666667,0.9666666666666667,recorded,rf,11,8,1,120,2537,efc966c-dirty,30.0,2.0
Subject516,30,0.9644444444444444,0.9666666666666667,0.9666666666666667,recorded,rf,11,8,1,120,2537,efc966c-dirty,30.0,2.0
Subject571,30,0.9644444444444444,0.9666666666666667,0.9666666666666667,recorded,rf,11,8,1,120,2537,efc966c-dirty,30.0,2.0
Subject731,30,0.9333333333333332,0.9333333333333333,0.9333333333333333,recorded,rf,11,8,1,120,2537,efc966c-dirty,30.0,2.0
Subject877,60,0.9661375661375662,0.9666666666666667,0.9666666666666667,recorded,rf,11,8,1,120,2537,efc966c-dirty,30.0,2.0
Subject890,30,0.8444444444444444,0.8666666666666667,0.8666666666666667,recorded,rf,11,8,1,120,2537,efc966c-dirty,30.0,2.0
Subject969,30,0.8825396825396825,0.9,0.9,recorded,rf,11,8,1,120,2537,efc966c-dirty,30.0,2.0
Subject139,60,0.9661375661375662,0.9666666666666667,0.9666666666666667,new,rf,11,8,2,240,5110,efc966c-dirty,30.0,2.0
Subject352,30,0.8088888888888889,0.8333333333333334,0.8333333333333334,new,rf,11,8,2,240,5110,efc966c-dirty,30.0,2.0
Subject354,60,0.7507070707070707,0.7833333333333333,0.7833333333333333,new,rf,11,8,2,240,5110,efc966c-dirty,30.0,2.0
Subject580,90,0.8450763615469498,0.8444444444444444,0.8444444444444444,new,rf,11,8,2,240,5110,efc966c-dirty,30.0,2.0
Subject819,60,0.9223280423280423,0.9333333333333333,0.9333333333333333,new,rf,11,8,2,240,5110,efc966c-dirty,30.0,2.0
Subject867,60,0.8208465608465609,0.8333333333333334,0.8333333333333334,new,rf,11,8,2,240,5110,efc966c-dirty,30.0,2.0
Subject424,60,0.8825396825396825,0.9,0.9,recorded,rf,11,8,2,240,5110,efc966c-dirty,30.0,2.0
Subject455,60,0.9830687830687831,0.9833333333333333,0.9833333333333333,recorded,rf,11,8,2,240,5110,efc966c-dirty,30.0,2.0
Subject516,30,0.9333333333333332,0.9333333333333333,0.9333333333333333,recorded,rf,11,8,2,240,5110,efc966c-dirty,30.0,2.0
Subject571,30,1.0,1.0,1.0,recorded,rf,11,8,2,240,5110,efc966c-dirty,30.0,2.0
Subject731,30,0.9111111111111111,0.9333333333333333,0.9333333333333333,recorded,rf,11,8,2,240,5110,efc966c-dirty,30.0,2.0
Subject877,60,0.9661375661375662,0.9666666666666667,0.9666666666666667,recorded,rf,11,8,2,240,5110,efc966c-dirty,30.0,2.0
Subject890,30,0.8444444444444444,0.8666666666666667,0.8666666666666667,recorded,rf,11,8,2,240,5110,efc966c-dirty,30.0,2.0
Subject969,30,0.9111111111111111,0.9333333333333333,0.9333333333333333,recorded,rf,11,8,2,240,5110,efc966c-dirty,30.0,2.0
Subject139,60,0.7924001924001925,0.8333333333333334,0.8333333333333334,new,rf,11,12,1,180,3683,efc966c-dirty,30.0,2.0
Subject352,30,0.8088888888888889,0.8333333333333334,0.8333333333333334,new,rf,11,12,1,180,3683,efc966c-dirty,30.0,2.0
Subject354,60,0.8972486772486774,0.9,0.9,new,rf,11,12,1,180,3683,efc966c-dirty,30.0,2.0
Subject580,90,0.8698871063576945,0.8666666666666666,0.8666666666666667,new,rf,11,12,1,180,3683,efc966c-dirty,30.0,2.0
Subject819,60,0.9223280423280423,0.9333333333333333,0.9333333333333333,new,rf,11,12,1,180,3683,efc966c-dirty,30.0,2.0
Subject867,60,0.7621356421356421,0.7833333333333333,0.7833333333333333,new,rf,11,12,1,180,3683,efc966c-dirty,30.0,2.0
Subject226,30,0.8825396825396825,0.9,0.9,recorded,rf,11,12,1,180,3683,efc966c-dirty,30.0,2.0
Subject376,60,0.9141798941798942,0.9166666666666666,0.9166666666666666,recorded,rf,11,12,1,180,3683,efc966c-dirty,30.0,2.0
Subject424,60,0.7737566137566139,0.8,0.8,recorded,rf,11,12,1,180,3683,efc966c-dirty,30.0,2.0
Subject455,60,0.9830687830687831,0.9833333333333333,0.9833333333333333,recorded,rf,11,12,1,180,3683,efc966c-dirty,30.0,2.0
Subject516,30,0.9644444444444444,0.9666666666666667,0.9666666666666667,recorded,rf,11,12,1,180,3683,efc966c-dirty,30.0,2.0
Subject571,30,1.0,1.0,1.0,recorded,rf,11,12,1,180,3683,efc966c-dirty,30.0,2.0
Subject611,60,0.9305820105820106,0.9333333333333333,0.9333333333333333,recorded,rf,11,12,1,180,3683,efc966c-dirty,30.0,2.0
Subject729,60,0.9644444444444444,0.9666666666666667,0.9666666666666667,recorded,rf,11,12,1,180,3683,efc966c-dirty,30.0,2.0
Subject731,30,0.8777777777777778,0.9,0.9,recorded,rf,11,12,1,180,3683,efc966c-dirty,30.0,2.0
Subject877,60,0.9111111111111111,0.9333333333333333,0.9333333333333333,recorded,rf,11,12,1,180,3683,efc966c-dirty,30.0,2.0
Subject890,30,0.846984126984127,0.8666666666666667,0.8666666666666667,recorded,rf,11,12,1,180,3683,efc966c-dirty,30.0,2.0
Subject969,30,0.9111111111111111,0.9333333333333333,0.9333333333333333,recorded,rf,11,12,1,180,3683,efc966c-dirty,30.0,2.0
Subject139,60,0.9492063492063493,0.95,0.95,new,rf,11,12,2,360,7463,efc966c-dirty,30.0,2.0
Subject352,30,0.8088888888888889,0.8333333333333334,0.8333333333333334,new,rf,11,12,2,360,7463,efc966c-dirty,30.0,2.0
Subject354,60,0.9494708994708996,0.95,0.95,new,rf,11,12,2,360,7463,efc966c-dirty,30.0,2.0
Subject580,90,0.891004551004551,0.8888888888888888,0.8888888888888888,new,rf,11,12,2,360,7463,efc966c-dirty,30.0,2.0
Subject819,60,0.9223280423280423,0.9333333333333333,0.9333333333333333,new,rf,11,12,2,360,7463,efc966c-dirty,30.0,2.0
Subject867,60,0.7797354497354497,0.8,0.8,new,rf,11,12,2,360,7463,efc966c-dirty,30.0,2.0
Subject226,30,0.9333333333333332,0.9333333333333333,0.9333333333333333,recorded,rf,11,12,2,360,7463,efc966c-dirty,30.0,2.0
Subject376,60,0.8664021164021165,0.8833333333333333,0.8833333333333333,recorded,rf,11,12,2,360,7463,efc966c-dirty,30.0,2.0
Subject424,60,0.8622222222222222,0.8833333333333333,0.8833333333333333,recorded,rf,11,12,2,360,7463,efc966c-dirty,30.0,2.0
Subject455,60,1.0,1.0,1.0,recorded,rf,11,12,2,360,7463,efc966c-dirty,30.0,2.0
Subject516,30,0.9333333333333332,0.9333333333333333,0.9333333333333333,recorded,rf,11,12,2,360,7463,efc966c-dirty,30.0,2.0
Subject571,30,1.0,1.0,1.0,recorded,rf,11,12,2,360,7463,efc966c-dirty,30.0,2.0
Subject611,60,0.9661375661375663,0.9666666666666667,0.9666666666666667,recorded,rf,11,12,2,360,7463,efc966c-dirty,30.0,2.0
Subject729,60,1.0,1.0,1.0,recorded,rf,11,12,2,360,7463,efc966c-dirty,30.0,2.0
Subject731,30,0.8825396825396826,0.9,0.9,recorded,rf,11,12,2,360,7463,efc966c-dirty,30.0,2.0
Subject877,60,0.9644444444444444,0.9666666666666667,0.9666666666666667,recorded,rf,11,12,2,360,7463,efc966c-dirty,30.0,2.0
Subject890,30,0.8444444444444444,0.8666666666666667,0.8666666666666667,recorded,rf,11,12,2,360,7463,efc966c-dirty,30.0,2.0
Subject969,30,0.8825396825396825,0.9,0.9,recorded,rf,11,12,2,360,7463,efc966c-dirty,30.0,2.0
Subject139,60,0.9124338624338625,0.9166666666666666,0.9166666666666666,new,rf,11,16,1,240,4827,efc966c-dirty,30.0,2.0
Subject352,30,0.8088888888888889,0.8333333333333334,0.8333333333333334,new,rf,11,16,1,240,4827,efc966c-dirty,30.0,2.0
Subject354,60,0.9259259259259259,0.9333333333333333,0.9333333333333333,new,rf,11,16,1,240,4827,efc966c-dirty,30.0,2.0
Subject580,90,0.8782625653213889,0.8777777777777778,0.8777777777777778,new,rf,11,16,1,240,4827,efc966c-dirty,30.0,2.0
Subject819,60,0.9223280423280423,0.9333333333333333,0.9333333333333333,new,rf,11,16,1,240,4827,efc966c-dirty,30.0,2.0
Subject867,60,0.7280808080808081,0.7666666666666667,0.7666666666666667,new,rf,11,16,1,240,4827,efc966c-dirty,30.0,2.0
Subject226,30,0.9333333333333332,0.9333333333333333,0.9333333333333333,recorded,rf,11,16,1,240,4827,efc966c-dirty,30.0,2.0
Subject353,60,0.7962193362193362,0.8,0.8,recorded,rf,11,16,1,240,4827,efc966c-dirty,30.0,2.0
Subject376,60,0.8987301587301588,0.9,0.9,recorded,rf,11,16,1,240,4827,efc966c-dirty,30.0,2.0
Subject424,60,0.8344647944647945,0.85,0.85,recorded,rf,11,16,1,240,4827,efc966c-dirty,30.0,2.0
Subject455,60,1.0,1.0,1.0,recorded,rf,11,16,1,240,4827,efc966c-dirty,30.0,2.0
Subject494,60,0.931216931216931,0.9333333333333333,0.9333333333333333,recorded,rf,11,16,1,240,4827,efc966c-dirty,30.0,2.0
Subject516,30,0.9644444444444444,0.9666666666666667,0.9666666666666667,recorded,rf,11,16,1,240,4827,efc966c-dirty,30.0,2.0
Subject561,60,0.9062626262626262,0.9166666666666666,0.9166666666666666,recorded,rf,11,16,1,240,4827,efc966c-dirty,30.0,2.0
Subject571,30,0.9644444444444444,0.9666666666666667,0.9666666666666667,recorded,rf,11,16,1,240,4827,efc966c-dirty,30.0,2.0
Subject611,60,0.9661375661375663,0.9666666666666667,0.9666666666666667,recorded,rf,11,16,1,240,4827,efc966c-dirty,30.0,2.0
Subject729,60,0.9661375661375662,0.9666666666666667,0.9666666666666667,recorded,rf,11,16,1,240,4827,efc966c-dirty,30.0,2.0
Subject731,30,0.9066666666666667,0.9333333333333333,0.9333333333333333,recorded,rf,11,16,1,240,4827,efc966c-dirty,30.0,2.0
Subject741,60,0.855257335257335,0.8833333333333333,0.8833333333333333,recorded,rf,11,16,1,240,4827,efc966c-dirty,30.0,2.0
Subject877,60,1.0,1.0,1.0,recorded,rf,11,16,1,240,4827,efc966c-dirty,30.0,2.0
Subject890,30,0.8333333333333334,0.8666666666666667,0.8666666666666667,recorded,rf,11,16,1,240,4827,efc966c-dirty,30.0,2.0
Subject969,30,0.8755555555555555,0.9,0.9,recorded,rf,11,16,1,240,4827,efc966c-dirty,30.0,2.0
Subject139,60,0.9492063492063493,0.95,0.95,new,rf,11,16,2,480,9794,efc966c-dirty,30.0,2.0
Subject352,30,0.8088888888888889,0.8333333333333334,0.8333333333333334,new,rf,11,16,2,480,9794,efc966c-dirty,30.0,2.0
Subject354,60,1.0,1.0,1.0,new,rf,11,16,2,480,9794,efc966c-dirty,30.0,2.0
Subject580,90,0.8867452917452918,0.888888888888889,0.8888888888888888,new,rf,11,16,2,480,9794,efc966c-dirty,30.0,2.0
Subject819,60,0.924886964886965,0.9333333333333333,0.9333333333333333,new,rf,11,16,2,480,9794,efc966c-dirty,30.0,2.0
Subject867,60,0.8074074074074074,0.8333333333333334,0.8333333333333334,new,rf,11,16,2,480,9794,efc966c-dirty,30.0,2.0
Subject226,30,0.9333333333333332,0.9333333333333333,0.9333333333333333,recorded,rf,11,16,2,480,9794,efc966c-dirty,30.0,2.0
Subject353,60,0.8751515151515151,0.8833333333333333,0.8833333333333333,recorded,rf,11,16,2,480,9794,efc966c-dirty,30.0,2.0
Subject376,60,0.8960990860990862,0.9,0.9,recorded,rf,11,16,2,480,9794,efc966c-dirty,30.0,2.0
Subject424,60,0.8825396825396825,0.9,0.9,recorded,rf,11,16,2,480,9794,efc966c-dirty,30.0,2.0
Subject455,60,1.0,1.0,1.0,recorded,rf,11,16,2,480,9794,efc966c-dirty,30.0,2.0
Subject494,60,0.924886964886965,0.9333333333333333,0.9333333333333333,recorded,rf,11,16,2,480,9794,efc966c-dirty,30.0,2.0
Subject516,30,0.9333333333333332,0.9333333333333333,0.9333333333333333,recorded,rf,11,16,2,480,9794,efc966c-dirty,30.0,2.0
Subject561,60,1.0,1.0,1.0,recorded,rf,11,16,2,480,9794,efc966c-dirty,30.0,2.0
Subject571,30,1.0,1.0,1.0,recorded,rf,11,16,2,480,9794,efc966c-dirty,30.0,2.0
Subject611,60,0.9661375661375663,0.9666666666666667,0.9666666666666667,recorded,rf,11,16,2,480,9794,efc966c-dirty,30.0,2.0
Subject729,60,0.9830687830687831,0.9833333333333333,0.9833333333333333,recorded,rf,11,16,2,480,9794,efc966c-dirty,30.0,2.0
Subject731,30,0.9333333333333332,0.9333333333333333,0.9333333333333333,recorded,rf,11,16,2,480,9794,efc966c-dirty,30.0,2.0
Subject741,60,0.9223280423280423,0.9333333333333333,0.9333333333333333,recorded,rf,11,16,2,480,9794,efc966c-dirty,30.0,2.0
Subject877,60,1.0,1.0,1.0,recorded,rf,11,16,2,480,9794,efc966c-dirty,30.0,2.0
Subject890,30,0.9111111111111111,0.9333333333333333,0.9333333333333333,recorded,rf,11,16,2,480,9794,efc966c-dirty,30.0,2.0
Subject969,30,0.8825396825396825,0.9,0.9,recorded,rf,11,16,2,480,9794,efc966c-dirty,30.0,2.0
Subject139,60,0.8977777777777779,0.9,0.9,new,rf,11,17,1,255,5096,efc966c-dirty,30.0,2.0
Subject352,30,0.8088888888888889,0.8333333333333334,0.8333333333333334,new,rf,11,17,1,255,5096,efc966c-dirty,30.0,2.0
Subject354,60,0.8891726791726792,0.9,0.9,new,rf,11,17,1,255,5096,efc966c-dirty,30.0,2.0
Subject580,90,0.8782625653213889,0.8777777777777778,0.8777777777777778,new,rf,11,17,1,255,5096,efc966c-dirty,30.0,2.0
Subject819,60,0.8812372812372813,0.9,0.9,new,rf,11,17,1,255,5096,efc966c-dirty,30.0,2.0
Subject867,60,0.7693314093314093,0.8,0.8,new,rf,11,17,1,255,5096,efc966c-dirty,30.0,2.0
Subject147,31,0.9644444444444444,0.9666666666666667,0.967741935483871,recorded,rf,11,17,1,255,5096,efc966c-dirty,30.0,2.0
Subject226,30,0.9333333333333332,0.9333333333333333,0.9333333333333333,recorded,rf,11,17,1,255,5096,efc966c-dirty,30.0,2.0
Subject353,60,0.791986531986532,0.8166666666666667,0.8166666666666667,recorded,rf,11,17,1,255,5096,efc966c-dirty,30.0,2.0
Subject376,60,0.8861375661375662,0.8833333333333333,0.8833333333333333,recorded,rf,11,17,1,255,5096,efc966c-dirty,30.0,2.0
Subject424,60,0.8344647944647945,0.85,0.85,recorded,rf,11,17,1,255,5096,efc966c-dirty,30.0,2.0
Subject455,60,1.0,1.0,1.0,recorded,rf,11,17,1,255,5096,efc966c-dirty,30.0,2.0
Subject494,60,0.931216931216931,0.9333333333333333,0.9333333333333333,recorded,rf,11,17,1,255,5096,efc966c-dirty,30.0,2.0
Subject516,30,0.9644444444444444,0.9666666666666667,0.9666666666666667,recorded,rf,11,17,1,255,5096,efc966c-dirty,30.0,2.0
Subject561,60,0.8903896103896104,0.9,0.9,recorded,rf,11,17,1,255,5096,efc966c-dirty,30.0,2.0
Subject571,30,1.0,1.0,1.0,recorded,rf,11,17,1,255,5096,efc966c-dirty,30.0,2.0
Subject611,60,0.9830687830687831,0.9833333333333333,0.9833333333333333,recorded,rf,11,17,1,255,5096,efc966c-dirty,30.0,2.0
Subject729,60,1.0,1.0,1.0,recorded,rf,11,17,1,255,5096,efc966c-dirty,30.0,2.0
Subject731,30,0.9066666666666667,0.9333333333333333,0.9333333333333333,recorded,rf,11,17,1,255,5096,efc966c-dirty,30.0,2.0
Subject741,60,0.8738816738816737,0.9,0.9,recorded,rf,11,17,1,255,5096,efc966c-dirty,30.0,2.0
Subject877,60,0.9830687830687831,0.9833333333333333,0.9833333333333333,recorded,rf,11,17,1,255,5096,efc966c-dirty,30.0,2.0
Subject890,30,0.8825396825396825,0.9,0.9,recorded,rf,11,17,1,255,5096,efc966c-dirty,30.0,2.0
Subject969,30,0.8755555555555555,0.9,0.9,recorded,rf,11,17,1,255,5096,efc966c-dirty,30.0,2.0
Subject139,60,0.9485714285714286,0.95,0.95,new,rf,11,17,2,510,10331,efc966c-dirty,30.0,2.0
Subject352,30,0.8088888888888889,0.8333333333333334,0.8333333333333334,new,rf,11,17,2,510,10331,efc966c-dirty,30.0,2.0
Subject354,60,0.962962962962963,0.9666666666666667,0.9666666666666667,new,rf,11,17,2,510,10331,efc966c-dirty,30.0,2.0
Subject580,90,0.899068524068524,0.9000000000000001,0.9,new,rf,11,17,2,510,10331,efc966c-dirty,30.0,2.0
Subject819,60,0.924886964886965,0.9333333333333333,0.9333333333333333,new,rf,11,17,2,510,10331,efc966c-dirty,30.0,2.0
Subject867,60,0.8262626262626261,0.85,0.85,new,rf,11,17,2,510,10331,efc966c-dirty,30.0,2.0
Subject147,31,1.0,1.0,1.0,recorded,rf,11,17,2,510,10331,efc966c-dirty,30.0,2.0
Subject226,30,0.9333333333333332,0.9333333333333333,0.9333333333333333,recorded,rf,11,17,2,510,10331,efc966c-dirty,30.0,2.0
Subject353,60,0.8751515151515151,0.8833333333333333,0.8833333333333333,recorded,rf,11,17,2,510,10331,efc966c-dirty,30.0,2.0
Subject376,60,0.8960990860990862,0.9,0.9,recorded,rf,11,17,2,510,10331,efc966c-dirty,30.0,2.0
Subject424,60,0.8825396825396825,0.9,0.9,recorded,rf,11,17,2,510,10331,efc966c-dirty,30.0,2.0
Subject455,60,1.0,1.0,1.0,recorded,rf,11,17,2,510,10331,efc966c-dirty,30.0,2.0
Subject494,60,0.9392592592592592,0.95,0.95,recorded,rf,11,17,2,510,10331,efc966c-dirty,30.0,2.0
Subject516,30,0.9644444444444444,0.9666666666666667,0.9666666666666667,recorded,rf,11,17,2,510,10331,efc966c-dirty,30.0,2.0
Subject561,60,1.0,1.0,1.0,recorded,rf,11,17,2,510,10331,efc966c-dirty,30.0,2.0
Subject571,30,1.0,1.0,1.0,recorded,rf,11,17,2,510,10331,efc966c-dirty,30.0,2.0
Subject611,60,0.9661375661375663,0.9666666666666667,0.9666666666666667,recorded,rf,11,17,2,510,10331,efc966c-dirty,30.0,2.0
Subject729,60,1.0,1.0,1.0,recorded,rf,11,17,2,510,10331,efc966c-dirty,30.0,2.0
Subject731,30,0.9644444444444444,0.9666666666666667,0.9666666666666667,recorded,rf,11,17,2,510,10331,efc966c-dirty,30.0,2.0
Subject741,60,0.9223280423280423,0.9333333333333333,0.9333333333333333,recorded,rf,11,17,2,510,10331,efc966c-dirty,30.0,2.0
Subject877,60,1.0,1.0,1.0,recorded,rf,11,17,2,510,10331,efc966c-dirty,30.0,2.0
Subject890,30,0.9111111111111111,0.9333333333333333,0.9333333333333333,recorded,rf,11,17,2,510,10331,efc966c-dirty,30.0,2.0
Subject969,30,0.9111111111111111,0.9333333333333333,0.9333333333333333,recorded,rf,11,17,2,510,10331,efc966c-dirty,30.0,2.0
Subject424,60,0.36793650793650795,0.45,0.45,new,rf,12,2,1,30,749,efc966c-dirty,30.0,2.0
Subject611,60,0.6977777777777778,0.75,0.75,new,rf,12,2,1,30,749,efc966c-dirty,30.0,2.0
Subject731,30,0.48994708994708996,0.5666666666666667,0.5666666666666667,new,rf,12,2,1,30,749,efc966c-dirty,30.0,2.0
Subject867,60,0.5857142857142857,0.6166666666666667,0.6166666666666667,new,rf,12,2,1,30,749,efc966c-dirty,30.0,2.0
Subject890,30,0.4074074074074074,0.4666666666666667,0.4666666666666667,new,rf,12,2,1,30,749,efc966c-dirty,30.0,2.0
Subject969,30,0.6777777777777777,0.7333333333333333,0.7333333333333333,new,rf,12,2,1,30,749,efc966c-dirty,30.0,2.0
Subject571,30,0.9644444444444444,0.9666666666666667,0.9666666666666667,recorded,rf,12,2,1,30,749,efc966c-dirty,30.0,2.0
Subject819,60,0.9475132275132275,0.95,0.95,recorded,rf,12,2,1,30,749,efc966c-dirty,30.0,2.0
Subject424,60,0.2694276094276094,0.36666666666666664,0.36666666666666664,new,rf,12,2,2,60,1488,efc966c-dirty,30.0,2.0
Subject611,60,0.6674352548036759,0.7166666666666667,0.7166666666666667,new,rf,12,2,2,60,1488,efc966c-dirty,30.0,2.0
Subject731,30,0.518095238095238,0.6,0.6,new,rf,12,2,2,60,1488,efc966c-dirty,30.0,2.0
Subject867,60,0.49414141414141416,0.5166666666666667,0.5166666666666667,new,rf,12,2,2,60,1488,efc966c-dirty,30.0,2.0
Subject890,30,0.44222222222222224,0.5333333333333333,0.5333333333333333,new,rf,12,2,2,60,1488,efc966c-dirty,30.0,2.0
Subject969,30,0.726984126984127,0.7666666666666667,0.7666666666666667,new,rf,12,2,2,60,1488,efc966c-dirty,30.0,2.0
Subject571,30,0.84,0.8666666666666667,0.8666666666666667,recorded,rf,12,2,2,60,1488,efc966c-dirty,30.0,2.0
Subject819,60,0.9331409331409332,0.9333333333333333,0.9333333333333333,recorded,rf,12,2,2,60,1488,efc966c-dirty,30.0,2.0
Subject424,60,0.6764021164021164,0.7166666666666667,0.7166666666666667,new,rf,12,4,1,60,1241,efc966c-dirty,30.0,2.0
Subject611,60,0.7119576719576719,0.75,0.75,new,rf,12,4,1,60,1241,efc966c-dirty,30.0,2.0
Subject731,30,0.8177777777777778,0.8333333333333334,0.8333333333333334,new,rf,12,4,1,60,1241,efc966c-dirty,30.0,2.0
Subject867,60,0.7873208273208273,0.8,0.8,new,rf,12,4,1,60,1241,efc966c-dirty,30.0,2.0
Subject890,30,0.8755555555555555,0.9,0.9,new,rf,12,4,1,60,1241,efc966c-dirty,30.0,2.0
Subject969,30,0.5674074074074074,0.6333333333333333,0.6333333333333333,new,rf,12,4,1,60,1241,efc966c-dirty,30.0,2.0
Subject516,30,1.0,1.0,1.0,recorded,rf,12,4,1,60,1241,efc966c-dirty,30.0,2.0
Subject571,30,0.9644444444444444,0.9666666666666667,0.9666666666666667,recorded,rf,12,4,1,60,1241,efc966c-dirty,30.0,2.0
Subject741,60,0.8457335257335258,0.8666666666666667,0.8666666666666667,recorded,rf,12,4,1,60,1241,efc966c-dirty,30.0,2.0
Subject819,60,0.9331409331409332,0.9333333333333333,0.9333333333333333,recorded,rf,12,4,1,60,1241,efc966c-dirty,30.0,2.0
Subject424,60,0.6802116402116403,0.7333333333333333,0.7333333333333333,new,rf,12,4,2,120,2490,efc966c-dirty,30.0,2.0
Subject611,60,0.7908669108669109,0.8166666666666667,0.8166666666666667,new,rf,12,4,2,120,2490,efc966c-dirty,30.0,2.0
Subject731,30,0.7088888888888889,0.7333333333333333,0.7333333333333333,new,rf,12,4,2,120,2490,efc966c-dirty,30.0,2.0
Subject867,60,0.6822629222629223,0.7166666666666667,0.7166666666666667,new,rf,12,4,2,120,2490,efc966c-dirty,30.0,2.0
Subject890,30,0.7844444444444445,0.8333333333333334,0.8333333333333334,new,rf,12,4,2,120,2490,efc966c-dirty,30.0,2.0
Subject969,30,0.6425396825396826,0.7,0.7,new,rf,12,4,2,120,2490,efc966c-dirty,30.0,2.0
Subject516,30,0.9111111111111111,0.9333333333333333,0.9333333333333333,recorded,rf,12,4,2,120,2490,efc966c-dirty,30.0,2.0
Subject571,30,0.84,0.8666666666666667,0.8666666666666667,recorded,rf,12,4,2,120,2490,efc966c-dirty,30.0,2.0
Subject741,60,0.8585569985569985,0.8666666666666667,0.8666666666666667,recorded,rf,12,4,2,120,2490,efc966c-dirty,30.0,2.0
Subject819,60,0.8442520442520441,0.8666666666666667,0.8666666666666667,recorded,rf,12,4,2,120,2490,efc966c-dirty,30.0,2.0
Subject424,60,0.7210582010582011,0.7666666666666667,0.7666666666666667,new,rf,12,6,1,90,1858,efc966c-dirty,30.0,2.0
Subject611,60,0.83998667998668,0.8666666666666667,0.8666666666666667,new,rf,12,6,1,90,1858,efc966c-dirty,30.0,2.0
Subject731,30,0.7422222222222222,0.7666666666666667,0.7666666666666667,new,rf,12,6,1,90,1858,efc966c-dirty,30.0,2.0
Subject867,60,0.8372486772486772,0.85,0.85,new,rf,12,6,1,90,1858,efc966c-dirty,30.0,2.0
Subject890,30,0.8800000000000001,0.9,0.9,new,rf,12,6,1,90,1858,efc966c-dirty,30.0,2.0
Subject969,30,0.6933333333333334,0.7333333333333333,0.7333333333333333,new,rf,12,6,1,90,1858,efc966c-dirty,30.0,2.0
Subject516,30,1.0,1.0,1.0,recorded,rf,12,6,1,90,1858,efc966c-dirty,30.0,2.0
Subject571,30,0.9644444444444444,0.9666666666666667,0.9666666666666667,recorded,rf,12,6,1,90,1858,efc966c-dirty,30.0,2.0
Subject580,90,0.8672727272727272,0.8666666666666667,0.8666666666666667,recorded,rf,12,6,1,90,1858,efc966c-dirty,30.0,2.0
Subject729,60,1.0,1.0,1.0,recorded,rf,12,6,1,90,1858,efc966c-dirty,30.0,2.0
Subject741,60,0.8156806156806158,0.8333333333333334,0.8333333333333334,recorded,rf,12,6,1,90,1858,efc966c-dirty,30.0,2.0
Subject819,60,0.9141798941798942,0.9166666666666666,0.9166666666666666,recorded,rf,12,6,1,90,1858,efc966c-dirty,30.0,2.0
Subject424,60,0.7461131461131462,0.7833333333333333,0.7833333333333333,new,rf,12,6,2,180,3721,efc966c-dirty,30.0,2.0
Subject611,60,0.8248869648869648,0.85,0.85,new,rf,12,6,2,180,3721,efc966c-dirty,30.0,2.0
Subject731,30,0.7422222222222222,0.7666666666666667,0.7666666666666667,new,rf,12,6,2,180,3721,efc966c-dirty,30.0,2.0
Subject867,60,0.8711111111111111,0.8833333333333333,0.8833333333333333,new,rf,12,6,2,180,3721,efc966c-dirty,30.0,2.0
Subject890,30,0.8777777777777778,0.9,0.9,new,rf,12,6,2,180,3721,efc966c-dirty,30.0,2.0
Subject969,30,0.722962962962963,0.7666666666666667,0.7666666666666667,new,rf,12,6,2,180,3721,efc966c-dirty,30.0,2.0
Subject516,30,1.0,1.0,1.0,recorded,rf,12,6,2,180,3721,efc966c-dirty,30.0,2.0
Subject571,30,1.0,1.0,1.0,recorded,rf,12,6,2,180,3721,efc966c-dirty,30.0,2.0
Subject580,90,0.8634343434343434,0.8666666666666667,0.8666666666666667,recorded,rf,12,6,2,180,3721,efc966c-dirty,30.0,2.0
Subject729,60,1.0,1.0,1.0,recorded,rf,12,6,2,180,3721,efc966c-dirty,30.0,2.0
Subject741,60,0.8573737373737373,0.8666666666666667,0.8666666666666667,recorded,rf,12,6,2,180,3721,efc966c-dirty,30.0,2.0
Subject819,60,0.9316402116402117,0.9333333333333333,0.9333333333333333,recorded,rf,12,6,2,180,3721,efc966c-dirty,30.0,2.0
Subject424,60,0.7389284789284789,0.7666666666666667,0.7666666666666667,new,rf,12,8,1,120,2439,efc966c-dirty,30.0,2.0
Subject611,60,0.846984126984127,0.8666666666666667,0.8666666666666667,new,rf,12,8,1,120,2439,efc966c-dirty,30.0,2.0
Subject731,30,0.7733333333333334,0.8,0.8,new,rf,12,8,1,120,2439,efc966c-dirty,30.0,2.0
Subject867,60,0.8162637362637362,0.8333333333333334,0.8333333333333334,new,rf,12,8,1,120,2439,efc966c-dirty,30.0,2.0
Subject890,30,0.8800000000000001,0.9,0.9,new,rf,12,8,1,120,2439,efc966c-dirty,30.0,2.0
Subject969,30,0.7407407407407407,0.7666666666666667,0.7666666666666667,new,rf,12,8,1,120,2439,efc966c-dirty,30.0,2.0
Subject353,60,0.8811111111111111,0.8833333333333333,0.8833333333333333,recorded,rf,12,8,1,120,2439,efc966c-dirty,30.0,2.0
Subject376,60,0.8498168498168499,0.8666666666666667,0.8666666666666667,recorded,rf,12,8,1,120,2439,efc966c-dirty,30.0,2.0
Subject516,30,1.0,1.0,1.0,recorded,rf,12,8,1,120,2439,efc966c-dirty,30.0,2.0
Subject571,30,0.9644444444444444,0.9666666666666667,0.9666666666666667,recorded,rf,12,8,1,120,2439,efc966c-dirty,30.0,2.0
Subject580,90,0.8988833388833389,0.8999999999999999,0.9,recorded,rf,12,8,1,120,2439,efc966c-dirty,30.0,2.0
Subject729,60,1.0,1.0,1.0,recorded,rf,12,8,1,120,2439,efc966c-dirty,30.0,2.0
Subject741,60,0.8383068783068783,0.85,0.85,recorded,rf,12,8,1,120,2439,efc966c-dirty,30.0,2.0
Subject819,60,0.9141798941798942,0.9166666666666666,0.9166666666666666,recorded,rf,12,8,1,120,2439,efc966c-dirty,30.0,2.0
Subject424,60,0.7414911014911015,0.7833333333333333,0.7833333333333333,new,rf,12,8,2,240,4848,efc966c-dirty,30.0,2.0
Subject611,60,0.8825396825396825,0.9,0.9,new,rf,12,8,2,240,4848,efc966c-dirty,30.0,2.0
Subject731,30,0.8177777777777778,0.8333333333333334,0.8333333333333334,new,rf,12,8,2,240,4848,efc966c-dirty,30.0,2.0
Subject867,60,0.8375132275132275,0.85,0.85,new,rf,12,8,2,240,4848,efc966c-dirty,30.0,2.0
Subject890,30,0.9111111111111111,0.9333333333333333,0.9333333333333333,new,rf,12,8,2,240,4848,efc966c-dirty,30.0,2.0
Subject969,30,0.7711111111111111,0.8,0.8,new,rf,12,8,2,240,4848,efc966c-dirty,30.0,2.0
Subject353,60,0.8969841269841269,0.9,0.9,recorded,rf,12,8,2,240,4848,efc966c-dirty,30.0,2.0
Subject376,60,0.9189033189033188,0.9166666666666666,0.9166666666666666,recorded,rf,12,8,2,240,4848,efc966c-dirty,30.0,2.0
Subject516,30,1.0,1.0,1.0,recorded,rf,12,8,2,240,4848,efc966c-dirty,30.0,2.0
Subject571,30,1.0,1.0,1.0,recorded,rf,12,8,2,240,4848,efc966c-dirty,30.0,2.0
Subject580,90,0.8983472083472085,0.9,0.9,recorded,rf,12,8,2,240,4848,efc966c-dirty,30.0,2.0
Subject729,60,1.0,1.0,1.0,recorded,rf,12,8,2,240,4848,efc966c-dirty,30.0,2.0
Subject741,60,0.857056277056277,0.8666666666666667,0.8666666666666667,recorded,rf,12,8,2,240,4848,efc966c-dirty,30.0,2.0
Subject819,60,0.9141798941798942,0.9166666666666666,0.9166666666666666,recorded,rf,12,8,2,240,4848,efc966c-dirty,30.0,2.0
Subject424,60,0.8463166463166463,0.8666666666666667,0.8666666666666667,new,rf,12,12,1,180,3814,efc966c-dirty,30.0,2.0
Subject611,60,0.8825396825396825,0.9,0.9,new,rf,12,12,1,180,3814,efc966c-dirty,30.0,2.0
Subject731,30,0.8088888888888889,0.8333333333333334,0.8333333333333334,new,rf,12,12,1,180,3814,efc966c-dirty,30.0,2.0
Subject867,60,0.8105820105820105,0.8333333333333334,0.8333333333333334,new,rf,12,12,1,180,3814,efc966c-dirty,30.0,2.0
Subject890,30,0.8444444444444446,0.8666666666666667,0.8666666666666667,new,rf,12,12,1,180,3814,efc966c-dirty,30.0,2.0
Subject969,30,0.7444444444444444,0.7666666666666667,0.7666666666666667,new,rf,12,12,1,180,3814,efc966c-dirty,30.0,2.0
Subject139,60,0.8755555555555555,0.9,0.9,recorded,rf,12,12,1,180,3814,efc966c-dirty,30.0,2.0
Subject352,30,0.9111111111111111,0.9333333333333333,0.9333333333333333,recorded,rf,12,12,1,180,3814,efc966c-dirty,30.0,2.0
Subject353,60,0.815964405964406,0.85,0.85,recorded,rf,12,12,1,180,3814,efc966c-dirty,30.0,2.0
Subject376,60,0.8622222222222222,0.8833333333333333,0.8833333333333333,recorded,rf,12,12,1,180,3814,efc966c-dirty,30.0,2.0
Subject494,60,0.8915536315536315,0.9,0.9,recorded,rf,12,12,1,180,3814,efc966c-dirty,30.0,2.0
Subject516,30,0.9644444444444444,0.9666666666666667,0.9666666666666667,recorded,rf,12,12,1,180,3814,efc966c-dirty,30.0,2.0
Subject561,60,0.9418181818181818,0.95,0.95,recorded,rf,12,12,1,180,3814,efc966c-dirty,30.0,2.0
Subject571,30,0.9333333333333332,0.9333333333333333,0.9333333333333333,recorded,rf,12,12,1,180,3814,efc966c-dirty,30.0,2.0
Subject580,90,0.8637318237318239,0.8666666666666667,0.8666666666666667,recorded,rf,12,12,1,180,3814,efc966c-dirty,30.0,2.0
Subject729,60,1.0,1.0,1.0,recorded,rf,12,12,1,180,3814,efc966c-dirty,30.0,2.0
Subject741,60,0.8764021164021164,0.9,0.9,recorded,rf,12,12,1,180,3814,efc966c-dirty,30.0,2.0
Subject819,60,0.8786916786916787,0.9,0.9,recorded,rf,12,12,1,180,3814,efc966c-dirty,30.0,2.0
Subject424,60,0.848941798941799,0.8666666666666667,0.8666666666666667,new,rf,12,12,2,360,7575,efc966c-dirty,30.0,2.0
Subject611,60,0.8825396825396825,0.9,0.9,new,rf,12,12,2,360,7575,efc966c-dirty,30.0,2.0
Subject731,30,0.6977777777777778,0.7333333333333333,0.7333333333333333,new,rf,12,12,2,360,7575,efc966c-dirty,30.0,2.0
Subject867,60,0.8108465608465608,0.8333333333333334,0.8333333333333334,new,rf,12,12,2,360,7575,efc966c-dirty,30.0,2.0
Subject890,30,0.8800000000000001,0.9,0.9,new,rf,12,12,2,360,7575,efc966c-dirty,30.0,2.0
Subject969,30,0.7711111111111111,0.8,0.8,new,rf,12,12,2,360,7575,efc966c-dirty,30.0,2.0
Subject139,60,0.9418181818181818,0.95,0.95,recorded,rf,12,12,2,360,7575,efc966c-dirty,30.0,2.0
Subject352,30,0.9111111111111111,0.9333333333333333,0.9333333333333333,recorded,rf,12,12,2,360,7575,efc966c-dirty,30.0,2.0
Subject353,60,0.8969841269841269,0.9,0.9,recorded,rf,12,12,2,360,7575,efc966c-dirty,30.0,2.0
Subject376,60,0.8830687830687831,0.8833333333333333,0.8833333333333333,recorded,rf,12,12,2,360,7575,efc966c-dirty,30.0,2.0
Subject494,60,0.9223280423280423,0.9333333333333333,0.9333333333333333,recorded,rf,12,12,2,360,7575,efc966c-dirty,30.0,2.0
Subject516,30,1.0,1.0,1.0,recorded,rf,12,12,2,360,7575,efc966c-dirty,30.0,2.0
Subject561,60,1.0,1.0,1.0,recorded,rf,12,12,2,360,7575,efc966c-dirty,30.0,2.0
Subject571,30,0.9644444444444444,0.9666666666666667,0.9666666666666667,recorded,rf,12,12,2,360,7575,efc966c-dirty,30.0,2.0
Subject580,90,0.9186235986235987,0.9222222222222223,0.9222222222222223,recorded,rf,12,12,2,360,7575,efc966c-dirty,30.0,2.0
Subject729,60,1.0,1.0,1.0,recorded,rf,12,12,2,360,7575,efc966c-dirty,30.0,2.0
Subject741,60,0.866031746031746,0.8833333333333333,0.8833333333333333,recorded,rf,12,12,2,360,7575,efc966c-dirty,30.0,2.0
Subject819,60,0.9312169312169313,0.9333333333333333,0.9333333333333333,recorded,rf,12,12,2,360,7575,efc966c-dirty,30.0,2.0
Subject424,60,0.8455026455026455,0.8666666666666667,0.8666666666666667,new,rf,12,16,1,240,4967,efc966c-dirty,30.0,2.0
Subject611,60,0.9333333333333332,0.9333333333333333,0.9333333333333333,new,rf,12,16,1,240,4967,efc966c-dirty,30.0,2.0
Subject731,30,0.7955555555555556,0.8333333333333334,0.8333333333333334,new,rf,12,16,1,240,4967,efc966c-dirty,30.0,2.0
Subject867,60,0.8240944240944241,0.85,0.85,new,rf,12,16,1,240,4967,efc966c-dirty,30.0,2.0
Subject890,30,0.8444444444444446,0.8666666666666667,0.8666666666666667,new,rf,12,16,1,240,4967,efc966c-dirty,30.0,2.0
Subject969,30,0.7185185185185184,0.7333333333333333,0.7333333333333333,new,rf,12,16,1,240,4967,efc966c-dirty,30.0,2.0
Subject139,60,0.9062626262626262,0.9166666666666666,0.9166666666666666,recorded,rf,12,16,1,240,4967,efc966c-dirty,30.0,2.0
Subject147,31,0.8622222222222222,0.8777777777777778,0.8709677419354839,recorded,rf,12,16,1,240,4967,efc966c-dirty,30.0,2.0
Subject226,30,0.8977777777777777,0.9,0.9,recorded,rf,12,16,1,240,4967,efc966c-dirty,30.0,2.0
Subject352,30,0.9111111111111111,0.9333333333333333,0.9333333333333333,recorded,rf,12,16,1,240,4967,efc966c-dirty,30.0,2.0
Subject353,60,0.8097162097162097,0.8333333333333334,0.8333333333333334,recorded,rf,12,16,1,240,4967,efc966c-dirty,30.0,2.0
Subject354,60,0.8444444444444446,0.8666666666666667,0.8666666666666667,recorded,rf,12,16,1,240,4967,efc966c-dirty,30.0,2.0
Subject376,60,0.8603174603174604,0.8833333333333333,0.8833333333333333,recorded,rf,12,16,1,240,4967,efc966c-dirty,30.0,2.0
Subject494,60,0.912136752136752,0.9166666666666666,0.9166666666666666,recorded,rf,12,16,1,240,4967,efc966c-dirty,30.0,2.0
Subject516,30,0.9644444444444444,0.9666666666666667,0.9666666666666667,recorded,rf,12,16,1,240,4967,efc966c-dirty,30.0,2.0
Subject561,60,0.9418181818181818,0.95,0.95,recorded,rf,12,16,1,240,4967,efc966c-dirty,30.0,2.0
Subject571,30,0.9333333333333332,0.9333333333333333,0.9333333333333333,recorded,rf,12,16,1,240,4967,efc966c-dirty,30.0,2.0
Subject580,90,0.8950708550708552,0.9,0.9,recorded,rf,12,16,1,240,4967,efc966c-dirty,30.0,2.0
Subject729,60,1.0,1.0,1.0,recorded,rf,12,16,1,240,4967,efc966c-dirty,30.0,2.0
Subject741,60,0.8897546897546899,0.9,0.9,recorded,rf,12,16,1,240,4967,efc966c-dirty,30.0,2.0
Subject819,60,0.851933251933252,0.8666666666666667,0.8666666666666667,recorded,rf,12,16,1,240,4967,efc966c-dirty,30.0,2.0
Subject877,60,0.9418181818181818,0.95,0.95,recorded,rf,12,16,1,240,4967,efc966c-dirty,30.0,2.0
Subject424,60,0.8656084656084656,0.8833333333333333,0.8833333333333333,new,rf,12,16,2,480,9848,efc966c-dirty,30.0,2.0
Subject611,60,0.9500721500721501,0.95,0.95,new,rf,12,16,2,480,9848,efc966c-dirty,30.0,2.0
Subject731,30,0.8025396825396826,0.8333333333333334,0.8333333333333334,new,rf,12,16,2,480,9848,efc966c-dirty,30.0,2.0
Subject867,60,0.8275132275132275,0.85,0.85,new,rf,12,16,2,480,9848,efc966c-dirty,30.0,2.0
Subject890,30,0.9111111111111111,0.9333333333333333,0.9333333333333333,new,rf,12,16,2,480,9848,efc966c-dirty,30.0,2.0
Subject969,30,0.722962962962963,0.7666666666666667,0.7666666666666667,new,rf,12,16,2,480,9848,efc966c-dirty,30.0,2.0
Subject139,60,0.9644444444444444,0.9666666666666667,0.9666666666666667,recorded,rf,12,16,2,480,9848,efc966c-dirty,30.0,2.0
Subject147,31,0.9311111111111111,0.9333333333333333,0.9354838709677419,recorded,rf,12,16,2,480,9848,efc966c-dirty,30.0,2.0
Subject226,30,0.9333333333333332,0.9333333333333333,0.9333333333333333,recorded,rf,12,16,2,480,9848,efc966c-dirty,30.0,2.0
Subject352,30,0.9111111111111111,0.9333333333333333,0.9333333333333333,recorded,rf,12,16,2,480,9848,efc966c-dirty,30.0,2.0
Subject353,60,0.8410774410774411,0.8666666666666667,0.8666666666666667,recorded,rf,12,16,2,480,9848,efc966c-dirty,30.0,2.0
Subject354,60,0.9259259259259258,0.9333333333333333,0.9333333333333333,recorded,rf,12,16,2,480,9848,efc966c-dirty,30.0,2.0
Subject376,60,0.9183068783068784,0.9166666666666666,0.9166666666666666,recorded,rf,12,16,2,480,9848,efc966c-dirty,30.0,2.0
Subject494,60,0.9418181818181818,0.95,0.95,recorded,rf,12,16,2,480,9848,efc966c-dirty,30.0,2.0
Subject516,30,1.0,1.0,1.0,recorded,rf,12,16,2,480,9848,efc966c-dirty,30.0,2.0
Subject561,60,0.9830687830687831,0.9833333333333333,0.9833333333333333,recorded,rf,12,16,2,480,9848,efc966c-dirty,30.0,2.0
Subject571,30,0.9644444444444444,0.9666666666666667,0.9666666666666667,recorded,rf,12,16,2,480,9848,efc966c-dirty,30.0,2.0
Subject580,90,0.9070299635005517,0.9111111111111111,0.9111111111111111,recorded,rf,12,16,2,480,9848,efc966c-dirty,30.0,2.0
Subject729,60,1.0,1.0,1.0,recorded,rf,12,16,2,480,9848,efc966c-dirty,30.0,2.0
Subject741,60,0.9088888888888889,0.9166666666666666,0.9166666666666666,recorded,rf,12,16,2,480,9848,efc966c-dirty,30.0,2.0
Subject819,60,0.9475132275132275,0.95,0.95,recorded,rf,12,16,2,480,9848,efc966c-dirty,30.0,2.0
Subject877,60,0.9830687830687831,0.9833333333333333,0.9833333333333333,recorded,rf,12,16,2,480,9848,efc966c-dirty,30.0,2.0
Subject424,60,0.8825396825396825,0.9,0.9,new,rf,12,17,1,255,5214,efc966c-dirty,30.0,2.0
Subject611,60,0.9333333333333332,0.9333333333333333,0.9333333333333333,new,rf,12,17,1,255,5214,efc966c-dirty,30.0,2.0
Subject731,30,0.7755555555555556,0.8,0.8,new,rf,12,17,1,255,5214,efc966c-dirty,30.0,2.0
Subject867,60,0.8240944240944241,0.85,0.85,new,rf,12,17,1,255,5214,efc966c-dirty,30.0,2.0
Subject890,30,0.8422222222222222,0.8666666666666667,0.8666666666666667,new,rf,12,17,1,255,5214,efc966c-dirty,30.0,2.0
Subject969,30,0.674074074074074,0.7,0.7,new,rf,12,17,1,255,5214,efc966c-dirty,30.0,2.0
Subject139,60,0.9288888888888888,0.9333333333333333,0.9333333333333333,recorded,rf,12,17,1,255,5214,efc966c-dirty,30.0,2.0
Subject147,31,0.8622222222222222,0.8777777777777778,0.8709677419354839,recorded,rf,12,17,1,255,5214,efc966c-dirty,30.0,2.0
Subject226,30,0.8977777777777777,0.9,0.9,recorded,rf,12,17,1,255,5214,efc966c-dirty,30.0,2.0
Subject352,30,0.9111111111111111,0.9333333333333333,0.9333333333333333,recorded,rf,12,17,1,255,5214,efc966c-dirty,30.0,2.0
Subject353,60,0.8058393458393458,0.8333333333333334,0.8333333333333334,recorded,rf,12,17,1,255,5214,efc966c-dirty,30.0,2.0
Subject354,60,0.9664021164021165,0.9666666666666667,0.9666666666666667,recorded,rf,12,17,1,255,5214,efc966c-dirty,30.0,2.0
Subject376,60,0.8476190476190476,0.8666666666666667,0.8666666666666667,recorded,rf,12,17,1,255,5214,efc966c-dirty,30.0,2.0
Subject455,60,0.9830687830687831,0.9833333333333333,0.9833333333333333,recorded,rf,12,17,1,255,5214,efc966c-dirty,30.0,2.0
Subject494,60,0.912136752136752,0.9166666666666666,0.9166666666666666,recorded,rf,12,17,1,255,5214,efc966c-dirty,30.0,2.0
Subject516,30,0.9644444444444444,0.9666666666666667,0.9666666666666667,recorded,rf,12,17,1,255,5214,efc966c-dirty,30.0,2.0
Subject561,60,0.9418181818181818,0.95,0.95,recorded,rf,12,17,1,255,5214,efc966c-dirty,30.0,2.0
Subject571,30,0.9333333333333332,0.9333333333333333,0.9333333333333333,recorded,rf,12,17,1,255,5214,efc966c-dirty,30.0,2.0
Subject580,90,0.8843090243090242,0.8888888888888891,0.8888888888888888,recorded,rf,12,17,1,255,5214,efc966c-dirty,30.0,2.0
Subject729,60,1.0,1.0,1.0,recorded,rf,12,17,1,255,5214,efc966c-dirty,30.0,2.0
Subject741,60,0.8901587301587301,0.9,0.9,recorded,rf,12,17,1,255,5214,efc966c-dirty,30.0,2.0
Subject819,60,0.851933251933252,0.8666666666666667,0.8666666666666667,recorded,rf,12,17,1,255,5214,efc966c-dirty,30.0,2.0
Subject877,60,1.0,1.0,1.0,recorded,rf,12,17,1,255,5214,efc966c-dirty,30.0,2.0
Subject424,60,0.7902837902837904,0.8333333333333334,0.8333333333333334,new,rf,12,17,2,510,10337,efc966c-dirty,30.0,2.0
Subject611,60,0.9500721500721501,0.95,0.95,new,rf,12,17,2,510,10337,efc966c-dirty,30.0,2.0
Subject731,30,0.8025396825396826,0.8333333333333334,0.8333333333333334,new,rf,12,17,2,510,10337,efc966c-dirty,30.0,2.0
Subject867,60,0.8275132275132275,0.85,0.85,new,rf,12,17,2,510,10337,efc966c-dirty,30.0,2.0
Subject890,30,0.8800000000000001,0.9,0.9,new,rf,12,17,2,510,10337,efc966c-dirty,30.0,2.0
Subject969,30,0.7007407407407408,0.7333333333333333,0.7333333333333333,new,rf,12,17,2,510,10337,efc966c-dirty,30.0,2.0
Subject139,60,0.9644444444444444,0.9666666666666667,0.9666666666666667,recorded,rf,12,17,2,510,10337,efc966c-dirty,30.0,2.0
Subject147,31,0.9311111111111111,0.9333333333333333,0.9354838709677419,recorded,rf,12,17,2,510,10337,efc966c-dirty,30.0,2.0
Subject226,30,0.9333333333333332,0.9333333333333333,0.9333333333333333,recorded,rf,12,17,2,510,10337,efc966c-dirty,30.0,2.0
Subject352,30,0.9111111111111111,0.9333333333333333,0.9333333333333333,recorded,rf,12,17,2,510,10337,efc966c-dirty,30.0,2.0
Subject353,60,0.8198808598808598,0.85,0.85,recorded,rf,12,17,2,510,10337,efc966c-dirty,30.0,2.0
Subject354,60,0.9664021164021165,0.9666666666666667,0.9666666666666667,recorded,rf,12,17,2,510,10337,efc966c-dirty,30.0,2.0
Subject376,60,0.8992592592592593,0.9,0.9,recorded,rf,12,17,2,510,10337,efc966c-dirty,30.0,2.0
Subject455,60,1.0,1.0,1.0,recorded,rf,12,17,2,510,10337,efc966c-dirty,30.0,2.0
Subject494,60,0.9418181818181818,0.95,0.95,recorded,rf,12,17,2,510,10337,efc966c-dirty,30.0,2.0
Subject516,30,0.9288888888888888,0.9333333333333333,0.9333333333333333,recorded,rf,12,17,2,510,10337,efc966c-dirty,30.0,2.0
Subject561,60,0.9830687830687831,0.9833333333333333,0.9833333333333333,recorded,rf,12,17,2,510,10337,efc966c-dirty,30.0,2.0
Subject571,30,1.0,1.0,1.0,recorded,rf,12,17,2,510,10337,efc966c-dirty,30.0,2.0
Subject580,90,0.915954045954046,0.9222222222222223,0.9222222222222223,recorded,rf,12,17,2,510,10337,efc966c-dirty,30.0,2.0
Subject729,60,1.0,1.0,1.0,recorded,rf,12,17,2,510,10337,efc966c-dirty,30.0,2.0
Subject741,60,0.9088888888888889,0.9166666666666666,0.9166666666666666,recorded,rf,12,17,2,510,10337,efc966c-dirty,30.0,2.0
Subject819,60,0.924886964886965,0.9333333333333333,0.9333333333333333,recorded,rf,12,17,2,510,10337,efc966c-dirty,30.0,2.0
Subject877,60,0.9830687830687831,0.9833333333333333,0.9833333333333333,recorded,rf,12,17,2,510,10337,efc966c-dirty,30.0,2.0
Subject139,60,0.6894179894179895,0.7166666666666667,0.7166666666666667,new,rf,13,2,1,30,468,efc966c-dirty,30.0,2.0
Subject226,30,0.6999999999999998,0.7333333333333333,0.7333333333333333,new,rf,13,2,1,30,468,efc966c-dirty,30.0,2.0
Subject353,60,0.5882539682539683,0.6333333333333333,0.6333333333333333,new,rf,13,2,1,30,468,efc966c-dirty,30.0,2.0
Subject571,30,0.7177777777777778,0.7666666666666667,0.7666666666666667,new,rf,13,2,1,30,468,efc966c-dirty,30.0,2.0
Subject741,60,0.6403907203907202,0.6666666666666666,0.6666666666666666,new,rf,13,2,1,30,468,efc966c-dirty,30.0,2.0
Subject819,60,0.4812169312169312,0.5333333333333333,0.5333333333333333,new,rf,13,2,1,30,468,efc966c-dirty,30.0,2.0
Subject424,60,0.8941798941798942,0.9166666666666666,0.9166666666666666,recorded,rf,13,2,1,30,468,efc966c-dirty,30.0,2.0
Subject455,60,0.903030303030303,0.9166666666666666,0.9166666666666666,recorded,rf,13,2,1,30,468,efc966c-dirty,30.0,2.0
Subject139,60,0.7007936507936509,0.7166666666666667,0.7166666666666667,new,rf,13,2,2,60,937,efc966c-dirty,30.0,2.0
Subject226,30,0.7311111111111112,0.7666666666666667,0.7666666666666667,new,rf,13,2,2,60,937,efc966c-dirty,30.0,2.0
Subject353,60,0.7268398268398268,0.7666666666666667,0.7666666666666667,new,rf,13,2,2,60,937,efc966c-dirty,30.0,2.0
Subject571,30,0.6755555555555556,0.7333333333333333,0.7333333333333333,new,rf,13,2,2,60,937,efc966c-dirty,30.0,2.0
Subject741,60,0.7684848484848484,0.7833333333333333,0.7833333333333333,new,rf,13,2,2,60,937,efc966c-dirty,30.0,2.0
Subject819,60,0.5664021164021165,0.6,0.6,new,rf,13,2,2,60,937,efc966c-dirty,30.0,2.0
Subject424,60,0.9111111111111111,0.9333333333333333,0.9333333333333333,recorded,rf,13,2,2,60,937,efc966c-dirty,30.0,2.0
Subject455,60,0.9288888888888888,0.9333333333333333,0.9333333333333333,recorded,rf,13,2,2,60,937,efc966c-dirty,30.0,2.0
Subject139,60,0.7162962962962962,0.75,0.75,new,rf,13,4,1,60,971,efc966c-dirty,30.0,2.0
Subject226,30,0.7580952380952382,0.8,0.8,new,rf,13,4,1,60,971,efc966c-dirty,30.0,2.0
Subject353,60,0.7490139490139491,0.7833333333333333,0.7833333333333333,new,rf,13,4,1,60,971,efc966c-dirty,30.0,2.0
Subject571,30,0.5955555555555556,0.6666666666666666,0.6666666666666666,new,rf,13,4,1,60,971,efc966c-dirty,30.0,2.0
Subject741,60,0.741952491952492,0.7833333333333333,0.7833333333333333,new,rf,13,4,1,60,971,efc966c-dirty,30.0,2.0
Subject819,60,0.4986080586080586,0.5666666666666667,0.5666666666666667,new,rf,13,4,1,60,971,efc966c-dirty,30.0,2.0
Subject354,60,0.9830687830687831,0.9833333333333333,0.9833333333333333,recorded,rf,13,4,1,60,971,efc966c-dirty,30.0,2.0
Subject424,60,0.9119769119769121,0.9166666666666666,0.9166666666666666,recorded,rf,13,4,1,60,971,efc966c-dirty,30.0,2.0
Subject455,60,0.911957671957672,0.9166666666666666,0.9166666666666666,recorded,rf,13,4,1,60,971,efc966c-dirty,30.0,2.0
Subject494,60,0.9418181818181818,0.95,0.95,recorded,rf,13,4,1,60,971,efc966c-dirty,30.0,2.0
Subject139,60,0.6781144781144781,0.7333333333333333,0.7333333333333333,new,rf,13,4,2,120,1928,efc966c-dirty,30.0,2.0
Subject226,30,0.7936507936507937,0.8333333333333334,0.8333333333333334,new,rf,13,4,2,120,1928,efc966c-dirty,30.0,2.0
Subject353,60,0.7036903836903837,0.75,0.75,new,rf,13,4,2,120,1928,efc966c-dirty,30.0,2.0
Subject571,30,0.673968253968254,0.7333333333333333,0.7333333333333333,new,rf,13,4,2,120,1928,efc966c-dirty,30.0,2.0
Subject741,60,0.7419576719576718,0.7833333333333333,0.7833333333333333,new,rf,13,4,2,120,1928,efc966c-dirty,30.0,2.0
Subject819,60,0.607912087912088,0.65,0.65,new,rf,13,4,2,120,1928,efc966c-dirty,30.0,2.0
Subject354,60,1.0,1.0,1.0,recorded,rf,13,4,2,120,1928,efc966c-dirty,30.0,2.0
Subject424,60,0.9111111111111111,0.9166666666666666,0.9166666666666666,recorded,rf,13,4,2,120,1928,efc966c-dirty,30.0,2.0
Subject455,60,0.9322751322751323,0.9333333333333333,0.9333333333333333,recorded,rf,13,4,2,120,1928,efc966c-dirty,30.0,2.0
Subject494,60,0.9248869648869648,0.9333333333333333,0.9333333333333333,recorded,rf,13,4,2,120,1928,efc966c-dirty,30.0,2.0
Subject139,60,0.6814681614681616,0.75,0.75,new,rf,13,6,1,90,1694,efc966c-dirty,30.0,2.0
Subject226,30,0.7822222222222223,0.8333333333333334,0.8333333333333334,new,rf,13,6,1,90,1694,efc966c-dirty,30.0,2.0
Subject353,60,0.7551189551189552,0.7833333333333333,0.7833333333333333,new,rf,13,6,1,90,1694,efc966c-dirty,30.0,2.0
Subject571,30,0.8711111111111113,0.9,0.9,new,rf,13,6,1,90,1694,efc966c-dirty,30.0,2.0
Subject741,60,0.791957671957672,0.8166666666666667,0.8166666666666667,new,rf,13,6,1,90,1694,efc966c-dirty,30.0,2.0
Subject819,60,0.7354256854256854,0.7666666666666667,0.7666666666666667,new,rf,13,6,1,90,1694,efc966c-dirty,30.0,2.0
Subject354,60,1.0,1.0,1.0,recorded,rf,13,6,1,90,1694,efc966c-dirty,30.0,2.0
Subject424,60,0.8825396825396825,0.9,0.9,recorded,rf,13,6,1,90,1694,efc966c-dirty,30.0,2.0
Subject455,60,0.9666666666666667,0.9666666666666667,0.9666666666666667,recorded,rf,13,6,1,90,1694,efc966c-dirty,30.0,2.0
Subject494,60,0.8641462241462242,0.8833333333333333,0.8833333333333333,recorded,rf,13,6,1,90,1694,efc966c-dirty,30.0,2.0
Subject580,90,0.8896114996114997,0.888888888888889,0.8888888888888888,recorded,rf,13,6,1,90,1694,efc966c-dirty,30.0,2.0
Subject969,30,0.8380952380952381,0.8666666666666667,0.8666666666666667,recorded,rf,13,6,1,90,1694,efc966c-dirty,30.0,2.0
Subject139,60,0.6596499796499798,0.7333333333333333,0.7333333333333333,new,rf,13,6,2,180,3381,efc966c-dirty,30.0,2.0
Subject226,30,0.8177777777777778,0.8666666666666667,0.8666666666666667,new,rf,13,6,2,180,3381,efc966c-dirty,30.0,2.0
Subject353,60,0.8101454101454101,0.8333333333333334,0.8333333333333334,new,rf,13,6,2,180,3381,efc966c-dirty,30.0,2.0
Subject571,30,0.9644444444444444,0.9666666666666667,0.9666666666666667,new,rf,13,6,2,180,3381,efc966c-dirty,30.0,2.0
Subject741,60,0.7886964886964887,0.8166666666666667,0.8166666666666667,new,rf,13,6,2,180,3381,efc966c-dirty,30.0,2.0
Subject819,60,0.7371428571428571,0.7833333333333333,0.7833333333333333,new,rf,13,6,2,180,3381,efc966c-dirty,30.0,2.0
Subject354,60,1.0,1.0,1.0,recorded,rf,13,6,2,180,3381,efc966c-dirty,30.0,2.0
Subject424,60,0.8854700854700854,0.9,0.9,recorded,rf,13,6,2,180,3381,efc966c-dirty,30.0,2.0
Subject455,60,0.9830687830687831,0.9833333333333333,0.9833333333333333,recorded,rf,13,6,2,180,3381,efc966c-dirty,30.0,2.0
Subject494,60,0.9418181818181818,0.95,0.95,recorded,rf,13,6,2,180,3381,efc966c-dirty,30.0,2.0
Subject580,90,0.8652223702223701,0.8666666666666667,0.8666666666666667,recorded,rf,13,6,2,180,3381,efc966c-dirty,30.0,2.0
Subject969,30,0.8825396825396825,0.9,0.9,recorded,rf,13,6,2,180,3381,efc966c-dirty,30.0,2.0
Subject139,60,0.7337566137566138,0.7833333333333333,0.7833333333333333,new,rf,13,8,1,120,2347,efc966c-dirty,30.0,2.0
Subject226,30,0.6933333333333334,0.7666666666666667,0.7666666666666667,new,rf,13,8,1,120,2347,efc966c-dirty,30.0,2.0
Subject353,60,0.76996632996633,0.8166666666666667,0.8166666666666667,new,rf,13,8,1,120,2347,efc966c-dirty,30.0,2.0
Subject571,30,0.8177777777777778,0.8666666666666667,0.8666666666666667,new,rf,13,8,1,120,2347,efc966c-dirty,30.0,2.0
Subject741,60,0.8424001924001925,0.8666666666666667,0.8666666666666667,new,rf,13,8,1,120,2347,efc966c-dirty,30.0,2.0
Subject819,60,0.7892063492063491,0.8333333333333334,0.8333333333333334,new,rf,13,8,1,120,2347,efc966c-dirty,30.0,2.0
Subject147,31,0.8825396825396825,0.9,0.9032258064516129,recorded,rf,13,8,1,120,2347,efc966c-dirty,30.0,2.0
Subject354,60,1.0,1.0,1.0,recorded,rf,13,8,1,120,2347,efc966c-dirty,30.0,2.0
Subject424,60,0.8656084656084656,0.8833333333333333,0.8833333333333333,recorded,rf,13,8,1,120,2347,efc966c-dirty,30.0,2.0
Subject455,60,0.9830687830687831,0.9833333333333333,0.9833333333333333,recorded,rf,13,8,1,120,2347,efc966c-dirty,30.0,2.0
Subject494,60,0.9053968253968255,0.9166666666666666,0.9166666666666666,recorded,rf,13,8,1,120,2347,efc966c-dirty,30.0,2.0
Subject580,90,0.8802797202797202,0.8777777777777779,0.8777777777777778,recorded,rf,13,8,1,120,2347,efc966c-dirty,30.0,2.0
Subject729,60,0.9418181818181818,0.95,0.95,recorded,rf,13,8,1,120,2347,efc966c-dirty,30.0,2.0
Subject969,30,0.8380952380952381,0.8666666666666667,0.8666666666666667,recorded,rf,13,8,1,120,2347,efc966c-dirty,30.0,2.0
Subject139,60,0.7707936507936508,0.8166666666666667,0.8166666666666667,new,rf,13,8,2,240,4641,efc966c-dirty,30.0,2.0
Subject226,30,0.7822222222222223,0.8333333333333334,0.8333333333333334,new,rf,13,8,2,240,4641,efc966c-dirty,30.0,2.0
Subject353,60,0.791077441077441,0.8333333333333334,0.8333333333333334,new,rf,13,8,2,240,4641,efc966c-dirty,30.0,2.0
Subject571,30,0.8825396825396825,0.9,0.9,new,rf,13,8,2,240,4641,efc966c-dirty,30.0,2.0
Subject741,60,0.8438095238095239,0.8666666666666667,0.8666666666666667,new,rf,13,8,2,240,4641,efc966c-dirty,30.0,2.0
Subject819,60,0.7892063492063491,0.8333333333333334,0.8333333333333334,new,rf,13,8,2,240,4641,efc966c-dirty,30.0,2.0
Subject147,31,1.0,1.0,1.0,recorded,rf,13,8,2,240,4641,efc966c-dirty,30.0,2.0
Subject354,60,1.0,1.0,1.0,recorded,rf,13,8,2,240,4641,efc966c-dirty,30.0,2.0
Subject424,60,0.8854700854700854,0.9,0.9,recorded,rf,13,8,2,240,4641,efc966c-dirty,30.0,2.0
Subject455,60,1.0,1.0,1.0,recorded,rf,13,8,2,240,4641,efc966c-dirty,30.0,2.0
Subject494,60,0.9418181818181818,0.95,0.95,recorded,rf,13,8,2,240,4641,efc966c-dirty,30.0,2.0
Subject580,90,0.8794871794871795,0.8777777777777779,0.8777777777777778,recorded,rf,13,8,2,240,4641,efc966c-dirty,30.0,2.0
Subject729,60,1.0,1.0,1.0,recorded,rf,13,8,2,240,4641,efc966c-dirty,30.0,2.0
Subject969,30,0.8333333333333334,0.8666666666666667,0.8666666666666667,recorded,rf,13,8,2,240,4641,efc966c-dirty,30.0,2.0
Subject139,60,0.8893314093314094,0.9,0.9,new,rf,13,12,1,180,3499,efc966c-dirty,30.0,2.0
Subject226,30,0.7288888888888889,0.8,0.8,new,rf,13,12,1,180,3499,efc966c-dirty,30.0,2.0
Subject353,60,0.7862626262626262,0.8166666666666667,0.8166666666666667,new,rf,13,12,1,180,3499,efc966c-dirty,30.0,2.0
Subject571,30,0.9644444444444444,0.9666666666666667,0.9666666666666667,new,rf,13,12,1,180,3499,efc966c-dirty,30.0,2.0
Subject741,60,0.8986772486772486,0.9,0.9,new,rf,13,12,1,180,3499,efc966c-dirty,30.0,2.0
Subject819,60,0.8141798941798941,0.8333333333333334,0.8333333333333334,new,rf,13,12,1,180,3499,efc966c-dirty,30.0,2.0
Subject147,31,1.0,1.0,1.0,recorded,rf,13,12,1,180,3499,efc966c-dirty,30.0,2.0
Subject354,60,1.0,1.0,1.0,recorded,rf,13,12,1,180,3499,efc966c-dirty,30.0,2.0
Subject376,60,0.8888888888888888,0.9,0.9,recorded,rf,13,12,1,180,3499,efc966c-dirty,30.0,2.0
Subject424,60,0.912136752136752,0.9166666666666666,0.9166666666666666,recorded,rf,13,12,1,180,3499,efc966c-dirty,30.0,2.0
Subject455,60,0.9830687830687831,0.9833333333333333,0.9833333333333333,recorded,rf,13,12,1,180,3499,efc966c-dirty,30.0,2.0
Subject494,60,0.861851851851852,0.8833333333333333,0.8833333333333333,recorded,rf,13,12,1,180,3499,efc966c-dirty,30.0,2.0
Subject561,60,0.8660317460317459,0.8833333333333333,0.8833333333333333,recorded,rf,13,12,1,180,3499,efc966c-dirty,30.0,2.0
Subject580,90,0.8902719502719502,0.8888888888888888,0.8888888888888888,recorded,rf,13,12,1,180,3499,efc966c-dirty,30.0,2.0
Subject729,60,0.9255555555555556,0.9333333333333333,0.9333333333333333,recorded,rf,13,12,1,180,3499,efc966c-dirty,30.0,2.0
Subject731,30,0.8999999999999999,0.9,0.9,recorded,rf,13,12,1,180,3499,efc966c-dirty,30.0,2.0
Subject867,60,0.9141798941798942,0.9166666666666666,0.9166666666666666,recorded,rf,13,12,1,180,3499,efc966c-dirty,30.0,2.0
Subject969,30,0.8380952380952381,0.8666666666666667,0.8666666666666667,recorded,rf,13,12,1,180,3499,efc966c-dirty,30.0,2.0
Subject139,60,0.8952910052910052,0.9,0.9,new,rf,13,12,2,360,6927,efc966c-dirty,30.0,2.0
Subject226,30,0.7822222222222223,0.8333333333333334,0.8333333333333334,new,rf,13,12,2,360,6927,efc966c-dirty,30.0,2.0
Subject353,60,0.8173737373737374,0.85,0.85,new,rf,13,12,2,360,6927,efc966c-dirty,30.0,2.0
Subject571,30,0.9333333333333332,0.9333333333333333,0.9333333333333333,new,rf,13,12,2,360,6927,efc966c-dirty,30.0,2.0
Subject741,60,0.8994708994708994,0.9,0.9,new,rf,13,12,2,360,6927,efc966c-dirty,30.0,2.0
Subject819,60,0.8656084656084656,0.8833333333333333,0.8833333333333333,new,rf,13,12,2,360,6927,efc966c-dirty,30.0,2.0
Subject147,31,1.0,1.0,1.0,recorded,rf,13,12,2,360,6927,efc966c-dirty,30.0,2.0
Subject354,60,1.0,1.0,1.0,recorded,rf,13,12,2,360,6927,efc966c-dirty,30.0,2.0
Subject376,60,0.9183068783068784,0.9166666666666666,0.9166666666666666,recorded,rf,13,12,2,360,6927,efc966c-dirty,30.0,2.0
Subject424,60,0.8825396825396825,0.9,0.9,recorded,rf,13,12,2,360,6927,efc966c-dirty,30.0,2.0
Subject455,60,1.0,1.0,1.0,recorded,rf,13,12,2,360,6927,efc966c-dirty,30.0,2.0
Subject494,60,0.9223280423280423,0.9333333333333333,0.9333333333333333,recorded,rf,13,12,2,360,6927,efc966c-dirty,30.0,2.0
Subject561,60,0.9830687830687831,0.9833333333333333,0.9833333333333333,recorded,rf,13,12,2,360,6927,efc966c-dirty,30.0,2.0
Subject580,90,0.8576379176379177,0.8555555555555556,0.8555555555555555,recorded,rf,13,12,2,360,6927,efc966c-dirty,30.0,2.0
Subject729,60,0.9830687830687831,0.9833333333333333,0.9833333333333333,recorded,rf,13,12,2,360,6927,efc966c-dirty,30.0,2.0
Subject731,30,1.0,1.0,1.0,recorded,rf,13,12,2,360,6927,efc966c-dirty,30.0,2.0
Subject867,60,0.9481481481481481,0.95,0.95,recorded,rf,13,12,2,360,6927,efc966c-dirty,30.0,2.0
Subject969,30,0.8469841269841271,0.8666666666666667,0.8666666666666667,recorded,rf,13,12,2,360,6927,efc966c-dirty,30.0,2.0
Subject139,60,0.9308465608465608,0.9333333333333333,0.9333333333333333,new,rf,13,16,1,240,4660,efc966c-dirty,30.0,2.0
Subject226,30,0.7288888888888889,0.8,0.8,new,rf,13,16,1,240,4660,efc966c-dirty,30.0,2.0
Subject353,60,0.8055218855218855,0.8333333333333334,0.8333333333333334,new,rf,13,16,1,240,4660,efc966c-dirty,30.0,2.0
Subject571,30,0.9288888888888888,0.9333333333333333,0.9333333333333333,new,rf,13,16,1,240,4660,efc966c-dirty,30.0,2.0
Subject741,60,0.8956613756613757,0.9,0.9,new,rf,13,16,1,240,4660,efc966c-dirty,30.0,2.0
Subject819,60,0.8494708994708996,0.8666666666666667,0.8666666666666667,new,rf,13,16,1,240,4660,efc966c-dirty,30.0,2.0
Subject147,31,0.9644444444444444,0.9666666666666667,0.967741935483871,recorded,rf,13,16,1,240,4660,efc966c-dirty,30.0,2.0
Subject354,60,0.9661375661375663,0.9666666666666667,0.9666666666666667,recorded,rf,13,16,1,240,4660,efc966c-dirty,30.0,2.0
Subject376,60,0.9311111111111111,0.9333333333333333,0.9333333333333333,recorded,rf,13,16,1,240,4660,efc966c-dirty,30.0,2.0
Subject424,60,0.8656084656084656,0.8833333333333333,0.8833333333333333,recorded,rf,13,16,1,240,4660,efc966c-dirty,30.0,2.0
Subject455,60,0.9830687830687831,0.9833333333333333,0.9833333333333333,recorded,rf,13,16,1,240,4660,efc966c-dirty,30.0,2.0
Subject494,60,0.8855555555555555,0.9,0.9,recorded,rf,13,16,1,240,4660,efc966c-dirty,30.0,2.0
Subject516,30,0.9644444444444444,0.9666666666666667,0.9666666666666667,recorded,rf,13,16,1,240,4660,efc966c-dirty,30.0,2.0
Subject561,60,0.8696681096681097,0.8833333333333333,0.8833333333333333,recorded,rf,13,16,1,240,4660,efc966c-dirty,30.0,2.0
Subject580,90,0.8908780108780109,0.8888888888888891,0.8888888888888888,recorded,rf,13,16,1,240,4660,efc966c-dirty,30.0,2.0
Subject611,60,0.9830687830687831,0.9833333333333333,0.9833333333333333,recorded,rf,13,16,1,240,4660,efc966c-dirty,30.0,2.0
Subject729,60,0.9248869648869648,0.9333333333333333,0.9333333333333333,recorded,rf,13,16,1,240,4660,efc966c-dirty,30.0,2.0
Subject731,30,0.888888888888889,0.9,0.9,recorded,rf,13,16,1,240,4660,efc966c-dirty,30.0,2.0
Subject867,60,0.8294372294372294,0.85,0.85,recorded,rf,13,16,1,240,4660,efc966c-dirty,30.0,2.0
Subject877,60,1.0,1.0,1.0,recorded,rf,13,16,1,240,4660,efc966c-dirty,30.0,2.0
Subject890,30,0.7977777777777778,0.8333333333333334,0.8333333333333334,recorded,rf,13,16,1,240,4660,efc966c-dirty,30.0,2.0
Subject969,30,0.8025396825396826,0.8333333333333334,0.8333333333333334,recorded,rf,13,16,1,240,4660,efc966c-dirty,30.0,2.0
Subject139,60,0.9308465608465608,0.9333333333333333,0.9333333333333333,new,rf,13,16,2,480,9284,efc966c-dirty,30.0,2.0
Subject226,30,0.8177777777777778,0.8666666666666667,0.8666666666666667,new,rf,13,16,2,480,9284,efc966c-dirty,30.0,2.0
Subject353,60,0.7892255892255892,0.8166666666666667,0.8166666666666667,new,rf,13,16,2,480,9284,efc966c-dirty,30.0,2.0
Subject571,30,0.9644444444444444,0.9666666666666667,0.9666666666666667,new,rf,13,16,2,480,9284,efc966c-dirty,30.0,2.0
Subject741,60,0.8772486772486772,0.9,0.9,new,rf,13,16,2,480,9284,efc966c-dirty,30.0,2.0
Subject819,60,0.8656084656084656,0.8833333333333333,0.8833333333333333,new,rf,13,16,2,480,9284,efc966c-dirty,30.0,2.0
Subject147,31,1.0,1.0,1.0,recorded,rf,13,16,2,480,9284,efc966c-dirty,30.0,2.0
Subject354,60,0.9830687830687831,0.9833333333333333,0.9833333333333333,recorded,rf,13,16,2,480,9284,efc966c-dirty,30.0,2.0
Subject376,60,0.9352380952380952,0.9333333333333333,0.9333333333333333,recorded,rf,13,16,2,480,9284,efc966c-dirty,30.0,2.0
Subject424,60,0.8825396825396825,0.9,0.9,recorded,rf,13,16,2,480,9284,efc966c-dirty,30.0,2.0
Subject455,60,1.0,1.0,1.0,recorded,rf,13,16,2,480,9284,efc966c-dirty,30.0,2.0
Subject494,60,0.9056613756613757,0.9166666666666666,0.9166666666666666,recorded,rf,13,16,2,480,9284,efc966c-dirty,30.0,2.0
Subject516,30,0.9644444444444444,0.9666666666666667,0.9666666666666667,recorded,rf,13,16,2,480,9284,efc966c-dirty,30.0,2.0
Subject561,60,0.9830687830687831,0.9833333333333333,0.9833333333333333,recorded,rf,13,16,2,480,9284,efc966c-dirty,30.0,2.0
Subject580,90,0.8999592564298448,0.9,0.9,recorded,rf,13,16,2,480,9284,efc966c-dirty,30.0,2.0
Subject611,60,0.9830687830687831,0.9833333333333333,0.9833333333333333,recorded,rf,13,16,2,480,9284,efc966c-dirty,30.0,2.0
Subject729,60,1.0,1.0,1.0,recorded,rf,13,16,2,480,9284,efc966c-dirty,30.0,2.0
Subject731,30,0.9644444444444444,0.9666666666666667,0.9666666666666667,recorded,rf,13,16,2,480,9284,efc966c-dirty,30.0,2.0
Subject867,60,0.9259259259259258,0.9333333333333333,0.9333333333333333,recorded,rf,13,16,2,480,9284,efc966c-dirty,30.0,2.0
Subject877,60,1.0,1.0,1.0,recorded,rf,13,16,2,480,9284,efc966c-dirty,30.0,2.0
Subject890,30,0.9111111111111111,0.9333333333333333,0.9333333333333333,recorded,rf,13,16,2,480,9284,efc966c-dirty,30.0,2.0
Subject969,30,0.8469841269841271,0.8666666666666667,0.8666666666666667,recorded,rf,13,16,2,480,9284,efc966c-dirty,30.0,2.0
Subject139,60,0.9139153439153439,0.9166666666666666,0.9166666666666666,new,rf,13,17,1,255,5097,efc966c-dirty,30.0,2.0
Subject226,30,0.7777777777777778,0.8333333333333334,0.8333333333333334,new,rf,13,17,1,255,5097,efc966c-dirty,30.0,2.0
Subject353,60,0.8207744107744107,0.85,0.85,new,rf,13,17,1,255,5097,efc966c-dirty,30.0,2.0
Subject571,30,0.9644444444444444,0.9666666666666667,0.9666666666666667,new,rf,13,17,1,255,5097,efc966c-dirty,30.0,2.0
Subject741,60,0.8423280423280421,0.8666666666666667,0.8666666666666667,new,rf,13,17,1,255,5097,efc966c-dirty,30.0,2.0
Subject819,60,0.8812372812372813,0.9,0.9,new,rf,13,17,1,255,5097,efc966c-dirty,30.0,2.0
Subject147,31,0.9644444444444444,0.9666666666666667,0.967741935483871,recorded,rf,13,17,1,255,5097,efc966c-dirty,30.0,2.0
Subject352,30,0.8755555555555555,0.9,0.9,recorded,rf,13,17,1,255,5097,efc966c-dirty,30.0,2.0
Subject354,60,0.9830687830687831,0.9833333333333333,0.9833333333333333,recorded,rf,13,17,1,255,5097,efc966c-dirty,30.0,2.0
Subject376,60,0.9185185185185184,0.9166666666666666,0.9166666666666666,recorded,rf,13,17,1,255,5097,efc966c-dirty,30.0,2.0
Subject424,60,0.8656084656084656,0.8833333333333333,0.8833333333333333,recorded,rf,13,17,1,255,5097,efc966c-dirty,30.0,2.0
Subject455,60,0.9830687830687831,0.9833333333333333,0.9833333333333333,recorded,rf,13,17,1,255,5097,efc966c-dirty,30.0,2.0
Subject494,60,0.8887301587301588,0.9,0.9,recorded,rf,13,17,1,255,5097,efc966c-dirty,30.0,2.0
Subject516,30,0.9333333333333333,0.9333333333333333,0.9333333333333333,recorded,rf,13,17,1,255,5097,efc966c-dirty,30.0,2.0
Subject561,60,0.8696681096681097,0.8833333333333333,0.8833333333333333,recorded,rf,13,17,1,255,5097,efc966c-dirty,30.0,2.0
Subject580,90,0.9034848484848486,0.9000000000000001,0.9,recorded,rf,13,17,1,255,5097,efc966c-dirty,30.0,2.0
Subject611,60,0.9830687830687831,0.9833333333333333,0.9833333333333333,recorded,rf,13,17,1,255,5097,efc966c-dirty,30.0,2.0
Subject729,60,0.9223280423280423,0.9333333333333333,0.9333333333333333,recorded,rf,13,17,1,255,5097,efc966c-dirty,30.0,2.0
Subject731,30,0.8800000000000001,0.9,0.9,recorded,rf,13,17,1,255,5097,efc966c-dirty,30.0,2.0
Subject867,60,0.8463684463684463,0.8666666666666667,0.8666666666666667,recorded,rf,13,17,1,255,5097,efc966c-dirty,30.0,2.0
Subject877,60,1.0,1.0,1.0,recorded,rf,13,17,1,255,5097,efc966c-dirty,30.0,2.0
Subject890,30,0.7977777777777778,0.8333333333333334,0.8333333333333334,recorded,rf,13,17,1,255,5097,efc966c-dirty,30.0,2.0
Subject969,30,0.8380952380952381,0.8666666666666667,0.8666666666666667,recorded,rf,13,17,1,255,5097,efc966c-dirty,30.0,2.0
Subject139,60,0.9316402116402116,0.9333333333333333,0.9333333333333333,new,rf,13,17,2,510,10150,efc966c-dirty,30.0,2.0
Subject226,30,0.8177777777777778,0.8666666666666667,0.8666666666666667,new,rf,13,17,2,510,10150,efc966c-dirty,30.0,2.0
Subject353,60,0.7773737373737374,0.8,0.8,new,rf,13,17,2,510,10150,efc966c-dirty,30.0,2.0
Subject571,30,0.9333333333333332,0.9333333333333333,0.9333333333333333,new,rf,13,17,2,510,10150,efc966c-dirty,30.0,2.0
Subject741,60,0.8772486772486772,0.9,0.9,new,rf,13,17,2,510,10150,efc966c-dirty,30.0,2.0
Subject819,60,0.8656084656084656,0.8833333333333333,0.8833333333333333,new,rf,13,17,2,510,10150,efc966c-dirty,30.0,2.0
Subject147,31,0.9644444444444444,0.9666666666666667,0.967741935483871,recorded,rf,13,17,2,510,10150,efc966c-dirty,30.0,2.0
Subject352,30,0.8755555555555555,0.9,0.9,recorded,rf,13,17,2,510,10150,efc966c-dirty,30.0,2.0
Subject354,60,0.9830687830687831,0.9833333333333333,0.9833333333333333,recorded,rf,13,17,2,510,10150,efc966c-dirty,30.0,2.0
Subject376,60,0.9183068783068784,0.9166666666666666,0.9166666666666666,recorded,rf,13,17,2,510,10150,efc966c-dirty,30.0,2.0
Subject424,60,0.8825396825396825,0.9,0.9,recorded,rf,13,17,2,510,10150,efc966c-dirty,30.0,2.0
Subject455,60,1.0,1.0,1.0,recorded,rf,13,17,2,510,10150,efc966c-dirty,30.0,2.0
Subject494,60,0.924886964886965,0.9333333333333333,0.9333333333333333,recorded,rf,13,17,2,510,10150,efc966c-dirty,30.0,2.0
Subject516,30,0.9644444444444444,0.9666666666666667,0.9666666666666667,recorded,rf,13,17,2,510,10150,efc966c-dirty,30.0,2.0
Subject561,60,0.9485714285714286,0.95,0.95,recorded,rf,13,17,2,510,10150,efc966c-dirty,30.0,2.0
Subject580,90,0.9099711399711399,0.9111111111111112,0.9111111111111111,recorded,rf,13,17,2,510,10150,efc966c-dirty,30.0,2.0
Subject611,60,0.9830687830687831,0.9833333333333333,0.9833333333333333,recorded,rf,13,17,2,510,10150,efc966c-dirty,30.0,2.0
Subject729,60,1.0,1.0,1.0,recorded,rf,13,17,2,510,10150,efc966c-dirty,30.0,2.0
Subject731,30,0.9644444444444444,0.9666666666666667,0.9666666666666667,recorded,rf,13,17,2,510,10150,efc966c-dirty,30.0,2.0
Subject867,60,0.9259259259259258,0.9333333333333333,0.9333333333333333,recorded,rf,13,17,2,510,10150,efc966c-dirty,30.0,2.0
Subject877,60,1.0,1.0,1.0,recorded,rf,13,17,2,510,10150,efc966c-dirty,30.0,2.0
Subject890,30,0.9111111111111111,0.9333333333333333,0.9333333333333333,recorded,rf,13,17,2,510,10150,efc966c-dirty,30.0,2.0
Subject969,30,0.8469841269841271,0.8666666666666667,0.8666666666666667,recorded,rf,13,17,2,510,10150,efc966c-dirty,30.0,2.0
Subject376,60,0.2663310450038139,0.35,0.35,new,rf,14,2,1,30,815,efc966c-dirty,30.0,2.0
Subject516,30,0.6099470899470899,0.6666666666666666,0.6666666666666666,new,rf,14,2,1,30,815,efc966c-dirty,30.0,2.0
Subject571,30,0.48253968253968255,0.5666666666666667,0.5666666666666667,new,rf,14,2,1,30,815,efc966c-dirty,30.0,2.0
Subject731,30,0.5118518518518519,0.5666666666666667,0.5666666666666667,new,rf,14,2,1,30,815,efc966c-dirty,30.0,2.0
Subject890,30,0.32,0.4,0.4,new,rf,14,2,1,30,815,efc966c-dirty,30.0,2.0
Subject969,30,0.5711111111111111,0.6333333333333333,0.6333333333333333,new,rf,14,2,1,30,815,efc966c-dirty,30.0,2.0
Subject352,30,0.8444444444444444,0.8666666666666667,0.8666666666666667,recorded,rf,14,2,1,30,815,efc966c-dirty,30.0,2.0
Subject729,60,1.0,1.0,1.0,recorded,rf,14,2,1,30,815,efc966c-dirty,30.0,2.0
Subject376,60,0.29904761904761906,0.36666666666666664,0.36666666666666664,new,rf,14,2,2,60,1589,efc966c-dirty,30.0,2.0
Subject516,30,0.6543915343915343,0.7,0.7,new,rf,14,2,2,60,1589,efc966c-dirty,30.0,2.0
Subject571,30,0.4936507936507937,0.5666666666666667,0.5666666666666667,new,rf,14,2,2,60,1589,efc966c-dirty,30.0,2.0
Subject731,30,0.5312169312169311,0.6,0.6,new,rf,14,2,2,60,1589,efc966c-dirty,30.0,2.0
Subject890,30,0.31555555555555553,0.4,0.4,new,rf,14,2,2,60,1589,efc966c-dirty,30.0,2.0
Subject969,30,0.5825396825396825,0.6666666666666666,0.6666666666666666,new,rf,14,2,2,60,1589,efc966c-dirty,30.0,2.0
Subject352,30,0.9644444444444444,0.9666666666666667,0.9666666666666667,recorded,rf,14,2,2,60,1589,efc966c-dirty,30.0,2.0
Subject729,60,1.0,1.0,1.0,recorded,rf,14,2,2,60,1589,efc966c-dirty,30.0,2.0
Subject376,60,0.6004292004292004,0.65,0.65,new,rf,14,4,1,60,1339,efc966c-dirty,30.0,2.0
Subject516,30,0.7666666666666665,0.8,0.8,new,rf,14,4,1,60,1339,efc966c-dirty,30.0,2.0
Subject571,30,0.638095238095238,0.7,0.7,new,rf,14,4,1,60,1339,efc966c-dirty,30.0,2.0
Subject731,30,0.6377777777777778,0.7,0.7,new,rf,14,4,1,60,1339,efc966c-dirty,30.0,2.0
Subject890,30,0.5736507936507936,0.6333333333333333,0.6333333333333333,new,rf,14,4,1,60,1339,efc966c-dirty,30.0,2.0
Subject969,30,0.5111111111111111,0.6,0.6,new,rf,14,4,1,60,1339,efc966c-dirty,30.0,2.0
Subject147,31,0.8222222222222222,0.8666666666666667,0.8709677419354839,recorded,rf,14,4,1,60,1339,efc966c-dirty,30.0,2.0
Subject352,30,0.9111111111111111,0.9333333333333333,0.9333333333333333,recorded,rf,14,4,1,60,1339,efc966c-dirty,30.0,2.0
Subject729,60,0.9830687830687831,0.9833333333333333,0.9833333333333333,recorded,rf,14,4,1,60,1339,efc966c-dirty,30.0,2.0
Subject867,60,0.8755555555555555,0.9,0.9,recorded,rf,14,4,1,60,1339,efc966c-dirty,30.0,2.0
Subject376,60,0.5993843193843192,0.65,0.65,new,rf,14,4,2,120,2625,efc966c-dirty,30.0,2.0
Subject516,30,0.7866666666666666,0.8333333333333334,0.8333333333333334,new,rf,14,4,2,120,2625,efc966c-dirty,30.0,2.0
Subject571,30,0.758095238095238,0.8,0.8,new,rf,14,4,2,120,2625,efc966c-dirty,30.0,2.0
Subject731,30,0.7073015873015873,0.7666666666666667,0.7666666666666667,new,rf,14,4,2,120,2625,efc966c-dirty,30.0,2.0
Subject890,30,0.6403174603174603,0.7,0.7,new,rf,14,4,2,120,2625,efc966c-dirty,30.0,2.0
Subject969,30,0.49777777777777776,0.6,0.6,new,rf,14,4,2,120,2625,efc966c-dirty,30.0,2.0
Subject147,31,0.9311111111111111,0.9333333333333333,0.9354838709677419,recorded,rf,14,4,2,120,2625,efc966c-dirty,30.0,2.0
Subject352,30,0.9644444444444444,0.9666666666666667,0.9666666666666667,recorded,rf,14,4,2,120,2625,efc966c-dirty,30.0,2.0
Subject729,60,0.9830687830687831,0.9833333333333333,0.9833333333333333,recorded,rf,14,4,2,120,2625,efc966c-dirty,30.0,2.0
Subject867,60,0.9661375661375663,0.9666666666666667,0.9666666666666667,recorded,rf,14,4,2,120,2625,efc966c-dirty,30.0,2.0
Subject376,60,0.6036363636363636,0.6666666666666666,0.6666666666666666,new,rf,14,6,1,90,1912,efc966c-dirty,30.0,2.0
Subject516,30,0.7866666666666666,0.8333333333333334,0.8333333333333334,new,rf,14,6,1,90,1912,efc966c-dirty,30.0,2.0
Subject571,30,0.6444444444444444,0.7,0.7,new,rf,14,6,1,90,1912,efc966c-dirty,30.0,2.0
Subject731,30,0.7244444444444444,0.7666666666666667,0.7666666666666667,new,rf,14,6,1,90,1912,efc966c-dirty,30.0,2.0
Subject890,30,0.6034920634920635,0.6666666666666666,0.6666666666666666,new,rf,14,6,1,90,1912,efc966c-dirty,30.0,2.0
Subject969,30,0.5111111111111112,0.5666666666666667,0.5666666666666667,new,rf,14,6,1,90,1912,efc966c-dirty,30.0,2.0
Subject147,31,0.9111111111111111,0.9333333333333333,0.9354838709677419,recorded,rf,14,6,1,90,1912,efc966c-dirty,30.0,2.0
Subject352,30,0.9066666666666666,0.9333333333333333,0.9333333333333333,recorded,rf,14,6,1,90,1912,efc966c-dirty,30.0,2.0
Subject424,60,0.7471428571428571,0.7833333333333333,0.7833333333333333,recorded,rf,14,6,1,90,1912,efc966c-dirty,30.0,2.0
Subject729,60,0.9830687830687831,0.9833333333333333,0.9833333333333333,recorded,rf,14,6,1,90,1912,efc966c-dirty,30.0,2.0
Subject819,60,0.8952055352055353,0.9,0.9,recorded,rf,14,6,1,90,1912,efc966c-dirty,30.0,2.0
Subject867,60,0.8719576719576719,0.8833333333333333,0.8833333333333333,recorded,rf,14,6,1,90,1912,efc966c-dirty,30.0,2.0
Subject376,60,0.6900721500721502,0.7333333333333333,0.7333333333333333,new,rf,14,6,2,180,3757,efc966c-dirty,30.0,2.0
Subject516,30,0.7666666666666665,0.8,0.8,new,rf,14,6,2,180,3757,efc966c-dirty,30.0,2.0
Subject571,30,0.726984126984127,0.7666666666666667,0.7666666666666667,new,rf,14,6,2,180,3757,efc966c-dirty,30.0,2.0
Subject731,30,0.7558730158730159,0.8,0.8,new,rf,14,6,2,180,3757,efc966c-dirty,30.0,2.0
Subject890,30,0.6933333333333334,0.7333333333333333,0.7333333333333333,new,rf,14,6,2,180,3757,efc966c-dirty,30.0,2.0
Subject969,30,0.5066666666666666,0.6,0.6,new,rf,14,6,2,180,3757,efc966c-dirty,30.0,2.0
Subject147,31,0.9644444444444444,0.9666666666666667,0.967741935483871,recorded,rf,14,6,2,180,3757,efc966c-dirty,30.0,2.0
Subject352,30,0.9644444444444444,0.9666666666666667,0.9666666666666667,recorded,rf,14,6,2,180,3757,efc966c-dirty,30.0,2.0
Subject424,60,0.8656084656084656,0.8833333333333333,0.8833333333333333,recorded,rf,14,6,2,180,3757,efc966c-dirty,30.0,2.0
Subject729,60,0.9830687830687831,0.9833333333333333,0.9833333333333333,recorded,rf,14,6,2,180,3757,efc966c-dirty,30.0,2.0
Subject819,60,0.8656084656084656,0.8833333333333333,0.8833333333333333,recorded,rf,14,6,2,180,3757,efc966c-dirty,30.0,2.0
Subject867,60,0.9485714285714286,0.95,0.95,recorded,rf,14,6,2,180,3757,efc966c-dirty,30.0,2.0
Subject376,60,0.6802175602175601,0.7333333333333333,0.7333333333333333,new,rf,14,8,1,120,2565,efc966c-dirty,30.0,2.0
Subject516,30,0.8399999999999999,0.8666666666666667,0.8666666666666667,new,rf,14,8,1,120,2565,efc966c-dirty,30.0,2.0
Subject571,30,0.8222222222222222,0.8666666666666667,0.8666666666666667,new,rf,14,8,1,120,2565,efc966c-dirty,30.0,2.0
Subject731,30,0.8,0.8333333333333334,0.8333333333333334,new,rf,14,8,1,120,2565,efc966c-dirty,30.0,2.0
Subject890,30,0.7088888888888889,0.7666666666666667,0.7666666666666667,new,rf,14,8,1,120,2565,efc966c-dirty,30.0,2.0
Subject969,30,0.5733333333333334,0.6333333333333333,0.6333333333333333,new,rf,14,8,1,120,2565,efc966c-dirty,30.0,2.0
Subject147,31,0.8825396825396825,0.9,0.9032258064516129,recorded,rf,14,8,1,120,2565,efc966c-dirty,30.0,2.0
Subject226,30,0.9288888888888889,0.9333333333333333,0.9333333333333333,recorded,rf,14,8,1,120,2565,efc966c-dirty,30.0,2.0
Subject352,30,0.9111111111111111,0.9333333333333333,0.9333333333333333,recorded,rf,14,8,1,120,2565,efc966c-dirty,30.0,2.0
Subject353,60,0.8527368927368928,0.8666666666666667,0.8666666666666667,recorded,rf,14,8,1,120,2565,efc966c-dirty,30.0,2.0
Subject424,60,0.7074042950513539,0.75,0.75,recorded,rf,14,8,1,120,2565,efc966c-dirty,30.0,2.0
Subject729,60,1.0,1.0,1.0,recorded,rf,14,8,1,120,2565,efc966c-dirty,30.0,2.0
Subject819,60,0.924886964886965,0.9333333333333333,0.9333333333333333,recorded,rf,14,8,1,120,2565,efc966c-dirty,30.0,2.0
Subject867,60,0.8275132275132275,0.85,0.85,recorded,rf,14,8,1,120,2565,efc966c-dirty,30.0,2.0
Subject376,60,0.7371813371813372,0.7666666666666667,0.7666666666666667,new,rf,14,8,2,240,5042,efc966c-dirty,30.0,2.0
Subject516,30,0.7666666666666665,0.8,0.8,new,rf,14,8,2,240,5042,efc966c-dirty,30.0,2.0
Subject571,30,0.7047619047619047,0.7666666666666667,0.7666666666666667,new,rf,14,8,2,240,5042,efc966c-dirty,30.0,2.0
Subject731,30,0.8755555555555555,0.9,0.9,new,rf,14,8,2,240,5042,efc966c-dirty,30.0,2.0
Subject890,30,0.8200000000000001,0.8333333333333334,0.8333333333333334,new,rf,14,8,2,240,5042,efc966c-dirty,30.0,2.0
Subject969,30,0.5733333333333334,0.6333333333333333,0.6333333333333333,new,rf,14,8,2,240,5042,efc966c-dirty,30.0,2.0
Subject147,31,0.9111111111111111,0.9333333333333333,0.9354838709677419,recorded,rf,14,8,2,240,5042,efc966c-dirty,30.0,2.0
Subject226,30,0.9644444444444444,0.9666666666666667,0.9666666666666667,recorded,rf,14,8,2,240,5042,efc966c-dirty,30.0,2.0
Subject352,30,0.9644444444444444,0.9666666666666667,0.9666666666666667,recorded,rf,14,8,2,240,5042,efc966c-dirty,30.0,2.0
Subject353,60,0.835998075998076,0.8666666666666667,0.8666666666666667,recorded,rf,14,8,2,240,5042,efc966c-dirty,30.0,2.0
Subject424,60,0.7658730158730159,0.8,0.8,recorded,rf,14,8,2,240,5042,efc966c-dirty,30.0,2.0
Subject729,60,0.9830687830687831,0.9833333333333333,0.9833333333333333,recorded,rf,14,8,2,240,5042,efc966c-dirty,30.0,2.0
Subject819,60,0.8656084656084656,0.8833333333333333,0.8833333333333333,recorded,rf,14,8,2,240,5042,efc966c-dirty,30.0,2.0
Subject867,60,0.9119769119769121,0.9166666666666666,0.9166666666666666,recorded,rf,14,8,2,240,5042,efc966c-dirty,30.0,2.0
Subject376,60,0.7168120768120768,0.7666666666666667,0.7666666666666667,new,rf,14,12,1,180,3703,efc966c-dirty,30.0,2.0
Subject516,30,0.7822222222222222,0.8333333333333334,0.8333333333333334,new,rf,14,12,1,180,3703,efc966c-dirty,30.0,2.0
Subject571,30,0.8222222222222222,0.8666666666666667,0.8666666666666667,new,rf,14,12,1,180,3703,efc966c-dirty,30.0,2.0
Subject731,30,0.8222222222222222,0.8666666666666667,0.8666666666666667,new,rf,14,12,1,180,3703,efc966c-dirty,30.0,2.0
Subject890,30,0.7047619047619047,0.7666666666666667,0.7666666666666667,new,rf,14,12,1,180,3703,efc966c-dirty,30.0,2.0
Subject969,30,0.6377777777777778,0.6666666666666666,0.6666666666666666,new,rf,14,12,1,180,3703,efc966c-dirty,30.0,2.0
Subject147,31,0.9644444444444444,0.9666666666666667,0.967741935483871,recorded,rf,14,12,1,180,3703,efc966c-dirty,30.0,2.0
Subject226,30,0.9288888888888889,0.9333333333333333,0.9333333333333333,recorded,rf,14,12,1,180,3703,efc966c-dirty,30.0,2.0
Subject352,30,0.9111111111111111,0.9333333333333333,0.9333333333333333,recorded,rf,14,12,1,180,3703,efc966c-dirty,30.0,2.0
Subject353,60,0.8537950937950939,0.8666666666666667,0.8666666666666667,recorded,rf,14,12,1,180,3703,efc966c-dirty,30.0,2.0
Subject424,60,0.8622222222222222,0.8833333333333333,0.8833333333333333,recorded,rf,14,12,1,180,3703,efc966c-dirty,30.0,2.0
Subject455,60,1.0,1.0,1.0,recorded,rf,14,12,1,180,3703,efc966c-dirty,30.0,2.0
Subject494,60,0.8449206349206351,0.8666666666666667,0.8666666666666667,recorded,rf,14,12,1,180,3703,efc966c-dirty,30.0,2.0
Subject561,60,0.924886964886965,0.9333333333333333,0.9333333333333333,recorded,rf,14,12,1,180,3703,efc966c-dirty,30.0,2.0
Subject611,60,1.0,1.0,1.0,recorded,rf,14,12,1,180,3703,efc966c-dirty,30.0,2.0
Subject729,60,0.9830687830687831,0.9833333333333333,0.9833333333333333,recorded,rf,14,12,1,180,3703,efc966c-dirty,30.0,2.0
Subject819,60,0.8812372812372813,0.9,0.9,recorded,rf,14,12,1,180,3703,efc966c-dirty,30.0,2.0
Subject867,60,0.8444444444444444,0.8666666666666667,0.8666666666666667,recorded,rf,14,12,1,180,3703,efc966c-dirty,30.0,2.0
Subject376,60,0.6442712842712842,0.6833333333333333,0.6833333333333333,new,rf,14,12,2,360,7310,efc966c-dirty,30.0,2.0
Subject516,30,0.8399999999999999,0.8666666666666667,0.8666666666666667,new,rf,14,12,2,360,7310,efc966c-dirty,30.0,2.0
Subject571,30,0.6511111111111111,0.7333333333333333,0.7333333333333333,new,rf,14,12,2,360,7310,efc966c-dirty,30.0,2.0
Subject731,30,0.7444444444444444,0.8,0.8,new,rf,14,12,2,360,7310,efc966c-dirty,30.0,2.0
Subject890,30,0.8200000000000001,0.8333333333333334,0.8333333333333334,new,rf,14,12,2,360,7310,efc966c-dirty,30.0,2.0
Subject969,30,0.5466666666666666,0.6,0.6,new,rf,14,12,2,360,7310,efc966c-dirty,30.0,2.0
Subject147,31,1.0,1.0,1.0,recorded,rf,14,12,2,360,7310,efc966c-dirty,30.0,2.0
Subject226,30,0.9644444444444444,0.9666666666666667,0.9666666666666667,recorded,rf,14,12,2,360,7310,efc966c-dirty,30.0,2.0
Subject352,30,0.9111111111111111,0.9333333333333333,0.9333333333333333,recorded,rf,14,12,2,360,7310,efc966c-dirty,30.0,2.0
Subject353,60,0.8434054834054834,0.8666666666666667,0.8666666666666667,recorded,rf,14,12,2,360,7310,efc966c-dirty,30.0,2.0
Subject424,60,0.8622222222222222,0.8833333333333333,0.8833333333333333,recorded,rf,14,12,2,360,7310,efc966c-dirty,30.0,2.0
Subject455,60,1.0,1.0,1.0,recorded,rf,14,12,2,360,7310,efc966c-dirty,30.0,2.0
Subject494,60,0.9056613756613757,0.9166666666666666,0.9166666666666666,recorded,rf,14,12,2,360,7310,efc966c-dirty,30.0,2.0
Subject561,60,1.0,1.0,1.0,recorded,rf,14,12,2,360,7310,efc966c-dirty,30.0,2.0
Subject611,60,0.9830687830687831,0.9833333333333333,0.9833333333333333,recorded,rf,14,12,2,360,7310,efc966c-dirty,30.0,2.0
Subject729,60,0.9830687830687831,0.9833333333333333,0.9833333333333333,recorded,rf,14,12,2,360,7310,efc966c-dirty,30.0,2.0
Subject819,60,0.8656084656084656,0.8833333333333333,0.8833333333333333,recorded,rf,14,12,2,360,7310,efc966c-dirty,30.0,2.0
Subject867,60,0.9096296296296296,0.9166666666666666,0.9166666666666666,recorded,rf,14,12,2,360,7310,efc966c-dirty,30.0,2.0
Subject376,60,0.8752236652236651,0.8833333333333333,0.8833333333333333,new,rf,14,16,1,240,4742,efc966c-dirty,30.0,2.0
Subject516,30,0.7822222222222222,0.8333333333333334,0.8333333333333334,new,rf,14,16,1,240,4742,efc966c-dirty,30.0,2.0
Subject571,30,0.846984126984127,0.8666666666666667,0.8666666666666667,new,rf,14,16,1,240,4742,efc966c-dirty,30.0,2.0
Subject731,30,0.8222222222222222,0.8666666666666667,0.8666666666666667,new,rf,14,16,1,240,4742,efc966c-dirty,30.0,2.0
Subject890,30,0.8444444444444444,0.8666666666666667,0.8666666666666667,new,rf,14,16,1,240,4742,efc966c-dirty,30.0,2.0
Subject969,30,0.5466666666666666,0.6,0.6,new,rf,14,16,1,240,4742,efc966c-dirty,30.0,2.0
Subject139,60,0.8893314093314094,0.9,0.9,recorded,rf,14,16,1,240,4742,efc966c-dirty,30.0,2.0
Subject147,31,0.9644444444444444,0.9666666666666667,0.967741935483871,recorded,rf,14,16,1,240,4742,efc966c-dirty,30.0,2.0
Subject226,30,0.8933333333333333,0.9,0.9,recorded,rf,14,16,1,240,4742,efc966c-dirty,30.0,2.0
Subject352,30,0.9111111111111111,0.9333333333333333,0.9333333333333333,recorded,rf,14,16,1,240,4742,efc966c-dirty,30.0,2.0
Subject353,60,0.8751515151515151,0.8833333333333333,0.8833333333333333,recorded,rf,14,16,1,240,4742,efc966c-dirty,30.0,2.0
Subject354,60,0.9830687830687831,0.9833333333333333,0.9833333333333333,recorded,rf,14,16,1,240,4742,efc966c-dirty,30.0,2.0
Subject424,60,0.8825396825396825,0.9,0.9,recorded,rf,14,16,1,240,4742,efc966c-dirty,30.0,2.0
Subject455,60,1.0,1.0,1.0,recorded,rf,14,16,1,240,4742,efc966c-dirty,30.0,2.0
Subject494,60,0.8852910052910054,0.9,0.9,recorded,rf,14,16,1,240,4742,efc966c-dirty,30.0,2.0
Subject561,60,0.924886964886965,0.9333333333333333,0.9333333333333333,recorded,rf,14,16,1,240,4742,efc966c-dirty,30.0,2.0
Subject580,90,0.8787190587190588,0.8777777777777778,0.8777777777777778,recorded,rf,14,16,1,240,4742,efc966c-dirty,30.0,2.0
Subject611,60,1.0,1.0,1.0,recorded,rf,14,16,1,240,4742,efc966c-dirty,30.0,2.0
Subject729,60,0.9485714285714286,0.95,0.95,recorded,rf,14,16,1,240,4742,efc966c-dirty,30.0,2.0
Subject741,60,0.9497354497354498,0.95,0.95,recorded,rf,14,16,1,240,4742,efc966c-dirty,30.0,2.0
Subject819,60,0.8656084656084656,0.8833333333333333,0.8833333333333333,recorded,rf,14,16,1,240,4742,efc966c-dirty,30.0,2.0
Subject867,60,0.8632996632996632,0.8833333333333333,0.8833333333333333,recorded,rf,14,16,1,240,4742,efc966c-dirty,30.0,2.0
Subject376,60,0.7441269841269841,0.7833333333333333,0.7833333333333333,new,rf,14,16,2,480,9413,efc966c-dirty,30.0,2.0
Subject516,30,0.82,0.8333333333333334,0.8333333333333334,new,rf,14,16,2,480,9413,efc966c-dirty,30.0,2.0
Subject571,30,0.7444444444444444,0.8,0.8,new,rf,14,16,2,480,9413,efc966c-dirty,30.0,2.0
Subject731,30,0.7622222222222222,0.8,0.8,new,rf,14,16,2,480,9413,efc966c-dirty,30.0,2.0
Subject890,30,0.8444444444444444,0.8666666666666667,0.8666666666666667,new,rf,14,16,2,480,9413,efc966c-dirty,30.0,2.0
Subject969,30,0.6,0.6666666666666666,0.6666666666666666,new,rf,14,16,2,480,9413,efc966c-dirty,30.0,2.0
Subject139,60,0.9644444444444444,0.9666666666666667,0.9666666666666667,recorded,rf,14,16,2,480,9413,efc966c-dirty,30.0,2.0
Subject147,31,0.9644444444444444,0.9666666666666667,0.967741935483871,recorded,rf,14,16,2,480,9413,efc966c-dirty,30.0,2.0
Subject226,30,0.9644444444444444,0.9666666666666667,0.9666666666666667,recorded,rf,14,16,2,480,9413,efc966c-dirty,30.0,2.0
Subject352,30,0.9111111111111111,0.9333333333333333,0.9333333333333333,recorded,rf,14,16,2,480,9413,efc966c-dirty,30.0,2.0
Subject353,60,0.8495622895622895,0.8833333333333333,0.8833333333333333,recorded,rf,14,16,2,480,9413,efc966c-dirty,30.0,2.0
Subject354,60,0.9830687830687831,0.9833333333333333,0.9833333333333333,recorded,rf,14,16,2,480,9413,efc966c-dirty,30.0,2.0
Subject424,60,0.8656084656084656,0.8833333333333333,0.8833333333333333,recorded,rf,14,16,2,480,9413,efc966c-dirty,30.0,2.0
Subject455,60,1.0,1.0,1.0,recorded,rf,14,16,2,480,9413,efc966c-dirty,30.0,2.0
Subject494,60,0.9392592592592592,0.95,0.95,recorded,rf,14,16,2,480,9413,efc966c-dirty,30.0,2.0
Subject561,60,1.0,1.0,1.0,recorded,rf,14,16,2,480,9413,efc966c-dirty,30.0,2.0
Subject580,90,0.890917970917971,0.8888888888888888,0.8888888888888888,recorded,rf,14,16,2,480,9413,efc966c-dirty,30.0,2.0
Subject611,60,0.9830687830687831,0.9833333333333333,0.9833333333333333,recorded,rf,14,16,2,480,9413,efc966c-dirty,30.0,2.0
Subject729,60,0.9830687830687831,0.9833333333333333,0.9833333333333333,recorded,rf,14,16,2,480,9413,efc966c-dirty,30.0,2.0
Subject741,60,0.9492063492063492,0.95,0.95,recorded,rf,14,16,2,480,9413,efc966c-dirty,30.0,2.0
Subject819,60,0.8656084656084656,0.8833333333333333,0.8833333333333333,recorded,rf,14,16,2,480,9413,efc966c-dirty,30.0,2.0
Subject867,60,0.9311111111111111,0.9333333333333333,0.9333333333333333,recorded,rf,14,16,2,480,9413,efc966c-dirty,30.0,2.0
Subject376,60,0.8646224146224145,0.8833333333333333,0.8833333333333333,new,rf,14,17,1,255,5076,efc966c-dirty,30.0,2.0
Subject516,30,0.7822222222222222,0.8333333333333334,0.8333333333333334,new,rf,14,17,1,255,5076,efc966c-dirty,30.0,2.0
Subject571,30,0.7936507936507937,0.8333333333333334,0.8333333333333334,new,rf,14,17,1,255,5076,efc966c-dirty,30.0,2.0
Subject731,30,0.7866666666666666,0.8333333333333334,0.8333333333333334,new,rf,14,17,1,255,5076,efc966c-dirty,30.0,2.0
Subject890,30,0.8266666666666667,0.8333333333333334,0.8333333333333334,new,rf,14,17,1,255,5076,efc966c-dirty,30.0,2.0
Subject969,30,0.5466666666666666,0.6,0.6,new,rf,14,17,1,255,5076,efc966c-dirty,30.0,2.0
Subject139,60,0.9305820105820106,0.9333333333333333,0.9333333333333333,recorded,rf,14,17,1,255,5076,efc966c-dirty,30.0,2.0
Subject147,31,0.9644444444444444,0.9666666666666667,0.967741935483871,recorded,rf,14,17,1,255,5076,efc966c-dirty,30.0,2.0
Subject226,30,0.9288888888888889,0.9333333333333333,0.9333333333333333,recorded,rf,14,17,1,255,5076,efc966c-dirty,30.0,2.0
Subject352,30,0.9111111111111111,0.9333333333333333,0.9333333333333333,recorded,rf,14,17,1,255,5076,efc966c-dirty,30.0,2.0
Subject353,60,0.8198808598808598,0.85,0.85,recorded,rf,14,17,1,255,5076,efc966c-dirty,30.0,2.0
Subject354,60,0.9830687830687831,0.9833333333333333,0.9833333333333333,recorded,rf,14,17,1,255,5076,efc966c-dirty,30.0,2.0
Subject424,60,0.8622222222222222,0.8833333333333333,0.8833333333333333,recorded,rf,14,17,1,255,5076,efc966c-dirty,30.0,2.0
Subject455,60,1.0,1.0,1.0,recorded,rf,14,17,1,255,5076,efc966c-dirty,30.0,2.0
Subject494,60,0.9022222222222224,0.9166666666666666,0.9166666666666666,recorded,rf,14,17,1,255,5076,efc966c-dirty,30.0,2.0
Subject561,60,0.9082202982202983,0.9166666666666666,0.9166666666666666,recorded,rf,14,17,1,255,5076,efc966c-dirty,30.0,2.0
Subject580,90,0.8574234044822281,0.8555555555555556,0.8555555555555555,recorded,rf,14,17,1,255,5076,efc966c-dirty,30.0,2.0
Subject611,60,1.0,1.0,1.0,recorded,rf,14,17,1,255,5076,efc966c-dirty,30.0,2.0
Subject729,60,1.0,1.0,1.0,recorded,rf,14,17,1,255,5076,efc966c-dirty,30.0,2.0
Subject741,60,0.9666666666666667,0.9666666666666667,0.9666666666666667,recorded,rf,14,17,1,255,5076,efc966c-dirty,30.0,2.0
Subject819,60,0.8656084656084656,0.8833333333333333,0.8833333333333333,recorded,rf,14,17,1,255,5076,efc966c-dirty,30.0,2.0
Subject867,60,0.8444444444444444,0.8666666666666667,0.8666666666666667,recorded,rf,14,17,1,255,5076,efc966c-dirty,30.0,2.0
Subject877,60,1.0,1.0,1.0,recorded,rf,14,17,1,255,5076,efc966c-dirty,30.0,2.0
Subject376,60,0.7763492063492063,0.8,0.8,new,rf,14,17,2,510,10059,efc966c-dirty,30.0,2.0
Subject516,30,0.7822222222222222,0.8333333333333334,0.8333333333333334,new,rf,14,17,2,510,10059,efc966c-dirty,30.0,2.0
Subject571,30,0.7444444444444444,0.8,0.8,new,rf,14,17,2,510,10059,efc966c-dirty,30.0,2.0
Subject731,30,0.7088888888888889,0.7666666666666667,0.7666666666666667,new,rf,14,17,2,510,10059,efc966c-dirty,30.0,2.0
Subject890,30,0.8444444444444444,0.8666666666666667,0.8666666666666667,new,rf,14,17,2,510,10059,efc966c-dirty,30.0,2.0
Subject969,30,0.6044444444444445,0.6333333333333333,0.6333333333333333,new,rf,14,17,2,510,10059,efc966c-dirty,30.0,2.0
Subject139,60,0.9644444444444444,0.9666666666666667,0.9666666666666667,recorded,rf,14,17,2,510,10059,efc966c-dirty,30.0,2.0
Subject147,31,0.9644444444444444,0.9666666666666667,0.967741935483871,recorded,rf,14,17,2,510,10059,efc966c-dirty,30.0,2.0
Subject226,30,0.9644444444444444,0.9666666666666667,0.9666666666666667,recorded,rf,14,17,2,510,10059,efc966c-dirty,30.0,2.0
Subject352,30,0.9111111111111111,0.9333333333333333,0.9333333333333333,recorded,rf,14,17,2,510,10059,efc966c-dirty,30.0,2.0
Subject353,60,0.8899663299663298,0.9,0.9,recorded,rf,14,17,2,510,10059,efc966c-dirty,30.0,2.0
Subject354,60,0.9830687830687831,0.9833333333333333,0.9833333333333333,recorded,rf,14,17,2,510,10059,efc966c-dirty,30.0,2.0
Subject424,60,0.8825396825396825,0.9,0.9,recorded,rf,14,17,2,510,10059,efc966c-dirty,30.0,2.0
Subject455,60,1.0,1.0,1.0,recorded,rf,14,17,2,510,10059,efc966c-dirty,30.0,2.0
Subject494,60,0.9392592592592592,0.95,0.95,recorded,rf,14,17,2,510,10059,efc966c-dirty,30.0,2.0
Subject561,60,0.9830687830687831,0.9833333333333333,0.9833333333333333,recorded,rf,14,17,2,510,10059,efc966c-dirty,30.0,2.0
Subject580,90,0.9018981018981017,0.9000000000000001,0.9,recorded,rf,14,17,2,510,10059,efc966c-dirty,30.0,2.0
Subject611,60,0.9830687830687831,0.9833333333333333,0.9833333333333333,recorded,rf,14,17,2,510,10059,efc966c-dirty,30.0,2.0
Subject729,60,0.9830687830687831,0.9833333333333333,0.9833333333333333,recorded,rf,14,17,2,510,10059,efc966c-dirty,30.0,2.0
Subject741,60,0.9492063492063492,0.95,0.95,recorded,rf,14,17,2,510,10059,efc966c-dirty,30.0,2.0
Subject819,60,0.8656084656084656,0.8833333333333333,0.8833333333333333,recorded,rf,14,17,2,510,10059,efc966c-dirty,30.0,2.0
Subject867,60,0.9311111111111111,0.9333333333333333,0.9333333333333333,recorded,rf,14,17,2,510,10059,efc966c-dirty,30.0,2.0
Subject877,60,1.0,1.0,1.0,recorded,rf,14,17,2,510,10059,efc966c-dirty,30.0,2.0
Subject226,30,0.6158730158730158,0.7,0.7,new,rf,15,2,1,30,471,efc966c-dirty,30.0,2.0
Subject353,60,0.7085388685388686,0.75,0.75,new,rf,15,2,1,30,471,efc966c-dirty,30.0,2.0
Subject455,60,0.7003367003367004,0.75,0.75,new,rf,15,2,1,30,471,efc966c-dirty,30.0,2.0
Subject516,30,0.8825396825396825,0.9,0.9,new,rf,15,2,1,30,471,efc966c-dirty,30.0,2.0
Subject580,90,0.7220109084814966,0.7555555555555556,0.7555555555555555,new,rf,15,2,1,30,471,efc966c-dirty,30.0,2.0
Subject969,30,0.4222222222222222,0.5333333333333333,0.5333333333333333,new,rf,15,2,1,30,471,efc966c-dirty,30.0,2.0
Subject354,60,1.0,1.0,1.0,recorded,rf,15,2,1,30,471,efc966c-dirty,30.0,2.0
Subject424,60,0.8224338624338625,0.8333333333333334,0.8333333333333334,recorded,rf,15,2,1,30,471,efc966c-dirty,30.0,2.0
Subject226,30,0.7936507936507937,0.8333333333333334,0.8333333333333334,new,rf,15,2,2,60,933,efc966c-dirty,30.0,2.0
Subject353,60,0.6412506012506013,0.7,0.7,new,rf,15,2,2,60,933,efc966c-dirty,30.0,2.0
Subject455,60,0.7481481481481481,0.8,0.8,new,rf,15,2,2,60,933,efc966c-dirty,30.0,2.0
Subject516,30,0.9288888888888888,0.9333333333333333,0.9333333333333333,new,rf,15,2,2,60,933,efc966c-dirty,30.0,2.0
Subject580,90,0.7200476865182747,0.7555555555555556,0.7555555555555555,new,rf,15,2,2,60,933,efc966c-dirty,30.0,2.0
Subject969,30,0.43777777777777777,0.5333333333333333,0.5333333333333333,new,rf,15,2,2,60,933,efc966c-dirty,30.0,2.0
Subject354,60,1.0,1.0,1.0,recorded,rf,15,2,2,60,933,efc966c-dirty,30.0,2.0
Subject424,60,0.8676923076923077,0.8833333333333333,0.8833333333333333,recorded,rf,15,2,2,60,933,efc966c-dirty,30.0,2.0
Subject226,30,0.7822222222222223,0.8333333333333334,0.8333333333333334,new,rf,15,4,1,60,1083,efc966c-dirty,30.0,2.0
Subject353,60,0.7085388685388685,0.75,0.75,new,rf,15,4,1,60,1083,efc966c-dirty,30.0,2.0
Subject455,60,0.7966329966329967,0.8166666666666667,0.8166666666666667,new,rf,15,4,1,60,1083,efc966c-dirty,30.0,2.0
Subject516,30,0.9644444444444444,0.9666666666666667,0.9666666666666667,new,rf,15,4,1,60,1083,efc966c-dirty,30.0,2.0
Subject580,90,0.8177489177489179,0.8333333333333334,0.8333333333333334,new,rf,15,4,1,60,1083,efc966c-dirty,30.0,2.0
Subject969,30,0.5666666666666667,0.6666666666666666,0.6666666666666666,new,rf,15,4,1,60,1083,efc966c-dirty,30.0,2.0
Subject354,60,0.9248869648869648,0.9333333333333333,0.9333333333333333,recorded,rf,15,4,1,60,1083,efc966c-dirty,30.0,2.0
Subject424,60,0.8346764346764348,0.85,0.85,recorded,rf,15,4,1,60,1083,efc966c-dirty,30.0,2.0
Subject877,60,0.9475132275132274,0.95,0.95,recorded,rf,15,4,1,60,1083,efc966c-dirty,30.0,2.0
Subject890,30,0.8800000000000001,0.9,0.9,recorded,rf,15,4,1,60,1083,efc966c-dirty,30.0,2.0
Subject226,30,0.8222222222222223,0.8666666666666667,0.8666666666666667,new,rf,15,4,2,120,2160,efc966c-dirty,30.0,2.0
Subject353,60,0.6804425204425204,0.7333333333333333,0.7333333333333333,new,rf,15,4,2,120,2160,efc966c-dirty,30.0,2.0
Subject455,60,0.8941798941798942,0.9166666666666666,0.9166666666666666,new,rf,15,4,2,120,2160,efc966c-dirty,30.0,2.0
Subject516,30,0.9644444444444444,0.9666666666666667,0.9666666666666667,new,rf,15,4,2,120,2160,efc966c-dirty,30.0,2.0
Subject580,90,0.8047574647574647,0.8222222222222223,0.8222222222222222,new,rf,15,4,2,120,2160,efc966c-dirty,30.0,2.0
Subject969,30,0.6317460317460317,0.7,0.7,new,rf,15,4,2,120,2160,efc966c-dirty,30.0,2.0
Subject354,60,0.9676190476190477,0.9666666666666667,0.9666666666666667,recorded,rf,15,4,2,120,2160,efc966c-dirty,30.0,2.0
Subject424,60,0.8854700854700854,0.9,0.9,recorded,rf,15,4,2,120,2160,efc966c-dirty,30.0,2.0
Subject877,60,0.9644444444444444,0.9666666666666667,0.9666666666666667,recorded,rf,15,4,2,120,2160,efc966c-dirty,30.0,2.0
Subject890,30,0.9111111111111111,0.9333333333333333,0.9333333333333333,recorded,rf,15,4,2,120,2160,efc966c-dirty,30.0,2.0
Subject226,30,0.708888888888889,0.7666666666666667,0.7666666666666667,new,rf,15,6,1,90,1666,efc966c-dirty,30.0,2.0
Subject353,60,0.7638095238095237,0.8,0.8,new,rf,15,6,1,90,1666,efc966c-dirty,30.0,2.0
Subject455,60,0.8433862433862434,0.8666666666666667,0.8666666666666667,new,rf,15,6,1,90,1666,efc966c-dirty,30.0,2.0
Subject516,30,0.9644444444444444,0.9666666666666667,0.9666666666666667,new,rf,15,6,1,90,1666,efc966c-dirty,30.0,2.0
Subject580,90,0.7787582787582789,0.8111111111111113,0.8111111111111111,new,rf,15,6,1,90,1666,efc966c-dirty,30.0,2.0
Subject969,30,0.5444444444444444,0.6333333333333333,0.6333333333333333,new,rf,15,6,1,90,1666,efc966c-dirty,30.0,2.0
Subject354,60,0.9418181818181818,0.95,0.95,recorded,rf,15,6,1,90,1666,efc966c-dirty,30.0,2.0
Subject424,60,0.8137758537758538,0.8333333333333334,0.8333333333333334,recorded,rf,15,6,1,90,1666,efc966c-dirty,30.0,2.0
Subject819,60,0.9492063492063493,0.95,0.95,recorded,rf,15,6,1,90,1666,efc966c-dirty,30.0,2.0
Subject867,60,0.9141798941798942,0.9166666666666666,0.9166666666666666,recorded,rf,15,6,1,90,1666,efc966c-dirty,30.0,2.0
Subject877,60,0.9644444444444444,0.9666666666666667,0.9666666666666667,recorded,rf,15,6,1,90,1666,efc966c-dirty,30.0,2.0
Subject890,30,0.8755555555555555,0.9,0.9,recorded,rf,15,6,1,90,1666,efc966c-dirty,30.0,2.0
Subject226,30,0.8222222222222223,0.8666666666666667,0.8666666666666667,new,rf,15,6,2,180,3343,efc966c-dirty,30.0,2.0
Subject353,60,0.7432996632996632,0.8,0.8,new,rf,15,6,2,180,3343,efc966c-dirty,30.0,2.0
Subject455,60,0.8911111111111112,0.9,0.9,new,rf,15,6,2,180,3343,efc966c-dirty,30.0,2.0
Subject516,30,1.0,1.0,1.0,new,rf,15,6,2,180,3343,efc966c-dirty,30.0,2.0
Subject580,90,0.7567171717171718,0.788888888888889,0.7888888888888889,new,rf,15,6,2,180,3343,efc966c-dirty,30.0,2.0
Subject969,30,0.6422222222222221,0.7,0.7,new,rf,15,6,2,180,3343,efc966c-dirty,30.0,2.0
Subject354,60,0.9418181818181818,0.95,0.95,recorded,rf,15,6,2,180,3343,efc966c-dirty,30.0,2.0
Subject424,60,0.8676923076923077,0.8833333333333333,0.8833333333333333,recorded,rf,15,6,2,180,3343,efc966c-dirty,30.0,2.0
Subject819,60,0.8952055352055353,0.9,0.9,recorded,rf,15,6,2,180,3343,efc966c-dirty,30.0,2.0
Subject867,60,0.9485714285714286,0.95,0.95,recorded,rf,15,6,2,180,3343,efc966c-dirty,30.0,2.0
Subject877,60,0.9305820105820106,0.9333333333333333,0.9333333333333333,recorded,rf,15,6,2,180,3343,efc966c-dirty,30.0,2.0
Subject890,30,0.8825396825396825,0.9,0.9,recorded,rf,15,6,2,180,3343,efc966c-dirty,30.0,2.0
Subject226,30,0.6511111111111112,0.7333333333333333,0.7333333333333333,new,rf,15,8,1,120,2281,efc966c-dirty,30.0,2.0
Subject353,60,0.753002553002553,0.7833333333333333,0.7833333333333333,new,rf,15,8,1,120,2281,efc966c-dirty,30.0,2.0
Subject455,60,0.7955747955747956,0.8166666666666667,0.8166666666666667,new,rf,15,8,1,120,2281,efc966c-dirty,30.0,2.0
Subject516,30,0.8444444444444443,0.8666666666666667,0.8666666666666667,new,rf,15,8,1,120,2281,efc966c-dirty,30.0,2.0
Subject580,90,0.7992822863411099,0.8222222222222224,0.8222222222222222,new,rf,15,8,1,120,2281,efc966c-dirty,30.0,2.0
Subject969,30,0.5822222222222223,0.6333333333333333,0.6333333333333333,new,rf,15,8,1,120,2281,efc966c-dirty,30.0,2.0
Subject139,60,0.9661375661375662,0.9666666666666667,0.9666666666666667,recorded,rf,15,8,1,120,2281,efc966c-dirty,30.0,2.0
Subject354,60,0.9418181818181818,0.95,0.95,recorded,rf,15,8,1,120,2281,efc966c-dirty,30.0,2.0
Subject424,60,0.8186243386243387,0.8333333333333334,0.8333333333333334,recorded,rf,15,8,1,120,2281,efc966c-dirty,30.0,2.0
Subject611,60,0.9062626262626262,0.9166666666666666,0.9166666666666666,recorded,rf,15,8,1,120,2281,efc966c-dirty,30.0,2.0
Subject819,60,0.9661375661375662,0.9666666666666667,0.9666666666666667,recorded,rf,15,8,1,120,2281,efc966c-dirty,30.0,2.0
Subject867,60,0.8757671957671959,0.8833333333333333,0.8833333333333333,recorded,rf,15,8,1,120,2281,efc966c-dirty,30.0,2.0
Subject877,60,0.9830687830687831,0.9833333333333333,0.9833333333333333,recorded,rf,15,8,1,120,2281,efc966c-dirty,30.0,2.0
Subject890,30,0.8955555555555555,0.9,0.9,recorded,rf,15,8,1,120,2281,efc966c-dirty,30.0,2.0
Subject226,30,0.7866666666666667,0.8333333333333334,0.8333333333333334,new,rf,15,8,2,240,4581,efc966c-dirty,30.0,2.0
Subject353,60,0.7521885521885523,0.8,0.8,new,rf,15,8,2,240,4581,efc966c-dirty,30.0,2.0
Subject455,60,0.8846560846560847,0.9,0.9,new,rf,15,8,2,240,4581,efc966c-dirty,30.0,2.0
Subject516,30,0.8755555555555555,0.9,0.9,new,rf,15,8,2,240,4581,efc966c-dirty,30.0,2.0
Subject580,90,0.8236756707344942,0.8444444444444447,0.8444444444444444,new,rf,15,8,2,240,4581,efc966c-dirty,30.0,2.0
Subject969,30,0.6266666666666666,0.6666666666666666,0.6666666666666666,new,rf,15,8,2,240,4581,efc966c-dirty,30.0,2.0
Subject139,60,0.9644444444444444,0.9666666666666667,0.9666666666666667,recorded,rf,15,8,2,240,4581,efc966c-dirty,30.0,2.0
Subject354,60,0.9418181818181818,0.95,0.95,recorded,rf,15,8,2,240,4581,efc966c-dirty,30.0,2.0
Subject424,60,0.8685388685388685,0.8833333333333333,0.8833333333333333,recorded,rf,15,8,2,240,4581,efc966c-dirty,30.0,2.0
Subject611,60,0.9830687830687831,0.9833333333333333,0.9833333333333333,recorded,rf,15,8,2,240,4581,efc966c-dirty,30.0,2.0
Subject819,60,0.8782743182743183,0.8833333333333333,0.8833333333333333,recorded,rf,15,8,2,240,4581,efc966c-dirty,30.0,2.0
Subject867,60,0.9311111111111111,0.9333333333333333,0.9333333333333333,recorded,rf,15,8,2,240,4581,efc966c-dirty,30.0,2.0
Subject877,60,0.9475132275132274,0.95,0.95,recorded,rf,15,8,2,240,4581,efc966c-dirty,30.0,2.0
Subject890,30,0.9288888888888889,0.9333333333333333,0.9333333333333333,recorded,rf,15,8,2,240,4581,efc966c-dirty,30.0,2.0
Subject226,30,0.5714285714285714,0.6666666666666666,0.6666666666666666,new,rf,15,12,1,180,3735,efc966c-dirty,30.0,2.0
Subject353,60,0.7322751322751323,0.7833333333333333,0.7833333333333333,new,rf,15,12,1,180,3735,efc966c-dirty,30.0,2.0
Subject455,60,0.817950937950938,0.85,0.85,new,rf,15,12,1,180,3735,efc966c-dirty,30.0,2.0
Subject516,30,0.8399999999999999,0.8666666666666667,0.8666666666666667,new,rf,15,12,1,180,3735,efc966c-dirty,30.0,2.0
Subject580,90,0.8417271617271618,0.8444444444444446,0.8444444444444444,new,rf,15,12,1,180,3735,efc966c-dirty,30.0,2.0
Subject969,30,0.6,0.6666666666666666,0.6666666666666666,new,rf,15,12,1,180,3735,efc966c-dirty,30.0,2.0
Subject139,60,0.9418181818181818,0.95,0.95,recorded,rf,15,12,1,180,3735,efc966c-dirty,30.0,2.0
Subject352,30,0.9111111111111111,0.9333333333333333,0.9333333333333333,recorded,rf,15,12,1,180,3735,efc966c-dirty,30.0,2.0
Subject354,60,0.9418181818181818,0.95,0.95,recorded,rf,15,12,1,180,3735,efc966c-dirty,30.0,2.0
Subject424,60,0.8507610907610909,0.8666666666666667,0.8666666666666667,recorded,rf,15,12,1,180,3735,efc966c-dirty,30.0,2.0
Subject494,60,0.8500384800384799,0.8666666666666667,0.8666666666666667,recorded,rf,15,12,1,180,3735,efc966c-dirty,30.0,2.0
Subject571,30,0.8755555555555555,0.9,0.9,recorded,rf,15,12,1,180,3735,efc966c-dirty,30.0,2.0
Subject611,60,0.9062626262626262,0.9166666666666666,0.9166666666666666,recorded,rf,15,12,1,180,3735,efc966c-dirty,30.0,2.0
Subject729,60,1.0,1.0,1.0,recorded,rf,15,12,1,180,3735,efc966c-dirty,30.0,2.0
Subject819,60,0.9475132275132275,0.95,0.95,recorded,rf,15,12,1,180,3735,efc966c-dirty,30.0,2.0
Subject867,60,0.8541798941798943,0.8666666666666667,0.8666666666666667,recorded,rf,15,12,1,180,3735,efc966c-dirty,30.0,2.0
Subject877,60,0.9661375661375662,0.9666666666666667,0.9666666666666667,recorded,rf,15,12,1,180,3735,efc966c-dirty,30.0,2.0
Subject890,30,0.9311111111111111,0.9333333333333333,0.9333333333333333,recorded,rf,15,12,1,180,3735,efc966c-dirty,30.0,2.0
Subject226,30,0.8177777777777778,0.8666666666666667,0.8666666666666667,new,rf,15,12,2,360,7480,efc966c-dirty,30.0,2.0
Subject353,60,0.7441462241462241,0.7666666666666667,0.7666666666666667,new,rf,15,12,2,360,7480,efc966c-dirty,30.0,2.0
Subject455,60,0.866031746031746,0.8833333333333333,0.8833333333333333,new,rf,15,12,2,360,7480,efc966c-dirty,30.0,2.0
Subject516,30,0.8755555555555555,0.9,0.9,new,rf,15,12,2,360,7480,efc966c-dirty,30.0,2.0
Subject580,90,0.8342501942501941,0.8333333333333333,0.8333333333333334,new,rf,15,12,2,360,7480,efc966c-dirty,30.0,2.0
Subject969,30,0.6933333333333334,0.7333333333333333,0.7333333333333333,new,rf,15,12,2,360,7480,efc966c-dirty,30.0,2.0
Subject139,60,0.9644444444444444,0.9666666666666667,0.9666666666666667,recorded,rf,15,12,2,360,7480,efc966c-dirty,30.0,2.0
Subject352,30,0.9111111111111111,0.9333333333333333,0.9333333333333333,recorded,rf,15,12,2,360,7480,efc966c-dirty,30.0,2.0
Subject354,60,0.9830687830687831,0.9833333333333333,0.9833333333333333,recorded,rf,15,12,2,360,7480,efc966c-dirty,30.0,2.0
Subject424,60,0.8685388685388685,0.8833333333333333,0.8833333333333333,recorded,rf,15,12,2,360,7480,efc966c-dirty,30.0,2.0
Subject494,60,0.9223280423280423,0.9333333333333333,0.9333333333333333,recorded,rf,15,12,2,360,7480,efc966c-dirty,30.0,2.0
Subject571,30,1.0,1.0,1.0,recorded,rf,15,12,2,360,7480,efc966c-dirty,30.0,2.0
Subject611,60,0.9830687830687831,0.9833333333333333,0.9833333333333333,recorded,rf,15,12,2,360,7480,efc966c-dirty,30.0,2.0
Subject729,60,1.0,1.0,1.0,recorded,rf,15,12,2,360,7480,efc966c-dirty,30.0,2.0
Subject819,60,0.9113227513227514,0.9166666666666666,0.9166666666666666,recorded,rf,15,12,2,360,7480,efc966c-dirty,30.0,2.0
Subject867,60,0.9096296296296296,0.9166666666666666,0.9166666666666666,recorded,rf,15,12,2,360,7480,efc966c-dirty,30.0,2.0
Subject877,60,0.9830687830687831,0.9833333333333333,0.9833333333333333,recorded,rf,15,12,2,360,7480,efc966c-dirty,30.0,2.0
Subject890,30,1.0,1.0,1.0,recorded,rf,15,12,2,360,7480,efc966c-dirty,30.0,2.0
Subject226,30,0.7288888888888889,0.8,0.8,new,rf,15,16,1,240,4875,efc966c-dirty,30.0,2.0
Subject353,60,0.8038095238095239,0.8333333333333334,0.8333333333333334,new,rf,15,16,1,240,4875,efc966c-dirty,30.0,2.0
Subject455,60,0.8935449735449735,0.9,0.9,new,rf,15,16,1,240,4875,efc966c-dirty,30.0,2.0
Subject516,30,0.7866666666666666,0.8333333333333334,0.8333333333333334,new,rf,15,16,1,240,4875,efc966c-dirty,30.0,2.0
Subject580,90,0.8543789543789543,0.8555555555555556,0.8555555555555555,new,rf,15,16,1,240,4875,efc966c-dirty,30.0,2.0
Subject969,30,0.6,0.6666666666666666,0.6666666666666666,new,rf,15,16,1,240,4875,efc966c-dirty,30.0,2.0
Subject139,60,0.9661375661375662,0.9666666666666667,0.9666666666666667,recorded,rf,15,16,1,240,4875,efc966c-dirty,30.0,2.0
Subject147,31,0.9644444444444444,0.9666666666666667,0.967741935483871,recorded,rf,15,16,1,240,4875,efc966c-dirty,30.0,2.0
Subject352,30,0.9111111111111111,0.9333333333333333,0.9333333333333333,recorded,rf,15,16,1,240,4875,efc966c-dirty,30.0,2.0
Subject354,60,0.9475132275132275,0.95,0.95,recorded,rf,15,16,1,240,4875,efc966c-dirty,30.0,2.0
Subject424,60,0.8685388685388685,0.8833333333333333,0.8833333333333333,recorded,rf,15,16,1,240,4875,efc966c-dirty,30.0,2.0
Subject494,60,0.9121693121693121,0.9166666666666666,0.9166666666666666,recorded,rf,15,16,1,240,4875,efc966c-dirty,30.0,2.0
Subject561,60,0.8755555555555555,0.8833333333333333,0.8833333333333333,recorded,rf,15,16,1,240,4875,efc966c-dirty,30.0,2.0
Subject571,30,0.9111111111111111,0.9333333333333333,0.9333333333333333,recorded,rf,15,16,1,240,4875,efc966c-dirty,30.0,2.0
Subject611,60,0.9830687830687831,0.9833333333333333,0.9833333333333333,recorded,rf,15,16,1,240,4875,efc966c-dirty,30.0,2.0
Subject729,60,1.0,1.0,1.0,recorded,rf,15,16,1,240,4875,efc966c-dirty,30.0,2.0
Subject731,30,1.0,1.0,1.0,recorded,rf,15,16,1,240,4875,efc966c-dirty,30.0,2.0
Subject741,60,0.911957671957672,0.9166666666666666,0.9166666666666666,recorded,rf,15,16,1,240,4875,efc966c-dirty,30.0,2.0
Subject819,60,0.9475132275132275,0.95,0.95,recorded,rf,15,16,1,240,4875,efc966c-dirty,30.0,2.0
Subject867,60,0.9311111111111111,0.9333333333333333,0.9333333333333333,recorded,rf,15,16,1,240,4875,efc966c-dirty,30.0,2.0
Subject877,60,0.9661375661375662,0.9666666666666667,0.9666666666666667,recorded,rf,15,16,1,240,4875,efc966c-dirty,30.0,2.0
Subject890,30,0.9111111111111111,0.9333333333333333,0.9333333333333333,recorded,rf,15,16,1,240,4875,efc966c-dirty,30.0,2.0
Subject226,30,0.7822222222222223,0.8333333333333334,0.8333333333333334,new,rf,15,16,2,480,9807,efc966c-dirty,30.0,2.0
Subject353,60,0.7610774410774411,0.7833333333333333,0.7833333333333333,new,rf,15,16,2,480,9807,efc966c-dirty,30.0,2.0
Subject455,60,0.9462962962962963,0.95,0.95,new,rf,15,16,2,480,9807,efc966c-dirty,30.0,2.0
Subject516,30,0.8355555555555555,0.8666666666666667,0.8666666666666667,new,rf,15,16,2,480,9807,efc966c-dirty,30.0,2.0
Subject580,90,0.8541983941983943,0.8555555555555555,0.8555555555555555,new,rf,15,16,2,480,9807,efc966c-dirty,30.0,2.0
Subject969,30,0.6933333333333334,0.7333333333333333,0.7333333333333333,new,rf,15,16,2,480,9807,efc966c-dirty,30.0,2.0
Subject139,60,0.9475132275132275,0.95,0.95,recorded,rf,15,16,2,480,9807,efc966c-dirty,30.0,2.0
Subject147,31,0.9644444444444444,0.9666666666666667,0.967741935483871,recorded,rf,15,16,2,480,9807,efc966c-dirty,30.0,2.0
Subject352,30,0.9111111111111111,0.9333333333333333,0.9333333333333333,recorded,rf,15,16,2,480,9807,efc966c-dirty,30.0,2.0
Subject354,60,0.9830687830687831,0.9833333333333333,0.9833333333333333,recorded,rf,15,16,2,480,9807,efc966c-dirty,30.0,2.0
Subject424,60,0.8685388685388685,0.8833333333333333,0.8833333333333333,recorded,rf,15,16,2,480,9807,efc966c-dirty,30.0,2.0
Subject494,60,0.9223280423280423,0.9333333333333333,0.9333333333333333,recorded,rf,15,16,2,480,9807,efc966c-dirty,30.0,2.0
Subject561,60,0.9485714285714286,0.95,0.95,recorded,rf,15,16,2,480,9807,efc966c-dirty,30.0,2.0
Subject571,30,1.0,1.0,1.0,recorded,rf,15,16,2,480,9807,efc966c-dirty,30.0,2.0
Subject611,60,0.9830687830687831,0.9833333333333333,0.9833333333333333,recorded,rf,15,16,2,480,9807,efc966c-dirty,30.0,2.0
Subject729,60,1.0,1.0,1.0,recorded,rf,15,16,2,480,9807,efc966c-dirty,30.0,2.0
Subject731,30,1.0,1.0,1.0,recorded,rf,15,16,2,480,9807,efc966c-dirty,30.0,2.0
Subject741,60,0.9497354497354498,0.95,0.95,recorded,rf,15,16,2,480,9807,efc966c-dirty,30.0,2.0
Subject819,60,0.8952055352055353,0.9,0.9,recorded,rf,15,16,2,480,9807,efc966c-dirty,30.0,2.0
Subject867,60,0.9096296296296296,0.9166666666666666,0.9166666666666666,recorded,rf,15,16,2,480,9807,efc966c-dirty,30.0,2.0
Subject877,60,0.9830687830687831,0.9833333333333333,0.9833333333333333,recorded,rf,15,16,2,480,9807,efc966c-dirty,30.0,2.0
Subject890,30,1.0,1.0,1.0,recorded,rf,15,16,2,480,9807,efc966c-dirty,30.0,2.0
Subject226,30,0.708888888888889,0.7666666666666667,0.7666666666666667,new,rf,15,17,1,255,5099,efc966c-dirty,30.0,2.0
Subject353,60,0.785998075998076,0.8166666666666667,0.8166666666666667,new,rf,15,17,1,255,5099,efc966c-dirty,30.0,2.0
Subject455,60,0.8728234728234727,0.8833333333333333,0.8833333333333333,new,rf,15,17,1,255,5099,efc966c-dirty,30.0,2.0
Subject516,30,0.9288888888888888,0.9333333333333333,0.9333333333333333,new,rf,15,17,1,255,5099,efc966c-dirty,30.0,2.0
Subject580,90,0.8546275946275945,0.8555555555555557,0.8555555555555555,new,rf,15,17,1,255,5099,efc966c-dirty,30.0,2.0
Subject969,30,0.6933333333333334,0.7333333333333333,0.7333333333333333,new,rf,15,17,1,255,5099,efc966c-dirty,30.0,2.0
Subject139,60,0.9644444444444444,0.9666666666666667,0.9666666666666667,recorded,rf,15,17,1,255,5099,efc966c-dirty,30.0,2.0
Subject147,31,0.9644444444444444,0.9666666666666667,0.967741935483871,recorded,rf,15,17,1,255,5099,efc966c-dirty,30.0,2.0
Subject352,30,0.9111111111111111,0.9333333333333333,0.9333333333333333,recorded,rf,15,17,1,255,5099,efc966c-dirty,30.0,2.0
Subject354,60,0.9475132275132275,0.95,0.95,recorded,rf,15,17,1,255,5099,efc966c-dirty,30.0,2.0
Subject376,60,0.8582010582010582,0.8666666666666667,0.8666666666666667,recorded,rf,15,17,1,255,5099,efc966c-dirty,30.0,2.0
Subject424,60,0.8719576719576719,0.8833333333333333,0.8833333333333333,recorded,rf,15,17,1,255,5099,efc966c-dirty,30.0,2.0
Subject494,60,0.911957671957672,0.9166666666666666,0.9166666666666666,recorded,rf,15,17,1,255,5099,efc966c-dirty,30.0,2.0
Subject561,60,0.852929292929293,0.8666666666666667,0.8666666666666667,recorded,rf,15,17,1,255,5099,efc966c-dirty,30.0,2.0
Subject571,30,0.9644444444444444,0.9666666666666667,0.9666666666666667,recorded,rf,15,17,1,255,5099,efc966c-dirty,30.0,2.0
Subject611,60,0.9830687830687831,0.9833333333333333,0.9833333333333333,recorded,rf,15,17,1,255,5099,efc966c-dirty,30.0,2.0
Subject729,60,1.0,1.0,1.0,recorded,rf,15,17,1,255,5099,efc966c-dirty,30.0,2.0
Subject731,30,1.0,1.0,1.0,recorded,rf,15,17,1,255,5099,efc966c-dirty,30.0,2.0
Subject741,60,0.9153439153439152,0.9166666666666666,0.9166666666666666,recorded,rf,15,17,1,255,5099,efc966c-dirty,30.0,2.0
Subject819,60,0.924886964886965,0.9333333333333333,0.9333333333333333,recorded,rf,15,17,1,255,5099,efc966c-dirty,30.0,2.0
Subject867,60,0.9311111111111111,0.9333333333333333,0.9333333333333333,recorded,rf,15,17,1,255,5099,efc966c-dirty,30.0,2.0
Subject877,60,0.9661375661375662,0.9666666666666667,0.9666666666666667,recorded,rf,15,17,1,255,5099,efc966c-dirty,30.0,2.0
Subject890,30,0.9311111111111111,0.9333333333333333,0.9333333333333333,recorded,rf,15,17,1,255,5099,efc966c-dirty,30.0,2.0
Subject226,30,0.7533333333333334,0.8,0.8,new,rf,15,17,2,510,10254,efc966c-dirty,30.0,2.0
Subject353,60,0.7773737373737374,0.8,0.8,new,rf,15,17,2,510,10254,efc966c-dirty,30.0,2.0
Subject455,60,0.9015873015873016,0.9166666666666666,0.9166666666666666,new,rf,15,17,2,510,10254,efc966c-dirty,30.0,2.0
Subject516,30,0.9288888888888888,0.9333333333333333,0.9333333333333333,new,rf,15,17,2,510,10254,efc966c-dirty,30.0,2.0
Subject580,90,0.8967116217116219,0.9,0.9,new,rf,15,17,2,510,10254,efc966c-dirty,30.0,2.0
Subject969,30,0.6933333333333334,0.7333333333333333,0.7333333333333333,new,rf,15,17,2,510,10254,efc966c-dirty,30.0,2.0
Subject139,60,0.9418181818181818,0.95,0.95,recorded,rf,15,17,2,510,10254,efc966c-dirty,30.0,2.0
Subject147,31,0.9644444444444444,0.9666666666666667,0.967741935483871,recorded,rf,15,17,2,510,10254,efc966c-dirty,30.0,2.0
Subject352,30,0.9111111111111111,0.9333333333333333,0.9333333333333333,recorded,rf,15,17,2,510,10254,efc966c-dirty,30.0,2.0
Subject354,60,1.0,1.0,1.0,recorded,rf,15,17,2,510,10254,efc966c-dirty,30.0,2.0
Subject376,60,0.8774747474747475,0.8833333333333333,0.8833333333333333,recorded,rf,15,17,2,510,10254,efc966c-dirty,30.0,2.0
Subject424,60,0.8854700854700854,0.9,0.9,recorded,rf,15,17,2,510,10254,efc966c-dirty,30.0,2.0
Subject494,60,0.9248869648869648,0.9333333333333333,0.9333333333333333,recorded,rf,15,17,2,510,10254,efc966c-dirty,30.0,2.0
Subject561,60,0.9485714285714286,0.95,0.95,recorded,rf,15,17,2,510,10254,efc966c-dirty,30.0,2.0
Subject571,30,1.0,1.0,1.0,recorded,rf,15,17,2,510,10254,efc966c-dirty,30.0,2.0
Subject611,60,0.9830687830687831,0.9833333333333333,0.9833333333333333,recorded,rf,15,17,2,510,10254,efc966c-dirty,30.0,2.0
Subject729,60,1.0,1.0,1.0,recorded,rf,15,17,2,510,10254,efc966c-dirty,30.0,2.0
Subject731,30,1.0,1.0,1.0,recorded,rf,15,17,2,510,10254,efc966c-dirty,30.0,2.0
Subject741,60,0.9666666666666667,0.9666666666666667,0.9666666666666667,recorded,rf,15,17,2,510,10254,efc966c-dirty,30.0,2.0
Subject819,60,0.8952055352055353,0.9,0.9,recorded,rf,15,17,2,510,10254,efc966c-dirty,30.0,2.0
Subject867,60,0.9096296296296296,0.9166666666666666,0.9166666666666666,recorded,rf,15,17,2,510,10254,efc966c-dirty,30.0,2.0
Subject877,60,0.9830687830687831,0.9833333333333333,0.9833333333333333,recorded,rf,15,17,2,510,10254,efc966c-dirty,30.0,2.0
Subject890,30,0.9644444444444444,0.9666666666666667,0.9666666666666667,recorded,rf,15,17,2,510,10254,efc966c-dirty,30.0,2.0
Subject139,60,0.5945165945165946,0.6833333333333333,0.6833333333333333,new,rf,16,2,1,30,578,efc966c-dirty,30.0,2.0
Subject226,30,0.506984126984127,0.5666666666666667,0.5666666666666667,new,rf,16,2,1,30,578,efc966c-dirty,30.0,2.0
Subject424,60,0.5820512820512821,0.6166666666666667,0.6166666666666667,new,rf,16,2,1,30,578,efc966c-dirty,30.0,2.0
Subject729,60,0.5901838901838902,0.65,0.65,new,rf,16,2,1,30,578,efc966c-dirty,30.0,2.0
Subject731,30,0.4047619047619048,0.5,0.5,new,rf,16,2,1,30,578,efc966c-dirty,30.0,2.0
Subject867,60,0.5073737373737374,0.55,0.55,new,rf,16,2,1,30,578,efc966c-dirty,30.0,2.0
Subject376,60,0.8452910052910053,0.8666666666666667,0.8666666666666667,recorded,rf,16,2,1,30,578,efc966c-dirty,30.0,2.0
Subject561,60,0.9830687830687831,0.9833333333333333,0.9833333333333333,recorded,rf,16,2,1,30,578,efc966c-dirty,30.0,2.0
Subject139,60,0.6158730158730158,0.7,0.7,new,rf,16,2,2,60,1142,efc966c-dirty,30.0,2.0
Subject226,30,0.5177777777777778,0.6,0.6,new,rf,16,2,2,60,1142,efc966c-dirty,30.0,2.0
Subject424,60,0.4696163096163096,0.5,0.5,new,rf,16,2,2,60,1142,efc966c-dirty,30.0,2.0
Subject729,60,0.5715018315018315,0.65,0.65,new,rf,16,2,2,60,1142,efc966c-dirty,30.0,2.0
Subject731,30,0.52,0.5666666666666667,0.5666666666666667,new,rf,16,2,2,60,1142,efc966c-dirty,30.0,2.0
Subject867,60,0.5426129426129426,0.5833333333333334,0.5833333333333334,new,rf,16,2,2,60,1142,efc966c-dirty,30.0,2.0
Subject376,60,0.9177248677248677,0.9166666666666666,0.9166666666666666,recorded,rf,16,2,2,60,1142,efc966c-dirty,30.0,2.0
Subject561,60,0.9830687830687831,0.9833333333333333,0.9833333333333333,recorded,rf,16,2,2,60,1142,efc966c-dirty,30.0,2.0
Subject139,60,0.794094424094424,0.8166666666666667,0.8166666666666667,new,rf,16,4,1,60,1157,efc966c-dirty,30.0,2.0
Subject226,30,0.5492063492063493,0.6333333333333333,0.6333333333333333,new,rf,16,4,1,60,1157,efc966c-dirty,30.0,2.0
Subject424,60,0.5959991859991861,0.6333333333333333,0.6333333333333333,new,rf,16,4,1,60,1157,efc966c-dirty,30.0,2.0
Subject729,60,0.8541798941798944,0.8833333333333333,0.8833333333333333,new,rf,16,4,1,60,1157,efc966c-dirty,30.0,2.0
Subject731,30,0.5136507936507936,0.6,0.6,new,rf,16,4,1,60,1157,efc966c-dirty,30.0,2.0
Subject867,60,0.7185388685388685,0.7666666666666667,0.7666666666666667,new,rf,16,4,1,60,1157,efc966c-dirty,30.0,2.0
Subject354,60,0.9130158730158731,0.9166666666666666,0.9166666666666666,recorded,rf,16,4,1,60,1157,efc966c-dirty,30.0,2.0
Subject376,60,0.8292063492063492,0.85,0.85,recorded,rf,16,4,1,60,1157,efc966c-dirty,30.0,2.0
Subject561,60,0.9661375661375663,0.9666666666666667,0.9666666666666667,recorded,rf,16,4,1,60,1157,efc966c-dirty,30.0,2.0
Subject819,60,0.8164021164021165,0.85,0.85,recorded,rf,16,4,1,60,1157,efc966c-dirty,30.0,2.0
Subject139,60,0.823068783068783,0.85,0.85,new,rf,16,4,2,120,2311,efc966c-dirty,30.0,2.0
Subject226,30,0.5533333333333332,0.6333333333333333,0.6333333333333333,new,rf,16,4,2,120,2311,efc966c-dirty,30.0,2.0
Subject424,60,0.6455218855218855,0.7,0.7,new,rf,16,4,2,120,2311,efc966c-dirty,30.0,2.0
Subject729,60,0.8711111111111112,0.9,0.9,new,rf,16,4,2,120,2311,efc966c-dirty,30.0,2.0
Subject731,30,0.5733333333333334,0.6333333333333333,0.6333333333333333,new,rf,16,4,2,120,2311,efc966c-dirty,30.0,2.0
Subject867,60,0.7151718651718652,0.7666666666666667,0.7666666666666667,new,rf,16,4,2,120,2311,efc966c-dirty,30.0,2.0
Subject354,60,0.9661375661375663,0.9666666666666667,0.9666666666666667,recorded,rf,16,4,2,120,2311,efc966c-dirty,30.0,2.0
Subject376,60,0.9177248677248677,0.9166666666666666,0.9166666666666666,recorded,rf,16,4,2,120,2311,efc966c-dirty,30.0,2.0
Subject561,60,0.9830687830687831,0.9833333333333333,0.9833333333333333,recorded,rf,16,4,2,120,2311,efc966c-dirty,30.0,2.0
Subject819,60,0.8211640211640212,0.85,0.85,recorded,rf,16,4,2,120,2311,efc966c-dirty,30.0,2.0
Subject139,60,0.7511111111111111,0.8,0.8,new,rf,16,6,1,90,1860,efc966c-dirty,30.0,2.0
Subject226,30,0.8022222222222223,0.8333333333333334,0.8333333333333334,new,rf,16,6,1,90,1860,efc966c-dirty,30.0,2.0
Subject424,60,0.7233525733525733,0.7666666666666667,0.7666666666666667,new,rf,16,6,1,90,1860,efc966c-dirty,30.0,2.0
Subject729,60,0.9056613756613757,0.9166666666666666,0.9166666666666666,new,rf,16,6,1,90,1860,efc966c-dirty,30.0,2.0
Subject731,30,0.5644444444444444,0.6333333333333333,0.6333333333333333,new,rf,16,6,1,90,1860,efc966c-dirty,30.0,2.0
Subject867,60,0.7377777777777778,0.7666666666666667,0.7666666666666667,new,rf,16,6,1,90,1860,efc966c-dirty,30.0,2.0
Subject354,60,0.9661375661375663,0.9666666666666667,0.9666666666666667,recorded,rf,16,6,1,90,1860,efc966c-dirty,30.0,2.0
Subject376,60,0.8422222222222223,0.85,0.85,recorded,rf,16,6,1,90,1860,efc966c-dirty,30.0,2.0
Subject561,60,0.9661375661375663,0.9666666666666667,0.9666666666666667,recorded,rf,16,6,1,90,1860,efc966c-dirty,30.0,2.0
Subject741,60,0.8058008658008657,0.8166666666666667,0.8166666666666667,recorded,rf,16,6,1,90,1860,efc966c-dirty,30.0,2.0
Subject819,60,0.8164021164021165,0.85,0.85,recorded,rf,16,6,1,90,1860,efc966c-dirty,30.0,2.0
Subject969,30,0.7088888888888889,0.7666666666666667,0.7666666666666667,recorded,rf,16,6,1,90,1860,efc966c-dirty,30.0,2.0
Subject139,60,0.7697354497354497,0.8166666666666667,0.8166666666666667,new,rf,16,6,2,180,3706,efc966c-dirty,30.0,2.0
Subject226,30,0.7333333333333333,0.7666666666666667,0.7666666666666667,new,rf,16,6,2,180,3706,efc966c-dirty,30.0,2.0
Subject424,60,0.7712169312169312,0.8,0.8,new,rf,16,6,2,180,3706,efc966c-dirty,30.0,2.0
Subject729,60,0.8874074074074074,0.9,0.9,new,rf,16,6,2,180,3706,efc966c-dirty,30.0,2.0
Subject731,30,0.6533333333333334,0.7,0.7,new,rf,16,6,2,180,3706,efc966c-dirty,30.0,2.0
Subject867,60,0.7534391534391535,0.7833333333333333,0.7833333333333333,new,rf,16,6,2,180,3706,efc966c-dirty,30.0,2.0
Subject354,60,0.9494708994708995,0.95,0.95,recorded,rf,16,6,2,180,3706,efc966c-dirty,30.0,2.0
Subject376,60,0.9,0.9,0.9,recorded,rf,16,6,2,180,3706,efc966c-dirty,30.0,2.0
Subject561,60,0.9830687830687831,0.9833333333333333,0.9833333333333333,recorded,rf,16,6,2,180,3706,efc966c-dirty,30.0,2.0
Subject741,60,0.8585569985569985,0.8666666666666667,0.8666666666666667,recorded,rf,16,6,2,180,3706,efc966c-dirty,30.0,2.0
Subject819,60,0.8186243386243387,0.85,0.85,recorded,rf,16,6,2,180,3706,efc966c-dirty,30.0,2.0
Subject969,30,0.7977777777777777,0.8333333333333334,0.8333333333333334,recorded,rf,16,6,2,180,3706,efc966c-dirty,30.0,2.0
Subject139,60,0.8605291005291006,0.8666666666666667,0.8666666666666667,new,rf,16,8,1,120,2431,efc966c-dirty,30.0,2.0
Subject226,30,0.7444444444444446,0.8,0.8,new,rf,16,8,1,120,2431,efc966c-dirty,30.0,2.0
Subject424,60,0.7566859066859066,0.8,0.8,new,rf,16,8,1,120,2431,efc966c-dirty,30.0,2.0
Subject729,60,0.8941798941798942,0.9166666666666666,0.9166666666666666,new,rf,16,8,1,120,2431,efc966c-dirty,30.0,2.0
Subject731,30,0.7066666666666668,0.7333333333333333,0.7333333333333333,new,rf,16,8,1,120,2431,efc966c-dirty,30.0,2.0
Subject867,60,0.7733333333333333,0.8,0.8,new,rf,16,8,1,120,2431,efc966c-dirty,30.0,2.0
Subject147,31,0.9311111111111111,0.9333333333333333,0.9354838709677419,recorded,rf,16,8,1,120,2431,efc966c-dirty,30.0,2.0
Subject354,60,0.9661375661375663,0.9666666666666667,0.9666666666666667,recorded,rf,16,8,1,120,2431,efc966c-dirty,30.0,2.0
Subject376,60,0.8543589743589745,0.8666666666666667,0.8666666666666667,recorded,rf,16,8,1,120,2431,efc966c-dirty,30.0,2.0
Subject561,60,0.9830687830687831,0.9833333333333333,0.9833333333333333,recorded,rf,16,8,1,120,2431,efc966c-dirty,30.0,2.0
Subject741,60,0.8642520442520443,0.8666666666666667,0.8666666666666667,recorded,rf,16,8,1,120,2431,efc966c-dirty,30.0,2.0
Subject819,60,0.8230687830687831,0.8333333333333334,0.8333333333333334,recorded,rf,16,8,1,120,2431,efc966c-dirty,30.0,2.0
Subject890,30,0.9111111111111111,0.9333333333333333,0.9333333333333333,recorded,rf,16,8,1,120,2431,efc966c-dirty,30.0,2.0
Subject969,30,0.7977777777777777,0.8333333333333334,0.8333333333333334,recorded,rf,16,8,1,120,2431,efc966c-dirty,30.0,2.0
Subject139,60,0.824126984126984,0.85,0.85,new,rf,16,8,2,240,4824,efc966c-dirty,30.0,2.0
Subject226,30,0.7200000000000001,0.7666666666666667,0.7666666666666667,new,rf,16,8,2,240,4824,efc966c-dirty,30.0,2.0
Subject424,60,0.7852055352055352,0.8166666666666667,0.8166666666666667,new,rf,16,8,2,240,4824,efc966c-dirty,30.0,2.0
Subject729,60,0.9248869648869648,0.9333333333333333,0.9333333333333333,new,rf,16,8,2,240,4824,efc966c-dirty,30.0,2.0
Subject731,30,0.7422222222222222,0.7666666666666667,0.7666666666666667,new,rf,16,8,2,240,4824,efc966c-dirty,30.0,2.0
Subject867,60,0.8025589225589226,0.8333333333333334,0.8333333333333334,new,rf,16,8,2,240,4824,efc966c-dirty,30.0,2.0
Subject147,31,0.9644444444444444,0.9666666666666667,0.967741935483871,recorded,rf,16,8,2,240,4824,efc966c-dirty,30.0,2.0
Subject354,60,0.9325396825396826,0.9333333333333333,0.9333333333333333,recorded,rf,16,8,2,240,4824,efc966c-dirty,30.0,2.0
Subject376,60,0.9189033189033188,0.9166666666666666,0.9166666666666666,recorded,rf,16,8,2,240,4824,efc966c-dirty,30.0,2.0
Subject561,60,0.9830687830687831,0.9833333333333333,0.9833333333333333,recorded,rf,16,8,2,240,4824,efc966c-dirty,30.0,2.0
Subject741,60,0.9312169312169313,0.9333333333333333,0.9333333333333333,recorded,rf,16,8,2,240,4824,efc966c-dirty,30.0,2.0
Subject819,60,0.8386243386243386,0.85,0.85,recorded,rf,16,8,2,240,4824,efc966c-dirty,30.0,2.0
Subject890,30,0.9644444444444444,0.9666666666666667,0.9666666666666667,recorded,rf,16,8,2,240,4824,efc966c-dirty,30.0,2.0
Subject969,30,0.8755555555555555,0.9,0.9,recorded,rf,16,8,2,240,4824,efc966c-dirty,30.0,2.0
Subject139,60,0.9661375661375663,0.9666666666666667,0.9666666666666667,new,rf,16,12,1,180,3584,efc966c-dirty,30.0,2.0
Subject226,30,0.6733333333333333,0.7333333333333333,0.7333333333333333,new,rf,16,12,1,180,3584,efc966c-dirty,30.0,2.0
Subject424,60,0.8074266474266475,0.8333333333333334,0.8333333333333334,new,rf,16,12,1,180,3584,efc966c-dirty,30.0,2.0
Subject729,60,0.9248869648869648,0.9333333333333333,0.9333333333333333,new,rf,16,12,1,180,3584,efc966c-dirty,30.0,2.0
Subject731,30,0.7511111111111112,0.7666666666666667,0.7666666666666667,new,rf,16,12,1,180,3584,efc966c-dirty,30.0,2.0
Subject867,60,0.8541798941798943,0.8666666666666667,0.8666666666666667,new,rf,16,12,1,180,3584,efc966c-dirty,30.0,2.0
Subject147,31,0.9311111111111111,0.9333333333333333,0.9354838709677419,recorded,rf,16,12,1,180,3584,efc966c-dirty,30.0,2.0
Subject354,60,0.9661375661375663,0.9666666666666667,0.9666666666666667,recorded,rf,16,12,1,180,3584,efc966c-dirty,30.0,2.0
Subject376,60,0.8765811965811966,0.8833333333333333,0.8833333333333333,recorded,rf,16,12,1,180,3584,efc966c-dirty,30.0,2.0
Subject455,60,1.0,1.0,1.0,recorded,rf,16,12,1,180,3584,efc966c-dirty,30.0,2.0
Subject561,60,0.9830687830687831,0.9833333333333333,0.9833333333333333,recorded,rf,16,12,1,180,3584,efc966c-dirty,30.0,2.0
Subject571,30,1.0,1.0,1.0,recorded,rf,16,12,1,180,3584,efc966c-dirty,30.0,2.0
Subject580,90,0.8767599067599067,0.888888888888889,0.8888888888888888,recorded,rf,16,12,1,180,3584,efc966c-dirty,30.0,2.0
Subject611,60,0.9661375661375662,0.9666666666666667,0.9666666666666667,recorded,rf,16,12,1,180,3584,efc966c-dirty,30.0,2.0
Subject741,60,0.9274074074074075,0.9333333333333333,0.9333333333333333,recorded,rf,16,12,1,180,3584,efc966c-dirty,30.0,2.0
Subject819,60,0.924886964886965,0.9333333333333333,0.9333333333333333,recorded,rf,16,12,1,180,3584,efc966c-dirty,30.0,2.0
Subject890,30,0.9311111111111111,0.9333333333333333,0.9333333333333333,recorded,rf,16,12,1,180,3584,efc966c-dirty,30.0,2.0
Subject969,30,0.7977777777777777,0.8333333333333334,0.8333333333333334,recorded,rf,16,12,1,180,3584,efc966c-dirty,30.0,2.0
Subject139,60,0.9475132275132274,0.95,0.95,new,rf,16,12,2,360,7203,efc966c-dirty,30.0,2.0
Subject226,30,0.7400000000000001,0.7666666666666667,0.7666666666666667,new,rf,16,12,2,360,7203,efc966c-dirty,30.0,2.0
Subject424,60,0.7937514337514339,0.8166666666666667,0.8166666666666667,new,rf,16,12,2,360,7203,efc966c-dirty,30.0,2.0
Subject729,60,0.9248869648869648,0.9333333333333333,0.9333333333333333,new,rf,16,12,2,360,7203,efc966c-dirty,30.0,2.0
Subject731,30,0.7866666666666666,0.8,0.8,new,rf,16,12,2,360,7203,efc966c-dirty,30.0,2.0
Subject867,60,0.7837037037037038,0.8166666666666667,0.8166666666666667,new,rf,16,12,2,360,7203,efc966c-dirty,30.0,2.0
Subject147,31,0.9644444444444444,0.9666666666666667,0.967741935483871,recorded,rf,16,12,2,360,7203,efc966c-dirty,30.0,2.0
Subject354,60,0.9830687830687831,0.9833333333333333,0.9833333333333333,recorded,rf,16,12,2,360,7203,efc966c-dirty,30.0,2.0
Subject376,60,0.9157287157287157,0.9166666666666666,0.9166666666666666,recorded,rf,16,12,2,360,7203,efc966c-dirty,30.0,2.0
Subject455,60,1.0,1.0,1.0,recorded,rf,16,12,2,360,7203,efc966c-dirty,30.0,2.0
Subject561,60,0.9830687830687831,0.9833333333333333,0.9833333333333333,recorded,rf,16,12,2,360,7203,efc966c-dirty,30.0,2.0
Subject571,30,1.0,1.0,1.0,recorded,rf,16,12,2,360,7203,efc966c-dirty,30.0,2.0
Subject580,90,0.8964319014319013,0.9,0.9,recorded,rf,16,12,2,360,7203,efc966c-dirty,30.0,2.0
Subject611,60,0.9661375661375662,0.9666666666666667,0.9666666666666667,recorded,rf,16,12,2,360,7203,efc966c-dirty,30.0,2.0
Subject741,60,0.9308465608465608,0.9333333333333333,0.9333333333333333,recorded,rf,16,12,2,360,7203,efc966c-dirty,30.0,2.0
Subject819,60,0.8786916786916787,0.9,0.9,recorded,rf,16,12,2,360,7203,efc966c-dirty,30.0,2.0
Subject890,30,0.9644444444444444,0.9666666666666667,0.9666666666666667,recorded,rf,16,12,2,360,7203,efc966c-dirty,30.0,2.0
Subject969,30,0.7977777777777777,0.8333333333333334,0.8333333333333334,recorded,rf,16,12,2,360,7203,efc966c-dirty,30.0,2.0
Subject139,60,0.9325396825396826,0.9333333333333333,0.9333333333333333,new,rf,16,16,1,240,4766,efc966c-dirty,30.0,2.0
Subject226,30,0.7200000000000001,0.7666666666666667,0.7666666666666667,new,rf,16,16,1,240,4766,efc966c-dirty,30.0,2.0
Subject424,60,0.7733525733525735,0.8166666666666667,0.8166666666666667,new,rf,16,16,1,240,4766,efc966c-dirty,30.0,2.0
Subject729,60,0.9248869648869648,0.9333333333333333,0.9333333333333333,new,rf,16,16,1,240,4766,efc966c-dirty,30.0,2.0
Subject731,30,0.7755555555555556,0.8,0.8,new,rf,16,16,1,240,4766,efc966c-dirty,30.0,2.0
Subject867,60,0.8355555555555555,0.85,0.85,new,rf,16,16,1,240,4766,efc966c-dirty,30.0,2.0
Subject147,31,0.8800000000000001,0.9,0.9032258064516129,recorded,rf,16,16,1,240,4766,efc966c-dirty,30.0,2.0
Subject353,60,0.8751515151515151,0.8833333333333333,0.8833333333333333,recorded,rf,16,16,1,240,4766,efc966c-dirty,30.0,2.0
Subject354,60,0.9644444444444444,0.9666666666666667,0.9666666666666667,recorded,rf,16,16,1,240,4766,efc966c-dirty,30.0,2.0
Subject376,60,0.8952055352055353,0.9,0.9,recorded,rf,16,16,1,240,4766,efc966c-dirty,30.0,2.0
Subject455,60,1.0,1.0,1.0,recorded,rf,16,16,1,240,4766,efc966c-dirty,30.0,2.0
Subject494,60,0.8785388685388685,0.8833333333333333,0.8833333333333333,recorded,rf,16,16,1,240,4766,efc966c-dirty,30.0,2.0
Subject516,30,0.9288888888888889,0.9333333333333333,0.9333333333333333,recorded,rf,16,16,1,240,4766,efc966c-dirty,30.0,2.0
Subject561,60,1.0,1.0,1.0,recorded,rf,16,16,1,240,4766,efc966c-dirty,30.0,2.0
Subject571,30,0.9644444444444444,0.9666666666666667,0.9666666666666667,recorded,rf,16,16,1,240,4766,efc966c-dirty,30.0,2.0
Subject580,90,0.9026210826210826,0.9111111111111111,0.9111111111111111,recorded,rf,16,16,1,240,4766,efc966c-dirty,30.0,2.0
Subject611,60,0.9830687830687831,0.9833333333333333,0.9833333333333333,recorded,rf,16,16,1,240,4766,efc966c-dirty,30.0,2.0
Subject741,60,0.9125925925925925,0.9166666666666666,0.9166666666666666,recorded,rf,16,16,1,240,4766,efc966c-dirty,30.0,2.0
Subject819,60,0.9089947089947091,0.9166666666666666,0.9166666666666666,recorded,rf,16,16,1,240,4766,efc966c-dirty,30.0,2.0
Subject877,60,1.0,1.0,1.0,recorded,rf,16,16,1,240,4766,efc966c-dirty,30.0,2.0
Subject890,30,0.9333333333333332,0.9333333333333333,0.9333333333333333,recorded,rf,16,16,1,240,4766,efc966c-dirty,30.0,2.0
Subject969,30,0.7977777777777777,0.8333333333333334,0.8333333333333334,recorded,rf,16,16,1,240,4766,efc966c-dirty,30.0,2.0
Subject139,60,0.9325396825396826,0.9333333333333333,0.9333333333333333,new,rf,16,16,2,480,9587,efc966c-dirty,30.0,2.0
Subject226,30,0.7136507936507938,0.7666666666666667,0.7666666666666667,new,rf,16,16,2,480,9587,efc966c-dirty,30.0,2.0
Subject424,60,0.8243578643578644,0.85,0.85,new,rf,16,16,2,480,9587,efc966c-dirty,30.0,2.0
Subject729,60,0.9248869648869648,0.9333333333333333,0.9333333333333333,new,rf,16,16,2,480,9587,efc966c-dirty,30.0,2.0
Subject731,30,0.7866666666666667,0.8,0.8,new,rf,16,16,2,480,9587,efc966c-dirty,30.0,2.0
Subject867,60,0.8275132275132275,0.85,0.85,new,rf,16,16,2,480,9587,efc966c-dirty,30.0,2.0
Subject147,31,0.9644444444444444,0.9666666666666667,0.967741935483871,recorded,rf,16,16,2,480,9587,efc966c-dirty,30.0,2.0
Subject353,60,0.8751515151515151,0.8833333333333333,0.8833333333333333,recorded,rf,16,16,2,480,9587,efc966c-dirty,30.0,2.0
Subject354,60,0.9830687830687831,0.9833333333333333,0.9833333333333333,recorded,rf,16,16,2,480,9587,efc966c-dirty,30.0,2.0
Subject376,60,0.9,0.9,0.9,recorded,rf,16,16,2,480,9587,efc966c-dirty,30.0,2.0
Subject455,60,1.0,1.0,1.0,recorded,rf,16,16,2,480,9587,efc966c-dirty,30.0,2.0
Subject494,60,0.9392592592592592,0.95,0.95,recorded,rf,16,16,2,480,9587,efc966c-dirty,30.0,2.0
Subject516,30,0.9644444444444444,0.9666666666666667,0.9666666666666667,recorded,rf,16,16,2,480,9587,efc966c-dirty,30.0,2.0
Subject561,60,1.0,1.0,1.0,recorded,rf,16,16,2,480,9587,efc966c-dirty,30.0,2.0
Subject571,30,1.0,1.0,1.0,recorded,rf,16,16,2,480,9587,efc966c-dirty,30.0,2.0
Subject580,90,0.9303984903984904,0.9333333333333333,0.9333333333333333,recorded,rf,16,16,2,480,9587,efc966c-dirty,30.0,2.0
Subject611,60,0.9830687830687831,0.9833333333333333,0.9833333333333333,recorded,rf,16,16,2,480,9587,efc966c-dirty,30.0,2.0
Subject741,60,0.9259259259259258,0.9333333333333333,0.9333333333333333,recorded,rf,16,16,2,480,9587,efc966c-dirty,30.0,2.0
Subject819,60,0.924886964886965,0.9333333333333333,0.9333333333333333,recorded,rf,16,16,2,480,9587,efc966c-dirty,30.0,2.0
Subject877,60,1.0,1.0,1.0,recorded,rf,16,16,2,480,9587,efc966c-dirty,30.0,2.0
Subject890,30,1.0,1.0,1.0,recorded,rf,16,16,2,480,9587,efc966c-dirty,30.0,2.0
Subject969,30,0.8755555555555555,0.9,0.9,recorded,rf,16,16,2,480,9587,efc966c-dirty,30.0,2.0
Subject139,60,0.9661375661375663,0.9666666666666667,0.9666666666666667,new,rf,16,17,1,255,5200,efc966c-dirty,30.0,2.0
Subject226,30,0.7155555555555556,0.7666666666666667,0.7666666666666667,new,rf,16,17,1,255,5200,efc966c-dirty,30.0,2.0
Subject424,60,0.8300529100529102,0.85,0.85,new,rf,16,17,1,255,5200,efc966c-dirty,30.0,2.0
Subject729,60,0.9475132275132275,0.95,0.95,new,rf,16,17,1,255,5200,efc966c-dirty,30.0,2.0
Subject731,30,0.74,0.7666666666666667,0.7666666666666667,new,rf,16,17,1,255,5200,efc966c-dirty,30.0,2.0
Subject867,60,0.8541798941798943,0.8666666666666667,0.8666666666666667,new,rf,16,17,1,255,5200,efc966c-dirty,30.0,2.0
Subject147,31,0.8800000000000001,0.9,0.9032258064516129,recorded,rf,16,17,1,255,5200,efc966c-dirty,30.0,2.0
Subject352,30,0.9288888888888889,0.9333333333333333,0.9333333333333333,recorded,rf,16,17,1,255,5200,efc966c-dirty,30.0,2.0
Subject353,60,0.8241462241462242,0.85,0.85,recorded,rf,16,17,1,255,5200,efc966c-dirty,30.0,2.0
Subject354,60,0.9644444444444444,0.9666666666666667,0.9666666666666667,recorded,rf,16,17,1,255,5200,efc966c-dirty,30.0,2.0
Subject376,60,0.8952055352055353,0.9,0.9,recorded,rf,16,17,1,255,5200,efc966c-dirty,30.0,2.0
Subject455,60,1.0,1.0,1.0,recorded,rf,16,17,1,255,5200,efc966c-dirty,30.0,2.0
Subject494,60,0.8756084656084656,0.8833333333333333,0.8833333333333333,recorded,rf,16,17,1,255,5200,efc966c-dirty,30.0,2.0
Subject516,30,0.9644444444444444,0.9666666666666667,0.9666666666666667,recorded,rf,16,17,1,255,5200,efc966c-dirty,30.0,2.0
Subject561,60,1.0,1.0,1.0,recorded,rf,16,17,1,255,5200,efc966c-dirty,30.0,2.0
Subject571,30,1.0,1.0,1.0,recorded,rf,16,17,1,255,5200,efc966c-dirty,30.0,2.0
Subject580,90,0.9026210826210826,0.9111111111111111,0.9111111111111111,recorded,rf,16,17,1,255,5200,efc966c-dirty,30.0,2.0
Subject611,60,0.9830687830687831,0.9833333333333333,0.9833333333333333,recorded,rf,16,17,1,255,5200,efc966c-dirty,30.0,2.0
Subject741,60,0.9156084656084656,0.9166666666666666,0.9166666666666666,recorded,rf,16,17,1,255,5200,efc966c-dirty,30.0,2.0
Subject819,60,0.9089947089947091,0.9166666666666666,0.9166666666666666,recorded,rf,16,17,1,255,5200,efc966c-dirty,30.0,2.0
Subject877,60,1.0,1.0,1.0,recorded,rf,16,17,1,255,5200,efc966c-dirty,30.0,2.0
Subject890,30,0.9644444444444444,0.9666666666666667,0.9666666666666667,recorded,rf,16,17,1,255,5200,efc966c-dirty,30.0,2.0
Subject969,30,0.7444444444444446,0.8,0.8,recorded,rf,16,17,1,255,5200,efc966c-dirty,30.0,2.0
Subject139,60,0.914973544973545,0.9166666666666666,0.9166666666666666,new,rf,16,17,2,510,10453,efc966c-dirty,30.0,2.0
Subject226,30,0.7136507936507938,0.7666666666666667,0.7666666666666667,new,rf,16,17,2,510,10453,efc966c-dirty,30.0,2.0
Subject424,60,0.8243578643578644,0.85,0.85,new,rf,16,17,2,510,10453,efc966c-dirty,30.0,2.0
Subject729,60,0.9460317460317461,0.95,0.95,new,rf,16,17,2,510,10453,efc966c-dirty,30.0,2.0
Subject731,30,0.8025396825396826,0.8333333333333334,0.8333333333333334,new,rf,16,17,2,510,10453,efc966c-dirty,30.0,2.0
Subject867,60,0.8275132275132275,0.85,0.85,new,rf,16,17,2,510,10453,efc966c-dirty,30.0,2.0
Subject147,31,0.9311111111111111,0.9333333333333333,0.9354838709677419,recorded,rf,16,17,2,510,10453,efc966c-dirty,30.0,2.0
Subject352,30,0.8755555555555555,0.9,0.9,recorded,rf,16,17,2,510,10453,efc966c-dirty,30.0,2.0
Subject353,60,0.8751515151515151,0.8833333333333333,0.8833333333333333,recorded,rf,16,17,2,510,10453,efc966c-dirty,30.0,2.0
Subject354,60,0.9830687830687831,0.9833333333333333,0.9833333333333333,recorded,rf,16,17,2,510,10453,efc966c-dirty,30.0,2.0
Subject376,60,0.9157287157287157,0.9166666666666666,0.9166666666666666,recorded,rf,16,17,2,510,10453,efc966c-dirty,30.0,2.0
Subject455,60,1.0,1.0,1.0,recorded,rf,16,17,2,510,10453,efc966c-dirty,30.0,2.0
Subject494,60,0.9392592592592592,0.95,0.95,recorded,rf,16,17,2,510,10453,efc966c-dirty,30.0,2.0
Subject516,30,0.9644444444444444,0.9666666666666667,0.9666666666666667,recorded,rf,16,17,2,510,10453,efc966c-dirty,30.0,2.0
Subject561,60,1.0,1.0,1.0,recorded,rf,16,17,2,510,10453,efc966c-dirty,30.0,2.0
Subject571,30,1.0,1.0,1.0,recorded,rf,16,17,2,510,10453,efc966c-dirty,30.0,2.0
Subject580,90,0.905962185962186,0.9111111111111111,0.9111111111111111,recorded,rf,16,17,2,510,10453,efc966c-dirty,30.0,2.0
Subject611,60,0.9830687830687831,0.9833333333333333,0.9833333333333333,recorded,rf,16,17,2,510,10453,efc966c-dirty,30.0,2.0
Subject741,60,0.9088888888888889,0.9166666666666666,0.9166666666666666,recorded,rf,16,17,2,510,10453,efc966c-dirty,30.0,2.0
Subject819,60,0.924886964886965,0.9333333333333333,0.9333333333333333,recorded,rf,16,17,2,510,10453,efc966c-dirty,30.0,2.0
Subject877,60,1.0,1.0,1.0,recorded,rf,16,17,2,510,10453,efc966c-dirty,30.0,2.0
Subject890,30,1.0,1.0,1.0,recorded,rf,16,17,2,510,10453,efc966c-dirty,30.0,2.0
Subject969,30,0.8755555555555555,0.9,0.9,recorded,rf,16,17,2,510,10453,efc966c-dirty,30.0,2.0
Subject147,31,0.7092063492063493,0.7666666666666667,0.7741935483870968,new,rf,17,2,1,30,553,efc966c-dirty,30.0,2.0
Subject352,30,0.6,0.6666666666666666,0.6666666666666666,new,rf,17,2,1,30,553,efc966c-dirty,30.0,2.0
Subject376,60,0.7107407407407408,0.7333333333333333,0.7333333333333333,new,rf,17,2,1,30,553,efc966c-dirty,30.0,2.0
Subject494,60,0.4176439464674758,0.45,0.45,new,rf,17,2,1,30,553,efc966c-dirty,30.0,2.0
Subject741,60,0.5616546416546415,0.6333333333333333,0.6333333333333333,new,rf,17,2,1,30,553,efc966c-dirty,30.0,2.0
Subject819,60,0.6464550264550264,0.7,0.7,new,rf,17,2,1,30,553,efc966c-dirty,30.0,2.0
Subject226,30,0.8755555555555555,0.9,0.9,recorded,rf,17,2,1,30,553,efc966c-dirty,30.0,2.0
Subject580,90,0.7930417295123178,0.8333333333333334,0.8333333333333334,recorded,rf,17,2,1,30,553,efc966c-dirty,30.0,2.0
Subject147,31,0.6444444444444444,0.7,0.7096774193548387,new,rf,17,2,2,60,1113,efc966c-dirty,30.0,2.0
Subject352,30,0.5803174603174603,0.6333333333333333,0.6333333333333333,new,rf,17,2,2,60,1113,efc966c-dirty,30.0,2.0
Subject376,60,0.7008754208754209,0.75,0.75,new,rf,17,2,2,60,1113,efc966c-dirty,30.0,2.0
Subject494,60,0.45099946836788946,0.5333333333333333,0.5333333333333333,new,rf,17,2,2,60,1113,efc966c-dirty,30.0,2.0
Subject741,60,0.6477777777777778,0.7166666666666667,0.7166666666666667,new,rf,17,2,2,60,1113,efc966c-dirty,30.0,2.0
Subject819,60,0.5403174603174603,0.6,0.6,new,rf,17,2,2,60,1113,efc966c-dirty,30.0,2.0
Subject226,30,1.0,1.0,1.0,recorded,rf,17,2,2,60,1113,efc966c-dirty,30.0,2.0
Subject580,90,0.8504395604395605,0.8777777777777777,0.8777777777777778,recorded,rf,17,2,2,60,1113,efc966c-dirty,30.0,2.0
Subject147,31,0.7311111111111112,0.7666666666666667,0.7741935483870968,new,rf,17,4,1,60,1173,efc966c-dirty,30.0,2.0
Subject352,30,0.7422222222222222,0.7666666666666667,0.7666666666666667,new,rf,17,4,1,60,1173,efc966c-dirty,30.0,2.0
Subject376,60,0.7561183261183262,0.7666666666666667,0.7666666666666667,new,rf,17,4,1,60,1173,efc966c-dirty,30.0,2.0
Subject494,60,0.3202923976608187,0.4166666666666667,0.4166666666666667,new,rf,17,4,1,60,1173,efc966c-dirty,30.0,2.0
Subject741,60,0.522020202020202,0.6,0.6,new,rf,17,4,1,60,1173,efc966c-dirty,30.0,2.0
Subject819,60,0.8300721500721501,0.8666666666666667,0.8666666666666667,new,rf,17,4,1,60,1173,efc966c-dirty,30.0,2.0
Subject139,60,0.8416931216931217,0.8666666666666667,0.8666666666666667,recorded,rf,17,4,1,60,1173,efc966c-dirty,30.0,2.0
Subject226,30,0.9066666666666667,0.9333333333333333,0.9333333333333333,recorded,rf,17,4,1,60,1173,efc966c-dirty,30.0,2.0
Subject516,30,0.9644444444444444,0.9666666666666667,0.9666666666666667,recorded,rf,17,4,1,60,1173,efc966c-dirty,30.0,2.0
Subject580,90,0.8508949873655757,0.8666666666666667,0.8666666666666667,recorded,rf,17,4,1,60,1173,efc966c-dirty,30.0,2.0
Subject147,31,0.7168253968253969,0.7666666666666667,0.7741935483870968,new,rf,17,4,2,120,2325,efc966c-dirty,30.0,2.0
Subject352,30,0.7644444444444445,0.8,0.8,new,rf,17,4,2,120,2325,efc966c-dirty,30.0,2.0
Subject376,60,0.725925925925926,0.75,0.75,new,rf,17,4,2,120,2325,efc966c-dirty,30.0,2.0
Subject494,60,0.4206831180515392,0.5,0.5,new,rf,17,4,2,120,2325,efc966c-dirty,30.0,2.0
Subject741,60,0.5491486291486292,0.6166666666666667,0.6166666666666667,new,rf,17,4,2,120,2325,efc966c-dirty,30.0,2.0
Subject819,60,0.8008465608465608,0.85,0.85,new,rf,17,4,2,120,2325,efc966c-dirty,30.0,2.0
Subject139,60,0.9077441077441077,0.9333333333333333,0.9333333333333333,recorded,rf,17,4,2,120,2325,efc966c-dirty,30.0,2.0
Subject226,30,0.9644444444444444,0.9666666666666667,0.9666666666666667,recorded,rf,17,4,2,120,2325,efc966c-dirty,30.0,2.0
Subject516,30,0.9644444444444444,0.9666666666666667,0.9666666666666667,recorded,rf,17,4,2,120,2325,efc966c-dirty,30.0,2.0
Subject580,90,0.8826207126207126,0.8888888888888888,0.8888888888888888,recorded,rf,17,4,2,120,2325,efc966c-dirty,30.0,2.0
Subject147,31,0.7666666666666667,0.8,0.8064516129032258,new,rf,17,6,1,90,1872,efc966c-dirty,30.0,2.0
Subject352,30,0.8088888888888889,0.8333333333333334,0.8333333333333334,new,rf,17,6,1,90,1872,efc966c-dirty,30.0,2.0
Subject376,60,0.7084848484848485,0.7333333333333333,0.7333333333333333,new,rf,17,6,1,90,1872,efc966c-dirty,30.0,2.0
Subject494,60,0.33766613503455606,0.43333333333333335,0.43333333333333335,new,rf,17,6,1,90,1872,efc966c-dirty,30.0,2.0
Subject741,60,0.5955555555555556,0.6333333333333333,0.6333333333333333,new,rf,17,6,1,90,1872,efc966c-dirty,30.0,2.0
Subject819,60,0.8192592592592594,0.85,0.85,new,rf,17,6,1,90,1872,efc966c-dirty,30.0,2.0
Subject139,60,0.7818181818181816,0.8166666666666667,0.8166666666666667,recorded,rf,17,6,1,90,1872,efc966c-dirty,30.0,2.0
Subject226,30,0.8777777777777778,0.9,0.9,recorded,rf,17,6,1,90,1872,efc966c-dirty,30.0,2.0
Subject516,30,0.9644444444444444,0.9666666666666667,0.9666666666666667,recorded,rf,17,6,1,90,1872,efc966c-dirty,30.0,2.0
Subject561,60,0.9462962962962963,0.95,0.95,recorded,rf,17,6,1,90,1872,efc966c-dirty,30.0,2.0
Subject580,90,0.8554506604506603,0.8777777777777779,0.8777777777777778,recorded,rf,17,6,1,90,1872,efc966c-dirty,30.0,2.0
Subject729,60,0.9661375661375663,0.9666666666666667,0.9666666666666667,recorded,rf,17,6,1,90,1872,efc966c-dirty,30.0,2.0
Subject147,31,0.8158730158730159,0.8333333333333334,0.8387096774193549,new,rf,17,6,2,180,3743,efc966c-dirty,30.0,2.0
Subject352,30,0.8444444444444444,0.8666666666666667,0.8666666666666667,new,rf,17,6,2,180,3743,efc966c-dirty,30.0,2.0
Subject376,60,0.7656084656084657,0.7833333333333333,0.7833333333333333,new,rf,17,6,2,180,3743,efc966c-dirty,30.0,2.0
Subject494,60,0.4268399242083453,0.5,0.5,new,rf,17,6,2,180,3743,efc966c-dirty,30.0,2.0
Subject741,60,0.6061568061568061,0.65,0.65,new,rf,17,6,2,180,3743,efc966c-dirty,30.0,2.0
Subject819,60,0.8503703703703703,0.8833333333333333,0.8833333333333333,new,rf,17,6,2,180,3743,efc966c-dirty,30.0,2.0
Subject139,60,0.9111111111111111,0.9333333333333333,0.9333333333333333,recorded,rf,17,6,2,180,3743,efc966c-dirty,30.0,2.0
Subject226,30,0.9333333333333332,0.9333333333333333,0.9333333333333333,recorded,rf,17,6,2,180,3743,efc966c-dirty,30.0,2.0
Subject516,30,0.9644444444444444,0.9666666666666667,0.9666666666666667,recorded,rf,17,6,2,180,3743,efc966c-dirty,30.0,2.0
Subject561,60,1.0,1.0,1.0,recorded,rf,17,6,2,180,3743,efc966c-dirty,30.0,2.0
Subject580,90,0.9002919302919302,0.9,0.9,recorded,rf,17,6,2,180,3743,efc966c-dirty,30.0,2.0
Subject729,60,0.9830687830687831,0.9833333333333333,0.9833333333333333,recorded,rf,17,6,2,180,3743,efc966c-dirty,30.0,2.0
Subject147,31,0.8158730158730159,0.8333333333333334,0.8387096774193549,new,rf,17,8,1,120,2473,efc966c-dirty,30.0,2.0
Subject352,30,0.7866666666666666,0.8,0.8,new,rf,17,8,1,120,2473,efc966c-dirty,30.0,2.0
Subject376,60,0.7281673881673882,0.75,0.75,new,rf,17,8,1,120,2473,efc966c-dirty,30.0,2.0
Subject494,60,0.314040404040404,0.4,0.4,new,rf,17,8,1,120,2473,efc966c-dirty,30.0,2.0
Subject741,60,0.6421548821548823,0.7,0.7,new,rf,17,8,1,120,2473,efc966c-dirty,30.0,2.0
Subject819,60,0.8603174603174603,0.8833333333333333,0.8833333333333333,new,rf,17,8,1,120,2473,efc966c-dirty,30.0,2.0
Subject139,60,0.8586243386243386,0.8833333333333333,0.8833333333333333,recorded,rf,17,8,1,120,2473,efc966c-dirty,30.0,2.0
Subject226,30,0.9644444444444444,0.9666666666666667,0.9666666666666667,recorded,rf,17,8,1,120,2473,efc966c-dirty,30.0,2.0
Subject516,30,0.9288888888888889,0.9333333333333333,0.9333333333333333,recorded,rf,17,8,1,120,2473,efc966c-dirty,30.0,2.0
Subject561,60,0.9830687830687831,0.9833333333333333,0.9833333333333333,recorded,rf,17,8,1,120,2473,efc966c-dirty,30.0,2.0
Subject580,90,0.8857009657009657,0.9000000000000001,0.9,recorded,rf,17,8,1,120,2473,efc966c-dirty,30.0,2.0
Subject729,60,0.9661375661375663,0.9666666666666667,0.9666666666666667,recorded,rf,17,8,1,120,2473,efc966c-dirty,30.0,2.0
Subject867,60,0.824094424094424,0.85,0.85,recorded,rf,17,8,1,120,2473,efc966c-dirty,30.0,2.0
Subject877,60,0.9830687830687831,0.9833333333333333,0.9833333333333333,recorded,rf,17,8,1,120,2473,efc966c-dirty,30.0,2.0
Subject147,31,0.8603174603174603,0.8666666666666667,0.8709677419354839,new,rf,17,8,2,240,4888,efc966c-dirty,30.0,2.0
Subject352,30,0.8444444444444444,0.8666666666666667,0.8666666666666667,new,rf,17,8,2,240,4888,efc966c-dirty,30.0,2.0
Subject376,60,0.768941798941799,0.7833333333333333,0.7833333333333333,new,rf,17,8,2,240,4888,efc966c-dirty,30.0,2.0
Subject494,60,0.41687359424201537,0.5,0.5,new,rf,17,8,2,240,4888,efc966c-dirty,30.0,2.0
Subject741,60,0.673015873015873,0.7166666666666667,0.7166666666666667,new,rf,17,8,2,240,4888,efc966c-dirty,30.0,2.0
Subject819,60,0.8755555555555555,0.9,0.9,new,rf,17,8,2,240,4888,efc966c-dirty,30.0,2.0
Subject139,60,0.9111111111111111,0.9333333333333333,0.9333333333333333,recorded,rf,17,8,2,240,4888,efc966c-dirty,30.0,2.0
Subject226,30,0.9644444444444444,0.9666666666666667,0.9666666666666667,recorded,rf,17,8,2,240,4888,efc966c-dirty,30.0,2.0
Subject516,30,0.9644444444444444,0.9666666666666667,0.9666666666666667,recorded,rf,17,8,2,240,4888,efc966c-dirty,30.0,2.0
Subject561,60,0.9830687830687831,0.9833333333333333,0.9833333333333333,recorded,rf,17,8,2,240,4888,efc966c-dirty,30.0,2.0
Subject580,90,0.9204218004218004,0.9222222222222223,0.9222222222222223,recorded,rf,17,8,2,240,4888,efc966c-dirty,30.0,2.0
Subject729,60,0.9830687830687831,0.9833333333333333,0.9833333333333333,recorded,rf,17,8,2,240,4888,efc966c-dirty,30.0,2.0
Subject867,60,0.8711111111111111,0.8833333333333333,0.8833333333333333,recorded,rf,17,8,2,240,4888,efc966c-dirty,30.0,2.0
Subject877,60,0.9830687830687831,0.9833333333333333,0.9833333333333333,recorded,rf,17,8,2,240,4888,efc966c-dirty,30.0,2.0
Subject147,31,0.8533333333333334,0.8777777777777778,0.8709677419354839,new,rf,17,12,1,180,3712,efc966c-dirty,30.0,2.0
Subject352,30,0.7866666666666666,0.8,0.8,new,rf,17,12,1,180,3712,efc966c-dirty,30.0,2.0
Subject376,60,0.7511925111925113,0.7666666666666667,0.7666666666666667,new,rf,17,12,1,180,3712,efc966c-dirty,30.0,2.0
Subject494,60,0.34107272844114944,0.43333333333333335,0.43333333333333335,new,rf,17,12,1,180,3712,efc966c-dirty,30.0,2.0
Subject741,60,0.733843193843194,0.7666666666666667,0.7666666666666667,new,rf,17,12,1,180,3712,efc966c-dirty,30.0,2.0
Subject819,60,0.9475132275132275,0.95,0.95,new,rf,17,12,1,180,3712,efc966c-dirty,30.0,2.0
Subject139,60,0.9644444444444444,0.9666666666666667,0.9666666666666667,recorded,rf,17,12,1,180,3712,efc966c-dirty,30.0,2.0
Subject226,30,0.9288888888888889,0.9333333333333333,0.9333333333333333,recorded,rf,17,12,1,180,3712,efc966c-dirty,30.0,2.0
Subject354,60,0.9830687830687831,0.9833333333333333,0.9833333333333333,recorded,rf,17,12,1,180,3712,efc966c-dirty,30.0,2.0
Subject516,30,0.8177777777777778,0.8666666666666667,0.8666666666666667,recorded,rf,17,12,1,180,3712,efc966c-dirty,30.0,2.0
Subject561,60,0.9830687830687831,0.9833333333333333,0.9833333333333333,recorded,rf,17,12,1,180,3712,efc966c-dirty,30.0,2.0
Subject571,30,1.0,1.0,1.0,recorded,rf,17,12,1,180,3712,efc966c-dirty,30.0,2.0
Subject580,90,0.8436541236541236,0.8555555555555556,0.8555555555555555,recorded,rf,17,12,1,180,3712,efc966c-dirty,30.0,2.0
Subject611,60,0.9830687830687831,0.9833333333333333,0.9833333333333333,recorded,rf,17,12,1,180,3712,efc966c-dirty,30.0,2.0
Subject729,60,0.9830687830687831,0.9833333333333333,0.9833333333333333,recorded,rf,17,12,1,180,3712,efc966c-dirty,30.0,2.0
Subject731,30,1.0,1.0,1.0,recorded,rf,17,12,1,180,3712,efc966c-dirty,30.0,2.0
Subject867,60,0.8444444444444444,0.8666666666666667,0.8666666666666667,recorded,rf,17,12,1,180,3712,efc966c-dirty,30.0,2.0
Subject877,60,0.9830687830687831,0.9833333333333333,0.9833333333333333,recorded,rf,17,12,1,180,3712,efc966c-dirty,30.0,2.0
Subject147,31,0.9377777777777779,0.9444444444444444,0.9354838709677419,new,rf,17,12,2,360,7400,efc966c-dirty,30.0,2.0
Subject352,30,0.8444444444444444,0.8666666666666667,0.8666666666666667,new,rf,17,12,2,360,7400,efc966c-dirty,30.0,2.0
Subject376,60,0.7876475376475376,0.8,0.8,new,rf,17,12,2,360,7400,efc966c-dirty,30.0,2.0
Subject494,60,0.48107161844003954,0.55,0.55,new,rf,17,12,2,360,7400,efc966c-dirty,30.0,2.0
Subject741,60,0.8112169312169313,0.8333333333333334,0.8333333333333334,new,rf,17,12,2,360,7400,efc966c-dirty,30.0,2.0
Subject819,60,0.9475132275132275,0.95,0.95,new,rf,17,12,2,360,7400,efc966c-dirty,30.0,2.0
Subject139,60,0.9644444444444444,0.9666666666666667,0.9666666666666667,recorded,rf,17,12,2,360,7400,efc966c-dirty,30.0,2.0
Subject226,30,0.9644444444444444,0.9666666666666667,0.9666666666666667,recorded,rf,17,12,2,360,7400,efc966c-dirty,30.0,2.0
Subject354,60,0.9492063492063493,0.95,0.95,recorded,rf,17,12,2,360,7400,efc966c-dirty,30.0,2.0
Subject516,30,0.9644444444444444,0.9666666666666667,0.9666666666666667,recorded,rf,17,12,2,360,7400,efc966c-dirty,30.0,2.0
Subject561,60,0.9830687830687831,0.9833333333333333,0.9833333333333333,recorded,rf,17,12,2,360,7400,efc966c-dirty,30.0,2.0
Subject571,30,0.9644444444444444,0.9666666666666667,0.9666666666666667,recorded,rf,17,12,2,360,7400,efc966c-dirty,30.0,2.0
Subject580,90,0.9192096792096792,0.9222222222222223,0.9222222222222223,recorded,rf,17,12,2,360,7400,efc966c-dirty,30.0,2.0
Subject611,60,0.9664021164021165,0.9666666666666667,0.9666666666666667,recorded,rf,17,12,2,360,7400,efc966c-dirty,30.0,2.0
Subject729,60,0.9830687830687831,0.9833333333333333,0.9833333333333333,recorded,rf,17,12,2,360,7400,efc966c-dirty,30.0,2.0
Subject731,30,1.0,1.0,1.0,recorded,rf,17,12,2,360,7400,efc966c-dirty,30.0,2.0
Subject867,60,0.8918181818181818,0.9,0.9,recorded,rf,17,12,2,360,7400,efc966c-dirty,30.0,2.0
Subject877,60,0.9830687830687831,0.9833333333333333,0.9833333333333333,recorded,rf,17,12,2,360,7400,efc966c-dirty,30.0,2.0
Subject147,31,0.8444444444444444,0.8666666666666667,0.8709677419354839,new,rf,17,16,1,240,5073,efc966c-dirty,30.0,2.0
Subject352,30,0.7866666666666666,0.8,0.8,new,rf,17,16,1,240,5073,efc966c-dirty,30.0,2.0
Subject376,60,0.7956817256817257,0.8166666666666667,0.8166666666666667,new,rf,17,16,1,240,5073,efc966c-dirty,30.0,2.0
Subject494,60,0.46339485076327175,0.55,0.55,new,rf,17,16,1,240,5073,efc966c-dirty,30.0,2.0
Subject741,60,0.7515151515151516,0.8,0.8,new,rf,17,16,1,240,5073,efc966c-dirty,30.0,2.0
Subject819,60,0.9661375661375662,0.9666666666666667,0.9666666666666667,new,rf,17,16,1,240,5073,efc966c-dirty,30.0,2.0
Subject139,60,0.9288888888888888,0.9333333333333333,0.9333333333333333,recorded,rf,17,16,1,240,5073,efc966c-dirty,30.0,2.0
Subject226,30,0.9288888888888889,0.9333333333333333,0.9333333333333333,recorded,rf,17,16,1,240,5073,efc966c-dirty,30.0,2.0
Subject353,60,0.8402308802308802,0.85,0.85,recorded,rf,17,16,1,240,5073,efc966c-dirty,30.0,2.0
Subject354,60,0.9062626262626262,0.9166666666666666,0.9166666666666666,recorded,rf,17,16,1,240,5073,efc966c-dirty,30.0,2.0
Subject455,60,1.0,1.0,1.0,recorded,rf,17,16,1,240,5073,efc966c-dirty,30.0,2.0
Subject516,30,0.9288888888888888,0.9333333333333333,0.9333333333333333,recorded,rf,17,16,1,240,5073,efc966c-dirty,30.0,2.0
Subject561,60,0.9644444444444444,0.9666666666666667,0.9666666666666667,recorded,rf,17,16,1,240,5073,efc966c-dirty,30.0,2.0
Subject571,30,0.9644444444444444,0.9666666666666667,0.9666666666666667,recorded,rf,17,16,1,240,5073,efc966c-dirty,30.0,2.0
Subject580,90,0.8970318570318571,0.9000000000000001,0.9,recorded,rf,17,16,1,240,5073,efc966c-dirty,30.0,2.0
Subject611,60,0.9830687830687831,0.9833333333333333,0.9833333333333333,recorded,rf,17,16,1,240,5073,efc966c-dirty,30.0,2.0
Subject729,60,0.9644444444444444,0.9666666666666667,0.9666666666666667,recorded,rf,17,16,1,240,5073,efc966c-dirty,30.0,2.0
Subject731,30,1.0,1.0,1.0,recorded,rf,17,16,1,240,5073,efc966c-dirty,30.0,2.0
Subject867,60,0.8444444444444444,0.8666666666666667,0.8666666666666667,recorded,rf,17,16,1,240,5073,efc966c-dirty,30.0,2.0
Subject877,60,0.9644444444444444,0.9666666666666667,0.9666666666666667,recorded,rf,17,16,1,240,5073,efc966c-dirty,30.0,2.0
Subject890,30,0.8177777777777777,0.8666666666666667,0.8666666666666667,recorded,rf,17,16,1,240,5073,efc966c-dirty,30.0,2.0
Subject969,30,0.9111111111111111,0.9333333333333333,0.9333333333333333,recorded,rf,17,16,1,240,5073,efc966c-dirty,30.0,2.0
Subject147,31,0.8800000000000001,0.9,0.9032258064516129,new,rf,17,16,2,480,10095,efc966c-dirty,30.0,2.0
Subject352,30,0.8088888888888889,0.8333333333333334,0.8333333333333334,new,rf,17,16,2,480,10095,efc966c-dirty,30.0,2.0
Subject376,60,0.8605820105820107,0.8833333333333333,0.8833333333333333,new,rf,17,16,2,480,10095,efc966c-dirty,30.0,2.0
Subject494,60,0.5470119743803955,0.6166666666666667,0.6166666666666667,new,rf,17,16,2,480,10095,efc966c-dirty,30.0,2.0
Subject741,60,0.7898027898027898,0.8333333333333334,0.8333333333333334,new,rf,17,16,2,480,10095,efc966c-dirty,30.0,2.0
Subject819,60,0.9475132275132275,0.95,0.95,new,rf,17,16,2,480,10095,efc966c-dirty,30.0,2.0
Subject139,60,0.9644444444444444,0.9666666666666667,0.9666666666666667,recorded,rf,17,16,2,480,10095,efc966c-dirty,30.0,2.0
Subject226,30,0.9644444444444444,0.9666666666666667,0.9666666666666667,recorded,rf,17,16,2,480,10095,efc966c-dirty,30.0,2.0
Subject353,60,0.8918903318903318,0.9,0.9,recorded,rf,17,16,2,480,10095,efc966c-dirty,30.0,2.0
Subject354,60,0.9830687830687831,0.9833333333333333,0.9833333333333333,recorded,rf,17,16,2,480,10095,efc966c-dirty,30.0,2.0
Subject455,60,1.0,1.0,1.0,recorded,rf,17,16,2,480,10095,efc966c-dirty,30.0,2.0
Subject516,30,0.9644444444444444,0.9666666666666667,0.9666666666666667,recorded,rf,17,16,2,480,10095,efc966c-dirty,30.0,2.0
Subject561,60,1.0,1.0,1.0,recorded,rf,17,16,2,480,10095,efc966c-dirty,30.0,2.0
Subject571,30,1.0,1.0,1.0,recorded,rf,17,16,2,480,10095,efc966c-dirty,30.0,2.0
Subject580,90,0.9308780108780108,0.9333333333333335,0.9333333333333333,recorded,rf,17,16,2,480,10095,efc966c-dirty,30.0,2.0
Subject611,60,0.9830687830687831,0.9833333333333333,0.9833333333333333,recorded,rf,17,16,2,480,10095,efc966c-dirty,30.0,2.0
Subject729,60,1.0,1.0,1.0,recorded,rf,17,16,2,480,10095,efc966c-dirty,30.0,2.0
Subject731,30,1.0,1.0,1.0,recorded,rf,17,16,2,480,10095,efc966c-dirty,30.0,2.0
Subject867,60,0.8444444444444444,0.8666666666666667,0.8666666666666667,recorded,rf,17,16,2,480,10095,efc966c-dirty,30.0,2.0
Subject877,60,0.9830687830687831,0.9833333333333333,0.9833333333333333,recorded,rf,17,16,2,480,10095,efc966c-dirty,30.0,2.0
Subject890,30,0.9644444444444444,0.9666666666666667,0.9666666666666667,recorded,rf,17,16,2,480,10095,efc966c-dirty,30.0,2.0
Subject969,30,0.9111111111111111,0.9333333333333333,0.9333333333333333,recorded,rf,17,16,2,480,10095,efc966c-dirty,30.0,2.0
Subject147,31,0.8444444444444444,0.8666666666666667,0.8709677419354839,new,rf,17,17,1,255,5300,efc966c-dirty,30.0,2.0
Subject352,30,0.7866666666666666,0.8,0.8,new,rf,17,17,1,255,5300,efc966c-dirty,30.0,2.0
Subject376,60,0.8475853775853776,0.85,0.85,new,rf,17,17,1,255,5300,efc966c-dirty,30.0,2.0
Subject494,60,0.525465863112922,0.6,0.6,new,rf,17,17,1,255,5300,efc966c-dirty,30.0,2.0
Subject741,60,0.8341798941798942,0.85,0.85,new,rf,17,17,1,255,5300,efc966c-dirty,30.0,2.0
Subject819,60,0.913015873015873,0.9166666666666666,0.9166666666666666,new,rf,17,17,1,255,5300,efc966c-dirty,30.0,2.0
Subject139,60,0.9288888888888888,0.9333333333333333,0.9333333333333333,recorded,rf,17,17,1,255,5300,efc966c-dirty,30.0,2.0
Subject226,30,0.9288888888888889,0.9333333333333333,0.9333333333333333,recorded,rf,17,17,1,255,5300,efc966c-dirty,30.0,2.0
Subject353,60,0.825007215007215,0.8333333333333334,0.8333333333333334,recorded,rf,17,17,1,255,5300,efc966c-dirty,30.0,2.0
Subject354,60,0.9475132275132275,0.95,0.95,recorded,rf,17,17,1,255,5300,efc966c-dirty,30.0,2.0
Subject424,60,0.8685388685388685,0.8833333333333333,0.8833333333333333,recorded,rf,17,17,1,255,5300,efc966c-dirty,30.0,2.0
Subject455,60,0.9830687830687831,0.9833333333333333,0.9833333333333333,recorded,rf,17,17,1,255,5300,efc966c-dirty,30.0,2.0
Subject516,30,0.9111111111111111,0.9333333333333333,0.9333333333333333,recorded,rf,17,17,1,255,5300,efc966c-dirty,30.0,2.0
Subject561,60,0.9475132275132274,0.95,0.95,recorded,rf,17,17,1,255,5300,efc966c-dirty,30.0,2.0
Subject571,30,0.9644444444444444,0.9666666666666667,0.9666666666666667,recorded,rf,17,17,1,255,5300,efc966c-dirty,30.0,2.0
Subject580,90,0.885920745920746,0.8888888888888891,0.8888888888888888,recorded,rf,17,17,1,255,5300,efc966c-dirty,30.0,2.0
Subject611,60,0.9830687830687831,0.9833333333333333,0.9833333333333333,recorded,rf,17,17,1,255,5300,efc966c-dirty,30.0,2.0
Subject729,60,0.9475132275132274,0.95,0.95,recorded,rf,17,17,1,255,5300,efc966c-dirty,30.0,2.0
Subject731,30,1.0,1.0,1.0,recorded,rf,17,17,1,255,5300,efc966c-dirty,30.0,2.0
Subject867,60,0.8463684463684463,0.8666666666666667,0.8666666666666667,recorded,rf,17,17,1,255,5300,efc966c-dirty,30.0,2.0
Subject877,60,0.9644444444444444,0.9666666666666667,0.9666666666666667,recorded,rf,17,17,1,255,5300,efc966c-dirty,30.0,2.0
Subject890,30,0.851111111111111,0.8666666666666667,0.8666666666666667,recorded,rf,17,17,1,255,5300,efc966c-dirty,30.0,2.0
Subject969,30,0.9111111111111111,0.9333333333333333,0.9333333333333333,recorded,rf,17,17,1,255,5300,efc966c-dirty,30.0,2.0
Subject147,31,0.9111111111111111,0.9333333333333333,0.9354838709677419,new,rf,17,17,2,510,10543,efc966c-dirty,30.0,2.0
Subject352,30,0.8088888888888889,0.8333333333333334,0.8333333333333334,new,rf,17,17,2,510,10543,efc966c-dirty,30.0,2.0
Subject376,60,0.8828042328042328,0.8833333333333333,0.8833333333333333,new,rf,17,17,2,510,10543,efc966c-dirty,30.0,2.0
Subject494,60,0.5755834029518241,0.6333333333333333,0.6333333333333333,new,rf,17,17,2,510,10543,efc966c-dirty,30.0,2.0
Subject741,60,0.8893314093314094,0.9,0.9,new,rf,17,17,2,510,10543,efc966c-dirty,30.0,2.0
Subject819,60,0.9475132275132275,0.95,0.95,new,rf,17,17,2,510,10543,efc966c-dirty,30.0,2.0
Subject139,60,0.9644444444444444,0.9666666666666667,0.9666666666666667,recorded,rf,17,17,2,510,10543,efc966c-dirty,30.0,2.0
Subject226,30,0.9644444444444444,0.9666666666666667,0.9666666666666667,recorded,rf,17,17,2,510,10543,efc966c-dirty,30.0,2.0
Subject353,60,0.8751515151515151,0.8833333333333333,0.8833333333333333,recorded,rf,17,17,2,510,10543,efc966c-dirty,30.0,2.0
Subject354,60,0.9830687830687831,0.9833333333333333,0.9833333333333333,recorded,rf,17,17,2,510,10543,efc966c-dirty,30.0,2.0
Subject424,60,0.8656084656084656,0.8833333333333333,0.8833333333333333,recorded,rf,17,17,2,510,10543,efc966c-dirty,30.0,2.0
Subject455,60,1.0,1.0,1.0,recorded,rf,17,17,2,510,10543,efc966c-dirty,30.0,2.0
Subject516,30,0.9311111111111111,0.9333333333333333,0.9333333333333333,recorded,rf,17,17,2,510,10543,efc966c-dirty,30.0,2.0
Subject561,60,1.0,1.0,1.0,recorded,rf,17,17,2,510,10543,efc966c-dirty,30.0,2.0
Subject571,30,1.0,1.0,1.0,recorded,rf,17,17,2,510,10543,efc966c-dirty,30.0,2.0
Subject580,90,0.9206216006216006,0.9222222222222223,0.9222222222222223,recorded,rf,17,17,2,510,10543,efc966c-dirty,30.0,2.0
Subject611,60,0.9830687830687831,0.9833333333333333,0.9833333333333333,recorded,rf,17,17,2,510,10543,efc966c-dirty,30.0,2.0
Subject729,60,1.0,1.0,1.0,recorded,rf,17,17,2,510,10543,efc966c-dirty,30.0,2.0
Subject731,30,1.0,1.0,1.0,recorded,rf,17,17,2,510,10543,efc966c-dirty,30.0,2.0
Subject867,60,0.8632996632996632,0.8833333333333333,0.8833333333333333,recorded,rf,17,17,2,510,10543,efc966c-dirty,30.0,2.0
Subject877,60,0.9830687830687831,0.9833333333333333,0.9833333333333333,recorded,rf,17,17,2,510,10543,efc966c-dirty,30.0,2.0
Subject890,30,0.8755555555555555,0.9,0.9,recorded,rf,17,17,2,510,10543,efc966c-dirty,30.0,2.0
Subject969,30,0.8825396825396825,0.9,0.9,recorded,rf,17,17,2,510,10543,efc966c-dirty,30.0,2.0
Subject139,60,0.8268986568986568,0.85,0.85,new,rf,18,2,1,30,589,efc966c-dirty,30.0,2.0
Subject226,30,0.6977777777777777,0.7666666666666667,0.7666666666666667,new,rf,18,2,1,30,589,efc966c-dirty,30.0,2.0
Subject455,60,0.7326984126984128,0.7666666666666667,0.7666666666666667,new,rf,18,2,1,30,589,efc966c-dirty,30.0,2.0
Subject867,60,0.7367195767195767,0.7666666666666667,0.7666666666666667,new,rf,18,2,1,30,589,efc966c-dirty,30.0,2.0
Subject890,30,0.45015873015873015,0.5333333333333333,0.5333333333333333,new,rf,18,2,1,30,589,efc966c-dirty,30.0,2.0
Subject969,30,0.5111111111111111,0.5666666666666667,0.5666666666666667,new,rf,18,2,1,30,589,efc966c-dirty,30.0,2.0
Subject354,60,0.9830687830687831,0.9833333333333333,0.9833333333333333,recorded,rf,18,2,1,30,589,efc966c-dirty,30.0,2.0
Subject819,60,0.8643060643060643,0.8833333333333333,0.8833333333333333,recorded,rf,18,2,1,30,589,efc966c-dirty,30.0,2.0
Subject139,60,0.8912890812890814,0.9,0.9,new,rf,18,2,2,60,1169,efc966c-dirty,30.0,2.0
Subject226,30,0.6755555555555556,0.7333333333333333,0.7333333333333333,new,rf,18,2,2,60,1169,efc966c-dirty,30.0,2.0
Subject455,60,0.7862931839402427,0.8166666666666667,0.8166666666666667,new,rf,18,2,2,60,1169,efc966c-dirty,30.0,2.0
Subject867,60,0.7462433862433862,0.7833333333333333,0.7833333333333333,new,rf,18,2,2,60,1169,efc966c-dirty,30.0,2.0
Subject890,30,0.4,0.5333333333333333,0.5333333333333333,new,rf,18,2,2,60,1169,efc966c-dirty,30.0,2.0
Subject969,30,0.4777777777777778,0.5666666666666667,0.5666666666666667,new,rf,18,2,2,60,1169,efc966c-dirty,30.0,2.0
Subject354,60,0.9830687830687831,0.9833333333333333,0.9833333333333333,recorded,rf,18,2,2,60,1169,efc966c-dirty,30.0,2.0
Subject819,60,0.8941798941798942,0.9166666666666666,0.9166666666666666,recorded,rf,18,2,2,60,1169,efc966c-dirty,30.0,2.0
Subject139,60,0.8463166463166463,0.8666666666666667,0.8666666666666667,new,rf,18,4,1,60,1144,efc966c-dirty,30.0,2.0
Subject226,30,0.7200000000000001,0.7666666666666667,0.7666666666666667,new,rf,18,4,1,60,1144,efc966c-dirty,30.0,2.0
Subject455,60,0.8317460317460317,0.85,0.85,new,rf,18,4,1,60,1144,efc966c-dirty,30.0,2.0
Subject867,60,0.7925925925925926,0.8166666666666667,0.8166666666666667,new,rf,18,4,1,60,1144,efc966c-dirty,30.0,2.0
Subject890,30,0.6580952380952382,0.7333333333333333,0.7333333333333333,new,rf,18,4,1,60,1144,efc966c-dirty,30.0,2.0
Subject969,30,0.56,0.6,0.6,new,rf,18,4,1,60,1144,efc966c-dirty,30.0,2.0
Subject354,60,0.9830687830687831,0.9833333333333333,0.9833333333333333,recorded,rf,18,4,1,60,1144,efc966c-dirty,30.0,2.0
Subject580,90,0.8798951048951049,0.8777777777777779,0.8777777777777778,recorded,rf,18,4,1,60,1144,efc966c-dirty,30.0,2.0
Subject611,60,1.0,1.0,1.0,recorded,rf,18,4,1,60,1144,efc966c-dirty,30.0,2.0
Subject819,60,0.7911111111111111,0.8166666666666667,0.8166666666666667,recorded,rf,18,4,1,60,1144,efc966c-dirty,30.0,2.0
Subject139,60,0.9125925925925925,0.9166666666666666,0.9166666666666666,new,rf,18,4,2,120,2255,efc966c-dirty,30.0,2.0
Subject226,30,0.711111111111111,0.7666666666666667,0.7666666666666667,new,rf,18,4,2,120,2255,efc966c-dirty,30.0,2.0
Subject455,60,0.8981684981684982,0.9166666666666666,0.9166666666666666,new,rf,18,4,2,120,2255,efc966c-dirty,30.0,2.0
Subject867,60,0.8372486772486774,0.85,0.85,new,rf,18,4,2,120,2255,efc966c-dirty,30.0,2.0
Subject890,30,0.6555555555555554,0.7333333333333333,0.7333333333333333,new,rf,18,4,2,120,2255,efc966c-dirty,30.0,2.0
Subject969,30,0.56,0.6,0.6,new,rf,18,4,2,120,2255,efc966c-dirty,30.0,2.0
Subject354,60,0.9661375661375663,0.9666666666666667,0.9666666666666667,recorded,rf,18,4,2,120,2255,efc966c-dirty,30.0,2.0
Subject580,90,0.8999378399378399,0.9000000000000001,0.9,recorded,rf,18,4,2,120,2255,efc966c-dirty,30.0,2.0
Subject611,60,1.0,1.0,1.0,recorded,rf,18,4,2,120,2255,efc966c-dirty,30.0,2.0
Subject819,60,0.8941798941798942,0.9166666666666666,0.9166666666666666,recorded,rf,18,4,2,120,2255,efc966c-dirty,30.0,2.0
Subject139,60,0.8933333333333333,0.9,0.9,new,rf,18,6,1,90,1907,efc966c-dirty,30.0,2.0
Subject226,30,0.6336507936507937,0.6666666666666666,0.6666666666666666,new,rf,18,6,1,90,1907,efc966c-dirty,30.0,2.0
Subject455,60,0.7873015873015874,0.8,0.8,new,rf,18,6,1,90,1907,efc966c-dirty,30.0,2.0
Subject867,60,0.7239886039886039,0.7666666666666667,0.7666666666666667,new,rf,18,6,1,90,1907,efc966c-dirty,30.0,2.0
Subject890,30,0.5407407407407407,0.6,0.6,new,rf,18,6,1,90,1907,efc966c-dirty,30.0,2.0
Subject969,30,0.5688888888888889,0.6333333333333333,0.6333333333333333,new,rf,18,6,1,90,1907,efc966c-dirty,30.0,2.0
Subject354,60,0.9661375661375663,0.9666666666666667,0.9666666666666667,recorded,rf,18,6,1,90,1907,efc966c-dirty,30.0,2.0
Subject571,30,0.8755555555555555,0.9,0.9,recorded,rf,18,6,1,90,1907,efc966c-dirty,30.0,2.0
Subject580,90,0.847014652014652,0.8444444444444446,0.8444444444444444,recorded,rf,18,6,1,90,1907,efc966c-dirty,30.0,2.0
Subject611,60,0.9830687830687831,0.9833333333333333,0.9833333333333333,recorded,rf,18,6,1,90,1907,efc966c-dirty,30.0,2.0
Subject729,60,0.9475132275132275,0.95,0.95,recorded,rf,18,6,1,90,1907,efc966c-dirty,30.0,2.0
Subject819,60,0.8579557479557479,0.8666666666666667,0.8666666666666667,recorded,rf,18,6,1,90,1907,efc966c-dirty,30.0,2.0
Subject139,60,0.88996632996633,0.9,0.9,new,rf,18,6,2,180,3782,efc966c-dirty,30.0,2.0
Subject226,30,0.6333333333333333,0.7,0.7,new,rf,18,6,2,180,3782,efc966c-dirty,30.0,2.0
Subject455,60,0.8857142857142858,0.9,0.9,new,rf,18,6,2,180,3782,efc966c-dirty,30.0,2.0
Subject867,60,0.8541798941798943,0.8666666666666667,0.8666666666666667,new,rf,18,6,2,180,3782,efc966c-dirty,30.0,2.0
Subject890,30,0.7517460317460318,0.7666666666666667,0.7666666666666667,new,rf,18,6,2,180,3782,efc966c-dirty,30.0,2.0
Subject969,30,0.6577777777777778,0.7,0.7,new,rf,18,6,2,180,3782,efc966c-dirty,30.0,2.0
Subject354,60,0.9661375661375663,0.9666666666666667,0.9666666666666667,recorded,rf,18,6,2,180,3782,efc966c-dirty,30.0,2.0
Subject571,30,1.0,1.0,1.0,recorded,rf,18,6,2,180,3782,efc966c-dirty,30.0,2.0
Subject580,90,0.876906426906427,0.8777777777777778,0.8777777777777778,recorded,rf,18,6,2,180,3782,efc966c-dirty,30.0,2.0
Subject611,60,1.0,1.0,1.0,recorded,rf,18,6,2,180,3782,efc966c-dirty,30.0,2.0
Subject729,60,1.0,1.0,1.0,recorded,rf,18,6,2,180,3782,efc966c-dirty,30.0,2.0
Subject819,60,0.9475132275132275,0.95,0.95,recorded,rf,18,6,2,180,3782,efc966c-dirty,30.0,2.0
Subject139,60,0.9311111111111111,0.9333333333333333,0.9333333333333333,new,rf,18,8,1,120,2549,efc966c-dirty,30.0,2.0
Subject226,30,0.6555555555555554,0.7,0.7,new,rf,18,8,1,120,2549,efc966c-dirty,30.0,2.0
Subject455,60,0.8653642653642654,0.8666666666666667,0.8666666666666667,new,rf,18,8,1,120,2549,efc966c-dirty,30.0,2.0
Subject867,60,0.6973737373737373,0.75,0.75,new,rf,18,8,1,120,2549,efc966c-dirty,30.0,2.0
Subject890,30,0.6555555555555554,0.7333333333333333,0.7333333333333333,new,rf,18,8,1,120,2549,efc966c-dirty,30.0,2.0
Subject969,30,0.6474074074074074,0.7,0.7,new,rf,18,8,1,120,2549,efc966c-dirty,30.0,2.0
Subject353,60,0.8407070707070707,0.85,0.85,recorded,rf,18,8,1,120,2549,efc966c-dirty,30.0,2.0
Subject354,60,0.9830687830687831,0.9833333333333333,0.9833333333333333,recorded,rf,18,8,1,120,2549,efc966c-dirty,30.0,2.0
Subject571,30,0.8755555555555555,0.9,0.9,recorded,rf,18,8,1,120,2549,efc966c-dirty,30.0,2.0
Subject580,90,0.8544744144744143,0.8555555555555556,0.8555555555555555,recorded,rf,18,8,1,120,2549,efc966c-dirty,30.0,2.0
Subject611,60,1.0,1.0,1.0,recorded,rf,18,8,1,120,2549,efc966c-dirty,30.0,2.0
Subject729,60,0.9223280423280423,0.9333333333333333,0.9333333333333333,recorded,rf,18,8,1,120,2549,efc966c-dirty,30.0,2.0
Subject731,30,0.8955555555555554,0.9,0.9,recorded,rf,18,8,1,120,2549,efc966c-dirty,30.0,2.0
Subject819,60,0.8734391534391536,0.8833333333333333,0.8833333333333333,recorded,rf,18,8,1,120,2549,efc966c-dirty,30.0,2.0
Subject139,60,0.9475132275132274,0.95,0.95,new,rf,18,8,2,240,5107,efc966c-dirty,30.0,2.0
Subject226,30,0.6603174603174603,0.7,0.7,new,rf,18,8,2,240,5107,efc966c-dirty,30.0,2.0
Subject455,60,0.8941798941798942,0.9166666666666666,0.9166666666666666,new,rf,18,8,2,240,5107,efc966c-dirty,30.0,2.0
Subject867,60,0.7652910052910052,0.8,0.8,new,rf,18,8,2,240,5107,efc966c-dirty,30.0,2.0
Subject890,30,0.7822222222222223,0.8333333333333334,0.8333333333333334,new,rf,18,8,2,240,5107,efc966c-dirty,30.0,2.0
Subject969,30,0.6577777777777778,0.7,0.7,new,rf,18,8,2,240,5107,efc966c-dirty,30.0,2.0
Subject353,60,0.9333333333333332,0.9333333333333333,0.9333333333333333,recorded,rf,18,8,2,240,5107,efc966c-dirty,30.0,2.0
Subject354,60,0.9830687830687831,0.9833333333333333,0.9833333333333333,recorded,rf,18,8,2,240,5107,efc966c-dirty,30.0,2.0
Subject571,30,0.9111111111111111,0.9333333333333333,0.9333333333333333,recorded,rf,18,8,2,240,5107,efc966c-dirty,30.0,2.0
Subject580,90,0.8876057276057276,0.888888888888889,0.8888888888888888,recorded,rf,18,8,2,240,5107,efc966c-dirty,30.0,2.0
Subject611,60,1.0,1.0,1.0,recorded,rf,18,8,2,240,5107,efc966c-dirty,30.0,2.0
Subject729,60,1.0,1.0,1.0,recorded,rf,18,8,2,240,5107,efc966c-dirty,30.0,2.0
Subject731,30,1.0,1.0,1.0,recorded,rf,18,8,2,240,5107,efc966c-dirty,30.0,2.0
Subject819,60,0.9475132275132275,0.95,0.95,recorded,rf,18,8,2,240,5107,efc966c-dirty,30.0,2.0
Subject139,60,0.9305820105820107,0.9333333333333333,0.9333333333333333,new,rf,18,12,1,180,3551,efc966c-dirty,30.0,2.0
Subject226,30,0.8177777777777778,0.8666666666666667,0.8666666666666667,new,rf,18,12,1,180,3551,efc966c-dirty,30.0,2.0
Subject455,60,0.9164021164021163,0.9166666666666666,0.9166666666666666,new,rf,18,12,1,180,3551,efc966c-dirty,30.0,2.0
Subject867,60,0.7386243386243386,0.7833333333333333,0.7833333333333333,new,rf,18,12,1,180,3551,efc966c-dirty,30.0,2.0
Subject890,30,0.8333333333333334,0.8666666666666667,0.8666666666666667,new,rf,18,12,1,180,3551,efc966c-dirty,30.0,2.0
Subject969,30,0.7051851851851851,0.7333333333333333,0.7333333333333333,new,rf,18,12,1,180,3551,efc966c-dirty,30.0,2.0
Subject147,31,0.9311111111111111,0.9333333333333333,0.9354838709677419,recorded,rf,18,12,1,180,3551,efc966c-dirty,30.0,2.0
Subject353,60,0.8607215007215008,0.8666666666666667,0.8666666666666667,recorded,rf,18,12,1,180,3551,efc966c-dirty,30.0,2.0
Subject354,60,0.9830687830687831,0.9833333333333333,0.9833333333333333,recorded,rf,18,12,1,180,3551,efc966c-dirty,30.0,2.0
Subject376,60,0.8156613756613758,0.8333333333333334,0.8333333333333334,recorded,rf,18,12,1,180,3551,efc966c-dirty,30.0,2.0
Subject516,30,0.8755555555555555,0.9,0.9,recorded,rf,18,12,1,180,3551,efc966c-dirty,30.0,2.0
Subject571,30,0.9288888888888889,0.9333333333333333,0.9333333333333333,recorded,rf,18,12,1,180,3551,efc966c-dirty,30.0,2.0
Subject580,90,0.9421445221445222,0.9444444444444445,0.9444444444444444,recorded,rf,18,12,1,180,3551,efc966c-dirty,30.0,2.0
Subject611,60,1.0,1.0,1.0,recorded,rf,18,12,1,180,3551,efc966c-dirty,30.0,2.0
Subject729,60,0.9392592592592593,0.95,0.95,recorded,rf,18,12,1,180,3551,efc966c-dirty,30.0,2.0
Subject731,30,0.9644444444444444,0.9666666666666667,0.9666666666666667,recorded,rf,18,12,1,180,3551,efc966c-dirty,30.0,2.0
Subject741,60,0.8617604617604618,0.8833333333333333,0.8833333333333333,recorded,rf,18,12,1,180,3551,efc966c-dirty,30.0,2.0
Subject819,60,0.7937514337514338,0.8166666666666667,0.8166666666666667,recorded,rf,18,12,1,180,3551,efc966c-dirty,30.0,2.0
Subject139,60,0.9305820105820107,0.9333333333333333,0.9333333333333333,new,rf,18,12,2,360,7093,efc966c-dirty,30.0,2.0
Subject226,30,0.6999999999999998,0.7666666666666667,0.7666666666666667,new,rf,18,12,2,360,7093,efc966c-dirty,30.0,2.0
Subject455,60,0.9500721500721501,0.95,0.95,new,rf,18,12,2,360,7093,efc966c-dirty,30.0,2.0
Subject867,60,0.8748869648869649,0.8833333333333333,0.8833333333333333,new,rf,18,12,2,360,7093,efc966c-dirty,30.0,2.0
Subject890,30,0.9333333333333332,0.9333333333333333,0.9333333333333333,new,rf,18,12,2,360,7093,efc966c-dirty,30.0,2.0
Subject969,30,0.6933333333333334,0.7333333333333333,0.7333333333333333,new,rf,18,12,2,360,7093,efc966c-dirty,30.0,2.0
Subject147,31,0.9644444444444444,0.9666666666666667,0.967741935483871,recorded,rf,18,12,2,360,7093,efc966c-dirty,30.0,2.0
Subject353,60,0.8751515151515151,0.8833333333333333,0.8833333333333333,recorded,rf,18,12,2,360,7093,efc966c-dirty,30.0,2.0
Subject354,60,0.9644444444444444,0.9666666666666667,0.9666666666666667,recorded,rf,18,12,2,360,7093,efc966c-dirty,30.0,2.0
Subject376,60,0.8803174603174603,0.8833333333333333,0.8833333333333333,recorded,rf,18,12,2,360,7093,efc966c-dirty,30.0,2.0
Subject516,30,1.0,1.0,1.0,recorded,rf,18,12,2,360,7093,efc966c-dirty,30.0,2.0
Subject571,30,1.0,1.0,1.0,recorded,rf,18,12,2,360,7093,efc966c-dirty,30.0,2.0
Subject580,90,0.908953268953269,0.9111111111111111,0.9111111111111111,recorded,rf,18,12,2,360,7093,efc966c-dirty,30.0,2.0
Subject611,60,0.9830687830687831,0.9833333333333333,0.9833333333333333,recorded,rf,18,12,2,360,7093,efc966c-dirty,30.0,2.0
Subject729,60,1.0,1.0,1.0,recorded,rf,18,12,2,360,7093,efc966c-dirty,30.0,2.0
Subject731,30,1.0,1.0,1.0,recorded,rf,18,12,2,360,7093,efc966c-dirty,30.0,2.0
Subject741,60,0.9492063492063492,0.95,0.95,recorded,rf,18,12,2,360,7093,efc966c-dirty,30.0,2.0
Subject819,60,0.9475132275132275,0.95,0.95,recorded,rf,18,12,2,360,7093,efc966c-dirty,30.0,2.0
Subject139,60,0.9119576719576721,0.9166666666666666,0.9166666666666666,new,rf,18,16,1,240,4703,efc966c-dirty,30.0,2.0
Subject226,30,0.7888888888888889,0.8333333333333334,0.8333333333333334,new,rf,18,16,1,240,4703,efc966c-dirty,30.0,2.0
Subject455,60,0.8812890812890812,0.9,0.9,new,rf,18,16,1,240,4703,efc966c-dirty,30.0,2.0
Subject867,60,0.72,0.7666666666666667,0.7666666666666667,new,rf,18,16,1,240,4703,efc966c-dirty,30.0,2.0
Subject890,30,0.8333333333333334,0.8666666666666667,0.8666666666666667,new,rf,18,16,1,240,4703,efc966c-dirty,30.0,2.0
Subject969,30,0.7051851851851851,0.7333333333333333,0.7333333333333333,new,rf,18,16,1,240,4703,efc966c-dirty,30.0,2.0
Subject147,31,0.9311111111111111,0.9333333333333333,0.9354838709677419,recorded,rf,18,16,1,240,4703,efc966c-dirty,30.0,2.0
Subject353,60,0.8437902837902838,0.85,0.85,recorded,rf,18,16,1,240,4703,efc966c-dirty,30.0,2.0
Subject354,60,1.0,1.0,1.0,recorded,rf,18,16,1,240,4703,efc966c-dirty,30.0,2.0
Subject376,60,0.8512169312169313,0.8666666666666667,0.8666666666666667,recorded,rf,18,16,1,240,4703,efc966c-dirty,30.0,2.0
Subject424,60,0.8981684981684982,0.9166666666666666,0.9166666666666666,recorded,rf,18,16,1,240,4703,efc966c-dirty,30.0,2.0
Subject494,60,0.9223280423280423,0.9333333333333333,0.9333333333333333,recorded,rf,18,16,1,240,4703,efc966c-dirty,30.0,2.0
Subject516,30,0.8755555555555555,0.9,0.9,recorded,rf,18,16,1,240,4703,efc966c-dirty,30.0,2.0
Subject561,60,0.9082202982202983,0.9166666666666666,0.9166666666666666,recorded,rf,18,16,1,240,4703,efc966c-dirty,30.0,2.0
Subject571,30,0.9288888888888889,0.9333333333333333,0.9333333333333333,recorded,rf,18,16,1,240,4703,efc966c-dirty,30.0,2.0
Subject580,90,0.9081643846349727,0.9111111111111111,0.9111111111111111,recorded,rf,18,16,1,240,4703,efc966c-dirty,30.0,2.0
Subject611,60,1.0,1.0,1.0,recorded,rf,18,16,1,240,4703,efc966c-dirty,30.0,2.0
Subject729,60,0.9418181818181818,0.95,0.95,recorded,rf,18,16,1,240,4703,efc966c-dirty,30.0,2.0
Subject731,30,0.9333333333333332,0.9333333333333333,0.9333333333333333,recorded,rf,18,16,1,240,4703,efc966c-dirty,30.0,2.0
Subject741,60,0.8903896103896103,0.9,0.9,recorded,rf,18,16,1,240,4703,efc966c-dirty,30.0,2.0
Subject819,60,0.7630443630443631,0.8,0.8,recorded,rf,18,16,1,240,4703,efc966c-dirty,30.0,2.0
Subject877,60,1.0,1.0,1.0,recorded,rf,18,16,1,240,4703,efc966c-dirty,30.0,2.0
Subject139,60,0.9125925925925925,0.9166666666666666,0.9166666666666666,new,rf,18,16,2,480,9388,efc966c-dirty,30.0,2.0
Subject226,30,0.8444444444444444,0.8666666666666667,0.8666666666666667,new,rf,18,16,2,480,9388,efc966c-dirty,30.0,2.0
Subject455,60,0.9418181818181818,0.95,0.95,new,rf,18,16,2,480,9388,efc966c-dirty,30.0,2.0
Subject867,60,0.8632996632996632,0.8833333333333333,0.8833333333333333,new,rf,18,16,2,480,9388,efc966c-dirty,30.0,2.0
Subject890,30,0.8333333333333334,0.8666666666666667,0.8666666666666667,new,rf,18,16,2,480,9388,efc966c-dirty,30.0,2.0
Subject969,30,0.6933333333333334,0.7333333333333333,0.7333333333333333,new,rf,18,16,2,480,9388,efc966c-dirty,30.0,2.0
Subject147,31,1.0,1.0,1.0,recorded,rf,18,16,2,480,9388,efc966c-dirty,30.0,2.0
Subject353,60,0.8539549339549339,0.8666666666666667,0.8666666666666667,recorded,rf,18,16,2,480,9388,efc966c-dirty,30.0,2.0
Subject354,60,0.9830687830687831,0.9833333333333333,0.9833333333333333,recorded,rf,18,16,2,480,9388,efc966c-dirty,30.0,2.0
Subject376,60,0.9494708994708995,0.95,0.95,recorded,rf,18,16,2,480,9388,efc966c-dirty,30.0,2.0
Subject424,60,0.8981684981684982,0.9166666666666666,0.9166666666666666,recorded,rf,18,16,2,480,9388,efc966c-dirty,30.0,2.0
Subject494,60,0.9248869648869648,0.9333333333333333,0.9333333333333333,recorded,rf,18,16,2,480,9388,efc966c-dirty,30.0,2.0
Subject516,30,0.9644444444444444,0.9666666666666667,0.9666666666666667,recorded,rf,18,16,2,480,9388,efc966c-dirty,30.0,2.0
Subject561,60,0.9830687830687831,0.9833333333333333,0.9833333333333333,recorded,rf,18,16,2,480,9388,efc966c-dirty,30.0,2.0
Subject571,30,1.0,1.0,1.0,recorded,rf,18,16,2,480,9388,efc966c-dirty,30.0,2.0
Subject580,90,0.9227386992092873,0.9222222222222222,0.9222222222222223,recorded,rf,18,16,2,480,9388,efc966c-dirty,30.0,2.0
Subject611,60,0.9830687830687831,0.9833333333333333,0.9833333333333333,recorded,rf,18,16,2,480,9388,efc966c-dirty,30.0,2.0
Subject729,60,1.0,1.0,1.0,recorded,rf,18,16,2,480,9388,efc966c-dirty,30.0,2.0
Subject731,30,1.0,1.0,1.0,recorded,rf,18,16,2,480,9388,efc966c-dirty,30.0,2.0
Subject741,60,0.9322751322751323,0.9333333333333333,0.9333333333333333,recorded,rf,18,16,2,480,9388,efc966c-dirty,30.0,2.0
Subject819,60,0.9475132275132275,0.95,0.95,recorded,rf,18,16,2,480,9388,efc966c-dirty,30.0,2.0
Subject877,60,1.0,1.0,1.0,recorded,rf,18,16,2,480,9388,efc966c-dirty,30.0,2.0
Subject139,60,0.9305820105820107,0.9333333333333333,0.9333333333333333,new,rf,18,17,1,255,5141,efc966c-dirty,30.0,2.0
Subject226,30,0.7888888888888889,0.8333333333333334,0.8333333333333334,new,rf,18,17,1,255,5141,efc966c-dirty,30.0,2.0
Subject455,60,0.8685906685906686,0.8833333333333333,0.8833333333333333,new,rf,18,17,1,255,5141,efc966c-dirty,30.0,2.0
Subject867,60,0.72,0.7666666666666667,0.7666666666666667,new,rf,18,17,1,255,5141,efc966c-dirty,30.0,2.0
Subject890,30,0.8333333333333334,0.8666666666666667,0.8666666666666667,new,rf,18,17,1,255,5141,efc966c-dirty,30.0,2.0
Subject969,30,0.7051851851851851,0.7333333333333333,0.7333333333333333,new,rf,18,17,1,255,5141,efc966c-dirty,30.0,2.0
Subject147,31,0.9311111111111111,0.9333333333333333,0.9354838709677419,recorded,rf,18,17,1,255,5141,efc966c-dirty,30.0,2.0
Subject352,30,0.9111111111111111,0.9333333333333333,0.9333333333333333,recorded,rf,18,17,1,255,5141,efc966c-dirty,30.0,2.0
Subject353,60,0.8749591149591149,0.8833333333333333,0.8833333333333333,recorded,rf,18,17,1,255,5141,efc966c-dirty,30.0,2.0
Subject354,60,1.0,1.0,1.0,recorded,rf,18,17,1,255,5141,efc966c-dirty,30.0,2.0
Subject376,60,0.818835978835979,0.8333333333333334,0.8333333333333334,recorded,rf,18,17,1,255,5141,efc966c-dirty,30.0,2.0
Subject424,60,0.8981684981684982,0.9166666666666666,0.9166666666666666,recorded,rf,18,17,1,255,5141,efc966c-dirty,30.0,2.0
Subject494,60,0.9223280423280423,0.9333333333333333,0.9333333333333333,recorded,rf,18,17,1,255,5141,efc966c-dirty,30.0,2.0
Subject516,30,0.9644444444444444,0.9666666666666667,0.9666666666666667,recorded,rf,18,17,1,255,5141,efc966c-dirty,30.0,2.0
Subject561,60,0.9082202982202983,0.9166666666666666,0.9166666666666666,recorded,rf,18,17,1,255,5141,efc966c-dirty,30.0,2.0
Subject571,30,0.8755555555555555,0.9,0.9,recorded,rf,18,17,1,255,5141,efc966c-dirty,30.0,2.0
Subject580,90,0.9134923899629782,0.9111111111111111,0.9111111111111111,recorded,rf,18,17,1,255,5141,efc966c-dirty,30.0,2.0
Subject611,60,1.0,1.0,1.0,recorded,rf,18,17,1,255,5141,efc966c-dirty,30.0,2.0
Subject729,60,0.9830687830687831,0.9833333333333333,0.9833333333333333,recorded,rf,18,17,1,255,5141,efc966c-dirty,30.0,2.0
Subject731,30,0.9644444444444444,0.9666666666666667,0.9666666666666667,recorded,rf,18,17,1,255,5141,efc966c-dirty,30.0,2.0
Subject741,60,0.911957671957672,0.9166666666666666,0.9166666666666666,recorded,rf,18,17,1,255,5141,efc966c-dirty,30.0,2.0
Subject819,60,0.8082202982202982,0.8333333333333334,0.8333333333333334,recorded,rf,18,17,1,255,5141,efc966c-dirty,30.0,2.0
Subject877,60,0.9644444444444444,0.9666666666666667,0.9666666666666667,recorded,rf,18,17,1,255,5141,efc966c-dirty,30.0,2.0
Subject139,60,0.9274074074074073,0.9333333333333333,0.9333333333333333,new,rf,18,17,2,510,10254,efc966c-dirty,30.0,2.0
Subject226,30,0.8444444444444444,0.8666666666666667,0.8666666666666667,new,rf,18,17,2,510,10254,efc966c-dirty,30.0,2.0
Subject455,60,0.9418181818181818,0.95,0.95,new,rf,18,17,2,510,10254,efc966c-dirty,30.0,2.0
Subject867,60,0.8632996632996632,0.8833333333333333,0.8833333333333333,new,rf,18,17,2,510,10254,efc966c-dirty,30.0,2.0
Subject890,30,0.8825396825396825,0.9,0.9,new,rf,18,17,2,510,10254,efc966c-dirty,30.0,2.0
Subject969,30,0.6933333333333334,0.7333333333333333,0.7333333333333333,new,rf,18,17,2,510,10254,efc966c-dirty,30.0,2.0
Subject147,31,0.9644444444444444,0.9666666666666667,0.967741935483871,recorded,rf,18,17,2,510,10254,efc966c-dirty,30.0,2.0
Subject352,30,0.9644444444444444,0.9666666666666667,0.9666666666666667,recorded,rf,18,17,2,510,10254,efc966c-dirty,30.0,2.0
Subject353,60,0.8751515151515151,0.8833333333333333,0.8833333333333333,recorded,rf,18,17,2,510,10254,efc966c-dirty,30.0,2.0
Subject354,60,0.9661375661375662,0.9666666666666667,0.9666666666666667,recorded,rf,18,17,2,510,10254,efc966c-dirty,30.0,2.0
Subject376,60,0.9160317460317461,0.9166666666666666,0.9166666666666666,recorded,rf,18,17,2,510,10254,efc966c-dirty,30.0,2.0
Subject424,60,0.8825396825396825,0.9,0.9,recorded,rf,18,17,2,510,10254,efc966c-dirty,30.0,2.0
Subject494,60,0.9392592592592592,0.95,0.95,recorded,rf,18,17,2,510,10254,efc966c-dirty,30.0,2.0
Subject516,30,0.9644444444444444,0.9666666666666667,0.9666666666666667,recorded,rf,18,17,2,510,10254,efc966c-dirty,30.0,2.0
Subject561,60,0.9830687830687831,0.9833333333333333,0.9833333333333333,recorded,rf,18,17,2,510,10254,efc966c-dirty,30.0,2.0
Subject571,30,1.0,1.0,1.0,recorded,rf,18,17,2,510,10254,efc966c-dirty,30.0,2.0
Subject580,90,0.9327505827505828,0.9333333333333333,0.9333333333333333,recorded,rf,18,17,2,510,10254,efc966c-dirty,30.0,2.0
Subject611,60,0.9830687830687831,0.9833333333333333,0.9833333333333333,recorded,rf,18,17,2,510,10254,efc966c-dirty,30.0,2.0
Subject729,60,1.0,1.0,1.0,recorded,rf,18,17,2,510,10254,efc966c-dirty,30.0,2.0
Subject731,30,1.0,1.0,1.0,recorded,rf,18,17,2,510,10254,efc966c-dirty,30.0,2.0
Subject741,60,0.9089947089947089,0.9166666666666666,0.9166666666666666,recorded,rf,18,17,2,510,10254,efc966c-dirty,30.0,2.0
Subject819,60,0.924886964886965,0.9333333333333333,0.9333333333333333,recorded,rf,18,17,2,510,10254,efc966c-dirty,30.0,2.0
Subject877,60,0.9830687830687831,0.9833333333333333,0.9833333333333333,recorded,rf,18,17,2,510,10254,efc966c-dirty,30.0,2.0
Subject147,31,0.7377777777777778,0.7666666666666667,0.7741935483870968,new,rf,19,2,1,30,570,efc966c-dirty,30.0,2.0
Subject354,60,0.6734006734006733,0.7333333333333333,0.7333333333333333,new,rf,19,2,1,30,570,efc966c-dirty,30.0,2.0
Subject494,60,0.3794901394901395,0.48333333333333334,0.48333333333333334,new,rf,19,2,1,30,570,efc966c-dirty,30.0,2.0
Subject729,60,0.7172353572353573,0.7666666666666667,0.7666666666666667,new,rf,19,2,1,30,570,efc966c-dirty,30.0,2.0
Subject731,30,0.6096296296296297,0.6666666666666666,0.6666666666666666,new,rf,19,2,1,30,570,efc966c-dirty,30.0,2.0
Subject890,30,0.6447619047619048,0.7,0.7,new,rf,19,2,1,30,570,efc966c-dirty,30.0,2.0
Subject561,60,0.9492063492063492,0.95,0.95,recorded,rf,19,2,1,30,570,efc966c-dirty,30.0,2.0
Subject741,60,0.789100529100529,0.8166666666666667,0.8166666666666667,recorded,rf,19,2,1,30,570,efc966c-dirty,30.0,2.0
Subject147,31,0.8133333333333334,0.8333333333333334,0.8387096774193549,new,rf,19,2,2,60,1145,efc966c-dirty,30.0,2.0
Subject354,60,0.7284271284271284,0.7666666666666667,0.7666666666666667,new,rf,19,2,2,60,1145,efc966c-dirty,30.0,2.0
Subject494,60,0.394074074074074,0.45,0.45,new,rf,19,2,2,60,1145,efc966c-dirty,30.0,2.0
Subject729,60,0.6577922077922078,0.7166666666666667,0.7166666666666667,new,rf,19,2,2,60,1145,efc966c-dirty,30.0,2.0
Subject731,30,0.674074074074074,0.7333333333333333,0.7333333333333333,new,rf,19,2,2,60,1145,efc966c-dirty,30.0,2.0
Subject890,30,0.5844444444444444,0.6666666666666666,0.6666666666666666,new,rf,19,2,2,60,1145,efc966c-dirty,30.0,2.0
Subject561,60,0.9830687830687831,0.9833333333333333,0.9833333333333333,recorded,rf,19,2,2,60,1145,efc966c-dirty,30.0,2.0
Subject741,60,0.806031746031746,0.8333333333333334,0.8333333333333334,recorded,rf,19,2,2,60,1145,efc966c-dirty,30.0,2.0
Subject147,31,0.7244444444444444,0.7444444444444444,0.7419354838709677,new,rf,19,4,1,60,1326,efc966c-dirty,30.0,2.0
Subject354,60,0.6771043771043771,0.7333333333333333,0.7333333333333333,new,rf,19,4,1,60,1326,efc966c-dirty,30.0,2.0
Subject494,60,0.4477527151211362,0.5,0.5,new,rf,19,4,1,60,1326,efc966c-dirty,30.0,2.0
Subject729,60,0.8370370370370371,0.85,0.85,new,rf,19,4,1,60,1326,efc966c-dirty,30.0,2.0
Subject731,30,0.7803174603174604,0.8,0.8,new,rf,19,4,1,60,1326,efc966c-dirty,30.0,2.0
Subject890,30,0.7580952380952382,0.8,0.8,new,rf,19,4,1,60,1326,efc966c-dirty,30.0,2.0
Subject139,60,0.8941798941798942,0.9166666666666666,0.9166666666666666,recorded,rf,19,4,1,60,1326,efc966c-dirty,30.0,2.0
Subject561,60,0.9676190476190477,0.9666666666666667,0.9666666666666667,recorded,rf,19,4,1,60,1326,efc966c-dirty,30.0,2.0
Subject571,30,0.711111111111111,0.7666666666666667,0.7666666666666667,recorded,rf,19,4,1,60,1326,efc966c-dirty,30.0,2.0
Subject741,60,0.8014814814814815,0.8166666666666667,0.8166666666666667,recorded,rf,19,4,1,60,1326,efc966c-dirty,30.0,2.0
Subject147,31,0.7644444444444446,0.8111111111111111,0.8064516129032258,new,rf,19,4,2,120,2609,efc966c-dirty,30.0,2.0
Subject354,60,0.6167003367003366,0.6833333333333333,0.6833333333333333,new,rf,19,4,2,120,2609,efc966c-dirty,30.0,2.0
Subject494,60,0.4738431938431939,0.5333333333333333,0.5333333333333333,new,rf,19,4,2,120,2609,efc966c-dirty,30.0,2.0
Subject729,60,0.8755555555555555,0.9,0.9,new,rf,19,4,2,120,2609,efc966c-dirty,30.0,2.0
Subject731,30,0.8088888888888889,0.8333333333333334,0.8333333333333334,new,rf,19,4,2,120,2609,efc966c-dirty,30.0,2.0
Subject890,30,0.8025396825396826,0.8333333333333334,0.8333333333333334,new,rf,19,4,2,120,2609,efc966c-dirty,30.0,2.0
Subject139,60,0.8941798941798942,0.9166666666666666,0.9166666666666666,recorded,rf,19,4,2,120,2609,efc966c-dirty,30.0,2.0
Subject561,60,1.0,1.0,1.0,recorded,rf,19,4,2,120,2609,efc966c-dirty,30.0,2.0
Subject571,30,1.0,1.0,1.0,recorded,rf,19,4,2,120,2609,efc966c-dirty,30.0,2.0
Subject741,60,0.8585569985569985,0.8666666666666667,0.8666666666666667,recorded,rf,19,4,2,120,2609,efc966c-dirty,30.0,2.0
Subject147,31,0.76,0.7777777777777778,0.7741935483870968,new,rf,19,6,1,90,1915,efc966c-dirty,30.0,2.0
Subject354,60,0.8082154882154882,0.8333333333333334,0.8333333333333334,new,rf,19,6,1,90,1915,efc966c-dirty,30.0,2.0
Subject494,60,0.36742664742664743,0.43333333333333335,0.43333333333333335,new,rf,19,6,1,90,1915,efc966c-dirty,30.0,2.0
Subject729,60,0.8364021164021165,0.85,0.85,new,rf,19,6,1,90,1915,efc966c-dirty,30.0,2.0
Subject731,30,0.8825396825396825,0.9,0.9,new,rf,19,6,1,90,1915,efc966c-dirty,30.0,2.0
Subject890,30,0.7177777777777777,0.7666666666666667,0.7666666666666667,new,rf,19,6,1,90,1915,efc966c-dirty,30.0,2.0
Subject139,60,0.8737037037037036,0.9,0.9,recorded,rf,19,6,1,90,1915,efc966c-dirty,30.0,2.0
Subject353,60,0.8408994708994708,0.85,0.85,recorded,rf,19,6,1,90,1915,efc966c-dirty,30.0,2.0
Subject561,60,0.9830687830687831,0.9833333333333333,0.9833333333333333,recorded,rf,19,6,1,90,1915,efc966c-dirty,30.0,2.0
Subject571,30,0.9111111111111111,0.9333333333333333,0.9333333333333333,recorded,rf,19,6,1,90,1915,efc966c-dirty,30.0,2.0
Subject741,60,0.7680615680615681,0.8,0.8,recorded,rf,19,6,1,90,1915,efc966c-dirty,30.0,2.0
Subject867,60,0.8781144781144781,0.8833333333333333,0.8833333333333333,recorded,rf,19,6,1,90,1915,efc966c-dirty,30.0,2.0
Subject147,31,0.8844444444444445,0.9111111111111111,0.9032258064516129,new,rf,19,6,2,180,3788,efc966c-dirty,30.0,2.0
Subject354,60,0.8082154882154882,0.8333333333333334,0.8333333333333334,new,rf,19,6,2,180,3788,efc966c-dirty,30.0,2.0
Subject494,60,0.3299145299145299,0.4166666666666667,0.4166666666666667,new,rf,19,6,2,180,3788,efc966c-dirty,30.0,2.0
Subject729,60,0.9089947089947091,0.9166666666666666,0.9166666666666666,new,rf,19,6,2,180,3788,efc966c-dirty,30.0,2.0
Subject731,30,0.8469841269841271,0.8666666666666667,0.8666666666666667,new,rf,19,6,2,180,3788,efc966c-dirty,30.0,2.0
Subject890,30,0.8422222222222222,0.8666666666666667,0.8666666666666667,new,rf,19,6,2,180,3788,efc966c-dirty,30.0,2.0
Subject139,60,0.8941798941798942,0.9166666666666666,0.9166666666666666,recorded,rf,19,6,2,180,3788,efc966c-dirty,30.0,2.0
Subject353,60,0.8567917267917267,0.8666666666666667,0.8666666666666667,recorded,rf,19,6,2,180,3788,efc966c-dirty,30.0,2.0
Subject561,60,1.0,1.0,1.0,recorded,rf,19,6,2,180,3788,efc966c-dirty,30.0,2.0
Subject571,30,1.0,1.0,1.0,recorded,rf,19,6,2,180,3788,efc966c-dirty,30.0,2.0
Subject741,60,0.8734391534391535,0.8833333333333333,0.8833333333333333,recorded,rf,19,6,2,180,3788,efc966c-dirty,30.0,2.0
Subject867,60,0.8800000000000001,0.9,0.9,recorded,rf,19,6,2,180,3788,efc966c-dirty,30.0,2.0
Subject147,31,0.8444444444444444,0.8666666666666667,0.8709677419354839,new,rf,19,8,1,120,2453,efc966c-dirty,30.0,2.0
Subject354,60,0.9320634920634921,0.9333333333333333,0.9333333333333333,new,rf,19,8,1,120,2453,efc966c-dirty,30.0,2.0
Subject494,60,0.3737758537758538,0.43333333333333335,0.43333333333333335,new,rf,19,8,1,120,2453,efc966c-dirty,30.0,2.0
Subject729,60,0.8723809523809525,0.8833333333333333,0.8833333333333333,new,rf,19,8,1,120,2453,efc966c-dirty,30.0,2.0
Subject731,30,0.8200000000000001,0.8333333333333334,0.8333333333333334,new,rf,19,8,1,120,2453,efc966c-dirty,30.0,2.0
Subject890,30,0.7622222222222222,0.8,0.8,new,rf,19,8,1,120,2453,efc966c-dirty,30.0,2.0
Subject139,60,0.9661375661375663,0.9666666666666667,0.9666666666666667,recorded,rf,19,8,1,120,2453,efc966c-dirty,30.0,2.0
Subject353,60,0.8264021164021165,0.8333333333333334,0.8333333333333334,recorded,rf,19,8,1,120,2453,efc966c-dirty,30.0,2.0
Subject376,60,0.895045695045695,0.9,0.9,recorded,rf,19,8,1,120,2453,efc966c-dirty,30.0,2.0
Subject561,60,0.9830687830687831,0.9833333333333333,0.9833333333333333,recorded,rf,19,8,1,120,2453,efc966c-dirty,30.0,2.0
Subject571,30,0.9288888888888889,0.9333333333333333,0.9333333333333333,recorded,rf,19,8,1,120,2453,efc966c-dirty,30.0,2.0
Subject741,60,0.8169504569504569,0.8333333333333334,0.8333333333333334,recorded,rf,19,8,1,120,2453,efc966c-dirty,30.0,2.0
Subject867,60,0.8463684463684463,0.8666666666666667,0.8666666666666667,recorded,rf,19,8,1,120,2453,efc966c-dirty,30.0,2.0
Subject877,60,0.9830687830687831,0.9833333333333333,0.9833333333333333,recorded,rf,19,8,1,120,2453,efc966c-dirty,30.0,2.0
Subject147,31,0.8533333333333334,0.8777777777777778,0.8709677419354839,new,rf,19,8,2,240,4881,efc966c-dirty,30.0,2.0
Subject354,60,0.8444444444444446,0.8666666666666667,0.8666666666666667,new,rf,19,8,2,240,4881,efc966c-dirty,30.0,2.0
Subject494,60,0.4317709305944601,0.5,0.5,new,rf,19,8,2,240,4881,efc966c-dirty,30.0,2.0
Subject729,60,0.9475132275132275,0.95,0.95,new,rf,19,8,2,240,4881,efc966c-dirty,30.0,2.0
Subject731,30,0.8133333333333334,0.8333333333333334,0.8333333333333334,new,rf,19,8,2,240,4881,efc966c-dirty,30.0,2.0
Subject890,30,0.8755555555555555,0.9,0.9,new,rf,19,8,2,240,4881,efc966c-dirty,30.0,2.0
Subject139,60,0.9830687830687831,0.9833333333333333,0.9833333333333333,recorded,rf,19,8,2,240,4881,efc966c-dirty,30.0,2.0
Subject353,60,0.8641798941798942,0.8666666666666667,0.8666666666666667,recorded,rf,19,8,2,240,4881,efc966c-dirty,30.0,2.0
Subject376,60,0.9189033189033188,0.9166666666666666,0.9166666666666666,recorded,rf,19,8,2,240,4881,efc966c-dirty,30.0,2.0
Subject561,60,1.0,1.0,1.0,recorded,rf,19,8,2,240,4881,efc966c-dirty,30.0,2.0
Subject571,30,1.0,1.0,1.0,recorded,rf,19,8,2,240,4881,efc966c-dirty,30.0,2.0
Subject741,60,0.8734391534391535,0.8833333333333333,0.8833333333333333,recorded,rf,19,8,2,240,4881,efc966c-dirty,30.0,2.0
Subject867,60,0.8956228956228957,0.9166666666666666,0.9166666666666666,recorded,rf,19,8,2,240,4881,efc966c-dirty,30.0,2.0
Subject877,60,0.9830687830687831,0.9833333333333333,0.9833333333333333,recorded,rf,19,8,2,240,4881,efc966c-dirty,30.0,2.0
Subject147,31,0.8800000000000001,0.9,0.9032258064516129,new,rf,19,12,1,180,3541,efc966c-dirty,30.0,2.0
Subject354,60,0.9664021164021165,0.9666666666666667,0.9666666666666667,new,rf,19,12,1,180,3541,efc966c-dirty,30.0,2.0
Subject494,60,0.43806156806156804,0.5166666666666667,0.5166666666666667,new,rf,19,12,1,180,3541,efc966c-dirty,30.0,2.0
Subject729,60,0.9147089947089948,0.9166666666666666,0.9166666666666666,new,rf,19,12,1,180,3541,efc966c-dirty,30.0,2.0
Subject731,30,0.8622222222222222,0.8666666666666667,0.8666666666666667,new,rf,19,12,1,180,3541,efc966c-dirty,30.0,2.0
Subject890,30,0.7977777777777778,0.8333333333333334,0.8333333333333334,new,rf,19,12,1,180,3541,efc966c-dirty,30.0,2.0
Subject139,60,0.9830687830687831,0.9833333333333333,0.9833333333333333,recorded,rf,19,12,1,180,3541,efc966c-dirty,30.0,2.0
Subject226,30,0.7533333333333333,0.8,0.8,recorded,rf,19,12,1,180,3541,efc966c-dirty,30.0,2.0
Subject353,60,0.8379028379028379,0.85,0.85,recorded,rf,19,12,1,180,3541,efc966c-dirty,30.0,2.0
Subject376,60,0.9122222222222222,0.9166666666666666,0.9166666666666666,recorded,rf,19,12,1,180,3541,efc966c-dirty,30.0,2.0
Subject455,60,1.0,1.0,1.0,recorded,rf,19,12,1,180,3541,efc966c-dirty,30.0,2.0
Subject516,30,0.9111111111111111,0.9333333333333333,0.9333333333333333,recorded,rf,19,12,1,180,3541,efc966c-dirty,30.0,2.0
Subject561,60,1.0,1.0,1.0,recorded,rf,19,12,1,180,3541,efc966c-dirty,30.0,2.0
Subject571,30,1.0,1.0,1.0,recorded,rf,19,12,1,180,3541,efc966c-dirty,30.0,2.0
Subject580,90,0.8982484182484182,0.9,0.9,recorded,rf,19,12,1,180,3541,efc966c-dirty,30.0,2.0
Subject741,60,0.9162097162097161,0.9166666666666666,0.9166666666666666,recorded,rf,19,12,1,180,3541,efc966c-dirty,30.0,2.0
Subject867,60,0.8632996632996632,0.8833333333333333,0.8833333333333333,recorded,rf,19,12,1,180,3541,efc966c-dirty,30.0,2.0
Subject877,60,1.0,1.0,1.0,recorded,rf,19,12,1,180,3541,efc966c-dirty,30.0,2.0
Subject147,31,0.8533333333333334,0.8777777777777778,0.8709677419354839,new,rf,19,12,2,360,7035,efc966c-dirty,30.0,2.0
Subject354,60,0.9259259259259258,0.9333333333333333,0.9333333333333333,new,rf,19,12,2,360,7035,efc966c-dirty,30.0,2.0
Subject494,60,0.5333333333333333,0.6166666666666667,0.6166666666666667,new,rf,19,12,2,360,7035,efc966c-dirty,30.0,2.0
Subject729,60,0.9830687830687831,0.9833333333333333,0.9833333333333333,new,rf,19,12,2,360,7035,efc966c-dirty,30.0,2.0
Subject731,30,0.8666666666666668,0.8666666666666667,0.8666666666666667,new,rf,19,12,2,360,7035,efc966c-dirty,30.0,2.0
Subject890,30,0.9111111111111111,0.9333333333333333,0.9333333333333333,new,rf,19,12,2,360,7035,efc966c-dirty,30.0,2.0
Subject139,60,0.9830687830687831,0.9833333333333333,0.9833333333333333,recorded,rf,19,12,2,360,7035,efc966c-dirty,30.0,2.0
Subject226,30,0.9644444444444444,0.9666666666666667,0.9666666666666667,recorded,rf,19,12,2,360,7035,efc966c-dirty,30.0,2.0
Subject353,60,0.8548484848484849,0.8666666666666667,0.8666666666666667,recorded,rf,19,12,2,360,7035,efc966c-dirty,30.0,2.0
Subject376,60,0.9189033189033188,0.9166666666666666,0.9166666666666666,recorded,rf,19,12,2,360,7035,efc966c-dirty,30.0,2.0
Subject455,60,1.0,1.0,1.0,recorded,rf,19,12,2,360,7035,efc966c-dirty,30.0,2.0
Subject516,30,0.9333333333333333,0.9333333333333333,0.9333333333333333,recorded,rf,19,12,2,360,7035,efc966c-dirty,30.0,2.0
Subject561,60,1.0,1.0,1.0,recorded,rf,19,12,2,360,7035,efc966c-dirty,30.0,2.0
Subject571,30,0.9644444444444444,0.9666666666666667,0.9666666666666667,recorded,rf,19,12,2,360,7035,efc966c-dirty,30.0,2.0
Subject580,90,0.9171139971139971,0.9222222222222223,0.9222222222222223,recorded,rf,19,12,2,360,7035,efc966c-dirty,30.0,2.0
Subject741,60,0.8926984126984128,0.9,0.9,recorded,rf,19,12,2,360,7035,efc966c-dirty,30.0,2.0
Subject867,60,0.8632996632996632,0.8833333333333333,0.8833333333333333,recorded,rf,19,12,2,360,7035,efc966c-dirty,30.0,2.0
Subject877,60,1.0,1.0,1.0,recorded,rf,19,12,2,360,7035,efc966c-dirty,30.0,2.0
Subject147,31,0.8444444444444444,0.8666666666666667,0.8709677419354839,new,rf,19,16,1,240,4869,efc966c-dirty,30.0,2.0
Subject354,60,0.9661375661375663,0.9666666666666667,0.9666666666666667,new,rf,19,16,1,240,4869,efc966c-dirty,30.0,2.0
Subject494,60,0.5039153439153439,0.5666666666666667,0.5666666666666667,new,rf,19,16,1,240,4869,efc966c-dirty,30.0,2.0
Subject729,60,0.9308465608465609,0.9333333333333333,0.9333333333333333,new,rf,19,16,1,240,4869,efc966c-dirty,30.0,2.0
Subject731,30,0.8088888888888889,0.8333333333333334,0.8333333333333334,new,rf,19,16,1,240,4869,efc966c-dirty,30.0,2.0
Subject890,30,0.7834920634920636,0.8,0.8,new,rf,19,16,1,240,4869,efc966c-dirty,30.0,2.0
Subject139,60,0.9661375661375662,0.9666666666666667,0.9666666666666667,recorded,rf,19,16,1,240,4869,efc966c-dirty,30.0,2.0
Subject226,30,0.8933333333333333,0.9,0.9,recorded,rf,19,16,1,240,4869,efc966c-dirty,30.0,2.0
Subject353,60,0.8216065416065416,0.8333333333333334,0.8333333333333334,recorded,rf,19,16,1,240,4869,efc966c-dirty,30.0,2.0
Subject376,60,0.9156084656084656,0.9166666666666666,0.9166666666666666,recorded,rf,19,16,1,240,4869,efc966c-dirty,30.0,2.0
Subject424,60,0.8452910052910053,0.8666666666666667,0.8666666666666667,recorded,rf,19,16,1,240,4869,efc966c-dirty,30.0,2.0
Subject455,60,1.0,1.0,1.0,recorded,rf,19,16,1,240,4869,efc966c-dirty,30.0,2.0
Subject516,30,0.8933333333333333,0.9,0.9,recorded,rf,19,16,1,240,4869,efc966c-dirty,30.0,2.0
Subject561,60,0.9661375661375662,0.9666666666666667,0.9666666666666667,recorded,rf,19,16,1,240,4869,efc966c-dirty,30.0,2.0
Subject571,30,1.0,1.0,1.0,recorded,rf,19,16,1,240,4869,efc966c-dirty,30.0,2.0
Subject580,90,0.8562423633011866,0.8555555555555556,0.8555555555555555,recorded,rf,19,16,1,240,4869,efc966c-dirty,30.0,2.0
Subject611,60,0.9661375661375662,0.9666666666666667,0.9666666666666667,recorded,rf,19,16,1,240,4869,efc966c-dirty,30.0,2.0
Subject741,60,0.9494708994708995,0.95,0.95,recorded,rf,19,16,1,240,4869,efc966c-dirty,30.0,2.0
Subject819,60,0.9062626262626262,0.9166666666666666,0.9166666666666666,recorded,rf,19,16,1,240,4869,efc966c-dirty,30.0,2.0
Subject867,60,0.8463684463684463,0.8666666666666667,0.8666666666666667,recorded,rf,19,16,1,240,4869,efc966c-dirty,30.0,2.0
Subject877,60,1.0,1.0,1.0,recorded,rf,19,16,1,240,4869,efc966c-dirty,30.0,2.0
Subject969,30,0.9644444444444444,0.9666666666666667,0.9666666666666667,recorded,rf,19,16,1,240,4869,efc966c-dirty,30.0,2.0
Subject147,31,0.8444444444444444,0.8666666666666667,0.8709677419354839,new,rf,19,16,2,480,9690,efc966c-dirty,30.0,2.0
Subject354,60,1.0,1.0,1.0,new,rf,19,16,2,480,9690,efc966c-dirty,30.0,2.0
Subject494,60,0.635477582846004,0.7,0.7,new,rf,19,16,2,480,9690,efc966c-dirty,30.0,2.0
Subject729,60,0.9308465608465609,0.9333333333333333,0.9333333333333333,new,rf,19,16,2,480,9690,efc966c-dirty,30.0,2.0
Subject731,30,0.72,0.7666666666666667,0.7666666666666667,new,rf,19,16,2,480,9690,efc966c-dirty,30.0,2.0
Subject890,30,0.9111111111111111,0.9333333333333333,0.9333333333333333,new,rf,19,16,2,480,9690,efc966c-dirty,30.0,2.0
Subject139,60,0.9830687830687831,0.9833333333333333,0.9833333333333333,recorded,rf,19,16,2,480,9690,efc966c-dirty,30.0,2.0
Subject226,30,0.9333333333333332,0.9333333333333333,0.9333333333333333,recorded,rf,19,16,2,480,9690,efc966c-dirty,30.0,2.0
Subject353,60,0.8762626262626262,0.8833333333333333,0.8833333333333333,recorded,rf,19,16,2,480,9690,efc966c-dirty,30.0,2.0
Subject376,60,0.901972101972102,0.9,0.9,recorded,rf,19,16,2,480,9690,efc966c-dirty,30.0,2.0
Subject424,60,0.8952055352055353,0.9,0.9,recorded,rf,19,16,2,480,9690,efc966c-dirty,30.0,2.0
Subject455,60,1.0,1.0,1.0,recorded,rf,19,16,2,480,9690,efc966c-dirty,30.0,2.0
Subject516,30,0.9044444444444444,0.9,0.9,recorded,rf,19,16,2,480,9690,efc966c-dirty,30.0,2.0
Subject561,60,0.9830687830687831,0.9833333333333333,0.9833333333333333,recorded,rf,19,16,2,480,9690,efc966c-dirty,30.0,2.0
Subject571,30,1.0,1.0,1.0,recorded,rf,19,16,2,480,9690,efc966c-dirty,30.0,2.0
Subject580,90,0.9192873792873794,0.9222222222222222,0.9222222222222223,recorded,rf,19,16,2,480,9690,efc966c-dirty,30.0,2.0
Subject611,60,0.9664021164021165,0.9666666666666667,0.9666666666666667,recorded,rf,19,16,2,480,9690,efc966c-dirty,30.0,2.0
Subject741,60,0.9248869648869648,0.9333333333333333,0.9333333333333333,recorded,rf,19,16,2,480,9690,efc966c-dirty,30.0,2.0
Subject819,60,0.9475132275132275,0.95,0.95,recorded,rf,19,16,2,480,9690,efc966c-dirty,30.0,2.0
Subject867,60,0.8800000000000001,0.9,0.9,recorded,rf,19,16,2,480,9690,efc966c-dirty,30.0,2.0
Subject877,60,1.0,1.0,1.0,recorded,rf,19,16,2,480,9690,efc966c-dirty,30.0,2.0
Subject969,30,0.8469841269841271,0.8666666666666667,0.8666666666666667,recorded,rf,19,16,2,480,9690,efc966c-dirty,30.0,2.0
Subject147,31,0.8444444444444444,0.8666666666666667,0.8709677419354839,new,rf,19,17,1,255,5314,efc966c-dirty,30.0,2.0
Subject354,60,0.9830687830687831,0.9833333333333333,0.9833333333333333,new,rf,19,17,1,255,5314,efc966c-dirty,30.0,2.0
Subject494,60,0.5257335257335257,0.5833333333333334,0.5833333333333334,new,rf,19,17,1,255,5314,efc966c-dirty,30.0,2.0
Subject729,60,0.9308465608465609,0.9333333333333333,0.9333333333333333,new,rf,19,17,1,255,5314,efc966c-dirty,30.0,2.0
Subject731,30,0.8111111111111112,0.8333333333333334,0.8333333333333334,new,rf,19,17,1,255,5314,efc966c-dirty,30.0,2.0
Subject890,30,0.7977777777777778,0.8333333333333334,0.8333333333333334,new,rf,19,17,1,255,5314,efc966c-dirty,30.0,2.0
Subject139,60,0.9661375661375662,0.9666666666666667,0.9666666666666667,recorded,rf,19,17,1,255,5314,efc966c-dirty,30.0,2.0
Subject226,30,0.8599999999999999,0.8666666666666667,0.8666666666666667,recorded,rf,19,17,1,255,5314,efc966c-dirty,30.0,2.0
Subject352,30,0.8755555555555555,0.9,0.9,recorded,rf,19,17,1,255,5314,efc966c-dirty,30.0,2.0
Subject353,60,0.8764213564213565,0.8833333333333333,0.8833333333333333,recorded,rf,19,17,1,255,5314,efc966c-dirty,30.0,2.0
Subject376,60,0.9325396825396824,0.9333333333333333,0.9333333333333333,recorded,rf,19,17,1,255,5314,efc966c-dirty,30.0,2.0
Subject424,60,0.8452910052910053,0.8666666666666667,0.8666666666666667,recorded,rf,19,17,1,255,5314,efc966c-dirty,30.0,2.0
Subject455,60,1.0,1.0,1.0,recorded,rf,19,17,1,255,5314,efc966c-dirty,30.0,2.0
Subject516,30,0.9111111111111111,0.9333333333333333,0.9333333333333333,recorded,rf,19,17,1,255,5314,efc966c-dirty,30.0,2.0
Subject561,60,0.9830687830687831,0.9833333333333333,0.9833333333333333,recorded,rf,19,17,1,255,5314,efc966c-dirty,30.0,2.0
Subject571,30,1.0,1.0,1.0,recorded,rf,19,17,1,255,5314,efc966c-dirty,30.0,2.0
Subject580,90,0.8778243978243978,0.8777777777777779,0.8777777777777778,recorded,rf,19,17,1,255,5314,efc966c-dirty,30.0,2.0
Subject611,60,0.9661375661375662,0.9666666666666667,0.9666666666666667,recorded,rf,19,17,1,255,5314,efc966c-dirty,30.0,2.0
Subject741,60,0.9494708994708995,0.95,0.95,recorded,rf,19,17,1,255,5314,efc966c-dirty,30.0,2.0
Subject819,60,0.9288888888888889,0.9333333333333333,0.9333333333333333,recorded,rf,19,17,1,255,5314,efc966c-dirty,30.0,2.0
Subject867,60,0.8275132275132275,0.85,0.85,recorded,rf,19,17,1,255,5314,efc966c-dirty,30.0,2.0
Subject877,60,1.0,1.0,1.0,recorded,rf,19,17,1,255,5314,efc966c-dirty,30.0,2.0
Subject969,30,0.9111111111111111,0.9333333333333333,0.9333333333333333,recorded,rf,19,17,1,255,5314,efc966c-dirty,30.0,2.0
Subject147,31,0.8800000000000001,0.9,0.9032258064516129,new,rf,19,17,2,510,10556,efc966c-dirty,30.0,2.0
Subject354,60,0.9661375661375663,0.9666666666666667,0.9666666666666667,new,rf,19,17,2,510,10556,efc966c-dirty,30.0,2.0
Subject494,60,0.635477582846004,0.7,0.7,new,rf,19,17,2,510,10556,efc966c-dirty,30.0,2.0
Subject729,60,0.9661375661375662,0.9666666666666667,0.9666666666666667,new,rf,19,17,2,510,10556,efc966c-dirty,30.0,2.0
Subject731,30,0.7644444444444445,0.8,0.8,new,rf,19,17,2,510,10556,efc966c-dirty,30.0,2.0
Subject890,30,0.8800000000000001,0.9,0.9,new,rf,19,17,2,510,10556,efc966c-dirty,30.0,2.0
Subject139,60,0.9830687830687831,0.9833333333333333,0.9833333333333333,recorded,rf,19,17,2,510,10556,efc966c-dirty,30.0,2.0
Subject226,30,0.9333333333333332,0.9333333333333333,0.9333333333333333,recorded,rf,19,17,2,510,10556,efc966c-dirty,30.0,2.0
Subject352,30,0.8755555555555555,0.9,0.9,recorded,rf,19,17,2,510,10556,efc966c-dirty,30.0,2.0
Subject353,60,0.8762626262626262,0.8833333333333333,0.8833333333333333,recorded,rf,19,17,2,510,10556,efc966c-dirty,30.0,2.0
Subject376,60,0.901972101972102,0.9,0.9,recorded,rf,19,17,2,510,10556,efc966c-dirty,30.0,2.0
Subject424,60,0.8952055352055353,0.9,0.9,recorded,rf,19,17,2,510,10556,efc966c-dirty,30.0,2.0
Subject455,60,1.0,1.0,1.0,recorded,rf,19,17,2,510,10556,efc966c-dirty,30.0,2.0
Subject516,30,0.9044444444444444,0.9,0.9,recorded,rf,19,17,2,510,10556,efc966c-dirty,30.0,2.0
Subject561,60,1.0,1.0,1.0,recorded,rf,19,17,2,510,10556,efc966c-dirty,30.0,2.0
Subject571,30,1.0,1.0,1.0,recorded,rf,19,17,2,510,10556,efc966c-dirty,30.0,2.0
Subject580,90,0.8997269397269396,0.9,0.9,recorded,rf,19,17,2,510,10556,efc966c-dirty,30.0,2.0
Subject611,60,0.9664021164021165,0.9666666666666667,0.9666666666666667,recorded,rf,19,17,2,510,10556,efc966c-dirty,30.0,2.0
Subject741,60,0.9418181818181818,0.95,0.95,recorded,rf,19,17,2,510,10556,efc966c-dirty,30.0,2.0
Subject819,60,0.9475132275132275,0.95,0.95,recorded,rf,19,17,2,510,10556,efc966c-dirty,30.0,2.0
Subject867,60,0.8800000000000001,0.9,0.9,recorded,rf,19,17,2,510,10556,efc966c-dirty,30.0,2.0
Subject877,60,1.0,1.0,1.0,recorded,rf,19,17,2,510,10556,efc966c-dirty,30.0,2.0
Subject969,30,0.8755555555555555,0.9,0.9,recorded,rf,19,17,2,510,10556,efc966c-dirty,30.0,2.0
Subject354,60,0.6884848484848484,0.7166666666666667,0.7166666666666667,new,rf,20,2,1,30,682,efc966c-dirty,30.0,2.0
Subject516,30,0.6666666666666665,0.7333333333333333,0.7333333333333333,new,rf,20,2,1,30,682,efc966c-dirty,30.0,2.0
Subject561,60,0.5773737373737374,0.6333333333333333,0.6333333333333333,new,rf,20,2,1,30,682,efc966c-dirty,30.0,2.0
Subject571,30,0.7247619047619048,0.7666666666666667,0.7666666666666667,new,rf,20,2,1,30,682,efc966c-dirty,30.0,2.0
Subject580,90,0.7730999501587738,0.788888888888889,0.7888888888888889,new,rf,20,2,1,30,682,efc966c-dirty,30.0,2.0
Subject890,30,0.4311111111111111,0.5333333333333333,0.5333333333333333,new,rf,20,2,1,30,682,efc966c-dirty,30.0,2.0
Subject352,30,0.8044444444444444,0.8333333333333334,0.8333333333333334,recorded,rf,20,2,1,30,682,efc966c-dirty,30.0,2.0
Subject376,60,0.8351515151515152,0.85,0.85,recorded,rf,20,2,1,30,682,efc966c-dirty,30.0,2.0
Subject354,60,0.6373737373737374,0.6833333333333333,0.6833333333333333,new,rf,20,2,2,60,1313,efc966c-dirty,30.0,2.0
Subject516,30,0.7644444444444444,0.8,0.8,new,rf,20,2,2,60,1313,efc966c-dirty,30.0,2.0
Subject561,60,0.6557575757575758,0.7,0.7,new,rf,20,2,2,60,1313,efc966c-dirty,30.0,2.0
Subject571,30,0.8977777777777777,0.9,0.9,new,rf,20,2,2,60,1313,efc966c-dirty,30.0,2.0
Subject580,90,0.7486909386909386,0.7777777777777778,0.7777777777777778,new,rf,20,2,2,60,1313,efc966c-dirty,30.0,2.0
Subject890,30,0.5222222222222223,0.6,0.6,new,rf,20,2,2,60,1313,efc966c-dirty,30.0,2.0
Subject352,30,1.0,1.0,1.0,recorded,rf,20,2,2,60,1313,efc966c-dirty,30.0,2.0
Subject376,60,0.8666666666666667,0.8666666666666667,0.8666666666666667,recorded,rf,20,2,2,60,1313,efc966c-dirty,30.0,2.0
Subject354,60,0.7197173197173198,0.75,0.75,new,rf,20,4,1,60,1399,efc966c-dirty,30.0,2.0
Subject516,30,0.6622222222222223,0.7333333333333333,0.7333333333333333,new,rf,20,4,1,60,1399,efc966c-dirty,30.0,2.0
Subject561,60,0.7327176527176528,0.7666666666666667,0.7666666666666667,new,rf,20,4,1,60,1399,efc966c-dirty,30.0,2.0
Subject571,30,0.8711111111111112,0.9,0.9,new,rf,20,4,1,60,1399,efc966c-dirty,30.0,2.0
Subject580,90,0.7310334110334112,0.7444444444444444,0.7444444444444445,new,rf,20,4,1,60,1399,efc966c-dirty,30.0,2.0
Subject890,30,0.6044444444444445,0.6666666666666666,0.6666666666666666,new,rf,20,4,1,60,1399,efc966c-dirty,30.0,2.0
Subject147,31,0.7488888888888889,0.8,0.8064516129032258,recorded,rf,20,4,1,60,1399,efc966c-dirty,30.0,2.0
Subject352,30,0.8044444444444444,0.8333333333333334,0.8333333333333334,recorded,rf,20,4,1,60,1399,efc966c-dirty,30.0,2.0
Subject376,60,0.7921885521885521,0.8166666666666667,0.8166666666666667,recorded,rf,20,4,1,60,1399,efc966c-dirty,30.0,2.0
Subject969,30,0.8057142857142857,0.8333333333333334,0.8333333333333334,recorded,rf,20,4,1,60,1399,efc966c-dirty,30.0,2.0
Subject354,60,0.7216605616605617,0.75,0.75,new,rf,20,4,2,120,2795,efc966c-dirty,30.0,2.0
Subject516,30,0.8755555555555555,0.9,0.9,new,rf,20,4,2,120,2795,efc966c-dirty,30.0,2.0
Subject561,60,0.7822943722943723,0.8166666666666667,0.8166666666666667,new,rf,20,4,2,120,2795,efc966c-dirty,30.0,2.0
Subject571,30,0.8622222222222222,0.8666666666666667,0.8666666666666667,new,rf,20,4,2,120,2795,efc966c-dirty,30.0,2.0
Subject580,90,0.7331385281385282,0.7444444444444446,0.7444444444444445,new,rf,20,4,2,120,2795,efc966c-dirty,30.0,2.0
Subject890,30,0.6533333333333334,0.7,0.7,new,rf,20,4,2,120,2795,efc966c-dirty,30.0,2.0
Subject147,31,0.7447619047619048,0.8,0.8064516129032258,recorded,rf,20,4,2,120,2795,efc966c-dirty,30.0,2.0
Subject352,30,0.8755555555555555,0.9,0.9,recorded,rf,20,4,2,120,2795,efc966c-dirty,30.0,2.0
Subject376,60,0.8811640211640211,0.8833333333333333,0.8833333333333333,recorded,rf,20,4,2,120,2795,efc966c-dirty,30.0,2.0
Subject969,30,0.9644444444444444,0.9666666666666667,0.9666666666666667,recorded,rf,20,4,2,120,2795,efc966c-dirty,30.0,2.0
Subject354,60,0.8226455026455027,0.85,0.85,new,rf,20,6,1,90,1977,efc966c-dirty,30.0,2.0
Subject516,30,0.84,0.8666666666666667,0.8666666666666667,new,rf,20,6,1,90,1977,efc966c-dirty,30.0,2.0
Subject561,60,0.735998075998076,0.7833333333333333,0.7833333333333333,new,rf,20,6,1,90,1977,efc966c-dirty,30.0,2.0
Subject571,30,0.8711111111111112,0.9,0.9,new,rf,20,6,1,90,1977,efc966c-dirty,30.0,2.0
Subject580,90,0.7559499324205207,0.7555555555555558,0.7555555555555555,new,rf,20,6,1,90,1977,efc966c-dirty,30.0,2.0
Subject890,30,0.8222222222222222,0.8666666666666667,0.8666666666666667,new,rf,20,6,1,90,1977,efc966c-dirty,30.0,2.0
Subject147,31,0.9644444444444444,0.9666666666666667,0.967741935483871,recorded,rf,20,6,1,90,1977,efc966c-dirty,30.0,2.0
Subject352,30,0.8755555555555555,0.9,0.9,recorded,rf,20,6,1,90,1977,efc966c-dirty,30.0,2.0
Subject376,60,0.8277441077441077,0.85,0.85,recorded,rf,20,6,1,90,1977,efc966c-dirty,30.0,2.0
Subject494,60,0.9418181818181818,0.95,0.95,recorded,rf,20,6,1,90,1977,efc966c-dirty,30.0,2.0
Subject731,30,0.8333333333333334,0.8666666666666667,0.8666666666666667,recorded,rf,20,6,1,90,1977,efc966c-dirty,30.0,2.0
Subject969,30,0.7977777777777777,0.8333333333333334,0.8333333333333334,recorded,rf,20,6,1,90,1977,efc966c-dirty,30.0,2.0
Subject354,60,0.7881481481481482,0.8166666666666667,0.8166666666666667,new,rf,20,6,2,180,3946,efc966c-dirty,30.0,2.0
Subject516,30,0.8933333333333333,0.9,0.9,new,rf,20,6,2,180,3946,efc966c-dirty,30.0,2.0
Subject561,60,0.7754545454545456,0.8,0.8,new,rf,20,6,2,180,3946,efc966c-dirty,30.0,2.0
Subject571,30,0.9644444444444444,0.9666666666666667,0.9666666666666667,new,rf,20,6,2,180,3946,efc966c-dirty,30.0,2.0
Subject580,90,0.7503330003330004,0.7666666666666668,0.7666666666666667,new,rf,20,6,2,180,3946,efc966c-dirty,30.0,2.0
Subject890,30,0.7111111111111111,0.7666666666666667,0.7666666666666667,new,rf,20,6,2,180,3946,efc966c-dirty,30.0,2.0
Subject147,31,0.9644444444444444,0.9666666666666667,0.967741935483871,recorded,rf,20,6,2,180,3946,efc966c-dirty,30.0,2.0
Subject352,30,0.8222222222222222,0.8666666666666667,0.8666666666666667,recorded,rf,20,6,2,180,3946,efc966c-dirty,30.0,2.0
Subject376,60,0.8625396825396824,0.8666666666666667,0.8666666666666667,recorded,rf,20,6,2,180,3946,efc966c-dirty,30.0,2.0
Subject494,60,0.9392592592592592,0.95,0.95,recorded,rf,20,6,2,180,3946,efc966c-dirty,30.0,2.0
Subject731,30,0.9644444444444444,0.9666666666666667,0.9666666666666667,recorded,rf,20,6,2,180,3946,efc966c-dirty,30.0,2.0
Subject969,30,0.8800000000000001,0.9,0.9,recorded,rf,20,6,2,180,3946,efc966c-dirty,30.0,2.0
Subject354,60,0.8605820105820107,0.8833333333333333,0.8833333333333333,new,rf,20,8,1,120,2628,efc966c-dirty,30.0,2.0
Subject516,30,0.7803174603174603,0.8,0.8,new,rf,20,8,1,120,2628,efc966c-dirty,30.0,2.0
Subject561,60,0.8061242461242462,0.8333333333333334,0.8333333333333334,new,rf,20,8,1,120,2628,efc966c-dirty,30.0,2.0
Subject571,30,0.8755555555555555,0.9,0.9,new,rf,20,8,1,120,2628,efc966c-dirty,30.0,2.0
Subject580,90,0.8092218892218892,0.8111111111111111,0.8111111111111111,new,rf,20,8,1,120,2628,efc966c-dirty,30.0,2.0
Subject890,30,0.8222222222222222,0.8666666666666667,0.8666666666666667,new,rf,20,8,1,120,2628,efc966c-dirty,30.0,2.0
Subject147,31,0.9644444444444444,0.9666666666666667,0.967741935483871,recorded,rf,20,8,1,120,2628,efc966c-dirty,30.0,2.0
Subject226,30,0.8380952380952381,0.8666666666666667,0.8666666666666667,recorded,rf,20,8,1,120,2628,efc966c-dirty,30.0,2.0
Subject352,30,0.8044444444444444,0.8333333333333334,0.8333333333333334,recorded,rf,20,8,1,120,2628,efc966c-dirty,30.0,2.0
Subject376,60,0.8294372294372294,0.85,0.85,recorded,rf,20,8,1,120,2628,efc966c-dirty,30.0,2.0
Subject494,60,0.9418181818181818,0.95,0.95,recorded,rf,20,8,1,120,2628,efc966c-dirty,30.0,2.0
Subject731,30,0.8333333333333334,0.8666666666666667,0.8666666666666667,recorded,rf,20,8,1,120,2628,efc966c-dirty,30.0,2.0
Subject819,60,0.8656084656084656,0.8833333333333333,0.8833333333333333,recorded,rf,20,8,1,120,2628,efc966c-dirty,30.0,2.0
Subject969,30,0.8333333333333334,0.8666666666666667,0.8666666666666667,recorded,rf,20,8,1,120,2628,efc966c-dirty,30.0,2.0
Subject354,60,0.8425925925925927,0.8666666666666667,0.8666666666666667,new,rf,20,8,2,240,5235,efc966c-dirty,30.0,2.0
Subject516,30,0.8977777777777778,0.9,0.9,new,rf,20,8,2,240,5235,efc966c-dirty,30.0,2.0
Subject561,60,0.8158922558922559,0.8333333333333334,0.8333333333333334,new,rf,20,8,2,240,5235,efc966c-dirty,30.0,2.0
Subject571,30,0.9644444444444444,0.9666666666666667,0.9666666666666667,new,rf,20,8,2,240,5235,efc966c-dirty,30.0,2.0
Subject580,90,0.8257723322429203,0.8333333333333335,0.8333333333333334,new,rf,20,8,2,240,5235,efc966c-dirty,30.0,2.0
Subject890,30,0.7533333333333334,0.8,0.8,new,rf,20,8,2,240,5235,efc966c-dirty,30.0,2.0
Subject147,31,0.9644444444444444,0.9666666666666667,0.967741935483871,recorded,rf,20,8,2,240,5235,efc966c-dirty,30.0,2.0
Subject226,30,0.9333333333333332,0.9333333333333333,0.9333333333333333,recorded,rf,20,8,2,240,5235,efc966c-dirty,30.0,2.0
Subject352,30,0.8755555555555555,0.9,0.9,recorded,rf,20,8,2,240,5235,efc966c-dirty,30.0,2.0
Subject376,60,0.8625396825396824,0.8666666666666667,0.8666666666666667,recorded,rf,20,8,2,240,5235,efc966c-dirty,30.0,2.0
Subject494,60,0.9418181818181818,0.95,0.95,recorded,rf,20,8,2,240,5235,efc966c-dirty,30.0,2.0
Subject731,30,0.9644444444444444,0.9666666666666667,0.9666666666666667,recorded,rf,20,8,2,240,5235,efc966c-dirty,30.0,2.0
Subject819,60,0.8952055352055353,0.9,0.9,recorded,rf,20,8,2,240,5235,efc966c-dirty,30.0,2.0
Subject969,30,0.9111111111111111,0.9333333333333333,0.9333333333333333,recorded,rf,20,8,2,240,5235,efc966c-dirty,30.0,2.0
Subject354,60,0.8608465608465609,0.8833333333333333,0.8833333333333333,new,rf,20,12,1,180,3890,efc966c-dirty,30.0,2.0
Subject516,30,0.758095238095238,0.8,0.8,new,rf,20,12,1,180,3890,efc966c-dirty,30.0,2.0
Subject561,60,0.7818048618048619,0.8166666666666667,0.8166666666666667,new,rf,20,12,1,180,3890,efc966c-dirty,30.0,2.0
Subject571,30,0.7400000000000001,0.8,0.8,new,rf,20,12,1,180,3890,efc966c-dirty,30.0,2.0
Subject580,90,0.8649106449106448,0.8666666666666668,0.8666666666666667,new,rf,20,12,1,180,3890,efc966c-dirty,30.0,2.0
Subject890,30,0.8755555555555555,0.9,0.9,new,rf,20,12,1,180,3890,efc966c-dirty,30.0,2.0
Subject139,60,0.9343915343915344,0.9333333333333333,0.9333333333333333,recorded,rf,20,12,1,180,3890,efc966c-dirty,30.0,2.0
Subject147,31,0.9644444444444444,0.9666666666666667,0.967741935483871,recorded,rf,20,12,1,180,3890,efc966c-dirty,30.0,2.0
Subject226,30,0.8422222222222222,0.8666666666666667,0.8666666666666667,recorded,rf,20,12,1,180,3890,efc966c-dirty,30.0,2.0
Subject352,30,0.8044444444444444,0.8333333333333334,0.8333333333333334,recorded,rf,20,12,1,180,3890,efc966c-dirty,30.0,2.0
Subject376,60,0.8275132275132276,0.85,0.85,recorded,rf,20,12,1,180,3890,efc966c-dirty,30.0,2.0
Subject455,60,0.9666666666666667,0.9666666666666667,0.9666666666666667,recorded,rf,20,12,1,180,3890,efc966c-dirty,30.0,2.0
Subject494,60,0.9223280423280423,0.9333333333333333,0.9333333333333333,recorded,rf,20,12,1,180,3890,efc966c-dirty,30.0,2.0
Subject729,60,1.0,1.0,1.0,recorded,rf,20,12,1,180,3890,efc966c-dirty,30.0,2.0
Subject731,30,0.9333333333333332,0.9333333333333333,0.9333333333333333,recorded,rf,20,12,1,180,3890,efc966c-dirty,30.0,2.0
Subject819,60,0.8656084656084656,0.8833333333333333,0.8833333333333333,recorded,rf,20,12,1,180,3890,efc966c-dirty,30.0,2.0
Subject877,60,0.9661375661375662,0.9666666666666667,0.9666666666666667,recorded,rf,20,12,1,180,3890,efc966c-dirty,30.0,2.0
Subject969,30,0.8333333333333334,0.8666666666666667,0.8666666666666667,recorded,rf,20,12,1,180,3890,efc966c-dirty,30.0,2.0
Subject354,60,0.8775132275132276,0.9,0.9,new,rf,20,12,2,360,7753,efc966c-dirty,30.0,2.0
Subject516,30,0.9288888888888888,0.9333333333333333,0.9333333333333333,new,rf,20,12,2,360,7753,efc966c-dirty,30.0,2.0
Subject561,60,0.8345165945165945,0.85,0.85,new,rf,20,12,2,360,7753,efc966c-dirty,30.0,2.0
Subject571,30,0.9333333333333332,0.9333333333333333,0.9333333333333333,new,rf,20,12,2,360,7753,efc966c-dirty,30.0,2.0
Subject580,90,0.867420683891272,0.8666666666666667,0.8666666666666667,new,rf,20,12,2,360,7753,efc966c-dirty,30.0,2.0
Subject890,30,0.8177777777777778,0.8333333333333334,0.8333333333333334,new,rf,20,12,2,360,7753,efc966c-dirty,30.0,2.0
Subject139,60,0.9644444444444444,0.9666666666666667,0.9666666666666667,recorded,rf,20,12,2,360,7753,efc966c-dirty,30.0,2.0
Subject147,31,0.9644444444444444,0.9666666666666667,0.967741935483871,recorded,rf,20,12,2,360,7753,efc966c-dirty,30.0,2.0
Subject226,30,0.9333333333333332,0.9333333333333333,0.9333333333333333,recorded,rf,20,12,2,360,7753,efc966c-dirty,30.0,2.0
Subject352,30,0.8755555555555555,0.9,0.9,recorded,rf,20,12,2,360,7753,efc966c-dirty,30.0,2.0
Subject376,60,0.8980952380952381,0.9,0.9,recorded,rf,20,12,2,360,7753,efc966c-dirty,30.0,2.0
Subject455,60,1.0,1.0,1.0,recorded,rf,20,12,2,360,7753,efc966c-dirty,30.0,2.0
Subject494,60,0.9418181818181818,0.95,0.95,recorded,rf,20,12,2,360,7753,efc966c-dirty,30.0,2.0
Subject729,60,1.0,1.0,1.0,recorded,rf,20,12,2,360,7753,efc966c-dirty,30.0,2.0
Subject731,30,1.0,1.0,1.0,recorded,rf,20,12,2,360,7753,efc966c-dirty,30.0,2.0
Subject819,60,0.8656084656084656,0.8833333333333333,0.8833333333333333,recorded,rf,20,12,2,360,7753,efc966c-dirty,30.0,2.0
Subject877,60,0.9644444444444444,0.9666666666666667,0.9666666666666667,recorded,rf,20,12,2,360,7753,efc966c-dirty,30.0,2.0
Subject969,30,0.8825396825396825,0.9,0.9,recorded,rf,20,12,2,360,7753,efc966c-dirty,30.0,2.0
Subject354,60,0.9506878306878307,0.95,0.95,new,rf,20,16,1,240,5005,efc966c-dirty,30.0,2.0
Subject516,30,0.8114285714285714,0.8333333333333334,0.8333333333333334,new,rf,20,16,1,240,5005,efc966c-dirty,30.0,2.0
Subject561,60,0.7510977910977911,0.8,0.8,new,rf,20,16,1,240,5005,efc966c-dirty,30.0,2.0
Subject571,30,0.8333333333333334,0.8666666666666667,0.8666666666666667,new,rf,20,16,1,240,5005,efc966c-dirty,30.0,2.0
Subject580,90,0.8865756465756466,0.888888888888889,0.8888888888888888,new,rf,20,16,1,240,5005,efc966c-dirty,30.0,2.0
Subject890,30,0.7834920634920635,0.8,0.8,new,rf,20,16,1,240,5005,efc966c-dirty,30.0,2.0
Subject139,60,0.9661375661375663,0.9666666666666667,0.9666666666666667,recorded,rf,20,16,1,240,5005,efc966c-dirty,30.0,2.0
Subject147,31,0.9644444444444444,0.9666666666666667,0.967741935483871,recorded,rf,20,16,1,240,5005,efc966c-dirty,30.0,2.0
Subject226,30,0.8977777777777777,0.9,0.9,recorded,rf,20,16,1,240,5005,efc966c-dirty,30.0,2.0
Subject352,30,0.8755555555555555,0.9,0.9,recorded,rf,20,16,1,240,5005,efc966c-dirty,30.0,2.0
Subject353,60,0.854040404040404,0.8666666666666667,0.8666666666666667,recorded,rf,20,16,1,240,5005,efc966c-dirty,30.0,2.0
Subject376,60,0.8748869648869648,0.8833333333333333,0.8833333333333333,recorded,rf,20,16,1,240,5005,efc966c-dirty,30.0,2.0
Subject455,60,1.0,1.0,1.0,recorded,rf,20,16,1,240,5005,efc966c-dirty,30.0,2.0
Subject494,60,0.9082202982202983,0.9166666666666666,0.9166666666666666,recorded,rf,20,16,1,240,5005,efc966c-dirty,30.0,2.0
Subject611,60,0.9037037037037037,0.9166666666666666,0.9166666666666666,recorded,rf,20,16,1,240,5005,efc966c-dirty,30.0,2.0
Subject729,60,1.0,1.0,1.0,recorded,rf,20,16,1,240,5005,efc966c-dirty,30.0,2.0
Subject731,30,0.9644444444444444,0.9666666666666667,0.9666666666666667,recorded,rf,20,16,1,240,5005,efc966c-dirty,30.0,2.0
Subject741,60,0.9830687830687831,0.9833333333333333,0.9833333333333333,recorded,rf,20,16,1,240,5005,efc966c-dirty,30.0,2.0
Subject819,60,0.8812372812372813,0.9,0.9,recorded,rf,20,16,1,240,5005,efc966c-dirty,30.0,2.0
Subject867,60,0.9311111111111111,0.9333333333333333,0.9333333333333333,recorded,rf,20,16,1,240,5005,efc966c-dirty,30.0,2.0
Subject877,60,0.9830687830687831,0.9833333333333333,0.9833333333333333,recorded,rf,20,16,1,240,5005,efc966c-dirty,30.0,2.0
Subject969,30,0.8333333333333334,0.8666666666666667,0.8666666666666667,recorded,rf,20,16,1,240,5005,efc966c-dirty,30.0,2.0
Subject354,60,0.9830687830687831,0.9833333333333333,0.9833333333333333,new,rf,20,16,2,480,9960,efc966c-dirty,30.0,2.0
Subject516,30,0.8755555555555555,0.9,0.9,new,rf,20,16,2,480,9960,efc966c-dirty,30.0,2.0
Subject561,60,0.7947474747474748,0.8333333333333334,0.8333333333333334,new,rf,20,16,2,480,9960,efc966c-dirty,30.0,2.0
Subject571,30,0.8825396825396825,0.9,0.9,new,rf,20,16,2,480,9960,efc966c-dirty,30.0,2.0
Subject580,90,0.9291575091575093,0.9333333333333333,0.9333333333333333,new,rf,20,16,2,480,9960,efc966c-dirty,30.0,2.0
Subject890,30,0.8977777777777778,0.9,0.9,new,rf,20,16,2,480,9960,efc966c-dirty,30.0,2.0
Subject139,60,1.0,1.0,1.0,recorded,rf,20,16,2,480,9960,efc966c-dirty,30.0,2.0
Subject147,31,0.9311111111111111,0.9333333333333333,0.9354838709677419,recorded,rf,20,16,2,480,9960,efc966c-dirty,30.0,2.0
Subject226,30,0.8777777777777778,0.9,0.9,recorded,rf,20,16,2,480,9960,efc966c-dirty,30.0,2.0
Subject352,30,0.8755555555555555,0.9,0.9,recorded,rf,20,16,2,480,9960,efc966c-dirty,30.0,2.0
Subject353,60,0.8729292929292929,0.8833333333333333,0.8833333333333333,recorded,rf,20,16,2,480,9960,efc966c-dirty,30.0,2.0
Subject376,60,0.9189033189033188,0.9166666666666666,0.9166666666666666,recorded,rf,20,16,2,480,9960,efc966c-dirty,30.0,2.0
Subject455,60,1.0,1.0,1.0,recorded,rf,20,16,2,480,9960,efc966c-dirty,30.0,2.0
Subject494,60,0.924886964886965,0.9333333333333333,0.9333333333333333,recorded,rf,20,16,2,480,9960,efc966c-dirty,30.0,2.0
Subject611,60,0.9661375661375663,0.9666666666666667,0.9666666666666667,recorded,rf,20,16,2,480,9960,efc966c-dirty,30.0,2.0
Subject729,60,1.0,1.0,1.0,recorded,rf,20,16,2,480,9960,efc966c-dirty,30.0,2.0
Subject731,30,1.0,1.0,1.0,recorded,rf,20,16,2,480,9960,efc966c-dirty,30.0,2.0
Subject741,60,0.9492063492063492,0.95,0.95,recorded,rf,20,16,2,480,9960,efc966c-dirty,30.0,2.0
Subject819,60,0.8656084656084656,0.8833333333333333,0.8833333333333333,recorded,rf,20,16,2,480,9960,efc966c-dirty,30.0,2.0
Subject867,60,0.9311111111111111,0.9333333333333333,0.9333333333333333,recorded,rf,20,16,2,480,9960,efc966c-dirty,30.0,2.0
Subject877,60,0.9830687830687831,0.9833333333333333,0.9833333333333333,recorded,rf,20,16,2,480,9960,efc966c-dirty,30.0,2.0
Subject969,30,0.9111111111111111,0.9333333333333333,0.9333333333333333,recorded,rf,20,16,2,480,9960,efc966c-dirty,30.0,2.0
Subject354,60,0.9661375661375662,0.9666666666666667,0.9666666666666667,new,rf,20,17,1,255,5231,efc966c-dirty,30.0,2.0
Subject516,30,0.8622222222222221,0.8666666666666667,0.8666666666666667,new,rf,20,17,1,255,5231,efc966c-dirty,30.0,2.0
Subject561,60,0.7510977910977911,0.8,0.8,new,rf,20,17,1,255,5231,efc966c-dirty,30.0,2.0
Subject571,30,0.8333333333333334,0.8666666666666667,0.8666666666666667,new,rf,20,17,1,255,5231,efc966c-dirty,30.0,2.0
Subject580,90,0.9232556332556333,0.9222222222222223,0.9222222222222223,new,rf,20,17,1,255,5231,efc966c-dirty,30.0,2.0
Subject890,30,0.7834920634920635,0.8,0.8,new,rf,20,17,1,255,5231,efc966c-dirty,30.0,2.0
Subject139,60,0.9661375661375663,0.9666666666666667,0.9666666666666667,recorded,rf,20,17,1,255,5231,efc966c-dirty,30.0,2.0
Subject147,31,0.9644444444444444,0.9666666666666667,0.967741935483871,recorded,rf,20,17,1,255,5231,efc966c-dirty,30.0,2.0
Subject226,30,0.8977777777777777,0.9,0.9,recorded,rf,20,17,1,255,5231,efc966c-dirty,30.0,2.0
Subject352,30,0.8755555555555555,0.9,0.9,recorded,rf,20,17,1,255,5231,efc966c-dirty,30.0,2.0
Subject353,60,0.8434054834054834,0.8666666666666667,0.8666666666666667,recorded,rf,20,17,1,255,5231,efc966c-dirty,30.0,2.0
Subject376,60,0.8582202982202981,0.8666666666666667,0.8666666666666667,recorded,rf,20,17,1,255,5231,efc966c-dirty,30.0,2.0
Subject424,60,0.8074266474266475,0.8333333333333334,0.8333333333333334,recorded,rf,20,17,1,255,5231,efc966c-dirty,30.0,2.0
Subject455,60,0.9830687830687831,0.9833333333333333,0.9833333333333333,recorded,rf,20,17,1,255,5231,efc966c-dirty,30.0,2.0
Subject494,60,0.9082202982202983,0.9166666666666666,0.9166666666666666,recorded,rf,20,17,1,255,5231,efc966c-dirty,30.0,2.0
Subject611,60,0.8484848484848485,0.8833333333333333,0.8833333333333333,recorded,rf,20,17,1,255,5231,efc966c-dirty,30.0,2.0
Subject729,60,1.0,1.0,1.0,recorded,rf,20,17,1,255,5231,efc966c-dirty,30.0,2.0
Subject731,30,0.9644444444444444,0.9666666666666667,0.9666666666666667,recorded,rf,20,17,1,255,5231,efc966c-dirty,30.0,2.0
Subject741,60,0.9666666666666667,0.9666666666666667,0.9666666666666667,recorded,rf,20,17,1,255,5231,efc966c-dirty,30.0,2.0
Subject819,60,0.8656084656084656,0.8833333333333333,0.8833333333333333,recorded,rf,20,17,1,255,5231,efc966c-dirty,30.0,2.0
Subject867,60,0.9311111111111111,0.9333333333333333,0.9333333333333333,recorded,rf,20,17,1,255,5231,efc966c-dirty,30.0,2.0
Subject877,60,0.9830687830687831,0.9833333333333333,0.9833333333333333,recorded,rf,20,17,1,255,5231,efc966c-dirty,30.0,2.0
Subject969,30,0.8333333333333334,0.8666666666666667,0.8666666666666667,recorded,rf,20,17,1,255,5231,efc966c-dirty,30.0,2.0
Subject354,60,0.9223280423280423,0.9333333333333333,0.9333333333333333,new,rf,20,17,2,510,10408,efc966c-dirty,30.0,2.0
Subject516,30,0.9288888888888888,0.9333333333333333,0.9333333333333333,new,rf,20,17,2,510,10408,efc966c-dirty,30.0,2.0
Subject561,60,0.7947474747474748,0.8333333333333334,0.8333333333333334,new,rf,20,17,2,510,10408,efc966c-dirty,30.0,2.0
Subject571,30,0.8825396825396825,0.9,0.9,new,rf,20,17,2,510,10408,efc966c-dirty,30.0,2.0
Subject580,90,0.9114063714063715,0.9111111111111111,0.9111111111111111,new,rf,20,17,2,510,10408,efc966c-dirty,30.0,2.0
Subject890,30,0.8311111111111111,0.8333333333333334,0.8333333333333334,new,rf,20,17,2,510,10408,efc966c-dirty,30.0,2.0
Subject139,60,0.9418181818181818,0.95,0.95,recorded,rf,20,17,2,510,10408,efc966c-dirty,30.0,2.0
Subject147,31,0.9644444444444444,0.9666666666666667,0.967741935483871,recorded,rf,20,17,2,510,10408,efc966c-dirty,30.0,2.0
Subject226,30,0.9333333333333332,0.9333333333333333,0.9333333333333333,recorded,rf,20,17,2,510,10408,efc966c-dirty,30.0,2.0
Subject352,30,0.8755555555555555,0.9,0.9,recorded,rf,20,17,2,510,10408,efc966c-dirty,30.0,2.0
Subject353,60,0.8537950937950939,0.8666666666666667,0.8666666666666667,recorded,rf,20,17,2,510,10408,efc966c-dirty,30.0,2.0
Subject376,60,0.8811640211640211,0.8833333333333333,0.8833333333333333,recorded,rf,20,17,2,510,10408,efc966c-dirty,30.0,2.0
Subject424,60,0.8656084656084656,0.8833333333333333,0.8833333333333333,recorded,rf,20,17,2,510,10408,efc966c-dirty,30.0,2.0
Subject455,60,1.0,1.0,1.0,recorded,rf,20,17,2,510,10408,efc966c-dirty,30.0,2.0
Subject494,60,0.924886964886965,0.9333333333333333,0.9333333333333333,recorded,rf,20,17,2,510,10408,efc966c-dirty,30.0,2.0
Subject611,60,0.9661375661375663,0.9666666666666667,0.9666666666666667,recorded,rf,20,17,2,510,10408,efc966c-dirty,30.0,2.0
Subject729,60,1.0,1.0,1.0,recorded,rf,20,17,2,510,10408,efc966c-dirty,30.0,2.0
Subject731,30,1.0,1.0,1.0,recorded,rf,20,17,2,510,10408,efc966c-dirty,30.0,2.0
Subject741,60,0.9492063492063492,0.95,0.95,recorded,rf,20,17,2,510,10408,efc966c-dirty,30.0,2.0
Subject819,60,0.8656084656084656,0.8833333333333333,0.8833333333333333,recorded,rf,20,17,2,510,10408,efc966c-dirty,30.0,2.0
Subject867,60,0.9311111111111111,0.9333333333333333,0.9333333333333333,recorded,rf,20,17,2,510,10408,efc966c-dirty,30.0,2.0
Subject877,60,0.9830687830687831,0.9833333333333333,0.9833333333333333,recorded,rf,20,17,2,510,10408,efc966c-dirty,30.0,2.0
Subject969,30,0.9111111111111111,0.9333333333333333,0.9333333333333333,recorded,rf,20,17,2,510,10408,efc966c-dirty,30.0,2.0
Subject376,60,0.6000721500721501,0.65,0.65,new,rf,21,2,1,30,579,efc966c-dirty,30.0,2.0
Subject494,60,0.4345414933650228,0.5,0.5,new,rf,21,2,1,30,579,efc966c-dirty,30.0,2.0
Subject611,60,0.6870033670033671,0.7333333333333333,0.7333333333333333,new,rf,21,2,1,30,579,efc966c-dirty,30.0,2.0
Subject741,60,0.5607692307692307,0.6,0.6,new,rf,21,2,1,30,579,efc966c-dirty,30.0,2.0
Subject819,60,0.730991970991971,0.7833333333333333,0.7833333333333333,new,rf,21,2,1,30,579,efc966c-dirty,30.0,2.0
Subject969,30,0.526984126984127,0.6,0.6,new,rf,21,2,1,30,579,efc966c-dirty,30.0,2.0
Subject226,30,0.8777777777777778,0.9,0.9,recorded,rf,21,2,1,30,579,efc966c-dirty,30.0,2.0
Subject516,30,0.9288888888888889,0.9333333333333333,0.9333333333333333,recorded,rf,21,2,1,30,579,efc966c-dirty,30.0,2.0
Subject376,60,0.6834920634920635,0.7166666666666667,0.7166666666666667,new,rf,21,2,2,60,1157,efc966c-dirty,30.0,2.0
Subject494,60,0.3813139801375095,0.45,0.45,new,rf,21,2,2,60,1157,efc966c-dirty,30.0,2.0
Subject611,60,0.7003233803233803,0.7333333333333333,0.7333333333333333,new,rf,21,2,2,60,1157,efc966c-dirty,30.0,2.0
Subject741,60,0.5455555555555556,0.6,0.6,new,rf,21,2,2,60,1157,efc966c-dirty,30.0,2.0
Subject819,60,0.6643445443445444,0.7166666666666667,0.7166666666666667,new,rf,21,2,2,60,1157,efc966c-dirty,30.0,2.0
Subject969,30,0.5311111111111111,0.6333333333333333,0.6333333333333333,new,rf,21,2,2,60,1157,efc966c-dirty,30.0,2.0
Subject226,30,0.8977777777777777,0.9,0.9,recorded,rf,21,2,2,60,1157,efc966c-dirty,30.0,2.0
Subject516,30,0.9644444444444444,0.9666666666666667,0.9666666666666667,recorded,rf,21,2,2,60,1157,efc966c-dirty,30.0,2.0
Subject376,60,0.6591812865497076,0.7166666666666667,0.7166666666666667,new,rf,21,4,1,60,1232,efc966c-dirty,30.0,2.0
Subject494,60,0.31671080553433495,0.4,0.4,new,rf,21,4,1,60,1232,efc966c-dirty,30.0,2.0
Subject611,60,0.8596825396825397,0.8833333333333333,0.8833333333333333,new,rf,21,4,1,60,1232,efc966c-dirty,30.0,2.0
Subject741,60,0.5841125541125541,0.65,0.65,new,rf,21,4,1,60,1232,efc966c-dirty,30.0,2.0
Subject819,60,0.6862626262626262,0.75,0.75,new,rf,21,4,1,60,1232,efc966c-dirty,30.0,2.0
Subject969,30,0.6377777777777778,0.6666666666666666,0.6666666666666666,new,rf,21,4,1,60,1232,efc966c-dirty,30.0,2.0
Subject226,30,0.8422222222222222,0.8666666666666667,0.8666666666666667,recorded,rf,21,4,1,60,1232,efc966c-dirty,30.0,2.0
Subject516,30,0.9644444444444444,0.9666666666666667,0.9666666666666667,recorded,rf,21,4,1,60,1232,efc966c-dirty,30.0,2.0
Subject561,60,0.9062626262626262,0.9166666666666666,0.9166666666666666,recorded,rf,21,4,1,60,1232,efc966c-dirty,30.0,2.0
Subject877,60,0.9661375661375662,0.9666666666666667,0.9666666666666667,recorded,rf,21,4,1,60,1232,efc966c-dirty,30.0,2.0
Subject376,60,0.6931714908185498,0.7333333333333333,0.7333333333333333,new,rf,21,4,2,120,2498,efc966c-dirty,30.0,2.0
Subject494,60,0.42379509379509384,0.5,0.5,new,rf,21,4,2,120,2498,efc966c-dirty,30.0,2.0
Subject611,60,0.8427513227513227,0.8666666666666667,0.8666666666666667,new,rf,21,4,2,120,2498,efc966c-dirty,30.0,2.0
Subject741,60,0.6008128908128908,0.65,0.65,new,rf,21,4,2,120,2498,efc966c-dirty,30.0,2.0
Subject819,60,0.732929292929293,0.7833333333333333,0.7833333333333333,new,rf,21,4,2,120,2498,efc966c-dirty,30.0,2.0
Subject969,30,0.8088888888888889,0.8333333333333334,0.8333333333333334,new,rf,21,4,2,120,2498,efc966c-dirty,30.0,2.0
Subject226,30,0.9333333333333332,0.9333333333333333,0.9333333333333333,recorded,rf,21,4,2,120,2498,efc966c-dirty,30.0,2.0
Subject516,30,0.9644444444444444,0.9666666666666667,0.9666666666666667,recorded,rf,21,4,2,120,2498,efc966c-dirty,30.0,2.0
Subject561,60,1.0,1.0,1.0,recorded,rf,21,4,2,120,2498,efc966c-dirty,30.0,2.0
Subject877,60,0.9661375661375662,0.9666666666666667,0.9666666666666667,recorded,rf,21,4,2,120,2498,efc966c-dirty,30.0,2.0
Subject376,60,0.6778056251740464,0.7333333333333333,0.7333333333333333,new,rf,21,6,1,90,2013,efc966c-dirty,30.0,2.0
Subject494,60,0.35874939874939876,0.43333333333333335,0.43333333333333335,new,rf,21,6,1,90,2013,efc966c-dirty,30.0,2.0
Subject611,60,0.9305820105820106,0.9333333333333333,0.9333333333333333,new,rf,21,6,1,90,2013,efc966c-dirty,30.0,2.0
Subject741,60,0.6071428571428572,0.6666666666666666,0.6666666666666666,new,rf,21,6,1,90,2013,efc966c-dirty,30.0,2.0
Subject819,60,0.7330639730639731,0.7833333333333333,0.7833333333333333,new,rf,21,6,1,90,2013,efc966c-dirty,30.0,2.0
Subject969,30,0.7911111111111111,0.8333333333333334,0.8333333333333334,new,rf,21,6,1,90,2013,efc966c-dirty,30.0,2.0
Subject226,30,0.8422222222222222,0.8666666666666667,0.8666666666666667,recorded,rf,21,6,1,90,2013,efc966c-dirty,30.0,2.0
Subject352,30,0.9111111111111111,0.9333333333333333,0.9333333333333333,recorded,rf,21,6,1,90,2013,efc966c-dirty,30.0,2.0
Subject353,60,0.7604040404040404,0.7666666666666667,0.7666666666666667,recorded,rf,21,6,1,90,2013,efc966c-dirty,30.0,2.0
Subject516,30,1.0,1.0,1.0,recorded,rf,21,6,1,90,2013,efc966c-dirty,30.0,2.0
Subject561,60,0.9062626262626262,0.9166666666666666,0.9166666666666666,recorded,rf,21,6,1,90,2013,efc966c-dirty,30.0,2.0
Subject877,60,0.8772486772486771,0.9,0.9,recorded,rf,21,6,1,90,2013,efc966c-dirty,30.0,2.0
Subject376,60,0.6709187109187109,0.7166666666666667,0.7166666666666667,new,rf,21,6,2,180,4044,efc966c-dirty,30.0,2.0
Subject494,60,0.36868771751124696,0.45,0.45,new,rf,21,6,2,180,4044,efc966c-dirty,30.0,2.0
Subject611,60,0.9475132275132275,0.95,0.95,new,rf,21,6,2,180,4044,efc966c-dirty,30.0,2.0
Subject741,60,0.6145502645502645,0.6666666666666666,0.6666666666666666,new,rf,21,6,2,180,4044,efc966c-dirty,30.0,2.0
Subject819,60,0.7767003367003368,0.8166666666666667,0.8166666666666667,new,rf,21,6,2,180,4044,efc966c-dirty,30.0,2.0
Subject969,30,0.7044444444444444,0.7333333333333333,0.7333333333333333,new,rf,21,6,2,180,4044,efc966c-dirty,30.0,2.0
Subject226,30,0.9333333333333332,0.9333333333333333,0.9333333333333333,recorded,rf,21,6,2,180,4044,efc966c-dirty,30.0,2.0
Subject352,30,0.9644444444444444,0.9666666666666667,0.9666666666666667,recorded,rf,21,6,2,180,4044,efc966c-dirty,30.0,2.0
Subject353,60,0.882135642135642,0.8833333333333333,0.8833333333333333,recorded,rf,21,6,2,180,4044,efc966c-dirty,30.0,2.0
Subject516,30,1.0,1.0,1.0,recorded,rf,21,6,2,180,4044,efc966c-dirty,30.0,2.0
Subject561,60,1.0,1.0,1.0,recorded,rf,21,6,2,180,4044,efc966c-dirty,30.0,2.0
Subject877,60,0.9305820105820106,0.9333333333333333,0.9333333333333333,recorded,rf,21,6,2,180,4044,efc966c-dirty,30.0,2.0
Subject376,60,0.8128245828245828,0.8166666666666667,0.8166666666666667,new,rf,21,8,1,120,2483,efc966c-dirty,30.0,2.0
Subject494,60,0.4132938406622617,0.5,0.5,new,rf,21,8,1,120,2483,efc966c-dirty,30.0,2.0
Subject611,60,0.9305820105820106,0.9333333333333333,0.9333333333333333,new,rf,21,8,1,120,2483,efc966c-dirty,30.0,2.0
Subject741,60,0.6759259259259259,0.7166666666666667,0.7166666666666667,new,rf,21,8,1,120,2483,efc966c-dirty,30.0,2.0
Subject819,60,0.8374410774410774,0.8666666666666667,0.8666666666666667,new,rf,21,8,1,120,2483,efc966c-dirty,30.0,2.0
Subject969,30,0.7999999999999999,0.8333333333333334,0.8333333333333334,new,rf,21,8,1,120,2483,efc966c-dirty,30.0,2.0
Subject226,30,0.8422222222222222,0.8666666666666667,0.8666666666666667,recorded,rf,21,8,1,120,2483,efc966c-dirty,30.0,2.0
Subject352,30,0.9111111111111111,0.9333333333333333,0.9333333333333333,recorded,rf,21,8,1,120,2483,efc966c-dirty,30.0,2.0
Subject353,60,0.8601250601250602,0.8666666666666667,0.8666666666666667,recorded,rf,21,8,1,120,2483,efc966c-dirty,30.0,2.0
Subject424,60,0.7344107744107744,0.7833333333333333,0.7833333333333333,recorded,rf,21,8,1,120,2483,efc966c-dirty,30.0,2.0
Subject455,60,0.9661375661375663,0.9666666666666667,0.9666666666666667,recorded,rf,21,8,1,120,2483,efc966c-dirty,30.0,2.0
Subject516,30,0.9644444444444444,0.9666666666666667,0.9666666666666667,recorded,rf,21,8,1,120,2483,efc966c-dirty,30.0,2.0
Subject561,60,0.9079557479557481,0.9166666666666666,0.9166666666666666,recorded,rf,21,8,1,120,2483,efc966c-dirty,30.0,2.0
Subject877,60,0.8772486772486771,0.9,0.9,recorded,rf,21,8,1,120,2483,efc966c-dirty,30.0,2.0
Subject376,60,0.7441798941798942,0.7666666666666667,0.7666666666666667,new,rf,21,8,2,240,4981,efc966c-dirty,30.0,2.0
Subject494,60,0.4357864357864358,0.5166666666666667,0.5166666666666667,new,rf,21,8,2,240,4981,efc966c-dirty,30.0,2.0
Subject611,60,0.9162097162097163,0.9166666666666666,0.9166666666666666,new,rf,21,8,2,240,4981,efc966c-dirty,30.0,2.0
Subject741,60,0.7621164021164021,0.7833333333333333,0.7833333333333333,new,rf,21,8,2,240,4981,efc966c-dirty,30.0,2.0
Subject819,60,0.8052525252525252,0.8333333333333334,0.8333333333333334,new,rf,21,8,2,240,4981,efc966c-dirty,30.0,2.0
Subject969,30,0.7044444444444444,0.7333333333333333,0.7333333333333333,new,rf,21,8,2,240,4981,efc966c-dirty,30.0,2.0
Subject226,30,0.9333333333333332,0.9333333333333333,0.9333333333333333,recorded,rf,21,8,2,240,4981,efc966c-dirty,30.0,2.0
Subject352,30,0.9111111111111111,0.9333333333333333,0.9333333333333333,recorded,rf,21,8,2,240,4981,efc966c-dirty,30.0,2.0
Subject353,60,0.877056277056277,0.8833333333333333,0.8833333333333333,recorded,rf,21,8,2,240,4981,efc966c-dirty,30.0,2.0
Subject424,60,0.8622222222222222,0.8833333333333333,0.8833333333333333,recorded,rf,21,8,2,240,4981,efc966c-dirty,30.0,2.0
Subject455,60,0.9830687830687831,0.9833333333333333,0.9833333333333333,recorded,rf,21,8,2,240,4981,efc966c-dirty,30.0,2.0
Subject516,30,0.9644444444444444,0.9666666666666667,0.9666666666666667,recorded,rf,21,8,2,240,4981,efc966c-dirty,30.0,2.0
Subject561,60,1.0,1.0,1.0,recorded,rf,21,8,2,240,4981,efc966c-dirty,30.0,2.0
Subject877,60,0.9661375661375662,0.9666666666666667,0.9666666666666667,recorded,rf,21,8,2,240,4981,efc966c-dirty,30.0,2.0
Subject376,60,0.8603703703703703,0.8666666666666667,0.8666666666666667,new,rf,21,12,1,180,3631,efc966c-dirty,30.0,2.0
Subject494,60,0.5573015873015873,0.6166666666666667,0.6166666666666667,new,rf,21,12,1,180,3631,efc966c-dirty,30.0,2.0
Subject611,60,0.9475132275132275,0.95,0.95,new,rf,21,12,1,180,3631,efc966c-dirty,30.0,2.0
Subject741,60,0.8027513227513229,0.8166666666666667,0.8166666666666667,new,rf,21,12,1,180,3631,efc966c-dirty,30.0,2.0
Subject819,60,0.8941798941798942,0.9166666666666666,0.9166666666666666,new,rf,21,12,1,180,3631,efc966c-dirty,30.0,2.0
Subject969,30,0.7403174603174603,0.7666666666666667,0.7666666666666667,new,rf,21,12,1,180,3631,efc966c-dirty,30.0,2.0
Subject139,60,0.9644444444444444,0.9666666666666667,0.9666666666666667,recorded,rf,21,12,1,180,3631,efc966c-dirty,30.0,2.0
Subject147,31,0.9111111111111111,0.9333333333333333,0.9354838709677419,recorded,rf,21,12,1,180,3631,efc966c-dirty,30.0,2.0
Subject226,30,0.8777777777777778,0.9,0.9,recorded,rf,21,12,1,180,3631,efc966c-dirty,30.0,2.0
Subject352,30,0.9111111111111111,0.9333333333333333,0.9333333333333333,recorded,rf,21,12,1,180,3631,efc966c-dirty,30.0,2.0
Subject353,60,0.8431938431938432,0.85,0.85,recorded,rf,21,12,1,180,3631,efc966c-dirty,30.0,2.0
Subject424,60,0.7871091871091871,0.8166666666666667,0.8166666666666667,recorded,rf,21,12,1,180,3631,efc966c-dirty,30.0,2.0
Subject455,60,0.9661375661375663,0.9666666666666667,0.9666666666666667,recorded,rf,21,12,1,180,3631,efc966c-dirty,30.0,2.0
Subject516,30,0.9311111111111111,0.9333333333333333,0.9333333333333333,recorded,rf,21,12,1,180,3631,efc966c-dirty,30.0,2.0
Subject561,60,0.9062626262626262,0.9166666666666666,0.9166666666666666,recorded,rf,21,12,1,180,3631,efc966c-dirty,30.0,2.0
Subject580,90,0.8319547119547118,0.8333333333333334,0.8333333333333334,recorded,rf,21,12,1,180,3631,efc966c-dirty,30.0,2.0
Subject877,60,0.907955747955748,0.9166666666666666,0.9166666666666666,recorded,rf,21,12,1,180,3631,efc966c-dirty,30.0,2.0
Subject890,30,0.9644444444444444,0.9666666666666667,0.9666666666666667,recorded,rf,21,12,1,180,3631,efc966c-dirty,30.0,2.0
Subject376,60,0.827037037037037,0.8333333333333334,0.8333333333333334,new,rf,21,12,2,360,7267,efc966c-dirty,30.0,2.0
Subject494,60,0.5249100022784233,0.5833333333333334,0.5833333333333334,new,rf,21,12,2,360,7267,efc966c-dirty,30.0,2.0
Subject611,60,0.9333333333333332,0.9333333333333333,0.9333333333333333,new,rf,21,12,2,360,7267,efc966c-dirty,30.0,2.0
Subject741,60,0.8141798941798941,0.8333333333333334,0.8333333333333334,new,rf,21,12,2,360,7267,efc966c-dirty,30.0,2.0
Subject819,60,0.8503703703703703,0.8833333333333333,0.8833333333333333,new,rf,21,12,2,360,7267,efc966c-dirty,30.0,2.0
Subject969,30,0.5733333333333334,0.6333333333333333,0.6333333333333333,new,rf,21,12,2,360,7267,efc966c-dirty,30.0,2.0
Subject139,60,0.962962962962963,0.9666666666666667,0.9666666666666667,recorded,rf,21,12,2,360,7267,efc966c-dirty,30.0,2.0
Subject147,31,0.9644444444444444,0.9666666666666667,0.967741935483871,recorded,rf,21,12,2,360,7267,efc966c-dirty,30.0,2.0
Subject226,30,0.9333333333333332,0.9333333333333333,0.9333333333333333,recorded,rf,21,12,2,360,7267,efc966c-dirty,30.0,2.0
Subject352,30,0.9111111111111111,0.9333333333333333,0.9333333333333333,recorded,rf,21,12,2,360,7267,efc966c-dirty,30.0,2.0
Subject353,60,0.9062626262626262,0.9166666666666666,0.9166666666666666,recorded,rf,21,12,2,360,7267,efc966c-dirty,30.0,2.0
Subject424,60,0.8914285714285715,0.9,0.9,recorded,rf,21,12,2,360,7267,efc966c-dirty,30.0,2.0
Subject455,60,0.9830687830687831,0.9833333333333333,0.9833333333333333,recorded,rf,21,12,2,360,7267,efc966c-dirty,30.0,2.0
Subject516,30,0.9311111111111111,0.9333333333333333,0.9333333333333333,recorded,rf,21,12,2,360,7267,efc966c-dirty,30.0,2.0
Subject561,60,1.0,1.0,1.0,recorded,rf,21,12,2,360,7267,efc966c-dirty,30.0,2.0
Subject580,90,0.90000666000666,0.9000000000000001,0.9,recorded,rf,21,12,2,360,7267,efc966c-dirty,30.0,2.0
Subject877,60,0.9475132275132275,0.95,0.95,recorded,rf,21,12,2,360,7267,efc966c-dirty,30.0,2.0
Subject890,30,1.0,1.0,1.0,recorded,rf,21,12,2,360,7267,efc966c-dirty,30.0,2.0
Subject376,60,0.8752044252044252,0.8833333333333333,0.8833333333333333,new,rf,21,16,1,240,4801,efc966c-dirty,30.0,2.0
Subject494,60,0.5155555555555557,0.5833333333333334,0.5833333333333334,new,rf,21,16,1,240,4801,efc966c-dirty,30.0,2.0
Subject611,60,0.9830687830687831,0.9833333333333333,0.9833333333333333,new,rf,21,16,1,240,4801,efc966c-dirty,30.0,2.0
Subject741,60,0.8603703703703705,0.8666666666666667,0.8666666666666667,new,rf,21,16,1,240,4801,efc966c-dirty,30.0,2.0
Subject819,60,0.8656084656084656,0.8833333333333333,0.8833333333333333,new,rf,21,16,1,240,4801,efc966c-dirty,30.0,2.0
Subject969,30,0.7644444444444445,0.8,0.8,new,rf,21,16,1,240,4801,efc966c-dirty,30.0,2.0
Subject139,60,0.9492063492063493,0.95,0.95,recorded,rf,21,16,1,240,4801,efc966c-dirty,30.0,2.0
Subject147,31,0.9644444444444444,0.9666666666666667,0.967741935483871,recorded,rf,21,16,1,240,4801,efc966c-dirty,30.0,2.0
Subject226,30,0.8422222222222222,0.8666666666666667,0.8666666666666667,recorded,rf,21,16,1,240,4801,efc966c-dirty,30.0,2.0
Subject352,30,0.9111111111111111,0.9333333333333333,0.9333333333333333,recorded,rf,21,16,1,240,4801,efc966c-dirty,30.0,2.0
Subject353,60,0.8430880230880232,0.85,0.85,recorded,rf,21,16,1,240,4801,efc966c-dirty,30.0,2.0
Subject354,60,0.9475132275132275,0.95,0.95,recorded,rf,21,16,1,240,4801,efc966c-dirty,30.0,2.0
Subject424,60,0.8251851851851852,0.85,0.85,recorded,rf,21,16,1,240,4801,efc966c-dirty,30.0,2.0
Subject455,60,0.9661375661375663,0.9666666666666667,0.9666666666666667,recorded,rf,21,16,1,240,4801,efc966c-dirty,30.0,2.0
Subject516,30,0.9311111111111111,0.9333333333333333,0.9333333333333333,recorded,rf,21,16,1,240,4801,efc966c-dirty,30.0,2.0
Subject561,60,0.8836363636363637,0.9,0.9,recorded,rf,21,16,1,240,4801,efc966c-dirty,30.0,2.0
Subject580,90,0.8535242535242534,0.8555555555555557,0.8555555555555555,recorded,rf,21,16,1,240,4801,efc966c-dirty,30.0,2.0
Subject729,60,0.9661375661375662,0.9666666666666667,0.9666666666666667,recorded,rf,21,16,1,240,4801,efc966c-dirty,30.0,2.0
Subject731,30,0.9644444444444444,0.9666666666666667,0.9666666666666667,recorded,rf,21,16,1,240,4801,efc966c-dirty,30.0,2.0
Subject867,60,0.8918181818181818,0.9,0.9,recorded,rf,21,16,1,240,4801,efc966c-dirty,30.0,2.0
Subject877,60,0.9661375661375662,0.9666666666666667,0.9666666666666667,recorded,rf,21,16,1,240,4801,efc966c-dirty,30.0,2.0
Subject890,30,1.0,1.0,1.0,recorded,rf,21,16,1,240,4801,efc966c-dirty,30.0,2.0
Subject376,60,0.8237758537758538,0.8333333333333334,0.8333333333333334,new,rf,21,16,2,480,9619,efc966c-dirty,30.0,2.0
Subject494,60,0.548440545808967,0.6166666666666667,0.6166666666666667,new,rf,21,16,2,480,9619,efc966c-dirty,30.0,2.0
Subject611,60,0.9333333333333332,0.9333333333333333,0.9333333333333333,new,rf,21,16,2,480,9619,efc966c-dirty,30.0,2.0
Subject741,60,0.9119576719576721,0.9166666666666666,0.9166666666666666,new,rf,21,16,2,480,9619,efc966c-dirty,30.0,2.0
Subject819,60,0.8489417989417988,0.8666666666666667,0.8666666666666667,new,rf,21,16,2,480,9619,efc966c-dirty,30.0,2.0
Subject969,30,0.6711111111111111,0.7,0.7,new,rf,21,16,2,480,9619,efc966c-dirty,30.0,2.0
Subject139,60,0.9644444444444444,0.9666666666666667,0.9666666666666667,recorded,rf,21,16,2,480,9619,efc966c-dirty,30.0,2.0
Subject147,31,0.9644444444444444,0.9666666666666667,0.967741935483871,recorded,rf,21,16,2,480,9619,efc966c-dirty,30.0,2.0
Subject226,30,0.9644444444444444,0.9666666666666667,0.9666666666666667,recorded,rf,21,16,2,480,9619,efc966c-dirty,30.0,2.0
Subject352,30,0.9111111111111111,0.9333333333333333,0.9333333333333333,recorded,rf,21,16,2,480,9619,efc966c-dirty,30.0,2.0
Subject353,60,0.8388552188552189,0.8666666666666667,0.8666666666666667,recorded,rf,21,16,2,480,9619,efc966c-dirty,30.0,2.0
Subject354,60,0.9830687830687831,0.9833333333333333,0.9833333333333333,recorded,rf,21,16,2,480,9619,efc966c-dirty,30.0,2.0
Subject424,60,0.8656084656084656,0.8833333333333333,0.8833333333333333,recorded,rf,21,16,2,480,9619,efc966c-dirty,30.0,2.0
Subject455,60,1.0,1.0,1.0,recorded,rf,21,16,2,480,9619,efc966c-dirty,30.0,2.0
Subject516,30,0.9644444444444444,0.9666666666666667,0.9666666666666667,recorded,rf,21,16,2,480,9619,efc966c-dirty,30.0,2.0
Subject561,60,0.9830687830687831,0.9833333333333333,0.9833333333333333,recorded,rf,21,16,2,480,9619,efc966c-dirty,30.0,2.0
Subject580,90,0.9341303141303141,0.9333333333333333,0.9333333333333333,recorded,rf,21,16,2,480,9619,efc966c-dirty,30.0,2.0
Subject729,60,1.0,1.0,1.0,recorded,rf,21,16,2,480,9619,efc966c-dirty,30.0,2.0
Subject731,30,0.9644444444444444,0.9666666666666667,0.9666666666666667,recorded,rf,21,16,2,480,9619,efc966c-dirty,30.0,2.0
Subject867,60,0.8918181818181818,0.9,0.9,recorded,rf,21,16,2,480,9619,efc966c-dirty,30.0,2.0
Subject877,60,0.9830687830687831,0.9833333333333333,0.9833333333333333,recorded,rf,21,16,2,480,9619,efc966c-dirty,30.0,2.0
Subject890,30,1.0,1.0,1.0,recorded,rf,21,16,2,480,9619,efc966c-dirty,30.0,2.0
Subject376,60,0.8828042328042328,0.8833333333333333,0.8833333333333333,new,rf,21,17,1,255,5213,efc966c-dirty,30.0,2.0
Subject494,60,0.5326984126984127,0.6,0.6,new,rf,21,17,1,255,5213,efc966c-dirty,30.0,2.0
Subject611,60,0.9333333333333332,0.9333333333333333,0.9333333333333333,new,rf,21,17,1,255,5213,efc966c-dirty,30.0,2.0
Subject741,60,0.8377441077441078,0.85,0.85,new,rf,21,17,1,255,5213,efc966c-dirty,30.0,2.0
Subject819,60,0.924886964886965,0.9333333333333333,0.9333333333333333,new,rf,21,17,1,255,5213,efc966c-dirty,30.0,2.0
Subject969,30,0.8825396825396825,0.9,0.9,new,rf,21,17,1,255,5213,efc966c-dirty,30.0,2.0
Subject139,60,0.9305820105820106,0.9333333333333333,0.9333333333333333,recorded,rf,21,17,1,255,5213,efc966c-dirty,30.0,2.0
Subject147,31,0.9644444444444444,0.9666666666666667,0.967741935483871,recorded,rf,21,17,1,255,5213,efc966c-dirty,30.0,2.0
Subject226,30,0.8422222222222222,0.8666666666666667,0.8666666666666667,recorded,rf,21,17,1,255,5213,efc966c-dirty,30.0,2.0
Subject352,30,0.9111111111111111,0.9333333333333333,0.9333333333333333,recorded,rf,21,17,1,255,5213,efc966c-dirty,30.0,2.0
Subject353,60,0.875998075998076,0.8833333333333333,0.8833333333333333,recorded,rf,21,17,1,255,5213,efc966c-dirty,30.0,2.0
Subject354,60,0.9475132275132275,0.95,0.95,recorded,rf,21,17,1,255,5213,efc966c-dirty,30.0,2.0
Subject424,60,0.7248869648869649,0.7666666666666667,0.7666666666666667,recorded,rf,21,17,1,255,5213,efc966c-dirty,30.0,2.0
Subject455,60,0.9494708994708995,0.95,0.95,recorded,rf,21,17,1,255,5213,efc966c-dirty,30.0,2.0
Subject516,30,0.9333333333333332,0.9333333333333333,0.9333333333333333,recorded,rf,21,17,1,255,5213,efc966c-dirty,30.0,2.0
Subject561,60,0.9062626262626262,0.9166666666666666,0.9166666666666666,recorded,rf,21,17,1,255,5213,efc966c-dirty,30.0,2.0
Subject571,30,0.9644444444444444,0.9666666666666667,0.9666666666666667,recorded,rf,21,17,1,255,5213,efc966c-dirty,30.0,2.0
Subject580,90,0.8258741258741258,0.8333333333333334,0.8333333333333334,recorded,rf,21,17,1,255,5213,efc966c-dirty,30.0,2.0
Subject729,60,0.9661375661375662,0.9666666666666667,0.9666666666666667,recorded,rf,21,17,1,255,5213,efc966c-dirty,30.0,2.0
Subject731,30,0.9644444444444444,0.9666666666666667,0.9666666666666667,recorded,rf,21,17,1,255,5213,efc966c-dirty,30.0,2.0
Subject867,60,0.8918181818181818,0.9,0.9,recorded,rf,21,17,1,255,5213,efc966c-dirty,30.0,2.0
Subject877,60,0.9830687830687831,0.9833333333333333,0.9833333333333333,recorded,rf,21,17,1,255,5213,efc966c-dirty,30.0,2.0
Subject890,30,0.9311111111111111,0.9333333333333333,0.9333333333333333,recorded,rf,21,17,1,255,5213,efc966c-dirty,30.0,2.0
Subject376,60,0.878994708994709,0.8833333333333333,0.8833333333333333,new,rf,21,17,2,510,10423,efc966c-dirty,30.0,2.0
Subject494,60,0.5475132275132276,0.6,0.6,new,rf,21,17,2,510,10423,efc966c-dirty,30.0,2.0
Subject611,60,0.9333333333333332,0.9333333333333333,0.9333333333333333,new,rf,21,17,2,510,10423,efc966c-dirty,30.0,2.0
Subject741,60,0.8893314093314094,0.9,0.9,new,rf,21,17,2,510,10423,efc966c-dirty,30.0,2.0
Subject819,60,0.924886964886965,0.9333333333333333,0.9333333333333333,new,rf,21,17,2,510,10423,efc966c-dirty,30.0,2.0
Subject969,30,0.6533333333333334,0.7,0.7,new,rf,21,17,2,510,10423,efc966c-dirty,30.0,2.0
Subject139,60,0.9644444444444444,0.9666666666666667,0.9666666666666667,recorded,rf,21,17,2,510,10423,efc966c-dirty,30.0,2.0
Subject147,31,0.9644444444444444,0.9666666666666667,0.967741935483871,recorded,rf,21,17,2,510,10423,efc966c-dirty,30.0,2.0
Subject226,30,0.9333333333333332,0.9333333333333333,0.9333333333333333,recorded,rf,21,17,2,510,10423,efc966c-dirty,30.0,2.0
Subject352,30,0.9111111111111111,0.9333333333333333,0.9333333333333333,recorded,rf,21,17,2,510,10423,efc966c-dirty,30.0,2.0
Subject353,60,0.8729292929292929,0.8833333333333333,0.8833333333333333,recorded,rf,21,17,2,510,10423,efc966c-dirty,30.0,2.0
Subject354,60,1.0,1.0,1.0,recorded,rf,21,17,2,510,10423,efc966c-dirty,30.0,2.0
Subject424,60,0.8656084656084656,0.8833333333333333,0.8833333333333333,recorded,rf,21,17,2,510,10423,efc966c-dirty,30.0,2.0
Subject455,60,1.0,1.0,1.0,recorded,rf,21,17,2,510,10423,efc966c-dirty,30.0,2.0
Subject516,30,0.9311111111111111,0.9333333333333333,0.9333333333333333,recorded,rf,21,17,2,510,10423,efc966c-dirty,30.0,2.0
Subject561,60,0.9830687830687831,0.9833333333333333,0.9833333333333333,recorded,rf,21,17,2,510,10423,efc966c-dirty,30.0,2.0
Subject571,30,1.0,1.0,1.0,recorded,rf,21,17,2,510,10423,efc966c-dirty,30.0,2.0
Subject580,90,0.9209679209679209,0.9222222222222224,0.9222222222222223,recorded,rf,21,17,2,510,10423,efc966c-dirty,30.0,2.0
Subject729,60,1.0,1.0,1.0,recorded,rf,21,17,2,510,10423,efc966c-dirty,30.0,2.0
Subject731,30,1.0,1.0,1.0,recorded,rf,21,17,2,510,10423,efc966c-dirty,30.0,2.0
Subject867,60,0.9096296296296296,0.9166666666666666,0.9166666666666666,recorded,rf,21,17,2,510,10423,efc966c-dirty,30.0,2.0
Subject877,60,0.9830687830687831,0.9833333333333333,0.9833333333333333,recorded,rf,21,17,2,510,10423,efc966c-dirty,30.0,2.0
Subject890,30,0.9644444444444444,0.9666666666666667,0.9666666666666667,recorded,rf,21,17,2,510,10423,efc966c-dirty,30.0,2.0
Subject226,30,0.6622222222222222,0.7,0.7,new,rf,22,2,1,30,552,efc966c-dirty,30.0,2.0
Subject561,60,0.6043689643689644,0.6666666666666666,0.6666666666666666,new,rf,22,2,1,30,552,efc966c-dirty,30.0,2.0
Subject731,30,0.6844444444444445,0.7333333333333333,0.7333333333333333,new,rf,22,2,1,30,552,efc966c-dirty,30.0,2.0
Subject741,60,0.6056613756613757,0.65,0.65,new,rf,22,2,1,30,552,efc966c-dirty,30.0,2.0
Subject819,60,0.6470033670033669,0.7166666666666667,0.7166666666666667,new,rf,22,2,1,30,552,efc966c-dirty,30.0,2.0
Subject867,60,0.6998412698412699,0.7166666666666667,0.7166666666666667,new,rf,22,2,1,30,552,efc966c-dirty,30.0,2.0
Subject516,30,0.9644444444444444,0.9666666666666667,0.9666666666666667,recorded,rf,22,2,1,30,552,efc966c-dirty,30.0,2.0
Subject611,60,0.8188552188552188,0.8666666666666667,0.8666666666666667,recorded,rf,22,2,1,30,552,efc966c-dirty,30.0,2.0
Subject226,30,0.6711111111111111,0.7333333333333333,0.7333333333333333,new,rf,22,2,2,60,1130,efc966c-dirty,30.0,2.0
Subject561,60,0.6696681096681096,0.7333333333333333,0.7333333333333333,new,rf,22,2,2,60,1130,efc966c-dirty,30.0,2.0
Subject731,30,0.6780952380952381,0.7333333333333333,0.7333333333333333,new,rf,22,2,2,60,1130,efc966c-dirty,30.0,2.0
Subject741,60,0.6563684463684464,0.7,0.7,new,rf,22,2,2,60,1130,efc966c-dirty,30.0,2.0
Subject819,60,0.7314478114478115,0.7833333333333333,0.7833333333333333,new,rf,22,2,2,60,1130,efc966c-dirty,30.0,2.0
Subject867,60,0.7548292448292447,0.7833333333333333,0.7833333333333333,new,rf,22,2,2,60,1130,efc966c-dirty,30.0,2.0
Subject516,30,0.9644444444444444,0.9666666666666667,0.9666666666666667,recorded,rf,22,2,2,60,1130,efc966c-dirty,30.0,2.0
Subject611,60,0.924886964886965,0.9333333333333333,0.9333333333333333,recorded,rf,22,2,2,60,1130,efc966c-dirty,30.0,2.0
Subject226,30,0.7225396825396826,0.7666666666666667,0.7666666666666667,new,rf,22,4,1,60,1341,efc966c-dirty,30.0,2.0
Subject561,60,0.8315873015873017,0.85,0.85,new,rf,22,4,1,60,1341,efc966c-dirty,30.0,2.0
Subject731,30,0.5777777777777777,0.6,0.6,new,rf,22,4,1,60,1341,efc966c-dirty,30.0,2.0
Subject741,60,0.5403762903762903,0.6,0.6,new,rf,22,4,1,60,1341,efc966c-dirty,30.0,2.0
Subject819,60,0.6247293447293447,0.7,0.7,new,rf,22,4,1,60,1341,efc966c-dirty,30.0,2.0
Subject867,60,0.6347619047619049,0.65,0.65,new,rf,22,4,1,60,1341,efc966c-dirty,30.0,2.0
Subject516,30,0.9644444444444444,0.9666666666666667,0.9666666666666667,recorded,rf,22,4,1,60,1341,efc966c-dirty,30.0,2.0
Subject611,60,0.9147089947089948,0.9166666666666666,0.9166666666666666,recorded,rf,22,4,1,60,1341,efc966c-dirty,30.0,2.0
Subject877,60,0.9830687830687831,0.9833333333333333,0.9833333333333333,recorded,rf,22,4,1,60,1341,efc966c-dirty,30.0,2.0
Subject969,30,0.8044444444444444,0.8333333333333334,0.8333333333333334,recorded,rf,22,4,1,60,1341,efc966c-dirty,30.0,2.0
Subject226,30,0.7225396825396826,0.7666666666666667,0.7666666666666667,new,rf,22,4,2,120,2721,efc966c-dirty,30.0,2.0
Subject561,60,0.8959259259259259,0.9,0.9,new,rf,22,4,2,120,2721,efc966c-dirty,30.0,2.0
Subject731,30,0.5936507936507937,0.6333333333333333,0.6333333333333333,new,rf,22,4,2,120,2721,efc966c-dirty,30.0,2.0
Subject741,60,0.5444203944203944,0.6166666666666667,0.6166666666666667,new,rf,22,4,2,120,2721,efc966c-dirty,30.0,2.0
Subject819,60,0.691024531024531,0.75,0.75,new,rf,22,4,2,120,2721,efc966c-dirty,30.0,2.0
Subject867,60,0.6309716209716211,0.65,0.65,new,rf,22,4,2,120,2721,efc966c-dirty,30.0,2.0
Subject516,30,0.9644444444444444,0.9666666666666667,0.9666666666666667,recorded,rf,22,4,2,120,2721,efc966c-dirty,30.0,2.0
Subject611,60,0.9305820105820106,0.9333333333333333,0.9333333333333333,recorded,rf,22,4,2,120,2721,efc966c-dirty,30.0,2.0
Subject877,60,0.9500721500721502,0.95,0.95,recorded,rf,22,4,2,120,2721,efc966c-dirty,30.0,2.0
Subject969,30,0.9111111111111111,0.9333333333333333,0.9333333333333333,recorded,rf,22,4,2,120,2721,efc966c-dirty,30.0,2.0
Subject226,30,0.6822222222222223,0.7333333333333333,0.7333333333333333,new,rf,22,6,1,90,2011,efc966c-dirty,30.0,2.0
Subject561,60,0.8082202982202983,0.8333333333333334,0.8333333333333334,new,rf,22,6,1,90,2011,efc966c-dirty,30.0,2.0
Subject731,30,0.718095238095238,0.7666666666666667,0.7666666666666667,new,rf,22,6,1,90,2011,efc966c-dirty,30.0,2.0
Subject741,60,0.6897354497354498,0.7166666666666667,0.7166666666666667,new,rf,22,6,1,90,2011,efc966c-dirty,30.0,2.0
Subject819,60,0.7625589225589225,0.8,0.8,new,rf,22,6,1,90,2011,efc966c-dirty,30.0,2.0
Subject867,60,0.7208465608465607,0.7333333333333333,0.7333333333333333,new,rf,22,6,1,90,2011,efc966c-dirty,30.0,2.0
Subject352,30,0.8533333333333333,0.8666666666666667,0.8666666666666667,recorded,rf,22,6,1,90,2011,efc966c-dirty,30.0,2.0
Subject424,60,0.7712169312169312,0.8,0.8,recorded,rf,22,6,1,90,2011,efc966c-dirty,30.0,2.0
Subject516,30,0.9644444444444444,0.9666666666666667,0.9666666666666667,recorded,rf,22,6,1,90,2011,efc966c-dirty,30.0,2.0
Subject611,60,0.8908128908128908,0.9166666666666666,0.9166666666666666,recorded,rf,22,6,1,90,2011,efc966c-dirty,30.0,2.0
Subject877,60,0.9248869648869648,0.9333333333333333,0.9333333333333333,recorded,rf,22,6,1,90,2011,efc966c-dirty,30.0,2.0
Subject969,30,0.7977777777777777,0.8333333333333334,0.8333333333333334,recorded,rf,22,6,1,90,2011,efc966c-dirty,30.0,2.0
Subject226,30,0.8044444444444444,0.8333333333333334,0.8333333333333334,new,rf,22,6,2,180,4035,efc966c-dirty,30.0,2.0
Subject561,60,0.8566329966329966,0.8666666666666667,0.8666666666666667,new,rf,22,6,2,180,4035,efc966c-dirty,30.0,2.0
Subject731,30,0.6492063492063491,0.7,0.7,new,rf,22,6,2,180,4035,efc966c-dirty,30.0,2.0
Subject741,60,0.684001924001924,0.7166666666666667,0.7166666666666667,new,rf,22,6,2,180,4035,efc966c-dirty,30.0,2.0
Subject819,60,0.7788552188552188,0.8166666666666667,0.8166666666666667,new,rf,22,6,2,180,4035,efc966c-dirty,30.0,2.0
Subject867,60,0.7172679172679172,0.7333333333333333,0.7333333333333333,new,rf,22,6,2,180,4035,efc966c-dirty,30.0,2.0
Subject352,30,0.8755555555555555,0.9,0.9,recorded,rf,22,6,2,180,4035,efc966c-dirty,30.0,2.0
Subject424,60,0.8452910052910053,0.8666666666666667,0.8666666666666667,recorded,rf,22,6,2,180,4035,efc966c-dirty,30.0,2.0
Subject516,30,0.9333333333333332,0.9333333333333333,0.9333333333333333,recorded,rf,22,6,2,180,4035,efc966c-dirty,30.0,2.0
Subject611,60,0.9492063492063493,0.95,0.95,recorded,rf,22,6,2,180,4035,efc966c-dirty,30.0,2.0
Subject877,60,0.9248869648869648,0.9333333333333333,0.9333333333333333,recorded,rf,22,6,2,180,4035,efc966c-dirty,30.0,2.0
Subject969,30,0.9111111111111111,0.9333333333333333,0.9333333333333333,recorded,rf,22,6,2,180,4035,efc966c-dirty,30.0,2.0
Subject226,30,0.7177777777777778,0.7666666666666667,0.7666666666666667,new,rf,22,8,1,120,2610,efc966c-dirty,30.0,2.0
Subject561,60,0.7251178451178452,0.7833333333333333,0.7833333333333333,new,rf,22,8,1,120,2610,efc966c-dirty,30.0,2.0
Subject731,30,0.711111111111111,0.7666666666666667,0.7666666666666667,new,rf,22,8,1,120,2610,efc966c-dirty,30.0,2.0
Subject741,60,0.7037229437229438,0.7333333333333333,0.7333333333333333,new,rf,22,8,1,120,2610,efc966c-dirty,30.0,2.0
Subject819,60,0.8355555555555555,0.85,0.85,new,rf,22,8,1,120,2610,efc966c-dirty,30.0,2.0
Subject867,60,0.7682539682539683,0.7833333333333333,0.7833333333333333,new,rf,22,8,1,120,2610,efc966c-dirty,30.0,2.0
Subject352,30,0.8755555555555555,0.9,0.9,recorded,rf,22,8,1,120,2610,efc966c-dirty,30.0,2.0
Subject353,60,0.8626647426647428,0.8666666666666667,0.8666666666666667,recorded,rf,22,8,1,120,2610,efc966c-dirty,30.0,2.0
Subject354,60,0.9248869648869648,0.9333333333333333,0.9333333333333333,recorded,rf,22,8,1,120,2610,efc966c-dirty,30.0,2.0
Subject424,60,0.8114285714285714,0.8333333333333334,0.8333333333333334,recorded,rf,22,8,1,120,2610,efc966c-dirty,30.0,2.0
Subject516,30,0.9644444444444444,0.9666666666666667,0.9666666666666667,recorded,rf,22,8,1,120,2610,efc966c-dirty,30.0,2.0
Subject611,60,0.9079557479557481,0.9166666666666666,0.9166666666666666,recorded,rf,22,8,1,120,2610,efc966c-dirty,30.0,2.0
Subject877,60,0.9676190476190476,0.9666666666666667,0.9666666666666667,recorded,rf,22,8,1,120,2610,efc966c-dirty,30.0,2.0
Subject969,30,0.8333333333333334,0.8666666666666667,0.8666666666666667,recorded,rf,22,8,1,120,2610,efc966c-dirty,30.0,2.0
Subject226,30,0.8622222222222221,0.8666666666666667,0.8666666666666667,new,rf,22,8,2,240,5200,efc966c-dirty,30.0,2.0
Subject561,60,0.8004425204425203,0.8333333333333334,0.8333333333333334,new,rf,22,8,2,240,5200,efc966c-dirty,30.0,2.0
Subject731,30,0.6577777777777778,0.7,0.7,new,rf,22,8,2,240,5200,efc966c-dirty,30.0,2.0
Subject741,60,0.7202308802308803,0.75,0.75,new,rf,22,8,2,240,5200,efc966c-dirty,30.0,2.0
Subject819,60,0.7936700336700337,0.8166666666666667,0.8166666666666667,new,rf,22,8,2,240,5200,efc966c-dirty,30.0,2.0
Subject867,60,0.8321885521885523,0.85,0.85,new,rf,22,8,2,240,5200,efc966c-dirty,30.0,2.0
Subject352,30,0.8755555555555555,0.9,0.9,recorded,rf,22,8,2,240,5200,efc966c-dirty,30.0,2.0
Subject353,60,0.8472150072150073,0.85,0.85,recorded,rf,22,8,2,240,5200,efc966c-dirty,30.0,2.0
Subject354,60,0.9062626262626262,0.9166666666666666,0.9166666666666666,recorded,rf,22,8,2,240,5200,efc966c-dirty,30.0,2.0
Subject424,60,0.8478306878306879,0.8666666666666667,0.8666666666666667,recorded,rf,22,8,2,240,5200,efc966c-dirty,30.0,2.0
Subject516,30,0.9333333333333332,0.9333333333333333,0.9333333333333333,recorded,rf,22,8,2,240,5200,efc966c-dirty,30.0,2.0
Subject611,60,0.9830687830687831,0.9833333333333333,0.9833333333333333,recorded,rf,22,8,2,240,5200,efc966c-dirty,30.0,2.0
Subject877,60,0.9830687830687831,0.9833333333333333,0.9833333333333333,recorded,rf,22,8,2,240,5200,efc966c-dirty,30.0,2.0
Subject969,30,0.9111111111111111,0.9333333333333333,0.9333333333333333,recorded,rf,22,8,2,240,5200,efc966c-dirty,30.0,2.0
Subject226,30,0.7225396825396827,0.7666666666666667,0.7666666666666667,new,rf,22,12,1,180,3806,efc966c-dirty,30.0,2.0
Subject561,60,0.8173737373737374,0.85,0.85,new,rf,22,12,1,180,3806,efc966c-dirty,30.0,2.0
Subject731,30,0.7955555555555556,0.8333333333333334,0.8333333333333334,new,rf,22,12,1,180,3806,efc966c-dirty,30.0,2.0
Subject741,60,0.8785714285714284,0.8833333333333333,0.8833333333333333,new,rf,22,12,1,180,3806,efc966c-dirty,30.0,2.0
Subject819,60,0.871957671957672,0.8833333333333333,0.8833333333333333,new,rf,22,12,1,180,3806,efc966c-dirty,30.0,2.0
Subject867,60,0.7725252525252525,0.8,0.8,new,rf,22,12,1,180,3806,efc966c-dirty,30.0,2.0
Subject352,30,0.8755555555555555,0.9,0.9,recorded,rf,22,12,1,180,3806,efc966c-dirty,30.0,2.0
Subject353,60,0.8795959595959597,0.8833333333333333,0.8833333333333333,recorded,rf,22,12,1,180,3806,efc966c-dirty,30.0,2.0
Subject354,60,0.9830687830687831,0.9833333333333333,0.9833333333333333,recorded,rf,22,12,1,180,3806,efc966c-dirty,30.0,2.0
Subject376,60,0.8833477633477634,0.8833333333333333,0.8833333333333333,recorded,rf,22,12,1,180,3806,efc966c-dirty,30.0,2.0
Subject424,60,0.8825396825396825,0.9,0.9,recorded,rf,22,12,1,180,3806,efc966c-dirty,30.0,2.0
Subject494,60,0.9094372294372295,0.9166666666666666,0.9166666666666666,recorded,rf,22,12,1,180,3806,efc966c-dirty,30.0,2.0
Subject516,30,0.9644444444444444,0.9666666666666667,0.9666666666666667,recorded,rf,22,12,1,180,3806,efc966c-dirty,30.0,2.0
Subject571,30,1.0,1.0,1.0,recorded,rf,22,12,1,180,3806,efc966c-dirty,30.0,2.0
Subject611,60,0.8772486772486772,0.9,0.9,recorded,rf,22,12,1,180,3806,efc966c-dirty,30.0,2.0
Subject877,60,1.0,1.0,1.0,recorded,rf,22,12,1,180,3806,efc966c-dirty,30.0,2.0
Subject890,30,0.8755555555555555,0.9,0.9,recorded,rf,22,12,1,180,3806,efc966c-dirty,30.0,2.0
Subject969,30,0.8825396825396825,0.9,0.9,recorded,rf,22,12,1,180,3806,efc966c-dirty,30.0,2.0
Subject226,30,0.7492063492063491,0.8,0.8,new,rf,22,12,2,360,7538,efc966c-dirty,30.0,2.0
Subject561,60,0.8173737373737374,0.85,0.85,new,rf,22,12,2,360,7538,efc966c-dirty,30.0,2.0
Subject731,30,0.8133333333333332,0.8333333333333334,0.8333333333333334,new,rf,22,12,2,360,7538,efc966c-dirty,30.0,2.0
Subject741,60,0.8653968253968253,0.8833333333333333,0.8833333333333333,new,rf,22,12,2,360,7538,efc966c-dirty,30.0,2.0
Subject819,60,0.8920634920634922,0.9,0.9,new,rf,22,12,2,360,7538,efc966c-dirty,30.0,2.0
Subject867,60,0.7170370370370371,0.75,0.75,new,rf,22,12,2,360,7538,efc966c-dirty,30.0,2.0
Subject352,30,0.8755555555555555,0.9,0.9,recorded,rf,22,12,2,360,7538,efc966c-dirty,30.0,2.0
Subject353,60,0.8472150072150073,0.85,0.85,recorded,rf,22,12,2,360,7538,efc966c-dirty,30.0,2.0
Subject354,60,0.9830687830687831,0.9833333333333333,0.9833333333333333,recorded,rf,22,12,2,360,7538,efc966c-dirty,30.0,2.0
Subject376,60,0.8688644688644689,0.8833333333333333,0.8833333333333333,recorded,rf,22,12,2,360,7538,efc966c-dirty,30.0,2.0
Subject424,60,0.8825396825396825,0.9,0.9,recorded,rf,22,12,2,360,7538,efc966c-dirty,30.0,2.0
Subject494,60,0.9223280423280423,0.9333333333333333,0.9333333333333333,recorded,rf,22,12,2,360,7538,efc966c-dirty,30.0,2.0
Subject516,30,0.9333333333333332,0.9333333333333333,0.9333333333333333,recorded,rf,22,12,2,360,7538,efc966c-dirty,30.0,2.0
Subject571,30,1.0,1.0,1.0,recorded,rf,22,12,2,360,7538,efc966c-dirty,30.0,2.0
Subject611,60,0.9830687830687831,0.9833333333333333,0.9833333333333333,recorded,rf,22,12,2,360,7538,efc966c-dirty,30.0,2.0
Subject877,60,1.0,1.0,1.0,recorded,rf,22,12,2,360,7538,efc966c-dirty,30.0,2.0
Subject890,30,0.8755555555555555,0.9,0.9,recorded,rf,22,12,2,360,7538,efc966c-dirty,30.0,2.0
Subject969,30,0.9111111111111111,0.9333333333333333,0.9333333333333333,recorded,rf,22,12,2,360,7538,efc966c-dirty,30.0,2.0
Subject226,30,0.7533333333333334,0.8,0.8,new,rf,22,16,1,240,4922,efc966c-dirty,30.0,2.0
Subject561,60,0.7947474747474748,0.8333333333333334,0.8333333333333334,new,rf,22,16,1,240,4922,efc966c-dirty,30.0,2.0
Subject731,30,0.846984126984127,0.8666666666666667,0.8666666666666667,new,rf,22,16,1,240,4922,efc966c-dirty,30.0,2.0
Subject741,60,0.8612698412698412,0.8666666666666667,0.8666666666666667,new,rf,22,16,1,240,4922,efc966c-dirty,30.0,2.0
Subject819,60,0.8753968253968255,0.8833333333333333,0.8833333333333333,new,rf,22,16,1,240,4922,efc966c-dirty,30.0,2.0
Subject867,60,0.8547811447811448,0.8666666666666667,0.8666666666666667,new,rf,22,16,1,240,4922,efc966c-dirty,30.0,2.0
Subject147,31,0.9644444444444444,0.9666666666666667,0.967741935483871,recorded,rf,22,16,1,240,4922,efc966c-dirty,30.0,2.0
Subject352,30,0.8755555555555555,0.9,0.9,recorded,rf,22,16,1,240,4922,efc966c-dirty,30.0,2.0
Subject353,60,0.8918903318903318,0.9,0.9,recorded,rf,22,16,1,240,4922,efc966c-dirty,30.0,2.0
Subject354,60,0.9644444444444444,0.9666666666666667,0.9666666666666667,recorded,rf,22,16,1,240,4922,efc966c-dirty,30.0,2.0
Subject376,60,0.9333333333333332,0.9333333333333333,0.9333333333333333,recorded,rf,22,16,1,240,4922,efc966c-dirty,30.0,2.0
Subject424,60,0.8825396825396825,0.9,0.9,recorded,rf,22,16,1,240,4922,efc966c-dirty,30.0,2.0
Subject455,60,0.9830687830687831,0.9833333333333333,0.9833333333333333,recorded,rf,22,16,1,240,4922,efc966c-dirty,30.0,2.0
Subject494,60,0.9418181818181818,0.95,0.95,recorded,rf,22,16,1,240,4922,efc966c-dirty,30.0,2.0
Subject516,30,0.9644444444444444,0.9666666666666667,0.9666666666666667,recorded,rf,22,16,1,240,4922,efc966c-dirty,30.0,2.0
Subject571,30,1.0,1.0,1.0,recorded,rf,22,16,1,240,4922,efc966c-dirty,30.0,2.0
Subject580,90,0.9018070818070818,0.9111111111111112,0.9111111111111111,recorded,rf,22,16,1,240,4922,efc966c-dirty,30.0,2.0
Subject611,60,0.9830687830687831,0.9833333333333333,0.9833333333333333,recorded,rf,22,16,1,240,4922,efc966c-dirty,30.0,2.0
Subject729,60,1.0,1.0,1.0,recorded,rf,22,16,1,240,4922,efc966c-dirty,30.0,2.0
Subject877,60,1.0,1.0,1.0,recorded,rf,22,16,1,240,4922,efc966c-dirty,30.0,2.0
Subject890,30,0.9111111111111111,0.9333333333333333,0.9333333333333333,recorded,rf,22,16,1,240,4922,efc966c-dirty,30.0,2.0
Subject969,30,0.7977777777777777,0.8333333333333334,0.8333333333333334,recorded,rf,22,16,1,240,4922,efc966c-dirty,30.0,2.0
Subject226,30,0.7888888888888889,0.8333333333333334,0.8333333333333334,new,rf,22,16,2,480,9795,efc966c-dirty,30.0,2.0
Subject561,60,0.8173737373737374,0.85,0.85,new,rf,22,16,2,480,9795,efc966c-dirty,30.0,2.0
Subject731,30,0.8711111111111112,0.9,0.9,new,rf,22,16,2,480,9795,efc966c-dirty,30.0,2.0
Subject741,60,0.8591534391534392,0.8666666666666667,0.8666666666666667,new,rf,22,16,2,480,9795,efc966c-dirty,30.0,2.0
Subject819,60,0.8912890812890814,0.9,0.9,new,rf,22,16,2,480,9795,efc966c-dirty,30.0,2.0
Subject867,60,0.8074074074074074,0.8333333333333334,0.8333333333333334,new,rf,22,16,2,480,9795,efc966c-dirty,30.0,2.0
Subject147,31,0.9644444444444444,0.9666666666666667,0.967741935483871,recorded,rf,22,16,2,480,9795,efc966c-dirty,30.0,2.0
Subject352,30,0.8755555555555555,0.9,0.9,recorded,rf,22,16,2,480,9795,efc966c-dirty,30.0,2.0
Subject353,60,0.8751515151515151,0.8833333333333333,0.8833333333333333,recorded,rf,22,16,2,480,9795,efc966c-dirty,30.0,2.0
Subject354,60,0.9830687830687831,0.9833333333333333,0.9833333333333333,recorded,rf,22,16,2,480,9795,efc966c-dirty,30.0,2.0
Subject376,60,0.9346560846560847,0.9333333333333333,0.9333333333333333,recorded,rf,22,16,2,480,9795,efc966c-dirty,30.0,2.0
Subject424,60,0.8825396825396825,0.9,0.9,recorded,rf,22,16,2,480,9795,efc966c-dirty,30.0,2.0
Subject455,60,1.0,1.0,1.0,recorded,rf,22,16,2,480,9795,efc966c-dirty,30.0,2.0
Subject494,60,0.9644444444444444,0.9666666666666667,0.9666666666666667,recorded,rf,22,16,2,480,9795,efc966c-dirty,30.0,2.0
Subject516,30,0.9644444444444444,0.9666666666666667,0.9666666666666667,recorded,rf,22,16,2,480,9795,efc966c-dirty,30.0,2.0
Subject571,30,1.0,1.0,1.0,recorded,rf,22,16,2,480,9795,efc966c-dirty,30.0,2.0
Subject580,90,0.897856402856403,0.9,0.9,recorded,rf,22,16,2,480,9795,efc966c-dirty,30.0,2.0
Subject611,60,0.9830687830687831,0.9833333333333333,0.9833333333333333,recorded,rf,22,16,2,480,9795,efc966c-dirty,30.0,2.0
Subject729,60,1.0,1.0,1.0,recorded,rf,22,16,2,480,9795,efc966c-dirty,30.0,2.0
Subject877,60,1.0,1.0,1.0,recorded,rf,22,16,2,480,9795,efc966c-dirty,30.0,2.0
Subject890,30,0.9111111111111111,0.9333333333333333,0.9333333333333333,recorded,rf,22,16,2,480,9795,efc966c-dirty,30.0,2.0
Subject969,30,0.8825396825396825,0.9,0.9,recorded,rf,22,16,2,480,9795,efc966c-dirty,30.0,2.0
Subject226,30,0.6999999999999998,0.7666666666666667,0.7666666666666667,new,rf,22,17,1,255,5255,efc966c-dirty,30.0,2.0
Subject561,60,0.7947474747474748,0.8333333333333334,0.8333333333333334,new,rf,22,17,1,255,5255,efc966c-dirty,30.0,2.0
Subject731,30,0.8955555555555555,0.9,0.9,new,rf,22,17,1,255,5255,efc966c-dirty,30.0,2.0
Subject741,60,0.8279365079365079,0.8333333333333334,0.8333333333333334,new,rf,22,17,1,255,5255,efc966c-dirty,30.0,2.0
Subject819,60,0.9308465608465608,0.9333333333333333,0.9333333333333333,new,rf,22,17,1,255,5255,efc966c-dirty,30.0,2.0
Subject867,60,0.8547811447811448,0.8666666666666667,0.8666666666666667,new,rf,22,17,1,255,5255,efc966c-dirty,30.0,2.0
Subject139,60,0.9475132275132275,0.95,0.95,recorded,rf,22,17,1,255,5255,efc966c-dirty,30.0,2.0
Subject147,31,1.0,1.0,1.0,recorded,rf,22,17,1,255,5255,efc966c-dirty,30.0,2.0
Subject352,30,0.8755555555555555,0.9,0.9,recorded,rf,22,17,1,255,5255,efc966c-dirty,30.0,2.0
Subject353,60,0.8578162578162577,0.8833333333333333,0.8833333333333333,recorded,rf,22,17,1,255,5255,efc966c-dirty,30.0,2.0
Subject354,60,0.9418181818181818,0.95,0.95,recorded,rf,22,17,1,255,5255,efc966c-dirty,30.0,2.0
Subject376,60,0.8765811965811967,0.8833333333333333,0.8833333333333333,recorded,rf,22,17,1,255,5255,efc966c-dirty,30.0,2.0
Subject424,60,0.8825396825396825,0.9,0.9,recorded,rf,22,17,1,255,5255,efc966c-dirty,30.0,2.0
Subject455,60,0.9830687830687831,0.9833333333333333,0.9833333333333333,recorded,rf,22,17,1,255,5255,efc966c-dirty,30.0,2.0
Subject494,60,0.9418181818181818,0.95,0.95,recorded,rf,22,17,1,255,5255,efc966c-dirty,30.0,2.0
Subject516,30,0.9288888888888888,0.9333333333333333,0.9333333333333333,recorded,rf,22,17,1,255,5255,efc966c-dirty,30.0,2.0
Subject571,30,1.0,1.0,1.0,recorded,rf,22,17,1,255,5255,efc966c-dirty,30.0,2.0
Subject580,90,0.8810537610537612,0.8888888888888891,0.8888888888888888,recorded,rf,22,17,1,255,5255,efc966c-dirty,30.0,2.0
Subject611,60,0.9830687830687831,0.9833333333333333,0.9833333333333333,recorded,rf,22,17,1,255,5255,efc966c-dirty,30.0,2.0
Subject729,60,1.0,1.0,1.0,recorded,rf,22,17,1,255,5255,efc966c-dirty,30.0,2.0
Subject877,60,1.0,1.0,1.0,recorded,rf,22,17,1,255,5255,efc966c-dirty,30.0,2.0
Subject890,30,0.8955555555555555,0.9,0.9,recorded,rf,22,17,1,255,5255,efc966c-dirty,30.0,2.0
Subject969,30,0.7977777777777777,0.8333333333333334,0.8333333333333334,recorded,rf,22,17,1,255,5255,efc966c-dirty,30.0,2.0
Subject226,30,0.7136507936507938,0.7666666666666667,0.7666666666666667,new,rf,22,17,2,510,10455,efc966c-dirty,30.0,2.0
Subject561,60,0.8173737373737374,0.85,0.85,new,rf,22,17,2,510,10455,efc966c-dirty,30.0,2.0
Subject731,30,0.8711111111111112,0.9,0.9,new,rf,22,17,2,510,10455,efc966c-dirty,30.0,2.0
Subject741,60,0.8591534391534392,0.8666666666666667,0.8666666666666667,new,rf,22,17,2,510,10455,efc966c-dirty,30.0,2.0
Subject819,60,0.924886964886965,0.9333333333333333,0.9333333333333333,new,rf,22,17,2,510,10455,efc966c-dirty,30.0,2.0
Subject867,60,0.8444444444444444,0.8666666666666667,0.8666666666666667,new,rf,22,17,2,510,10455,efc966c-dirty,30.0,2.0
Subject139,60,0.9475132275132275,0.95,0.95,recorded,rf,22,17,2,510,10455,efc966c-dirty,30.0,2.0
Subject147,31,1.0,1.0,1.0,recorded,rf,22,17,2,510,10455,efc966c-dirty,30.0,2.0
Subject352,30,0.8755555555555555,0.9,0.9,recorded,rf,22,17,2,510,10455,efc966c-dirty,30.0,2.0
Subject353,60,0.8751515151515151,0.8833333333333333,0.8833333333333333,recorded,rf,22,17,2,510,10455,efc966c-dirty,30.0,2.0
Subject354,60,0.9830687830687831,0.9833333333333333,0.9833333333333333,recorded,rf,22,17,2,510,10455,efc966c-dirty,30.0,2.0
Subject376,60,0.9515873015873015,0.95,0.95,recorded,rf,22,17,2,510,10455,efc966c-dirty,30.0,2.0
Subject424,60,0.8825396825396825,0.9,0.9,recorded,rf,22,17,2,510,10455,efc966c-dirty,30.0,2.0
Subject455,60,1.0,1.0,1.0,recorded,rf,22,17,2,510,10455,efc966c-dirty,30.0,2.0
Subject494,60,0.9392592592592592,0.95,0.95,recorded,rf,22,17,2,510,10455,efc966c-dirty,30.0,2.0
Subject516,30,0.9333333333333332,0.9333333333333333,0.9333333333333333,recorded,rf,22,17,2,510,10455,efc966c-dirty,30.0,2.0
Subject571,30,1.0,1.0,1.0,recorded,rf,22,17,2,510,10455,efc966c-dirty,30.0,2.0
Subject580,90,0.8983549783549785,0.9,0.9,recorded,rf,22,17,2,510,10455,efc966c-dirty,30.0,2.0
Subject611,60,0.9830687830687831,0.9833333333333333,0.9833333333333333,recorded,rf,22,17,2,510,10455,efc966c-dirty,30.0,2.0
Subject729,60,1.0,1.0,1.0,recorded,rf,22,17,2,510,10455,efc966c-dirty,30.0,2.0
Subject877,60,1.0,1.0,1.0,recorded,rf,22,17,2,510,10455,efc966c-dirty,30.0,2.0
Subject890,30,0.9111111111111111,0.9333333333333333,0.9333333333333333,recorded,rf,22,17,2,510,10455,efc966c-dirty,30.0,2.0
Subject969,30,0.9111111111111111,0.9333333333333333,0.9333333333333333,recorded,rf,22,17,2,510,10455,efc966c-dirty,30.0,2.0
Subject353,60,0.6904761904761905,0.7166666666666667,0.7166666666666667,new,rf,23,2,1,30,682,efc966c-dirty,30.0,2.0
Subject354,60,0.5331601731601733,0.5833333333333334,0.5833333333333334,new,rf,23,2,1,30,682,efc966c-dirty,30.0,2.0
Subject424,60,0.6245791245791246,0.7,0.7,new,rf,23,2,1,30,682,efc966c-dirty,30.0,2.0
Subject455,60,0.7230351130351131,0.7333333333333333,0.7333333333333333,new,rf,23,2,1,30,682,efc966c-dirty,30.0,2.0
Subject494,60,0.3891812865497076,0.5166666666666667,0.5166666666666667,new,rf,23,2,1,30,682,efc966c-dirty,30.0,2.0
Subject731,30,0.7066666666666668,0.7333333333333333,0.7333333333333333,new,rf,23,2,1,30,682,efc966c-dirty,30.0,2.0
Subject516,30,1.0,1.0,1.0,recorded,rf,23,2,1,30,682,efc966c-dirty,30.0,2.0
Subject571,30,0.7866666666666665,0.8333333333333334,0.8333333333333334,recorded,rf,23,2,1,30,682,efc966c-dirty,30.0,2.0
Subject353,60,0.7629389129389129,0.7666666666666667,0.7666666666666667,new,rf,23,2,2,60,1356,efc966c-dirty,30.0,2.0
Subject354,60,0.5543589743589744,0.5833333333333334,0.5833333333333334,new,rf,23,2,2,60,1356,efc966c-dirty,30.0,2.0
Subject424,60,0.6396265172735762,0.7,0.7,new,rf,23,2,2,60,1356,efc966c-dirty,30.0,2.0
Subject455,60,0.6855555555555556,0.7166666666666667,0.7166666666666667,new,rf,23,2,2,60,1356,efc966c-dirty,30.0,2.0
Subject494,60,0.4114035087719298,0.5166666666666667,0.5166666666666667,new,rf,23,2,2,60,1356,efc966c-dirty,30.0,2.0
Subject731,30,0.7003174603174603,0.7333333333333333,0.7333333333333333,new,rf,23,2,2,60,1356,efc966c-dirty,30.0,2.0
Subject516,30,0.9111111111111111,0.9333333333333333,0.9333333333333333,recorded,rf,23,2,2,60,1356,efc966c-dirty,30.0,2.0
Subject571,30,0.8222222222222222,0.8666666666666667,0.8666666666666667,recorded,rf,23,2,2,60,1356,efc966c-dirty,30.0,2.0
Subject353,60,0.7182924482924484,0.7166666666666667,0.7166666666666667,new,rf,23,4,1,60,1249,efc966c-dirty,30.0,2.0
Subject354,60,0.7697546897546897,0.7833333333333333,0.7833333333333333,new,rf,23,4,1,60,1249,efc966c-dirty,30.0,2.0
Subject424,60,0.6751515151515153,0.7333333333333333,0.7333333333333333,new,rf,23,4,1,60,1249,efc966c-dirty,30.0,2.0
Subject455,60,0.8131746031746032,0.8333333333333334,0.8333333333333334,new,rf,23,4,1,60,1249,efc966c-dirty,30.0,2.0
Subject494,60,0.3862962962962963,0.48333333333333334,0.48333333333333334,new,rf,23,4,1,60,1249,efc966c-dirty,30.0,2.0
Subject731,30,0.7333333333333332,0.7666666666666667,0.7666666666666667,new,rf,23,4,1,60,1249,efc966c-dirty,30.0,2.0
Subject226,30,0.9066666666666667,0.9333333333333333,0.9333333333333333,recorded,rf,23,4,1,60,1249,efc966c-dirty,30.0,2.0
Subject516,30,0.9644444444444444,0.9666666666666667,0.9666666666666667,recorded,rf,23,4,1,60,1249,efc966c-dirty,30.0,2.0
Subject571,30,1.0,1.0,1.0,recorded,rf,23,4,1,60,1249,efc966c-dirty,30.0,2.0
Subject867,60,0.8415536315536315,0.85,0.85,recorded,rf,23,4,1,60,1249,efc966c-dirty,30.0,2.0
Subject353,60,0.7356277056277057,0.7333333333333333,0.7333333333333333,new,rf,23,4,2,120,2460,efc966c-dirty,30.0,2.0
Subject354,60,0.6848351648351648,0.7166666666666667,0.7166666666666667,new,rf,23,4,2,120,2460,efc966c-dirty,30.0,2.0
Subject424,60,0.6707744107744108,0.7333333333333333,0.7333333333333333,new,rf,23,4,2,120,2460,efc966c-dirty,30.0,2.0
Subject455,60,0.8368783068783069,0.85,0.85,new,rf,23,4,2,120,2460,efc966c-dirty,30.0,2.0
Subject494,60,0.42217791954634054,0.5166666666666667,0.5166666666666667,new,rf,23,4,2,120,2460,efc966c-dirty,30.0,2.0
Subject731,30,0.7644444444444445,0.8,0.8,new,rf,23,4,2,120,2460,efc966c-dirty,30.0,2.0
Subject226,30,0.9333333333333332,0.9333333333333333,0.9333333333333333,recorded,rf,23,4,2,120,2460,efc966c-dirty,30.0,2.0
Subject516,30,1.0,1.0,1.0,recorded,rf,23,4,2,120,2460,efc966c-dirty,30.0,2.0
Subject571,30,1.0,1.0,1.0,recorded,rf,23,4,2,120,2460,efc966c-dirty,30.0,2.0
Subject867,60,0.8729292929292929,0.8833333333333333,0.8833333333333333,recorded,rf,23,4,2,120,2460,efc966c-dirty,30.0,2.0
Subject353,60,0.7260413660413659,0.7333333333333333,0.7333333333333333,new,rf,23,6,1,90,1944,efc966c-dirty,30.0,2.0
Subject354,60,0.8345165945165944,0.85,0.85,new,rf,23,6,1,90,1944,efc966c-dirty,30.0,2.0
Subject424,60,0.6334391534391535,0.6833333333333333,0.6833333333333333,new,rf,23,6,1,90,1944,efc966c-dirty,30.0,2.0
Subject455,60,0.833035113035113,0.85,0.85,new,rf,23,6,1,90,1944,efc966c-dirty,30.0,2.0
Subject494,60,0.37830687830687826,0.48333333333333334,0.48333333333333334,new,rf,23,6,1,90,1944,efc966c-dirty,30.0,2.0
Subject731,30,0.7333333333333332,0.7666666666666667,0.7666666666666667,new,rf,23,6,1,90,1944,efc966c-dirty,30.0,2.0
Subject226,30,0.9066666666666667,0.9333333333333333,0.9333333333333333,recorded,rf,23,6,1,90,1944,efc966c-dirty,30.0,2.0
Subject516,30,1.0,1.0,1.0,recorded,rf,23,6,1,90,1944,efc966c-dirty,30.0,2.0
Subject571,30,1.0,1.0,1.0,recorded,rf,23,6,1,90,1944,efc966c-dirty,30.0,2.0
Subject729,60,1.0,1.0,1.0,recorded,rf,23,6,1,90,1944,efc966c-dirty,30.0,2.0
Subject867,60,0.8338298738298738,0.85,0.85,recorded,rf,23,6,1,90,1944,efc966c-dirty,30.0,2.0
Subject877,60,0.9506878306878307,0.95,0.95,recorded,rf,23,6,1,90,1944,efc966c-dirty,30.0,2.0
Subject353,60,0.7666378066378067,0.7833333333333333,0.7833333333333333,new,rf,23,6,2,180,3829,efc966c-dirty,30.0,2.0
Subject354,60,0.8142857142857143,0.8333333333333334,0.8333333333333334,new,rf,23,6,2,180,3829,efc966c-dirty,30.0,2.0
Subject424,60,0.6302837902837903,0.6833333333333333,0.6833333333333333,new,rf,23,6,2,180,3829,efc966c-dirty,30.0,2.0
Subject455,60,0.870918710918711,0.8833333333333333,0.8833333333333333,new,rf,23,6,2,180,3829,efc966c-dirty,30.0,2.0
Subject494,60,0.4376661350345561,0.5333333333333333,0.5333333333333333,new,rf,23,6,2,180,3829,efc966c-dirty,30.0,2.0
Subject731,30,0.7333333333333332,0.7666666666666667,0.7666666666666667,new,rf,23,6,2,180,3829,efc966c-dirty,30.0,2.0
Subject226,30,0.9333333333333332,0.9333333333333333,0.9333333333333333,recorded,rf,23,6,2,180,3829,efc966c-dirty,30.0,2.0
Subject516,30,1.0,1.0,1.0,recorded,rf,23,6,2,180,3829,efc966c-dirty,30.0,2.0
Subject571,30,1.0,1.0,1.0,recorded,rf,23,6,2,180,3829,efc966c-dirty,30.0,2.0
Subject729,60,0.9830687830687831,0.9833333333333333,0.9833333333333333,recorded,rf,23,6,2,180,3829,efc966c-dirty,30.0,2.0
Subject867,60,0.8901587301587301,0.9,0.9,recorded,rf,23,6,2,180,3829,efc966c-dirty,30.0,2.0
Subject877,60,0.8941798941798942,0.9166666666666666,0.9166666666666666,recorded,rf,23,6,2,180,3829,efc966c-dirty,30.0,2.0
Subject353,60,0.7286435786435786,0.7333333333333333,0.7333333333333333,new,rf,23,8,1,120,2528,efc966c-dirty,30.0,2.0
Subject354,60,0.852929292929293,0.8666666666666667,0.8666666666666667,new,rf,23,8,1,120,2528,efc966c-dirty,30.0,2.0
Subject424,60,0.7253968253968254,0.7666666666666667,0.7666666666666667,new,rf,23,8,1,120,2528,efc966c-dirty,30.0,2.0
Subject455,60,0.83012506012506,0.85,0.85,new,rf,23,8,1,120,2528,efc966c-dirty,30.0,2.0
Subject494,60,0.5055497329181541,0.6,0.6,new,rf,23,8,1,120,2528,efc966c-dirty,30.0,2.0
Subject731,30,0.7333333333333332,0.7666666666666667,0.7666666666666667,new,rf,23,8,1,120,2528,efc966c-dirty,30.0,2.0
Subject226,30,0.8422222222222222,0.8666666666666667,0.8666666666666667,recorded,rf,23,8,1,120,2528,efc966c-dirty,30.0,2.0
Subject376,60,0.8002645502645503,0.8166666666666667,0.8166666666666667,recorded,rf,23,8,1,120,2528,efc966c-dirty,30.0,2.0
Subject516,30,1.0,1.0,1.0,recorded,rf,23,8,1,120,2528,efc966c-dirty,30.0,2.0
Subject561,60,1.0,1.0,1.0,recorded,rf,23,8,1,120,2528,efc966c-dirty,30.0,2.0
Subject571,30,0.9111111111111111,0.9333333333333333,0.9333333333333333,recorded,rf,23,8,1,120,2528,efc966c-dirty,30.0,2.0
Subject729,60,0.9460317460317461,0.95,0.95,recorded,rf,23,8,1,120,2528,efc966c-dirty,30.0,2.0
Subject867,60,0.8240944240944241,0.85,0.85,recorded,rf,23,8,1,120,2528,efc966c-dirty,30.0,2.0
Subject877,60,0.9506878306878307,0.95,0.95,recorded,rf,23,8,1,120,2528,efc966c-dirty,30.0,2.0
Subject353,60,0.7666378066378066,0.7833333333333333,0.7833333333333333,new,rf,23,8,2,240,4971,efc966c-dirty,30.0,2.0
Subject354,60,0.841077441077441,0.8666666666666667,0.8666666666666667,new,rf,23,8,2,240,4971,efc966c-dirty,30.0,2.0
Subject424,60,0.6662289562289563,0.7333333333333333,0.7333333333333333,new,rf,23,8,2,240,4971,efc966c-dirty,30.0,2.0
Subject455,60,0.832010582010582,0.85,0.85,new,rf,23,8,2,240,4971,efc966c-dirty,30.0,2.0
Subject494,60,0.49117262854104965,0.5666666666666667,0.5666666666666667,new,rf,23,8,2,240,4971,efc966c-dirty,30.0,2.0
Subject731,30,0.7333333333333332,0.7666666666666667,0.7666666666666667,new,rf,23,8,2,240,4971,efc966c-dirty,30.0,2.0
Subject226,30,0.9333333333333332,0.9333333333333333,0.9333333333333333,recorded,rf,23,8,2,240,4971,efc966c-dirty,30.0,2.0
Subject376,60,0.8980952380952381,0.9,0.9,recorded,rf,23,8,2,240,4971,efc966c-dirty,30.0,2.0
Subject516,30,1.0,1.0,1.0,recorded,rf,23,8,2,240,4971,efc966c-dirty,30.0,2.0
Subject561,60,1.0,1.0,1.0,recorded,rf,23,8,2,240,4971,efc966c-dirty,30.0,2.0
Subject571,30,1.0,1.0,1.0,recorded,rf,23,8,2,240,4971,efc966c-dirty,30.0,2.0
Subject729,60,0.9830687830687831,0.9833333333333333,0.9833333333333333,recorded,rf,23,8,2,240,4971,efc966c-dirty,30.0,2.0
Subject867,60,0.8541798941798943,0.8666666666666667,0.8666666666666667,recorded,rf,23,8,2,240,4971,efc966c-dirty,30.0,2.0
Subject877,60,0.9830687830687831,0.9833333333333333,0.9833333333333333,recorded,rf,23,8,2,240,4971,efc966c-dirty,30.0,2.0
Subject353,60,0.7739549339549341,0.8,0.8,new,rf,23,12,1,180,3726,efc966c-dirty,30.0,2.0
Subject354,60,0.8537037037037037,0.8666666666666667,0.8666666666666667,new,rf,23,12,1,180,3726,efc966c-dirty,30.0,2.0
Subject424,60,0.7746031746031746,0.8,0.8,new,rf,23,12,1,180,3726,efc966c-dirty,30.0,2.0
Subject455,60,0.9139153439153439,0.9166666666666666,0.9166666666666666,new,rf,23,12,1,180,3726,efc966c-dirty,30.0,2.0
Subject494,60,0.5395082477435419,0.6166666666666667,0.6166666666666667,new,rf,23,12,1,180,3726,efc966c-dirty,30.0,2.0
Subject731,30,0.7777777777777778,0.8,0.8,new,rf,23,12,1,180,3726,efc966c-dirty,30.0,2.0
Subject226,30,0.8422222222222222,0.8666666666666667,0.8666666666666667,recorded,rf,23,12,1,180,3726,efc966c-dirty,30.0,2.0
Subject352,30,0.9644444444444444,0.9666666666666667,0.9666666666666667,recorded,rf,23,12,1,180,3726,efc966c-dirty,30.0,2.0
Subject376,60,0.8825396825396825,0.9,0.9,recorded,rf,23,12,1,180,3726,efc966c-dirty,30.0,2.0
Subject516,30,1.0,1.0,1.0,recorded,rf,23,12,1,180,3726,efc966c-dirty,30.0,2.0
Subject561,60,0.9644444444444444,0.9666666666666667,0.9666666666666667,recorded,rf,23,12,1,180,3726,efc966c-dirty,30.0,2.0
Subject571,30,1.0,1.0,1.0,recorded,rf,23,12,1,180,3726,efc966c-dirty,30.0,2.0
Subject580,90,0.8493114293114292,0.8555555555555556,0.8555555555555555,recorded,rf,23,12,1,180,3726,efc966c-dirty,30.0,2.0
Subject729,60,1.0,1.0,1.0,recorded,rf,23,12,1,180,3726,efc966c-dirty,30.0,2.0
Subject741,60,0.8300721500721501,0.85,0.85,recorded,rf,23,12,1,180,3726,efc966c-dirty,30.0,2.0
Subject867,60,0.8444444444444444,0.8666666666666667,0.8666666666666667,recorded,rf,23,12,1,180,3726,efc966c-dirty,30.0,2.0
Subject877,60,0.9644444444444444,0.9666666666666667,0.9666666666666667,recorded,rf,23,12,1,180,3726,efc966c-dirty,30.0,2.0
Subject890,30,0.9111111111111111,0.9333333333333333,0.9333333333333333,recorded,rf,23,12,1,180,3726,efc966c-dirty,30.0,2.0
Subject353,60,0.8058393458393458,0.8333333333333334,0.8333333333333334,new,rf,23,12,2,360,7376,efc966c-dirty,30.0,2.0
Subject354,60,0.8205098605098604,0.85,0.85,new,rf,23,12,2,360,7376,efc966c-dirty,30.0,2.0
Subject424,60,0.7844540644540644,0.8,0.8,new,rf,23,12,2,360,7376,efc966c-dirty,30.0,2.0
Subject455,60,0.9322751322751324,0.9333333333333333,0.9333333333333333,new,rf,23,12,2,360,7376,efc966c-dirty,30.0,2.0
Subject494,60,0.5592871066555278,0.65,0.65,new,rf,23,12,2,360,7376,efc966c-dirty,30.0,2.0
Subject731,30,0.7333333333333332,0.7666666666666667,0.7666666666666667,new,rf,23,12,2,360,7376,efc966c-dirty,30.0,2.0
Subject226,30,0.9333333333333332,0.9333333333333333,0.9333333333333333,recorded,rf,23,12,2,360,7376,efc966c-dirty,30.0,2.0
Subject352,30,0.9644444444444444,0.9666666666666667,0.9666666666666667,recorded,rf,23,12,2,360,7376,efc966c-dirty,30.0,2.0
Subject376,60,0.9189033189033188,0.9166666666666666,0.9166666666666666,recorded,rf,23,12,2,360,7376,efc966c-dirty,30.0,2.0
Subject516,30,1.0,1.0,1.0,recorded,rf,23,12,2,360,7376,efc966c-dirty,30.0,2.0
Subject561,60,1.0,1.0,1.0,recorded,rf,23,12,2,360,7376,efc966c-dirty,30.0,2.0
Subject571,30,1.0,1.0,1.0,recorded,rf,23,12,2,360,7376,efc966c-dirty,30.0,2.0
Subject580,90,0.9048429348429348,0.9111111111111111,0.9111111111111111,recorded,rf,23,12,2,360,7376,efc966c-dirty,30.0,2.0
Subject729,60,1.0,1.0,1.0,recorded,rf,23,12,2,360,7376,efc966c-dirty,30.0,2.0
Subject741,60,0.9096296296296296,0.9166666666666666,0.9166666666666666,recorded,rf,23,12,2,360,7376,efc966c-dirty,30.0,2.0
Subject867,60,0.8711111111111111,0.8833333333333333,0.8833333333333333,recorded,rf,23,12,2,360,7376,efc966c-dirty,30.0,2.0
Subject877,60,1.0,1.0,1.0,recorded,rf,23,12,2,360,7376,efc966c-dirty,30.0,2.0
Subject890,30,0.9111111111111111,0.9333333333333333,0.9333333333333333,recorded,rf,23,12,2,360,7376,efc966c-dirty,30.0,2.0
Subject353,60,0.7872882672882674,0.8,0.8,new,rf,23,16,1,240,5094,efc966c-dirty,30.0,2.0
Subject354,60,0.7722943722943721,0.8,0.8,new,rf,23,16,1,240,5094,efc966c-dirty,30.0,2.0
Subject424,60,0.7256758056758057,0.7666666666666667,0.7666666666666667,new,rf,23,16,1,240,5094,efc966c-dirty,30.0,2.0
Subject455,60,0.8205098605098604,0.85,0.85,new,rf,23,16,1,240,5094,efc966c-dirty,30.0,2.0
Subject494,60,0.6012890812890813,0.6666666666666666,0.6666666666666666,new,rf,23,16,1,240,5094,efc966c-dirty,30.0,2.0
Subject731,30,0.8533333333333334,0.8666666666666667,0.8666666666666667,new,rf,23,16,1,240,5094,efc966c-dirty,30.0,2.0
Subject139,60,0.9037037037037037,0.9166666666666666,0.9166666666666666,recorded,rf,23,16,1,240,5094,efc966c-dirty,30.0,2.0
Subject147,31,0.8955555555555555,0.9,0.9032258064516129,recorded,rf,23,16,1,240,5094,efc966c-dirty,30.0,2.0
Subject226,30,0.8422222222222222,0.8666666666666667,0.8666666666666667,recorded,rf,23,16,1,240,5094,efc966c-dirty,30.0,2.0
Subject352,30,0.9111111111111111,0.9333333333333333,0.9333333333333333,recorded,rf,23,16,1,240,5094,efc966c-dirty,30.0,2.0
Subject376,60,0.8825396825396825,0.9,0.9,recorded,rf,23,16,1,240,5094,efc966c-dirty,30.0,2.0
Subject516,30,0.9644444444444444,0.9666666666666667,0.9666666666666667,recorded,rf,23,16,1,240,5094,efc966c-dirty,30.0,2.0
Subject561,60,0.9661375661375662,0.9666666666666667,0.9666666666666667,recorded,rf,23,16,1,240,5094,efc966c-dirty,30.0,2.0
Subject571,30,1.0,1.0,1.0,recorded,rf,23,16,1,240,5094,efc966c-dirty,30.0,2.0
Subject580,90,0.8948662448662448,0.9,0.9,recorded,rf,23,16,1,240,5094,efc966c-dirty,30.0,2.0
Subject611,60,0.9830687830687831,0.9833333333333333,0.9833333333333333,recorded,rf,23,16,1,240,5094,efc966c-dirty,30.0,2.0
Subject729,60,0.9830687830687831,0.9833333333333333,0.9833333333333333,recorded,rf,23,16,1,240,5094,efc966c-dirty,30.0,2.0
Subject741,60,0.8450937950937951,0.8666666666666667,0.8666666666666667,recorded,rf,23,16,1,240,5094,efc966c-dirty,30.0,2.0
Subject867,60,0.8275132275132274,0.85,0.85,recorded,rf,23,16,1,240,5094,efc966c-dirty,30.0,2.0
Subject877,60,0.9475132275132275,0.95,0.95,recorded,rf,23,16,1,240,5094,efc966c-dirty,30.0,2.0
Subject890,30,0.8755555555555555,0.9,0.9,recorded,rf,23,16,1,240,5094,efc966c-dirty,30.0,2.0
Subject969,30,0.7977777777777777,0.8333333333333334,0.8333333333333334,recorded,rf,23,16,1,240,5094,efc966c-dirty,30.0,2.0
Subject353,60,0.8198808598808598,0.85,0.85,new,rf,23,16,2,480,10096,efc966c-dirty,30.0,2.0
Subject354,60,0.8341462241462241,0.85,0.85,new,rf,23,16,2,480,10096,efc966c-dirty,30.0,2.0
Subject424,60,0.8260520960520961,0.8333333333333334,0.8333333333333334,new,rf,23,16,2,480,10096,efc966c-dirty,30.0,2.0
Subject455,60,0.9291005291005291,0.9333333333333333,0.9333333333333333,new,rf,23,16,2,480,10096,efc966c-dirty,30.0,2.0
Subject494,60,0.6623953823953824,0.7166666666666667,0.7166666666666667,new,rf,23,16,2,480,10096,efc966c-dirty,30.0,2.0
Subject731,30,0.7999999999999999,0.8333333333333334,0.8333333333333334,new,rf,23,16,2,480,10096,efc966c-dirty,30.0,2.0
Subject139,60,0.9644444444444444,0.9666666666666667,0.9666666666666667,recorded,rf,23,16,2,480,10096,efc966c-dirty,30.0,2.0
Subject147,31,0.9311111111111111,0.9333333333333333,0.9354838709677419,recorded,rf,23,16,2,480,10096,efc966c-dirty,30.0,2.0
Subject226,30,0.9333333333333332,0.9333333333333333,0.9333333333333333,recorded,rf,23,16,2,480,10096,efc966c-dirty,30.0,2.0
Subject352,30,0.8755555555555555,0.9,0.9,recorded,rf,23,16,2,480,10096,efc966c-dirty,30.0,2.0
Subject376,60,0.9189033189033188,0.9166666666666666,0.9166666666666666,recorded,rf,23,16,2,480,10096,efc966c-dirty,30.0,2.0
Subject516,30,0.9644444444444444,0.9666666666666667,0.9666666666666667,recorded,rf,23,16,2,480,10096,efc966c-dirty,30.0,2.0
Subject561,60,1.0,1.0,1.0,recorded,rf,23,16,2,480,10096,efc966c-dirty,30.0,2.0
Subject571,30,1.0,1.0,1.0,recorded,rf,23,16,2,480,10096,efc966c-dirty,30.0,2.0
Subject580,90,0.8888527159115394,0.888888888888889,0.8888888888888888,recorded,rf,23,16,2,480,10096,efc966c-dirty,30.0,2.0
Subject611,60,0.9830687830687831,0.9833333333333333,0.9833333333333333,recorded,rf,23,16,2,480,10096,efc966c-dirty,30.0,2.0
Subject729,60,1.0,1.0,1.0,recorded,rf,23,16,2,480,10096,efc966c-dirty,30.0,2.0
Subject741,60,0.9244444444444444,0.9333333333333333,0.9333333333333333,recorded,rf,23,16,2,480,10096,efc966c-dirty,30.0,2.0
Subject867,60,0.8632996632996632,0.8833333333333333,0.8833333333333333,recorded,rf,23,16,2,480,10096,efc966c-dirty,30.0,2.0
Subject877,60,0.9830687830687831,0.9833333333333333,0.9833333333333333,recorded,rf,23,16,2,480,10096,efc966c-dirty,30.0,2.0
Subject890,30,0.9644444444444444,0.9666666666666667,0.9666666666666667,recorded,rf,23,16,2,480,10096,efc966c-dirty,30.0,2.0
Subject969,30,0.9111111111111111,0.9333333333333333,0.9333333333333333,recorded,rf,23,16,2,480,10096,efc966c-dirty,30.0,2.0
Subject353,60,0.7554689754689755,0.7666666666666667,0.7666666666666667,new,rf,23,17,1,255,5431,efc966c-dirty,30.0,2.0
Subject354,60,0.8563684463684463,0.8666666666666667,0.8666666666666667,new,rf,23,17,1,255,5431,efc966c-dirty,30.0,2.0
Subject424,60,0.7612313612313613,0.8,0.8,new,rf,23,17,1,255,5431,efc966c-dirty,30.0,2.0
Subject455,60,0.8405483405483405,0.8666666666666667,0.8666666666666667,new,rf,23,17,1,255,5431,efc966c-dirty,30.0,2.0
Subject494,60,0.567507404875826,0.6166666666666667,0.6166666666666667,new,rf,23,17,1,255,5431,efc966c-dirty,30.0,2.0
Subject731,30,0.7955555555555556,0.8333333333333334,0.8333333333333334,new,rf,23,17,1,255,5431,efc966c-dirty,30.0,2.0
Subject139,60,0.9288888888888888,0.9333333333333333,0.9333333333333333,recorded,rf,23,17,1,255,5431,efc966c-dirty,30.0,2.0
Subject147,31,0.8533333333333334,0.8666666666666667,0.8709677419354839,recorded,rf,23,17,1,255,5431,efc966c-dirty,30.0,2.0
Subject226,30,0.8422222222222222,0.8666666666666667,0.8666666666666667,recorded,rf,23,17,1,255,5431,efc966c-dirty,30.0,2.0
Subject352,30,0.9111111111111111,0.9333333333333333,0.9333333333333333,recorded,rf,23,17,1,255,5431,efc966c-dirty,30.0,2.0
Subject376,60,0.8621896621896622,0.8833333333333333,0.8833333333333333,recorded,rf,23,17,1,255,5431,efc966c-dirty,30.0,2.0
Subject516,30,1.0,1.0,1.0,recorded,rf,23,17,1,255,5431,efc966c-dirty,30.0,2.0
Subject561,60,0.9312169312169313,0.9333333333333333,0.9333333333333333,recorded,rf,23,17,1,255,5431,efc966c-dirty,30.0,2.0
Subject571,30,1.0,1.0,1.0,recorded,rf,23,17,1,255,5431,efc966c-dirty,30.0,2.0
Subject580,90,0.8773729973729972,0.8777777777777778,0.8777777777777778,recorded,rf,23,17,1,255,5431,efc966c-dirty,30.0,2.0
Subject611,60,0.9830687830687831,0.9833333333333333,0.9833333333333333,recorded,rf,23,17,1,255,5431,efc966c-dirty,30.0,2.0
Subject729,60,0.9830687830687831,0.9833333333333333,0.9833333333333333,recorded,rf,23,17,1,255,5431,efc966c-dirty,30.0,2.0
Subject741,60,0.8719576719576719,0.8833333333333333,0.8833333333333333,recorded,rf,23,17,1,255,5431,efc966c-dirty,30.0,2.0
Subject819,60,0.924886964886965,0.9333333333333333,0.9333333333333333,recorded,rf,23,17,1,255,5431,efc966c-dirty,30.0,2.0
Subject867,60,0.8541798941798943,0.8666666666666667,0.8666666666666667,recorded,rf,23,17,1,255,5431,efc966c-dirty,30.0,2.0
Subject877,60,1.0,1.0,1.0,recorded,rf,23,17,1,255,5431,efc966c-dirty,30.0,2.0
Subject890,30,0.8755555555555555,0.9,0.9,recorded,rf,23,17,1,255,5431,efc966c-dirty,30.0,2.0
Subject969,30,0.7977777777777777,0.8333333333333334,0.8333333333333334,recorded,rf,23,17,1,255,5431,efc966c-dirty,30.0,2.0
Subject353,60,0.788908128908129,0.8166666666666667,0.8166666666666667,new,rf,23,17,2,510,10780,efc966c-dirty,30.0,2.0
Subject354,60,0.8341462241462241,0.85,0.85,new,rf,23,17,2,510,10780,efc966c-dirty,30.0,2.0
Subject424,60,0.7827798127798128,0.8,0.8,new,rf,23,17,2,510,10780,efc966c-dirty,30.0,2.0
Subject455,60,0.8738816738816737,0.9,0.9,new,rf,23,17,2,510,10780,efc966c-dirty,30.0,2.0
Subject494,60,0.6160211133895345,0.6833333333333333,0.6833333333333333,new,rf,23,17,2,510,10780,efc966c-dirty,30.0,2.0
Subject731,30,0.7999999999999999,0.8333333333333334,0.8333333333333334,new,rf,23,17,2,510,10780,efc966c-dirty,30.0,2.0
Subject139,60,0.9288888888888888,0.9333333333333333,0.9333333333333333,recorded,rf,23,17,2,510,10780,efc966c-dirty,30.0,2.0
Subject147,31,0.9311111111111111,0.9333333333333333,0.9354838709677419,recorded,rf,23,17,2,510,10780,efc966c-dirty,30.0,2.0
Subject226,30,0.9333333333333332,0.9333333333333333,0.9333333333333333,recorded,rf,23,17,2,510,10780,efc966c-dirty,30.0,2.0
Subject352,30,0.8755555555555555,0.9,0.9,recorded,rf,23,17,2,510,10780,efc966c-dirty,30.0,2.0
Subject376,60,0.901972101972102,0.9,0.9,recorded,rf,23,17,2,510,10780,efc966c-dirty,30.0,2.0
Subject516,30,0.9644444444444444,0.9666666666666667,0.9666666666666667,recorded,rf,23,17,2,510,10780,efc966c-dirty,30.0,2.0
Subject561,60,0.9830687830687831,0.9833333333333333,0.9833333333333333,recorded,rf,23,17,2,510,10780,efc966c-dirty,30.0,2.0
Subject571,30,1.0,1.0,1.0,recorded,rf,23,17,2,510,10780,efc966c-dirty,30.0,2.0
Subject580,90,0.897164502164502,0.9,0.9,recorded,rf,23,17,2,510,10780,efc966c-dirty,30.0,2.0
Subject611,60,0.9830687830687831,0.9833333333333333,0.9833333333333333,recorded,rf,23,17,2,510,10780,efc966c-dirty,30.0,2.0
Subject729,60,1.0,1.0,1.0,recorded,rf,23,17,2,510,10780,efc966c-dirty,30.0,2.0
Subject741,60,0.9244444444444444,0.9333333333333333,0.9333333333333333,recorded,rf,23,17,2,510,10780,efc966c-dirty,30.0,2.0
Subject819,60,0.924886964886965,0.9333333333333333,0.9333333333333333,recorded,rf,23,17,2,510,10780,efc966c-dirty,30.0,2.0
Subject867,60,0.8748869648869649,0.8833333333333333,0.8833333333333333,recorded,rf,23,17,2,510,10780,efc966c-dirty,30.0,2.0
Subject877,60,0.9661375661375662,0.9666666666666667,0.9666666666666667,recorded,rf,23,17,2,510,10780,efc966c-dirty,30.0,2.0
Subject890,30,1.0,1.0,1.0,recorded,rf,23,17,2,510,10780,efc966c-dirty,30.0,2.0
Subject969,30,0.8469841269841271,0.8666666666666667,0.8666666666666667,recorded,rf,23,17,2,510,10780,efc966c-dirty,30.0,2.0
Subject139,60,0.8944107744107743,0.9,0.9,new,rf,24,2,1,30,609,efc966c-dirty,30.0,2.0
Subject352,30,0.7892063492063492,0.8333333333333334,0.8333333333333334,new,rf,24,2,1,30,609,efc966c-dirty,30.0,2.0
Subject353,60,0.555983645983646,0.5833333333333334,0.5833333333333334,new,rf,24,2,1,30,609,efc966c-dirty,30.0,2.0
Subject611,60,0.8109187109187109,0.8333333333333334,0.8333333333333334,new,rf,24,2,1,30,609,efc966c-dirty,30.0,2.0
Subject877,60,0.7913419913419912,0.8333333333333334,0.8333333333333334,new,rf,24,2,1,30,609,efc966c-dirty,30.0,2.0
Subject890,30,0.6314285714285715,0.7,0.7,new,rf,24,2,1,30,609,efc966c-dirty,30.0,2.0
Subject516,30,0.8755555555555555,0.9,0.9,recorded,rf,24,2,1,30,609,efc966c-dirty,30.0,2.0
Subject819,60,0.9248869648869648,0.9333333333333333,0.9333333333333333,recorded,rf,24,2,1,30,609,efc966c-dirty,30.0,2.0
Subject139,60,0.8243589743589743,0.8333333333333334,0.8333333333333334,new,rf,24,2,2,60,1236,efc966c-dirty,30.0,2.0
Subject352,30,0.7333333333333332,0.8,0.8,new,rf,24,2,2,60,1236,efc966c-dirty,30.0,2.0
Subject353,60,0.5866859066859066,0.6,0.6,new,rf,24,2,2,60,1236,efc966c-dirty,30.0,2.0
Subject611,60,0.683068783068783,0.7333333333333333,0.7333333333333333,new,rf,24,2,2,60,1236,efc966c-dirty,30.0,2.0
Subject877,60,0.7937913937913937,0.8333333333333334,0.8333333333333334,new,rf,24,2,2,60,1236,efc966c-dirty,30.0,2.0
Subject890,30,0.645079365079365,0.7,0.7,new,rf,24,2,2,60,1236,efc966c-dirty,30.0,2.0
Subject516,30,0.9111111111111111,0.9333333333333333,0.9333333333333333,recorded,rf,24,2,2,60,1236,efc966c-dirty,30.0,2.0
Subject819,60,0.9475132275132275,0.95,0.95,recorded,rf,24,2,2,60,1236,efc966c-dirty,30.0,2.0
Subject139,60,0.8414814814814815,0.85,0.85,new,rf,24,4,1,60,1077,efc966c-dirty,30.0,2.0
Subject352,30,0.7333333333333332,0.8,0.8,new,rf,24,4,1,60,1077,efc966c-dirty,30.0,2.0
Subject353,60,0.6927080327080328,0.7166666666666667,0.7166666666666667,new,rf,24,4,1,60,1077,efc966c-dirty,30.0,2.0
Subject611,60,0.9475132275132275,0.95,0.95,new,rf,24,4,1,60,1077,efc966c-dirty,30.0,2.0
Subject877,60,0.9305820105820106,0.9333333333333333,0.9333333333333333,new,rf,24,4,1,60,1077,efc966c-dirty,30.0,2.0
Subject890,30,0.7977777777777778,0.8333333333333334,0.8333333333333334,new,rf,24,4,1,60,1077,efc966c-dirty,30.0,2.0
Subject354,60,0.9830687830687831,0.9833333333333333,0.9833333333333333,recorded,rf,24,4,1,60,1077,efc966c-dirty,30.0,2.0
Subject516,30,0.9066666666666667,0.9333333333333333,0.9333333333333333,recorded,rf,24,4,1,60,1077,efc966c-dirty,30.0,2.0
Subject741,60,0.8755555555555556,0.8833333333333333,0.8833333333333333,recorded,rf,24,4,1,60,1077,efc966c-dirty,30.0,2.0
Subject819,60,0.8677441077441077,0.8833333333333333,0.8833333333333333,recorded,rf,24,4,1,60,1077,efc966c-dirty,30.0,2.0
Subject139,60,0.8188552188552186,0.8333333333333334,0.8333333333333334,new,rf,24,4,2,120,2171,efc966c-dirty,30.0,2.0
Subject352,30,0.7333333333333332,0.8,0.8,new,rf,24,4,2,120,2171,efc966c-dirty,30.0,2.0
Subject353,60,0.735930735930736,0.7666666666666667,0.7666666666666667,new,rf,24,4,2,120,2171,efc966c-dirty,30.0,2.0
Subject611,60,0.8811832611832612,0.8833333333333333,0.8833333333333333,new,rf,24,4,2,120,2171,efc966c-dirty,30.0,2.0
Subject877,60,0.9305820105820107,0.9333333333333333,0.9333333333333333,new,rf,24,4,2,120,2171,efc966c-dirty,30.0,2.0
Subject890,30,0.7977777777777778,0.8333333333333334,0.8333333333333334,new,rf,24,4,2,120,2171,efc966c-dirty,30.0,2.0
Subject354,60,0.9661375661375663,0.9666666666666667,0.9666666666666667,recorded,rf,24,4,2,120,2171,efc966c-dirty,30.0,2.0
Subject516,30,0.9644444444444444,0.9666666666666667,0.9666666666666667,recorded,rf,24,4,2,120,2171,efc966c-dirty,30.0,2.0
Subject741,60,0.9137566137566137,0.9166666666666666,0.9166666666666666,recorded,rf,24,4,2,120,2171,efc966c-dirty,30.0,2.0
Subject819,60,0.9331409331409332,0.9333333333333333,0.9333333333333333,recorded,rf,24,4,2,120,2171,efc966c-dirty,30.0,2.0
Subject139,60,0.9141798941798942,0.9166666666666666,0.9166666666666666,new,rf,24,6,1,90,1646,efc966c-dirty,30.0,2.0
Subject352,30,0.8222222222222222,0.8666666666666667,0.8666666666666667,new,rf,24,6,1,90,1646,efc966c-dirty,30.0,2.0
Subject353,60,0.682982202982203,0.7166666666666667,0.7166666666666667,new,rf,24,6,1,90,1646,efc966c-dirty,30.0,2.0
Subject611,60,0.9644444444444444,0.9666666666666667,0.9666666666666667,new,rf,24,6,1,90,1646,efc966c-dirty,30.0,2.0
Subject877,60,0.9661375661375662,0.9666666666666667,0.9666666666666667,new,rf,24,6,1,90,1646,efc966c-dirty,30.0,2.0
Subject890,30,0.7977777777777778,0.8333333333333334,0.8333333333333334,new,rf,24,6,1,90,1646,efc966c-dirty,30.0,2.0
Subject354,60,0.9830687830687831,0.9833333333333333,0.9833333333333333,recorded,rf,24,6,1,90,1646,efc966c-dirty,30.0,2.0
Subject516,30,0.9288888888888889,0.9333333333333333,0.9333333333333333,recorded,rf,24,6,1,90,1646,efc966c-dirty,30.0,2.0
Subject731,30,0.9333333333333332,0.9333333333333333,0.9333333333333333,recorded,rf,24,6,1,90,1646,efc966c-dirty,30.0,2.0
Subject741,60,0.9346560846560846,0.9333333333333333,0.9333333333333333,recorded,rf,24,6,1,90,1646,efc966c-dirty,30.0,2.0
Subject819,60,0.8656084656084656,0.8833333333333333,0.8833333333333333,recorded,rf,24,6,1,90,1646,efc966c-dirty,30.0,2.0
Subject867,60,0.9311111111111111,0.9333333333333333,0.9333333333333333,recorded,rf,24,6,1,90,1646,efc966c-dirty,30.0,2.0
Subject139,60,0.9475132275132275,0.95,0.95,new,rf,24,6,2,180,3315,efc966c-dirty,30.0,2.0
Subject352,30,0.7066666666666667,0.7333333333333333,0.7333333333333333,new,rf,24,6,2,180,3315,efc966c-dirty,30.0,2.0
Subject353,60,0.7521885521885523,0.8,0.8,new,rf,24,6,2,180,3315,efc966c-dirty,30.0,2.0
Subject611,60,0.910918710918711,0.9166666666666666,0.9166666666666666,new,rf,24,6,2,180,3315,efc966c-dirty,30.0,2.0
Subject877,60,0.9475132275132275,0.95,0.95,new,rf,24,6,2,180,3315,efc966c-dirty,30.0,2.0
Subject890,30,0.7977777777777778,0.8333333333333334,0.8333333333333334,new,rf,24,6,2,180,3315,efc966c-dirty,30.0,2.0
Subject354,60,0.9830687830687831,0.9833333333333333,0.9833333333333333,recorded,rf,24,6,2,180,3315,efc966c-dirty,30.0,2.0
Subject516,30,0.9644444444444444,0.9666666666666667,0.9666666666666667,recorded,rf,24,6,2,180,3315,efc966c-dirty,30.0,2.0
Subject731,30,0.9644444444444444,0.9666666666666667,0.9666666666666667,recorded,rf,24,6,2,180,3315,efc966c-dirty,30.0,2.0
Subject741,60,0.9497354497354498,0.95,0.95,recorded,rf,24,6,2,180,3315,efc966c-dirty,30.0,2.0
Subject819,60,0.924886964886965,0.9333333333333333,0.9333333333333333,recorded,rf,24,6,2,180,3315,efc966c-dirty,30.0,2.0
Subject867,60,0.9311111111111111,0.9333333333333333,0.9333333333333333,recorded,rf,24,6,2,180,3315,efc966c-dirty,30.0,2.0
Subject139,60,0.8941798941798942,0.9166666666666666,0.9166666666666666,new,rf,24,8,1,120,2481,efc966c-dirty,30.0,2.0
Subject352,30,0.7866666666666666,0.8333333333333334,0.8333333333333334,new,rf,24,8,1,120,2481,efc966c-dirty,30.0,2.0
Subject353,60,0.6806216006216007,0.6833333333333333,0.6833333333333333,new,rf,24,8,1,120,2481,efc966c-dirty,30.0,2.0
Subject611,60,0.9661375661375662,0.9666666666666667,0.9666666666666667,new,rf,24,8,1,120,2481,efc966c-dirty,30.0,2.0
Subject877,60,0.9830687830687831,0.9833333333333333,0.9833333333333333,new,rf,24,8,1,120,2481,efc966c-dirty,30.0,2.0
Subject890,30,0.758095238095238,0.8,0.8,new,rf,24,8,1,120,2481,efc966c-dirty,30.0,2.0
Subject354,60,0.9661375661375662,0.9666666666666667,0.9666666666666667,recorded,rf,24,8,1,120,2481,efc966c-dirty,30.0,2.0
Subject516,30,0.9644444444444444,0.9666666666666667,0.9666666666666667,recorded,rf,24,8,1,120,2481,efc966c-dirty,30.0,2.0
Subject561,60,0.9079557479557481,0.9166666666666666,0.9166666666666666,recorded,rf,24,8,1,120,2481,efc966c-dirty,30.0,2.0
Subject731,30,0.8825396825396826,0.9,0.9,recorded,rf,24,8,1,120,2481,efc966c-dirty,30.0,2.0
Subject741,60,0.8823472823472823,0.8833333333333333,0.8833333333333333,recorded,rf,24,8,1,120,2481,efc966c-dirty,30.0,2.0
Subject819,60,0.8517556517556517,0.8666666666666667,0.8666666666666667,recorded,rf,24,8,1,120,2481,efc966c-dirty,30.0,2.0
Subject867,60,0.8926984126984128,0.9,0.9,recorded,rf,24,8,1,120,2481,efc966c-dirty,30.0,2.0
Subject969,30,0.8755555555555555,0.9,0.9,recorded,rf,24,8,1,120,2481,efc966c-dirty,30.0,2.0
Subject139,60,0.8941798941798942,0.9166666666666666,0.9166666666666666,new,rf,24,8,2,240,4955,efc966c-dirty,30.0,2.0
Subject352,30,0.8755555555555555,0.9,0.9,new,rf,24,8,2,240,4955,efc966c-dirty,30.0,2.0
Subject353,60,0.7399134199134199,0.75,0.75,new,rf,24,8,2,240,4955,efc966c-dirty,30.0,2.0
Subject611,60,0.9676190476190477,0.9666666666666667,0.9666666666666667,new,rf,24,8,2,240,4955,efc966c-dirty,30.0,2.0
Subject877,60,1.0,1.0,1.0,new,rf,24,8,2,240,4955,efc966c-dirty,30.0,2.0
Subject890,30,0.9288888888888889,0.9333333333333333,0.9333333333333333,new,rf,24,8,2,240,4955,efc966c-dirty,30.0,2.0
Subject354,60,0.9830687830687831,0.9833333333333333,0.9833333333333333,recorded,rf,24,8,2,240,4955,efc966c-dirty,30.0,2.0
Subject516,30,0.9644444444444444,0.9666666666666667,0.9666666666666667,recorded,rf,24,8,2,240,4955,efc966c-dirty,30.0,2.0
Subject561,60,0.9830687830687831,0.9833333333333333,0.9833333333333333,recorded,rf,24,8,2,240,4955,efc966c-dirty,30.0,2.0
Subject731,30,1.0,1.0,1.0,recorded,rf,24,8,2,240,4955,efc966c-dirty,30.0,2.0
Subject741,60,0.9328042328042329,0.9333333333333333,0.9333333333333333,recorded,rf,24,8,2,240,4955,efc966c-dirty,30.0,2.0
Subject819,60,0.8786916786916787,0.9,0.9,recorded,rf,24,8,2,240,4955,efc966c-dirty,30.0,2.0
Subject867,60,0.9259259259259258,0.9333333333333333,0.9333333333333333,recorded,rf,24,8,2,240,4955,efc966c-dirty,30.0,2.0
Subject969,30,0.8469841269841271,0.8666666666666667,0.8666666666666667,recorded,rf,24,8,2,240,4955,efc966c-dirty,30.0,2.0
Subject139,60,0.9305820105820106,0.9333333333333333,0.9333333333333333,new,rf,24,12,1,180,3652,efc966c-dirty,30.0,2.0
Subject352,30,0.7866666666666666,0.8,0.8,new,rf,24,12,1,180,3652,efc966c-dirty,30.0,2.0
Subject353,60,0.7773737373737374,0.8,0.8,new,rf,24,12,1,180,3652,efc966c-dirty,30.0,2.0
Subject611,60,0.9676190476190477,0.9666666666666667,0.9666666666666667,new,rf,24,12,1,180,3652,efc966c-dirty,30.0,2.0
Subject877,60,0.9830687830687831,0.9833333333333333,0.9833333333333333,new,rf,24,12,1,180,3652,efc966c-dirty,30.0,2.0
Subject890,30,0.846984126984127,0.8666666666666667,0.8666666666666667,new,rf,24,12,1,180,3652,efc966c-dirty,30.0,2.0
Subject226,30,0.8933333333333333,0.9,0.9,recorded,rf,24,12,1,180,3652,efc966c-dirty,30.0,2.0
Subject354,60,0.9661375661375662,0.9666666666666667,0.9666666666666667,recorded,rf,24,12,1,180,3652,efc966c-dirty,30.0,2.0
Subject455,60,0.9830687830687831,0.9833333333333333,0.9833333333333333,recorded,rf,24,12,1,180,3652,efc966c-dirty,30.0,2.0
Subject494,60,0.9223280423280423,0.9333333333333333,0.9333333333333333,recorded,rf,24,12,1,180,3652,efc966c-dirty,30.0,2.0
Subject516,30,1.0,1.0,1.0,recorded,rf,24,12,1,180,3652,efc966c-dirty,30.0,2.0
Subject561,60,0.9082202982202983,0.9166666666666666,0.9166666666666666,recorded,rf,24,12,1,180,3652,efc966c-dirty,30.0,2.0
Subject729,60,0.9392592592592593,0.95,0.95,recorded,rf,24,12,1,180,3652,efc966c-dirty,30.0,2.0
Subject731,30,0.8825396825396826,0.9,0.9,recorded,rf,24,12,1,180,3652,efc966c-dirty,30.0,2.0
Subject741,60,0.9475132275132275,0.95,0.95,recorded,rf,24,12,1,180,3652,efc966c-dirty,30.0,2.0
Subject819,60,0.8386243386243386,0.85,0.85,recorded,rf,24,12,1,180,3652,efc966c-dirty,30.0,2.0
Subject867,60,0.8918181818181818,0.9,0.9,recorded,rf,24,12,1,180,3652,efc966c-dirty,30.0,2.0
Subject969,30,0.8888888888888888,0.9,0.9,recorded,rf,24,12,1,180,3652,efc966c-dirty,30.0,2.0
Subject139,60,0.9644444444444444,0.9666666666666667,0.9666666666666667,new,rf,24,12,2,360,7278,efc966c-dirty,30.0,2.0
Subject352,30,0.8088888888888889,0.8333333333333334,0.8333333333333334,new,rf,24,12,2,360,7278,efc966c-dirty,30.0,2.0
Subject353,60,0.7773737373737374,0.8,0.8,new,rf,24,12,2,360,7278,efc966c-dirty,30.0,2.0
Subject611,60,0.9500721500721501,0.95,0.95,new,rf,24,12,2,360,7278,efc966c-dirty,30.0,2.0
Subject877,60,1.0,1.0,1.0,new,rf,24,12,2,360,7278,efc966c-dirty,30.0,2.0
Subject890,30,0.846984126984127,0.8666666666666667,0.8666666666666667,new,rf,24,12,2,360,7278,efc966c-dirty,30.0,2.0
Subject226,30,0.9644444444444444,0.9666666666666667,0.9666666666666667,recorded,rf,24,12,2,360,7278,efc966c-dirty,30.0,2.0
Subject354,60,0.9830687830687831,0.9833333333333333,0.9833333333333333,recorded,rf,24,12,2,360,7278,efc966c-dirty,30.0,2.0
Subject455,60,1.0,1.0,1.0,recorded,rf,24,12,2,360,7278,efc966c-dirty,30.0,2.0
Subject494,60,0.924886964886965,0.9333333333333333,0.9333333333333333,recorded,rf,24,12,2,360,7278,efc966c-dirty,30.0,2.0
Subject516,30,0.9644444444444444,0.9666666666666667,0.9666666666666667,recorded,rf,24,12,2,360,7278,efc966c-dirty,30.0,2.0
Subject561,60,0.9485714285714286,0.95,0.95,recorded,rf,24,12,2,360,7278,efc966c-dirty,30.0,2.0
Subject729,60,1.0,1.0,1.0,recorded,rf,24,12,2,360,7278,efc966c-dirty,30.0,2.0
Subject731,30,1.0,1.0,1.0,recorded,rf,24,12,2,360,7278,efc966c-dirty,30.0,2.0
Subject741,60,0.9661375661375663,0.9666666666666667,0.9666666666666667,recorded,rf,24,12,2,360,7278,efc966c-dirty,30.0,2.0
Subject819,60,0.8941798941798942,0.9166666666666666,0.9166666666666666,recorded,rf,24,12,2,360,7278,efc966c-dirty,30.0,2.0
Subject867,60,0.8918181818181818,0.9,0.9,recorded,rf,24,12,2,360,7278,efc966c-dirty,30.0,2.0
Subject969,30,0.8825396825396825,0.9,0.9,recorded,rf,24,12,2,360,7278,efc966c-dirty,30.0,2.0
Subject139,60,0.8912890812890814,0.9,0.9,new,rf,24,16,1,240,4798,efc966c-dirty,30.0,2.0
Subject352,30,0.7866666666666666,0.8,0.8,new,rf,24,16,1,240,4798,efc966c-dirty,30.0,2.0
Subject353,60,0.791986531986532,0.8166666666666667,0.8166666666666667,new,rf,24,16,1,240,4798,efc966c-dirty,30.0,2.0
Subject611,60,0.9830687830687831,0.9833333333333333,0.9833333333333333,new,rf,24,16,1,240,4798,efc966c-dirty,30.0,2.0
Subject877,60,1.0,1.0,1.0,new,rf,24,16,1,240,4798,efc966c-dirty,30.0,2.0
Subject890,30,0.8800000000000001,0.9,0.9,new,rf,24,16,1,240,4798,efc966c-dirty,30.0,2.0
Subject147,31,0.9311111111111111,0.9333333333333333,0.9354838709677419,recorded,rf,24,16,1,240,4798,efc966c-dirty,30.0,2.0
Subject226,30,0.8355555555555555,0.8666666666666667,0.8666666666666667,recorded,rf,24,16,1,240,4798,efc966c-dirty,30.0,2.0
Subject354,60,0.9830687830687831,0.9833333333333333,0.9833333333333333,recorded,rf,24,16,1,240,4798,efc966c-dirty,30.0,2.0
Subject376,60,0.8478306878306879,0.8666666666666667,0.8666666666666667,recorded,rf,24,16,1,240,4798,efc966c-dirty,30.0,2.0
Subject455,60,0.9830687830687831,0.9833333333333333,0.9833333333333333,recorded,rf,24,16,1,240,4798,efc966c-dirty,30.0,2.0
Subject494,60,0.924886964886965,0.9333333333333333,0.9333333333333333,recorded,rf,24,16,1,240,4798,efc966c-dirty,30.0,2.0
Subject516,30,0.9644444444444444,0.9666666666666667,0.9666666666666667,recorded,rf,24,16,1,240,4798,efc966c-dirty,30.0,2.0
Subject561,60,0.8903896103896104,0.9,0.9,recorded,rf,24,16,1,240,4798,efc966c-dirty,30.0,2.0
Subject571,30,1.0,1.0,1.0,recorded,rf,24,16,1,240,4798,efc966c-dirty,30.0,2.0
Subject580,90,0.8837488002193884,0.888888888888889,0.8888888888888888,recorded,rf,24,16,1,240,4798,efc966c-dirty,30.0,2.0
Subject729,60,0.9644444444444444,0.9666666666666667,0.9666666666666667,recorded,rf,24,16,1,240,4798,efc966c-dirty,30.0,2.0
Subject731,30,0.8825396825396826,0.9,0.9,recorded,rf,24,16,1,240,4798,efc966c-dirty,30.0,2.0
Subject741,60,0.9418181818181818,0.95,0.95,recorded,rf,24,16,1,240,4798,efc966c-dirty,30.0,2.0
Subject819,60,0.8794324194324195,0.8833333333333333,0.8833333333333333,recorded,rf,24,16,1,240,4798,efc966c-dirty,30.0,2.0
Subject867,60,0.9259259259259258,0.9333333333333333,0.9333333333333333,recorded,rf,24,16,1,240,4798,efc966c-dirty,30.0,2.0
Subject969,30,0.8825396825396825,0.9,0.9,recorded,rf,24,16,1,240,4798,efc966c-dirty,30.0,2.0
Subject139,60,0.9475132275132275,0.95,0.95,new,rf,24,16,2,480,9574,efc966c-dirty,30.0,2.0
Subject352,30,0.8088888888888889,0.8333333333333334,0.8333333333333334,new,rf,24,16,2,480,9574,efc966c-dirty,30.0,2.0
Subject353,60,0.791986531986532,0.8166666666666667,0.8166666666666667,new,rf,24,16,2,480,9574,efc966c-dirty,30.0,2.0
Subject611,60,0.9676190476190477,0.9666666666666667,0.9666666666666667,new,rf,24,16,2,480,9574,efc966c-dirty,30.0,2.0
Subject877,60,1.0,1.0,1.0,new,rf,24,16,2,480,9574,efc966c-dirty,30.0,2.0
Subject890,30,0.8800000000000001,0.9,0.9,new,rf,24,16,2,480,9574,efc966c-dirty,30.0,2.0
Subject147,31,0.9644444444444444,0.9666666666666667,0.967741935483871,recorded,rf,24,16,2,480,9574,efc966c-dirty,30.0,2.0
Subject226,30,0.9644444444444444,0.9666666666666667,0.9666666666666667,recorded,rf,24,16,2,480,9574,efc966c-dirty,30.0,2.0
Subject354,60,0.9830687830687831,0.9833333333333333,0.9833333333333333,recorded,rf,24,16,2,480,9574,efc966c-dirty,30.0,2.0
Subject376,60,0.901972101972102,0.9,0.9,recorded,rf,24,16,2,480,9574,efc966c-dirty,30.0,2.0
Subject455,60,1.0,1.0,1.0,recorded,rf,24,16,2,480,9574,efc966c-dirty,30.0,2.0
Subject494,60,0.924886964886965,0.9333333333333333,0.9333333333333333,recorded,rf,24,16,2,480,9574,efc966c-dirty,30.0,2.0
Subject516,30,0.9644444444444444,0.9666666666666667,0.9666666666666667,recorded,rf,24,16,2,480,9574,efc966c-dirty,30.0,2.0
Subject561,60,0.9664021164021165,0.9666666666666667,0.9666666666666667,recorded,rf,24,16,2,480,9574,efc966c-dirty,30.0,2.0
Subject571,30,1.0,1.0,1.0,recorded,rf,24,16,2,480,9574,efc966c-dirty,30.0,2.0
Subject580,90,0.8884848484848485,0.888888888888889,0.8888888888888888,recorded,rf,24,16,2,480,9574,efc966c-dirty,30.0,2.0
Subject729,60,1.0,1.0,1.0,recorded,rf,24,16,2,480,9574,efc966c-dirty,30.0,2.0
Subject731,30,0.9644444444444444,0.9666666666666667,0.9666666666666667,recorded,rf,24,16,2,480,9574,efc966c-dirty,30.0,2.0
Subject741,60,0.9322751322751323,0.9333333333333333,0.9333333333333333,recorded,rf,24,16,2,480,9574,efc966c-dirty,30.0,2.0
Subject819,60,0.924886964886965,0.9333333333333333,0.9333333333333333,recorded,rf,24,16,2,480,9574,efc966c-dirty,30.0,2.0
Subject867,60,0.9259259259259258,0.9333333333333333,0.9333333333333333,recorded,rf,24,16,2,480,9574,efc966c-dirty,30.0,2.0
Subject969,30,0.8333333333333334,0.8666666666666667,0.8666666666666667,recorded,rf,24,16,2,480,9574,efc966c-dirty,30.0,2.0
Subject139,60,0.8565271765271766,0.8666666666666667,0.8666666666666667,new,rf,24,17,1,255,5023,efc966c-dirty,30.0,2.0
Subject352,30,0.8088888888888889,0.8333333333333334,0.8333333333333334,new,rf,24,17,1,255,5023,efc966c-dirty,30.0,2.0
Subject353,60,0.791986531986532,0.8166666666666667,0.8166666666666667,new,rf,24,17,1,255,5023,efc966c-dirty,30.0,2.0
Subject611,60,0.9676190476190477,0.9666666666666667,0.9666666666666667,new,rf,24,17,1,255,5023,efc966c-dirty,30.0,2.0
Subject877,60,1.0,1.0,1.0,new,rf,24,17,1,255,5023,efc966c-dirty,30.0,2.0
Subject890,30,0.9111111111111111,0.9333333333333333,0.9333333333333333,new,rf,24,17,1,255,5023,efc966c-dirty,30.0,2.0
Subject147,31,0.9311111111111111,0.9333333333333333,0.9354838709677419,recorded,rf,24,17,1,255,5023,efc966c-dirty,30.0,2.0
Subject226,30,0.9288888888888889,0.9333333333333333,0.9333333333333333,recorded,rf,24,17,1,255,5023,efc966c-dirty,30.0,2.0
Subject354,60,0.9830687830687831,0.9833333333333333,0.9833333333333333,recorded,rf,24,17,1,255,5023,efc966c-dirty,30.0,2.0
Subject376,60,0.8797557997557999,0.8833333333333333,0.8833333333333333,recorded,rf,24,17,1,255,5023,efc966c-dirty,30.0,2.0
Subject424,60,0.8243578643578644,0.85,0.85,recorded,rf,24,17,1,255,5023,efc966c-dirty,30.0,2.0
Subject455,60,0.9830687830687831,0.9833333333333333,0.9833333333333333,recorded,rf,24,17,1,255,5023,efc966c-dirty,30.0,2.0
Subject494,60,0.924886964886965,0.9333333333333333,0.9333333333333333,recorded,rf,24,17,1,255,5023,efc966c-dirty,30.0,2.0
Subject516,30,0.9333333333333332,0.9333333333333333,0.9333333333333333,recorded,rf,24,17,1,255,5023,efc966c-dirty,30.0,2.0
Subject561,60,0.9082202982202983,0.9166666666666666,0.9166666666666666,recorded,rf,24,17,1,255,5023,efc966c-dirty,30.0,2.0
Subject571,30,1.0,1.0,1.0,recorded,rf,24,17,1,255,5023,efc966c-dirty,30.0,2.0
Subject580,90,0.875151515151515,0.8777777777777778,0.8777777777777778,recorded,rf,24,17,1,255,5023,efc966c-dirty,30.0,2.0
Subject729,60,0.9644444444444444,0.9666666666666667,0.9666666666666667,recorded,rf,24,17,1,255,5023,efc966c-dirty,30.0,2.0
Subject731,30,0.8825396825396826,0.9,0.9,recorded,rf,24,17,1,255,5023,efc966c-dirty,30.0,2.0
Subject741,60,0.9248869648869648,0.9333333333333333,0.9333333333333333,recorded,rf,24,17,1,255,5023,efc966c-dirty,30.0,2.0
Subject819,60,0.8952055352055353,0.9,0.9,recorded,rf,24,17,1,255,5023,efc966c-dirty,30.0,2.0
Subject867,60,0.8926984126984128,0.9,0.9,recorded,rf,24,17,1,255,5023,efc966c-dirty,30.0,2.0
Subject969,30,0.8825396825396825,0.9,0.9,recorded,rf,24,17,1,255,5023,efc966c-dirty,30.0,2.0
Subject139,60,0.9305820105820106,0.9333333333333333,0.9333333333333333,new,rf,24,17,2,510,10022,efc966c-dirty,30.0,2.0
Subject352,30,0.8088888888888889,0.8333333333333334,0.8333333333333334,new,rf,24,17,2,510,10022,efc966c-dirty,30.0,2.0
Subject353,60,0.7892255892255892,0.8166666666666667,0.8166666666666667,new,rf,24,17,2,510,10022,efc966c-dirty,30.0,2.0
Subject611,60,0.9676190476190477,0.9666666666666667,0.9666666666666667,new,rf,24,17,2,510,10022,efc966c-dirty,30.0,2.0
Subject877,60,1.0,1.0,1.0,new,rf,24,17,2,510,10022,efc966c-dirty,30.0,2.0
Subject890,30,0.9111111111111111,0.9333333333333333,0.9333333333333333,new,rf,24,17,2,510,10022,efc966c-dirty,30.0,2.0
Subject147,31,0.9311111111111111,0.9333333333333333,0.9354838709677419,recorded,rf,24,17,2,510,10022,efc966c-dirty,30.0,2.0
Subject226,30,0.9644444444444444,0.9666666666666667,0.9666666666666667,recorded,rf,24,17,2,510,10022,efc966c-dirty,30.0,2.0
Subject354,60,1.0,1.0,1.0,recorded,rf,24,17,2,510,10022,efc966c-dirty,30.0,2.0
Subject376,60,0.8833477633477632,0.8833333333333333,0.8833333333333333,recorded,rf,24,17,2,510,10022,efc966c-dirty,30.0,2.0
Subject424,60,0.8825396825396825,0.9,0.9,recorded,rf,24,17,2,510,10022,efc966c-dirty,30.0,2.0
Subject455,60,1.0,1.0,1.0,recorded,rf,24,17,2,510,10022,efc966c-dirty,30.0,2.0
Subject494,60,0.924886964886965,0.9333333333333333,0.9333333333333333,recorded,rf,24,17,2,510,10022,efc966c-dirty,30.0,2.0
Subject516,30,0.9288888888888889,0.9333333333333333,0.9333333333333333,recorded,rf,24,17,2,510,10022,efc966c-dirty,30.0,2.0
Subject561,60,0.9664021164021165,0.9666666666666667,0.9666666666666667,recorded,rf,24,17,2,510,10022,efc966c-dirty,30.0,2.0
Subject571,30,1.0,1.0,1.0,recorded,rf,24,17,2,510,10022,efc966c-dirty,30.0,2.0
Subject580,90,0.8995670995670995,0.9000000000000001,0.9,recorded,rf,24,17,2,510,10022,efc966c-dirty,30.0,2.0
Subject729,60,1.0,1.0,1.0,recorded,rf,24,17,2,510,10022,efc966c-dirty,30.0,2.0
Subject731,30,0.9644444444444444,0.9666666666666667,0.9666666666666667,recorded,rf,24,17,2,510,10022,efc966c-dirty,30.0,2.0
Subject741,60,0.9248869648869648,0.9333333333333333,0.9333333333333333,recorded,rf,24,17,2,510,10022,efc966c-dirty,30.0,2.0
Subject819,60,0.924886964886965,0.9333333333333333,0.9333333333333333,recorded,rf,24,17,2,510,10022,efc966c-dirty,30.0,2.0
Subject867,60,0.9096296296296296,0.9166666666666666,0.9166666666666666,recorded,rf,24,17,2,510,10022,efc966c-dirty,30.0,2.0
Subject969,30,0.8333333333333334,0.8666666666666667,0.8666666666666667,recorded,rf,24,17,2,510,10022,efc966c-dirty,30.0,2.0
Subject352,30,0.6822222222222223,0.7333333333333333,0.7333333333333333,new,rf,25,2,1,30,604,efc966c-dirty,30.0,2.0
Subject353,60,0.59001924001924,0.6666666666666666,0.6666666666666666,new,rf,25,2,1,30,604,efc966c-dirty,30.0,2.0
Subject354,60,0.6590476190476191,0.7,0.7,new,rf,25,2,1,30,604,efc966c-dirty,30.0,2.0
Subject561,60,0.687109187109187,0.7333333333333333,0.7333333333333333,new,rf,25,2,1,30,604,efc966c-dirty,30.0,2.0
Subject571,30,0.6066666666666668,0.6666666666666666,0.6666666666666666,new,rf,25,2,1,30,604,efc966c-dirty,30.0,2.0
Subject611,60,0.7688023088023088,0.7833333333333333,0.7833333333333333,new,rf,25,2,1,30,604,efc966c-dirty,30.0,2.0
Subject147,31,0.9311111111111111,0.9333333333333333,0.9354838709677419,recorded,rf,25,2,1,30,604,efc966c-dirty,30.0,2.0
Subject877,60,0.9830687830687831,0.9833333333333333,0.9833333333333333,recorded,rf,25,2,1,30,604,efc966c-dirty,30.0,2.0
Subject352,30,0.6755555555555556,0.7333333333333333,0.7333333333333333,new,rf,25,2,2,60,1183,efc966c-dirty,30.0,2.0
Subject353,60,0.6426647426647427,0.7166666666666667,0.7166666666666667,new,rf,25,2,2,60,1183,efc966c-dirty,30.0,2.0
Subject354,60,0.69989417989418,0.75,0.75,new,rf,25,2,2,60,1183,efc966c-dirty,30.0,2.0
Subject561,60,0.6564021164021164,0.7166666666666667,0.7166666666666667,new,rf,25,2,2,60,1183,efc966c-dirty,30.0,2.0
Subject571,30,0.6555555555555554,0.7333333333333333,0.7333333333333333,new,rf,25,2,2,60,1183,efc966c-dirty,30.0,2.0
Subject611,60,0.8054700854700855,0.8166666666666667,0.8166666666666667,new,rf,25,2,2,60,1183,efc966c-dirty,30.0,2.0
Subject147,31,0.9311111111111111,0.9333333333333333,0.9354838709677419,recorded,rf,25,2,2,60,1183,efc966c-dirty,30.0,2.0
Subject877,60,0.9830687830687831,0.9833333333333333,0.9833333333333333,recorded,rf,25,2,2,60,1183,efc966c-dirty,30.0,2.0
Subject352,30,0.6888888888888888,0.7333333333333333,0.7333333333333333,new,rf,25,4,1,60,1182,efc966c-dirty,30.0,2.0
Subject353,60,0.6592977392977394,0.7,0.7,new,rf,25,4,1,60,1182,efc966c-dirty,30.0,2.0
Subject354,60,0.829015059015059,0.85,0.85,new,rf,25,4,1,60,1182,efc966c-dirty,30.0,2.0
Subject561,60,0.6783261183261184,0.7333333333333333,0.7333333333333333,new,rf,25,4,1,60,1182,efc966c-dirty,30.0,2.0
Subject571,30,0.7577777777777778,0.8,0.8,new,rf,25,4,1,60,1182,efc966c-dirty,30.0,2.0
Subject611,60,0.8071957671957671,0.8333333333333334,0.8333333333333334,new,rf,25,4,1,60,1182,efc966c-dirty,30.0,2.0
Subject147,31,0.9288888888888889,0.9333333333333333,0.9354838709677419,recorded,rf,25,4,1,60,1182,efc966c-dirty,30.0,2.0
Subject226,30,0.8955555555555555,0.9,0.9,recorded,rf,25,4,1,60,1182,efc966c-dirty,30.0,2.0
Subject516,30,0.9288888888888888,0.9333333333333333,0.9333333333333333,recorded,rf,25,4,1,60,1182,efc966c-dirty,30.0,2.0
Subject877,60,0.9475132275132274,0.95,0.95,recorded,rf,25,4,1,60,1182,efc966c-dirty,30.0,2.0
Subject352,30,0.7422222222222222,0.7666666666666667,0.7666666666666667,new,rf,25,4,2,120,2340,efc966c-dirty,30.0,2.0
Subject353,60,0.7195959595959596,0.7333333333333333,0.7333333333333333,new,rf,25,4,2,120,2340,efc966c-dirty,30.0,2.0
Subject354,60,0.8290150590150591,0.85,0.85,new,rf,25,4,2,120,2340,efc966c-dirty,30.0,2.0
Subject561,60,0.7322943722943724,0.7666666666666667,0.7666666666666667,new,rf,25,4,2,120,2340,efc966c-dirty,30.0,2.0
Subject571,30,0.7622222222222222,0.8,0.8,new,rf,25,4,2,120,2340,efc966c-dirty,30.0,2.0
Subject611,60,0.8288888888888888,0.8333333333333334,0.8333333333333334,new,rf,25,4,2,120,2340,efc966c-dirty,30.0,2.0
Subject147,31,0.9644444444444444,0.9666666666666667,0.967741935483871,recorded,rf,25,4,2,120,2340,efc966c-dirty,30.0,2.0
Subject226,30,0.9333333333333332,0.9333333333333333,0.9333333333333333,recorded,rf,25,4,2,120,2340,efc966c-dirty,30.0,2.0
Subject516,30,1.0,1.0,1.0,recorded,rf,25,4,2,120,2340,efc966c-dirty,30.0,2.0
Subject877,60,0.9644444444444444,0.9666666666666667,0.9666666666666667,recorded,rf,25,4,2,120,2340,efc966c-dirty,30.0,2.0
Subject352,30,0.7777777777777778,0.8,0.8,new,rf,25,6,1,90,1806,efc966c-dirty,30.0,2.0
Subject353,60,0.7282539682539683,0.75,0.75,new,rf,25,6,1,90,1806,efc966c-dirty,30.0,2.0
Subject354,60,0.8215488215488216,0.85,0.85,new,rf,25,6,1,90,1806,efc966c-dirty,30.0,2.0
Subject561,60,0.6433862433862434,0.7166666666666667,0.7166666666666667,new,rf,25,6,1,90,1806,efc966c-dirty,30.0,2.0
Subject571,30,0.8711111111111112,0.9,0.9,new,rf,25,6,1,90,1806,efc966c-dirty,30.0,2.0
Subject611,60,0.8656084656084656,0.8833333333333333,0.8833333333333333,new,rf,25,6,1,90,1806,efc966c-dirty,30.0,2.0
Subject139,60,0.9104761904761904,0.9166666666666666,0.9166666666666666,recorded,rf,25,6,1,90,1806,efc966c-dirty,30.0,2.0
Subject147,31,0.8933333333333334,0.9,0.9032258064516129,recorded,rf,25,6,1,90,1806,efc966c-dirty,30.0,2.0
Subject226,30,0.8422222222222222,0.8666666666666667,0.8666666666666667,recorded,rf,25,6,1,90,1806,efc966c-dirty,30.0,2.0
Subject516,30,0.9288888888888888,0.9333333333333333,0.9333333333333333,recorded,rf,25,6,1,90,1806,efc966c-dirty,30.0,2.0
Subject877,60,0.9288888888888889,0.9333333333333333,0.9333333333333333,recorded,rf,25,6,1,90,1806,efc966c-dirty,30.0,2.0
Subject890,30,1.0,1.0,1.0,recorded,rf,25,6,1,90,1806,efc966c-dirty,30.0,2.0
Subject352,30,0.7777777777777778,0.8,0.8,new,rf,25,6,2,180,3581,efc966c-dirty,30.0,2.0
Subject353,60,0.7105146705146707,0.7333333333333333,0.7333333333333333,new,rf,25,6,2,180,3581,efc966c-dirty,30.0,2.0
Subject354,60,0.804021164021164,0.8333333333333334,0.8333333333333334,new,rf,25,6,2,180,3581,efc966c-dirty,30.0,2.0
Subject561,60,0.6985133385133385,0.75,0.75,new,rf,25,6,2,180,3581,efc966c-dirty,30.0,2.0
Subject571,30,0.7892063492063492,0.8333333333333334,0.8333333333333334,new,rf,25,6,2,180,3581,efc966c-dirty,30.0,2.0
Subject611,60,0.9164021164021163,0.9166666666666666,0.9166666666666666,new,rf,25,6,2,180,3581,efc966c-dirty,30.0,2.0
Subject139,60,0.9223280423280424,0.9333333333333333,0.9333333333333333,recorded,rf,25,6,2,180,3581,efc966c-dirty,30.0,2.0
Subject147,31,1.0,1.0,1.0,recorded,rf,25,6,2,180,3581,efc966c-dirty,30.0,2.0
Subject226,30,0.9333333333333332,0.9333333333333333,0.9333333333333333,recorded,rf,25,6,2,180,3581,efc966c-dirty,30.0,2.0
Subject516,30,0.9288888888888888,0.9333333333333333,0.9333333333333333,recorded,rf,25,6,2,180,3581,efc966c-dirty,30.0,2.0
Subject877,60,0.9248869648869648,0.9333333333333333,0.9333333333333333,recorded,rf,25,6,2,180,3581,efc966c-dirty,30.0,2.0
Subject890,30,1.0,1.0,1.0,recorded,rf,25,6,2,180,3581,efc966c-dirty,30.0,2.0
Subject352,30,0.7422222222222222,0.7666666666666667,0.7666666666666667,new,rf,25,8,1,120,2273,efc966c-dirty,30.0,2.0
Subject353,60,0.7283790283790285,0.7666666666666667,0.7666666666666667,new,rf,25,8,1,120,2273,efc966c-dirty,30.0,2.0
Subject354,60,0.9062626262626261,0.9166666666666666,0.9166666666666666,new,rf,25,8,1,120,2273,efc966c-dirty,30.0,2.0
Subject561,60,0.6862626262626262,0.75,0.75,new,rf,25,8,1,120,2273,efc966c-dirty,30.0,2.0
Subject571,30,0.9288888888888888,0.9333333333333333,0.9333333333333333,new,rf,25,8,1,120,2273,efc966c-dirty,30.0,2.0
Subject611,60,0.7908994708994709,0.8333333333333334,0.8333333333333334,new,rf,25,8,1,120,2273,efc966c-dirty,30.0,2.0
Subject139,60,0.8548340548340551,0.8666666666666667,0.8666666666666667,recorded,rf,25,8,1,120,2273,efc966c-dirty,30.0,2.0
Subject147,31,0.8933333333333334,0.9,0.9032258064516129,recorded,rf,25,8,1,120,2273,efc966c-dirty,30.0,2.0
Subject226,30,0.8422222222222222,0.8666666666666667,0.8666666666666667,recorded,rf,25,8,1,120,2273,efc966c-dirty,30.0,2.0
Subject376,60,0.8308609908609909,0.8333333333333334,0.8333333333333334,recorded,rf,25,8,1,120,2273,efc966c-dirty,30.0,2.0
Subject516,30,0.9288888888888888,0.9333333333333333,0.9333333333333333,recorded,rf,25,8,1,120,2273,efc966c-dirty,30.0,2.0
Subject867,60,0.8781144781144782,0.8833333333333333,0.8833333333333333,recorded,rf,25,8,1,120,2273,efc966c-dirty,30.0,2.0
Subject877,60,0.9644444444444444,0.9666666666666667,0.9666666666666667,recorded,rf,25,8,1,120,2273,efc966c-dirty,30.0,2.0
Subject890,30,0.9644444444444444,0.9666666666666667,0.9666666666666667,recorded,rf,25,8,1,120,2273,efc966c-dirty,30.0,2.0
Subject352,30,0.7777777777777778,0.8,0.8,new,rf,25,8,2,240,4527,efc966c-dirty,30.0,2.0
Subject353,60,0.7610774410774411,0.8,0.8,new,rf,25,8,2,240,4527,efc966c-dirty,30.0,2.0
Subject354,60,0.9047811447811448,0.9166666666666666,0.9166666666666666,new,rf,25,8,2,240,4527,efc966c-dirty,30.0,2.0
Subject561,60,0.6884848484848486,0.75,0.75,new,rf,25,8,2,240,4527,efc966c-dirty,30.0,2.0
Subject571,30,0.846984126984127,0.8666666666666667,0.8666666666666667,new,rf,25,8,2,240,4527,efc966c-dirty,30.0,2.0
Subject611,60,0.875151515151515,0.8833333333333333,0.8833333333333333,new,rf,25,8,2,240,4527,efc966c-dirty,30.0,2.0
Subject139,60,0.9301587301587303,0.9333333333333333,0.9333333333333333,recorded,rf,25,8,2,240,4527,efc966c-dirty,30.0,2.0
Subject147,31,0.9644444444444444,0.9666666666666667,0.967741935483871,recorded,rf,25,8,2,240,4527,efc966c-dirty,30.0,2.0
Subject226,30,0.9333333333333332,0.9333333333333333,0.9333333333333333,recorded,rf,25,8,2,240,4527,efc966c-dirty,30.0,2.0
Subject376,60,0.9344444444444444,0.9333333333333333,0.9333333333333333,recorded,rf,25,8,2,240,4527,efc966c-dirty,30.0,2.0
Subject516,30,1.0,1.0,1.0,recorded,rf,25,8,2,240,4527,efc966c-dirty,30.0,2.0
Subject867,60,0.8926984126984128,0.9,0.9,recorded,rf,25,8,2,240,4527,efc966c-dirty,30.0,2.0
Subject877,60,0.9644444444444444,0.9666666666666667,0.9666666666666667,recorded,rf,25,8,2,240,4527,efc966c-dirty,30.0,2.0
Subject890,30,0.9644444444444444,0.9666666666666667,0.9666666666666667,recorded,rf,25,8,2,240,4527,efc966c-dirty,30.0,2.0
Subject352,30,0.8444444444444444,0.8666666666666667,0.8666666666666667,new,rf,25,12,1,180,3530,efc966c-dirty,30.0,2.0
Subject353,60,0.7542723942723943,0.7833333333333333,0.7833333333333333,new,rf,25,12,1,180,3530,efc966c-dirty,30.0,2.0
Subject354,60,0.9644444444444444,0.9666666666666667,0.9666666666666667,new,rf,25,12,1,180,3530,efc966c-dirty,30.0,2.0
Subject561,60,0.716969696969697,0.7666666666666667,0.7666666666666667,new,rf,25,12,1,180,3530,efc966c-dirty,30.0,2.0
Subject571,30,0.9644444444444444,0.9666666666666667,0.9666666666666667,new,rf,25,12,1,180,3530,efc966c-dirty,30.0,2.0
Subject611,60,0.8586243386243386,0.8833333333333333,0.8833333333333333,new,rf,25,12,1,180,3530,efc966c-dirty,30.0,2.0
Subject139,60,0.911957671957672,0.9166666666666666,0.9166666666666666,recorded,rf,25,12,1,180,3530,efc966c-dirty,30.0,2.0
Subject147,31,0.9644444444444444,0.9666666666666667,0.967741935483871,recorded,rf,25,12,1,180,3530,efc966c-dirty,30.0,2.0
Subject226,30,0.9288888888888889,0.9333333333333333,0.9333333333333333,recorded,rf,25,12,1,180,3530,efc966c-dirty,30.0,2.0
Subject376,60,0.8664165464165465,0.8666666666666667,0.8666666666666667,recorded,rf,25,12,1,180,3530,efc966c-dirty,30.0,2.0
Subject455,60,0.9830687830687831,0.9833333333333333,0.9833333333333333,recorded,rf,25,12,1,180,3530,efc966c-dirty,30.0,2.0
Subject516,30,0.9288888888888888,0.9333333333333333,0.9333333333333333,recorded,rf,25,12,1,180,3530,efc966c-dirty,30.0,2.0
Subject729,60,0.9664021164021165,0.9666666666666667,0.9666666666666667,recorded,rf,25,12,1,180,3530,efc966c-dirty,30.0,2.0
Subject731,30,1.0,1.0,1.0,recorded,rf,25,12,1,180,3530,efc966c-dirty,30.0,2.0
Subject819,60,0.8941798941798942,0.9166666666666666,0.9166666666666666,recorded,rf,25,12,1,180,3530,efc966c-dirty,30.0,2.0
Subject867,60,0.9141798941798941,0.9166666666666666,0.9166666666666666,recorded,rf,25,12,1,180,3530,efc966c-dirty,30.0,2.0
Subject877,60,0.9644444444444444,0.9666666666666667,0.9666666666666667,recorded,rf,25,12,1,180,3530,efc966c-dirty,30.0,2.0
Subject890,30,1.0,1.0,1.0,recorded,rf,25,12,1,180,3530,efc966c-dirty,30.0,2.0
Subject352,30,0.8444444444444444,0.8666666666666667,0.8666666666666667,new,rf,25,12,2,360,7068,efc966c-dirty,30.0,2.0
Subject353,60,0.7725060125060125,0.8166666666666667,0.8166666666666667,new,rf,25,12,2,360,7068,efc966c-dirty,30.0,2.0
Subject354,60,0.9320634920634921,0.9333333333333333,0.9333333333333333,new,rf,25,12,2,360,7068,efc966c-dirty,30.0,2.0
Subject561,60,0.7191919191919193,0.7666666666666667,0.7666666666666667,new,rf,25,12,2,360,7068,efc966c-dirty,30.0,2.0
Subject571,30,0.8825396825396825,0.9,0.9,new,rf,25,12,2,360,7068,efc966c-dirty,30.0,2.0
Subject611,60,0.8977777777777777,0.9,0.9,new,rf,25,12,2,360,7068,efc966c-dirty,30.0,2.0
Subject139,60,0.9077441077441077,0.9333333333333333,0.9333333333333333,recorded,rf,25,12,2,360,7068,efc966c-dirty,30.0,2.0
Subject147,31,0.9644444444444444,0.9666666666666667,0.967741935483871,recorded,rf,25,12,2,360,7068,efc966c-dirty,30.0,2.0
Subject226,30,0.9333333333333332,0.9333333333333333,0.9333333333333333,recorded,rf,25,12,2,360,7068,efc966c-dirty,30.0,2.0
Subject376,60,0.8980952380952381,0.9,0.9,recorded,rf,25,12,2,360,7068,efc966c-dirty,30.0,2.0
Subject455,60,0.9830687830687831,0.9833333333333333,0.9833333333333333,recorded,rf,25,12,2,360,7068,efc966c-dirty,30.0,2.0
Subject516,30,0.9644444444444444,0.9666666666666667,0.9666666666666667,recorded,rf,25,12,2,360,7068,efc966c-dirty,30.0,2.0
Subject729,60,0.9830687830687831,0.9833333333333333,0.9833333333333333,recorded,rf,25,12,2,360,7068,efc966c-dirty,30.0,2.0
Subject731,30,1.0,1.0,1.0,recorded,rf,25,12,2,360,7068,efc966c-dirty,30.0,2.0
Subject819,60,0.8941798941798942,0.9166666666666666,0.9166666666666666,recorded,rf,25,12,2,360,7068,efc966c-dirty,30.0,2.0
Subject867,60,0.9141798941798942,0.9166666666666666,0.9166666666666666,recorded,rf,25,12,2,360,7068,efc966c-dirty,30.0,2.0
Subject877,60,0.9644444444444444,0.9666666666666667,0.9666666666666667,recorded,rf,25,12,2,360,7068,efc966c-dirty,30.0,2.0
Subject890,30,0.9111111111111111,0.9333333333333333,0.9333333333333333,recorded,rf,25,12,2,360,7068,efc966c-dirty,30.0,2.0
Subject352,30,0.8444444444444444,0.8666666666666667,0.8666666666666667,new,rf,25,16,1,240,4489,efc966c-dirty,30.0,2.0
Subject353,60,0.7395104895104896,0.7833333333333333,0.7833333333333333,new,rf,25,16,1,240,4489,efc966c-dirty,30.0,2.0
Subject354,60,1.0,1.0,1.0,new,rf,25,16,1,240,4489,efc966c-dirty,30.0,2.0
Subject561,60,0.716969696969697,0.7666666666666667,0.7666666666666667,new,rf,25,16,1,240,4489,efc966c-dirty,30.0,2.0
Subject571,30,0.8825396825396825,0.9,0.9,new,rf,25,16,1,240,4489,efc966c-dirty,30.0,2.0
Subject611,60,0.8747474747474747,0.9,0.9,new,rf,25,16,1,240,4489,efc966c-dirty,30.0,2.0
Subject139,60,0.9494708994708996,0.95,0.95,recorded,rf,25,16,1,240,4489,efc966c-dirty,30.0,2.0
Subject147,31,0.9644444444444444,0.9666666666666667,0.967741935483871,recorded,rf,25,16,1,240,4489,efc966c-dirty,30.0,2.0
Subject226,30,0.9311111111111111,0.9333333333333333,0.9333333333333333,recorded,rf,25,16,1,240,4489,efc966c-dirty,30.0,2.0
Subject376,60,0.8647619047619047,0.8666666666666667,0.8666666666666667,recorded,rf,25,16,1,240,4489,efc966c-dirty,30.0,2.0
Subject424,60,0.8825396825396825,0.9,0.9,recorded,rf,25,16,1,240,4489,efc966c-dirty,30.0,2.0
Subject455,60,0.9830687830687831,0.9833333333333333,0.9833333333333333,recorded,rf,25,16,1,240,4489,efc966c-dirty,30.0,2.0
Subject494,60,0.9223280423280423,0.9333333333333333,0.9333333333333333,recorded,rf,25,16,1,240,4489,efc966c-dirty,30.0,2.0
Subject516,30,0.9288888888888888,0.9333333333333333,0.9333333333333333,recorded,rf,25,16,1,240,4489,efc966c-dirty,30.0,2.0
Subject580,90,0.9098568098568098,0.9111111111111113,0.9111111111111111,recorded,rf,25,16,1,240,4489,efc966c-dirty,30.0,2.0
Subject729,60,0.9661375661375662,0.9666666666666667,0.9666666666666667,recorded,rf,25,16,1,240,4489,efc966c-dirty,30.0,2.0
Subject731,30,0.9644444444444444,0.9666666666666667,0.9666666666666667,recorded,rf,25,16,1,240,4489,efc966c-dirty,30.0,2.0
Subject741,60,0.9497354497354498,0.95,0.95,recorded,rf,25,16,1,240,4489,efc966c-dirty,30.0,2.0
Subject819,60,0.8941798941798942,0.9166666666666666,0.9166666666666666,recorded,rf,25,16,1,240,4489,efc966c-dirty,30.0,2.0
Subject867,60,0.9311111111111111,0.9333333333333333,0.9333333333333333,recorded,rf,25,16,1,240,4489,efc966c-dirty,30.0,2.0
Subject877,60,1.0,1.0,1.0,recorded,rf,25,16,1,240,4489,efc966c-dirty,30.0,2.0
Subject890,30,1.0,1.0,1.0,recorded,rf,25,16,1,240,4489,efc966c-dirty,30.0,2.0
Subject352,30,0.8444444444444444,0.8666666666666667,0.8666666666666667,new,rf,25,16,2,480,8980,efc966c-dirty,30.0,2.0
Subject353,60,0.7432996632996632,0.8,0.8,new,rf,25,16,2,480,8980,efc966c-dirty,30.0,2.0
Subject354,60,0.9644444444444444,0.9666666666666667,0.9666666666666667,new,rf,25,16,2,480,8980,efc966c-dirty,30.0,2.0
Subject561,60,0.716969696969697,0.7666666666666667,0.7666666666666667,new,rf,25,16,2,480,8980,efc966c-dirty,30.0,2.0
Subject571,30,0.8825396825396825,0.9,0.9,new,rf,25,16,2,480,8980,efc966c-dirty,30.0,2.0
Subject611,60,0.8977777777777777,0.9,0.9,new,rf,25,16,2,480,8980,efc966c-dirty,30.0,2.0
Subject139,60,0.9475132275132275,0.95,0.95,recorded,rf,25,16,2,480,8980,efc966c-dirty,30.0,2.0
Subject147,31,1.0,1.0,1.0,recorded,rf,25,16,2,480,8980,efc966c-dirty,30.0,2.0
Subject226,30,0.9644444444444444,0.9666666666666667,0.9666666666666667,recorded,rf,25,16,2,480,8980,efc966c-dirty,30.0,2.0
Subject376,60,0.9160317460317461,0.9166666666666666,0.9166666666666666,recorded,rf,25,16,2,480,8980,efc966c-dirty,30.0,2.0
Subject424,60,0.8812372812372813,0.9,0.9,recorded,rf,25,16,2,480,8980,efc966c-dirty,30.0,2.0
Subject455,60,0.9830687830687831,0.9833333333333333,0.9833333333333333,recorded,rf,25,16,2,480,8980,efc966c-dirty,30.0,2.0
Subject494,60,0.9830687830687831,0.9833333333333333,0.9833333333333333,recorded,rf,25,16,2,480,8980,efc966c-dirty,30.0,2.0
Subject516,30,0.9288888888888888,0.9333333333333333,0.9333333333333333,recorded,rf,25,16,2,480,8980,efc966c-dirty,30.0,2.0
Subject580,90,0.9235275835275836,0.9222222222222223,0.9222222222222223,recorded,rf,25,16,2,480,8980,efc966c-dirty,30.0,2.0
Subject729,60,0.9830687830687831,0.9833333333333333,0.9833333333333333,recorded,rf,25,16,2,480,8980,efc966c-dirty,30.0,2.0
Subject731,30,1.0,1.0,1.0,recorded,rf,25,16,2,480,8980,efc966c-dirty,30.0,2.0
Subject741,60,0.9322751322751323,0.9333333333333333,0.9333333333333333,recorded,rf,25,16,2,480,8980,efc966c-dirty,30.0,2.0
Subject819,60,0.8941798941798942,0.9166666666666666,0.9166666666666666,recorded,rf,25,16,2,480,8980,efc966c-dirty,30.0,2.0
Subject867,60,0.9311111111111111,0.9333333333333333,0.9333333333333333,recorded,rf,25,16,2,480,8980,efc966c-dirty,30.0,2.0
Subject877,60,1.0,1.0,1.0,recorded,rf,25,16,2,480,8980,efc966c-dirty,30.0,2.0
Subject890,30,0.9111111111111111,0.9333333333333333,0.9333333333333333,recorded,rf,25,16,2,480,8980,efc966c-dirty,30.0,2.0
Subject352,30,0.8088888888888889,0.8333333333333334,0.8333333333333334,new,rf,25,17,1,255,4965,efc966c-dirty,30.0,2.0
Subject353,60,0.7174469974469974,0.75,0.75,new,rf,25,17,1,255,4965,efc966c-dirty,30.0,2.0
Subject354,60,0.9830687830687831,0.9833333333333333,0.9833333333333333,new,rf,25,17,1,255,4965,efc966c-dirty,30.0,2.0
Subject561,60,0.716969696969697,0.7666666666666667,0.7666666666666667,new,rf,25,17,1,255,4965,efc966c-dirty,30.0,2.0
Subject571,30,0.9644444444444444,0.9666666666666667,0.9666666666666667,new,rf,25,17,1,255,4965,efc966c-dirty,30.0,2.0
Subject611,60,0.8747474747474747,0.9,0.9,new,rf,25,17,1,255,4965,efc966c-dirty,30.0,2.0
Subject139,60,0.9308465608465609,0.9333333333333333,0.9333333333333333,recorded,rf,25,17,1,255,4965,efc966c-dirty,30.0,2.0
Subject147,31,0.9644444444444444,0.9666666666666667,0.967741935483871,recorded,rf,25,17,1,255,4965,efc966c-dirty,30.0,2.0
Subject226,30,0.9644444444444444,0.9666666666666667,0.9666666666666667,recorded,rf,25,17,1,255,4965,efc966c-dirty,30.0,2.0
Subject376,60,0.8853054353054353,0.8833333333333333,0.8833333333333333,recorded,rf,25,17,1,255,4965,efc966c-dirty,30.0,2.0
Subject424,60,0.8981684981684982,0.9166666666666666,0.9166666666666666,recorded,rf,25,17,1,255,4965,efc966c-dirty,30.0,2.0
Subject455,60,0.9830687830687831,0.9833333333333333,0.9833333333333333,recorded,rf,25,17,1,255,4965,efc966c-dirty,30.0,2.0
Subject494,60,0.9223280423280423,0.9333333333333333,0.9333333333333333,recorded,rf,25,17,1,255,4965,efc966c-dirty,30.0,2.0
Subject516,30,0.8977777777777778,0.9,0.9,recorded,rf,25,17,1,255,4965,efc966c-dirty,30.0,2.0
Subject580,90,0.9000388500388501,0.9,0.9,recorded,rf,25,17,1,255,4965,efc966c-dirty,30.0,2.0
Subject729,60,0.9293650793650794,0.9333333333333333,0.9333333333333333,recorded,rf,25,17,1,255,4965,efc966c-dirty,30.0,2.0
Subject731,30,1.0,1.0,1.0,recorded,rf,25,17,1,255,4965,efc966c-dirty,30.0,2.0
Subject741,60,0.9497354497354498,0.95,0.95,recorded,rf,25,17,1,255,4965,efc966c-dirty,30.0,2.0
Subject819,60,0.8941798941798942,0.9166666666666666,0.9166666666666666,recorded,rf,25,17,1,255,4965,efc966c-dirty,30.0,2.0
Subject867,60,0.9311111111111111,0.9333333333333333,0.9333333333333333,recorded,rf,25,17,1,255,4965,efc966c-dirty,30.0,2.0
Subject877,60,1.0,1.0,1.0,recorded,rf,25,17,1,255,4965,efc966c-dirty,30.0,2.0
Subject890,30,0.9644444444444444,0.9666666666666667,0.9666666666666667,recorded,rf,25,17,1,255,4965,efc966c-dirty,30.0,2.0
Subject969,30,0.8825396825396825,0.9,0.9,recorded,rf,25,17,1,255,4965,efc966c-dirty,30.0,2.0
Subject352,30,0.8088888888888889,0.8333333333333334,0.8333333333333334,new,rf,25,17,2,510,9925,efc966c-dirty,30.0,2.0
Subject353,60,0.7725060125060125,0.8166666666666667,0.8166666666666667,new,rf,25,17,2,510,9925,efc966c-dirty,30.0,2.0
Subject354,60,0.9644444444444444,0.9666666666666667,0.9666666666666667,new,rf,25,17,2,510,9925,efc966c-dirty,30.0,2.0
Subject561,60,0.716969696969697,0.7666666666666667,0.7666666666666667,new,rf,25,17,2,510,9925,efc966c-dirty,30.0,2.0
Subject571,30,0.9333333333333332,0.9333333333333333,0.9333333333333333,new,rf,25,17,2,510,9925,efc966c-dirty,30.0,2.0
Subject611,60,0.8977777777777777,0.9,0.9,new,rf,25,17,2,510,9925,efc966c-dirty,30.0,2.0
Subject139,60,1.0,1.0,1.0,recorded,rf,25,17,2,510,9925,efc966c-dirty,30.0,2.0
Subject147,31,0.9644444444444444,0.9666666666666667,0.967741935483871,recorded,rf,25,17,2,510,9925,efc966c-dirty,30.0,2.0
Subject226,30,0.9333333333333332,0.9333333333333333,0.9333333333333333,recorded,rf,25,17,2,510,9925,efc966c-dirty,30.0,2.0
Subject376,60,0.9160317460317461,0.9166666666666666,0.9166666666666666,recorded,rf,25,17,2,510,9925,efc966c-dirty,30.0,2.0
Subject424,60,0.8825396825396825,0.9,0.9,recorded,rf,25,17,2,510,9925,efc966c-dirty,30.0,2.0
Subject455,60,0.9830687830687831,0.9833333333333333,0.9833333333333333,recorded,rf,25,17,2,510,9925,efc966c-dirty,30.0,2.0
Subject494,60,0.9293650793650793,0.9333333333333333,0.9333333333333333,recorded,rf,25,17,2,510,9925,efc966c-dirty,30.0,2.0
Subject516,30,0.9644444444444444,0.9666666666666667,0.9666666666666667,recorded,rf,25,17,2,510,9925,efc966c-dirty,30.0,2.0
Subject580,90,0.913100233100233,0.9111111111111111,0.9111111111111111,recorded,rf,25,17,2,510,9925,efc966c-dirty,30.0,2.0
Subject729,60,1.0,1.0,1.0,recorded,rf,25,17,2,510,9925,efc966c-dirty,30.0,2.0
Subject731,30,1.0,1.0,1.0,recorded,rf,25,17,2,510,9925,efc966c-dirty,30.0,2.0
Subject741,60,0.9164021164021164,0.9166666666666666,0.9166666666666666,recorded,rf,25,17,2,510,9925,efc966c-dirty,30.0,2.0
Subject819,60,0.8941798941798942,0.9166666666666666,0.9166666666666666,recorded,rf,25,17,2,510,9925,efc966c-dirty,30.0,2.0
Subject867,60,0.9311111111111111,0.9333333333333333,0.9333333333333333,recorded,rf,25,17,2,510,9925,efc966c-dirty,30.0,2.0
Subject877,60,1.0,1.0,1.0,recorded,rf,25,17,2,510,9925,efc966c-dirty,30.0,2.0
Subject890,30,0.9111111111111111,0.9333333333333333,0.9333333333333333,recorded,rf,25,17,2,510,9925,efc966c-dirty,30.0,2.0
Subject969,30,0.8333333333333334,0.8666666666666667,0.8666666666666667,recorded,rf,25,17,2,510,9925,efc966c-dirty,30.0,2.0
Subject147,31,0.7247619047619047,0.7666666666666667,0.7741935483870968,new,rf,26,2,1,30,590,efc966c-dirty,30.0,2.0
Subject352,30,0.6422222222222221,0.7,0.7,new,rf,26,2,1,30,590,efc966c-dirty,30.0,2.0
Subject494,60,0.31622895622895625,0.36666666666666664,0.36666666666666664,new,rf,26,2,1,30,590,efc966c-dirty,30.0,2.0
Subject580,90,0.634611662846957,0.6444444444444444,0.6444444444444445,new,rf,26,2,1,30,590,efc966c-dirty,30.0,2.0
Subject611,60,0.8372679172679174,0.8666666666666667,0.8666666666666667,new,rf,26,2,1,30,590,efc966c-dirty,30.0,2.0
Subject969,30,0.5536507936507937,0.6333333333333333,0.6333333333333333,new,rf,26,2,1,30,590,efc966c-dirty,30.0,2.0
Subject819,60,0.837023717023717,0.85,0.85,recorded,rf,26,2,1,30,590,efc966c-dirty,30.0,2.0
Subject867,60,0.9305820105820106,0.9333333333333333,0.9333333333333333,recorded,rf,26,2,1,30,590,efc966c-dirty,30.0,2.0
Subject147,31,0.7892063492063492,0.8333333333333334,0.8387096774193549,new,rf,26,2,2,60,1183,efc966c-dirty,30.0,2.0
Subject352,30,0.6644444444444445,0.7,0.7,new,rf,26,2,2,60,1183,efc966c-dirty,30.0,2.0
Subject494,60,0.29968253968253966,0.35,0.35,new,rf,26,2,2,60,1183,efc966c-dirty,30.0,2.0
Subject580,90,0.6607155371861254,0.6777777777777777,0.6777777777777778,new,rf,26,2,2,60,1183,efc966c-dirty,30.0,2.0
Subject611,60,0.8396488696488696,0.8666666666666667,0.8666666666666667,new,rf,26,2,2,60,1183,efc966c-dirty,30.0,2.0
Subject969,30,0.6051851851851853,0.6666666666666666,0.6666666666666666,new,rf,26,2,2,60,1183,efc966c-dirty,30.0,2.0
Subject819,60,0.9164021164021163,0.9166666666666666,0.9166666666666666,recorded,rf,26,2,2,60,1183,efc966c-dirty,30.0,2.0
Subject867,60,0.9830687830687831,0.9833333333333333,0.9833333333333333,recorded,rf,26,2,2,60,1183,efc966c-dirty,30.0,2.0
Subject147,31,0.8488888888888889,0.8666666666666667,0.8709677419354839,new,rf,26,4,1,60,1233,efc966c-dirty,30.0,2.0
Subject352,30,0.8222222222222222,0.8333333333333334,0.8333333333333334,new,rf,26,4,1,60,1233,efc966c-dirty,30.0,2.0
Subject494,60,0.29333333333333333,0.38333333333333336,0.38333333333333336,new,rf,26,4,1,60,1233,efc966c-dirty,30.0,2.0
Subject580,90,0.6872489601901367,0.7111111111111111,0.7111111111111111,new,rf,26,4,1,60,1233,efc966c-dirty,30.0,2.0
Subject611,60,0.911957671957672,0.9166666666666666,0.9166666666666666,new,rf,26,4,1,60,1233,efc966c-dirty,30.0,2.0
Subject969,30,0.6577777777777778,0.7,0.7,new,rf,26,4,1,60,1233,efc966c-dirty,30.0,2.0
Subject139,60,0.9316402116402116,0.9333333333333333,0.9333333333333333,recorded,rf,26,4,1,60,1233,efc966c-dirty,30.0,2.0
Subject819,60,0.8893314093314094,0.9,0.9,recorded,rf,26,4,1,60,1233,efc966c-dirty,30.0,2.0
Subject867,60,0.8584319384319384,0.8666666666666667,0.8666666666666667,recorded,rf,26,4,1,60,1233,efc966c-dirty,30.0,2.0
Subject877,60,0.9506878306878307,0.95,0.95,recorded,rf,26,4,1,60,1233,efc966c-dirty,30.0,2.0
Subject147,31,0.8311111111111111,0.8333333333333334,0.8387096774193549,new,rf,26,4,2,120,2489,efc966c-dirty,30.0,2.0
Subject352,30,0.8222222222222222,0.8333333333333334,0.8333333333333334,new,rf,26,4,2,120,2489,efc966c-dirty,30.0,2.0
Subject494,60,0.3403174603174603,0.38333333333333336,0.38333333333333336,new,rf,26,4,2,120,2489,efc966c-dirty,30.0,2.0
Subject580,90,0.7684441049146931,0.7888888888888889,0.7888888888888889,new,rf,26,4,2,120,2489,efc966c-dirty,30.0,2.0
Subject611,60,0.8732467532467533,0.9,0.9,new,rf,26,4,2,120,2489,efc966c-dirty,30.0,2.0
Subject969,30,0.6444444444444444,0.7,0.7,new,rf,26,4,2,120,2489,efc966c-dirty,30.0,2.0
Subject139,60,0.9664021164021165,0.9666666666666667,0.9666666666666667,recorded,rf,26,4,2,120,2489,efc966c-dirty,30.0,2.0
Subject819,60,0.8994708994708994,0.9,0.9,recorded,rf,26,4,2,120,2489,efc966c-dirty,30.0,2.0
Subject867,60,0.9485714285714286,0.95,0.95,recorded,rf,26,4,2,120,2489,efc966c-dirty,30.0,2.0
Subject877,60,0.9305820105820106,0.9333333333333333,0.9333333333333333,recorded,rf,26,4,2,120,2489,efc966c-dirty,30.0,2.0
Subject147,31,0.8469841269841271,0.8666666666666667,0.8709677419354839,new,rf,26,6,1,90,1815,efc966c-dirty,30.0,2.0
Subject352,30,0.7422222222222222,0.7666666666666667,0.7666666666666667,new,rf,26,6,1,90,1815,efc966c-dirty,30.0,2.0
Subject494,60,0.24740740740740735,0.35,0.35,new,rf,26,6,1,90,1815,efc966c-dirty,30.0,2.0
Subject580,90,0.7066980731686613,0.7333333333333333,0.7333333333333333,new,rf,26,6,1,90,1815,efc966c-dirty,30.0,2.0
Subject611,60,0.8044444444444444,0.8333333333333334,0.8333333333333334,new,rf,26,6,1,90,1815,efc966c-dirty,30.0,2.0
Subject969,30,0.6488888888888888,0.7,0.7,new,rf,26,6,1,90,1815,efc966c-dirty,30.0,2.0
Subject139,60,0.8764021164021164,0.8833333333333333,0.8833333333333333,recorded,rf,26,6,1,90,1815,efc966c-dirty,30.0,2.0
Subject353,60,0.8123483923483924,0.8333333333333334,0.8333333333333334,recorded,rf,26,6,1,90,1815,efc966c-dirty,30.0,2.0
Subject354,60,0.9830687830687831,0.9833333333333333,0.9833333333333333,recorded,rf,26,6,1,90,1815,efc966c-dirty,30.0,2.0
Subject819,60,0.9104761904761904,0.9166666666666666,0.9166666666666666,recorded,rf,26,6,1,90,1815,efc966c-dirty,30.0,2.0
Subject867,60,0.8425589225589226,0.85,0.85,recorded,rf,26,6,1,90,1815,efc966c-dirty,30.0,2.0
Subject877,60,0.873881673881674,0.9,0.9,recorded,rf,26,6,1,90,1815,efc966c-dirty,30.0,2.0
Subject147,31,0.8800000000000001,0.9,0.9032258064516129,new,rf,26,6,2,180,3654,efc966c-dirty,30.0,2.0
Subject352,30,0.7777777777777778,0.8,0.8,new,rf,26,6,2,180,3654,efc966c-dirty,30.0,2.0
Subject494,60,0.25858585858585853,0.36666666666666664,0.36666666666666664,new,rf,26,6,2,180,3654,efc966c-dirty,30.0,2.0
Subject580,90,0.7357579457579457,0.7555555555555556,0.7555555555555555,new,rf,26,6,2,180,3654,efc966c-dirty,30.0,2.0
Subject611,60,0.8351515151515151,0.85,0.85,new,rf,26,6,2,180,3654,efc966c-dirty,30.0,2.0
Subject969,30,0.5955555555555556,0.6333333333333333,0.6333333333333333,new,rf,26,6,2,180,3654,efc966c-dirty,30.0,2.0
Subject139,60,0.9644444444444444,0.9666666666666667,0.9666666666666667,recorded,rf,26,6,2,180,3654,efc966c-dirty,30.0,2.0
Subject353,60,0.8677248677248677,0.8833333333333333,0.8833333333333333,recorded,rf,26,6,2,180,3654,efc966c-dirty,30.0,2.0
Subject354,60,0.9830687830687831,0.9833333333333333,0.9833333333333333,recorded,rf,26,6,2,180,3654,efc966c-dirty,30.0,2.0
Subject819,60,0.8772486772486773,0.9,0.9,recorded,rf,26,6,2,180,3654,efc966c-dirty,30.0,2.0
Subject867,60,0.9311111111111111,0.9333333333333333,0.9333333333333333,recorded,rf,26,6,2,180,3654,efc966c-dirty,30.0,2.0
Subject877,60,0.9331409331409332,0.9333333333333333,0.9333333333333333,recorded,rf,26,6,2,180,3654,efc966c-dirty,30.0,2.0
Subject147,31,0.7866666666666666,0.8333333333333334,0.8387096774193549,new,rf,26,8,1,120,2441,efc966c-dirty,30.0,2.0
Subject352,30,0.8222222222222222,0.8333333333333334,0.8333333333333334,new,rf,26,8,1,120,2441,efc966c-dirty,30.0,2.0
Subject494,60,0.24584795321637423,0.35,0.35,new,rf,26,8,1,120,2441,efc966c-dirty,30.0,2.0
Subject580,90,0.7733843933843934,0.788888888888889,0.7888888888888889,new,rf,26,8,1,120,2441,efc966c-dirty,30.0,2.0
Subject611,60,0.8707070707070705,0.8833333333333333,0.8833333333333333,new,rf,26,8,1,120,2441,efc966c-dirty,30.0,2.0
Subject969,30,0.6444444444444444,0.7,0.7,new,rf,26,8,1,120,2441,efc966c-dirty,30.0,2.0
Subject139,60,0.9418181818181818,0.95,0.95,recorded,rf,26,8,1,120,2441,efc966c-dirty,30.0,2.0
Subject226,30,0.9288888888888889,0.9333333333333333,0.9333333333333333,recorded,rf,26,8,1,120,2441,efc966c-dirty,30.0,2.0
Subject353,60,0.7966329966329967,0.8166666666666667,0.8166666666666667,recorded,rf,26,8,1,120,2441,efc966c-dirty,30.0,2.0
Subject354,60,0.9340211640211642,0.9333333333333333,0.9333333333333333,recorded,rf,26,8,1,120,2441,efc966c-dirty,30.0,2.0
Subject731,30,1.0,1.0,1.0,recorded,rf,26,8,1,120,2441,efc966c-dirty,30.0,2.0
Subject819,60,0.9104761904761904,0.9166666666666666,0.9166666666666666,recorded,rf,26,8,1,120,2441,efc966c-dirty,30.0,2.0
Subject867,60,0.8428234728234728,0.85,0.85,recorded,rf,26,8,1,120,2441,efc966c-dirty,30.0,2.0
Subject877,60,0.8941798941798942,0.9166666666666666,0.9166666666666666,recorded,rf,26,8,1,120,2441,efc966c-dirty,30.0,2.0
Subject147,31,0.9644444444444444,0.9666666666666667,0.967741935483871,new,rf,26,8,2,240,4904,efc966c-dirty,30.0,2.0
Subject352,30,0.8222222222222222,0.8333333333333334,0.8333333333333334,new,rf,26,8,2,240,4904,efc966c-dirty,30.0,2.0
Subject494,60,0.30158730158730157,0.4,0.4,new,rf,26,8,2,240,4904,efc966c-dirty,30.0,2.0
Subject580,90,0.8143728493728494,0.8222222222222223,0.8222222222222222,new,rf,26,8,2,240,4904,efc966c-dirty,30.0,2.0
Subject611,60,0.874074074074074,0.8833333333333333,0.8833333333333333,new,rf,26,8,2,240,4904,efc966c-dirty,30.0,2.0
Subject969,30,0.648888888888889,0.7,0.7,new,rf,26,8,2,240,4904,efc966c-dirty,30.0,2.0
Subject139,60,1.0,1.0,1.0,recorded,rf,26,8,2,240,4904,efc966c-dirty,30.0,2.0
Subject226,30,0.9644444444444444,0.9666666666666667,0.9666666666666667,recorded,rf,26,8,2,240,4904,efc966c-dirty,30.0,2.0
Subject353,60,0.8137758537758537,0.8333333333333334,0.8333333333333334,recorded,rf,26,8,2,240,4904,efc966c-dirty,30.0,2.0
Subject354,60,0.907955747955748,0.9166666666666666,0.9166666666666666,recorded,rf,26,8,2,240,4904,efc966c-dirty,30.0,2.0
Subject731,30,1.0,1.0,1.0,recorded,rf,26,8,2,240,4904,efc966c-dirty,30.0,2.0
Subject819,60,0.8941798941798942,0.9166666666666666,0.9166666666666666,recorded,rf,26,8,2,240,4904,efc966c-dirty,30.0,2.0
Subject867,60,0.9141798941798942,0.9166666666666666,0.9166666666666666,recorded,rf,26,8,2,240,4904,efc966c-dirty,30.0,2.0
Subject877,60,0.8941798941798942,0.9166666666666666,0.9166666666666666,recorded,rf,26,8,2,240,4904,efc966c-dirty,30.0,2.0
Subject147,31,0.9311111111111111,0.9333333333333333,0.9354838709677419,new,rf,26,12,1,180,3581,efc966c-dirty,30.0,2.0
Subject352,30,0.8444444444444444,0.8666666666666667,0.8666666666666667,new,rf,26,12,1,180,3581,efc966c-dirty,30.0,2.0
Subject494,60,0.4097546897546897,0.5,0.5,new,rf,26,12,1,180,3581,efc966c-dirty,30.0,2.0
Subject580,90,0.9047286047286046,0.9111111111111113,0.9111111111111111,new,rf,26,12,1,180,3581,efc966c-dirty,30.0,2.0
Subject611,60,0.8173737373737373,0.85,0.85,new,rf,26,12,1,180,3581,efc966c-dirty,30.0,2.0
Subject969,30,0.8074074074074074,0.8333333333333334,0.8333333333333334,new,rf,26,12,1,180,3581,efc966c-dirty,30.0,2.0
Subject139,60,0.9644444444444444,0.9666666666666667,0.9666666666666667,recorded,rf,26,12,1,180,3581,efc966c-dirty,30.0,2.0
Subject226,30,0.8711111111111111,0.9,0.9,recorded,rf,26,12,1,180,3581,efc966c-dirty,30.0,2.0
Subject353,60,0.8696681096681097,0.8833333333333333,0.8833333333333333,recorded,rf,26,12,1,180,3581,efc966c-dirty,30.0,2.0
Subject354,60,0.9047811447811448,0.9166666666666666,0.9166666666666666,recorded,rf,26,12,1,180,3581,efc966c-dirty,30.0,2.0
Subject376,60,0.8652910052910053,0.8666666666666667,0.8666666666666667,recorded,rf,26,12,1,180,3581,efc966c-dirty,30.0,2.0
Subject516,30,0.9644444444444444,0.9666666666666667,0.9666666666666667,recorded,rf,26,12,1,180,3581,efc966c-dirty,30.0,2.0
Subject729,60,0.9644444444444444,0.9666666666666667,0.9666666666666667,recorded,rf,26,12,1,180,3581,efc966c-dirty,30.0,2.0
Subject731,30,1.0,1.0,1.0,recorded,rf,26,12,1,180,3581,efc966c-dirty,30.0,2.0
Subject819,60,0.8772486772486773,0.9,0.9,recorded,rf,26,12,1,180,3581,efc966c-dirty,30.0,2.0
Subject867,60,0.8950456950456951,0.9,0.9,recorded,rf,26,12,1,180,3581,efc966c-dirty,30.0,2.0
Subject877,60,0.9492063492063493,0.95,0.95,recorded,rf,26,12,1,180,3581,efc966c-dirty,30.0,2.0
Subject890,30,0.8933333333333333,0.9,0.9,recorded,rf,26,12,1,180,3581,efc966c-dirty,30.0,2.0
Subject147,31,0.9311111111111111,0.9333333333333333,0.9354838709677419,new,rf,26,12,2,360,7207,efc966c-dirty,30.0,2.0
Subject352,30,0.8444444444444444,0.8666666666666667,0.8666666666666667,new,rf,26,12,2,360,7207,efc966c-dirty,30.0,2.0
Subject494,60,0.48317460317460326,0.5333333333333333,0.5333333333333333,new,rf,26,12,2,360,7207,efc966c-dirty,30.0,2.0
Subject580,90,0.8818270618270617,0.8888888888888888,0.8888888888888888,new,rf,26,12,2,360,7207,efc966c-dirty,30.0,2.0
Subject611,60,0.8429629629629629,0.85,0.85,new,rf,26,12,2,360,7207,efc966c-dirty,30.0,2.0
Subject969,30,0.7185185185185186,0.7666666666666667,0.7666666666666667,new,rf,26,12,2,360,7207,efc966c-dirty,30.0,2.0
Subject139,60,0.9830687830687831,0.9833333333333333,0.9833333333333333,recorded,rf,26,12,2,360,7207,efc966c-dirty,30.0,2.0
Subject226,30,0.9333333333333332,0.9333333333333333,0.9333333333333333,recorded,rf,26,12,2,360,7207,efc966c-dirty,30.0,2.0
Subject353,60,0.8307070707070706,0.8333333333333334,0.8333333333333334,recorded,rf,26,12,2,360,7207,efc966c-dirty,30.0,2.0
Subject354,60,0.9475132275132275,0.95,0.95,recorded,rf,26,12,2,360,7207,efc966c-dirty,30.0,2.0
Subject376,60,0.9189033189033188,0.9166666666666666,0.9166666666666666,recorded,rf,26,12,2,360,7207,efc966c-dirty,30.0,2.0
Subject516,30,0.9644444444444444,0.9666666666666667,0.9666666666666667,recorded,rf,26,12,2,360,7207,efc966c-dirty,30.0,2.0
Subject729,60,0.9830687830687831,0.9833333333333333,0.9833333333333333,recorded,rf,26,12,2,360,7207,efc966c-dirty,30.0,2.0
Subject731,30,1.0,1.0,1.0,recorded,rf,26,12,2,360,7207,efc966c-dirty,30.0,2.0
Subject819,60,0.8941798941798942,0.9166666666666666,0.9166666666666666,recorded,rf,26,12,2,360,7207,efc966c-dirty,30.0,2.0
Subject867,60,0.8748869648869649,0.8833333333333333,0.8833333333333333,recorded,rf,26,12,2,360,7207,efc966c-dirty,30.0,2.0
Subject877,60,0.9644444444444444,0.9666666666666667,0.9666666666666667,recorded,rf,26,12,2,360,7207,efc966c-dirty,30.0,2.0
Subject890,30,0.8755555555555555,0.9,0.9,recorded,rf,26,12,2,360,7207,efc966c-dirty,30.0,2.0
Subject147,31,0.9311111111111111,0.9333333333333333,0.9354838709677419,new,rf,26,16,1,240,4680,efc966c-dirty,30.0,2.0
Subject352,30,0.8444444444444444,0.8666666666666667,0.8666666666666667,new,rf,26,16,1,240,4680,efc966c-dirty,30.0,2.0
Subject494,60,0.52,0.6,0.6,new,rf,26,16,1,240,4680,efc966c-dirty,30.0,2.0
Subject580,90,0.911097791097791,0.9111111111111112,0.9111111111111111,new,rf,26,16,1,240,4680,efc966c-dirty,30.0,2.0
Subject611,60,0.8192592592592592,0.85,0.85,new,rf,26,16,1,240,4680,efc966c-dirty,30.0,2.0
Subject969,30,0.6533333333333334,0.7,0.7,new,rf,26,16,1,240,4680,efc966c-dirty,30.0,2.0
Subject139,60,0.9644444444444444,0.9666666666666667,0.9666666666666667,recorded,rf,26,16,1,240,4680,efc966c-dirty,30.0,2.0
Subject226,30,0.8422222222222222,0.8666666666666667,0.8666666666666667,recorded,rf,26,16,1,240,4680,efc966c-dirty,30.0,2.0
Subject353,60,0.8729292929292929,0.8833333333333333,0.8833333333333333,recorded,rf,26,16,1,240,4680,efc966c-dirty,30.0,2.0
Subject354,60,0.9830687830687831,0.9833333333333333,0.9833333333333333,recorded,rf,26,16,1,240,4680,efc966c-dirty,30.0,2.0
Subject376,60,0.9008465608465609,0.9,0.9,recorded,rf,26,16,1,240,4680,efc966c-dirty,30.0,2.0
Subject424,60,0.8486772486772487,0.8666666666666667,0.8666666666666667,recorded,rf,26,16,1,240,4680,efc966c-dirty,30.0,2.0
Subject455,60,0.9830687830687831,0.9833333333333333,0.9833333333333333,recorded,rf,26,16,1,240,4680,efc966c-dirty,30.0,2.0
Subject516,30,0.9311111111111111,0.9333333333333333,0.9333333333333333,recorded,rf,26,16,1,240,4680,efc966c-dirty,30.0,2.0
Subject571,30,0.9111111111111111,0.9333333333333333,0.9333333333333333,recorded,rf,26,16,1,240,4680,efc966c-dirty,30.0,2.0
Subject729,60,0.9644444444444444,0.9666666666666667,0.9666666666666667,recorded,rf,26,16,1,240,4680,efc966c-dirty,30.0,2.0
Subject731,30,0.9644444444444444,0.9666666666666667,0.9666666666666667,recorded,rf,26,16,1,240,4680,efc966c-dirty,30.0,2.0
Subject741,60,0.8722414622414623,0.8833333333333333,0.8833333333333333,recorded,rf,26,16,1,240,4680,efc966c-dirty,30.0,2.0
Subject819,60,0.9079557479557481,0.9166666666666666,0.9166666666666666,recorded,rf,26,16,1,240,4680,efc966c-dirty,30.0,2.0
Subject867,60,0.8582202982202981,0.8666666666666667,0.8666666666666667,recorded,rf,26,16,1,240,4680,efc966c-dirty,30.0,2.0
Subject877,60,0.9830687830687831,0.9833333333333333,0.9833333333333333,recorded,rf,26,16,1,240,4680,efc966c-dirty,30.0,2.0
Subject890,30,0.8977777777777778,0.9,0.9,recorded,rf,26,16,1,240,4680,efc966c-dirty,30.0,2.0
Subject147,31,0.9311111111111111,0.9333333333333333,0.9354838709677419,new,rf,26,16,2,480,9398,efc966c-dirty,30.0,2.0
Subject352,30,0.8444444444444444,0.8666666666666667,0.8666666666666667,new,rf,26,16,2,480,9398,efc966c-dirty,30.0,2.0
Subject494,60,0.5845502645502645,0.65,0.65,new,rf,26,16,2,480,9398,efc966c-dirty,30.0,2.0
Subject580,90,0.9223310023310023,0.9222222222222223,0.9222222222222223,new,rf,26,16,2,480,9398,efc966c-dirty,30.0,2.0
Subject611,60,0.8592592592592592,0.8666666666666667,0.8666666666666667,new,rf,26,16,2,480,9398,efc966c-dirty,30.0,2.0
Subject969,30,0.6896296296296297,0.7333333333333333,0.7333333333333333,new,rf,26,16,2,480,9398,efc966c-dirty,30.0,2.0
Subject139,60,0.9644444444444444,0.9666666666666667,0.9666666666666667,recorded,rf,26,16,2,480,9398,efc966c-dirty,30.0,2.0
Subject226,30,0.9644444444444444,0.9666666666666667,0.9666666666666667,recorded,rf,26,16,2,480,9398,efc966c-dirty,30.0,2.0
Subject353,60,0.8603367003367004,0.8666666666666667,0.8666666666666667,recorded,rf,26,16,2,480,9398,efc966c-dirty,30.0,2.0
Subject354,60,1.0,1.0,1.0,recorded,rf,26,16,2,480,9398,efc966c-dirty,30.0,2.0
Subject376,60,0.8774747474747475,0.8833333333333333,0.8833333333333333,recorded,rf,26,16,2,480,9398,efc966c-dirty,30.0,2.0
Subject424,60,0.8656084656084656,0.8833333333333333,0.8833333333333333,recorded,rf,26,16,2,480,9398,efc966c-dirty,30.0,2.0
Subject455,60,0.9830687830687831,0.9833333333333333,0.9833333333333333,recorded,rf,26,16,2,480,9398,efc966c-dirty,30.0,2.0
Subject516,30,1.0,1.0,1.0,recorded,rf,26,16,2,480,9398,efc966c-dirty,30.0,2.0
Subject571,30,1.0,1.0,1.0,recorded,rf,26,16,2,480,9398,efc966c-dirty,30.0,2.0
Subject729,60,0.9830687830687831,0.9833333333333333,0.9833333333333333,recorded,rf,26,16,2,480,9398,efc966c-dirty,30.0,2.0
Subject731,30,1.0,1.0,1.0,recorded,rf,26,16,2,480,9398,efc966c-dirty,30.0,2.0
Subject741,60,0.9248869648869648,0.9333333333333333,0.9333333333333333,recorded,rf,26,16,2,480,9398,efc966c-dirty,30.0,2.0
Subject819,60,0.9475132275132275,0.95,0.95,recorded,rf,26,16,2,480,9398,efc966c-dirty,30.0,2.0
Subject867,60,0.8918181818181818,0.9,0.9,recorded,rf,26,16,2,480,9398,efc966c-dirty,30.0,2.0
Subject877,60,1.0,1.0,1.0,recorded,rf,26,16,2,480,9398,efc966c-dirty,30.0,2.0
Subject890,30,0.9111111111111111,0.9333333333333333,0.9333333333333333,recorded,rf,26,16,2,480,9398,efc966c-dirty,30.0,2.0
Subject147,31,0.9311111111111111,0.9333333333333333,0.9354838709677419,new,rf,26,17,1,255,5038,efc966c-dirty,30.0,2.0
Subject352,30,0.8444444444444444,0.8666666666666667,0.8666666666666667,new,rf,26,17,1,255,5038,efc966c-dirty,30.0,2.0
Subject494,60,0.5417402091086302,0.6166666666666667,0.6166666666666667,new,rf,26,17,1,255,5038,efc966c-dirty,30.0,2.0
Subject580,90,0.90997890997891,0.9111111111111112,0.9111111111111111,new,rf,26,17,1,255,5038,efc966c-dirty,30.0,2.0
Subject611,60,0.861183261183261,0.8833333333333333,0.8833333333333333,new,rf,26,17,1,255,5038,efc966c-dirty,30.0,2.0
Subject969,30,0.6533333333333334,0.7,0.7,new,rf,26,17,1,255,5038,efc966c-dirty,30.0,2.0
Subject139,60,0.9644444444444444,0.9666666666666667,0.9666666666666667,recorded,rf,26,17,1,255,5038,efc966c-dirty,30.0,2.0
Subject226,30,0.8711111111111111,0.9,0.9,recorded,rf,26,17,1,255,5038,efc966c-dirty,30.0,2.0
Subject353,60,0.8262626262626263,0.85,0.85,recorded,rf,26,17,1,255,5038,efc966c-dirty,30.0,2.0
Subject354,60,0.9830687830687831,0.9833333333333333,0.9833333333333333,recorded,rf,26,17,1,255,5038,efc966c-dirty,30.0,2.0
Subject376,60,0.9175132275132275,0.9166666666666666,0.9166666666666666,recorded,rf,26,17,1,255,5038,efc966c-dirty,30.0,2.0
Subject424,60,0.8486772486772487,0.8666666666666667,0.8666666666666667,recorded,rf,26,17,1,255,5038,efc966c-dirty,30.0,2.0
Subject455,60,0.9830687830687831,0.9833333333333333,0.9833333333333333,recorded,rf,26,17,1,255,5038,efc966c-dirty,30.0,2.0
Subject516,30,0.9311111111111111,0.9333333333333333,0.9333333333333333,recorded,rf,26,17,1,255,5038,efc966c-dirty,30.0,2.0
Subject561,60,0.9644444444444444,0.9666666666666667,0.9666666666666667,recorded,rf,26,17,1,255,5038,efc966c-dirty,30.0,2.0
Subject571,30,0.846984126984127,0.8666666666666667,0.8666666666666667,recorded,rf,26,17,1,255,5038,efc966c-dirty,30.0,2.0
Subject729,60,0.9644444444444444,0.9666666666666667,0.9666666666666667,recorded,rf,26,17,1,255,5038,efc966c-dirty,30.0,2.0
Subject731,30,0.9644444444444444,0.9666666666666667,0.9666666666666667,recorded,rf,26,17,1,255,5038,efc966c-dirty,30.0,2.0
Subject741,60,0.8912890812890812,0.9,0.9,recorded,rf,26,17,1,255,5038,efc966c-dirty,30.0,2.0
Subject819,60,0.9079557479557481,0.9166666666666666,0.9166666666666666,recorded,rf,26,17,1,255,5038,efc966c-dirty,30.0,2.0
Subject867,60,0.8582202982202981,0.8666666666666667,0.8666666666666667,recorded,rf,26,17,1,255,5038,efc966c-dirty,30.0,2.0
Subject877,60,0.9830687830687831,0.9833333333333333,0.9833333333333333,recorded,rf,26,17,1,255,5038,efc966c-dirty,30.0,2.0
Subject890,30,0.8933333333333333,0.9,0.9,recorded,rf,26,17,1,255,5038,efc966c-dirty,30.0,2.0
Subject147,31,0.9311111111111111,0.9333333333333333,0.9354838709677419,new,rf,26,17,2,510,10093,efc966c-dirty,30.0,2.0
Subject352,30,0.8444444444444444,0.8666666666666667,0.8666666666666667,new,rf,26,17,2,510,10093,efc966c-dirty,30.0,2.0
Subject494,60,0.6088888888888888,0.6666666666666666,0.6666666666666666,new,rf,26,17,2,510,10093,efc966c-dirty,30.0,2.0
Subject580,90,0.9097791097791096,0.9111111111111113,0.9111111111111111,new,rf,26,17,2,510,10093,efc966c-dirty,30.0,2.0
Subject611,60,0.8918903318903318,0.9,0.9,new,rf,26,17,2,510,10093,efc966c-dirty,30.0,2.0
Subject969,30,0.6896296296296297,0.7333333333333333,0.7333333333333333,new,rf,26,17,2,510,10093,efc966c-dirty,30.0,2.0
Subject139,60,0.9644444444444444,0.9666666666666667,0.9666666666666667,recorded,rf,26,17,2,510,10093,efc966c-dirty,30.0,2.0
Subject226,30,0.9333333333333332,0.9333333333333333,0.9333333333333333,recorded,rf,26,17,2,510,10093,efc966c-dirty,30.0,2.0
Subject353,60,0.826060606060606,0.8333333333333334,0.8333333333333334,recorded,rf,26,17,2,510,10093,efc966c-dirty,30.0,2.0
Subject354,60,1.0,1.0,1.0,recorded,rf,26,17,2,510,10093,efc966c-dirty,30.0,2.0
Subject376,60,0.8960990860990862,0.9,0.9,recorded,rf,26,17,2,510,10093,efc966c-dirty,30.0,2.0
Subject424,60,0.8656084656084656,0.8833333333333333,0.8833333333333333,recorded,rf,26,17,2,510,10093,efc966c-dirty,30.0,2.0
Subject455,60,0.9664021164021165,0.9666666666666667,0.9666666666666667,recorded,rf,26,17,2,510,10093,efc966c-dirty,30.0,2.0
Subject516,30,0.9311111111111111,0.9333333333333333,0.9333333333333333,recorded,rf,26,17,2,510,10093,efc966c-dirty,30.0,2.0
Subject561,60,0.9485714285714286,0.95,0.95,recorded,rf,26,17,2,510,10093,efc966c-dirty,30.0,2.0
Subject571,30,1.0,1.0,1.0,recorded,rf,26,17,2,510,10093,efc966c-dirty,30.0,2.0
Subject729,60,0.9830687830687831,0.9833333333333333,0.9833333333333333,recorded,rf,26,17,2,510,10093,efc966c-dirty,30.0,2.0
Subject731,30,1.0,1.0,1.0,recorded,rf,26,17,2,510,10093,efc966c-dirty,30.0,2.0
Subject741,60,0.9248869648869648,0.9333333333333333,0.9333333333333333,recorded,rf,26,17,2,510,10093,efc966c-dirty,30.0,2.0
Subject819,60,0.9475132275132275,0.95,0.95,recorded,rf,26,17,2,510,10093,efc966c-dirty,30.0,2.0
Subject867,60,0.8711111111111111,0.8833333333333333,0.8833333333333333,recorded,rf,26,17,2,510,10093,efc966c-dirty,30.0,2.0
Subject877,60,1.0,1.0,1.0,recorded,rf,26,17,2,510,10093,efc966c-dirty,30.0,2.0
Subject890,30,0.9111111111111111,0.9333333333333333,0.9333333333333333,recorded,rf,26,17,2,510,10093,efc966c-dirty,30.0,2.0
Subject226,30,0.5718518518518518,0.6666666666666666,0.6666666666666666,new,rf,27,2,1,30,619,efc966c-dirty,30.0,2.0
Subject352,30,0.9111111111111111,0.9333333333333333,0.9333333333333333,new,rf,27,2,1,30,619,efc966c-dirty,30.0,2.0
Subject611,60,0.7883597883597883,0.8333333333333334,0.8333333333333334,new,rf,27,2,1,30,619,efc966c-dirty,30.0,2.0
Subject741,60,0.4532372306056517,0.5333333333333333,0.5333333333333333,new,rf,27,2,1,30,619,efc966c-dirty,30.0,2.0
Subject890,30,0.6469841269841269,0.7,0.7,new,rf,27,2,1,30,619,efc966c-dirty,30.0,2.0
Subject969,30,0.6644444444444445,0.7333333333333333,0.7333333333333333,new,rf,27,2,1,30,619,efc966c-dirty,30.0,2.0
Subject516,30,0.8422222222222222,0.8666666666666667,0.8666666666666667,recorded,rf,27,2,1,30,619,efc966c-dirty,30.0,2.0
Subject819,60,0.9113227513227513,0.9166666666666666,0.9166666666666666,recorded,rf,27,2,1,30,619,efc966c-dirty,30.0,2.0
Subject226,30,0.591111111111111,0.6666666666666666,0.6666666666666666,new,rf,27,2,2,60,1236,efc966c-dirty,30.0,2.0
Subject352,30,0.7333333333333332,0.8,0.8,new,rf,27,2,2,60,1236,efc966c-dirty,30.0,2.0
Subject611,60,0.683068783068783,0.7333333333333333,0.7333333333333333,new,rf,27,2,2,60,1236,efc966c-dirty,30.0,2.0
Subject741,60,0.5923483923483924,0.65,0.65,new,rf,27,2,2,60,1236,efc966c-dirty,30.0,2.0
Subject890,30,0.666984126984127,0.7333333333333333,0.7333333333333333,new,rf,27,2,2,60,1236,efc966c-dirty,30.0,2.0
Subject969,30,0.6469841269841271,0.7,0.7,new,rf,27,2,2,60,1236,efc966c-dirty,30.0,2.0
Subject516,30,0.9111111111111111,0.9333333333333333,0.9333333333333333,recorded,rf,27,2,2,60,1236,efc966c-dirty,30.0,2.0
Subject819,60,0.9475132275132275,0.95,0.95,recorded,rf,27,2,2,60,1236,efc966c-dirty,30.0,2.0
Subject226,30,0.5888888888888889,0.6666666666666666,0.6666666666666666,new,rf,27,4,1,60,1321,efc966c-dirty,30.0,2.0
Subject352,30,0.9111111111111111,0.9333333333333333,0.9333333333333333,new,rf,27,4,1,60,1321,efc966c-dirty,30.0,2.0
Subject611,60,0.7074352548036758,0.75,0.75,new,rf,27,4,1,60,1321,efc966c-dirty,30.0,2.0
Subject741,60,0.5553113553113553,0.6166666666666667,0.6166666666666667,new,rf,27,4,1,60,1321,efc966c-dirty,30.0,2.0
Subject890,30,0.4688888888888888,0.5333333333333333,0.5333333333333333,new,rf,27,4,1,60,1321,efc966c-dirty,30.0,2.0
Subject969,30,0.7311111111111112,0.7666666666666667,0.7666666666666667,new,rf,27,4,1,60,1321,efc966c-dirty,30.0,2.0
Subject516,30,0.8755555555555555,0.9,0.9,recorded,rf,27,4,1,60,1321,efc966c-dirty,30.0,2.0
Subject561,60,0.9288888888888888,0.9333333333333333,0.9333333333333333,recorded,rf,27,4,1,60,1321,efc966c-dirty,30.0,2.0
Subject729,60,0.9644444444444444,0.9666666666666667,0.9666666666666667,recorded,rf,27,4,1,60,1321,efc966c-dirty,30.0,2.0
Subject819,60,0.8431420431420431,0.8666666666666667,0.8666666666666667,recorded,rf,27,4,1,60,1321,efc966c-dirty,30.0,2.0
Subject226,30,0.5580952380952381,0.6333333333333333,0.6333333333333333,new,rf,27,4,2,120,2654,efc966c-dirty,30.0,2.0
Subject352,30,0.9111111111111111,0.9333333333333333,0.9333333333333333,new,rf,27,4,2,120,2654,efc966c-dirty,30.0,2.0
Subject611,60,0.7388359788359788,0.7833333333333333,0.7833333333333333,new,rf,27,4,2,120,2654,efc966c-dirty,30.0,2.0
Subject741,60,0.5863492063492063,0.6333333333333333,0.6333333333333333,new,rf,27,4,2,120,2654,efc966c-dirty,30.0,2.0
Subject890,30,0.5822222222222223,0.6666666666666666,0.6666666666666666,new,rf,27,4,2,120,2654,efc966c-dirty,30.0,2.0
Subject969,30,0.7866666666666666,0.8333333333333334,0.8333333333333334,new,rf,27,4,2,120,2654,efc966c-dirty,30.0,2.0
Subject516,30,1.0,1.0,1.0,recorded,rf,27,4,2,120,2654,efc966c-dirty,30.0,2.0
Subject561,60,1.0,1.0,1.0,recorded,rf,27,4,2,120,2654,efc966c-dirty,30.0,2.0
Subject729,60,0.9830687830687831,0.9833333333333333,0.9833333333333333,recorded,rf,27,4,2,120,2654,efc966c-dirty,30.0,2.0
Subject819,60,0.8630687830687831,0.8833333333333333,0.8833333333333333,recorded,rf,27,4,2,120,2654,efc966c-dirty,30.0,2.0
Subject226,30,0.638095238095238,0.7,0.7,new,rf,27,6,1,90,1826,efc966c-dirty,30.0,2.0
Subject352,30,0.8666666666666666,0.8666666666666667,0.8666666666666667,new,rf,27,6,1,90,1826,efc966c-dirty,30.0,2.0
Subject611,60,0.8626129426129426,0.8833333333333333,0.8833333333333333,new,rf,27,6,1,90,1826,efc966c-dirty,30.0,2.0
Subject741,60,0.8250793650793652,0.8333333333333334,0.8333333333333334,new,rf,27,6,1,90,1826,efc966c-dirty,30.0,2.0
Subject890,30,0.76,0.8,0.8,new,rf,27,6,1,90,1826,efc966c-dirty,30.0,2.0
Subject969,30,0.6933333333333334,0.7333333333333333,0.7333333333333333,new,rf,27,6,1,90,1826,efc966c-dirty,30.0,2.0
Subject516,30,0.8222222222222222,0.8666666666666667,0.8666666666666667,recorded,rf,27,6,1,90,1826,efc966c-dirty,30.0,2.0
Subject561,60,0.9288888888888888,0.9333333333333333,0.9333333333333333,recorded,rf,27,6,1,90,1826,efc966c-dirty,30.0,2.0
Subject580,90,0.8645304695304696,0.8666666666666668,0.8666666666666667,recorded,rf,27,6,1,90,1826,efc966c-dirty,30.0,2.0
Subject729,60,0.9830687830687831,0.9833333333333333,0.9833333333333333,recorded,rf,27,6,1,90,1826,efc966c-dirty,30.0,2.0
Subject819,60,0.8786916786916787,0.9,0.9,recorded,rf,27,6,1,90,1826,efc966c-dirty,30.0,2.0
Subject867,60,0.8393314093314094,0.85,0.85,recorded,rf,27,6,1,90,1826,efc966c-dirty,30.0,2.0
Subject226,30,0.6622222222222222,0.7333333333333333,0.7333333333333333,new,rf,27,6,2,180,3661,efc966c-dirty,30.0,2.0
Subject352,30,0.8888888888888888,0.9,0.9,new,rf,27,6,2,180,3661,efc966c-dirty,30.0,2.0
Subject611,60,0.8475132275132276,0.8666666666666667,0.8666666666666667,new,rf,27,6,2,180,3661,efc966c-dirty,30.0,2.0
Subject741,60,0.6625744625744626,0.7166666666666667,0.7166666666666667,new,rf,27,6,2,180,3661,efc966c-dirty,30.0,2.0
Subject890,30,0.7088888888888889,0.7666666666666667,0.7666666666666667,new,rf,27,6,2,180,3661,efc966c-dirty,30.0,2.0
Subject969,30,0.7444444444444446,0.8,0.8,new,rf,27,6,2,180,3661,efc966c-dirty,30.0,2.0
Subject516,30,0.9644444444444444,0.9666666666666667,0.9666666666666667,recorded,rf,27,6,2,180,3661,efc966c-dirty,30.0,2.0
Subject561,60,0.9664021164021165,0.9666666666666667,0.9666666666666667,recorded,rf,27,6,2,180,3661,efc966c-dirty,30.0,2.0
Subject580,90,0.8897317062022944,0.888888888888889,0.8888888888888888,recorded,rf,27,6,2,180,3661,efc966c-dirty,30.0,2.0
Subject729,60,0.9830687830687831,0.9833333333333333,0.9833333333333333,recorded,rf,27,6,2,180,3661,efc966c-dirty,30.0,2.0
Subject819,60,0.8941798941798942,0.9166666666666666,0.9166666666666666,recorded,rf,27,6,2,180,3661,efc966c-dirty,30.0,2.0
Subject867,60,0.8711111111111111,0.8833333333333333,0.8833333333333333,recorded,rf,27,6,2,180,3661,efc966c-dirty,30.0,2.0
Subject226,30,0.6777777777777777,0.7333333333333333,0.7333333333333333,new,rf,27,8,1,120,2476,efc966c-dirty,30.0,2.0
Subject352,30,0.8666666666666666,0.8666666666666667,0.8666666666666667,new,rf,27,8,1,120,2476,efc966c-dirty,30.0,2.0
Subject611,60,0.8513960113960114,0.8666666666666667,0.8666666666666667,new,rf,27,8,1,120,2476,efc966c-dirty,30.0,2.0
Subject741,60,0.7116065416065415,0.7333333333333333,0.7333333333333333,new,rf,27,8,1,120,2476,efc966c-dirty,30.0,2.0
Subject890,30,0.7025396825396826,0.7666666666666667,0.7666666666666667,new,rf,27,8,1,120,2476,efc966c-dirty,30.0,2.0
Subject969,30,0.7666666666666667,0.8,0.8,new,rf,27,8,1,120,2476,efc966c-dirty,30.0,2.0
Subject139,60,0.9644444444444444,0.9666666666666667,0.9666666666666667,recorded,rf,27,8,1,120,2476,efc966c-dirty,30.0,2.0
Subject516,30,0.8222222222222222,0.8666666666666667,0.8666666666666667,recorded,rf,27,8,1,120,2476,efc966c-dirty,30.0,2.0
Subject561,60,0.8836363636363637,0.9,0.9,recorded,rf,27,8,1,120,2476,efc966c-dirty,30.0,2.0
Subject580,90,0.818984348984349,0.8222222222222223,0.8222222222222222,recorded,rf,27,8,1,120,2476,efc966c-dirty,30.0,2.0
Subject729,60,0.9830687830687831,0.9833333333333333,0.9833333333333333,recorded,rf,27,8,1,120,2476,efc966c-dirty,30.0,2.0
Subject819,60,0.8941798941798942,0.9166666666666666,0.9166666666666666,recorded,rf,27,8,1,120,2476,efc966c-dirty,30.0,2.0
Subject867,60,0.8152055352055353,0.8333333333333334,0.8333333333333334,recorded,rf,27,8,1,120,2476,efc966c-dirty,30.0,2.0
Subject877,60,1.0,1.0,1.0,recorded,rf,27,8,1,120,2476,efc966c-dirty,30.0,2.0
Subject226,30,0.7155555555555555,0.7666666666666667,0.7666666666666667,new,rf,27,8,2,240,4967,efc966c-dirty,30.0,2.0
Subject352,30,0.8222222222222222,0.8333333333333334,0.8333333333333334,new,rf,27,8,2,240,4967,efc966c-dirty,30.0,2.0
Subject611,60,0.8614814814814815,0.8666666666666667,0.8666666666666667,new,rf,27,8,2,240,4967,efc966c-dirty,30.0,2.0
Subject741,60,0.6489417989417989,0.6833333333333333,0.6833333333333333,new,rf,27,8,2,240,4967,efc966c-dirty,30.0,2.0
Subject890,30,0.6946031746031747,0.7333333333333333,0.7333333333333333,new,rf,27,8,2,240,4967,efc966c-dirty,30.0,2.0
Subject969,30,0.722962962962963,0.7666666666666667,0.7666666666666667,new,rf,27,8,2,240,4967,efc966c-dirty,30.0,2.0
Subject139,60,0.9644444444444444,0.9666666666666667,0.9666666666666667,recorded,rf,27,8,2,240,4967,efc966c-dirty,30.0,2.0
Subject516,30,0.9644444444444444,0.9666666666666667,0.9666666666666667,recorded,rf,27,8,2,240,4967,efc966c-dirty,30.0,2.0
Subject561,60,0.9485714285714286,0.95,0.95,recorded,rf,27,8,2,240,4967,efc966c-dirty,30.0,2.0
Subject580,90,0.8782284382284383,0.8777777777777778,0.8777777777777778,recorded,rf,27,8,2,240,4967,efc966c-dirty,30.0,2.0
Subject729,60,0.9830687830687831,0.9833333333333333,0.9833333333333333,recorded,rf,27,8,2,240,4967,efc966c-dirty,30.0,2.0
Subject819,60,0.8941798941798942,0.9166666666666666,0.9166666666666666,recorded,rf,27,8,2,240,4967,efc966c-dirty,30.0,2.0
Subject867,60,0.8711111111111111,0.8833333333333333,0.8833333333333333,recorded,rf,27,8,2,240,4967,efc966c-dirty,30.0,2.0
Subject877,60,1.0,1.0,1.0,recorded,rf,27,8,2,240,4967,efc966c-dirty,30.0,2.0
Subject226,30,0.6999999999999998,0.7666666666666667,0.7666666666666667,new,rf,27,12,1,180,3614,efc966c-dirty,30.0,2.0
Subject352,30,0.8088888888888889,0.8333333333333334,0.8333333333333334,new,rf,27,12,1,180,3614,efc966c-dirty,30.0,2.0
Subject611,60,0.8922943722943724,0.9166666666666666,0.9166666666666666,new,rf,27,12,1,180,3614,efc966c-dirty,30.0,2.0
Subject741,60,0.8809523809523809,0.8833333333333333,0.8833333333333333,new,rf,27,12,1,180,3614,efc966c-dirty,30.0,2.0
Subject890,30,0.8825396825396825,0.9,0.9,new,rf,27,12,1,180,3614,efc966c-dirty,30.0,2.0
Subject969,30,0.6933333333333334,0.7333333333333333,0.7333333333333333,new,rf,27,12,1,180,3614,efc966c-dirty,30.0,2.0
Subject139,60,0.9644444444444444,0.9666666666666667,0.9666666666666667,recorded,rf,27,12,1,180,3614,efc966c-dirty,30.0,2.0
Subject353,60,0.8434054834054834,0.8666666666666667,0.8666666666666667,recorded,rf,27,12,1,180,3614,efc966c-dirty,30.0,2.0
Subject424,60,0.8266666666666667,0.85,0.85,recorded,rf,27,12,1,180,3614,efc966c-dirty,30.0,2.0
Subject494,60,0.8743578643578644,0.8833333333333333,0.8833333333333333,recorded,rf,27,12,1,180,3614,efc966c-dirty,30.0,2.0
Subject516,30,0.8755555555555555,0.9,0.9,recorded,rf,27,12,1,180,3614,efc966c-dirty,30.0,2.0
Subject561,60,0.8836363636363637,0.9,0.9,recorded,rf,27,12,1,180,3614,efc966c-dirty,30.0,2.0
Subject580,90,0.8864668664668665,0.888888888888889,0.8888888888888888,recorded,rf,27,12,1,180,3614,efc966c-dirty,30.0,2.0
Subject729,60,0.9830687830687831,0.9833333333333333,0.9833333333333333,recorded,rf,27,12,1,180,3614,efc966c-dirty,30.0,2.0
Subject731,30,1.0,1.0,1.0,recorded,rf,27,12,1,180,3614,efc966c-dirty,30.0,2.0
Subject819,60,0.8941798941798942,0.9166666666666666,0.9166666666666666,recorded,rf,27,12,1,180,3614,efc966c-dirty,30.0,2.0
Subject867,60,0.8711111111111111,0.8833333333333333,0.8833333333333333,recorded,rf,27,12,1,180,3614,efc966c-dirty,30.0,2.0
Subject877,60,1.0,1.0,1.0,recorded,rf,27,12,1,180,3614,efc966c-dirty,30.0,2.0
Subject226,30,0.8222222222222223,0.8666666666666667,0.8666666666666667,new,rf,27,12,2,360,7246,efc966c-dirty,30.0,2.0
Subject352,30,0.8444444444444444,0.8666666666666667,0.8666666666666667,new,rf,27,12,2,360,7246,efc966c-dirty,30.0,2.0
Subject611,60,0.924886964886965,0.9333333333333333,0.9333333333333333,new,rf,27,12,2,360,7246,efc966c-dirty,30.0,2.0
Subject741,60,0.7886243386243386,0.8166666666666667,0.8166666666666667,new,rf,27,12,2,360,7246,efc966c-dirty,30.0,2.0
Subject890,30,0.7834920634920636,0.8,0.8,new,rf,27,12,2,360,7246,efc966c-dirty,30.0,2.0
Subject969,30,0.6933333333333334,0.7333333333333333,0.7333333333333333,new,rf,27,12,2,360,7246,efc966c-dirty,30.0,2.0
Subject139,60,0.9830687830687831,0.9833333333333333,0.9833333333333333,recorded,rf,27,12,2,360,7246,efc966c-dirty,30.0,2.0
Subject353,60,0.8434054834054834,0.8666666666666667,0.8666666666666667,recorded,rf,27,12,2,360,7246,efc966c-dirty,30.0,2.0
Subject424,60,0.8656084656084656,0.8833333333333333,0.8833333333333333,recorded,rf,27,12,2,360,7246,efc966c-dirty,30.0,2.0
Subject494,60,0.9056613756613757,0.9166666666666666,0.9166666666666666,recorded,rf,27,12,2,360,7246,efc966c-dirty,30.0,2.0
Subject516,30,0.9644444444444444,0.9666666666666667,0.9666666666666667,recorded,rf,27,12,2,360,7246,efc966c-dirty,30.0,2.0
Subject561,60,0.9644444444444444,0.9666666666666667,0.9666666666666667,recorded,rf,27,12,2,360,7246,efc966c-dirty,30.0,2.0
Subject580,90,0.9122166722166721,0.9111111111111112,0.9111111111111111,recorded,rf,27,12,2,360,7246,efc966c-dirty,30.0,2.0
Subject729,60,0.9830687830687831,0.9833333333333333,0.9833333333333333,recorded,rf,27,12,2,360,7246,efc966c-dirty,30.0,2.0
Subject731,30,1.0,1.0,1.0,recorded,rf,27,12,2,360,7246,efc966c-dirty,30.0,2.0
Subject819,60,0.8941798941798942,0.9166666666666666,0.9166666666666666,recorded,rf,27,12,2,360,7246,efc966c-dirty,30.0,2.0
Subject867,60,0.9096296296296296,0.9166666666666666,0.9166666666666666,recorded,rf,27,12,2,360,7246,efc966c-dirty,30.0,2.0
Subject877,60,1.0,1.0,1.0,recorded,rf,27,12,2,360,7246,efc966c-dirty,30.0,2.0
Subject226,30,0.738095238095238,0.7666666666666667,0.7666666666666667,new,rf,27,16,1,240,4712,efc966c-dirty,30.0,2.0
Subject352,30,0.8533333333333333,0.8666666666666667,0.8666666666666667,new,rf,27,16,1,240,4712,efc966c-dirty,30.0,2.0
Subject611,60,0.9081481481481481,0.9166666666666666,0.9166666666666666,new,rf,27,16,1,240,4712,efc966c-dirty,30.0,2.0
Subject741,60,0.8915536315536315,0.9,0.9,new,rf,27,16,1,240,4712,efc966c-dirty,30.0,2.0
Subject890,30,0.8933333333333333,0.9,0.9,new,rf,27,16,1,240,4712,efc966c-dirty,30.0,2.0
Subject969,30,0.7711111111111111,0.8,0.8,new,rf,27,16,1,240,4712,efc966c-dirty,30.0,2.0
Subject139,60,0.9644444444444444,0.9666666666666667,0.9666666666666667,recorded,rf,27,16,1,240,4712,efc966c-dirty,30.0,2.0
Subject353,60,0.8195959595959595,0.8333333333333334,0.8333333333333334,recorded,rf,27,16,1,240,4712,efc966c-dirty,30.0,2.0
Subject354,60,1.0,1.0,1.0,recorded,rf,27,16,1,240,4712,efc966c-dirty,30.0,2.0
Subject376,60,0.8488888888888888,0.85,0.85,recorded,rf,27,16,1,240,4712,efc966c-dirty,30.0,2.0
Subject424,60,0.8478306878306879,0.8666666666666667,0.8666666666666667,recorded,rf,27,16,1,240,4712,efc966c-dirty,30.0,2.0
Subject455,60,1.0,1.0,1.0,recorded,rf,27,16,1,240,4712,efc966c-dirty,30.0,2.0
Subject494,60,0.837849927849928,0.85,0.85,recorded,rf,27,16,1,240,4712,efc966c-dirty,30.0,2.0
Subject516,30,0.9288888888888888,0.9333333333333333,0.9333333333333333,recorded,rf,27,16,1,240,4712,efc966c-dirty,30.0,2.0
Subject561,60,0.9062626262626262,0.9166666666666666,0.9166666666666666,recorded,rf,27,16,1,240,4712,efc966c-dirty,30.0,2.0
Subject571,30,0.9644444444444444,0.9666666666666667,0.9666666666666667,recorded,rf,27,16,1,240,4712,efc966c-dirty,30.0,2.0
Subject580,90,0.8974114774114775,0.9000000000000001,0.9,recorded,rf,27,16,1,240,4712,efc966c-dirty,30.0,2.0
Subject729,60,0.9830687830687831,0.9833333333333333,0.9833333333333333,recorded,rf,27,16,1,240,4712,efc966c-dirty,30.0,2.0
Subject731,30,0.9644444444444444,0.9666666666666667,0.9666666666666667,recorded,rf,27,16,1,240,4712,efc966c-dirty,30.0,2.0
Subject819,60,0.8941798941798942,0.9166666666666666,0.9166666666666666,recorded,rf,27,16,1,240,4712,efc966c-dirty,30.0,2.0
Subject867,60,0.8711111111111111,0.8833333333333333,0.8833333333333333,recorded,rf,27,16,1,240,4712,efc966c-dirty,30.0,2.0
Subject877,60,1.0,1.0,1.0,recorded,rf,27,16,1,240,4712,efc966c-dirty,30.0,2.0
Subject226,30,0.8177777777777778,0.8666666666666667,0.8666666666666667,new,rf,27,16,2,480,9471,efc966c-dirty,30.0,2.0
Subject352,30,0.8444444444444444,0.8666666666666667,0.8666666666666667,new,rf,27,16,2,480,9471,efc966c-dirty,30.0,2.0
Subject611,60,0.9333333333333332,0.9333333333333333,0.9333333333333333,new,rf,27,16,2,480,9471,efc966c-dirty,30.0,2.0
Subject741,60,0.835998075998076,0.8666666666666667,0.8666666666666667,new,rf,27,16,2,480,9471,efc966c-dirty,30.0,2.0
Subject890,30,0.9111111111111111,0.9333333333333333,0.9333333333333333,new,rf,27,16,2,480,9471,efc966c-dirty,30.0,2.0
Subject969,30,0.722962962962963,0.7666666666666667,0.7666666666666667,new,rf,27,16,2,480,9471,efc966c-dirty,30.0,2.0
Subject139,60,0.9830687830687831,0.9833333333333333,0.9833333333333333,recorded,rf,27,16,2,480,9471,efc966c-dirty,30.0,2.0
Subject353,60,0.8729292929292929,0.8833333333333333,0.8833333333333333,recorded,rf,27,16,2,480,9471,efc966c-dirty,30.0,2.0
Subject354,60,1.0,1.0,1.0,recorded,rf,27,16,2,480,9471,efc966c-dirty,30.0,2.0
Subject376,60,0.9308465608465609,0.9333333333333333,0.9333333333333333,recorded,rf,27,16,2,480,9471,efc966c-dirty,30.0,2.0
Subject424,60,0.8825396825396825,0.9,0.9,recorded,rf,27,16,2,480,9471,efc966c-dirty,30.0,2.0
Subject455,60,1.0,1.0,1.0,recorded,rf,27,16,2,480,9471,efc966c-dirty,30.0,2.0
Subject494,60,0.9392592592592592,0.95,0.95,recorded,rf,27,16,2,480,9471,efc966c-dirty,30.0,2.0
Subject516,30,0.9644444444444444,0.9666666666666667,0.9666666666666667,recorded,rf,27,16,2,480,9471,efc966c-dirty,30.0,2.0
Subject561,60,0.9644444444444444,0.9666666666666667,0.9666666666666667,recorded,rf,27,16,2,480,9471,efc966c-dirty,30.0,2.0
Subject571,30,1.0,1.0,1.0,recorded,rf,27,16,2,480,9471,efc966c-dirty,30.0,2.0
Subject580,90,0.9104473304473305,0.9111111111111112,0.9111111111111111,recorded,rf,27,16,2,480,9471,efc966c-dirty,30.0,2.0
Subject729,60,0.9830687830687831,0.9833333333333333,0.9833333333333333,recorded,rf,27,16,2,480,9471,efc966c-dirty,30.0,2.0
Subject731,30,0.9644444444444444,0.9666666666666667,0.9666666666666667,recorded,rf,27,16,2,480,9471,efc966c-dirty,30.0,2.0
Subject819,60,0.9475132275132275,0.95,0.95,recorded,rf,27,16,2,480,9471,efc966c-dirty,30.0,2.0
Subject867,60,0.8800000000000001,0.9,0.9,recorded,rf,27,16,2,480,9471,efc966c-dirty,30.0,2.0
Subject877,60,1.0,1.0,1.0,recorded,rf,27,16,2,480,9471,efc966c-dirty,30.0,2.0
Subject226,30,0.7533333333333334,0.8,0.8,new,rf,27,17,1,255,4975,efc966c-dirty,30.0,2.0
Subject352,30,0.8088888888888889,0.8333333333333334,0.8333333333333334,new,rf,27,17,1,255,4975,efc966c-dirty,30.0,2.0
Subject611,60,0.9081481481481481,0.9166666666666666,0.9166666666666666,new,rf,27,17,1,255,4975,efc966c-dirty,30.0,2.0
Subject741,60,0.9139153439153439,0.9166666666666666,0.9166666666666666,new,rf,27,17,1,255,4975,efc966c-dirty,30.0,2.0
Subject890,30,0.8666666666666667,0.8666666666666667,0.8666666666666667,new,rf,27,17,1,255,4975,efc966c-dirty,30.0,2.0
Subject969,30,0.7711111111111111,0.8,0.8,new,rf,27,17,1,255,4975,efc966c-dirty,30.0,2.0
Subject139,60,0.9644444444444444,0.9666666666666667,0.9666666666666667,recorded,rf,27,17,1,255,4975,efc966c-dirty,30.0,2.0
Subject147,31,1.0,1.0,1.0,recorded,rf,27,17,1,255,4975,efc966c-dirty,30.0,2.0
Subject353,60,0.842929292929293,0.85,0.85,recorded,rf,27,17,1,255,4975,efc966c-dirty,30.0,2.0
Subject354,60,1.0,1.0,1.0,recorded,rf,27,17,1,255,4975,efc966c-dirty,30.0,2.0
Subject376,60,0.862049062049062,0.8666666666666667,0.8666666666666667,recorded,rf,27,17,1,255,4975,efc966c-dirty,30.0,2.0
Subject424,60,0.8478306878306879,0.8666666666666667,0.8666666666666667,recorded,rf,27,17,1,255,4975,efc966c-dirty,30.0,2.0
Subject455,60,0.9830687830687831,0.9833333333333333,0.9833333333333333,recorded,rf,27,17,1,255,4975,efc966c-dirty,30.0,2.0
Subject494,60,0.8686243386243386,0.8833333333333333,0.8833333333333333,recorded,rf,27,17,1,255,4975,efc966c-dirty,30.0,2.0
Subject516,30,0.8977777777777778,0.9,0.9,recorded,rf,27,17,1,255,4975,efc966c-dirty,30.0,2.0
Subject561,60,0.8836363636363637,0.9,0.9,recorded,rf,27,17,1,255,4975,efc966c-dirty,30.0,2.0
Subject571,30,0.9644444444444444,0.9666666666666667,0.9666666666666667,recorded,rf,27,17,1,255,4975,efc966c-dirty,30.0,2.0
Subject580,90,0.8753313353313353,0.877777777777778,0.8777777777777778,recorded,rf,27,17,1,255,4975,efc966c-dirty,30.0,2.0
Subject729,60,0.9830687830687831,0.9833333333333333,0.9833333333333333,recorded,rf,27,17,1,255,4975,efc966c-dirty,30.0,2.0
Subject731,30,1.0,1.0,1.0,recorded,rf,27,17,1,255,4975,efc966c-dirty,30.0,2.0
Subject819,60,0.8941798941798942,0.9166666666666666,0.9166666666666666,recorded,rf,27,17,1,255,4975,efc966c-dirty,30.0,2.0
Subject867,60,0.8632996632996632,0.8833333333333333,0.8833333333333333,recorded,rf,27,17,1,255,4975,efc966c-dirty,30.0,2.0
Subject877,60,1.0,1.0,1.0,recorded,rf,27,17,1,255,4975,efc966c-dirty,30.0,2.0
Subject226,30,0.8177777777777778,0.8666666666666667,0.8666666666666667,new,rf,27,17,2,510,10008,efc966c-dirty,30.0,2.0
Subject352,30,0.8444444444444444,0.8666666666666667,0.8666666666666667,new,rf,27,17,2,510,10008,efc966c-dirty,30.0,2.0
Subject611,60,0.9333333333333332,0.9333333333333333,0.9333333333333333,new,rf,27,17,2,510,10008,efc966c-dirty,30.0,2.0
Subject741,60,0.8691678691678691,0.8833333333333333,0.8833333333333333,new,rf,27,17,2,510,10008,efc966c-dirty,30.0,2.0
Subject890,30,0.9111111111111111,0.9333333333333333,0.9333333333333333,new,rf,27,17,2,510,10008,efc966c-dirty,30.0,2.0
Subject969,30,0.722962962962963,0.7666666666666667,0.7666666666666667,new,rf,27,17,2,510,10008,efc966c-dirty,30.0,2.0
Subject139,60,0.9830687830687831,0.9833333333333333,0.9833333333333333,recorded,rf,27,17,2,510,10008,efc966c-dirty,30.0,2.0
Subject147,31,1.0,1.0,1.0,recorded,rf,27,17,2,510,10008,efc966c-dirty,30.0,2.0
Subject353,60,0.8262626262626263,0.85,0.85,recorded,rf,27,17,2,510,10008,efc966c-dirty,30.0,2.0
Subject354,60,1.0,1.0,1.0,recorded,rf,27,17,2,510,10008,efc966c-dirty,30.0,2.0
Subject376,60,0.9308465608465609,0.9333333333333333,0.9333333333333333,recorded,rf,27,17,2,510,10008,efc966c-dirty,30.0,2.0
Subject424,60,0.8825396825396825,0.9,0.9,recorded,rf,27,17,2,510,10008,efc966c-dirty,30.0,2.0
Subject455,60,0.9830687830687831,0.9833333333333333,0.9833333333333333,recorded,rf,27,17,2,510,10008,efc966c-dirty,30.0,2.0
Subject494,60,0.9392592592592592,0.95,0.95,recorded,rf,27,17,2,510,10008,efc966c-dirty,30.0,2.0
Subject516,30,0.8977777777777778,0.9,0.9,recorded,rf,27,17,2,510,10008,efc966c-dirty,30.0,2.0
Subject561,60,1.0,1.0,1.0,recorded,rf,27,17,2,510,10008,efc966c-dirty,30.0,2.0
Subject571,30,1.0,1.0,1.0,recorded,rf,27,17,2,510,10008,efc966c-dirty,30.0,2.0
Subject580,90,0.8977505827505827,0.9,0.9,recorded,rf,27,17,2,510,10008,efc966c-dirty,30.0,2.0
Subject729,60,0.9830687830687831,0.9833333333333333,0.9833333333333333,recorded,rf,27,17,2,510,10008,efc966c-dirty,30.0,2.0
Subject731,30,1.0,1.0,1.0,recorded,rf,27,17,2,510,10008,efc966c-dirty,30.0,2.0
Subject819,60,0.9475132275132275,0.95,0.95,recorded,rf,27,17,2,510,10008,efc966c-dirty,30.0,2.0
Subject867,60,0.8800000000000001,0.9,0.9,recorded,rf,27,17,2,510,10008,efc966c-dirty,30.0,2.0
Subject877,60,1.0,1.0,1.0,recorded,rf,27,17,2,510,10008,efc966c-dirty,30.0,2.0
Subject139,60,0.7170237170237171,0.7833333333333333,0.7833333333333333,new,rf,28,2,1,30,714,efc966c-dirty,30.0,2.0
Subject352,30,0.7688888888888888,0.8,0.8,new,rf,28,2,1,30,714,efc966c-dirty,30.0,2.0
Subject494,60,0.47705738705738704,0.55,0.55,new,rf,28,2,1,30,714,efc966c-dirty,30.0,2.0
Subject516,30,0.8088888888888889,0.8333333333333334,0.8333333333333334,new,rf,28,2,1,30,714,efc966c-dirty,30.0,2.0
Subject729,60,0.7381684981684982,0.7833333333333333,0.7833333333333333,new,rf,28,2,1,30,714,efc966c-dirty,30.0,2.0
Subject877,60,0.7898412698412699,0.8,0.8,new,rf,28,2,1,30,714,efc966c-dirty,30.0,2.0
Subject455,60,0.9644444444444444,0.9666666666666667,0.9666666666666667,recorded,rf,28,2,1,30,714,efc966c-dirty,30.0,2.0
Subject969,30,0.8333333333333334,0.8666666666666667,0.8666666666666667,recorded,rf,28,2,1,30,714,efc966c-dirty,30.0,2.0
Subject139,60,0.645066045066045,0.7333333333333333,0.7333333333333333,new,rf,28,2,2,60,1434,efc966c-dirty,30.0,2.0
Subject352,30,0.7688888888888888,0.8,0.8,new,rf,28,2,2,60,1434,efc966c-dirty,30.0,2.0
Subject494,60,0.5781759955444166,0.6166666666666667,0.6166666666666667,new,rf,28,2,2,60,1434,efc966c-dirty,30.0,2.0
Subject516,30,0.7733333333333333,0.8,0.8,new,rf,28,2,2,60,1434,efc966c-dirty,30.0,2.0
Subject729,60,0.7777777777777779,0.8166666666666667,0.8166666666666667,new,rf,28,2,2,60,1434,efc966c-dirty,30.0,2.0
Subject877,60,0.7301731601731601,0.75,0.75,new,rf,28,2,2,60,1434,efc966c-dirty,30.0,2.0
Subject455,60,0.9830687830687831,0.9833333333333333,0.9833333333333333,recorded,rf,28,2,2,60,1434,efc966c-dirty,30.0,2.0
Subject969,30,0.8825396825396825,0.9,0.9,recorded,rf,28,2,2,60,1434,efc966c-dirty,30.0,2.0
Subject139,60,0.8040211640211641,0.8333333333333334,0.8333333333333334,new,rf,28,4,1,60,1338,efc966c-dirty,30.0,2.0
Subject352,30,0.8088888888888889,0.8333333333333334,0.8333333333333334,new,rf,28,4,1,60,1338,efc966c-dirty,30.0,2.0
Subject494,60,0.45732943469785586,0.55,0.55,new,rf,28,4,1,60,1338,efc966c-dirty,30.0,2.0
Subject516,30,0.8755555555555555,0.9,0.9,new,rf,28,4,1,60,1338,efc966c-dirty,30.0,2.0
Subject729,60,0.775026455026455,0.8,0.8,new,rf,28,4,1,60,1338,efc966c-dirty,30.0,2.0
Subject877,60,0.8275132275132275,0.85,0.85,new,rf,28,4,1,60,1338,efc966c-dirty,30.0,2.0
Subject226,30,0.9333333333333332,0.9333333333333333,0.9333333333333333,recorded,rf,28,4,1,60,1338,efc966c-dirty,30.0,2.0
Subject455,60,1.0,1.0,1.0,recorded,rf,28,4,1,60,1338,efc966c-dirty,30.0,2.0
Subject731,30,0.9111111111111111,0.9333333333333333,0.9333333333333333,recorded,rf,28,4,1,60,1338,efc966c-dirty,30.0,2.0
Subject969,30,0.8380952380952381,0.8666666666666667,0.8666666666666667,recorded,rf,28,4,1,60,1338,efc966c-dirty,30.0,2.0
Subject139,60,0.8126984126984127,0.85,0.85,new,rf,28,4,2,120,2684,efc966c-dirty,30.0,2.0
Subject352,30,0.8088888888888889,0.8333333333333334,0.8333333333333334,new,rf,28,4,2,120,2684,efc966c-dirty,30.0,2.0
Subject494,60,0.5551072124756335,0.6166666666666667,0.6166666666666667,new,rf,28,4,2,120,2684,efc966c-dirty,30.0,2.0
Subject516,30,0.8977777777777778,0.9,0.9,new,rf,28,4,2,120,2684,efc966c-dirty,30.0,2.0
Subject729,60,0.8533333333333334,0.8666666666666667,0.8666666666666667,new,rf,28,4,2,120,2684,efc966c-dirty,30.0,2.0
Subject877,60,0.7945165945165944,0.8166666666666667,0.8166666666666667,new,rf,28,4,2,120,2684,efc966c-dirty,30.0,2.0
Subject226,30,0.9333333333333332,0.9333333333333333,0.9333333333333333,recorded,rf,28,4,2,120,2684,efc966c-dirty,30.0,2.0
Subject455,60,0.9830687830687831,0.9833333333333333,0.9833333333333333,recorded,rf,28,4,2,120,2684,efc966c-dirty,30.0,2.0
Subject731,30,0.9644444444444444,0.9666666666666667,0.9666666666666667,recorded,rf,28,4,2,120,2684,efc966c-dirty,30.0,2.0
Subject969,30,0.9111111111111111,0.9333333333333333,0.9333333333333333,recorded,rf,28,4,2,120,2684,efc966c-dirty,30.0,2.0
Subject139,60,0.8696681096681098,0.8833333333333333,0.8833333333333333,new,rf,28,6,1,90,1877,efc966c-dirty,30.0,2.0
Subject352,30,0.7511111111111111,0.7666666666666667,0.7666666666666667,new,rf,28,6,1,90,1877,efc966c-dirty,30.0,2.0
Subject494,60,0.5458142831827042,0.6166666666666667,0.6166666666666667,new,rf,28,6,1,90,1877,efc966c-dirty,30.0,2.0
Subject516,30,0.9644444444444444,0.9666666666666667,0.9666666666666667,new,rf,28,6,1,90,1877,efc966c-dirty,30.0,2.0
Subject729,60,0.8975853775853777,0.9,0.9,new,rf,28,6,1,90,1877,efc966c-dirty,30.0,2.0
Subject877,60,0.9644444444444444,0.9666666666666667,0.9666666666666667,new,rf,28,6,1,90,1877,efc966c-dirty,30.0,2.0
Subject147,31,0.9288888888888889,0.9333333333333333,0.9354838709677419,recorded,rf,28,6,1,90,1877,efc966c-dirty,30.0,2.0
Subject226,30,0.8777777777777778,0.9,0.9,recorded,rf,28,6,1,90,1877,efc966c-dirty,30.0,2.0
Subject455,60,0.9830687830687831,0.9833333333333333,0.9833333333333333,recorded,rf,28,6,1,90,1877,efc966c-dirty,30.0,2.0
Subject580,90,0.9171661671661672,0.9222222222222223,0.9222222222222223,recorded,rf,28,6,1,90,1877,efc966c-dirty,30.0,2.0
Subject731,30,1.0,1.0,1.0,recorded,rf,28,6,1,90,1877,efc966c-dirty,30.0,2.0
Subject969,30,0.8333333333333334,0.8666666666666667,0.8666666666666667,recorded,rf,28,6,1,90,1877,efc966c-dirty,30.0,2.0
Subject139,60,0.8264742664742665,0.85,0.85,new,rf,28,6,2,180,3729,efc966c-dirty,30.0,2.0
Subject352,30,0.7733333333333333,0.8,0.8,new,rf,28,6,2,180,3729,efc966c-dirty,30.0,2.0
Subject494,60,0.5632135505819716,0.6166666666666667,0.6166666666666667,new,rf,28,6,2,180,3729,efc966c-dirty,30.0,2.0
Subject516,30,0.8977777777777778,0.9,0.9,new,rf,28,6,2,180,3729,efc966c-dirty,30.0,2.0
Subject729,60,0.9475132275132275,0.95,0.95,new,rf,28,6,2,180,3729,efc966c-dirty,30.0,2.0
Subject877,60,0.9644444444444444,0.9666666666666667,0.9666666666666667,new,rf,28,6,2,180,3729,efc966c-dirty,30.0,2.0
Subject147,31,0.9644444444444444,0.9666666666666667,0.967741935483871,recorded,rf,28,6,2,180,3729,efc966c-dirty,30.0,2.0
Subject226,30,0.9333333333333332,0.9333333333333333,0.9333333333333333,recorded,rf,28,6,2,180,3729,efc966c-dirty,30.0,2.0
Subject455,60,1.0,1.0,1.0,recorded,rf,28,6,2,180,3729,efc966c-dirty,30.0,2.0
Subject580,90,0.909032634032634,0.9111111111111112,0.9111111111111111,recorded,rf,28,6,2,180,3729,efc966c-dirty,30.0,2.0
Subject731,30,0.9644444444444444,0.9666666666666667,0.9666666666666667,recorded,rf,28,6,2,180,3729,efc966c-dirty,30.0,2.0
Subject969,30,0.8825396825396825,0.9,0.9,recorded,rf,28,6,2,180,3729,efc966c-dirty,30.0,2.0
Subject139,60,0.7807792207792209,0.8166666666666667,0.8166666666666667,new,rf,28,8,1,120,2451,efc966c-dirty,30.0,2.0
Subject352,30,0.7555555555555554,0.7666666666666667,0.7666666666666667,new,rf,28,8,1,120,2451,efc966c-dirty,30.0,2.0
Subject494,60,0.6136786410470622,0.6833333333333333,0.6833333333333333,new,rf,28,8,1,120,2451,efc966c-dirty,30.0,2.0
Subject516,30,0.8825396825396825,0.9,0.9,new,rf,28,8,1,120,2451,efc966c-dirty,30.0,2.0
Subject729,60,0.9305820105820106,0.9333333333333333,0.9333333333333333,new,rf,28,8,1,120,2451,efc966c-dirty,30.0,2.0
Subject877,60,1.0,1.0,1.0,new,rf,28,8,1,120,2451,efc966c-dirty,30.0,2.0
Subject147,31,0.9288888888888889,0.9333333333333333,0.9354838709677419,recorded,rf,28,8,1,120,2451,efc966c-dirty,30.0,2.0
Subject226,30,0.8422222222222222,0.8666666666666667,0.8666666666666667,recorded,rf,28,8,1,120,2451,efc966c-dirty,30.0,2.0
Subject455,60,0.9830687830687831,0.9833333333333333,0.9833333333333333,recorded,rf,28,8,1,120,2451,efc966c-dirty,30.0,2.0
Subject561,60,0.9494708994708995,0.95,0.95,recorded,rf,28,8,1,120,2451,efc966c-dirty,30.0,2.0
Subject580,90,0.9319080919080918,0.9333333333333335,0.9333333333333333,recorded,rf,28,8,1,120,2451,efc966c-dirty,30.0,2.0
Subject731,30,0.9644444444444444,0.9666666666666667,0.9666666666666667,recorded,rf,28,8,1,120,2451,efc966c-dirty,30.0,2.0
Subject741,60,0.9331409331409332,0.9333333333333333,0.9333333333333333,recorded,rf,28,8,1,120,2451,efc966c-dirty,30.0,2.0
Subject969,30,0.8333333333333334,0.8666666666666667,0.8666666666666667,recorded,rf,28,8,1,120,2451,efc966c-dirty,30.0,2.0
Subject139,60,0.9316402116402116,0.9333333333333333,0.9333333333333333,new,rf,28,8,2,240,4874,efc966c-dirty,30.0,2.0
Subject352,30,0.8088888888888889,0.8333333333333334,0.8333333333333334,new,rf,28,8,2,240,4874,efc966c-dirty,30.0,2.0
Subject494,60,0.6608936482620693,0.7,0.7,new,rf,28,8,2,240,4874,efc966c-dirty,30.0,2.0
Subject516,30,0.8577777777777776,0.8666666666666667,0.8666666666666667,new,rf,28,8,2,240,4874,efc966c-dirty,30.0,2.0
Subject729,60,0.9475132275132275,0.95,0.95,new,rf,28,8,2,240,4874,efc966c-dirty,30.0,2.0
Subject877,60,0.9830687830687831,0.9833333333333333,0.9833333333333333,new,rf,28,8,2,240,4874,efc966c-dirty,30.0,2.0
Subject147,31,0.9111111111111111,0.9333333333333333,0.9354838709677419,recorded,rf,28,8,2,240,4874,efc966c-dirty,30.0,2.0
Subject226,30,0.9333333333333332,0.9333333333333333,0.9333333333333333,recorded,rf,28,8,2,240,4874,efc966c-dirty,30.0,2.0
Subject455,60,1.0,1.0,1.0,recorded,rf,28,8,2,240,4874,efc966c-dirty,30.0,2.0
Subject561,60,0.9830687830687831,0.9833333333333333,0.9833333333333333,recorded,rf,28,8,2,240,4874,efc966c-dirty,30.0,2.0
Subject580,90,0.908106708106708,0.9111111111111112,0.9111111111111111,recorded,rf,28,8,2,240,4874,efc966c-dirty,30.0,2.0
Subject731,30,0.9644444444444444,0.9666666666666667,0.9666666666666667,recorded,rf,28,8,2,240,4874,efc966c-dirty,30.0,2.0
Subject741,60,0.9477777777777778,0.95,0.95,recorded,rf,28,8,2,240,4874,efc966c-dirty,30.0,2.0
Subject969,30,0.8825396825396825,0.9,0.9,recorded,rf,28,8,2,240,4874,efc966c-dirty,30.0,2.0
Subject139,60,0.9305820105820106,0.9333333333333333,0.9333333333333333,new,rf,28,12,1,180,3552,efc966c-dirty,30.0,2.0
Subject352,30,0.8088888888888889,0.8333333333333334,0.8333333333333334,new,rf,28,12,1,180,3552,efc966c-dirty,30.0,2.0
Subject494,60,0.5713698387382599,0.65,0.65,new,rf,28,12,1,180,3552,efc966c-dirty,30.0,2.0
Subject516,30,0.8888888888888888,0.9,0.9,new,rf,28,12,1,180,3552,efc966c-dirty,30.0,2.0
Subject729,60,0.8757671957671959,0.8833333333333333,0.8833333333333333,new,rf,28,12,1,180,3552,efc966c-dirty,30.0,2.0
Subject877,60,0.9830687830687831,0.9833333333333333,0.9833333333333333,new,rf,28,12,1,180,3552,efc966c-dirty,30.0,2.0
Subject147,31,0.9111111111111111,0.9333333333333333,0.9354838709677419,recorded,rf,28,12,1,180,3552,efc966c-dirty,30.0,2.0
Subject226,30,0.8977777777777778,0.9,0.9,recorded,rf,28,12,1,180,3552,efc966c-dirty,30.0,2.0
Subject353,60,0.8836363636363636,0.9,0.9,recorded,rf,28,12,1,180,3552,efc966c-dirty,30.0,2.0
Subject354,60,0.9418181818181818,0.95,0.95,recorded,rf,28,12,1,180,3552,efc966c-dirty,30.0,2.0
Subject424,60,0.8656084656084656,0.8833333333333333,0.8833333333333333,recorded,rf,28,12,1,180,3552,efc966c-dirty,30.0,2.0
Subject455,60,0.9830687830687831,0.9833333333333333,0.9833333333333333,recorded,rf,28,12,1,180,3552,efc966c-dirty,30.0,2.0
Subject561,60,0.9316402116402116,0.9333333333333333,0.9333333333333333,recorded,rf,28,12,1,180,3552,efc966c-dirty,30.0,2.0
Subject580,90,0.9451437451437452,0.9444444444444445,0.9444444444444444,recorded,rf,28,12,1,180,3552,efc966c-dirty,30.0,2.0
Subject731,30,0.9644444444444444,0.9666666666666667,0.9666666666666667,recorded,rf,28,12,1,180,3552,efc966c-dirty,30.0,2.0
Subject741,60,0.9325396825396826,0.9333333333333333,0.9333333333333333,recorded,rf,28,12,1,180,3552,efc966c-dirty,30.0,2.0
Subject867,60,0.8632996632996632,0.8833333333333333,0.8833333333333333,recorded,rf,28,12,1,180,3552,efc966c-dirty,30.0,2.0
Subject969,30,0.8333333333333334,0.8666666666666667,0.8666666666666667,recorded,rf,28,12,1,180,3552,efc966c-dirty,30.0,2.0
Subject139,60,0.9475132275132274,0.95,0.95,new,rf,28,12,2,360,6986,efc966c-dirty,30.0,2.0
Subject352,30,0.8088888888888889,0.8333333333333334,0.8333333333333334,new,rf,28,12,2,360,6986,efc966c-dirty,30.0,2.0
Subject494,60,0.6974881648565859,0.7333333333333333,0.7333333333333333,new,rf,28,12,2,360,6986,efc966c-dirty,30.0,2.0
Subject516,30,0.82,0.8333333333333334,0.8333333333333334,new,rf,28,12,2,360,6986,efc966c-dirty,30.0,2.0
Subject729,60,0.9096296296296297,0.9166666666666666,0.9166666666666666,new,rf,28,12,2,360,6986,efc966c-dirty,30.0,2.0
Subject877,60,1.0,1.0,1.0,new,rf,28,12,2,360,6986,efc966c-dirty,30.0,2.0
Subject147,31,0.9111111111111111,0.9333333333333333,0.9354838709677419,recorded,rf,28,12,2,360,6986,efc966c-dirty,30.0,2.0
Subject226,30,0.9644444444444444,0.9666666666666667,0.9666666666666667,recorded,rf,28,12,2,360,6986,efc966c-dirty,30.0,2.0
Subject353,60,0.8836363636363636,0.9,0.9,recorded,rf,28,12,2,360,6986,efc966c-dirty,30.0,2.0
Subject354,60,0.9830687830687831,0.9833333333333333,0.9833333333333333,recorded,rf,28,12,2,360,6986,efc966c-dirty,30.0,2.0
Subject424,60,0.8825396825396825,0.9,0.9,recorded,rf,28,12,2,360,6986,efc966c-dirty,30.0,2.0
Subject455,60,1.0,1.0,1.0,recorded,rf,28,12,2,360,6986,efc966c-dirty,30.0,2.0
Subject561,60,0.9830687830687831,0.9833333333333333,0.9833333333333333,recorded,rf,28,12,2,360,6986,efc966c-dirty,30.0,2.0
Subject580,90,0.8776290376290375,0.8777777777777778,0.8777777777777778,recorded,rf,28,12,2,360,6986,efc966c-dirty,30.0,2.0
Subject731,30,1.0,1.0,1.0,recorded,rf,28,12,2,360,6986,efc966c-dirty,30.0,2.0
Subject741,60,0.9666666666666667,0.9666666666666667,0.9666666666666667,recorded,rf,28,12,2,360,6986,efc966c-dirty,30.0,2.0
Subject867,60,0.8956228956228957,0.9166666666666666,0.9166666666666666,recorded,rf,28,12,2,360,6986,efc966c-dirty,30.0,2.0
Subject969,30,0.8333333333333334,0.8666666666666667,0.8666666666666667,recorded,rf,28,12,2,360,6986,efc966c-dirty,30.0,2.0
Subject139,60,0.911957671957672,0.9166666666666666,0.9166666666666666,new,rf,28,16,1,240,4807,efc966c-dirty,30.0,2.0
Subject352,30,0.8088888888888889,0.8333333333333334,0.8333333333333334,new,rf,28,16,1,240,4807,efc966c-dirty,30.0,2.0
Subject494,60,0.578507885876307,0.65,0.65,new,rf,28,16,1,240,4807,efc966c-dirty,30.0,2.0
Subject516,30,0.8933333333333333,0.9,0.9,new,rf,28,16,1,240,4807,efc966c-dirty,30.0,2.0
Subject729,60,0.9475132275132275,0.95,0.95,new,rf,28,16,1,240,4807,efc966c-dirty,30.0,2.0
Subject877,60,1.0,1.0,1.0,new,rf,28,16,1,240,4807,efc966c-dirty,30.0,2.0
Subject147,31,0.9644444444444444,0.9666666666666667,0.967741935483871,recorded,rf,28,16,1,240,4807,efc966c-dirty,30.0,2.0
Subject226,30,0.8088888888888888,0.8333333333333334,0.8333333333333334,recorded,rf,28,16,1,240,4807,efc966c-dirty,30.0,2.0
Subject353,60,0.8539549339549339,0.8666666666666667,0.8666666666666667,recorded,rf,28,16,1,240,4807,efc966c-dirty,30.0,2.0
Subject354,60,0.9475132275132275,0.95,0.95,recorded,rf,28,16,1,240,4807,efc966c-dirty,30.0,2.0
Subject376,60,0.881111111111111,0.8833333333333333,0.8833333333333333,recorded,rf,28,16,1,240,4807,efc966c-dirty,30.0,2.0
Subject424,60,0.8452910052910053,0.8666666666666667,0.8666666666666667,recorded,rf,28,16,1,240,4807,efc966c-dirty,30.0,2.0
Subject455,60,1.0,1.0,1.0,recorded,rf,28,16,1,240,4807,efc966c-dirty,30.0,2.0
Subject561,60,0.9664021164021165,0.9666666666666667,0.9666666666666667,recorded,rf,28,16,1,240,4807,efc966c-dirty,30.0,2.0
Subject571,30,1.0,1.0,1.0,recorded,rf,28,16,1,240,4807,efc966c-dirty,30.0,2.0
Subject580,90,0.9052447552447551,0.9111111111111112,0.9111111111111111,recorded,rf,28,16,1,240,4807,efc966c-dirty,30.0,2.0
Subject611,60,0.9830687830687831,0.9833333333333333,0.9833333333333333,recorded,rf,28,16,1,240,4807,efc966c-dirty,30.0,2.0
Subject731,30,1.0,1.0,1.0,recorded,rf,28,16,1,240,4807,efc966c-dirty,30.0,2.0
Subject741,60,0.9325396825396826,0.9333333333333333,0.9333333333333333,recorded,rf,28,16,1,240,4807,efc966c-dirty,30.0,2.0
Subject819,60,0.8656084656084656,0.8833333333333333,0.8833333333333333,recorded,rf,28,16,1,240,4807,efc966c-dirty,30.0,2.0
Subject867,60,0.8632996632996632,0.8833333333333333,0.8833333333333333,recorded,rf,28,16,1,240,4807,efc966c-dirty,30.0,2.0
Subject969,30,0.8333333333333334,0.8666666666666667,0.8666666666666667,recorded,rf,28,16,1,240,4807,efc966c-dirty,30.0,2.0
Subject139,60,0.9830687830687831,0.9833333333333333,0.9833333333333333,new,rf,28,16,2,480,9499,efc966c-dirty,30.0,2.0
Subject352,30,0.8088888888888889,0.8333333333333334,0.8333333333333334,new,rf,28,16,2,480,9499,efc966c-dirty,30.0,2.0
Subject494,60,0.6551601225285436,0.7,0.7,new,rf,28,16,2,480,9499,efc966c-dirty,30.0,2.0
Subject516,30,0.9044444444444444,0.9,0.9,new,rf,28,16,2,480,9499,efc966c-dirty,30.0,2.0
Subject729,60,0.9149735449735451,0.9166666666666666,0.9166666666666666,new,rf,28,16,2,480,9499,efc966c-dirty,30.0,2.0
Subject877,60,1.0,1.0,1.0,new,rf,28,16,2,480,9499,efc966c-dirty,30.0,2.0
Subject147,31,0.8844444444444445,0.9111111111111111,0.9032258064516129,recorded,rf,28,16,2,480,9499,efc966c-dirty,30.0,2.0
Subject226,30,0.9644444444444444,0.9666666666666667,0.9666666666666667,recorded,rf,28,16,2,480,9499,efc966c-dirty,30.0,2.0
Subject353,60,0.8700721500721501,0.8833333333333333,0.8833333333333333,recorded,rf,28,16,2,480,9499,efc966c-dirty,30.0,2.0
Subject354,60,0.9830687830687831,0.9833333333333333,0.9833333333333333,recorded,rf,28,16,2,480,9499,efc966c-dirty,30.0,2.0
Subject376,60,0.9183068783068784,0.9166666666666666,0.9166666666666666,recorded,rf,28,16,2,480,9499,efc966c-dirty,30.0,2.0
Subject424,60,0.8825396825396825,0.9,0.9,recorded,rf,28,16,2,480,9499,efc966c-dirty,30.0,2.0
Subject455,60,1.0,1.0,1.0,recorded,rf,28,16,2,480,9499,efc966c-dirty,30.0,2.0
Subject561,60,0.9830687830687831,0.9833333333333333,0.9833333333333333,recorded,rf,28,16,2,480,9499,efc966c-dirty,30.0,2.0
Subject571,30,1.0,1.0,1.0,recorded,rf,28,16,2,480,9499,efc966c-dirty,30.0,2.0
Subject580,90,0.9210045510045509,0.9222222222222222,0.9222222222222223,recorded,rf,28,16,2,480,9499,efc966c-dirty,30.0,2.0
Subject611,60,0.9830687830687831,0.9833333333333333,0.9833333333333333,recorded,rf,28,16,2,480,9499,efc966c-dirty,30.0,2.0
Subject731,30,1.0,1.0,1.0,recorded,rf,28,16,2,480,9499,efc966c-dirty,30.0,2.0
Subject741,60,0.9666666666666667,0.9666666666666667,0.9666666666666667,recorded,rf,28,16,2,480,9499,efc966c-dirty,30.0,2.0
Subject819,60,0.8952055352055353,0.9,0.9,recorded,rf,28,16,2,480,9499,efc966c-dirty,30.0,2.0
Subject867,60,0.8800000000000001,0.9,0.9,recorded,rf,28,16,2,480,9499,efc966c-dirty,30.0,2.0
Subject969,30,0.8825396825396825,0.9,0.9,recorded,rf,28,16,2,480,9499,efc966c-dirty,30.0,2.0
Subject139,60,0.8772486772486773,0.9,0.9,new,rf,28,17,1,255,5096,efc966c-dirty,30.0,2.0
Subject352,30,0.8088888888888889,0.8333333333333334,0.8333333333333334,new,rf,28,17,1,255,5096,efc966c-dirty,30.0,2.0
Subject494,60,0.6315093288777499,0.7,0.7,new,rf,28,17,1,255,5096,efc966c-dirty,30.0,2.0
Subject516,30,0.9044444444444444,0.9,0.9,new,rf,28,17,1,255,5096,efc966c-dirty,30.0,2.0
Subject729,60,0.9308465608465609,0.9333333333333333,0.9333333333333333,new,rf,28,17,1,255,5096,efc966c-dirty,30.0,2.0
Subject877,60,0.9830687830687831,0.9833333333333333,0.9833333333333333,new,rf,28,17,1,255,5096,efc966c-dirty,30.0,2.0
Subject147,31,0.9644444444444444,0.9666666666666667,0.967741935483871,recorded,rf,28,17,1,255,5096,efc966c-dirty,30.0,2.0
Subject226,30,0.8088888888888888,0.8333333333333334,0.8333333333333334,recorded,rf,28,17,1,255,5096,efc966c-dirty,30.0,2.0
Subject353,60,0.8539549339549339,0.8666666666666667,0.8666666666666667,recorded,rf,28,17,1,255,5096,efc966c-dirty,30.0,2.0
Subject354,60,0.9248869648869648,0.9333333333333333,0.9333333333333333,recorded,rf,28,17,1,255,5096,efc966c-dirty,30.0,2.0
Subject376,60,0.8647619047619047,0.8666666666666667,0.8666666666666667,recorded,rf,28,17,1,255,5096,efc966c-dirty,30.0,2.0
Subject424,60,0.8452910052910053,0.8666666666666667,0.8666666666666667,recorded,rf,28,17,1,255,5096,efc966c-dirty,30.0,2.0
Subject455,60,1.0,1.0,1.0,recorded,rf,28,17,1,255,5096,efc966c-dirty,30.0,2.0
Subject561,60,0.9485714285714286,0.95,0.95,recorded,rf,28,17,1,255,5096,efc966c-dirty,30.0,2.0
Subject571,30,1.0,1.0,1.0,recorded,rf,28,17,1,255,5096,efc966c-dirty,30.0,2.0
Subject580,90,0.907174307174307,0.9111111111111112,0.9111111111111111,recorded,rf,28,17,1,255,5096,efc966c-dirty,30.0,2.0
Subject611,60,0.9644444444444444,0.9666666666666667,0.9666666666666667,recorded,rf,28,17,1,255,5096,efc966c-dirty,30.0,2.0
Subject731,30,1.0,1.0,1.0,recorded,rf,28,17,1,255,5096,efc966c-dirty,30.0,2.0
Subject741,60,0.9325396825396826,0.9333333333333333,0.9333333333333333,recorded,rf,28,17,1,255,5096,efc966c-dirty,30.0,2.0
Subject819,60,0.8812372812372813,0.9,0.9,recorded,rf,28,17,1,255,5096,efc966c-dirty,30.0,2.0
Subject867,60,0.8632996632996632,0.8833333333333333,0.8833333333333333,recorded,rf,28,17,1,255,5096,efc966c-dirty,30.0,2.0
Subject890,30,0.9644444444444444,0.9666666666666667,0.9666666666666667,recorded,rf,28,17,1,255,5096,efc966c-dirty,30.0,2.0
Subject969,30,0.8333333333333334,0.8666666666666667,0.8666666666666667,recorded,rf,28,17,1,255,5096,efc966c-dirty,30.0,2.0
Subject139,60,0.9418181818181818,0.95,0.95,new,rf,28,17,2,510,10080,efc966c-dirty,30.0,2.0
Subject352,30,0.8088888888888889,0.8333333333333334,0.8333333333333334,new,rf,28,17,2,510,10080,efc966c-dirty,30.0,2.0
Subject494,60,0.6764213564213565,0.7166666666666667,0.7166666666666667,new,rf,28,17,2,510,10080,efc966c-dirty,30.0,2.0
Subject516,30,0.9044444444444444,0.9,0.9,new,rf,28,17,2,510,10080,efc966c-dirty,30.0,2.0
Subject729,60,0.9137566137566139,0.9166666666666666,0.9166666666666666,new,rf,28,17,2,510,10080,efc966c-dirty,30.0,2.0
Subject877,60,1.0,1.0,1.0,new,rf,28,17,2,510,10080,efc966c-dirty,30.0,2.0
Subject147,31,0.9111111111111111,0.9333333333333333,0.9354838709677419,recorded,rf,28,17,2,510,10080,efc966c-dirty,30.0,2.0
Subject226,30,0.9644444444444444,0.9666666666666667,0.9666666666666667,recorded,rf,28,17,2,510,10080,efc966c-dirty,30.0,2.0
Subject353,60,0.8836363636363636,0.9,0.9,recorded,rf,28,17,2,510,10080,efc966c-dirty,30.0,2.0
Subject354,60,0.9830687830687831,0.9833333333333333,0.9833333333333333,recorded,rf,28,17,2,510,10080,efc966c-dirty,30.0,2.0
Subject376,60,0.9160317460317461,0.9166666666666666,0.9166666666666666,recorded,rf,28,17,2,510,10080,efc966c-dirty,30.0,2.0
Subject424,60,0.8825396825396825,0.9,0.9,recorded,rf,28,17,2,510,10080,efc966c-dirty,30.0,2.0
Subject455,60,1.0,1.0,1.0,recorded,rf,28,17,2,510,10080,efc966c-dirty,30.0,2.0
Subject561,60,1.0,1.0,1.0,recorded,rf,28,17,2,510,10080,efc966c-dirty,30.0,2.0
Subject571,30,1.0,1.0,1.0,recorded,rf,28,17,2,510,10080,efc966c-dirty,30.0,2.0
Subject580,90,0.9082206682206683,0.9111111111111111,0.9111111111111111,recorded,rf,28,17,2,510,10080,efc966c-dirty,30.0,2.0
Subject611,60,0.9830687830687831,0.9833333333333333,0.9833333333333333,recorded,rf,28,17,2,510,10080,efc966c-dirty,30.0,2.0
Subject731,30,1.0,1.0,1.0,recorded,rf,28,17,2,510,10080,efc966c-dirty,30.0,2.0
Subject741,60,0.9666666666666667,0.9666666666666667,0.9666666666666667,recorded,rf,28,17,2,510,10080,efc966c-dirty,30.0,2.0
Subject819,60,0.8952055352055353,0.9,0.9,recorded,rf,28,17,2,510,10080,efc966c-dirty,30.0,2.0
Subject867,60,0.8800000000000001,0.9,0.9,recorded,rf,28,17,2,510,10080,efc966c-dirty,30.0,2.0
Subject890,30,0.9111111111111111,0.9333333333333333,0.9333333333333333,recorded,rf,28,17,2,510,10080,efc966c-dirty,30.0,2.0
Subject969,30,0.8825396825396825,0.9,0.9,recorded,rf,28,17,2,510,10080,efc966c-dirty,30.0,2.0
Subject139,60,0.6241269841269842,0.6666666666666666,0.6666666666666666,new,rf,29,2,1,30,580,efc966c-dirty,30.0,2.0
Subject226,30,0.5377777777777778,0.6,0.6,new,rf,29,2,1,30,580,efc966c-dirty,30.0,2.0
Subject353,60,0.7282539682539683,0.75,0.75,new,rf,29,2,1,30,580,efc966c-dirty,30.0,2.0
Subject424,60,0.7224531024531025,0.75,0.75,new,rf,29,2,1,30,580,efc966c-dirty,30.0,2.0
Subject516,30,0.6977777777777777,0.7333333333333333,0.7333333333333333,new,rf,29,2,1,30,580,efc966c-dirty,30.0,2.0
Subject571,30,0.6962962962962962,0.7333333333333333,0.7333333333333333,new,rf,29,2,1,30,580,efc966c-dirty,30.0,2.0
Subject729,60,1.0,1.0,1.0,recorded,rf,29,2,1,30,580,efc966c-dirty,30.0,2.0
Subject741,60,0.9053968253968255,0.9166666666666666,0.9166666666666666,recorded,rf,29,2,1,30,580,efc966c-dirty,30.0,2.0
Subject139,60,0.7252910052910054,0.7666666666666667,0.7666666666666667,new,rf,29,2,2,60,1173,efc966c-dirty,30.0,2.0
Subject226,30,0.6666666666666665,0.7333333333333333,0.7333333333333333,new,rf,29,2,2,60,1173,efc966c-dirty,30.0,2.0
Subject353,60,0.6716402116402116,0.7166666666666667,0.7166666666666667,new,rf,29,2,2,60,1173,efc966c-dirty,30.0,2.0
Subject424,60,0.7223472823472824,0.7666666666666667,0.7666666666666667,new,rf,29,2,2,60,1173,efc966c-dirty,30.0,2.0
Subject516,30,0.7888888888888889,0.8,0.8,new,rf,29,2,2,60,1173,efc966c-dirty,30.0,2.0
Subject571,30,0.6488888888888888,0.7,0.7,new,rf,29,2,2,60,1173,efc966c-dirty,30.0,2.0
Subject729,60,0.9830687830687831,0.9833333333333333,0.9833333333333333,recorded,rf,29,2,2,60,1173,efc966c-dirty,30.0,2.0
Subject741,60,0.9830687830687831,0.9833333333333333,0.9833333333333333,recorded,rf,29,2,2,60,1173,efc966c-dirty,30.0,2.0
Subject139,60,0.8264550264550266,0.85,0.85,new,rf,29,4,1,60,1204,efc966c-dirty,30.0,2.0
Subject226,30,0.6999999999999998,0.7666666666666667,0.7666666666666667,new,rf,29,4,1,60,1204,efc966c-dirty,30.0,2.0
Subject353,60,0.6429170829170829,0.7,0.7,new,rf,29,4,1,60,1204,efc966c-dirty,30.0,2.0
Subject424,60,0.6674795574795576,0.7166666666666667,0.7166666666666667,new,rf,29,4,1,60,1204,efc966c-dirty,30.0,2.0
Subject516,30,0.8825396825396825,0.9,0.9,new,rf,29,4,1,60,1204,efc966c-dirty,30.0,2.0
Subject571,30,0.6777777777777777,0.7333333333333333,0.7333333333333333,new,rf,29,4,1,60,1204,efc966c-dirty,30.0,2.0
Subject729,60,1.0,1.0,1.0,recorded,rf,29,4,1,60,1204,efc966c-dirty,30.0,2.0
Subject741,60,0.9325396825396826,0.9333333333333333,0.9333333333333333,recorded,rf,29,4,1,60,1204,efc966c-dirty,30.0,2.0
Subject819,60,0.8941798941798942,0.9166666666666666,0.9166666666666666,recorded,rf,29,4,1,60,1204,efc966c-dirty,30.0,2.0
Subject890,30,1.0,1.0,1.0,recorded,rf,29,4,1,60,1204,efc966c-dirty,30.0,2.0
Subject139,60,0.8592592592592593,0.8833333333333333,0.8833333333333333,new,rf,29,4,2,120,2438,efc966c-dirty,30.0,2.0
Subject226,30,0.6755555555555556,0.7333333333333333,0.7333333333333333,new,rf,29,4,2,120,2438,efc966c-dirty,30.0,2.0
Subject353,60,0.5866329966329966,0.65,0.65,new,rf,29,4,2,120,2438,efc966c-dirty,30.0,2.0
Subject424,60,0.7141329041329042,0.7666666666666667,0.7666666666666667,new,rf,29,4,2,120,2438,efc966c-dirty,30.0,2.0
Subject516,30,0.846984126984127,0.8666666666666667,0.8666666666666667,new,rf,29,4,2,120,2438,efc966c-dirty,30.0,2.0
Subject571,30,0.6777777777777777,0.7333333333333333,0.7333333333333333,new,rf,29,4,2,120,2438,efc966c-dirty,30.0,2.0
Subject729,60,0.9830687830687831,0.9833333333333333,0.9833333333333333,recorded,rf,29,4,2,120,2438,efc966c-dirty,30.0,2.0
Subject741,60,0.9830687830687831,0.9833333333333333,0.9833333333333333,recorded,rf,29,4,2,120,2438,efc966c-dirty,30.0,2.0
Subject819,60,0.8941798941798942,0.9166666666666666,0.9166666666666666,recorded,rf,29,4,2,120,2438,efc966c-dirty,30.0,2.0
Subject890,30,1.0,1.0,1.0,recorded,rf,29,4,2,120,2438,efc966c-dirty,30.0,2.0
Subject139,60,0.8918518518518518,0.9,0.9,new,rf,29,6,1,90,1951,efc966c-dirty,30.0,2.0
Subject226,30,0.6333333333333332,0.6666666666666666,0.6666666666666666,new,rf,29,6,1,90,1951,efc966c-dirty,30.0,2.0
Subject353,60,0.6648869648869649,0.7,0.7,new,rf,29,6,1,90,1951,efc966c-dirty,30.0,2.0
Subject424,60,0.6550264550264551,0.7,0.7,new,rf,29,6,1,90,1951,efc966c-dirty,30.0,2.0
Subject516,30,0.7844444444444445,0.8,0.8,new,rf,29,6,1,90,1951,efc966c-dirty,30.0,2.0
Subject571,30,0.7555555555555554,0.8,0.8,new,rf,29,6,1,90,1951,efc966c-dirty,30.0,2.0
Subject147,31,0.8888888888888888,0.9,0.9032258064516129,recorded,rf,29,6,1,90,1951,efc966c-dirty,30.0,2.0
Subject729,60,0.9830687830687831,0.9833333333333333,0.9833333333333333,recorded,rf,29,6,1,90,1951,efc966c-dirty,30.0,2.0
Subject741,60,0.8398075998075998,0.8666666666666667,0.8666666666666667,recorded,rf,29,6,1,90,1951,efc966c-dirty,30.0,2.0
Subject819,60,0.8608465608465609,0.8833333333333333,0.8833333333333333,recorded,rf,29,6,1,90,1951,efc966c-dirty,30.0,2.0
Subject890,30,1.0,1.0,1.0,recorded,rf,29,6,1,90,1951,efc966c-dirty,30.0,2.0
Subject969,30,0.8469841269841271,0.8666666666666667,0.8666666666666667,recorded,rf,29,6,1,90,1951,efc966c-dirty,30.0,2.0
Subject139,60,0.8692255892255892,0.8833333333333333,0.8833333333333333,new,rf,29,6,2,180,3920,efc966c-dirty,30.0,2.0
Subject226,30,0.6222222222222221,0.6666666666666666,0.6666666666666666,new,rf,29,6,2,180,3920,efc966c-dirty,30.0,2.0
Subject353,60,0.6340452140452141,0.6666666666666666,0.6666666666666666,new,rf,29,6,2,180,3920,efc966c-dirty,30.0,2.0
Subject424,60,0.7200529100529101,0.7666666666666667,0.7666666666666667,new,rf,29,6,2,180,3920,efc966c-dirty,30.0,2.0
Subject516,30,0.8114285714285714,0.8333333333333334,0.8333333333333334,new,rf,29,6,2,180,3920,efc966c-dirty,30.0,2.0
Subject571,30,0.8222222222222222,0.8666666666666667,0.8666666666666667,new,rf,29,6,2,180,3920,efc966c-dirty,30.0,2.0
Subject147,31,0.8955555555555555,0.9,0.9032258064516129,recorded,rf,29,6,2,180,3920,efc966c-dirty,30.0,2.0
Subject729,60,1.0,1.0,1.0,recorded,rf,29,6,2,180,3920,efc966c-dirty,30.0,2.0
Subject741,60,0.9475132275132275,0.95,0.95,recorded,rf,29,6,2,180,3920,efc966c-dirty,30.0,2.0
Subject819,60,0.8656084656084656,0.8833333333333333,0.8833333333333333,recorded,rf,29,6,2,180,3920,efc966c-dirty,30.0,2.0
Subject890,30,1.0,1.0,1.0,recorded,rf,29,6,2,180,3920,efc966c-dirty,30.0,2.0
Subject969,30,0.8825396825396825,0.9,0.9,recorded,rf,29,6,2,180,3920,efc966c-dirty,30.0,2.0
Subject139,60,0.7949206349206349,0.8166666666666667,0.8166666666666667,new,rf,29,8,1,120,2426,efc966c-dirty,30.0,2.0
Subject226,30,0.711111111111111,0.7333333333333333,0.7333333333333333,new,rf,29,8,1,120,2426,efc966c-dirty,30.0,2.0
Subject353,60,0.6946031746031748,0.7333333333333333,0.7333333333333333,new,rf,29,8,1,120,2426,efc966c-dirty,30.0,2.0
Subject424,60,0.793068783068783,0.8166666666666667,0.8166666666666667,new,rf,29,8,1,120,2426,efc966c-dirty,30.0,2.0
Subject516,30,0.8422222222222222,0.8666666666666667,0.8666666666666667,new,rf,29,8,1,120,2426,efc966c-dirty,30.0,2.0
Subject571,30,0.8755555555555555,0.9,0.9,new,rf,29,8,1,120,2426,efc966c-dirty,30.0,2.0
Subject147,31,0.8755555555555555,0.9,0.9032258064516129,recorded,rf,29,8,1,120,2426,efc966c-dirty,30.0,2.0
Subject376,60,0.8933333333333333,0.9,0.9,recorded,rf,29,8,1,120,2426,efc966c-dirty,30.0,2.0
Subject494,60,0.8994708994708994,0.9,0.9,recorded,rf,29,8,1,120,2426,efc966c-dirty,30.0,2.0
Subject729,60,0.9830687830687831,0.9833333333333333,0.9833333333333333,recorded,rf,29,8,1,120,2426,efc966c-dirty,30.0,2.0
Subject741,60,0.9094372294372295,0.9166666666666666,0.9166666666666666,recorded,rf,29,8,1,120,2426,efc966c-dirty,30.0,2.0
Subject819,60,0.8656084656084656,0.8833333333333333,0.8833333333333333,recorded,rf,29,8,1,120,2426,efc966c-dirty,30.0,2.0
Subject890,30,1.0,1.0,1.0,recorded,rf,29,8,1,120,2426,efc966c-dirty,30.0,2.0
Subject969,30,0.8469841269841271,0.8666666666666667,0.8666666666666667,recorded,rf,29,8,1,120,2426,efc966c-dirty,30.0,2.0
Subject139,60,0.7956613756613756,0.8166666666666667,0.8166666666666667,new,rf,29,8,2,240,4873,efc966c-dirty,30.0,2.0
Subject226,30,0.7644444444444445,0.8,0.8,new,rf,29,8,2,240,4873,efc966c-dirty,30.0,2.0
Subject353,60,0.6957575757575758,0.7333333333333333,0.7333333333333333,new,rf,29,8,2,240,4873,efc966c-dirty,30.0,2.0
Subject424,60,0.838994708994709,0.85,0.85,new,rf,29,8,2,240,4873,efc966c-dirty,30.0,2.0
Subject516,30,0.8422222222222222,0.8666666666666667,0.8666666666666667,new,rf,29,8,2,240,4873,efc966c-dirty,30.0,2.0
Subject571,30,0.9111111111111111,0.9333333333333333,0.9333333333333333,new,rf,29,8,2,240,4873,efc966c-dirty,30.0,2.0
Subject147,31,0.9644444444444444,0.9666666666666667,0.967741935483871,recorded,rf,29,8,2,240,4873,efc966c-dirty,30.0,2.0
Subject376,60,0.9189033189033188,0.9166666666666666,0.9166666666666666,recorded,rf,29,8,2,240,4873,efc966c-dirty,30.0,2.0
Subject494,60,0.9830687830687831,0.9833333333333333,0.9833333333333333,recorded,rf,29,8,2,240,4873,efc966c-dirty,30.0,2.0
Subject729,60,0.9830687830687831,0.9833333333333333,0.9833333333333333,recorded,rf,29,8,2,240,4873,efc966c-dirty,30.0,2.0
Subject741,60,0.9492063492063492,0.95,0.95,recorded,rf,29,8,2,240,4873,efc966c-dirty,30.0,2.0
Subject819,60,0.8656084656084656,0.8833333333333333,0.8833333333333333,recorded,rf,29,8,2,240,4873,efc966c-dirty,30.0,2.0
Subject890,30,0.9644444444444444,0.9666666666666667,0.9666666666666667,recorded,rf,29,8,2,240,4873,efc966c-dirty,30.0,2.0
Subject969,30,0.8825396825396825,0.9,0.9,recorded,rf,29,8,2,240,4873,efc966c-dirty,30.0,2.0
Subject139,60,0.913015873015873,0.9166666666666666,0.9166666666666666,new,rf,29,12,1,180,3582,efc966c-dirty,30.0,2.0
Subject226,30,0.7288888888888889,0.8,0.8,new,rf,29,12,1,180,3582,efc966c-dirty,30.0,2.0
Subject353,60,0.7055218855218857,0.7666666666666667,0.7666666666666667,new,rf,29,12,1,180,3582,efc966c-dirty,30.0,2.0
Subject424,60,0.8311640211640212,0.85,0.85,new,rf,29,12,1,180,3582,efc966c-dirty,30.0,2.0
Subject516,30,0.9288888888888888,0.9333333333333333,0.9333333333333333,new,rf,29,12,1,180,3582,efc966c-dirty,30.0,2.0
Subject571,30,0.8333333333333334,0.8666666666666667,0.8666666666666667,new,rf,29,12,1,180,3582,efc966c-dirty,30.0,2.0
Subject147,31,0.9644444444444444,0.9666666666666667,0.967741935483871,recorded,rf,29,12,1,180,3582,efc966c-dirty,30.0,2.0
Subject376,60,0.8638768638768639,0.8666666666666667,0.8666666666666667,recorded,rf,29,12,1,180,3582,efc966c-dirty,30.0,2.0
Subject455,60,0.9666666666666667,0.9666666666666667,0.9666666666666667,recorded,rf,29,12,1,180,3582,efc966c-dirty,30.0,2.0
Subject494,60,0.9142857142857143,0.9166666666666666,0.9166666666666666,recorded,rf,29,12,1,180,3582,efc966c-dirty,30.0,2.0
Subject729,60,0.9830687830687831,0.9833333333333333,0.9833333333333333,recorded,rf,29,12,1,180,3582,efc966c-dirty,30.0,2.0
Subject731,30,1.0,1.0,1.0,recorded,rf,29,12,1,180,3582,efc966c-dirty,30.0,2.0
Subject741,60,0.9322751322751323,0.9333333333333333,0.9333333333333333,recorded,rf,29,12,1,180,3582,efc966c-dirty,30.0,2.0
Subject819,60,0.8656084656084656,0.8833333333333333,0.8833333333333333,recorded,rf,29,12,1,180,3582,efc966c-dirty,30.0,2.0
Subject867,60,0.8950456950456951,0.9,0.9,recorded,rf,29,12,1,180,3582,efc966c-dirty,30.0,2.0
Subject877,60,0.9661375661375663,0.9666666666666667,0.9666666666666667,recorded,rf,29,12,1,180,3582,efc966c-dirty,30.0,2.0
Subject890,30,1.0,1.0,1.0,recorded,rf,29,12,1,180,3582,efc966c-dirty,30.0,2.0
Subject969,30,0.8533333333333334,0.8666666666666667,0.8666666666666667,recorded,rf,29,12,1,180,3582,efc966c-dirty,30.0,2.0
Subject139,60,0.913015873015873,0.9166666666666666,0.9166666666666666,new,rf,29,12,2,360,7152,efc966c-dirty,30.0,2.0
Subject226,30,0.6999999999999998,0.7666666666666667,0.7666666666666667,new,rf,29,12,2,360,7152,efc966c-dirty,30.0,2.0
Subject353,60,0.7432996632996632,0.8,0.8,new,rf,29,12,2,360,7152,efc966c-dirty,30.0,2.0
Subject424,60,0.8074266474266475,0.8333333333333334,0.8333333333333334,new,rf,29,12,2,360,7152,efc966c-dirty,30.0,2.0
Subject516,30,0.8977777777777777,0.9,0.9,new,rf,29,12,2,360,7152,efc966c-dirty,30.0,2.0
Subject571,30,0.9644444444444444,0.9666666666666667,0.9666666666666667,new,rf,29,12,2,360,7152,efc966c-dirty,30.0,2.0
Subject147,31,1.0,1.0,1.0,recorded,rf,29,12,2,360,7152,efc966c-dirty,30.0,2.0
Subject376,60,0.9,0.9,0.9,recorded,rf,29,12,2,360,7152,efc966c-dirty,30.0,2.0
Subject455,60,0.9830687830687831,0.9833333333333333,0.9833333333333333,recorded,rf,29,12,2,360,7152,efc966c-dirty,30.0,2.0
Subject494,60,0.9475132275132275,0.95,0.95,recorded,rf,29,12,2,360,7152,efc966c-dirty,30.0,2.0
Subject729,60,0.9830687830687831,0.9833333333333333,0.9833333333333333,recorded,rf,29,12,2,360,7152,efc966c-dirty,30.0,2.0
Subject731,30,0.9644444444444444,0.9666666666666667,0.9666666666666667,recorded,rf,29,12,2,360,7152,efc966c-dirty,30.0,2.0
Subject741,60,0.9492063492063492,0.95,0.95,recorded,rf,29,12,2,360,7152,efc966c-dirty,30.0,2.0
Subject819,60,0.8656084656084656,0.8833333333333333,0.8833333333333333,recorded,rf,29,12,2,360,7152,efc966c-dirty,30.0,2.0
Subject867,60,0.9485714285714286,0.95,0.95,recorded,rf,29,12,2,360,7152,efc966c-dirty,30.0,2.0
Subject877,60,0.9830687830687831,0.9833333333333333,0.9833333333333333,recorded,rf,29,12,2,360,7152,efc966c-dirty,30.0,2.0
Subject890,30,0.9111111111111111,0.9333333333333333,0.9333333333333333,recorded,rf,29,12,2,360,7152,efc966c-dirty,30.0,2.0
Subject969,30,0.8825396825396825,0.9,0.9,recorded,rf,29,12,2,360,7152,efc966c-dirty,30.0,2.0
Subject139,60,0.9475132275132275,0.95,0.95,new,rf,29,16,1,240,4711,efc966c-dirty,30.0,2.0
Subject226,30,0.7822222222222223,0.8333333333333334,0.8333333333333334,new,rf,29,16,1,240,4711,efc966c-dirty,30.0,2.0
Subject353,60,0.7612506012506013,0.7833333333333333,0.7833333333333333,new,rf,29,16,1,240,4711,efc966c-dirty,30.0,2.0
Subject424,60,0.8240944240944241,0.85,0.85,new,rf,29,16,1,240,4711,efc966c-dirty,30.0,2.0
Subject516,30,0.9644444444444444,0.9666666666666667,0.9666666666666667,new,rf,29,16,1,240,4711,efc966c-dirty,30.0,2.0
Subject571,30,0.8825396825396825,0.9,0.9,new,rf,29,16,1,240,4711,efc966c-dirty,30.0,2.0
Subject147,31,0.9311111111111111,0.9333333333333333,0.9354838709677419,recorded,rf,29,16,1,240,4711,efc966c-dirty,30.0,2.0
Subject354,60,0.9830687830687831,0.9833333333333333,0.9833333333333333,recorded,rf,29,16,1,240,4711,efc966c-dirty,30.0,2.0
Subject376,60,0.8435786435786436,0.85,0.85,recorded,rf,29,16,1,240,4711,efc966c-dirty,30.0,2.0
Subject455,60,1.0,1.0,1.0,recorded,rf,29,16,1,240,4711,efc966c-dirty,30.0,2.0
Subject494,60,0.8722222222222221,0.8833333333333333,0.8833333333333333,recorded,rf,29,16,1,240,4711,efc966c-dirty,30.0,2.0
Subject561,60,0.8647619047619047,0.8833333333333333,0.8833333333333333,recorded,rf,29,16,1,240,4711,efc966c-dirty,30.0,2.0
Subject580,90,0.887963147963148,0.8888888888888891,0.8888888888888888,recorded,rf,29,16,1,240,4711,efc966c-dirty,30.0,2.0
Subject611,60,0.9830687830687831,0.9833333333333333,0.9833333333333333,recorded,rf,29,16,1,240,4711,efc966c-dirty,30.0,2.0
Subject729,60,0.9830687830687831,0.9833333333333333,0.9833333333333333,recorded,rf,29,16,1,240,4711,efc966c-dirty,30.0,2.0
Subject731,30,1.0,1.0,1.0,recorded,rf,29,16,1,240,4711,efc966c-dirty,30.0,2.0
Subject741,60,0.9497354497354498,0.95,0.95,recorded,rf,29,16,1,240,4711,efc966c-dirty,30.0,2.0
Subject819,60,0.8656084656084656,0.8833333333333333,0.8833333333333333,recorded,rf,29,16,1,240,4711,efc966c-dirty,30.0,2.0
Subject867,60,0.9119769119769121,0.9166666666666666,0.9166666666666666,recorded,rf,29,16,1,240,4711,efc966c-dirty,30.0,2.0
Subject877,60,1.0,1.0,1.0,recorded,rf,29,16,1,240,4711,efc966c-dirty,30.0,2.0
Subject890,30,0.9111111111111111,0.9333333333333333,0.9333333333333333,recorded,rf,29,16,1,240,4711,efc966c-dirty,30.0,2.0
Subject969,30,0.8469841269841271,0.8666666666666667,0.8666666666666667,recorded,rf,29,16,1,240,4711,efc966c-dirty,30.0,2.0
Subject139,60,0.9308465608465608,0.9333333333333333,0.9333333333333333,new,rf,29,16,2,480,9418,efc966c-dirty,30.0,2.0
Subject226,30,0.6999999999999998,0.7666666666666667,0.7666666666666667,new,rf,29,16,2,480,9418,efc966c-dirty,30.0,2.0
Subject353,60,0.8055218855218855,0.8333333333333334,0.8333333333333334,new,rf,29,16,2,480,9418,efc966c-dirty,30.0,2.0
Subject424,60,0.8469841269841271,0.8666666666666667,0.8666666666666667,new,rf,29,16,2,480,9418,efc966c-dirty,30.0,2.0
Subject516,30,0.9333333333333332,0.9333333333333333,0.9333333333333333,new,rf,29,16,2,480,9418,efc966c-dirty,30.0,2.0
Subject571,30,0.9333333333333332,0.9333333333333333,0.9333333333333333,new,rf,29,16,2,480,9418,efc966c-dirty,30.0,2.0
Subject147,31,0.9644444444444444,0.9666666666666667,0.967741935483871,recorded,rf,29,16,2,480,9418,efc966c-dirty,30.0,2.0
Subject354,60,0.9830687830687831,0.9833333333333333,0.9833333333333333,recorded,rf,29,16,2,480,9418,efc966c-dirty,30.0,2.0
Subject376,60,0.9157287157287157,0.9166666666666666,0.9166666666666666,recorded,rf,29,16,2,480,9418,efc966c-dirty,30.0,2.0
Subject455,60,1.0,1.0,1.0,recorded,rf,29,16,2,480,9418,efc966c-dirty,30.0,2.0
Subject494,60,0.962962962962963,0.9666666666666667,0.9666666666666667,recorded,rf,29,16,2,480,9418,efc966c-dirty,30.0,2.0
Subject561,60,0.9485714285714286,0.95,0.95,recorded,rf,29,16,2,480,9418,efc966c-dirty,30.0,2.0
Subject580,90,0.9116394716394716,0.9111111111111111,0.9111111111111111,recorded,rf,29,16,2,480,9418,efc966c-dirty,30.0,2.0
Subject611,60,0.9830687830687831,0.9833333333333333,0.9833333333333333,recorded,rf,29,16,2,480,9418,efc966c-dirty,30.0,2.0
Subject729,60,0.9830687830687831,0.9833333333333333,0.9833333333333333,recorded,rf,29,16,2,480,9418,efc966c-dirty,30.0,2.0
Subject731,30,1.0,1.0,1.0,recorded,rf,29,16,2,480,9418,efc966c-dirty,30.0,2.0
Subject741,60,0.9666666666666667,0.9666666666666667,0.9666666666666667,recorded,rf,29,16,2,480,9418,efc966c-dirty,30.0,2.0
Subject819,60,0.8656084656084656,0.8833333333333333,0.8833333333333333,recorded,rf,29,16,2,480,9418,efc966c-dirty,30.0,2.0
Subject867,60,0.9311111111111111,0.9333333333333333,0.9333333333333333,recorded,rf,29,16,2,480,9418,efc966c-dirty,30.0,2.0
Subject877,60,1.0,1.0,1.0,recorded,rf,29,16,2,480,9418,efc966c-dirty,30.0,2.0
Subject890,30,1.0,1.0,1.0,recorded,rf,29,16,2,480,9418,efc966c-dirty,30.0,2.0
Subject969,30,0.7977777777777777,0.8333333333333334,0.8333333333333334,recorded,rf,29,16,2,480,9418,efc966c-dirty,30.0,2.0
Subject139,60,0.9475132275132275,0.95,0.95,new,rf,29,17,1,255,5147,efc966c-dirty,30.0,2.0
Subject226,30,0.7822222222222223,0.8333333333333334,0.8333333333333334,new,rf,29,17,1,255,5147,efc966c-dirty,30.0,2.0
Subject353,60,0.7515536315536316,0.7666666666666667,0.7666666666666667,new,rf,29,17,1,255,5147,efc966c-dirty,30.0,2.0
Subject424,60,0.8240944240944241,0.85,0.85,new,rf,29,17,1,255,5147,efc966c-dirty,30.0,2.0
Subject516,30,0.9644444444444444,0.9666666666666667,0.9666666666666667,new,rf,29,17,1,255,5147,efc966c-dirty,30.0,2.0
Subject571,30,0.9111111111111111,0.9333333333333333,0.9333333333333333,new,rf,29,17,1,255,5147,efc966c-dirty,30.0,2.0
Subject147,31,0.9311111111111111,0.9333333333333333,0.9354838709677419,recorded,rf,29,17,1,255,5147,efc966c-dirty,30.0,2.0
Subject352,30,0.8755555555555555,0.9,0.9,recorded,rf,29,17,1,255,5147,efc966c-dirty,30.0,2.0
Subject354,60,0.9644444444444444,0.9666666666666667,0.9666666666666667,recorded,rf,29,17,1,255,5147,efc966c-dirty,30.0,2.0
Subject376,60,0.8435786435786436,0.85,0.85,recorded,rf,29,17,1,255,5147,efc966c-dirty,30.0,2.0
Subject455,60,1.0,1.0,1.0,recorded,rf,29,17,1,255,5147,efc966c-dirty,30.0,2.0
Subject494,60,0.8874074074074074,0.9,0.9,recorded,rf,29,17,1,255,5147,efc966c-dirty,30.0,2.0
Subject561,60,0.8899145299145299,0.9,0.9,recorded,rf,29,17,1,255,5147,efc966c-dirty,30.0,2.0
Subject580,90,0.885925185925186,0.888888888888889,0.8888888888888888,recorded,rf,29,17,1,255,5147,efc966c-dirty,30.0,2.0
Subject611,60,0.9830687830687831,0.9833333333333333,0.9833333333333333,recorded,rf,29,17,1,255,5147,efc966c-dirty,30.0,2.0
Subject729,60,0.9830687830687831,0.9833333333333333,0.9833333333333333,recorded,rf,29,17,1,255,5147,efc966c-dirty,30.0,2.0
Subject731,30,1.0,1.0,1.0,recorded,rf,29,17,1,255,5147,efc966c-dirty,30.0,2.0
Subject741,60,0.9661375661375662,0.9666666666666667,0.9666666666666667,recorded,rf,29,17,1,255,5147,efc966c-dirty,30.0,2.0
Subject819,60,0.8952055352055353,0.9,0.9,recorded,rf,29,17,1,255,5147,efc966c-dirty,30.0,2.0
Subject867,60,0.8888888888888888,0.9,0.9,recorded,rf,29,17,1,255,5147,efc966c-dirty,30.0,2.0
Subject877,60,1.0,1.0,1.0,recorded,rf,29,17,1,255,5147,efc966c-dirty,30.0,2.0
Subject890,30,0.9111111111111111,0.9333333333333333,0.9333333333333333,recorded,rf,29,17,1,255,5147,efc966c-dirty,30.0,2.0
Subject969,30,0.8469841269841271,0.8666666666666667,0.8666666666666667,recorded,rf,29,17,1,255,5147,efc966c-dirty,30.0,2.0
Subject139,60,0.9475132275132274,0.95,0.95,new,rf,29,17,2,510,10284,efc966c-dirty,30.0,2.0
Subject226,30,0.8088888888888889,0.8333333333333334,0.8333333333333334,new,rf,29,17,2,510,10284,efc966c-dirty,30.0,2.0
Subject353,60,0.8207744107744107,0.85,0.85,new,rf,29,17,2,510,10284,efc966c-dirty,30.0,2.0
Subject424,60,0.8469841269841271,0.8666666666666667,0.8666666666666667,new,rf,29,17,2,510,10284,efc966c-dirty,30.0,2.0
Subject516,30,0.9288888888888888,0.9333333333333333,0.9333333333333333,new,rf,29,17,2,510,10284,efc966c-dirty,30.0,2.0
Subject571,30,0.8825396825396825,0.9,0.9,new,rf,29,17,2,510,10284,efc966c-dirty,30.0,2.0
Subject147,31,0.9311111111111111,0.9333333333333333,0.9354838709677419,recorded,rf,29,17,2,510,10284,efc966c-dirty,30.0,2.0
Subject352,30,0.8755555555555555,0.9,0.9,recorded,rf,29,17,2,510,10284,efc966c-dirty,30.0,2.0
Subject354,60,0.9830687830687831,0.9833333333333333,0.9833333333333333,recorded,rf,29,17,2,510,10284,efc966c-dirty,30.0,2.0
Subject376,60,0.9288888888888889,0.9333333333333333,0.9333333333333333,recorded,rf,29,17,2,510,10284,efc966c-dirty,30.0,2.0
Subject455,60,1.0,1.0,1.0,recorded,rf,29,17,2,510,10284,efc966c-dirty,30.0,2.0
Subject494,60,0.9644444444444444,0.9666666666666667,0.9666666666666667,recorded,rf,29,17,2,510,10284,efc966c-dirty,30.0,2.0
Subject561,60,0.9485714285714286,0.95,0.95,recorded,rf,29,17,2,510,10284,efc966c-dirty,30.0,2.0
Subject580,90,0.9099711399711399,0.9111111111111112,0.9111111111111111,recorded,rf,29,17,2,510,10284,efc966c-dirty,30.0,2.0
Subject611,60,0.9830687830687831,0.9833333333333333,0.9833333333333333,recorded,rf,29,17,2,510,10284,efc966c-dirty,30.0,2.0
Subject729,60,0.9830687830687831,0.9833333333333333,0.9833333333333333,recorded,rf,29,17,2,510,10284,efc966c-dirty,30.0,2.0
Subject731,30,1.0,1.0,1.0,recorded,rf,29,17,2,510,10284,efc966c-dirty,30.0,2.0
Subject741,60,0.9666666666666667,0.9666666666666667,0.9666666666666667,recorded,rf,29,17,2,510,10284,efc966c-dirty,30.0,2.0
Subject819,60,0.8656084656084656,0.8833333333333333,0.8833333333333333,recorded,rf,29,17,2,510,10284,efc966c-dirty,30.0,2.0
Subject867,60,0.9311111111111111,0.9333333333333333,0.9333333333333333,recorded,rf,29,17,2,510,10284,efc966c-dirty,30.0,2.0
Subject877,60,1.0,1.0,1.0,recorded,rf,29,17,2,510,10284,efc966c-dirty,30.0,2.0
Subject890,30,1.0,1.0,1.0,recorded,rf,29,17,2,510,10284,efc966c-dirty,30.0,2.0
Subject969,30,0.7977777777777777,0.8333333333333334,0.8333333333333334,recorded,rf,29,17,2,510,10284,efc966c-dirty,30.0,2.0
