model,repeat,n_team,athlete,battery,battery_classes,n_eval_bouts,f1_none,acc_none,pull_none,f1_battery,acc_battery,pull_battery,f1_all15,acc_all15,pull_all15,acc_on_battery_none,acc_on_battery_battery,git
rf,0,8,Subject139,pushup_pushpress,"1,7",52,0.8932844932844932,0.8846153846153846,0.057692307692307696,0.8932844932844932,0.8846153846153846,0.057692307692307696,0.9128205128205129,0.9038461538461539,0.057692307692307696,1.0,1.0,629875d-dirty
rf,0,8,Subject139,random1,"7,13",52,0.9394383394383394,0.9423076923076923,0.0,0.9394383394383394,0.9423076923076923,0.0,0.958974358974359,0.9615384615384616,0.0,0.625,0.625,629875d-dirty
rf,0,8,Subject139,random2,"4,6",52,0.8876900876900877,0.8846153846153846,0.038461538461538464,0.8876900876900877,0.8846153846153846,0.038461538461538464,0.9072261072261072,0.9038461538461539,0.038461538461538464,1.0,1.0,629875d-dirty
rf,0,8,Subject139,squat_deadlift,"0,6",52,0.8876900876900877,0.8846153846153846,0.038461538461538464,0.8876900876900877,0.8846153846153846,0.038461538461538464,0.9072261072261072,0.9038461538461539,0.038461538461538464,1.0,1.0,629875d-dirty
rf,0,8,Subject353,pushup_pushpress,"1,7",52,0.7958707958707959,0.8269230769230769,0.0,0.7958707958707959,0.8269230769230769,0.0,0.8875457875457875,0.8846153846153846,0.019230769230769232,0.5,0.625,629875d-dirty
rf,0,8,Subject353,random1,"3,10",52,0.8022200022200022,0.8076923076923077,0.09615384615384616,0.8107670107670107,0.8076923076923077,0.11538461538461539,0.8945665445665446,0.8846153846153846,0.038461538461538464,0.625,0.75,629875d-dirty
rf,0,8,Subject353,random2,"7,9",52,0.7763347763347763,0.8076923076923077,0.0,0.7821345321345322,0.8076923076923077,0.0,0.8680097680097679,0.8653846153846154,0.019230769230769232,0.625,0.75,629875d-dirty
rf,0,8,Subject353,squat_deadlift,"0,6",52,0.83003663003663,0.8269230769230769,0.0,0.83003663003663,0.8269230769230769,0.0,0.8843101343101344,0.8846153846153846,0.0,0.5,0.625,629875d-dirty
rf,0,8,Subject424,pushup_pushpress,"1,7",52,0.82985347985348,0.8076923076923077,0.11538461538461539,0.7690476190476191,0.7692307692307693,0.11538461538461539,0.8891330891330893,0.8653846153846154,0.09615384615384616,0.875,0.875,629875d-dirty
rf,0,8,Subject424,random1,"8,9",52,0.7990231990231991,0.8076923076923077,0.0,0.7545787545787547,0.7692307692307693,0.019230769230769232,0.8417206724899035,0.8461538461538461,0.0,0.875,1.0,629875d-dirty
rf,0,8,Subject424,random2,"2,6",52,0.8164224664224664,0.8269230769230769,0.0,0.7880576688268998,0.8076923076923077,0.0,0.8790833098525407,0.8846153846153846,0.0,0.75,0.875,629875d-dirty
rf,0,8,Subject424,squat_deadlift,"0,6",52,0.7968864468864469,0.8076923076923077,0.0,0.8061660561660561,0.8269230769230769,0.0,0.8595472903165212,0.8653846153846154,0.0,0.875,1.0,629875d-dirty
rf,0,8,Subject455,pushup_pushpress,"1,7",52,0.9042735042735044,0.9038461538461539,0.038461538461538464,0.9316239316239316,0.9230769230769231,0.038461538461538464,1.0,1.0,0.0,1.0,1.0,629875d-dirty
rf,0,8,Subject455,random1,"8,14",52,0.9299145299145299,0.9423076923076923,0.0,0.9299145299145299,0.9423076923076923,0.0,1.0,1.0,0.0,0.75,1.0,629875d-dirty
rf,0,8,Subject455,random2,"4,7",52,0.9042735042735044,0.9038461538461539,0.038461538461538464,0.8679098679098678,0.8846153846153846,0.038461538461538464,1.0,1.0,0.0,1.0,1.0,629875d-dirty
rf,0,8,Subject455,squat_deadlift,"0,6",52,0.958974358974359,0.9615384615384616,0.0,0.9328671328671329,0.9423076923076923,0.0,1.0,1.0,0.0,0.625,1.0,629875d-dirty
rf,0,8,Subject731,pushup_pushpress,"1,7",26,0.8564102564102564,0.8461538461538461,0.07692307692307693,0.8564102564102564,0.8461538461538461,0.07692307692307693,1.0,1.0,0.0,1.0,1.0,629875d-dirty
rf,0,8,Subject731,random1,"8,10",26,0.958974358974359,0.9615384615384616,0.0,0.9333333333333333,0.9230769230769231,0.038461538461538464,1.0,1.0,0.0,0.25,1.0,629875d-dirty
rf,0,8,Subject731,random2,"0,14",26,0.8717948717948717,0.8846153846153846,0.0,0.8564102564102564,0.8846153846153846,0.0,1.0,1.0,0.0,0.75,1.0,629875d-dirty
rf,0,8,Subject731,squat_deadlift,"0,6",26,0.8717948717948717,0.8846153846153846,0.0,0.8564102564102564,0.8846153846153846,0.0,1.0,1.0,0.0,0.75,1.0,629875d-dirty
rf,0,8,Subject890,pushup_pushpress,"1,7",26,1.0,1.0,0.0,0.9743589743589743,0.9615384615384616,0.038461538461538464,1.0,1.0,0.0,0.5,1.0,629875d-dirty
rf,0,8,Subject890,random1,"2,6",26,0.917948717948718,0.9230769230769231,0.0,0.841025641025641,0.8461538461538461,0.07692307692307693,1.0,1.0,0.0,1.0,1.0,629875d-dirty
rf,0,8,Subject890,random2,"6,12",26,0.917948717948718,0.9230769230769231,0.0,0.7948717948717949,0.8461538461538461,0.0,1.0,1.0,0.0,1.0,1.0,629875d-dirty
rf,0,8,Subject890,squat_deadlift,"0,6",26,0.917948717948718,0.9230769230769231,0.0,0.8564102564102564,0.8846153846153846,0.0,1.0,1.0,0.0,1.0,1.0,629875d-dirty
rf,0,17,Subject139,pushup_pushpress,"1,7",52,0.9694749694749696,0.9615384615384616,0.019230769230769232,0.9157509157509158,0.9038461538461539,0.038461538461538464,0.9743589743589743,0.9615384615384616,0.038461538461538464,1.0,1.0,629875d-dirty
rf,0,17,Subject139,random1,"7,13",52,0.9804639804639805,0.9807692307692307,0.0,0.9804639804639805,0.9807692307692307,0.0,1.0,1.0,0.0,0.875,0.75,629875d-dirty
rf,0,17,Subject139,random2,"4,6",52,0.960927960927961,0.9615384615384616,0.0,0.9352869352869353,0.9230769230769231,0.038461538461538464,0.958974358974359,0.9615384615384616,0.0,1.0,1.0,629875d-dirty
rf,0,17,Subject139,squat_deadlift,"0,6",52,0.9804639804639805,0.9807692307692307,0.0,0.9307081807081807,0.9230769230769231,0.019230769230769232,0.958974358974359,0.9615384615384616,0.0,0.875,1.0,629875d-dirty
rf,0,17,Subject353,pushup_pushpress,"1,7",52,0.8349428349428348,0.8653846153846154,0.0,0.8349428349428348,0.8653846153846154,0.0,0.8742590742590743,0.8846153846153846,0.0,0.625,0.75,629875d-dirty
rf,0,17,Subject353,random1,"3,10",52,0.8217560217560217,0.8269230769230769,0.09615384615384616,0.8217560217560217,0.8269230769230769,0.09615384615384616,0.8815850815850816,0.8653846153846154,0.07692307692307693,0.875,1.0,629875d-dirty
rf,0,17,Subject353,random2,"7,9",52,0.8349428349428348,0.8653846153846154,0.0,0.8349428349428348,0.8653846153846154,0.0,0.8742590742590743,0.8846153846153846,0.0,0.625,0.75,629875d-dirty
rf,0,17,Subject353,squat_deadlift,"0,6",52,0.8824175824175824,0.8846153846153846,0.0,0.8824175824175824,0.8846153846153846,0.0,0.9064269064269064,0.9038461538461539,0.0,0.5,0.625,629875d-dirty
rf,0,17,Subject424,pushup_pushpress,"1,7",52,0.8974358974358974,0.8846153846153846,0.11538461538461539,0.8974358974358974,0.8846153846153846,0.11538461538461539,0.9282051282051282,0.9038461538461539,0.09615384615384616,1.0,1.0,629875d-dirty
rf,0,17,Subject424,random1,"8,9",52,0.8644688644688644,0.8846153846153846,0.0,0.8680942988635297,0.8653846153846154,0.019230769230769232,0.8986193293885603,0.9038461538461539,0.0,1.0,1.0,629875d-dirty
rf,0,17,Subject424,random2,"2,6",52,0.8644688644688644,0.8846153846153846,0.0,0.8644688644688644,0.8846153846153846,0.0,0.8986193293885603,0.9038461538461539,0.0,1.0,1.0,629875d-dirty
rf,0,17,Subject424,squat_deadlift,"0,6",52,0.8644688644688644,0.8846153846153846,0.0,0.8986193293885603,0.9038461538461539,0.0,0.8986193293885603,0.9038461538461539,0.0,1.0,1.0,629875d-dirty
rf,0,17,Subject455,pushup_pushpress,"1,7",52,0.8778998778998779,0.9038461538461539,0.0,0.8825021132713441,0.9038461538461539,0.0,1.0,1.0,0.0,1.0,1.0,629875d-dirty
rf,0,17,Subject455,random1,"8,14",52,0.8935508935508936,0.9230769230769231,0.0,0.8935508935508936,0.9230769230769231,0.0,1.0,1.0,0.0,0.875,1.0,629875d-dirty
rf,0,17,Subject455,random2,"4,7",52,0.8778998778998779,0.9038461538461539,0.0,0.8778998778998779,0.9038461538461539,0.0,1.0,1.0,0.0,1.0,1.0,629875d-dirty
rf,0,17,Subject455,squat_deadlift,"0,6",52,0.9804639804639805,0.9807692307692307,0.0,0.9804639804639805,0.9807692307692307,0.0,1.0,1.0,0.0,0.5,1.0,629875d-dirty
rf,0,17,Subject731,pushup_pushpress,"1,7",26,0.769230769230769,0.8076923076923077,0.0,0.7794871794871795,0.8076923076923077,0.038461538461538464,0.958974358974359,0.9615384615384616,0.0,1.0,1.0,629875d-dirty
rf,0,17,Subject731,random1,"8,10",26,0.8974358974358974,0.9230769230769231,0.0,0.8717948717948717,0.8846153846153846,0.038461538461538464,1.0,1.0,0.0,0.25,0.75,629875d-dirty
rf,0,17,Subject731,random2,"0,14",26,0.8717948717948717,0.8846153846153846,0.0,0.8435897435897436,0.8461538461538461,0.0,0.958974358974359,0.9615384615384616,0.0,0.5,1.0,629875d-dirty
rf,0,17,Subject731,squat_deadlift,"0,6",26,0.8717948717948717,0.8846153846153846,0.0,0.8717948717948717,0.8846153846153846,0.0,0.958974358974359,0.9615384615384616,0.0,0.5,1.0,629875d-dirty
rf,0,17,Subject890,pushup_pushpress,"1,7",26,0.8769230769230769,0.8846153846153846,0.038461538461538464,0.8769230769230769,0.8846153846153846,0.038461538461538464,1.0,1.0,0.0,1.0,1.0,629875d-dirty
rf,0,17,Subject890,random1,"2,6",26,0.8615384615384615,0.8846153846153846,0.0,0.8717948717948717,0.8846153846153846,0.038461538461538464,1.0,1.0,0.0,1.0,1.0,629875d-dirty
rf,0,17,Subject890,random2,"6,12",26,0.8615384615384615,0.8846153846153846,0.0,0.8205128205128206,0.8461538461538461,0.0,1.0,1.0,0.0,1.0,1.0,629875d-dirty
rf,0,17,Subject890,squat_deadlift,"0,6",26,0.8615384615384615,0.8846153846153846,0.0,0.8615384615384615,0.8846153846153846,0.0,1.0,1.0,0.0,1.0,1.0,629875d-dirty
rf,1,8,Subject226,pushup_pushpress,"1,7",26,0.6666666666666666,0.7307692307692307,0.0,0.6769230769230768,0.7307692307692307,0.038461538461538464,0.9333333333333333,0.9230769230769231,0.038461538461538464,1.0,1.0,629875d-dirty
rf,1,8,Subject226,random1,"6,8",26,0.7179487179487178,0.7692307692307693,0.07692307692307693,0.7179487179487178,0.7692307692307693,0.07692307692307693,0.917948717948718,0.9230769230769231,0.0,0.75,1.0,629875d-dirty
rf,1,8,Subject226,random2,"8,9",26,0.6923076923076922,0.7307692307692307,0.07692307692307693,0.6923076923076922,0.7307692307692307,0.07692307692307693,0.917948717948718,0.9230769230769231,0.0,1.0,1.0,629875d-dirty
rf,1,8,Subject226,squat_deadlift,"0,6",26,0.7948717948717948,0.8461538461538461,0.0,0.7948717948717948,0.8461538461538461,0.0,0.917948717948718,0.9230769230769231,0.0,0.25,1.0,629875d-dirty
rf,1,8,Subject354,pushup_pushpress,"1,7",52,0.960927960927961,0.9615384615384616,0.0,0.960927960927961,0.9615384615384616,0.0,0.9804639804639805,0.9807692307692307,0.0,1.0,1.0,629875d-dirty
rf,1,8,Subject354,random1,"6,10",52,0.989010989010989,0.9807692307692307,0.019230769230769232,0.989010989010989,0.9807692307692307,0.019230769230769232,0.989010989010989,0.9807692307692307,0.019230769230769232,0.875,1.0,629875d-dirty
rf,1,8,Subject354,random2,"1,6",52,0.9804639804639805,0.9807692307692307,0.0,0.9804639804639805,0.9807692307692307,0.0,0.9804639804639805,0.9807692307692307,0.0,0.875,1.0,629875d-dirty
rf,1,8,Subject354,squat_deadlift,"0,6",52,0.9804639804639805,0.9807692307692307,0.0,0.9804639804639805,0.9807692307692307,0.0,0.9804639804639805,0.9807692307692307,0.0,0.875,1.0,629875d-dirty
rf,1,8,Subject455,pushup_pushpress,"1,7",52,0.8717948717948717,0.8846153846153846,0.038461538461538464,0.8864468864468864,0.9038461538461539,0.019230769230769232,1.0,1.0,0.0,1.0,1.0,629875d-dirty
rf,1,8,Subject455,random1,"10,13",52,0.882051282051282,0.8846153846153846,0.07692307692307693,0.8364080364080364,0.8461538461538461,0.07692307692307693,1.0,1.0,0.0,1.0,1.0,629875d-dirty
rf,1,8,Subject455,random2,"11,12",52,0.8564102564102564,0.8846153846153846,0.0,0.8564102564102564,0.8846153846153846,0.0,1.0,1.0,0.0,1.0,1.0,629875d-dirty
rf,1,8,Subject455,squat_deadlift,"0,6",52,0.958974358974359,0.9615384615384616,0.0,0.9328671328671329,0.9423076923076923,0.0,1.0,1.0,0.0,0.5,1.0,629875d-dirty
rf,1,8,Subject580,pushup_pushpress,"1,7",78,0.8907160712590575,0.8846153846153846,0.01282051282051282,0.8907160712590575,0.8846153846153846,0.01282051282051282,0.9410435718128026,0.9358974358974359,0.01282051282051282,0.8333333333333334,0.8333333333333334,629875d-dirty
rf,1,8,Subject580,random1,"8,10",78,0.8826472170363573,0.8717948717948718,0.02564102564102564,0.8921283844360767,0.8846153846153846,0.01282051282051282,0.9329747175901022,0.9230769230769231,0.02564102564102564,0.9166666666666666,0.8333333333333334,629875d-dirty
rf,1,8,Subject580,random2,"10,12",78,0.9013848896201837,0.8846153846153846,0.038461538461538464,0.888721534875381,0.8589743589743589,0.0641025641025641,0.9329747175901022,0.9230769230769231,0.02564102564102564,0.8333333333333334,0.9166666666666666,629875d-dirty
rf,1,8,Subject580,squat_deadlift,"0,6",78,0.8944235251927559,0.8974358974358975,0.0,0.9094853864084633,0.9102564102564102,0.0,0.9354491662183969,0.9358974358974359,0.0,0.75,0.8333333333333334,629875d-dirty
rf,1,8,Subject890,pushup_pushpress,"1,7",26,0.958974358974359,0.9615384615384616,0.0,0.8974358974358974,0.9230769230769231,0.0,1.0,1.0,0.0,0.25,1.0,629875d-dirty
rf,1,8,Subject890,random1,"10,14",26,0.882051282051282,0.8846153846153846,0.07692307692307693,0.882051282051282,0.8846153846153846,0.07692307692307693,1.0,1.0,0.0,0.75,0.75,629875d-dirty
rf,1,8,Subject890,random2,"3,11",26,0.8358974358974359,0.8461538461538461,0.038461538461538464,0.8358974358974359,0.8461538461538461,0.038461538461538464,1.0,1.0,0.0,1.0,1.0,629875d-dirty
rf,1,8,Subject890,squat_deadlift,"0,6",26,0.8205128205128206,0.8461538461538461,0.0,0.7794871794871795,0.8076923076923077,0.0,1.0,1.0,0.0,1.0,1.0,629875d-dirty
rf,1,8,Subject969,pushup_pushpress,"1,7",26,0.7307692307692307,0.7692307692307693,0.0,0.7307692307692307,0.7692307692307693,0.0,0.8974358974358974,0.9230769230769231,0.0,0.5,1.0,629875d-dirty
rf,1,8,Subject969,random1,"4,7",26,0.7692307692307693,0.7692307692307693,0.15384615384615385,0.7692307692307693,0.7692307692307693,0.15384615384615385,0.9230769230769231,0.9230769230769231,0.07692307692307693,0.5,0.75,629875d-dirty
rf,1,8,Subject969,random2,"1,13",26,0.6461538461538462,0.6923076923076923,0.0,0.6461538461538462,0.6923076923076923,0.0,0.8644688644688644,0.8846153846153846,0.0,1.0,1.0,629875d-dirty
rf,1,8,Subject969,squat_deadlift,"0,6",26,0.7230769230769231,0.7692307692307693,0.0,0.7230769230769231,0.7692307692307693,0.0,0.8644688644688644,0.8846153846153846,0.0,0.5,1.0,629875d-dirty
rf,1,17,Subject226,pushup_pushpress,"1,7",26,0.8461538461538461,0.8461538461538461,0.07692307692307693,0.7538461538461539,0.7692307692307693,0.11538461538461539,0.9743589743589743,0.9615384615384616,0.038461538461538464,1.0,1.0,629875d-dirty
rf,1,17,Subject226,random1,"6,8",26,0.8461538461538461,0.8461538461538461,0.07692307692307693,0.782051282051282,0.8076923076923077,0.07692307692307693,0.958974358974359,0.9615384615384616,0.0,1.0,1.0,629875d-dirty
rf,1,17,Subject226,random2,"8,9",26,0.8461538461538461,0.8461538461538461,0.07692307692307693,0.8461538461538461,0.8461538461538461,0.07692307692307693,0.958974358974359,0.9615384615384616,0.0,1.0,1.0,629875d-dirty
rf,1,17,Subject226,squat_deadlift,"0,6",26,0.9230769230769231,0.9230769230769231,0.0,0.882051282051282,0.8846153846153846,0.0,0.958974358974359,0.9615384615384616,0.0,0.5,1.0,629875d-dirty
rf,1,17,Subject354,pushup_pushpress,"1,7",52,0.9694749694749695,0.9615384615384616,0.019230769230769232,0.9658119658119658,0.9615384615384616,0.019230769230769232,1.0,1.0,0.0,1.0,1.0,629875d-dirty
rf,1,17,Subject354,random1,"6,10",52,0.9804639804639805,0.9807692307692307,0.0,0.9804639804639805,0.9807692307692307,0.0,1.0,1.0,0.0,0.875,1.0,629875d-dirty
rf,1,17,Subject354,random2,"1,6",52,0.960927960927961,0.9615384615384616,0.0,0.9103785103785105,0.9230769230769231,0.0,1.0,1.0,0.0,1.0,1.0,629875d-dirty
rf,1,17,Subject354,squat_deadlift,"0,6",52,0.9804639804639805,0.9807692307692307,0.0,0.9572649572649573,0.9615384615384616,0.0,1.0,1.0,0.0,0.875,1.0,629875d-dirty
rf,1,17,Subject455,pushup_pushpress,"1,7",52,0.8461538461538461,0.8653846153846154,0.0,0.8556388056388056,0.8653846153846154,0.0,1.0,1.0,0.0,1.0,1.0,629875d-dirty
rf,1,17,Subject455,random1,"10,13",52,0.8615384615384615,0.8653846153846154,0.038461538461538464,0.8876068376068377,0.8846153846153846,0.038461538461538464,1.0,1.0,0.0,1.0,1.0,629875d-dirty
rf,1,17,Subject455,random2,"11,12",52,0.8461538461538461,0.8653846153846154,0.0,0.8473970473970474,0.8653846153846154,0.0,1.0,1.0,0.0,1.0,1.0,629875d-dirty
rf,1,17,Subject455,squat_deadlift,"0,6",52,0.9538461538461539,0.9423076923076923,0.057692307692307696,0.9538461538461539,0.9423076923076923,0.057692307692307696,1.0,1.0,0.0,0.5,1.0,629875d-dirty
rf,1,17,Subject580,pushup_pushpress,"1,7",78,0.90069033530572,0.8974358974358975,0.01282051282051282,0.9129280975434823,0.9102564102564102,0.01282051282051282,0.9383949383949385,0.9358974358974359,0.01282051282051282,0.9166666666666666,0.8333333333333334,629875d-dirty
rf,1,17,Subject580,random1,"8,10",78,0.9115384615384615,0.8974358974358975,0.038461538461538464,0.9237762237762238,0.9102564102564102,0.038461538461538464,0.9365634365634367,0.9230769230769231,0.038461538461538464,0.9166666666666666,1.0,629875d-dirty
rf,1,17,Subject580,random2,"10,12",78,0.9115384615384615,0.8974358974358975,0.038461538461538464,0.9156177156177155,0.8974358974358975,0.05128205128205128,0.9365634365634367,0.9230769230769231,0.038461538461538464,0.9166666666666666,1.0,629875d-dirty
rf,1,17,Subject580,squat_deadlift,"0,6",78,0.9072696534234996,0.9102564102564102,0.0,0.9072696534234996,0.9102564102564102,0.0,0.9332436793975256,0.9358974358974359,0.0,0.8333333333333334,0.9166666666666666,629875d-dirty
rf,1,17,Subject890,pushup_pushpress,"1,7",26,0.8974358974358976,0.9230769230769231,0.0,0.8769230769230769,0.8846153846153846,0.0,0.8974358974358976,0.9230769230769231,0.0,0.75,1.0,629875d-dirty
rf,1,17,Subject890,random1,"10,14",26,0.882051282051282,0.8846153846153846,0.07692307692307693,0.8051282051282052,0.8076923076923077,0.15384615384615385,0.9230769230769231,0.9230769230769231,0.07692307692307693,1.0,1.0,629875d-dirty
rf,1,17,Subject890,random2,"3,11",26,0.8717948717948717,0.8846153846153846,0.038461538461538464,0.8234432234432234,0.8461538461538461,0.0,0.8974358974358974,0.9230769230769231,0.0,1.0,1.0,629875d-dirty
rf,1,17,Subject890,squat_deadlift,"0,6",26,0.8564102564102564,0.8846153846153846,0.0,0.8564102564102564,0.8846153846153846,0.0,0.8974358974358976,0.9230769230769231,0.0,1.0,1.0,629875d-dirty
rf,1,17,Subject969,pushup_pushpress,"1,7",26,0.7307692307692307,0.7692307692307693,0.0,0.7307692307692307,0.7692307692307693,0.0,0.8564102564102564,0.8846153846153846,0.0,0.5,1.0,629875d-dirty
rf,1,17,Subject969,random1,"4,7",26,0.7692307692307693,0.7692307692307693,0.15384615384615385,0.7692307692307693,0.7692307692307693,0.15384615384615385,0.882051282051282,0.8846153846153846,0.07692307692307693,0.5,1.0,629875d-dirty
rf,1,17,Subject969,random2,"1,13",26,0.6461538461538462,0.6923076923076923,0.0,0.7008547008547008,0.7307692307692307,0.0,0.8564102564102564,0.8846153846153846,0.0,1.0,1.0,629875d-dirty
rf,1,17,Subject969,squat_deadlift,"0,6",26,0.7230769230769231,0.7692307692307693,0.0,0.7777777777777778,0.8076923076923077,0.0,0.8974358974358974,0.9230769230769231,0.0,0.5,0.75,629875d-dirty
rf,2,8,Subject376,pushup_pushpress,"1,7",52,0.7429403929403929,0.7307692307692307,0.09615384615384616,0.6569208569208569,0.6538461538461539,0.17307692307692307,0.9333333333333333,0.9230769230769231,0.038461538461538464,0.75,1.0,629875d-dirty
rf,2,8,Subject376,random1,"10,13",52,0.7621711621711622,0.7692307692307693,0.0,0.7191919191919193,0.7115384615384616,0.1346153846153846,0.9076923076923076,0.9038461538461539,0.019230769230769232,0.5,1.0,629875d-dirty
rf,2,8,Subject376,random2,"3,9",52,0.6877733377733379,0.6923076923076923,0.0,0.6877733377733379,0.6923076923076923,0.0,0.8991452991452991,0.9038461538461539,0.0,1.0,1.0,629875d-dirty
rf,2,8,Subject376,squat_deadlift,"0,6",52,0.7365301365301365,0.7115384615384616,0.07692307692307693,0.7113553113553114,0.6923076923076923,0.09615384615384616,0.9145299145299144,0.9038461538461539,0.038461538461538464,0.875,1.0,629875d-dirty
rf,2,8,Subject424,pushup_pushpress,"1,7",52,0.8107670107670107,0.8076923076923077,0.11538461538461539,0.7915362415362416,0.7884615384615384,0.11538461538461539,0.8778998778998779,0.8653846153846154,0.11538461538461539,1.0,1.0,629875d-dirty
rf,2,8,Subject424,random1,"11,13",52,0.7863469863469864,0.8076923076923077,0.019230769230769232,0.7702297702297702,0.7884615384615384,0.019230769230769232,0.8534798534798534,0.8653846153846154,0.019230769230769232,1.0,1.0,629875d-dirty
rf,2,8,Subject424,random2,"6,9",52,0.7973359973359974,0.8269230769230769,0.0,0.7384837384837385,0.7884615384615384,0.0,0.8644688644688644,0.8846153846153846,0.0,0.875,0.875,629875d-dirty
rf,2,8,Subject424,squat_deadlift,"0,6",52,0.8644688644688644,0.8846153846153846,0.0,0.8644688644688644,0.8846153846153846,0.0,0.8644688644688644,0.8846153846153846,0.0,0.5,0.875,629875d-dirty
rf,2,8,Subject494,pushup_pushpress,"1,7",52,0.3860195360195359,0.4230769230769231,0.21153846153846154,0.3777777777777778,0.4423076923076923,0.21153846153846154,0.9257631257631258,0.9230769230769231,0.038461538461538464,1.0,1.0,629875d-dirty
rf,2,8,Subject494,random1,"0,11",52,0.49072039072039075,0.5576923076923077,0.11538461538461539,0.47094017094017093,0.5576923076923077,0.11538461538461539,0.9299145299145299,0.9423076923076923,0.0,0.125,0.875,629875d-dirty
rf,2,8,Subject494,random2,"1,6",52,0.3991774307563781,0.4807692307692308,0.0,0.4101664417453891,0.5,0.0,0.9103785103785105,0.9230769230769231,0.0,0.625,1.0,629875d-dirty
rf,2,8,Subject494,squat_deadlift,"0,6",52,0.49072039072039075,0.5576923076923077,0.057692307692307696,0.49487179487179483,0.5769230769230769,0.038461538461538464,0.9299145299145299,0.9423076923076923,0.0,0.125,0.875,629875d-dirty
rf,2,8,Subject571,pushup_pushpress,"1,7",26,0.8076923076923077,0.8461538461538461,0.0,0.8076923076923077,0.8461538461538461,0.0,1.0,1.0,0.0,1.0,1.0,629875d-dirty
rf,2,8,Subject571,random1,"0,4",26,0.8461538461538461,0.8461538461538461,0.15384615384615385,0.8461538461538461,0.8461538461538461,0.15384615384615385,1.0,1.0,0.0,1.0,1.0,629875d-dirty
rf,2,8,Subject571,random2,"7,13",26,0.8076923076923077,0.8461538461538461,0.0,0.8076923076923077,0.8461538461538461,0.0,1.0,1.0,0.0,1.0,1.0,629875d-dirty
rf,2,8,Subject571,squat_deadlift,"0,6",26,0.8076923076923077,0.8461538461538461,0.0,0.8076923076923077,0.8461538461538461,0.0,1.0,1.0,0.0,1.0,1.0,629875d-dirty
rf,2,8,Subject611,pushup_pushpress,"1,7",52,0.9291819291819292,0.9038461538461539,0.07692307692307693,0.9291819291819292,0.9038461538461539,0.07692307692307693,0.989010989010989,0.9807692307692307,0.019230769230769232,1.0,1.0,629875d-dirty
rf,2,8,Subject611,random1,"3,10",52,0.9394383394383395,0.9423076923076923,0.0,0.9394383394383395,0.9423076923076923,0.0,1.0,1.0,0.0,0.75,0.875,629875d-dirty
rf,2,8,Subject611,random2,"1,8",52,0.9035409035409034,0.9038461538461539,0.0,0.9035409035409034,0.9038461538461539,0.0,0.9804639804639805,0.9807692307692307,0.0,1.0,1.0,629875d-dirty
rf,2,8,Subject611,squat_deadlift,"0,6",52,0.912087912087912,0.9038461538461539,0.019230769230769232,0.912087912087912,0.9038461538461539,0.019230769230769232,0.9804639804639805,0.9807692307692307,0.0,1.0,1.0,629875d-dirty
rf,2,8,Subject969,pushup_pushpress,"1,7",26,0.658974358974359,0.6923076923076923,0.0,0.658974358974359,0.6923076923076923,0.0,0.8974358974358974,0.9230769230769231,0.0,0.5,1.0,629875d-dirty
rf,2,8,Subject969,random1,"5,7",26,0.658974358974359,0.6923076923076923,0.0,0.658974358974359,0.6923076923076923,0.0,0.8974358974358974,0.9230769230769231,0.0,0.5,0.75,629875d-dirty
rf,2,8,Subject969,random2,"4,7",26,0.6974358974358974,0.6923076923076923,0.15384615384615385,0.6974358974358974,0.6923076923076923,0.15384615384615385,0.9230769230769231,0.9230769230769231,0.07692307692307693,0.5,0.75,629875d-dirty
rf,2,8,Subject969,squat_deadlift,"0,6",26,0.6205128205128205,0.6538461538461539,0.07692307692307693,0.6205128205128205,0.6538461538461539,0.07692307692307693,0.8644688644688644,0.8846153846153846,0.0,0.75,1.0,629875d-dirty
rf,2,17,Subject376,pushup_pushpress,"1,7",52,0.8757631257631258,0.8846153846153846,0.057692307692307696,0.833028083028083,0.8269230769230769,0.11538461538461539,0.9282051282051282,0.9038461538461539,0.09615384615384616,0.875,1.0,629875d-dirty
rf,2,17,Subject376,random1,"10,13",52,0.9416971916971917,0.9423076923076923,0.0,0.8859584859584859,0.8846153846153846,0.038461538461538464,0.9487179487179487,0.9423076923076923,0.019230769230769232,0.5,0.875,629875d-dirty
rf,2,17,Subject376,random2,"3,9",52,0.8381562881562881,0.8653846153846154,0.0,0.8171162171162171,0.8461538461538461,0.0,0.8846153846153846,0.8846153846153846,0.0,1.0,1.0,629875d-dirty
rf,2,17,Subject376,squat_deadlift,"0,6",52,0.8467032967032968,0.8653846153846154,0.019230769230769232,0.7967032967032968,0.8076923076923077,0.057692307692307696,0.8846153846153846,0.8846153846153846,0.0,1.0,1.0,629875d-dirty
rf,2,17,Subject424,pushup_pushpress,"1,7",52,0.7714507714507715,0.7884615384615384,0.11538461538461539,0.7326839826839827,0.75,0.11538461538461539,0.8974358974358974,0.8846153846153846,0.11538461538461539,1.0,1.0,629875d-dirty
rf,2,17,Subject424,random1,"11,13",52,0.7555777555777555,0.7884615384615384,0.038461538461538464,0.7863469863469864,0.8076923076923077,0.019230769230769232,0.8644688644688644,0.8846153846153846,0.0,1.0,1.0,629875d-dirty
rf,2,17,Subject424,random2,"6,9",52,0.7580197580197581,0.8076923076923077,0.0,0.7580197580197581,0.8076923076923077,0.0,0.8644688644688644,0.8846153846153846,0.0,0.875,1.0,629875d-dirty
rf,2,17,Subject424,squat_deadlift,"0,6",52,0.8644688644688644,0.8846153846153846,0.0,0.8449328449328449,0.8653846153846154,0.0,0.8644688644688644,0.8846153846153846,0.0,0.375,1.0,629875d-dirty
rf,2,17,Subject494,pushup_pushpress,"1,7",52,0.505006105006105,0.5384615384615384,0.21153846153846154,0.5003885003885004,0.5384615384615384,0.21153846153846154,0.9538461538461539,0.9423076923076923,0.057692307692307696,1.0,1.0,629875d-dirty
rf,2,17,Subject494,random1,"0,11",52,0.583028083028083,0.6346153846153846,0.11538461538461539,0.5940170940170939,0.6538461538461539,0.09615384615384616,0.9328671328671329,0.9423076923076923,0.0,0.375,1.0,629875d-dirty
rf,2,17,Subject494,random2,"1,6",52,0.5579075894865368,0.6153846153846154,0.0,0.5759038347273642,0.6346153846153846,0.0,0.9328671328671329,0.9423076923076923,0.0,0.5,1.0,629875d-dirty
rf,2,17,Subject494,squat_deadlift,"0,6",52,0.618925518925519,0.6730769230769231,0.038461538461538464,0.6299145299145299,0.6923076923076923,0.019230769230769232,0.9328671328671329,0.9423076923076923,0.0,0.125,1.0,629875d-dirty
rf,2,17,Subject571,pushup_pushpress,"1,7",26,0.7666666666666667,0.8076923076923077,0.0,0.8076923076923077,0.8461538461538461,0.0,1.0,1.0,0.0,1.0,1.0,629875d-dirty
rf,2,17,Subject571,random1,"0,4",26,0.8051282051282052,0.8076923076923077,0.15384615384615385,0.8461538461538461,0.8461538461538461,0.15384615384615385,1.0,1.0,0.0,1.0,1.0,629875d-dirty
rf,2,17,Subject571,random2,"7,13",26,0.7666666666666667,0.8076923076923077,0.0,0.8076923076923077,0.8461538461538461,0.0,1.0,1.0,0.0,1.0,1.0,629875d-dirty
rf,2,17,Subject571,squat_deadlift,"0,6",26,0.7666666666666667,0.8076923076923077,0.0,0.7666666666666667,0.8076923076923077,0.0,1.0,1.0,0.0,1.0,1.0,629875d-dirty
rf,2,17,Subject611,pushup_pushpress,"1,7",52,0.9780219780219781,0.9615384615384616,0.038461538461538464,0.9487179487179487,0.9230769230769231,0.07692307692307693,0.989010989010989,0.9807692307692307,0.019230769230769232,1.0,1.0,629875d-dirty
rf,2,17,Subject611,random1,"3,10",52,0.9804639804639805,0.9807692307692307,0.0,0.9804639804639805,0.9807692307692307,0.0,1.0,1.0,0.0,0.875,0.875,629875d-dirty
rf,2,17,Subject611,random2,"1,8",52,0.9626373626373627,0.9615384615384616,0.0,0.9423909423909423,0.9423076923076923,0.0,0.9804639804639805,0.9807692307692307,0.0,1.0,1.0,629875d-dirty
rf,2,17,Subject611,squat_deadlift,"0,6",52,0.9626373626373627,0.9615384615384616,0.0,0.9626373626373627,0.9615384615384616,0.0,0.9804639804639805,0.9807692307692307,0.0,1.0,1.0,629875d-dirty
rf,2,17,Subject969,pushup_pushpress,"1,7",26,0.658974358974359,0.6923076923076923,0.0,0.658974358974359,0.6923076923076923,0.0,0.8974358974358974,0.9230769230769231,0.0,0.5,1.0,629875d-dirty
rf,2,17,Subject969,random1,"5,7",26,0.658974358974359,0.6923076923076923,0.0,0.658974358974359,0.6923076923076923,0.0,0.8974358974358974,0.9230769230769231,0.0,0.5,1.0,629875d-dirty
rf,2,17,Subject969,random2,"4,7",26,0.6974358974358974,0.6923076923076923,0.15384615384615385,0.6974358974358974,0.6923076923076923,0.15384615384615385,0.9230769230769231,0.9230769230769231,0.07692307692307693,0.5,0.75,629875d-dirty
rf,2,17,Subject969,squat_deadlift,"0,6",26,0.6205128205128205,0.6538461538461539,0.07692307692307693,0.6205128205128205,0.6538461538461539,0.07692307692307693,0.8644688644688644,0.8846153846153846,0.0,0.75,1.0,629875d-dirty
rf,3,8,Subject226,pushup_pushpress,"1,7",26,0.6153846153846154,0.6538461538461539,0.07692307692307693,0.6358974358974359,0.6923076923076923,0.11538461538461539,0.9487179487179487,0.9230769230769231,0.07692307692307693,1.0,1.0,629875d-dirty
rf,3,8,Subject226,random1,"3,13",26,0.5897435897435898,0.6538461538461539,0.0,0.602930402930403,0.6923076923076923,0.0,0.9230769230769229,0.9230769230769231,0.0,1.0,1.0,629875d-dirty
rf,3,8,Subject226,random2,"8,14",26,0.641025641025641,0.6538461538461539,0.15384615384615385,0.6512820512820513,0.6923076923076923,0.11538461538461539,0.9230769230769229,0.9230769230769231,0.0,1.0,1.0,629875d-dirty
rf,3,8,Subject226,squat_deadlift,"0,6",26,0.7179487179487178,0.7692307692307693,0.0,0.7106227106227105,0.7692307692307693,0.0,0.9230769230769231,0.9230769230769231,0.0,0.25,1.0,629875d-dirty
rf,3,8,Subject354,pushup_pushpress,"1,7",52,0.8599123099123098,0.8653846153846154,0.019230769230769232,0.8406815406815407,0.8461538461538461,0.019230769230769232,0.9377289377289377,0.9423076923076923,0.0,1.0,1.0,629875d-dirty
rf,3,8,Subject354,random1,"6,14",52,0.9184981684981685,0.9230769230769231,0.0,0.9184981684981685,0.9230769230769231,0.0,0.9377289377289377,0.9423076923076923,0.0,0.625,1.0,629875d-dirty
rf,3,8,Subject354,random2,"4,9",52,0.8937950937950938,0.9038461538461539,0.0,0.9006715506715508,0.9038461538461539,0.0,0.9804639804639805,0.9807692307692307,0.0,0.75,0.875,629875d-dirty
rf,3,8,Subject354,squat_deadlift,"0,6",52,0.938034188034188,0.9423076923076923,0.0,0.938034188034188,0.9423076923076923,0.0,0.9572649572649573,0.9615384615384616,0.0,0.5,0.875,629875d-dirty
rf,3,8,Subject376,pushup_pushpress,"1,7",52,0.8381562881562881,0.8269230769230769,0.1346153846153846,0.8073870573870574,0.8076923076923077,0.15384615384615385,0.9291819291819292,0.9038461538461539,0.07692307692307693,1.0,1.0,629875d-dirty
rf,3,8,Subject376,random1,"0,9",52,0.8022588522588522,0.8269230769230769,0.0,0.7811965811965812,0.8076923076923077,0.0,0.8868908868908869,0.8846153846153846,0.0,1.0,1.0,629875d-dirty
rf,3,8,Subject376,random2,"5,14",52,0.8022588522588522,0.8269230769230769,0.0,0.8022588522588522,0.8269230769230769,0.0,0.8868908868908869,0.8846153846153846,0.0,1.0,1.0,629875d-dirty
rf,3,8,Subject376,squat_deadlift,"0,6",52,0.8108058608058608,0.8269230769230769,0.019230769230769232,0.7531135531135532,0.7692307692307693,0.07692307692307693,0.8954378954378954,0.8846153846153846,0.019230769230769232,1.0,1.0,629875d-dirty
rf,3,8,Subject424,pushup_pushpress,"1,7",52,0.7533799533799533,0.75,0.11538461538461539,0.706915306915307,0.7307692307692307,0.11538461538461539,0.8778998778998779,0.8653846153846154,0.11538461538461539,1.0,1.0,629875d-dirty
rf,3,8,Subject424,random1,"10,13",52,0.8149184149184149,0.8269230769230769,0.0,0.6774336774336776,0.7115384615384616,0.019230769230769232,0.9394383394383394,0.9423076923076923,0.0,0.5,0.875,629875d-dirty
rf,3,8,Subject424,random2,"7,11",52,0.8046620046620047,0.7884615384615384,0.15384615384615385,0.75995115995116,0.75,0.19230769230769232,0.8864468864468864,0.8653846153846154,0.1346153846153846,0.75,1.0,629875d-dirty
rf,3,8,Subject424,squat_deadlift,"0,6",52,0.8388278388278388,0.8461538461538461,0.038461538461538464,0.8449328449328449,0.8653846153846154,0.0,0.8644688644688644,0.8846153846153846,0.0,0.375,0.875,629875d-dirty
rf,3,8,Subject729,pushup_pushpress,"1,7",52,0.9804639804639805,0.9807692307692307,0.0,0.9804639804639805,0.9807692307692307,0.0,1.0,1.0,0.0,1.0,1.0,629875d-dirty
rf,3,8,Subject729,random1,"9,12",52,0.9804639804639805,0.9807692307692307,0.0,0.9804639804639805,0.9807692307692307,0.0,1.0,1.0,0.0,1.0,1.0,629875d-dirty
rf,3,8,Subject729,random2,"2,11",52,0.9804639804639805,0.9807692307692307,0.0,0.9804639804639805,0.9807692307692307,0.0,1.0,1.0,0.0,1.0,1.0,629875d-dirty
rf,3,8,Subject729,squat_deadlift,"0,6",52,1.0,1.0,0.0,1.0,1.0,0.0,1.0,1.0,0.0,0.875,1.0,629875d-dirty
rf,3,8,Subject969,pushup_pushpress,"1,7",26,0.7948717948717948,0.8461538461538461,0.0,0.8564102564102564,0.8846153846153846,0.0,0.917948717948718,0.9230769230769231,0.0,0.75,1.0,629875d-dirty
rf,3,8,Subject969,random1,"0,1",26,0.8644688644688644,0.8846153846153846,0.0,0.8076923076923077,0.8461538461538461,0.0,0.958974358974359,0.9615384615384616,0.0,0.5,0.75,629875d-dirty
rf,3,8,Subject969,random2,"10,13",26,0.8564102564102564,0.8846153846153846,0.0,0.7948717948717948,0.8076923076923077,0.11538461538461539,0.958974358974359,0.9615384615384616,0.0,0.5,1.0,629875d-dirty
rf,3,8,Subject969,squat_deadlift,"0,6",26,0.8644688644688644,0.8846153846153846,0.0,0.8333333333333333,0.8461538461538461,0.0,0.958974358974359,0.9615384615384616,0.0,0.5,0.75,629875d-dirty
rf,3,17,Subject226,pushup_pushpress,"1,7",26,0.641025641025641,0.6923076923076923,0.07692307692307693,0.641025641025641,0.6923076923076923,0.11538461538461539,0.9487179487179487,0.9230769230769231,0.07692307692307693,1.0,1.0,629875d-dirty
rf,3,17,Subject226,random1,"3,13",26,0.6153846153846154,0.6923076923076923,0.0,0.6153846153846154,0.6923076923076923,0.0,0.9230769230769229,0.9230769230769231,0.0,1.0,1.0,629875d-dirty
rf,3,17,Subject226,random2,"8,14",26,0.6666666666666666,0.6923076923076923,0.15384615384615385,0.6666666666666666,0.6923076923076923,0.15384615384615385,0.9230769230769229,0.9230769230769231,0.0,1.0,1.0,629875d-dirty
rf,3,17,Subject226,squat_deadlift,"0,6",26,0.7179487179487178,0.7692307692307693,0.0,0.8179487179487179,0.8461538461538461,0.0,0.9230769230769231,0.9230769230769231,0.0,0.5,1.0,629875d-dirty
rf,3,17,Subject354,pushup_pushpress,"1,7",52,0.9804639804639805,0.9807692307692307,0.0,0.9804639804639805,0.9807692307692307,0.0,0.9804639804639805,0.9807692307692307,0.0,1.0,1.0,629875d-dirty
rf,3,17,Subject354,random1,"6,14",52,0.9804639804639805,0.9807692307692307,0.0,0.9804639804639805,0.9807692307692307,0.0,0.9804639804639805,0.9807692307692307,0.0,1.0,1.0,629875d-dirty
rf,3,17,Subject354,random2,"4,9",52,1.0,1.0,0.0,1.0,1.0,0.0,1.0,1.0,0.0,0.875,0.875,629875d-dirty
rf,3,17,Subject354,squat_deadlift,"0,6",52,0.9804639804639805,0.9807692307692307,0.0,0.9804639804639805,0.9807692307692307,0.0,0.9804639804639805,0.9807692307692307,0.0,1.0,1.0,629875d-dirty
rf,3,17,Subject376,pushup_pushpress,"1,7",52,0.868925518925519,0.8846153846153846,0.038461538461538464,0.7868131868131868,0.7884615384615384,0.15384615384615385,0.9076923076923076,0.8846153846153846,0.07692307692307693,0.875,1.0,629875d-dirty
rf,3,17,Subject376,random1,"0,9",52,0.8376900876900877,0.8653846153846154,0.0,0.8171162171162171,0.8461538461538461,0.0,0.882051282051282,0.8846153846153846,0.0,1.0,1.0,629875d-dirty
rf,3,17,Subject376,random2,"5,14",52,0.8376900876900877,0.8653846153846154,0.0,0.8175824175824176,0.8461538461538461,0.0,0.8820512820512819,0.8846153846153846,0.0,1.0,1.0,629875d-dirty
rf,3,17,Subject376,squat_deadlift,"0,6",52,0.8462370962370962,0.8653846153846154,0.019230769230769232,0.8056388056388056,0.8269230769230769,0.038461538461538464,0.8974358974358974,0.8846153846153846,0.038461538461538464,1.0,1.0,629875d-dirty
rf,3,17,Subject424,pushup_pushpress,"1,7",52,0.839133089133089,0.8269230769230769,0.11538461538461539,0.839133089133089,0.8269230769230769,0.11538461538461539,0.8778998778998779,0.8653846153846154,0.11538461538461539,1.0,1.0,629875d-dirty
rf,3,17,Subject424,random1,"10,13",52,0.9006715506715507,0.9038461538461539,0.0,0.8791819291819293,0.8846153846153846,0.0,0.9394383394383394,0.9423076923076923,0.0,0.5,0.75,629875d-dirty
rf,3,17,Subject424,random2,"7,11",52,0.8669108669108668,0.8461538461538461,0.1346153846153846,0.8522588522588522,0.8269230769230769,0.15384615384615385,0.8864468864468864,0.8653846153846154,0.1346153846153846,0.875,1.0,629875d-dirty
rf,3,17,Subject424,squat_deadlift,"0,6",52,0.8449328449328449,0.8653846153846154,0.0,0.8449328449328449,0.8653846153846154,0.0,0.8644688644688644,0.8846153846153846,0.0,0.75,0.875,629875d-dirty
rf,3,17,Subject729,pushup_pushpress,"1,7",52,0.9804639804639805,0.9807692307692307,0.0,0.9804639804639805,0.9807692307692307,0.0,1.0,1.0,0.0,1.0,1.0,629875d-dirty
rf,3,17,Subject729,random1,"9,12",52,0.9804639804639805,0.9807692307692307,0.0,0.9804639804639805,0.9807692307692307,0.0,1.0,1.0,0.0,1.0,1.0,629875d-dirty
rf,3,17,Subject729,random2,"2,11",52,0.9804639804639805,0.9807692307692307,0.0,0.9804639804639805,0.9807692307692307,0.0,1.0,1.0,0.0,1.0,1.0,629875d-dirty
rf,3,17,Subject729,squat_deadlift,"0,6",52,1.0,1.0,0.0,1.0,1.0,0.0,1.0,1.0,0.0,0.875,1.0,629875d-dirty
rf,3,17,Subject969,pushup_pushpress,"1,7",26,0.7307692307692307,0.7692307692307693,0.0,0.7051282051282051,0.7307692307692307,0.0,0.8564102564102564,0.8846153846153846,0.0,0.5,1.0,629875d-dirty
rf,3,17,Subject969,random1,"0,1",26,0.7230769230769231,0.7692307692307693,0.0,0.7008547008547008,0.7307692307692307,0.07692307692307693,0.8974358974358974,0.9230769230769231,0.0,0.5,0.75,629875d-dirty
rf,3,17,Subject969,random2,"10,13",26,0.7307692307692307,0.7692307692307693,0.0,0.6666666666666666,0.6923076923076923,0.07692307692307693,0.958974358974359,0.9615384615384616,0.0,0.5,0.75,629875d-dirty
rf,3,17,Subject969,squat_deadlift,"0,6",26,0.7230769230769231,0.7692307692307693,0.0,0.6461538461538462,0.6923076923076923,0.07692307692307693,0.8974358974358974,0.9230769230769231,0.0,0.5,0.75,629875d-dirty
rf,4,8,Subject424,pushup_pushpress,"1,7",52,0.8266178266178267,0.8269230769230769,0.15384615384615385,0.8266178266178267,0.8269230769230769,0.15384615384615385,0.8769230769230769,0.8653846153846154,0.1346153846153846,1.0,1.0,629875d-dirty
rf,4,8,Subject424,random1,"13,14",52,0.7881562881562882,0.8269230769230769,0.0,0.7967032967032968,0.8269230769230769,0.019230769230769232,0.8214896214896215,0.8461538461538461,0.0,1.0,1.0,629875d-dirty
rf,4,8,Subject424,random2,"6,9",52,0.7881562881562882,0.8269230769230769,0.0,0.7881562881562882,0.8269230769230769,0.0,0.8214896214896215,0.8461538461538461,0.0,1.0,1.0,629875d-dirty
rf,4,8,Subject424,squat_deadlift,"0,6",52,0.7881562881562882,0.8269230769230769,0.0,0.7967032967032968,0.8269230769230769,0.019230769230769232,0.8214896214896215,0.8461538461538461,0.0,1.0,1.0,629875d-dirty
rf,4,8,Subject455,pushup_pushpress,"1,7",52,0.8449550449550448,0.8461538461538461,0.038461538461538464,0.9020979020979021,0.9038461538461539,0.019230769230769232,0.9804639804639805,0.9807692307692307,0.0,1.0,1.0,629875d-dirty
rf,4,8,Subject455,random1,"0,4",52,0.9054945054945056,0.9038461538461539,0.038461538461538464,0.8888888888888891,0.8846153846153846,0.07692307692307693,0.9804639804639805,0.9807692307692307,0.0,0.625,1.0,629875d-dirty
rf,4,8,Subject455,random2,"12,13",52,0.8505494505494505,0.8461538461538461,0.057692307692307696,0.8294871794871794,0.8269230769230769,0.057692307692307696,0.9804639804639805,0.9807692307692307,0.0,1.0,1.0,629875d-dirty
rf,4,8,Subject455,squat_deadlift,"0,6",52,0.9054945054945056,0.9038461538461539,0.038461538461538464,0.8615384615384615,0.8653846153846154,0.07692307692307693,0.9804639804639805,0.9807692307692307,0.0,0.625,1.0,629875d-dirty
rf,4,8,Subject561,pushup_pushpress,"1,7",52,0.7631701631701632,0.8076923076923077,0.0,0.7687645687645688,0.8076923076923077,0.019230769230769232,1.0,1.0,0.0,1.0,1.0,629875d-dirty
rf,4,8,Subject561,random1,"4,7",52,0.7841491841491842,0.8076923076923077,0.057692307692307696,0.7841491841491842,0.8076923076923077,0.057692307692307696,1.0,1.0,0.0,1.0,1.0,629875d-dirty
rf,4,8,Subject561,random2,"5,11",52,0.8559440559440559,0.8653846153846154,0.07692307692307693,0.882051282051282,0.8846153846153846,0.07692307692307693,1.0,1.0,0.0,0.625,1.0,629875d-dirty
rf,4,8,Subject561,squat_deadlift,"0,6",52,0.7841491841491842,0.8076923076923077,0.057692307692307696,0.8102564102564103,0.8269230769230769,0.057692307692307696,1.0,1.0,0.0,1.0,1.0,629875d-dirty
rf,4,8,Subject571,pushup_pushpress,"1,7",26,0.8205128205128206,0.8461538461538461,0.0,0.7824175824175825,0.8076923076923077,0.0,1.0,1.0,0.0,1.0,1.0,629875d-dirty
rf,4,8,Subject571,random1,"7,10",26,0.8564102564102564,0.8846153846153846,0.0,0.9179487179487178,0.9230769230769231,0.0,1.0,1.0,0.0,0.75,1.0,629875d-dirty
rf,4,8,Subject571,random2,"1,12",26,0.8205128205128205,0.8461538461538461,0.0,0.7824175824175825,0.8076923076923077,0.0,1.0,1.0,0.0,1.0,1.0,629875d-dirty
rf,4,8,Subject571,squat_deadlift,"0,6",26,0.8205128205128206,0.8461538461538461,0.0,0.8234432234432235,0.8461538461538461,0.0,1.0,1.0,0.0,1.0,1.0,629875d-dirty
rf,4,8,Subject741,pushup_pushpress,"1,7",52,0.9086691086691088,0.9038461538461539,0.038461538461538464,0.9035409035409037,0.9038461538461539,0.019230769230769232,0.9697802197802198,0.9615384615384616,0.019230769230769232,0.875,1.0,629875d-dirty
rf,4,8,Subject741,random1,"2,12",52,0.8822954822954823,0.8846153846153846,0.019230769230769232,0.884004884004884,0.8846153846153846,0.019230769230769232,0.9612332112332113,0.9615384615384616,0.0,1.0,1.0,629875d-dirty
rf,4,8,Subject741,random2,"6,8",52,0.8737484737484738,0.8846153846153846,0.0,0.8754578754578755,0.8846153846153846,0.0,0.9612332112332113,0.9615384615384616,0.0,1.0,1.0,629875d-dirty
rf,4,8,Subject741,squat_deadlift,"0,6",52,0.8737484737484738,0.8846153846153846,0.0,0.8754578754578755,0.8846153846153846,0.0,0.9612332112332113,0.9615384615384616,0.0,1.0,1.0,629875d-dirty
rf,4,8,Subject819,pushup_pushpress,"1,7",52,0.8547008547008547,0.8846153846153846,0.0,0.8778998778998779,0.9038461538461539,0.0,0.8974358974358974,0.9230769230769231,0.0,0.875,0.875,629875d-dirty
rf,4,8,Subject819,random1,"1,11",52,0.8351648351648351,0.8653846153846154,0.0,0.8583638583638584,0.8846153846153846,0.0,0.8778998778998779,0.9038461538461539,0.0,1.0,1.0,629875d-dirty
rf,4,8,Subject819,random2,"0,8",52,0.9462759462759464,0.9423076923076923,0.019230769230769232,0.9377289377289378,0.9423076923076923,0.0,0.9804639804639805,0.9807692307692307,0.0,0.5,0.5,629875d-dirty
rf,4,8,Subject819,squat_deadlift,"0,6",52,0.8437118437118437,0.8653846153846154,0.019230769230769232,0.8437118437118437,0.8653846153846154,0.019230769230769232,0.8778998778998779,0.9038461538461539,0.0,1.0,1.0,629875d-dirty
rf,4,17,Subject424,pushup_pushpress,"1,7",52,0.8266178266178267,0.8269230769230769,0.1346153846153846,0.8266178266178267,0.8269230769230769,0.1346153846153846,0.8769230769230769,0.8653846153846154,0.1346153846153846,1.0,1.0,629875d-dirty
rf,4,17,Subject424,random1,"13,14",52,0.7907203907203908,0.8269230769230769,0.0,0.7907203907203908,0.8269230769230769,0.0,0.841025641025641,0.8653846153846154,0.0,1.0,1.0,629875d-dirty
rf,4,17,Subject424,random2,"6,9",52,0.8102564102564103,0.8461538461538461,0.0,0.841025641025641,0.8653846153846154,0.0,0.841025641025641,0.8653846153846154,0.0,0.875,1.0,629875d-dirty
rf,4,17,Subject424,squat_deadlift,"0,6",52,0.8102564102564103,0.8461538461538461,0.0,0.8102564102564103,0.8461538461538461,0.0,0.841025641025641,0.8653846153846154,0.0,0.875,1.0,629875d-dirty
rf,4,17,Subject455,pushup_pushpress,"1,7",52,0.8957264957264957,0.9038461538461539,0.0,0.8957264957264957,0.9038461538461539,0.0,1.0,1.0,0.0,1.0,1.0,629875d-dirty
rf,4,17,Subject455,random1,"0,4",52,0.9538461538461539,0.9423076923076923,0.057692307692307696,0.9538461538461539,0.9423076923076923,0.057692307692307696,1.0,1.0,0.0,0.75,1.0,629875d-dirty
rf,4,17,Subject455,random2,"12,13",52,0.8957264957264959,0.9038461538461539,0.0,0.8795648795648796,0.9038461538461539,0.0,1.0,1.0,0.0,1.0,1.0,629875d-dirty
rf,4,17,Subject455,squat_deadlift,"0,6",52,0.9538461538461539,0.9423076923076923,0.057692307692307696,0.9230769230769231,0.9230769230769231,0.07692307692307693,1.0,1.0,0.0,0.75,1.0,629875d-dirty
rf,4,17,Subject561,pushup_pushpress,"1,7",52,0.7892773892773892,0.8269230769230769,0.0,0.7892773892773892,0.8269230769230769,0.0,0.9804639804639805,0.9807692307692307,0.0,1.0,1.0,629875d-dirty
rf,4,17,Subject561,random1,"4,7",52,0.8046620046620047,0.8269230769230769,0.038461538461538464,0.8046620046620047,0.8269230769230769,0.038461538461538464,0.989010989010989,0.9807692307692307,0.019230769230769232,1.0,1.0,629875d-dirty
rf,4,17,Subject561,random2,"5,11",52,0.882051282051282,0.8846153846153846,0.07692307692307693,0.882051282051282,0.8846153846153846,0.07692307692307693,0.9804639804639805,0.9807692307692307,0.0,0.625,1.0,629875d-dirty
rf,4,17,Subject561,squat_deadlift,"0,6",52,0.8102564102564103,0.8269230769230769,0.057692307692307696,0.8102564102564103,0.8269230769230769,0.057692307692307696,0.9804639804639805,0.9807692307692307,0.0,1.0,1.0,629875d-dirty
rf,4,17,Subject571,pushup_pushpress,"1,7",26,0.9230769230769231,0.9230769230769231,0.0,0.8644688644688644,0.8846153846153846,0.0,1.0,1.0,0.0,1.0,1.0,629875d-dirty
rf,4,17,Subject571,random1,"7,10",26,0.958974358974359,0.9615384615384616,0.0,0.958974358974359,0.9615384615384616,0.0,1.0,1.0,0.0,0.75,1.0,629875d-dirty
rf,4,17,Subject571,random2,"1,12",26,0.9230769230769229,0.9230769230769231,0.0,0.9230769230769229,0.9230769230769231,0.0,1.0,1.0,0.0,1.0,1.0,629875d-dirty
rf,4,17,Subject571,squat_deadlift,"0,6",26,0.9230769230769231,0.9230769230769231,0.0,0.8644688644688644,0.8846153846153846,0.0,1.0,1.0,0.0,1.0,1.0,629875d-dirty
rf,4,17,Subject741,pushup_pushpress,"1,7",52,0.8984126984126983,0.9038461538461539,0.0,0.8984126984126983,0.9038461538461539,0.0,0.8984126984126983,0.9038461538461539,0.0,1.0,1.0,629875d-dirty
rf,4,17,Subject741,random1,"2,12",52,0.9069597069597068,0.9038461538461539,0.019230769230769232,0.9218781218781219,0.9230769230769231,0.019230769230769232,0.9069597069597068,0.9038461538461539,0.019230769230769232,1.0,1.0,629875d-dirty
rf,4,17,Subject741,random2,"6,8",52,0.8984126984126983,0.9038461538461539,0.0,0.8984126984126983,0.9038461538461539,0.0,0.8984126984126983,0.9038461538461539,0.0,1.0,1.0,629875d-dirty
rf,4,17,Subject741,squat_deadlift,"0,6",52,0.8984126984126983,0.9038461538461539,0.0,0.8984126984126983,0.9038461538461539,0.0,0.8984126984126983,0.9038461538461539,0.0,1.0,1.0,629875d-dirty
rf,4,17,Subject819,pushup_pushpress,"1,7",52,0.8974358974358974,0.9230769230769231,0.0,0.8825021132713439,0.9038461538461539,0.0,0.8974358974358974,0.9230769230769231,0.0,0.875,0.875,629875d-dirty
rf,4,17,Subject819,random1,"1,11",52,0.8778998778998779,0.9038461538461539,0.0,0.8449328449328449,0.8653846153846154,0.0,0.8778998778998779,0.9038461538461539,0.0,1.0,1.0,629875d-dirty
rf,4,17,Subject819,random2,"0,8",52,0.9804639804639805,0.9807692307692307,0.0,0.9804639804639805,0.9807692307692307,0.0,0.9804639804639805,0.9807692307692307,0.0,0.5,0.5,629875d-dirty
rf,4,17,Subject819,squat_deadlift,"0,6",52,0.8778998778998779,0.9038461538461539,0.0,0.8778998778998779,0.9038461538461539,0.0,0.8778998778998779,0.9038461538461539,0.0,1.0,1.0,629875d-dirty
rf,5,8,Subject226,pushup_pushpress,"1,7",26,0.6358974358974359,0.6923076923076923,0.15384615384615385,0.6512820512820513,0.6923076923076923,0.15384615384615385,0.9487179487179487,0.9230769230769231,0.07692307692307693,1.0,1.0,629875d-dirty
rf,5,8,Subject226,random1,"3,4",26,0.6871794871794871,0.7692307692307693,0.0,0.6871794871794871,0.7692307692307693,0.0,0.958974358974359,0.9615384615384616,0.0,0.5,0.75,629875d-dirty
rf,5,8,Subject226,random2,"0,9",26,0.7051282051282051,0.7692307692307693,0.0,0.7051282051282051,0.7692307692307693,0.0,0.9230769230769231,0.9230769230769231,0.0,0.5,1.0,629875d-dirty
rf,5,8,Subject226,squat_deadlift,"0,6",26,0.7051282051282051,0.7692307692307693,0.0,0.7051282051282051,0.7692307692307693,0.0,0.9230769230769231,0.9230769230769231,0.0,0.5,1.0,629875d-dirty
rf,5,8,Subject424,pushup_pushpress,"1,7",52,0.6864468864468865,0.6923076923076923,0.19230769230769232,0.6874236874236874,0.6923076923076923,0.17307692307692307,0.7855921855921856,0.7884615384615384,0.15384615384615385,1.0,1.0,629875d-dirty
rf,5,8,Subject424,random1,"0,2",52,0.6632478632478632,0.7115384615384616,0.0,0.6632478632478632,0.7115384615384616,0.0,0.7666666666666665,0.8076923076923077,0.0,0.875,0.875,629875d-dirty
rf,5,8,Subject424,random2,"1,9",52,0.6437118437118438,0.6923076923076923,0.0,0.6053724053724054,0.6538461538461539,0.0,0.747130647130647,0.7884615384615384,0.0,1.0,1.0,629875d-dirty
rf,5,8,Subject424,squat_deadlift,"0,6",52,0.7096459096459096,0.75,0.0,0.7181929181929181,0.75,0.019230769230769232,0.7881562881562882,0.8269230769230769,0.0,0.625,0.875,629875d-dirty
rf,5,8,Subject580,pushup_pushpress,"1,7",78,0.8436973283127128,0.8205128205128205,0.08974358974358974,0.8471630933169394,0.8205128205128205,0.08974358974358974,0.9367043213197058,0.9230769230769231,0.038461538461538464,1.0,0.9166666666666666,629875d-dirty
rf,5,8,Subject580,random1,"2,13",78,0.8511923973462434,0.8589743589743589,0.0,0.8691411152949613,0.8717948717948718,0.0,0.9217193063346909,0.9230769230769231,0.0,0.75,0.9166666666666666,629875d-dirty
rf,5,8,Subject580,random2,"8,12",78,0.8563828883666941,0.8589743589743589,0.0,0.8463237167690607,0.8461538461538461,0.0,0.9104997566536027,0.9102564102564102,0.0,0.75,1.0,629875d-dirty
rf,5,8,Subject580,squat_deadlift,"0,6",78,0.815357247341053,0.8205128205128205,0.0,0.8008742943965615,0.8076923076923077,0.0,0.9104997566536027,0.9102564102564102,0.0,1.0,1.0,629875d-dirty
rf,5,8,Subject819,pushup_pushpress,"1,7",52,0.8388500388500387,0.8653846153846154,0.038461538461538464,0.8388500388500387,0.8653846153846154,0.038461538461538464,0.958974358974359,0.9615384615384616,0.0,1.0,1.0,629875d-dirty
rf,5,8,Subject819,random1,"0,9",52,0.832012432012432,0.8653846153846154,0.019230769230769232,0.8234654234654234,0.8653846153846154,0.0,0.9394383394383394,0.9423076923076923,0.0,1.0,1.0,629875d-dirty
rf,5,8,Subject819,random2,"3,8",52,0.8905982905982905,0.9230769230769231,0.0,0.9282051282051282,0.9423076923076923,0.0,0.9804639804639805,0.9807692307692307,0.0,0.625,0.625,629875d-dirty
rf,5,8,Subject819,squat_deadlift,"0,6",52,0.8320124320124319,0.8653846153846154,0.019230769230769232,0.8696192696192697,0.8846153846153846,0.019230769230769232,0.9394383394383394,0.9423076923076923,0.0,1.0,1.0,629875d-dirty
rf,5,8,Subject877,pushup_pushpress,"1,7",52,0.958974358974359,0.9615384615384616,0.0,0.9333333333333333,0.9230769230769231,0.038461538461538464,0.958974358974359,0.9615384615384616,0.0,0.875,0.875,629875d-dirty
rf,5,8,Subject877,random1,"7,10",52,0.9394383394383395,0.9423076923076923,0.0,0.958974358974359,0.9615384615384616,0.0,0.9394383394383395,0.9423076923076923,0.0,1.0,1.0,629875d-dirty
rf,5,8,Subject877,random2,"0,14",52,0.9394383394383395,0.9423076923076923,0.0,0.9394383394383395,0.9423076923076923,0.0,0.9394383394383395,0.9423076923076923,0.0,1.0,1.0,629875d-dirty
rf,5,8,Subject877,squat_deadlift,"0,6",52,0.9804639804639805,0.9807692307692307,0.0,0.9804639804639805,0.9807692307692307,0.0,0.9804639804639805,0.9807692307692307,0.0,0.75,0.75,629875d-dirty
rf,5,8,Subject890,pushup_pushpress,"1,7",26,0.917948717948718,0.9230769230769231,0.0,0.8333333333333333,0.8461538461538461,0.038461538461538464,1.0,1.0,0.0,0.5,1.0,629875d-dirty
rf,5,8,Subject890,random1,"5,14",26,0.8153846153846154,0.8461538461538461,0.0,0.7153846153846154,0.7692307692307693,0.0,1.0,1.0,0.0,1.0,1.0,629875d-dirty
rf,5,8,Subject890,random2,"5,8",26,0.8153846153846154,0.8461538461538461,0.0,0.7538461538461539,0.8076923076923077,0.0,1.0,1.0,0.0,1.0,1.0,629875d-dirty
rf,5,8,Subject890,squat_deadlift,"0,6",26,0.8564102564102564,0.8846153846153846,0.0,0.8564102564102564,0.8846153846153846,0.0,1.0,1.0,0.0,0.75,1.0,629875d-dirty
rf,5,17,Subject226,pushup_pushpress,"1,7",26,0.8051282051282053,0.8076923076923077,0.07692307692307693,0.6794871794871794,0.7307692307692307,0.07692307692307693,0.9743589743589743,0.9615384615384616,0.038461538461538464,1.0,1.0,629875d-dirty
rf,5,17,Subject226,random1,"3,4",26,0.8153846153846155,0.8461538461538461,0.0,0.7641025641025642,0.8076923076923077,0.038461538461538464,1.0,1.0,0.0,0.75,0.75,629875d-dirty
rf,5,17,Subject226,random2,"0,9",26,0.882051282051282,0.8846153846153846,0.0,0.882051282051282,0.8846153846153846,0.0,0.958974358974359,0.9615384615384616,0.0,0.5,1.0,629875d-dirty
rf,5,17,Subject226,squat_deadlift,"0,6",26,0.882051282051282,0.8846153846153846,0.0,0.8179487179487179,0.8461538461538461,0.0,0.958974358974359,0.9615384615384616,0.0,0.5,1.0,629875d-dirty
rf,5,17,Subject424,pushup_pushpress,"1,7",52,0.8368742368742369,0.8269230769230769,0.11538461538461539,0.7915362415362416,0.7884615384615384,0.11538461538461539,0.8974358974358974,0.8846153846153846,0.11538461538461539,1.0,1.0,629875d-dirty
rf,5,17,Subject424,random1,"0,2",52,0.8449328449328449,0.8653846153846154,0.0,0.8257020757020757,0.8461538461538461,0.0,0.8644688644688644,0.8846153846153846,0.0,0.75,1.0,629875d-dirty
rf,5,17,Subject424,random2,"1,9",52,0.8039072039072039,0.8269230769230769,0.0,0.7973359973359974,0.8269230769230769,0.0,0.8644688644688644,0.8846153846153846,0.0,1.0,1.0,629875d-dirty
rf,5,17,Subject424,squat_deadlift,"0,6",52,0.8644688644688644,0.8846153846153846,0.0,0.8449328449328449,0.8653846153846154,0.0,0.8644688644688644,0.8846153846153846,0.0,0.625,1.0,629875d-dirty
rf,5,17,Subject580,pushup_pushpress,"1,7",78,0.9256077256077256,0.9230769230769231,0.01282051282051282,0.8974627936166397,0.8974358974358975,0.0,0.9369963369963371,0.9358974358974359,0.01282051282051282,1.0,1.0,629875d-dirty
rf,5,17,Subject580,random1,"2,13",78,0.9310791772330235,0.9358974358974359,0.0,0.93767258382643,0.9358974358974359,0.01282051282051282,0.9310791772330235,0.9358974358974359,0.0,0.9166666666666666,1.0,629875d-dirty
rf,5,17,Subject580,random2,"8,12",78,0.9196905658444121,0.9230769230769231,0.0,0.9045454545454545,0.9102564102564102,0.0,0.9310791772330235,0.9358974358974359,0.0,1.0,0.9166666666666666,629875d-dirty
rf,5,17,Subject580,squat_deadlift,"0,6",78,0.9445426368503292,0.9487179487179487,0.0,0.9293975255513718,0.9358974358974359,0.0,0.9574528036066497,0.9615384615384616,0.0,0.8333333333333334,0.8333333333333334,629875d-dirty
rf,5,17,Subject819,pushup_pushpress,"1,7",52,0.9328671328671329,0.9423076923076923,0.0,0.9328671328671329,0.9423076923076923,0.0,0.9328671328671329,0.9423076923076923,0.0,0.875,0.875,629875d-dirty
rf,5,17,Subject819,random1,"0,9",52,0.9133311133311134,0.9230769230769231,0.0,0.9133311133311134,0.9230769230769231,0.0,0.9133311133311134,0.9230769230769231,0.0,1.0,1.0,629875d-dirty
rf,5,17,Subject819,random2,"3,8",52,0.9804639804639805,0.9807692307692307,0.0,0.9804639804639805,0.9807692307692307,0.0,0.9804639804639805,0.9807692307692307,0.0,0.625,0.625,629875d-dirty
rf,5,17,Subject819,squat_deadlift,"0,6",52,0.9133311133311134,0.9230769230769231,0.0,0.9133311133311134,0.9230769230769231,0.0,0.9133311133311134,0.9230769230769231,0.0,1.0,1.0,629875d-dirty
rf,5,17,Subject877,pushup_pushpress,"1,7",52,1.0,1.0,0.0,1.0,1.0,0.0,1.0,1.0,0.0,1.0,1.0,629875d-dirty
rf,5,17,Subject877,random1,"7,10",52,1.0,1.0,0.0,1.0,1.0,0.0,1.0,1.0,0.0,1.0,1.0,629875d-dirty
rf,5,17,Subject877,random2,"0,14",52,1.0,1.0,0.0,1.0,1.0,0.0,1.0,1.0,0.0,1.0,1.0,629875d-dirty
rf,5,17,Subject877,squat_deadlift,"0,6",52,1.0,1.0,0.0,1.0,1.0,0.0,1.0,1.0,0.0,1.0,1.0,629875d-dirty
rf,5,17,Subject890,pushup_pushpress,"1,7",26,0.9358974358974359,0.9230769230769231,0.038461538461538464,0.9358974358974359,0.9230769230769231,0.038461538461538464,1.0,1.0,0.0,0.75,1.0,629875d-dirty
rf,5,17,Subject890,random1,"5,14",26,0.8794871794871795,0.8846153846153846,0.0,0.8794871794871795,0.8846153846153846,0.0,1.0,1.0,0.0,1.0,1.0,629875d-dirty
rf,5,17,Subject890,random2,"5,8",26,0.8794871794871795,0.8846153846153846,0.0,0.917948717948718,0.9230769230769231,0.0,1.0,1.0,0.0,1.0,1.0,629875d-dirty
rf,5,17,Subject890,squat_deadlift,"0,6",26,0.8794871794871795,0.8846153846153846,0.0,0.8794871794871795,0.8846153846153846,0.0,1.0,1.0,0.0,1.0,1.0,629875d-dirty
rf,6,8,Subject424,pushup_pushpress,"1,7",52,0.8153846153846154,0.8076923076923077,0.11538461538461539,0.818070818070818,0.8076923076923077,0.11538461538461539,0.8778998778998779,0.8653846153846154,0.09615384615384616,0.875,1.0,629875d-dirty
rf,6,8,Subject424,random1,"4,12",52,0.8214452214452215,0.8269230769230769,0.057692307692307696,0.8360972360972361,0.8461538461538461,0.038461538461538464,0.8778998778998779,0.9038461538461539,0.0,0.75,0.75,629875d-dirty
rf,6,8,Subject424,random2,"7,9",52,0.8153846153846154,0.8076923076923077,0.11538461538461539,0.7892773892773892,0.7884615384615384,0.11538461538461539,0.8778998778998779,0.8653846153846154,0.09615384615384616,0.875,1.0,629875d-dirty
rf,6,8,Subject424,squat_deadlift,"0,6",52,0.8076641307410538,0.8269230769230769,0.0,0.7650793650793651,0.7884615384615384,0.0,0.8678500986193293,0.8846153846153846,0.0,0.75,1.0,629875d-dirty
rf,6,8,Subject455,pushup_pushpress,"1,7",52,0.9804639804639805,0.9807692307692307,0.0,0.9804639804639805,0.9807692307692307,0.0,1.0,1.0,0.0,1.0,1.0,629875d-dirty
rf,6,8,Subject455,random1,"0,10",52,0.989010989010989,0.9807692307692307,0.019230769230769232,0.989010989010989,0.9807692307692307,0.019230769230769232,1.0,1.0,0.0,1.0,1.0,629875d-dirty
rf,6,8,Subject455,random2,"8,11",52,1.0,1.0,0.0,1.0,1.0,0.0,1.0,1.0,0.0,0.875,1.0,629875d-dirty
rf,6,8,Subject455,squat_deadlift,"0,6",52,0.989010989010989,0.9807692307692307,0.019230769230769232,0.9743589743589743,0.9615384615384616,0.038461538461538464,1.0,1.0,0.0,1.0,1.0,629875d-dirty
rf,6,8,Subject571,pushup_pushpress,"1,7",26,0.7051282051282051,0.7692307692307693,0.0,0.7051282051282051,0.7692307692307693,0.0,1.0,1.0,0.0,1.0,1.0,629875d-dirty
rf,6,8,Subject571,random1,"6,13",26,0.7051282051282051,0.7692307692307693,0.0,0.7051282051282051,0.7692307692307693,0.0,1.0,1.0,0.0,1.0,1.0,629875d-dirty
rf,6,8,Subject571,random2,"7,11",26,0.8076923076923077,0.8461538461538461,0.0,0.8076923076923077,0.8461538461538461,0.0,1.0,1.0,0.0,0.5,1.0,629875d-dirty
rf,6,8,Subject571,squat_deadlift,"0,6",26,0.7051282051282051,0.7692307692307693,0.0,0.7051282051282051,0.7692307692307693,0.0,1.0,1.0,0.0,1.0,1.0,629875d-dirty
rf,6,8,Subject819,pushup_pushpress,"1,7",52,0.8644688644688644,0.8846153846153846,0.0,0.8644688644688644,0.8846153846153846,0.0,0.8974358974358974,0.9230769230769231,0.0,0.75,0.875,629875d-dirty
rf,6,8,Subject819,random1,"2,13",52,0.8388278388278388,0.8461538461538461,0.038461538461538464,0.8388278388278388,0.8461538461538461,0.038461538461538464,0.8864468864468864,0.9038461538461539,0.019230769230769232,1.0,1.0,629875d-dirty
rf,6,8,Subject819,random2,"4,9",52,0.8564102564102564,0.8461538461538461,0.11538461538461539,0.8564102564102564,0.8461538461538461,0.11538461538461539,0.9035409035409037,0.9038461538461539,0.07692307692307693,1.0,1.0,629875d-dirty
rf,6,8,Subject819,squat_deadlift,"0,6",52,0.8234432234432235,0.8461538461538461,0.0,0.8234432234432235,0.8461538461538461,0.0,0.8778998778998779,0.9038461538461539,0.0,1.0,1.0,629875d-dirty
rf,6,8,Subject877,pushup_pushpress,"1,7",52,1.0,1.0,0.0,1.0,1.0,0.0,1.0,1.0,0.0,1.0,1.0,629875d-dirty
rf,6,8,Subject877,random1,"9,12",52,1.0,1.0,0.0,1.0,1.0,0.0,1.0,1.0,0.0,1.0,1.0,629875d-dirty
rf,6,8,Subject877,random2,"4,7",52,1.0,1.0,0.0,1.0,1.0,0.0,1.0,1.0,0.0,1.0,1.0,629875d-dirty
rf,6,8,Subject877,squat_deadlift,"0,6",52,1.0,1.0,0.0,1.0,1.0,0.0,1.0,1.0,0.0,1.0,1.0,629875d-dirty
rf,6,8,Subject890,pushup_pushpress,"1,7",26,0.8974358974358974,0.9230769230769231,0.0,0.8974358974358974,0.9230769230769231,0.0,1.0,1.0,0.0,0.5,0.75,629875d-dirty
rf,6,8,Subject890,random1,"1,10",26,0.8974358974358974,0.9230769230769231,0.0,0.9230769230769231,0.9230769230769231,0.07692307692307693,0.958974358974359,0.9615384615384616,0.0,0.5,1.0,629875d-dirty
rf,6,8,Subject890,random2,"6,8",26,0.8076923076923077,0.8461538461538461,0.0,0.8076923076923077,0.8461538461538461,0.0,0.958974358974359,0.9615384615384616,0.0,1.0,1.0,629875d-dirty
rf,6,8,Subject890,squat_deadlift,"0,6",26,0.8076923076923077,0.8461538461538461,0.0,0.8076923076923077,0.8461538461538461,0.0,0.958974358974359,0.9615384615384616,0.0,1.0,1.0,629875d-dirty
rf,6,17,Subject424,pushup_pushpress,"1,7",52,0.8586691086691087,0.8461538461538461,0.11538461538461539,0.8583638583638584,0.8461538461538461,0.11538461538461539,0.8778998778998779,0.8653846153846154,0.11538461538461539,1.0,1.0,629875d-dirty
rf,6,17,Subject424,random1,"4,12",52,0.8586691086691087,0.8846153846153846,0.0,0.8778998778998779,0.9038461538461539,0.0,0.8778998778998779,0.9038461538461539,0.0,0.75,0.75,629875d-dirty
rf,6,17,Subject424,random2,"7,9",52,0.8586691086691087,0.8461538461538461,0.11538461538461539,0.8778998778998779,0.8653846153846154,0.11538461538461539,0.8778998778998779,0.8653846153846154,0.11538461538461539,1.0,1.0,629875d-dirty
rf,6,17,Subject424,squat_deadlift,"0,6",52,0.8449328449328449,0.8653846153846154,0.0,0.8644688644688644,0.8846153846153846,0.0,0.8644688644688644,0.8846153846153846,0.0,0.875,1.0,629875d-dirty
rf,6,17,Subject455,pushup_pushpress,"1,7",52,0.9188034188034189,0.9230769230769231,0.0,0.8751748251748251,0.8846153846153846,0.0,1.0,1.0,0.0,1.0,1.0,629875d-dirty
rf,6,17,Subject455,random1,"0,10",52,0.9743589743589743,0.9615384615384616,0.038461538461538464,0.9538461538461539,0.9423076923076923,0.057692307692307696,1.0,1.0,0.0,0.75,1.0,629875d-dirty
rf,6,17,Subject455,random2,"8,11",52,0.9572649572649573,0.9615384615384616,0.0,0.9572649572649573,0.9615384615384616,0.0,1.0,1.0,0.0,0.75,1.0,629875d-dirty
rf,6,17,Subject455,squat_deadlift,"0,6",52,0.9743589743589743,0.9615384615384616,0.038461538461538464,0.9538461538461539,0.9423076923076923,0.057692307692307696,1.0,1.0,0.0,0.75,1.0,629875d-dirty
rf,6,17,Subject571,pushup_pushpress,"1,7",26,0.9230769230769231,0.9230769230769231,0.0,0.8644688644688644,0.8846153846153846,0.0,1.0,1.0,0.0,1.0,1.0,629875d-dirty
rf,6,17,Subject571,random1,"6,13",26,0.9230769230769229,0.9230769230769231,0.0,0.8644688644688644,0.8846153846153846,0.0,1.0,1.0,0.0,1.0,1.0,629875d-dirty
rf,6,17,Subject571,random2,"7,11",26,0.9230769230769229,0.9230769230769231,0.0,0.8644688644688644,0.8846153846153846,0.0,1.0,1.0,0.0,1.0,1.0,629875d-dirty
rf,6,17,Subject571,squat_deadlift,"0,6",26,0.9230769230769231,0.9230769230769231,0.0,0.8644688644688644,0.8846153846153846,0.0,1.0,1.0,0.0,1.0,1.0,629875d-dirty
rf,6,17,Subject819,pushup_pushpress,"1,7",52,0.8974358974358974,0.9230769230769231,0.0,0.8644688644688644,0.8846153846153846,0.0,0.8825021132713439,0.9038461538461539,0.0,0.875,0.875,629875d-dirty
rf,6,17,Subject819,random1,"2,13",52,0.8864468864468864,0.9038461538461539,0.019230769230769232,0.8715131022823331,0.8846153846153846,0.019230769230769232,0.8715131022823331,0.8846153846153846,0.019230769230769232,1.0,1.0,629875d-dirty
rf,6,17,Subject819,random2,"4,9",52,0.9035409035409037,0.9038461538461539,0.07692307692307693,0.8925518925518927,0.8846153846153846,0.09615384615384616,0.8925518925518927,0.8846153846153846,0.09615384615384616,1.0,1.0,629875d-dirty
rf,6,17,Subject819,squat_deadlift,"0,6",52,0.8778998778998779,0.9038461538461539,0.0,0.8778998778998779,0.9038461538461539,0.0,0.8629660937353244,0.8846153846153846,0.0,1.0,1.0,629875d-dirty
rf,6,17,Subject877,pushup_pushpress,"1,7",52,1.0,1.0,0.0,1.0,1.0,0.0,1.0,1.0,0.0,1.0,1.0,629875d-dirty
rf,6,17,Subject877,random1,"9,12",52,1.0,1.0,0.0,1.0,1.0,0.0,1.0,1.0,0.0,1.0,1.0,629875d-dirty
rf,6,17,Subject877,random2,"4,7",52,1.0,1.0,0.0,1.0,1.0,0.0,1.0,1.0,0.0,1.0,1.0,629875d-dirty
rf,6,17,Subject877,squat_deadlift,"0,6",52,1.0,1.0,0.0,1.0,1.0,0.0,1.0,1.0,0.0,1.0,1.0,629875d-dirty
rf,6,17,Subject890,pushup_pushpress,"1,7",26,0.958974358974359,0.9615384615384616,0.0,0.9230769230769231,0.9230769230769231,0.0,1.0,1.0,0.0,1.0,1.0,629875d-dirty
rf,6,17,Subject890,random1,"1,10",26,0.9743589743589743,0.9615384615384616,0.038461538461538464,0.8974358974358974,0.8846153846153846,0.11538461538461539,1.0,1.0,0.0,1.0,1.0,629875d-dirty
rf,6,17,Subject890,random2,"6,8",26,0.958974358974359,0.9615384615384616,0.0,0.8897435897435897,0.8846153846153846,0.0,1.0,1.0,0.0,1.0,1.0,629875d-dirty
rf,6,17,Subject890,squat_deadlift,"0,6",26,0.958974358974359,0.9615384615384616,0.0,0.8897435897435897,0.8846153846153846,0.0,1.0,1.0,0.0,1.0,1.0,629875d-dirty
rf,7,8,Subject353,pushup_pushpress,"1,7",52,0.8525252525252524,0.8846153846153846,0.0,0.8525252525252524,0.8846153846153846,0.0,0.8918414918414919,0.9038461538461539,0.0,0.625,0.75,629875d-dirty
rf,7,8,Subject353,random1,"0,4",52,0.9328671328671329,0.9423076923076923,0.0,0.9230769230769231,0.9230769230769231,0.019230769230769232,0.958974358974359,0.9615384615384616,0.0,0.25,0.375,629875d-dirty
rf,7,8,Subject353,random2,"6,8",52,0.8007172314864623,0.8269230769230769,0.019230769230769232,0.8007172314864623,0.8269230769230769,0.019230769230769232,0.8559440559440561,0.8653846153846154,0.0,1.0,1.0,629875d-dirty
rf,7,8,Subject353,squat_deadlift,"0,6",52,0.8986193293885602,0.9038461538461539,0.0,0.8986193293885602,0.9038461538461539,0.0,0.9230769230769231,0.9230769230769231,0.0,0.5,0.625,629875d-dirty
rf,7,8,Subject354,pushup_pushpress,"1,7",52,0.7915362415362416,0.8269230769230769,0.0,0.8107670107670107,0.8461538461538461,0.0,0.958974358974359,0.9615384615384616,0.0,1.0,1.0,629875d-dirty
rf,7,8,Subject354,random1,"9,14",52,0.7915362415362416,0.8269230769230769,0.0,0.8530747030747031,0.8653846153846154,0.0,0.958974358974359,0.9615384615384616,0.0,1.0,1.0,629875d-dirty
rf,7,8,Subject354,random2,"3,14",52,0.7915362415362416,0.8269230769230769,0.0,0.8176434676434676,0.8461538461538461,0.0,0.958974358974359,0.9615384615384616,0.0,1.0,1.0,629875d-dirty
rf,7,8,Subject354,squat_deadlift,"0,6",52,0.9133311133311134,0.9230769230769231,0.0,0.9394383394383395,0.9423076923076923,0.0,0.958974358974359,0.9615384615384616,0.0,0.375,1.0,629875d-dirty
rf,7,8,Subject455,pushup_pushpress,"1,7",52,0.8669108669108668,0.8846153846153846,0.019230769230769232,0.8717948717948717,0.8846153846153846,0.038461538461538464,1.0,1.0,0.0,1.0,1.0,629875d-dirty
rf,7,8,Subject455,random1,"2,12",52,0.8583638583638583,0.8846153846153846,0.0,0.9147741147741149,0.9038461538461539,0.057692307692307696,1.0,1.0,0.0,1.0,1.0,629875d-dirty
rf,7,8,Subject455,random2,"10,14",52,0.8583638583638583,0.8846153846153846,0.0,0.890842490842491,0.9038461538461539,0.0,1.0,1.0,0.0,1.0,1.0,629875d-dirty
rf,7,8,Subject455,squat_deadlift,"0,6",52,0.9804639804639805,0.9807692307692307,0.0,0.9804639804639805,0.9807692307692307,0.0,1.0,1.0,0.0,0.375,1.0,629875d-dirty
rf,7,8,Subject561,pushup_pushpress,"1,7",52,0.7458319458319458,0.7692307692307693,0.0,0.7485181485181485,0.7692307692307693,0.0,0.9804639804639805,0.9807692307692307,0.0,0.875,0.875,629875d-dirty
rf,7,8,Subject561,random1,"1,14",52,0.7275169275169275,0.75,0.0,0.7458541458541459,0.7692307692307693,0.0,0.960927960927961,0.9615384615384616,0.0,1.0,1.0,629875d-dirty
rf,7,8,Subject561,random2,"1,13",52,0.7946497946497946,0.8076923076923077,0.0,0.7946497946497946,0.8076923076923077,0.0,0.960927960927961,0.9615384615384616,0.0,0.625,1.0,629875d-dirty
rf,7,8,Subject561,squat_deadlift,"0,6",52,0.7570429570429571,0.75,0.07692307692307693,0.7570429570429571,0.75,0.07692307692307693,0.960927960927961,0.9615384615384616,0.0,1.0,1.0,629875d-dirty
rf,7,8,Subject729,pushup_pushpress,"1,7",52,0.9804639804639805,0.9807692307692307,0.0,0.960927960927961,0.9615384615384616,0.0,1.0,1.0,0.0,1.0,1.0,629875d-dirty
rf,7,8,Subject729,random1,"9,10",52,0.9804639804639805,0.9807692307692307,0.0,0.9548229548229549,0.9423076923076923,0.038461538461538464,1.0,1.0,0.0,1.0,1.0,629875d-dirty
rf,7,8,Subject729,random2,"0,3",52,1.0,1.0,0.0,0.9804639804639805,0.9807692307692307,0.0,1.0,1.0,0.0,0.875,1.0,629875d-dirty
rf,7,8,Subject729,squat_deadlift,"0,6",52,1.0,1.0,0.0,0.958974358974359,0.9615384615384616,0.0,1.0,1.0,0.0,0.875,1.0,629875d-dirty
rf,7,8,Subject819,pushup_pushpress,"1,7",52,0.9328671328671329,0.9423076923076923,0.0,0.9328671328671329,0.9423076923076923,0.0,0.958974358974359,0.9615384615384616,0.0,0.875,0.875,629875d-dirty
rf,7,8,Subject819,random1,"8,13",52,0.989010989010989,0.9807692307692307,0.019230769230769232,0.989010989010989,0.9807692307692307,0.019230769230769232,0.989010989010989,0.9807692307692307,0.019230769230769232,0.625,0.75,629875d-dirty
rf,7,8,Subject819,random2,"9,10",52,0.9133311133311134,0.9230769230769231,0.0,0.9133311133311134,0.9230769230769231,0.0,0.9394383394383395,0.9423076923076923,0.0,1.0,1.0,629875d-dirty
rf,7,8,Subject819,squat_deadlift,"0,6",52,0.9133311133311134,0.9230769230769231,0.0,0.9023421023421024,0.9038461538461539,0.019230769230769232,0.9394383394383394,0.9423076923076923,0.0,1.0,1.0,629875d-dirty
rf,7,17,Subject353,pushup_pushpress,"1,7",52,0.8114996114996115,0.8461538461538461,0.0,0.7995337995337995,0.8269230769230769,0.019230769230769232,0.8508158508158508,0.8653846153846154,0.0,0.625,0.75,629875d-dirty
rf,7,17,Subject353,random1,"0,4",52,0.8961538461538462,0.8846153846153846,0.057692307692307696,0.8961538461538462,0.8846153846153846,0.057692307692307696,0.9194139194139195,0.9038461538461539,0.057692307692307696,0.375,0.5,629875d-dirty
rf,7,17,Subject353,random2,"6,8",52,0.7653457653457653,0.7884615384615384,0.019230769230769232,0.7653457653457653,0.7884615384615384,0.019230769230769232,0.8187645687645688,0.8269230769230769,0.0,1.0,1.0,629875d-dirty
rf,7,17,Subject353,squat_deadlift,"0,6",52,0.8632478632478632,0.8653846153846154,0.0,0.8632478632478632,0.8653846153846154,0.0,0.8858974358974359,0.8846153846153846,0.0,0.5,0.625,629875d-dirty
rf,7,17,Subject354,pushup_pushpress,"1,7",52,0.960927960927961,0.9615384615384616,0.0,0.9413919413919415,0.9423076923076923,0.0,0.960927960927961,0.9615384615384616,0.0,1.0,1.0,629875d-dirty
rf,7,17,Subject354,random1,"9,14",52,0.960927960927961,0.9615384615384616,0.0,0.960927960927961,0.9615384615384616,0.0,0.960927960927961,0.9615384615384616,0.0,1.0,1.0,629875d-dirty
rf,7,17,Subject354,random2,"3,14",52,0.960927960927961,0.9615384615384616,0.0,0.9221611721611722,0.9230769230769231,0.0,0.960927960927961,0.9615384615384616,0.0,1.0,1.0,629875d-dirty
rf,7,17,Subject354,squat_deadlift,"0,6",52,0.9804639804639805,0.9807692307692307,0.0,0.9392551892551892,0.9423076923076923,0.0,0.9804639804639805,0.9807692307692307,0.0,0.875,0.875,629875d-dirty
rf,7,17,Subject455,pushup_pushpress,"1,7",52,0.9206349206349207,0.9230769230769231,0.0,0.9206349206349207,0.9230769230769231,0.0,1.0,1.0,0.0,1.0,1.0,629875d-dirty
rf,7,17,Subject455,random1,"2,12",52,0.9291819291819292,0.9230769230769231,0.019230769230769232,0.8913308913308915,0.8846153846153846,0.038461538461538464,1.0,1.0,0.0,1.0,1.0,629875d-dirty
rf,7,17,Subject455,random2,"10,14",52,0.9206349206349207,0.9230769230769231,0.0,0.8761904761904762,0.8846153846153846,0.0,1.0,1.0,0.0,1.0,1.0,629875d-dirty
rf,7,17,Subject455,squat_deadlift,"0,6",52,0.9743589743589743,0.9615384615384616,0.038461538461538464,0.9743589743589743,0.9615384615384616,0.038461538461538464,1.0,1.0,0.0,0.75,1.0,629875d-dirty
rf,7,17,Subject561,pushup_pushpress,"1,7",52,0.7614607614607617,0.7884615384615384,0.0,0.7614607614607617,0.7884615384615384,0.0,1.0,1.0,0.0,0.75,1.0,629875d-dirty
rf,7,17,Subject561,random1,"1,14",52,0.7272727272727273,0.75,0.0,0.703962703962704,0.7307692307692307,0.0,0.9804639804639805,0.9807692307692307,0.0,1.0,1.0,629875d-dirty
rf,7,17,Subject561,random2,"1,13",52,0.7944055944055943,0.8076923076923077,0.0,0.8161394161394162,0.8269230769230769,0.0,0.9804639804639805,0.9807692307692307,0.0,0.625,1.0,629875d-dirty
rf,7,17,Subject561,squat_deadlift,"0,6",52,0.7482517482517483,0.75,0.057692307692307696,0.7482517482517483,0.75,0.057692307692307696,0.9804639804639805,0.9807692307692307,0.0,1.0,1.0,629875d-dirty
rf,7,17,Subject729,pushup_pushpress,"1,7",52,0.9804639804639805,0.9807692307692307,0.0,0.9804639804639805,0.9807692307692307,0.0,1.0,1.0,0.0,1.0,1.0,629875d-dirty
rf,7,17,Subject729,random1,"9,10",52,0.9804639804639805,0.9807692307692307,0.0,0.9804639804639805,0.9807692307692307,0.0,1.0,1.0,0.0,1.0,1.0,629875d-dirty
rf,7,17,Subject729,random2,"0,3",52,1.0,1.0,0.0,1.0,1.0,0.0,1.0,1.0,0.0,0.875,1.0,629875d-dirty
rf,7,17,Subject729,squat_deadlift,"0,6",52,1.0,1.0,0.0,1.0,1.0,0.0,1.0,1.0,0.0,0.875,1.0,629875d-dirty
rf,7,17,Subject819,pushup_pushpress,"1,7",52,0.9328671328671329,0.9423076923076923,0.0,0.9328671328671329,0.9423076923076923,0.0,0.9328671328671329,0.9423076923076923,0.0,0.875,0.875,629875d-dirty
rf,7,17,Subject819,random1,"8,13",52,0.989010989010989,0.9807692307692307,0.019230769230769232,0.989010989010989,0.9807692307692307,0.019230769230769232,0.989010989010989,0.9807692307692307,0.019230769230769232,0.625,0.625,629875d-dirty
rf,7,17,Subject819,random2,"9,10",52,0.9133311133311134,0.9230769230769231,0.0,0.9133311133311134,0.9230769230769231,0.0,0.9133311133311134,0.9230769230769231,0.0,1.0,1.0,629875d-dirty
rf,7,17,Subject819,squat_deadlift,"0,6",52,0.9133311133311134,0.9230769230769231,0.0,0.9133311133311134,0.9230769230769231,0.0,0.9133311133311134,0.9230769230769231,0.0,1.0,1.0,629875d-dirty
rf,8,8,Subject352,pushup_pushpress,"1,7",26,0.7794871794871795,0.8076923076923077,0.0,0.8205128205128205,0.8461538461538461,0.0,0.958974358974359,0.9615384615384616,0.0,1.0,1.0,629875d-dirty
rf,8,8,Subject352,random1,"0,13",26,0.8051282051282052,0.8076923076923077,0.07692307692307693,0.8692307692307693,0.8846153846153846,0.038461538461538464,0.9743589743589743,0.9615384615384616,0.038461538461538464,1.0,1.0,629875d-dirty
rf,8,8,Subject352,random2,"3,13",26,0.7794871794871795,0.8076923076923077,0.0,0.8205128205128205,0.8461538461538461,0.0,0.958974358974359,0.9615384615384616,0.0,1.0,1.0,629875d-dirty
rf,8,8,Subject352,squat_deadlift,"0,6",26,0.8051282051282052,0.8076923076923077,0.07692307692307693,0.8435897435897436,0.8461538461538461,0.038461538461538464,0.9743589743589743,0.9615384615384616,0.038461538461538464,1.0,1.0,629875d-dirty
rf,8,8,Subject376,pushup_pushpress,"1,7",52,0.7728937728937729,0.8076923076923077,0.019230769230769232,0.7216117216117216,0.7307692307692307,0.15384615384615385,0.9355921855921856,0.9230769230769231,0.038461538461538464,0.5,1.0,629875d-dirty
rf,8,8,Subject376,random1,"3,14",52,0.6831501831501832,0.7307692307692307,0.0,0.6831501831501832,0.7307692307692307,0.0,0.8833943833943834,0.8846153846153846,0.0,1.0,1.0,629875d-dirty
rf,8,8,Subject376,random2,"0,14",52,0.6831501831501832,0.7307692307692307,0.0,0.6808877397112691,0.7307692307692307,0.0,0.8833943833943834,0.8846153846153846,0.0,1.0,1.0,629875d-dirty
rf,8,8,Subject376,squat_deadlift,"0,6",52,0.7087912087912088,0.7307692307692307,0.07692307692307693,0.7065287653522947,0.7307692307692307,0.07692307692307693,0.8919413919413919,0.8846153846153846,0.019230769230769232,1.0,1.0,629875d-dirty
rf,8,8,Subject494,pushup_pushpress,"1,7",52,0.5238317238317237,0.5576923076923077,0.11538461538461539,0.4884226884226883,0.5192307692307693,0.1346153846153846,0.9328671328671329,0.9423076923076923,0.0,1.0,1.0,629875d-dirty
rf,8,8,Subject494,random1,"7,9",52,0.5494727494727495,0.5576923076923077,0.19230769230769232,0.5722222222222222,0.5769230769230769,0.19230769230769232,0.9328671328671329,0.9423076923076923,0.0,1.0,1.0,629875d-dirty
rf,8,8,Subject494,random2,"3,11",52,0.5973137973137973,0.6346153846153846,0.057692307692307696,0.6161782661782661,0.6538461538461539,0.057692307692307696,0.9328671328671329,0.9423076923076923,0.0,0.5,1.0,629875d-dirty
rf,8,8,Subject494,squat_deadlift,"0,6",52,0.6088356088356087,0.6730769230769231,0.07692307692307693,0.664063714063714,0.7115384615384616,0.07692307692307693,0.9328671328671329,0.9423076923076923,0.0,0.25,0.875,629875d-dirty
rf,8,8,Subject561,pushup_pushpress,"1,7",52,0.6512820512820513,0.7307692307692307,0.0,0.6251748251748251,0.7115384615384616,0.0,0.958974358974359,0.9615384615384616,0.0,0.625,1.0,629875d-dirty
rf,8,8,Subject561,random1,"0,7",52,0.6923076923076923,0.7692307692307693,0.0,0.6923076923076923,0.7692307692307693,0.0,0.958974358974359,0.9615384615384616,0.0,0.375,1.0,629875d-dirty
rf,8,8,Subject561,random2,"3,13",52,0.7003663003663003,0.75,0.0,0.7003663003663003,0.75,0.0,0.958974358974359,0.9615384615384616,0.0,0.5,1.0,629875d-dirty
rf,8,8,Subject561,squat_deadlift,"0,6",52,0.6644688644688644,0.7115384615384616,0.07692307692307693,0.684981684981685,0.7307692307692307,0.07692307692307693,0.958974358974359,0.9615384615384616,0.0,0.75,1.0,629875d-dirty
rf,8,8,Subject571,pushup_pushpress,"1,7",26,0.7666666666666667,0.8076923076923077,0.0,0.8076923076923077,0.8461538461538461,0.0,1.0,1.0,0.0,1.0,1.0,629875d-dirty
rf,8,8,Subject571,random1,"4,9",26,0.8051282051282052,0.8076923076923077,0.15384615384615385,0.8051282051282052,0.8076923076923077,0.15384615384615385,1.0,1.0,0.0,1.0,1.0,629875d-dirty
rf,8,8,Subject571,random2,"3,5",26,0.7666666666666667,0.8076923076923077,0.0,0.7666666666666667,0.8076923076923077,0.0,1.0,1.0,0.0,1.0,1.0,629875d-dirty
rf,8,8,Subject571,squat_deadlift,"0,6",26,0.7666666666666667,0.8076923076923077,0.0,0.7666666666666667,0.8076923076923077,0.0,1.0,1.0,0.0,1.0,1.0,629875d-dirty
rf,8,8,Subject969,pushup_pushpress,"1,7",26,0.6897435897435897,0.7307692307692307,0.0,0.6897435897435897,0.7307692307692307,0.0,0.8974358974358974,0.9230769230769231,0.0,0.5,1.0,629875d-dirty
rf,8,8,Subject969,random1,"13,14",26,0.6051282051282051,0.6538461538461539,0.0,0.5384615384615384,0.6153846153846154,0.0,0.8644688644688644,0.8846153846153846,0.0,1.0,1.0,629875d-dirty
rf,8,8,Subject969,random2,"0,3",26,0.6820512820512821,0.7307692307692307,0.0,0.594871794871795,0.6153846153846154,0.11538461538461539,0.8644688644688644,0.8846153846153846,0.0,0.5,1.0,629875d-dirty
rf,8,8,Subject969,squat_deadlift,"0,6",26,0.6820512820512821,0.7307692307692307,0.0,0.6333333333333334,0.6538461538461539,0.07692307692307693,0.8644688644688644,0.8846153846153846,0.0,0.5,1.0,629875d-dirty
rf,8,17,Subject352,pushup_pushpress,"1,7",26,0.8205128205128205,0.8461538461538461,0.0,0.8205128205128205,0.8461538461538461,0.0,0.8974358974358974,0.9230769230769231,0.0,1.0,1.0,629875d-dirty
rf,8,17,Subject352,random1,"0,13",26,0.8461538461538461,0.8461538461538461,0.07692307692307693,0.8461538461538461,0.8461538461538461,0.07692307692307693,0.9230769230769231,0.9230769230769231,0.07692307692307693,1.0,1.0,629875d-dirty
rf,8,17,Subject352,random2,"3,13",26,0.8205128205128205,0.8461538461538461,0.0,0.8205128205128205,0.8461538461538461,0.0,0.8974358974358974,0.9230769230769231,0.0,1.0,1.0,629875d-dirty
rf,8,17,Subject352,squat_deadlift,"0,6",26,0.8461538461538461,0.8461538461538461,0.07692307692307693,0.8461538461538461,0.8461538461538461,0.07692307692307693,0.9230769230769231,0.9230769230769231,0.07692307692307693,1.0,1.0,629875d-dirty
rf,8,17,Subject376,pushup_pushpress,"1,7",52,0.9064713064713064,0.9038461538461539,0.019230769230769232,0.8637362637362638,0.8461538461538461,0.07692307692307693,0.989010989010989,0.9807692307692307,0.019230769230769232,0.625,1.0,629875d-dirty
rf,8,17,Subject376,random1,"3,14",52,0.8354312354312353,0.8461538461538461,0.0,0.856005106005106,0.8653846153846154,0.0,0.9615384615384616,0.9615384615384616,0.0,1.0,1.0,629875d-dirty
rf,8,17,Subject376,random2,"0,14",52,0.8354312354312353,0.8461538461538461,0.0,0.8386446886446886,0.8461538461538461,0.0,0.9615384615384616,0.9615384615384616,0.0,1.0,1.0,629875d-dirty
rf,8,17,Subject376,squat_deadlift,"0,6",52,0.8508158508158508,0.8461538461538461,0.038461538461538464,0.8325008325008324,0.8269230769230769,0.057692307692307696,0.9615384615384616,0.9615384615384616,0.0,1.0,1.0,629875d-dirty
rf,8,17,Subject494,pushup_pushpress,"1,7",52,0.5555555555555555,0.5961538461538461,0.17307692307692307,0.5555555555555555,0.5961538461538461,0.17307692307692307,0.958974358974359,0.9615384615384616,0.0,1.0,1.0,629875d-dirty
rf,8,17,Subject494,random1,"7,9",52,0.5811965811965811,0.5961538461538461,0.25,0.5397047397047398,0.5576923076923077,0.23076923076923078,0.958974358974359,0.9615384615384616,0.0,1.0,1.0,629875d-dirty
rf,8,17,Subject494,random2,"3,11",52,0.5404725992961287,0.5961538461538461,0.07692307692307693,0.5404725992961287,0.5961538461538461,0.07692307692307693,0.958974358974359,0.9615384615384616,0.0,1.0,1.0,629875d-dirty
rf,8,17,Subject494,squat_deadlift,"0,6",52,0.6764346764346765,0.7307692307692307,0.019230769230769232,0.6859209166901474,0.7307692307692307,0.019230769230769232,0.958974358974359,0.9615384615384616,0.0,0.125,1.0,629875d-dirty
rf,8,17,Subject561,pushup_pushpress,"1,7",52,0.7277389277389278,0.7884615384615384,0.0,0.7277389277389278,0.7884615384615384,0.0,0.958974358974359,0.9615384615384616,0.0,0.5,1.0,629875d-dirty
rf,8,17,Subject561,random1,"0,7",52,0.7277389277389278,0.7884615384615384,0.0,0.7277389277389278,0.7884615384615384,0.0,0.958974358974359,0.9615384615384616,0.0,0.5,1.0,629875d-dirty
rf,8,17,Subject561,random2,"3,13",52,0.7431235431235431,0.7884615384615384,0.0,0.7768231768231768,0.8076923076923077,0.0,0.9406593406593406,0.9423076923076923,0.0,0.5,1.0,629875d-dirty
rf,8,17,Subject561,squat_deadlift,"0,6",52,0.6615384615384615,0.7115384615384616,0.057692307692307696,0.6952380952380952,0.7307692307692307,0.057692307692307696,0.9406593406593406,0.9423076923076923,0.0,1.0,1.0,629875d-dirty
rf,8,17,Subject571,pushup_pushpress,"1,7",26,0.7666666666666667,0.8076923076923077,0.0,0.7666666666666667,0.8076923076923077,0.0,1.0,1.0,0.0,1.0,1.0,629875d-dirty
rf,8,17,Subject571,random1,"4,9",26,0.8051282051282052,0.8076923076923077,0.15384615384615385,0.8051282051282052,0.8076923076923077,0.15384615384615385,1.0,1.0,0.0,1.0,1.0,629875d-dirty
rf,8,17,Subject571,random2,"3,5",26,0.7666666666666667,0.8076923076923077,0.0,0.7051282051282051,0.7692307692307693,0.0,1.0,1.0,0.0,1.0,1.0,629875d-dirty
rf,8,17,Subject571,squat_deadlift,"0,6",26,0.7666666666666667,0.8076923076923077,0.0,0.7051282051282051,0.7692307692307693,0.0,1.0,1.0,0.0,1.0,1.0,629875d-dirty
rf,8,17,Subject969,pushup_pushpress,"1,7",26,0.658974358974359,0.6923076923076923,0.0,0.658974358974359,0.6923076923076923,0.0,0.8974358974358974,0.9230769230769231,0.0,0.5,0.75,629875d-dirty
rf,8,17,Subject969,random1,"13,14",26,0.5743589743589743,0.6153846153846154,0.0,0.5743589743589743,0.6153846153846154,0.0,0.8076923076923077,0.8461538461538461,0.0,1.0,1.0,629875d-dirty
rf,8,17,Subject969,random2,"0,3",26,0.6205128205128205,0.6538461538461539,0.07692307692307693,0.6205128205128205,0.6538461538461539,0.07692307692307693,0.8076923076923077,0.8461538461538461,0.0,0.75,1.0,629875d-dirty
rf,8,17,Subject969,squat_deadlift,"0,6",26,0.6205128205128205,0.6538461538461539,0.07692307692307693,0.6205128205128205,0.6538461538461539,0.07692307692307693,0.8076923076923077,0.8461538461538461,0.0,0.75,1.0,629875d-dirty
rf,9,8,Subject139,pushup_pushpress,"1,7",52,0.7871406371406373,0.8076923076923077,0.057692307692307696,0.8063714063714064,0.8269230769230769,0.057692307692307696,0.9538461538461539,0.9423076923076923,0.057692307692307696,1.0,1.0,629875d-dirty
rf,9,8,Subject139,random1,"12,14",52,0.7661616161616162,0.8076923076923077,0.0,0.7661616161616162,0.8076923076923077,0.0,0.9328671328671329,0.9423076923076923,0.0,1.0,1.0,629875d-dirty
rf,9,8,Subject139,random2,"3,13",52,0.8332944832944833,0.8653846153846154,0.0,0.8342102342102342,0.8653846153846154,0.0,1.0,1.0,0.0,0.625,0.625,629875d-dirty
rf,9,8,Subject139,squat_deadlift,"0,6",52,0.8876900876900877,0.8846153846153846,0.038461538461538464,0.8254190254190255,0.8269230769230769,0.07692307692307693,0.9328671328671329,0.9423076923076923,0.0,0.5,1.0,629875d-dirty
rf,9,8,Subject226,pushup_pushpress,"1,7",26,0.6871794871794871,0.7307692307692307,0.11538461538461539,0.6923076923076922,0.7307692307692307,0.11538461538461539,0.9487179487179487,0.9230769230769231,0.07692307692307693,1.0,1.0,629875d-dirty
rf,9,8,Subject226,random1,"0,8",26,0.7619047619047618,0.8076923076923077,0.0,0.7051282051282051,0.7692307692307693,0.0,0.9230769230769231,0.9230769230769231,0.0,0.5,1.0,629875d-dirty
rf,9,8,Subject226,random2,"1,14",26,0.6798534798534799,0.7307692307692307,0.07692307692307693,0.684981684981685,0.7307692307692307,0.07692307692307693,0.9230769230769229,0.9230769230769231,0.0,1.0,1.0,629875d-dirty
rf,9,8,Subject226,squat_deadlift,"0,6",26,0.7619047619047618,0.8076923076923077,0.0,0.7619047619047618,0.8076923076923077,0.0,0.9230769230769231,0.9230769230769231,0.0,0.5,1.0,629875d-dirty
rf,9,8,Subject424,pushup_pushpress,"1,7",52,0.7753357753357754,0.7884615384615384,0.11538461538461539,0.8107670107670107,0.8076923076923077,0.11538461538461539,0.8974358974358974,0.8846153846153846,0.11538461538461539,1.0,1.0,629875d-dirty
rf,9,8,Subject424,random1,"8,10",52,0.8625152625152624,0.8653846153846154,0.07692307692307693,0.841025641025641,0.8461538461538461,0.07692307692307693,0.958974358974359,0.9615384615384616,0.0,0.5,0.625,629875d-dirty
rf,9,8,Subject424,random2,"7,14",52,0.7753357753357754,0.7884615384615384,0.11538461538461539,0.7499611499611499,0.7692307692307693,0.11538461538461539,0.8974358974358974,0.8846153846153846,0.11538461538461539,1.0,1.0,629875d-dirty
rf,9,8,Subject424,squat_deadlift,"0,6",52,0.8534798534798534,0.8653846153846154,0.019230769230769232,0.8388278388278388,0.8461538461538461,0.038461538461538464,0.8644688644688644,0.8846153846153846,0.0,0.5,1.0,629875d-dirty
rf,9,8,Subject611,pushup_pushpress,"1,7",52,0.846153846153846,0.8461538461538461,0.07692307692307693,0.8962370962370964,0.8846153846153846,0.057692307692307696,0.989010989010989,0.9807692307692307,0.019230769230769232,1.0,1.0,629875d-dirty
rf,9,8,Subject611,random1,"3,7",52,0.846153846153846,0.8461538461538461,0.07692307692307693,0.846153846153846,0.8461538461538461,0.07692307692307693,0.989010989010989,0.9807692307692307,0.019230769230769232,1.0,1.0,629875d-dirty
rf,9,8,Subject611,random2,"7,9",52,0.846153846153846,0.8461538461538461,0.07692307692307693,0.9291819291819292,0.9038461538461539,0.07692307692307693,0.989010989010989,0.9807692307692307,0.019230769230769232,1.0,1.0,629875d-dirty
rf,9,8,Subject611,squat_deadlift,"0,6",52,0.846153846153846,0.8461538461538461,0.07692307692307693,0.846153846153846,0.8461538461538461,0.07692307692307693,0.9804639804639805,0.9807692307692307,0.0,1.0,1.0,629875d-dirty
rf,9,8,Subject819,pushup_pushpress,"1,7",52,0.9145299145299146,0.9230769230769231,0.0,0.9145299145299146,0.9230769230769231,0.0,0.9328671328671329,0.9423076923076923,0.0,0.875,0.875,629875d-dirty
rf,9,8,Subject819,random1,"8,10",52,0.9694749694749696,0.9615384615384616,0.019230769230769232,0.9804639804639805,0.9807692307692307,0.0,0.9804639804639805,0.9807692307692307,0.0,0.625,0.625,629875d-dirty
rf,9,8,Subject819,random2,"2,13",52,0.9035409035409037,0.9038461538461539,0.019230769230769232,0.9035409035409037,0.9038461538461539,0.019230769230769232,0.9218781218781219,0.9230769230769231,0.019230769230769232,1.0,1.0,629875d-dirty
rf,9,8,Subject819,squat_deadlift,"0,6",52,0.8949938949938951,0.9038461538461539,0.0,0.8949938949938951,0.9038461538461539,0.0,0.9133311133311134,0.9230769230769231,0.0,1.0,1.0,629875d-dirty
rf,9,8,Subject867,pushup_pushpress,"1,7",52,0.8576923076923078,0.8461538461538461,0.057692307692307696,0.8766178266178266,0.8653846153846154,0.057692307692307696,0.8961538461538462,0.8846153846153846,0.057692307692307696,1.0,1.0,629875d-dirty
rf,9,8,Subject867,random1,"4,9",52,0.8944055944055945,0.9038461538461539,0.0,0.8589743589743589,0.8846153846153846,0.0,0.9328671328671329,0.9423076923076923,0.0,0.625,0.625,629875d-dirty
rf,9,8,Subject867,random2,"2,9",52,0.8367132867132867,0.8461538461538461,0.0,0.8361027861027861,0.8461538461538461,0.0,0.8751748251748251,0.8846153846153846,0.0,1.0,1.0,629875d-dirty
rf,9,8,Subject867,squat_deadlift,"0,6",52,0.8641858141858142,0.8653846153846154,0.019230769230769232,0.8556388056388057,0.8653846153846154,0.0,0.8751748251748251,0.8846153846153846,0.0,0.875,1.0,629875d-dirty
rf,9,17,Subject139,pushup_pushpress,"1,7",52,0.9211233211233212,0.9230769230769231,0.0,0.9296703296703298,0.9230769230769231,0.019230769230769232,0.9804639804639805,0.9807692307692307,0.0,1.0,1.0,629875d-dirty
rf,9,17,Subject139,random1,"12,14",52,0.9394383394383394,0.9423076923076923,0.0,0.9003663003663005,0.9038461538461539,0.0,1.0,1.0,0.0,0.875,1.0,629875d-dirty
rf,9,17,Subject139,random2,"3,13",52,0.9211233211233213,0.9230769230769231,0.0,0.9211233211233212,0.9230769230769231,0.0,0.9804639804639805,0.9807692307692307,0.0,1.0,0.875,629875d-dirty
rf,9,17,Subject139,squat_deadlift,"0,6",52,0.9365079365079366,0.9230769230769231,0.038461538461538464,0.9450549450549451,0.9230769230769231,0.057692307692307696,0.9804639804639805,0.9807692307692307,0.0,1.0,1.0,629875d-dirty
rf,9,17,Subject226,pushup_pushpress,"1,7",26,0.782051282051282,0.8076923076923077,0.07692307692307693,0.7435897435897435,0.7692307692307693,0.11538461538461539,0.9487179487179487,0.9230769230769231,0.07692307692307693,1.0,1.0,629875d-dirty
rf,9,17,Subject226,random1,"0,8",26,0.8589743589743589,0.8846153846153846,0.0,0.8589743589743589,0.8846153846153846,0.0,0.9230769230769231,0.9230769230769231,0.0,0.5,1.0,629875d-dirty
rf,9,17,Subject226,random2,"1,14",26,0.7564102564102563,0.8076923076923077,0.0,0.7564102564102563,0.8076923076923077,0.0,0.9230769230769229,0.9230769230769231,0.0,1.0,1.0,629875d-dirty
rf,9,17,Subject226,squat_deadlift,"0,6",26,0.8589743589743589,0.8846153846153846,0.0,0.8589743589743589,0.8846153846153846,0.0,0.9230769230769231,0.9230769230769231,0.0,0.5,1.0,629875d-dirty
rf,9,17,Subject424,pushup_pushpress,"1,7",52,0.8107670107670107,0.8076923076923077,0.11538461538461539,0.8303030303030302,0.8269230769230769,0.11538461538461539,0.8974358974358974,0.8846153846153846,0.11538461538461539,1.0,1.0,629875d-dirty
rf,9,17,Subject424,random1,"8,10",52,0.8932844932844934,0.8846153846153846,0.057692307692307696,0.8735042735042735,0.8846153846153846,0.057692307692307696,0.958974358974359,0.9615384615384616,0.0,0.5,0.75,629875d-dirty
rf,9,17,Subject424,random2,"7,14",52,0.8193140193140193,0.8076923076923077,0.1346153846153846,0.8193140193140193,0.8076923076923077,0.1346153846153846,0.8974358974358974,0.8846153846153846,0.11538461538461539,1.0,1.0,629875d-dirty
rf,9,17,Subject424,squat_deadlift,"0,6",52,0.8449328449328449,0.8653846153846154,0.0,0.8644688644688644,0.8846153846153846,0.0,0.8644688644688644,0.8846153846153846,0.0,0.625,1.0,629875d-dirty
rf,9,17,Subject611,pushup_pushpress,"1,7",52,0.9438339438339439,0.9230769230769231,0.057692307692307696,0.9633699633699634,0.9423076923076923,0.057692307692307696,0.9694749694749696,0.9615384615384616,0.019230769230769232,1.0,1.0,629875d-dirty
rf,9,17,Subject611,random1,"3,7",52,0.9438339438339439,0.9230769230769231,0.057692307692307696,0.9438339438339439,0.9230769230769231,0.057692307692307696,0.9694749694749696,0.9615384615384616,0.019230769230769232,1.0,1.0,629875d-dirty
rf,9,17,Subject611,random2,"7,9",52,0.9438339438339439,0.9230769230769231,0.057692307692307696,0.9438339438339439,0.9230769230769231,0.057692307692307696,0.9694749694749696,0.9615384615384616,0.019230769230769232,1.0,1.0,629875d-dirty
rf,9,17,Subject611,squat_deadlift,"0,6",52,0.922854922854923,0.9230769230769231,0.0,0.9394383394383395,0.9423076923076923,0.0,0.9609279609279611,0.9615384615384616,0.0,1.0,1.0,629875d-dirty
rf,9,17,Subject819,pushup_pushpress,"1,7",52,0.9328671328671329,0.9423076923076923,0.0,0.9133311133311134,0.9230769230769231,0.0,0.9328671328671329,0.9423076923076923,0.0,0.875,0.875,629875d-dirty
rf,9,17,Subject819,random1,"8,10",52,0.9804639804639805,0.9807692307692307,0.0,0.9609279609279611,0.9615384615384616,0.0,0.9804639804639805,0.9807692307692307,0.0,0.625,0.625,629875d-dirty
rf,9,17,Subject819,random2,"2,13",52,0.9218781218781219,0.9230769230769231,0.019230769230769232,0.910889110889111,0.9038461538461539,0.038461538461538464,0.9218781218781219,0.9230769230769231,0.019230769230769232,1.0,1.0,629875d-dirty
rf,9,17,Subject819,squat_deadlift,"0,6",52,0.9133311133311134,0.9230769230769231,0.0,0.8937950937950938,0.9038461538461539,0.0,0.9133311133311134,0.9230769230769231,0.0,1.0,1.0,629875d-dirty
rf,9,17,Subject867,pushup_pushpress,"1,7",52,0.8034188034188035,0.8076923076923077,0.07692307692307693,0.7760683760683761,0.7884615384615384,0.07692307692307693,0.8881118881118881,0.9038461538461539,0.019230769230769232,1.0,1.0,629875d-dirty
rf,9,17,Subject867,random1,"4,9",52,0.8547008547008547,0.8846153846153846,0.0,0.8547008547008547,0.8846153846153846,0.0,0.9804639804639805,0.9807692307692307,0.0,0.5,0.5,629875d-dirty
rf,9,17,Subject867,random2,"2,9",52,0.7863247863247863,0.8076923076923077,0.019230769230769232,0.7863247863247863,0.8076923076923077,0.019230769230769232,0.8795648795648796,0.9038461538461539,0.0,1.0,1.0,629875d-dirty
rf,9,17,Subject867,squat_deadlift,"0,6",52,0.7863247863247863,0.8076923076923077,0.019230769230769232,0.7863247863247863,0.8076923076923077,0.019230769230769232,0.8795648795648796,0.9038461538461539,0.0,1.0,1.0,629875d-dirty
rf,10,8,Subject147,pushup_pushpress,"1,7",27,0.8333333333333333,0.8518518518518519,0.037037037037037035,0.8333333333333333,0.8518518518518519,0.037037037037037035,0.958974358974359,0.9629629629629629,0.0,1.0,1.0,629875d-dirty
rf,10,8,Subject147,random1,"1,13",27,0.8179487179487179,0.8518518518518519,0.0,0.8179487179487179,0.8518518518518519,0.0,0.958974358974359,0.9629629629629629,0.0,1.0,1.0,629875d-dirty
rf,10,8,Subject147,random2,"1,6",27,0.8179487179487179,0.8518518518518519,0.0,0.8179487179487179,0.8518518518518519,0.0,0.958974358974359,0.9629629629629629,0.0,1.0,1.0,629875d-dirty
rf,10,8,Subject147,squat_deadlift,"0,6",27,0.9205128205128206,0.9259259259259259,0.0,0.9205128205128206,0.9259259259259259,0.0,0.958974358974359,0.9629629629629629,0.0,0.5,1.0,629875d-dirty
rf,10,8,Subject353,pushup_pushpress,"1,7",52,0.7909867909867909,0.8076923076923077,0.0,0.7973970473970474,0.8076923076923077,0.019230769230769232,0.8642468642468641,0.8653846153846154,0.019230769230769232,0.625,0.875,629875d-dirty
rf,10,8,Subject353,random1,"2,8",52,0.764979464979465,0.7884615384615384,0.019230769230769232,0.7616451924144232,0.7884615384615384,0.019230769230769232,0.8726107226107226,0.8846153846153846,0.0,0.75,0.75,629875d-dirty
rf,10,8,Subject353,random2,"1,2",52,0.732012432012432,0.75,0.0,0.732012432012432,0.75,0.0,0.8381784881784882,0.8461538461538461,0.0,1.0,1.0,629875d-dirty
rf,10,8,Subject353,squat_deadlift,"0,6",52,0.8372405372405373,0.8269230769230769,0.038461538461538464,0.8372405372405373,0.8269230769230769,0.038461538461538464,0.9141025641025641,0.9038461538461539,0.038461538461538464,0.5,0.625,629875d-dirty
rf,10,8,Subject571,pushup_pushpress,"1,7",26,0.8512820512820514,0.8846153846153846,0.0,0.917948717948718,0.9230769230769231,0.0,1.0,1.0,0.0,1.0,1.0,629875d-dirty
rf,10,8,Subject571,random1,"4,11",26,0.8666666666666667,0.8846153846153846,0.038461538461538464,0.882051282051282,0.8846153846153846,0.07692307692307693,1.0,1.0,0.0,1.0,1.0,629875d-dirty
rf,10,8,Subject571,random2,"0,5",26,0.958974358974359,0.9615384615384616,0.0,1.0,1.0,0.0,1.0,1.0,0.0,0.5,1.0,629875d-dirty
rf,10,8,Subject571,squat_deadlift,"0,6",26,0.958974358974359,0.9615384615384616,0.0,1.0,1.0,0.0,1.0,1.0,0.0,0.5,1.0,629875d-dirty
rf,10,8,Subject580,pushup_pushpress,"1,7",78,0.7871427215318618,0.7948717948717948,0.02564102564102564,0.8170931632470093,0.8205128205128205,0.02564102564102564,0.9367043213197059,0.9230769230769231,0.038461538461538464,1.0,1.0,629875d-dirty
rf,10,8,Subject580,random1,"0,1",78,0.8365932709824112,0.8461538461538461,0.0,0.8365932709824112,0.8461538461538461,0.0,0.9213197059350905,0.9230769230769231,0.0,0.6666666666666666,1.0,629875d-dirty
rf,10,8,Subject580,random2,"1,12",78,0.7871427215318617,0.7948717948717948,0.02564102564102564,0.7827471171362573,0.7948717948717948,0.01282051282051282,0.9213197059350905,0.9230769230769231,0.0,1.0,1.0,629875d-dirty
rf,10,8,Subject580,squat_deadlift,"0,6",78,0.8469799431337891,0.8589743589743589,0.0,0.8579689541228002,0.8717948717948718,0.0,0.9342298726914111,0.9358974358974359,0.0,0.5833333333333334,0.9166666666666666,629875d-dirty
rf,10,8,Subject867,pushup_pushpress,"1,7",52,0.8163614163614163,0.8076923076923077,0.09615384615384616,0.8163614163614163,0.8076923076923077,0.07692307692307693,0.8961538461538462,0.8846153846153846,0.057692307692307696,1.0,1.0,629875d-dirty
rf,10,8,Subject867,random1,"6,10",52,0.9042735042735044,0.9038461538461539,0.038461538461538464,0.894017094017094,0.8846153846153846,0.057692307692307696,0.9538461538461539,0.9423076923076923,0.057692307692307696,0.375,0.625,629875d-dirty
rf,10,8,Subject867,random2,"5,7",52,0.8317460317460318,0.8076923076923077,0.1346153846153846,0.8317460317460318,0.8076923076923077,0.11538461538461539,0.8961538461538462,0.8846153846153846,0.057692307692307696,1.0,1.0,629875d-dirty
rf,10,8,Subject867,squat_deadlift,"0,6",52,0.8473372781065088,0.8653846153846154,0.0,0.8317460317460318,0.8461538461538461,0.0,0.8751748251748251,0.8846153846153846,0.0,0.625,1.0,629875d-dirty
rf,10,8,Subject877,pushup_pushpress,"1,7",52,0.8600288600288601,0.8846153846153846,0.0,0.8600288600288601,0.8846153846153846,0.0,0.8918414918414919,0.9038461538461539,0.0,1.0,1.0,629875d-dirty
rf,10,8,Subject877,random1,"7,9",52,0.8600288600288601,0.8846153846153846,0.0,0.8600288600288601,0.8846153846153846,0.0,0.8918414918414919,0.9038461538461539,0.0,1.0,1.0,629875d-dirty
rf,10,8,Subject877,random2,"5,7",52,0.8685758685758687,0.8846153846153846,0.019230769230769232,0.8360972360972361,0.8461538461538461,0.038461538461538464,0.8918414918414919,0.9038461538461539,0.0,1.0,1.0,629875d-dirty
rf,10,8,Subject877,squat_deadlift,"0,6",52,0.9230769230769231,0.9230769230769231,0.07692307692307693,0.9230769230769231,0.9230769230769231,0.07692307692307693,0.9538461538461539,0.9423076923076923,0.057692307692307696,0.75,0.875,629875d-dirty
rf,10,17,Subject147,pushup_pushpress,"1,7",27,0.9358974358974359,0.9259259259259259,0.037037037037037035,0.9358974358974359,0.9259259259259259,0.037037037037037035,0.9358974358974359,0.9259259259259259,0.037037037037037035,1.0,1.0,629875d-dirty
rf,10,17,Subject147,random1,"1,13",27,0.9205128205128206,0.9259259259259259,0.0,0.9205128205128206,0.9259259259259259,0.0,0.9205128205128206,0.9259259259259259,0.0,1.0,1.0,629875d-dirty
rf,10,17,Subject147,random2,"1,6",27,0.9205128205128206,0.9259259259259259,0.0,0.9205128205128206,0.9259259259259259,0.0,0.9205128205128206,0.9259259259259259,0.0,1.0,1.0,629875d-dirty
rf,10,17,Subject147,squat_deadlift,"0,6",27,0.9205128205128206,0.9259259259259259,0.0,0.9205128205128206,0.9259259259259259,0.0,0.9205128205128206,0.9259259259259259,0.0,1.0,1.0,629875d-dirty
rf,10,17,Subject353,pushup_pushpress,"1,7",52,0.8349428349428348,0.8653846153846154,0.0,0.8349428349428348,0.8653846153846154,0.0,0.8918414918414919,0.9038461538461539,0.0,0.625,0.75,629875d-dirty
rf,10,17,Subject353,random1,"2,8",52,0.7845154845154845,0.8076923076923077,0.019230769230769232,0.7845154845154845,0.8076923076923077,0.019230769230769232,0.8559440559440559,0.8653846153846154,0.0,1.0,1.0,629875d-dirty
rf,10,17,Subject353,random2,"1,2",52,0.775968475968476,0.8076923076923077,0.0,0.775968475968476,0.8076923076923077,0.0,0.8559440559440561,0.8653846153846154,0.0,1.0,1.0,629875d-dirty
rf,10,17,Subject353,squat_deadlift,"0,6",52,0.8824175824175824,0.8846153846153846,0.0,0.8986193293885602,0.9038461538461539,0.0,0.9230769230769231,0.9230769230769231,0.0,0.5,0.625,629875d-dirty
rf,10,17,Subject571,pushup_pushpress,"1,7",26,0.9230769230769231,0.9230769230769231,0.0,0.9230769230769231,0.9230769230769231,0.0,1.0,1.0,0.0,1.0,1.0,629875d-dirty
rf,10,17,Subject571,random1,"4,11",26,0.9487179487179487,0.9230769230769231,0.07692307692307693,0.9487179487179487,0.9230769230769231,0.07692307692307693,1.0,1.0,0.0,1.0,1.0,629875d-dirty
rf,10,17,Subject571,random2,"0,5",26,0.9230769230769231,0.9230769230769231,0.0,0.958974358974359,0.9615384615384616,0.0,1.0,1.0,0.0,1.0,1.0,629875d-dirty
rf,10,17,Subject571,squat_deadlift,"0,6",26,0.9230769230769231,0.9230769230769231,0.0,0.958974358974359,0.9615384615384616,0.0,1.0,1.0,0.0,1.0,1.0,629875d-dirty
rf,10,17,Subject580,pushup_pushpress,"1,7",78,0.8727661227661228,0.8717948717948718,0.01282051282051282,0.8727661227661228,0.8717948717948718,0.01282051282051282,0.9224045185583647,0.9230769230769231,0.01282051282051282,0.9166666666666666,0.9166666666666666,629875d-dirty
rf,10,17,Subject580,random1,"0,1",78,0.8567404817404817,0.8589743589743589,0.0,0.8610219845513962,0.8589743589743589,0.0,0.9061903405794808,0.9102564102564102,0.0,1.0,1.0,629875d-dirty
rf,10,17,Subject580,random2,"1,12",78,0.8567404817404817,0.8589743589743589,0.0,0.8793975255513716,0.8846153846153846,0.0,0.9061903405794808,0.9102564102564102,0.0,1.0,1.0,629875d-dirty
rf,10,17,Subject580,squat_deadlift,"0,6",78,0.8675796425796426,0.8717948717948718,0.0,0.8675796425796426,0.8717948717948718,0.0,0.9191005073358014,0.9230769230769231,0.0,0.9166666666666666,0.9166666666666666,629875d-dirty
rf,10,17,Subject867,pushup_pushpress,"1,7",52,0.8573870573870573,0.8461538461538461,0.07692307692307693,0.8573870573870573,0.8461538461538461,0.07692307692307693,0.8961538461538462,0.8846153846153846,0.057692307692307696,1.0,1.0,629875d-dirty
rf,10,17,Subject867,random1,"6,10",52,0.9343101343101343,0.9230769230769231,0.057692307692307696,0.9343101343101343,0.9230769230769231,0.057692307692307696,0.9538461538461539,0.9423076923076923,0.057692307692307696,0.5,0.75,629875d-dirty
rf,10,17,Subject867,random2,"5,7",52,0.8573870573870573,0.8461538461538461,0.07692307692307693,0.8381562881562881,0.8269230769230769,0.07692307692307693,0.8961538461538462,0.8846153846153846,0.057692307692307696,1.0,1.0,629875d-dirty
rf,10,17,Subject867,squat_deadlift,"0,6",52,0.8317460317460318,0.8461538461538461,0.0,0.8317460317460318,0.8461538461538461,0.0,0.8751748251748251,0.8846153846153846,0.0,1.0,1.0,629875d-dirty
rf,10,17,Subject877,pushup_pushpress,"1,7",52,0.9804639804639805,0.9807692307692307,0.0,0.9804639804639805,0.9807692307692307,0.0,0.9804639804639805,0.9807692307692307,0.0,1.0,1.0,629875d-dirty
rf,10,17,Subject877,random1,"7,9",52,0.9804639804639805,0.9807692307692307,0.0,0.9804639804639805,0.9807692307692307,0.0,0.9804639804639805,0.9807692307692307,0.0,1.0,1.0,629875d-dirty
rf,10,17,Subject877,random2,"5,7",52,0.9804639804639805,0.9807692307692307,0.0,0.9804639804639805,0.9807692307692307,0.0,0.9804639804639805,0.9807692307692307,0.0,1.0,1.0,629875d-dirty
rf,10,17,Subject877,squat_deadlift,"0,6",52,1.0,1.0,0.0,1.0,1.0,0.0,1.0,1.0,0.0,0.875,0.875,629875d-dirty
rf,11,8,Subject139,pushup_pushpress,"1,7",52,0.960927960927961,0.9615384615384616,0.0,0.9804639804639805,0.9807692307692307,0.0,1.0,1.0,0.0,1.0,1.0,629875d-dirty
rf,11,8,Subject139,random1,"1,10",52,0.960927960927961,0.9615384615384616,0.0,0.960927960927961,0.9615384615384616,0.0,1.0,1.0,0.0,1.0,1.0,629875d-dirty
rf,11,8,Subject139,random2,"3,11",52,0.9804639804639805,0.9807692307692307,0.0,0.9804639804639805,0.9807692307692307,0.0,1.0,1.0,0.0,0.875,1.0,629875d-dirty
rf,11,8,Subject139,squat_deadlift,"0,6",52,0.9780219780219781,0.9615384615384616,0.038461538461538464,0.9120879120879122,0.9038461538461539,0.09615384615384616,1.0,1.0,0.0,1.0,1.0,629875d-dirty
rf,11,8,Subject352,pushup_pushpress,"1,7",26,0.7794871794871795,0.8076923076923077,0.0,0.7794871794871795,0.8076923076923077,0.0,0.8564102564102564,0.8846153846153846,0.0,1.0,1.0,629875d-dirty
rf,11,8,Subject352,random1,"3,4",26,0.8205128205128205,0.8461538461538461,0.0,0.8205128205128205,0.8461538461538461,0.0,0.8974358974358974,0.9230769230769231,0.0,0.75,0.75,629875d-dirty
rf,11,8,Subject352,random2,"4,8",26,0.8205128205128205,0.8461538461538461,0.0,0.8205128205128205,0.8461538461538461,0.0,0.8974358974358974,0.9230769230769231,0.0,0.75,0.75,629875d-dirty
rf,11,8,Subject352,squat_deadlift,"0,6",26,0.8051282051282052,0.8076923076923077,0.07692307692307693,0.8051282051282052,0.8076923076923077,0.07692307692307693,0.882051282051282,0.8846153846153846,0.07692307692307693,1.0,1.0,629875d-dirty
rf,11,8,Subject354,pushup_pushpress,"1,7",52,0.7123543123543125,0.75,0.0,0.7978243978243977,0.8076923076923077,0.019230769230769232,0.9804639804639805,0.9807692307692307,0.0,1.0,1.0,629875d-dirty
rf,11,8,Subject354,random1,"3,7",52,0.7123543123543125,0.75,0.0,0.7152847152847154,0.75,0.019230769230769232,0.9804639804639805,0.9807692307692307,0.0,1.0,1.0,629875d-dirty
rf,11,8,Subject354,random2,"6,8",52,0.7636363636363636,0.7884615384615384,0.038461538461538464,0.7907203907203907,0.8076923076923077,0.057692307692307696,1.0,1.0,0.0,0.75,1.0,629875d-dirty
rf,11,8,Subject354,squat_deadlift,"0,6",52,0.769230769230769,0.7884615384615384,0.057692307692307696,0.8290598290598291,0.8269230769230769,0.057692307692307696,1.0,1.0,0.0,0.75,1.0,629875d-dirty
rf,11,8,Subject580,pushup_pushpress,"1,7",78,0.8374437026020736,0.8333333333333334,0.01282051282051282,0.8374437026020736,0.8333333333333334,0.01282051282051282,0.8786879786879787,0.8717948717948718,0.01282051282051282,0.9166666666666666,0.9166666666666666,629875d-dirty
rf,11,8,Subject580,random1,"6,8",78,0.8625144086682547,0.8589743589743589,0.01282051282051282,0.8625144086682547,0.8589743589743589,0.01282051282051282,0.89007659007659,0.8846153846153846,0.01282051282051282,0.75,0.75,629875d-dirty
rf,11,8,Subject580,random2,"3,4",78,0.8699163581516522,0.8589743589743589,0.02564102564102564,0.8699163581516522,0.8589743589743589,0.02564102564102564,0.903962703962704,0.8974358974358975,0.01282051282051282,0.75,0.75,629875d-dirty
rf,11,8,Subject580,squat_deadlift,"0,6",78,0.8438663900202362,0.8461538461538461,0.0,0.8438663900202362,0.8461538461538461,0.0,0.8743256743256743,0.8717948717948718,0.0,0.8333333333333334,0.8333333333333334,629875d-dirty
rf,11,8,Subject819,pushup_pushpress,"1,7",52,0.9299145299145299,0.9423076923076923,0.0,0.9299145299145299,0.9423076923076923,0.0,0.9397435897435897,0.9423076923076923,0.0,0.875,0.875,629875d-dirty
rf,11,8,Subject819,random1,"6,14",52,0.9103785103785105,0.9230769230769231,0.0,0.9103785103785105,0.9230769230769231,0.0,0.9202075702075703,0.9230769230769231,0.0,1.0,1.0,629875d-dirty
rf,11,8,Subject819,random2,"7,8",52,1.0,1.0,0.0,0.9804639804639805,0.9807692307692307,0.0,0.9804639804639805,0.9807692307692307,0.0,0.5,0.625,629875d-dirty
rf,11,8,Subject819,squat_deadlift,"0,6",52,0.9103785103785105,0.9230769230769231,0.0,0.9377289377289378,0.9423076923076923,0.0,0.9202075702075703,0.9230769230769231,0.0,1.0,1.0,629875d-dirty
rf,11,8,Subject867,pushup_pushpress,"1,7",52,0.8189255189255189,0.8076923076923077,0.07692307692307693,0.8189255189255189,0.8076923076923077,0.07692307692307693,0.9358974358974359,0.9230769230769231,0.038461538461538464,1.0,1.0,629875d-dirty
rf,11,8,Subject867,random1,"1,4",52,0.8394383394383395,0.8653846153846154,0.0,0.8394383394383395,0.8653846153846154,0.0,0.958974358974359,0.9615384615384616,0.0,0.625,0.75,629875d-dirty
rf,11,8,Subject867,random2,"1,6",52,0.8207570207570207,0.8269230769230769,0.019230769230769232,0.7992673992673992,0.8076923076923077,0.019230769230769232,0.9205128205128206,0.9230769230769231,0.0,0.875,1.0,629875d-dirty
rf,11,8,Subject867,squat_deadlift,"0,6",52,0.8402930402930403,0.8461538461538461,0.019230769230769232,0.8402930402930403,0.8461538461538461,0.019230769230769232,0.9205128205128206,0.9230769230769231,0.0,0.75,1.0,629875d-dirty
rf,11,17,Subject139,pushup_pushpress,"1,7",52,0.9406593406593408,0.9423076923076923,0.0,0.9101343101343102,0.9038461538461539,0.019230769230769232,0.9296703296703298,0.9230769230769231,0.019230769230769232,1.0,1.0,629875d-dirty
rf,11,17,Subject139,random1,"1,10",52,0.9406593406593408,0.9423076923076923,0.0,0.9015873015873017,0.9038461538461539,0.0,0.9211233211233213,0.9230769230769231,0.0,1.0,1.0,629875d-dirty
rf,11,17,Subject139,random2,"3,11",52,0.989010989010989,0.9807692307692307,0.019230769230769232,0.9694749694749696,0.9615384615384616,0.019230769230769232,0.9694749694749696,0.9615384615384616,0.019230769230769232,0.75,1.0,629875d-dirty
rf,11,17,Subject139,squat_deadlift,"0,6",52,0.9560439560439561,0.9423076923076923,0.038461538461538464,0.9010989010989012,0.8846153846153846,0.09615384615384616,0.9365079365079366,0.9230769230769231,0.038461538461538464,1.0,1.0,629875d-dirty
rf,11,17,Subject352,pushup_pushpress,"1,7",26,0.7794871794871795,0.8076923076923077,0.0,0.7794871794871795,0.8076923076923077,0.0,0.8564102564102564,0.8846153846153846,0.0,1.0,1.0,629875d-dirty
rf,11,17,Subject352,random1,"3,4",26,0.8205128205128205,0.8461538461538461,0.0,0.8205128205128205,0.8461538461538461,0.0,0.8974358974358974,0.9230769230769231,0.0,0.75,0.75,629875d-dirty
rf,11,17,Subject352,random2,"4,8",26,0.8205128205128205,0.8461538461538461,0.0,0.8205128205128205,0.8461538461538461,0.0,0.8974358974358974,0.9230769230769231,0.0,0.75,0.75,629875d-dirty
rf,11,17,Subject352,squat_deadlift,"0,6",26,0.8051282051282052,0.8076923076923077,0.07692307692307693,0.8051282051282052,0.8076923076923077,0.07692307692307693,0.882051282051282,0.8846153846153846,0.07692307692307693,1.0,1.0,629875d-dirty
rf,11,17,Subject354,pushup_pushpress,"1,7",52,0.9658119658119658,0.9615384615384616,0.019230769230769232,0.9804639804639805,0.9807692307692307,0.0,0.9804639804639805,0.9807692307692307,0.0,1.0,1.0,629875d-dirty
rf,11,17,Subject354,random1,"3,7",52,0.9658119658119658,0.9615384615384616,0.019230769230769232,0.9804639804639805,0.9807692307692307,0.0,0.9804639804639805,0.9807692307692307,0.0,1.0,1.0,629875d-dirty
rf,11,17,Subject354,random2,"6,8",52,0.9572649572649573,0.9615384615384616,0.0,0.9804639804639805,0.9807692307692307,0.0,0.9804639804639805,0.9807692307692307,0.0,1.0,1.0,629875d-dirty
rf,11,17,Subject354,squat_deadlift,"0,6",52,0.9572649572649573,0.9615384615384616,0.0,0.9615384615384616,0.9615384615384616,0.0,0.9804639804639805,0.9807692307692307,0.0,1.0,1.0,629875d-dirty
rf,11,17,Subject580,pushup_pushpress,"1,7",78,0.893738739892586,0.8974358974358975,0.0,0.8916352877891339,0.8974358974358975,0.0,0.9069459951812894,0.9102564102564102,0.0,0.9166666666666666,0.9166666666666666,629875d-dirty
rf,11,17,Subject580,random1,"6,8",78,0.9085156296694759,0.9102564102564102,0.0,0.9085156296694759,0.9102564102564102,0.0,0.9190108533999937,0.9230769230769231,0.0,0.8333333333333334,0.75,629875d-dirty
rf,11,17,Subject580,random2,"3,4",78,0.9423012884551347,0.9358974358974359,0.01282051282051282,0.929514075667922,0.9230769230769231,0.01282051282051282,0.9500499500499502,0.9487179487179487,0.0,0.6666666666666666,0.6666666666666666,629875d-dirty
rf,11,17,Subject580,squat_deadlift,"0,6",78,0.9015226226764688,0.8974358974358975,0.01282051282051282,0.9015226226764688,0.8974358974358975,0.01282051282051282,0.9090012551551013,0.9102564102564102,0.0,0.9166666666666666,0.8333333333333334,629875d-dirty
rf,11,17,Subject819,pushup_pushpress,"1,7",52,0.9328671328671329,0.9423076923076923,0.0,0.9328671328671329,0.9423076923076923,0.0,0.9328671328671329,0.9423076923076923,0.0,0.875,0.875,629875d-dirty
rf,11,17,Subject819,random1,"6,14",52,0.9133311133311134,0.9230769230769231,0.0,0.9394383394383394,0.9423076923076923,0.0,0.9133311133311134,0.9230769230769231,0.0,1.0,1.0,629875d-dirty
rf,11,17,Subject819,random2,"7,8",52,1.0,1.0,0.0,1.0,1.0,0.0,1.0,1.0,0.0,0.5,0.5,629875d-dirty
rf,11,17,Subject819,squat_deadlift,"0,6",52,0.9133311133311134,0.9230769230769231,0.0,0.9133311133311134,0.9230769230769231,0.0,0.9133311133311134,0.9230769230769231,0.0,1.0,1.0,629875d-dirty
rf,11,17,Subject867,pushup_pushpress,"1,7",52,0.8205128205128206,0.8269230769230769,0.057692307692307696,0.8205128205128206,0.8269230769230769,0.057692307692307696,0.8881118881118881,0.9038461538461539,0.019230769230769232,1.0,1.0,629875d-dirty
rf,11,17,Subject867,random1,"1,4",52,0.8901320901320902,0.9038461538461539,0.0,0.8547008547008547,0.8846153846153846,0.0,0.9804639804639805,0.9807692307692307,0.0,0.5,0.625,629875d-dirty
rf,11,17,Subject867,random2,"1,6",52,0.8080808080808081,0.8269230769230769,0.019230769230769232,0.8080808080808081,0.8269230769230769,0.019230769230769232,0.8795648795648796,0.9038461538461539,0.0,1.0,1.0,629875d-dirty
rf,11,17,Subject867,squat_deadlift,"0,6",52,0.8080808080808081,0.8269230769230769,0.019230769230769232,0.7863247863247863,0.8076923076923077,0.019230769230769232,0.8795648795648796,0.9038461538461539,0.0,1.0,1.0,629875d-dirty
rf,12,8,Subject424,pushup_pushpress,"1,7",52,0.7653235653235654,0.7884615384615384,0.09615384615384616,0.7506715506715508,0.7692307692307693,0.11538461538461539,0.9120879120879122,0.9038461538461539,0.09615384615384616,0.75,1.0,629875d-dirty
rf,12,8,Subject424,random1,"3,13",52,0.7017205017205017,0.75,0.0,0.7173100403869633,0.75,0.038461538461538464,0.8825021132713441,0.9038461538461539,0.0,1.0,1.0,629875d-dirty
rf,12,8,Subject424,random2,"6,7",52,0.7653235653235654,0.7884615384615384,0.09615384615384616,0.7653235653235654,0.7884615384615384,0.09615384615384616,0.9120879120879122,0.9038461538461539,0.09615384615384616,0.75,1.0,629875d-dirty
rf,12,8,Subject424,squat_deadlift,"0,6",52,0.8094128094128094,0.8269230769230769,0.0,0.8096177326946558,0.8269230769230769,0.0,0.8825021132713441,0.9038461538461539,0.0,0.5,1.0,629875d-dirty
rf,12,8,Subject611,pushup_pushpress,"1,7",52,0.8974358974358974,0.8846153846153846,0.11538461538461539,0.8974358974358974,0.8846153846153846,0.11538461538461539,0.989010989010989,0.9807692307692307,0.019230769230769232,1.0,1.0,629875d-dirty
rf,12,8,Subject611,random1,"1,4",52,0.8644688644688644,0.8846153846153846,0.0,0.8644688644688644,0.8846153846153846,0.0,0.9804639804639805,0.9807692307692307,0.0,1.0,1.0,629875d-dirty
rf,12,8,Subject611,random2,"10,11",52,0.8974358974358974,0.9230769230769231,0.0,0.8974358974358974,0.9230769230769231,0.0,1.0,1.0,0.0,0.75,0.875,629875d-dirty
rf,12,8,Subject611,squat_deadlift,"0,6",52,0.8644688644688644,0.8846153846153846,0.0,0.8644688644688644,0.8846153846153846,0.0,0.9804639804639805,0.9807692307692307,0.0,1.0,1.0,629875d-dirty
rf,12,8,Subject731,pushup_pushpress,"1,7",26,0.8051282051282052,0.8076923076923077,0.038461538461538464,0.6923076923076922,0.7307692307692307,0.038461538461538464,0.958974358974359,0.9615384615384616,0.0,1.0,1.0,629875d-dirty
rf,12,8,Subject731,random1,"0,2",26,0.8307692307692308,0.8461538461538461,0.0,0.8307692307692308,0.8461538461538461,0.0,0.958974358974359,0.9615384615384616,0.0,0.75,1.0,629875d-dirty
rf,12,8,Subject731,random2,"4,10",26,0.9333333333333333,0.9230769230769231,0.038461538461538464,0.8205128205128205,0.8461538461538461,0.07692307692307693,1.0,1.0,0.0,0.25,0.75,629875d-dirty
rf,12,8,Subject731,squat_deadlift,"0,6",26,0.8307692307692308,0.8461538461538461,0.0,0.7692307692307693,0.8076923076923077,0.0,0.958974358974359,0.9615384615384616,0.0,0.75,1.0,629875d-dirty
rf,12,8,Subject867,pushup_pushpress,"1,7",52,0.8381562881562881,0.8269230769230769,0.07692307692307693,0.8175824175824176,0.8076923076923077,0.07692307692307693,0.9111111111111112,0.9038461538461539,0.038461538461538464,1.0,1.0,629875d-dirty
rf,12,8,Subject867,random1,"10,11",52,0.9428571428571428,0.9230769230769231,0.07692307692307693,0.9428571428571428,0.9230769230769231,0.07692307692307693,0.9538461538461539,0.9423076923076923,0.057692307692307696,0.375,0.75,629875d-dirty
rf,12,8,Subject867,random2,"4,5",52,0.8586691086691087,0.8846153846153846,0.0,0.8564102564102564,0.8846153846153846,0.0,0.958974358974359,0.9615384615384616,0.0,0.625,0.625,629875d-dirty
rf,12,8,Subject867,squat_deadlift,"0,6",52,0.8317460317460318,0.8461538461538461,0.0,0.8102564102564104,0.8269230769230769,0.0,0.8957264957264957,0.9038461538461539,0.0,0.875,1.0,629875d-dirty
rf,12,8,Subject890,pushup_pushpress,"1,7",26,0.8974358974358976,0.9230769230769231,0.0,0.8769230769230769,0.8846153846153846,0.038461538461538464,0.8974358974358976,0.9230769230769231,0.0,1.0,1.0,629875d-dirty
rf,12,8,Subject890,random1,"7,11",26,0.8974358974358974,0.9230769230769231,0.0,0.8769230769230769,0.8846153846153846,0.038461538461538464,0.8974358974358974,0.9230769230769231,0.0,1.0,1.0,629875d-dirty
rf,12,8,Subject890,random2,"10,12",26,0.9230769230769231,0.9230769230769231,0.07692307692307693,0.9230769230769231,0.9230769230769231,0.07692307692307693,0.9230769230769231,0.9230769230769231,0.07692307692307693,1.0,1.0,629875d-dirty
rf,12,8,Subject890,squat_deadlift,"0,6",26,0.8974358974358976,0.9230769230769231,0.0,0.8615384615384615,0.8846153846153846,0.0,0.8974358974358976,0.9230769230769231,0.0,1.0,1.0,629875d-dirty
rf,12,8,Subject969,pushup_pushpress,"1,7",26,0.7670329670329671,0.8076923076923077,0.0,0.7670329670329671,0.8076923076923077,0.0,0.8974358974358974,0.9230769230769231,0.0,0.75,1.0,629875d-dirty
rf,12,8,Subject969,random1,"2,12",26,0.7358974358974358,0.7692307692307693,0.0,0.761904761904762,0.8076923076923077,0.0,0.8974358974358974,0.9230769230769231,0.0,1.0,1.0,629875d-dirty
rf,12,8,Subject969,random2,"2,4",26,0.7743589743589744,0.7692307692307693,0.15384615384615385,0.7230769230769231,0.7307692307692307,0.19230769230769232,0.9230769230769231,0.9230769230769231,0.07692307692307693,1.0,1.0,629875d-dirty
rf,12,8,Subject969,squat_deadlift,"0,6",26,0.8333333333333333,0.8461538461538461,0.0,0.8333333333333333,0.8461538461538461,0.0,0.8974358974358974,0.9230769230769231,0.0,0.5,1.0,629875d-dirty
rf,12,17,Subject424,pushup_pushpress,"1,7",52,0.790986790986791,0.8076923076923077,0.11538461538461539,0.8564102564102564,0.8461538461538461,0.11538461538461539,0.9282051282051282,0.9038461538461539,0.09615384615384616,1.0,1.0,629875d-dirty
rf,12,17,Subject424,random1,"3,13",52,0.7665667665667666,0.8076923076923077,0.019230769230769232,0.8234432234432234,0.8461538461538461,0.0,0.8986193293885602,0.9038461538461539,0.0,1.0,1.0,629875d-dirty
rf,12,17,Subject424,random2,"6,7",52,0.790986790986791,0.8076923076923077,0.11538461538461539,0.8303030303030302,0.8269230769230769,0.11538461538461539,0.9282051282051282,0.9038461538461539,0.09615384615384616,1.0,1.0,629875d-dirty
rf,12,17,Subject424,squat_deadlift,"0,6",52,0.8644688644688644,0.8846153846153846,0.0,0.8644688644688644,0.8846153846153846,0.0,0.8986193293885603,0.9038461538461539,0.0,0.5,1.0,629875d-dirty
rf,12,17,Subject611,pushup_pushpress,"1,7",52,0.9633699633699634,0.9423076923076923,0.057692307692307696,0.9633699633699634,0.9423076923076923,0.057692307692307696,0.989010989010989,0.9807692307692307,0.019230769230769232,1.0,1.0,629875d-dirty
rf,12,17,Subject611,random1,"1,4",52,0.9423909423909425,0.9423076923076923,0.0,0.9423909423909425,0.9423076923076923,0.0,0.9804639804639805,0.9807692307692307,0.0,1.0,1.0,629875d-dirty
rf,12,17,Subject611,random2,"10,11",52,0.9804639804639805,0.9807692307692307,0.0,0.9804639804639805,0.9807692307692307,0.0,1.0,1.0,0.0,0.75,0.875,629875d-dirty
rf,12,17,Subject611,squat_deadlift,"0,6",52,0.9423909423909425,0.9423076923076923,0.0,0.9230769230769229,0.9230769230769231,0.0,0.9804639804639805,0.9807692307692307,0.0,1.0,1.0,629875d-dirty
rf,12,17,Subject731,pushup_pushpress,"1,7",26,0.7721611721611722,0.8076923076923077,0.0,0.7794871794871795,0.8076923076923077,0.038461538461538464,1.0,1.0,0.0,1.0,1.0,629875d-dirty
rf,12,17,Subject731,random1,"0,2",26,0.8131868131868132,0.8461538461538461,0.0,0.8131868131868132,0.8461538461538461,0.0,1.0,1.0,0.0,0.75,1.0,629875d-dirty
rf,12,17,Subject731,random2,"4,10",26,0.882051282051282,0.8846153846153846,0.07692307692307693,0.882051282051282,0.8846153846153846,0.07692307692307693,1.0,1.0,0.0,0.5,1.0,629875d-dirty
rf,12,17,Subject731,squat_deadlift,"0,6",26,0.8131868131868132,0.8461538461538461,0.0,0.8131868131868132,0.8461538461538461,0.0,1.0,1.0,0.0,0.75,1.0,629875d-dirty
rf,12,17,Subject867,pushup_pushpress,"1,7",52,0.8266178266178267,0.8269230769230769,0.07692307692307693,0.8266178266178267,0.8269230769230769,0.07692307692307693,0.8632478632478632,0.8653846153846154,0.057692307692307696,1.0,1.0,629875d-dirty
rf,12,17,Subject867,random1,"10,11",52,0.9230769230769231,0.9230769230769231,0.07692307692307693,0.9230769230769231,0.9230769230769231,0.07692307692307693,0.9230769230769231,0.9230769230769231,0.07692307692307693,0.375,0.5,629875d-dirty
rf,12,17,Subject867,random2,"4,5",52,0.8778998778998779,0.9038461538461539,0.0,0.8778998778998779,0.9038461538461539,0.0,0.9328671328671329,0.9423076923076923,0.0,0.5,0.5,629875d-dirty
rf,12,17,Subject867,squat_deadlift,"0,6",52,0.8009768009768009,0.8269230769230769,0.0,0.8009768009768009,0.8269230769230769,0.0,0.8422688422688422,0.8653846153846154,0.0,1.0,1.0,629875d-dirty
rf,12,17,Subject890,pushup_pushpress,"1,7",26,0.8769230769230769,0.8846153846153846,0.038461538461538464,0.8769230769230769,0.8846153846153846,0.038461538461538464,1.0,1.0,0.0,1.0,1.0,629875d-dirty
rf,12,17,Subject890,random1,"7,11",26,0.8769230769230769,0.8846153846153846,0.038461538461538464,0.8769230769230769,0.8846153846153846,0.038461538461538464,1.0,1.0,0.0,1.0,1.0,629875d-dirty
rf,12,17,Subject890,random2,"10,12",26,0.9230769230769231,0.9230769230769231,0.07692307692307693,0.9230769230769231,0.9230769230769231,0.07692307692307693,1.0,1.0,0.0,0.75,1.0,629875d-dirty
rf,12,17,Subject890,squat_deadlift,"0,6",26,0.8615384615384615,0.8846153846153846,0.0,0.8974358974358976,0.9230769230769231,0.0,1.0,1.0,0.0,1.0,1.0,629875d-dirty
rf,12,17,Subject969,pushup_pushpress,"1,7",26,0.7413919413919413,0.7692307692307693,0.0,0.7051282051282051,0.7307692307692307,0.0,0.8974358974358974,0.9230769230769231,0.0,0.5,1.0,629875d-dirty
rf,12,17,Subject969,random1,"2,12",26,0.6803418803418804,0.7307692307692307,0.0,0.6803418803418804,0.7307692307692307,0.0,0.8644688644688644,0.8846153846153846,0.0,0.75,1.0,629875d-dirty
rf,12,17,Subject969,random2,"2,4",26,0.7230769230769231,0.7307692307692307,0.19230769230769232,0.7230769230769231,0.7307692307692307,0.19230769230769232,0.8974358974358974,0.8846153846153846,0.11538461538461539,0.75,1.0,629875d-dirty
rf,12,17,Subject969,squat_deadlift,"0,6",26,0.752136752136752,0.7692307692307693,0.038461538461538464,0.7230769230769231,0.7692307692307693,0.0,0.8644688644688644,0.8846153846153846,0.0,0.5,1.0,629875d-dirty
rf,13,8,Subject139,pushup_pushpress,"1,7",52,0.7611721611721612,0.7884615384615384,0.07692307692307693,0.7817460317460317,0.8076923076923077,0.07692307692307693,0.9230769230769231,0.9230769230769231,0.07692307692307693,1.0,1.0,629875d-dirty
rf,13,8,Subject139,random1,"0,9",52,0.7355311355311355,0.7884615384615384,0.0,0.7414529914529915,0.7884615384615384,0.019230769230769232,0.8974358974358974,0.9230769230769231,0.0,1.0,1.0,629875d-dirty
rf,13,8,Subject139,random2,"6,13",52,0.8637362637362638,0.8653846153846154,0.07692307692307693,0.8843101343101344,0.8846153846153846,0.07692307692307693,1.0,1.0,0.0,0.5,0.5,629875d-dirty
rf,13,8,Subject139,squat_deadlift,"0,6",52,0.7611721611721612,0.7884615384615384,0.07692307692307693,0.7817460317460317,0.8076923076923077,0.07692307692307693,0.8974358974358974,0.9230769230769231,0.0,1.0,1.0,629875d-dirty
rf,13,8,Subject226,pushup_pushpress,"1,7",26,0.7641025641025642,0.8076923076923077,0.038461538461538464,0.7025641025641025,0.7307692307692307,0.15384615384615385,0.9743589743589743,0.9615384615384616,0.038461538461538464,1.0,1.0,629875d-dirty
rf,13,8,Subject226,random1,"2,3",26,0.7487179487179488,0.8076923076923077,0.0,0.7897435897435897,0.8461538461538461,0.0,0.958974358974359,0.9615384615384616,0.0,1.0,1.0,629875d-dirty
rf,13,8,Subject226,random2,"6,10",26,0.7641025641025642,0.8076923076923077,0.038461538461538464,0.7794871794871795,0.8076923076923077,0.07692307692307693,0.958974358974359,0.9615384615384616,0.0,1.0,1.0,629875d-dirty
rf,13,8,Subject226,squat_deadlift,"0,6",26,0.8512820512820513,0.8846153846153846,0.0,0.8512820512820513,0.8846153846153846,0.0,0.958974358974359,0.9615384615384616,0.0,0.5,1.0,629875d-dirty
rf,13,8,Subject353,pushup_pushpress,"1,7",52,0.855089355089355,0.8846153846153846,0.0,0.8740148740148741,0.9038461538461539,0.0,0.9133311133311134,0.9230769230769231,0.0,0.5,0.875,629875d-dirty
rf,13,8,Subject353,random1,"2,14",52,0.7589355089355089,0.8076923076923077,0.0,0.7645239376008608,0.8076923076923077,0.0,0.8955044955044955,0.9038461538461539,0.0,1.0,1.0,629875d-dirty
rf,13,8,Subject353,random2,"7,10",52,0.8825618825618826,0.9038461538461539,0.019230769230769232,0.8911088911088911,0.9038461538461539,0.038461538461538464,0.9218781218781219,0.9230769230769231,0.019230769230769232,0.375,0.875,629875d-dirty
rf,13,8,Subject353,squat_deadlift,"0,6",52,0.8653846153846154,0.8846153846153846,0.0,0.845848595848596,0.8653846153846154,0.0,0.9626373626373627,0.9615384615384616,0.0,0.5,0.75,629875d-dirty
rf,13,8,Subject571,pushup_pushpress,"1,7",26,0.8644688644688644,0.8846153846153846,0.0,0.8717948717948717,0.8846153846153846,0.038461538461538464,1.0,1.0,0.0,1.0,1.0,629875d-dirty
rf,13,8,Subject571,random1,"7,13",26,0.8644688644688644,0.8846153846153846,0.0,0.958974358974359,0.9615384615384616,0.0,0.958974358974359,0.9615384615384616,0.0,1.0,1.0,629875d-dirty
rf,13,8,Subject571,random2,"5,11",26,0.8644688644688644,0.8846153846153846,0.0,0.8974358974358974,0.9230769230769231,0.0,0.958974358974359,0.9615384615384616,0.0,1.0,1.0,629875d-dirty
rf,13,8,Subject571,squat_deadlift,"0,6",26,0.8644688644688644,0.8846153846153846,0.0,0.8644688644688644,0.8846153846153846,0.0,0.958974358974359,0.9615384615384616,0.0,1.0,1.0,629875d-dirty
rf,13,8,Subject741,pushup_pushpress,"1,7",52,0.8197802197802198,0.8461538461538461,0.0,0.8002442002442003,0.8269230769230769,0.0,0.9053724053724055,0.9038461538461539,0.0,1.0,1.0,629875d-dirty
rf,13,8,Subject741,random1,"9,14",52,0.8197802197802199,0.8461538461538461,0.0,0.8573870573870574,0.8653846153846154,0.0,0.9053724053724055,0.9038461538461539,0.0,1.0,1.0,629875d-dirty
rf,13,8,Subject741,random2,"13,14",52,0.9218559218559219,0.9230769230769231,0.0,0.9218559218559219,0.9230769230769231,0.0,0.9218559218559219,0.9230769230769231,0.0,0.5,1.0,629875d-dirty
rf,13,8,Subject741,squat_deadlift,"0,6",52,0.8197802197802198,0.8461538461538461,0.0,0.8197802197802198,0.8461538461538461,0.0,0.9053724053724055,0.9038461538461539,0.0,1.0,1.0,629875d-dirty
rf,13,8,Subject819,pushup_pushpress,"1,7",52,0.7721611721611722,0.8076923076923077,0.038461538461538464,0.7695595003287311,0.8076923076923077,0.038461538461538464,0.8644688644688644,0.8846153846153846,0.0,1.0,1.0,629875d-dirty
rf,13,8,Subject819,random1,"5,8",52,0.8666666666666666,0.8846153846153846,0.038461538461538464,0.8593406593406593,0.8846153846153846,0.019230769230769232,0.9394383394383395,0.9423076923076923,0.0,0.5,0.5,629875d-dirty
rf,13,8,Subject819,random2,"7,13",52,0.8644688644688644,0.8846153846153846,0.0,0.8644688644688644,0.8846153846153846,0.0,0.8644688644688644,0.8846153846153846,0.0,0.5,0.875,629875d-dirty
rf,13,8,Subject819,squat_deadlift,"0,6",52,0.7567765567765569,0.8076923076923077,0.0,0.7562881562881564,0.8076923076923077,0.0,0.8449328449328449,0.8653846153846154,0.0,1.0,1.0,629875d-dirty
rf,13,17,Subject139,pushup_pushpress,"1,7",52,0.9211233211233212,0.9230769230769231,0.0,0.9101343101343102,0.9038461538461539,0.019230769230769232,0.989010989010989,0.9807692307692307,0.019230769230769232,1.0,1.0,629875d-dirty
rf,13,17,Subject139,random1,"0,9",52,0.9406593406593408,0.9423076923076923,0.0,0.9406593406593408,0.9423076923076923,0.0,0.9804639804639805,0.9807692307692307,0.0,0.875,1.0,629875d-dirty
rf,13,17,Subject139,random2,"6,13",52,0.9365079365079366,0.9230769230769231,0.038461538461538464,0.9365079365079366,0.9230769230769231,0.038461538461538464,1.0,1.0,0.0,1.0,1.0,629875d-dirty
rf,13,17,Subject139,squat_deadlift,"0,6",52,0.9560439560439561,0.9423076923076923,0.038461538461538464,0.9560439560439561,0.9423076923076923,0.038461538461538464,0.9804639804639805,0.9807692307692307,0.0,0.875,1.0,629875d-dirty
rf,13,17,Subject226,pushup_pushpress,"1,7",26,0.805128205128205,0.8461538461538461,0.038461538461538464,0.782051282051282,0.8076923076923077,0.07692307692307693,0.9743589743589743,0.9615384615384616,0.038461538461538464,1.0,1.0,629875d-dirty
rf,13,17,Subject226,random1,"2,3",26,0.7897435897435897,0.8461538461538461,0.0,0.7897435897435897,0.8461538461538461,0.0,0.958974358974359,0.9615384615384616,0.0,1.0,1.0,629875d-dirty
rf,13,17,Subject226,random2,"6,10",26,0.8051282051282052,0.8461538461538461,0.038461538461538464,0.8,0.8461538461538461,0.038461538461538464,0.958974358974359,0.9615384615384616,0.0,1.0,1.0,629875d-dirty
rf,13,17,Subject226,squat_deadlift,"0,6",26,0.8923076923076922,0.9230769230769231,0.0,0.8923076923076922,0.9230769230769231,0.0,0.958974358974359,0.9615384615384616,0.0,0.5,1.0,629875d-dirty
rf,13,17,Subject353,pushup_pushpress,"1,7",52,0.7958707958707959,0.8269230769230769,0.0,0.8114996114996115,0.8461538461538461,0.0,0.8351870351870351,0.8461538461538461,0.0,0.625,0.75,629875d-dirty
rf,13,17,Subject353,random1,"2,14",52,0.7431235431235431,0.7692307692307693,0.0,0.7756021756021756,0.8076923076923077,0.0,0.8046620046620047,0.8076923076923077,0.0,1.0,1.0,629875d-dirty
rf,13,17,Subject353,random2,"7,10",52,0.867909867909868,0.8846153846153846,0.038461538461538464,0.867909867909868,0.8846153846153846,0.038461538461538464,0.9072261072261072,0.9038461538461539,0.038461538461538464,0.25,0.75,629875d-dirty
rf,13,17,Subject353,squat_deadlift,"0,6",52,0.8495726495726496,0.8461538461538461,0.0,0.8664335664335664,0.8653846153846154,0.0,0.8717948717948717,0.8653846153846154,0.0,0.5,0.625,629875d-dirty
rf,13,17,Subject571,pushup_pushpress,"1,7",26,0.9230769230769231,0.9230769230769231,0.0,0.8644688644688644,0.8846153846153846,0.0,1.0,1.0,0.0,1.0,1.0,629875d-dirty
rf,13,17,Subject571,random1,"7,13",26,0.9230769230769229,0.9230769230769231,0.0,0.8644688644688644,0.8846153846153846,0.0,1.0,1.0,0.0,1.0,1.0,629875d-dirty
rf,13,17,Subject571,random2,"5,11",26,0.9230769230769229,0.9230769230769231,0.0,0.9230769230769229,0.9230769230769231,0.0,1.0,1.0,0.0,1.0,1.0,629875d-dirty
rf,13,17,Subject571,squat_deadlift,"0,6",26,0.9230769230769231,0.9230769230769231,0.0,0.958974358974359,0.9615384615384616,0.0,1.0,1.0,0.0,1.0,1.0,629875d-dirty
rf,13,17,Subject741,pushup_pushpress,"1,7",52,0.8583638583638583,0.8846153846153846,0.0,0.8586691086691087,0.8846153846153846,0.0,0.958974358974359,0.9615384615384616,0.0,1.0,1.0,629875d-dirty
rf,13,17,Subject741,random1,"9,14",52,0.8583638583638583,0.8846153846153846,0.0,0.8583638583638583,0.8846153846153846,0.0,0.958974358974359,0.9615384615384616,0.0,1.0,1.0,629875d-dirty
rf,13,17,Subject741,random2,"13,14",52,0.8583638583638583,0.8846153846153846,0.0,0.8778998778998779,0.9038461538461539,0.0,0.958974358974359,0.9615384615384616,0.0,1.0,1.0,629875d-dirty
rf,13,17,Subject741,squat_deadlift,"0,6",52,0.8669108669108669,0.8846153846153846,0.019230769230769232,0.9133311133311134,0.9230769230769231,0.0,0.958974358974359,0.9615384615384616,0.0,1.0,1.0,629875d-dirty
rf,13,17,Subject819,pushup_pushpress,"1,7",52,0.8644688644688644,0.8846153846153846,0.0,0.8644688644688644,0.8846153846153846,0.0,0.8825021132713439,0.9038461538461539,0.0,0.875,0.875,629875d-dirty
rf,13,17,Subject819,random1,"5,8",52,0.9394383394383395,0.9423076923076923,0.0,0.9394383394383395,0.9423076923076923,0.0,0.960927960927961,0.9615384615384616,0.0,0.5,0.5,629875d-dirty
rf,13,17,Subject819,random2,"7,13",52,0.8644688644688644,0.8846153846153846,0.0,0.8825021132713441,0.9038461538461539,0.0,0.8825021132713441,0.9038461538461539,0.0,0.875,0.875,629875d-dirty
rf,13,17,Subject819,squat_deadlift,"0,6",52,0.8449328449328449,0.8653846153846154,0.0,0.8449328449328449,0.8653846153846154,0.0,0.8629660937353244,0.8846153846153846,0.0,1.0,1.0,629875d-dirty
rf,14,8,Subject376,pushup_pushpress,"1,7",52,0.7582861582861583,0.7692307692307693,0.07692307692307693,0.7165279165279165,0.7307692307692307,0.11538461538461539,0.882051282051282,0.8846153846153846,0.07692307692307693,0.75,0.875,629875d-dirty
rf,14,8,Subject376,random1,"1,8",52,0.7111555111555111,0.75,0.0,0.6906038406038407,0.7307692307692307,0.0,0.8385392385392385,0.8653846153846154,0.0,0.875,1.0,629875d-dirty
rf,14,8,Subject376,random2,"7,10",52,0.7582861582861583,0.7692307692307693,0.07692307692307693,0.7275169275169275,0.75,0.09615384615384616,0.882051282051282,0.8846153846153846,0.07692307692307693,0.75,0.875,629875d-dirty
rf,14,8,Subject376,squat_deadlift,"0,6",52,0.7848595848595848,0.7884615384615384,0.057692307692307696,0.7787157287157288,0.7884615384615384,0.057692307692307696,0.8539238539238538,0.8653846153846154,0.038461538461538464,0.625,1.0,629875d-dirty
rf,14,8,Subject516,pushup_pushpress,"1,7",26,0.769230769230769,0.8076923076923077,0.038461538461538464,0.769230769230769,0.8076923076923077,0.038461538461538464,0.9333333333333333,0.9230769230769231,0.038461538461538464,0.75,0.75,629875d-dirty
rf,14,8,Subject516,random1,"3,4",26,0.7564102564102563,0.7692307692307693,0.07692307692307693,0.7564102564102563,0.7692307692307693,0.07692307692307693,0.8974358974358974,0.8846153846153846,0.038461538461538464,1.0,1.0,629875d-dirty
rf,14,8,Subject516,random2,"7,11",26,0.8717948717948717,0.8846153846153846,0.038461538461538464,0.8717948717948717,0.8846153846153846,0.038461538461538464,0.9333333333333333,0.9230769230769231,0.038461538461538464,0.25,0.75,629875d-dirty
rf,14,8,Subject516,squat_deadlift,"0,6",26,0.7307692307692306,0.7692307692307693,0.0,0.7307692307692306,0.7692307692307693,0.0,0.882051282051282,0.8846153846153846,0.0,1.0,1.0,629875d-dirty
rf,14,8,Subject571,pushup_pushpress,"1,7",26,0.6593406593406594,0.7307692307692307,0.0,0.5974358974358974,0.6923076923076923,0.0,0.958974358974359,0.9615384615384616,0.0,1.0,1.0,629875d-dirty
rf,14,8,Subject571,random1,"4,12",26,0.7179487179487178,0.7307692307692307,0.19230769230769232,0.7025641025641025,0.6923076923076923,0.2692307692307692,0.9487179487179487,0.9230769230769231,0.07692307692307693,1.0,1.0,629875d-dirty
rf,14,8,Subject571,random2,"3,6",26,0.6593406593406594,0.7307692307692307,0.0,0.6025641025641025,0.6923076923076923,0.0,0.917948717948718,0.9230769230769231,0.0,1.0,1.0,629875d-dirty
rf,14,8,Subject571,squat_deadlift,"0,6",26,0.761904761904762,0.8076923076923077,0.0,0.8234432234432235,0.8461538461538461,0.0,0.917948717948718,0.9230769230769231,0.0,0.5,1.0,629875d-dirty
rf,14,8,Subject731,pushup_pushpress,"1,7",26,0.8564102564102564,0.8846153846153846,0.0,0.8307692307692307,0.8461538461538461,0.038461538461538464,1.0,1.0,0.0,1.0,1.0,629875d-dirty
rf,14,8,Subject731,random1,"6,10",26,0.8564102564102564,0.8846153846153846,0.0,0.8076923076923076,0.8076923076923077,0.07692307692307693,1.0,1.0,0.0,1.0,1.0,629875d-dirty
rf,14,8,Subject731,random2,"3,10",26,0.8564102564102564,0.8846153846153846,0.0,0.8076923076923076,0.8076923076923077,0.07692307692307693,1.0,1.0,0.0,1.0,1.0,629875d-dirty
rf,14,8,Subject731,squat_deadlift,"0,6",26,0.958974358974359,0.9615384615384616,0.0,0.958974358974359,0.9615384615384616,0.0,1.0,1.0,0.0,0.5,1.0,629875d-dirty
rf,14,8,Subject890,pushup_pushpress,"1,7",26,0.9230769230769231,0.9230769230769231,0.0,0.8435897435897436,0.8461538461538461,0.038461538461538464,1.0,1.0,0.0,0.25,1.0,629875d-dirty
rf,14,8,Subject890,random1,"7,9",26,0.882051282051282,0.8846153846153846,0.0,0.741025641025641,0.7692307692307693,0.038461538461538464,1.0,1.0,0.0,0.5,1.0,629875d-dirty
rf,14,8,Subject890,random2,"7,12",26,0.882051282051282,0.8846153846153846,0.0,0.7666666666666667,0.7692307692307693,0.11538461538461539,1.0,1.0,0.0,0.5,1.0,629875d-dirty
rf,14,8,Subject890,squat_deadlift,"0,6",26,0.7923076923076924,0.8076923076923077,0.0,0.7923076923076924,0.8076923076923077,0.0,1.0,1.0,0.0,1.0,1.0,629875d-dirty
rf,14,8,Subject969,pushup_pushpress,"1,7",26,0.5923076923076922,0.6538461538461539,0.0,0.5923076923076922,0.6538461538461539,0.0,0.8974358974358974,0.9230769230769231,0.0,0.5,1.0,629875d-dirty
rf,14,8,Subject969,random1,"8,12",26,0.5923076923076922,0.6538461538461539,0.038461538461538464,0.5923076923076922,0.6538461538461539,0.038461538461538464,0.8974358974358974,0.9230769230769231,0.0,0.5,1.0,629875d-dirty
rf,14,8,Subject969,random2,"0,2",26,0.6307692307692307,0.6923076923076923,0.038461538461538464,0.6307692307692307,0.6923076923076923,0.038461538461538464,0.8974358974358974,0.9230769230769231,0.0,0.25,1.0,629875d-dirty
rf,14,8,Subject969,squat_deadlift,"0,6",26,0.5692307692307692,0.6153846153846154,0.11538461538461539,0.5692307692307692,0.6153846153846154,0.11538461538461539,0.8974358974358974,0.9230769230769231,0.0,0.75,1.0,629875d-dirty
rf,14,17,Subject376,pushup_pushpress,"1,7",52,0.8036630036630036,0.8269230769230769,0.0,0.7865689865689866,0.7884615384615384,0.057692307692307696,0.9804639804639805,0.9807692307692307,0.0,0.625,1.0,629875d-dirty
rf,14,17,Subject376,random1,"1,8",52,0.8000832500832501,0.8269230769230769,0.0,0.7470917970917971,0.7884615384615384,0.0,0.9397435897435897,0.9423076923076923,0.0,0.625,1.0,629875d-dirty
rf,14,17,Subject376,random2,"7,10",52,0.8193140193140193,0.8461538461538461,0.0,0.8018315018315019,0.8076923076923077,0.057692307692307696,1.0,1.0,0.0,0.5,0.75,629875d-dirty
rf,14,17,Subject376,squat_deadlift,"0,6",52,0.7675824175824175,0.7692307692307693,0.07692307692307693,0.7675824175824175,0.7692307692307693,0.07692307692307693,0.9397435897435897,0.9423076923076923,0.0,1.0,1.0,629875d-dirty
rf,14,17,Subject516,pushup_pushpress,"1,7",26,0.7641025641025642,0.8076923076923077,0.038461538461538464,0.8307692307692307,0.8461538461538461,0.038461538461538464,0.9179487179487178,0.9230769230769231,0.0,1.0,1.0,629875d-dirty
rf,14,17,Subject516,random1,"3,4",26,0.7743589743589744,0.8076923076923077,0.07692307692307693,0.8179487179487179,0.8076923076923077,0.07692307692307693,0.9333333333333333,0.9230769230769231,0.038461538461538464,1.0,1.0,629875d-dirty
rf,14,17,Subject516,random2,"7,11",26,0.8717948717948717,0.8846153846153846,0.038461538461538464,0.8717948717948717,0.8846153846153846,0.038461538461538464,0.958974358974359,0.9615384615384616,0.0,0.5,0.5,629875d-dirty
rf,14,17,Subject516,squat_deadlift,"0,6",26,0.7487179487179486,0.8076923076923077,0.0,0.7487179487179486,0.8076923076923077,0.0,0.9179487179487178,0.9230769230769231,0.0,1.0,1.0,629875d-dirty
rf,14,17,Subject571,pushup_pushpress,"1,7",26,0.7051282051282051,0.7692307692307693,0.0,0.7051282051282051,0.7692307692307693,0.0,0.958974358974359,0.9615384615384616,0.0,1.0,1.0,629875d-dirty
rf,14,17,Subject571,random1,"4,12",26,0.7435897435897435,0.7692307692307693,0.15384615384615385,0.7435897435897435,0.7692307692307693,0.15384615384615385,0.9743589743589743,0.9615384615384616,0.038461538461538464,1.0,1.0,629875d-dirty
rf,14,17,Subject571,random2,"3,6",26,0.7051282051282051,0.7692307692307693,0.0,0.7051282051282051,0.7692307692307693,0.0,0.958974358974359,0.9615384615384616,0.0,1.0,1.0,629875d-dirty
rf,14,17,Subject571,squat_deadlift,"0,6",26,0.7051282051282051,0.7692307692307693,0.0,0.7051282051282051,0.7692307692307693,0.0,0.958974358974359,0.9615384615384616,0.0,1.0,1.0,629875d-dirty
rf,14,17,Subject731,pushup_pushpress,"1,7",26,0.6641025641025641,0.7307692307692307,0.0,0.6641025641025641,0.7307692307692307,0.0,0.958974358974359,0.9615384615384616,0.0,1.0,1.0,629875d-dirty
rf,14,17,Subject731,random1,"6,10",26,0.7538461538461537,0.8076923076923077,0.0,0.8564102564102564,0.8846153846153846,0.0,0.958974358974359,0.9615384615384616,0.0,0.5,1.0,629875d-dirty
rf,14,17,Subject731,random2,"3,10",26,0.7538461538461537,0.8076923076923077,0.0,0.7538461538461537,0.8076923076923077,0.0,0.958974358974359,0.9615384615384616,0.0,0.5,1.0,629875d-dirty
rf,14,17,Subject731,squat_deadlift,"0,6",26,0.7666666666666667,0.8076923076923077,0.0,0.7666666666666667,0.8076923076923077,0.0,0.958974358974359,0.9615384615384616,0.0,0.5,1.0,629875d-dirty
rf,14,17,Subject890,pushup_pushpress,"1,7",26,0.8974358974358974,0.9230769230769231,0.0,0.8974358974358974,0.9230769230769231,0.0,0.958974358974359,0.9615384615384616,0.0,0.5,1.0,629875d-dirty
rf,14,17,Subject890,random1,"7,9",26,0.8974358974358974,0.9230769230769231,0.0,0.8974358974358974,0.9230769230769231,0.0,0.958974358974359,0.9615384615384616,0.0,0.5,1.0,629875d-dirty
rf,14,17,Subject890,random2,"7,12",26,0.8974358974358974,0.9230769230769231,0.0,0.8974358974358974,0.9230769230769231,0.0,0.958974358974359,0.9615384615384616,0.0,0.5,0.75,629875d-dirty
rf,14,17,Subject890,squat_deadlift,"0,6",26,0.8205128205128205,0.8461538461538461,0.0,0.8205128205128205,0.8461538461538461,0.0,0.9205128205128206,0.9230769230769231,0.0,1.0,1.0,629875d-dirty
rf,14,17,Subject969,pushup_pushpress,"1,7",26,0.6282051282051283,0.6538461538461539,0.0,0.6282051282051283,0.6538461538461539,0.0,0.8974358974358974,0.9230769230769231,0.0,0.5,1.0,629875d-dirty
rf,14,17,Subject969,random1,"8,12",26,0.6282051282051283,0.6538461538461539,0.07692307692307693,0.5615384615384615,0.6153846153846154,0.07692307692307693,0.8076923076923077,0.8461538461538461,0.0,0.5,1.0,629875d-dirty
rf,14,17,Subject969,random2,"0,2",26,0.6974358974358974,0.7307692307692307,0.038461538461538464,0.6307692307692307,0.6923076923076923,0.038461538461538464,0.8076923076923077,0.8461538461538461,0.0,0.0,1.0,629875d-dirty
rf,14,17,Subject969,squat_deadlift,"0,6",26,0.6205128205128205,0.6538461538461539,0.07692307692307693,0.5692307692307692,0.6153846153846154,0.11538461538461539,0.8076923076923077,0.8461538461538461,0.0,0.5,1.0,629875d-dirty
rf,15,8,Subject226,pushup_pushpress,"1,7",26,0.7538461538461539,0.8076923076923077,0.0,0.7641025641025642,0.8076923076923077,0.038461538461538464,0.9743589743589743,0.9615384615384616,0.038461538461538464,1.0,1.0,629875d-dirty
rf,15,8,Subject226,random1,"5,12",26,0.7538461538461539,0.8076923076923077,0.0,0.8153846153846154,0.8461538461538461,0.0,0.958974358974359,0.9615384615384616,0.0,1.0,1.0,629875d-dirty
rf,15,8,Subject226,random2,"0,7",26,0.8564102564102565,0.8846153846153846,0.0,0.8666666666666667,0.8846153846153846,0.038461538461538464,0.9743589743589743,0.9615384615384616,0.038461538461538464,0.5,1.0,629875d-dirty
rf,15,8,Subject226,squat_deadlift,"0,6",26,0.8564102564102565,0.8846153846153846,0.0,0.8564102564102565,0.8846153846153846,0.0,0.958974358974359,0.9615384615384616,0.0,0.5,1.0,629875d-dirty
rf,15,8,Subject353,pushup_pushpress,"1,7",52,0.7909867909867909,0.8461538461538461,0.0,0.7803030303030304,0.8269230769230769,0.0,0.8303030303030302,0.8653846153846154,0.0,0.5,0.75,629875d-dirty
rf,15,8,Subject353,random1,"2,4",52,0.7397047397047397,0.7692307692307693,0.07692307692307693,0.746053946053946,0.75,0.07692307692307693,0.8303030303030302,0.8269230769230769,0.07692307692307693,1.0,1.0,629875d-dirty
rf,15,8,Subject353,random2,"0,7",52,0.8974358974358974,0.9230769230769231,0.0,0.8974358974358974,0.9230769230769231,0.0,0.8974358974358974,0.9230769230769231,0.0,0.0,0.375,629875d-dirty
rf,15,8,Subject353,squat_deadlift,"0,6",52,0.8205128205128205,0.8461538461538461,0.0,0.7948717948717948,0.8076923076923077,0.038461538461538464,0.8717948717948717,0.8846153846153846,0.0,0.5,0.625,629875d-dirty
rf,15,8,Subject455,pushup_pushpress,"1,7",52,0.8669108669108668,0.8846153846153846,0.0,0.800976800976801,0.8269230769230769,0.0,1.0,1.0,0.0,1.0,1.0,629875d-dirty
rf,15,8,Subject455,random1,"3,13",52,0.8925518925518927,0.8846153846153846,0.07692307692307693,0.9218559218559219,0.9038461538461539,0.057692307692307696,1.0,1.0,0.0,1.0,1.0,629875d-dirty
rf,15,8,Subject455,random2,"1,4",52,0.8669108669108668,0.8846153846153846,0.0,0.8117438117438116,0.8269230769230769,0.0,1.0,1.0,0.0,1.0,1.0,629875d-dirty
rf,15,8,Subject455,squat_deadlift,"0,6",52,0.989010989010989,0.9807692307692307,0.019230769230769232,0.9230769230769231,0.9230769230769231,0.07692307692307693,1.0,1.0,0.0,0.375,1.0,629875d-dirty
rf,15,8,Subject516,pushup_pushpress,"1,7",26,0.8564102564102564,0.8846153846153846,0.0,0.7897435897435898,0.8461538461538461,0.0,0.958974358974359,0.9615384615384616,0.0,1.0,1.0,629875d-dirty
rf,15,8,Subject516,random1,"6,14",26,0.8717948717948717,0.8846153846153846,0.038461538461538464,0.8717948717948717,0.8846153846153846,0.038461538461538464,0.958974358974359,0.9615384615384616,0.0,1.0,1.0,629875d-dirty
rf,15,8,Subject516,random2,"0,5",26,0.8564102564102564,0.8846153846153846,0.0,0.8564102564102564,0.8846153846153846,0.0,0.958974358974359,0.9615384615384616,0.0,1.0,1.0,629875d-dirty
rf,15,8,Subject516,squat_deadlift,"0,6",26,0.8564102564102564,0.8846153846153846,0.0,0.8974358974358974,0.9230769230769231,0.0,0.958974358974359,0.9615384615384616,0.0,1.0,1.0,629875d-dirty
rf,15,8,Subject580,pushup_pushpress,"1,7",78,0.8151968694955121,0.8333333333333334,0.01282051282051282,0.8024660106108068,0.8205128205128205,0.01282051282051282,0.9408130331207254,0.9358974358974359,0.01282051282051282,0.9166666666666666,0.9166666666666666,629875d-dirty
rf,15,8,Subject580,random1,"6,14",78,0.8082038625025051,0.8333333333333334,0.0,0.7963695429758779,0.8205128205128205,0.0,0.940057378518917,0.9358974358974359,0.01282051282051282,0.9166666666666666,0.9166666666666666,629875d-dirty
rf,15,8,Subject580,random2,"3,7",78,0.8211140292588256,0.8333333333333334,0.02564102564102564,0.8073073231444272,0.8205128205128205,0.02564102564102564,0.9408130331207255,0.9358974358974359,0.01282051282051282,0.9166666666666666,0.9166666666666666,629875d-dirty
rf,15,8,Subject580,squat_deadlift,"0,6",78,0.9098081405773714,0.9102564102564102,0.0,0.9098081405773714,0.9102564102564102,0.0,0.9470503855119241,0.9487179487179487,0.0,0.4166666666666667,0.8333333333333334,629875d-dirty
rf,15,8,Subject969,pushup_pushpress,"1,7",26,0.6538461538461539,0.6923076923076923,0.0,0.7025641025641025,0.7307692307692307,0.0,0.8974358974358974,0.9230769230769231,0.0,0.5,1.0,629875d-dirty
rf,15,8,Subject969,random1,"1,10",26,0.6538461538461539,0.6923076923076923,0.0,0.6153846153846154,0.6153846153846154,0.15384615384615385,0.958974358974359,0.9615384615384616,0.0,0.5,1.0,629875d-dirty
rf,15,8,Subject969,random2,"2,7",26,0.7564102564102563,0.7692307692307693,0.038461538461538464,0.6641025641025641,0.6923076923076923,0.07692307692307693,0.8974358974358974,0.9230769230769231,0.0,0.0,1.0,629875d-dirty
rf,15,8,Subject969,squat_deadlift,"0,6",26,0.5948717948717949,0.6538461538461539,0.0,0.5692307692307692,0.6153846153846154,0.11538461538461539,0.8644688644688644,0.8846153846153846,0.0,0.75,1.0,629875d-dirty
rf,15,17,Subject226,pushup_pushpress,"1,7",26,0.741025641025641,0.7692307692307693,0.07692307692307693,0.741025641025641,0.7692307692307693,0.07692307692307693,0.9743589743589743,0.9615384615384616,0.038461538461538464,1.0,1.0,629875d-dirty
rf,15,17,Subject226,random1,"5,12",26,0.7153846153846154,0.7692307692307693,0.0,0.7153846153846154,0.7692307692307693,0.0,0.958974358974359,0.9615384615384616,0.0,1.0,1.0,629875d-dirty
rf,15,17,Subject226,random2,"0,7",26,0.8435897435897436,0.8461538461538461,0.07692307692307693,0.8051282051282053,0.8076923076923077,0.07692307692307693,0.9743589743589743,0.9615384615384616,0.038461538461538464,0.5,1.0,629875d-dirty
rf,15,17,Subject226,squat_deadlift,"0,6",26,0.8179487179487179,0.8461538461538461,0.0,0.8179487179487179,0.8461538461538461,0.0,0.958974358974359,0.9615384615384616,0.0,0.5,1.0,629875d-dirty
rf,15,17,Subject353,pushup_pushpress,"1,7",52,0.7958707958707959,0.8269230769230769,0.0,0.7958707958707959,0.8269230769230769,0.0,0.8742590742590743,0.8846153846153846,0.0,0.625,0.75,629875d-dirty
rf,15,17,Subject353,random1,"2,4",52,0.7897047397047398,0.8076923076923077,0.057692307692307696,0.7704739704739705,0.7884615384615384,0.07692307692307693,0.8687645687645686,0.8653846153846154,0.038461538461538464,0.75,0.75,629875d-dirty
rf,15,17,Subject353,random2,"0,7",52,0.9023199023199024,0.9038461538461539,0.0,0.9023199023199024,0.9038461538461539,0.0,0.9413919413919414,0.9423076923076923,0.0,0.125,0.25,629875d-dirty
rf,15,17,Subject353,squat_deadlift,"0,6",52,0.8495726495726496,0.8461538461538461,0.0,0.8197802197802199,0.8076923076923077,0.019230769230769232,0.9059829059829061,0.9038461538461539,0.0,0.5,0.625,629875d-dirty
rf,15,17,Subject455,pushup_pushpress,"1,7",52,0.8864468864468864,0.9038461538461539,0.0,0.8984348984348984,0.9038461538461539,0.0,1.0,1.0,0.0,1.0,1.0,629875d-dirty
rf,15,17,Subject455,random1,"3,13",52,0.9120879120879122,0.9038461538461539,0.07692307692307693,0.9194139194139195,0.9038461538461539,0.057692307692307696,1.0,1.0,0.0,1.0,1.0,629875d-dirty
rf,15,17,Subject455,random2,"1,4",52,0.8864468864468864,0.9038461538461539,0.0,0.9167499167499167,0.9230769230769231,0.0,1.0,1.0,0.0,1.0,1.0,629875d-dirty
rf,15,17,Subject455,squat_deadlift,"0,6",52,0.989010989010989,0.9807692307692307,0.019230769230769232,0.989010989010989,0.9807692307692307,0.019230769230769232,1.0,1.0,0.0,0.5,1.0,629875d-dirty
rf,15,17,Subject516,pushup_pushpress,"1,7",26,0.9333333333333333,0.9230769230769231,0.038461538461538464,0.9333333333333333,0.9230769230769231,0.038461538461538464,0.958974358974359,0.9615384615384616,0.0,1.0,1.0,629875d-dirty
rf,15,17,Subject516,random1,"6,14",26,0.9179487179487178,0.9230769230769231,0.0,0.882051282051282,0.8846153846153846,0.0,0.958974358974359,0.9615384615384616,0.0,1.0,1.0,629875d-dirty
rf,15,17,Subject516,random2,"0,5",26,0.9179487179487178,0.9230769230769231,0.0,0.882051282051282,0.8846153846153846,0.0,0.958974358974359,0.9615384615384616,0.0,1.0,1.0,629875d-dirty
rf,15,17,Subject516,squat_deadlift,"0,6",26,0.9179487179487178,0.9230769230769231,0.0,0.882051282051282,0.8846153846153846,0.0,0.958974358974359,0.9615384615384616,0.0,1.0,1.0,629875d-dirty
rf,15,17,Subject580,pushup_pushpress,"1,7",78,0.8910192371730834,0.8974358974358975,0.0,0.8794197255735718,0.8846153846153846,0.0,0.9165770127308589,0.9230769230769231,0.0,0.9166666666666666,0.9166666666666666,629875d-dirty
rf,15,17,Subject580,random1,"6,14",78,0.8934085145623608,0.8974358974358975,0.0,0.8934085145623608,0.8974358974358975,0.0,0.9076026537564998,0.9102564102564102,0.0,0.9166666666666666,0.9166666666666666,629875d-dirty
rf,15,17,Subject580,random2,"3,7",78,0.8910192371730834,0.8974358974358975,0.0,0.8910192371730834,0.8974358974358975,0.0,0.9165770127308589,0.9230769230769231,0.0,0.9166666666666666,0.8333333333333334,629875d-dirty
rf,15,17,Subject580,squat_deadlift,"0,6",78,0.8934085145623608,0.8974358974358975,0.0,0.8711280172818635,0.8717948717948718,0.0,0.9076026537564998,0.9102564102564102,0.0,0.9166666666666666,0.9166666666666666,629875d-dirty
rf,15,17,Subject969,pushup_pushpress,"1,7",26,0.7307692307692307,0.7692307692307693,0.0,0.7307692307692307,0.7692307692307693,0.0,0.8564102564102564,0.8846153846153846,0.0,0.5,1.0,629875d-dirty
rf,15,17,Subject969,random1,"1,10",26,0.7307692307692307,0.7692307692307693,0.0,0.7435897435897435,0.7692307692307693,0.07692307692307693,0.958974358974359,0.9615384615384616,0.0,0.5,0.75,629875d-dirty
rf,15,17,Subject969,random2,"2,7",26,0.7307692307692307,0.7692307692307693,0.0,0.7307692307692307,0.7692307692307693,0.0,0.8564102564102564,0.8846153846153846,0.0,0.5,1.0,629875d-dirty
rf,15,17,Subject969,squat_deadlift,"0,6",26,0.7230769230769231,0.7692307692307693,0.0,0.7230769230769231,0.7692307692307693,0.0,0.8974358974358974,0.9230769230769231,0.0,0.5,0.75,629875d-dirty
rf,16,8,Subject139,pushup_pushpress,"1,7",52,0.8124542124542125,0.8269230769230769,0.038461538461538464,0.8124542124542125,0.8269230769230769,0.038461538461538464,0.8825618825618826,0.8846153846153846,0.019230769230769232,1.0,1.0,629875d-dirty
rf,16,8,Subject139,random1,"1,5",52,0.7970695970695971,0.8269230769230769,0.0,0.7970695970695971,0.8269230769230769,0.0,0.8740148740148741,0.8846153846153846,0.0,1.0,1.0,629875d-dirty
rf,16,8,Subject139,random2,"5,14",52,0.8153846153846153,0.8461538461538461,0.0,0.8153846153846153,0.8461538461538461,0.0,0.8901320901320902,0.9038461538461539,0.0,0.875,0.875,629875d-dirty
rf,16,8,Subject139,squat_deadlift,"0,6",52,0.8380952380952381,0.8269230769230769,0.11538461538461539,0.8380952380952381,0.8269230769230769,0.11538461538461539,0.8949938949938951,0.8846153846153846,0.057692307692307696,1.0,1.0,629875d-dirty
rf,16,8,Subject226,pushup_pushpress,"1,7",26,0.7025641025641025,0.7307692307692307,0.07692307692307693,0.7025641025641025,0.7307692307692307,0.07692307692307693,0.9487179487179487,0.9230769230769231,0.07692307692307693,1.0,1.0,629875d-dirty
rf,16,8,Subject226,random1,"3,10",26,0.7256410256410256,0.7692307692307693,0.038461538461538464,0.7256410256410256,0.7692307692307693,0.038461538461538464,0.958974358974359,0.9615384615384616,0.0,0.75,1.0,629875d-dirty
rf,16,8,Subject226,random2,"7,8",26,0.7282051282051282,0.7307692307692307,0.15384615384615385,0.7282051282051282,0.7307692307692307,0.15384615384615385,0.9487179487179487,0.9230769230769231,0.07692307692307693,1.0,1.0,629875d-dirty
rf,16,8,Subject226,squat_deadlift,"0,6",26,0.8179487179487179,0.8461538461538461,0.0,0.8179487179487179,0.8461538461538461,0.0,0.9230769230769231,0.9230769230769231,0.0,0.25,1.0,629875d-dirty
rf,16,8,Subject424,pushup_pushpress,"1,7",52,0.8009768009768011,0.8076923076923077,0.09615384615384616,0.7372627372627373,0.75,0.11538461538461539,0.8974358974358974,0.8846153846153846,0.11538461538461539,0.875,0.875,629875d-dirty
rf,16,8,Subject424,random1,"3,11",52,0.7799380107072416,0.8076923076923077,0.019230769230769232,0.7921702229394538,0.8269230769230769,0.0,0.8534798534798534,0.8653846153846154,0.019230769230769232,0.875,1.0,629875d-dirty
rf,16,8,Subject424,random2,"1,2",52,0.7713910021602329,0.8076923076923077,0.0,0.7525875833568142,0.7884615384615384,0.0,0.8644688644688644,0.8846153846153846,0.0,0.875,1.0,629875d-dirty
rf,16,8,Subject424,squat_deadlift,"0,6",52,0.8598525406217714,0.8653846153846154,0.0,0.8276667776667778,0.8269230769230769,0.0,0.8449328449328449,0.8653846153846154,0.0,0.5,1.0,629875d-dirty
rf,16,8,Subject729,pushup_pushpress,"1,7",52,0.9133311133311133,0.9230769230769231,0.0,0.883111333111333,0.8846153846153846,0.019230769230769232,1.0,1.0,0.0,1.0,1.0,629875d-dirty
rf,16,8,Subject729,random1,"6,11",52,0.9133311133311133,0.9230769230769231,0.0,0.8685758685758687,0.8846153846153846,0.0,1.0,1.0,0.0,1.0,1.0,629875d-dirty
rf,16,8,Subject729,random2,"2,7",52,0.9133311133311133,0.9230769230769231,0.0,0.8586691086691087,0.8846153846153846,0.0,1.0,1.0,0.0,1.0,1.0,629875d-dirty
rf,16,8,Subject729,squat_deadlift,"0,6",52,0.9218781218781219,0.9230769230769231,0.019230769230769232,0.8771228771228772,0.8846153846153846,0.019230769230769232,1.0,1.0,0.0,1.0,1.0,629875d-dirty
rf,16,8,Subject731,pushup_pushpress,"1,7",26,0.7282051282051282,0.7307692307692307,0.07692307692307693,0.7282051282051282,0.7307692307692307,0.07692307692307693,1.0,1.0,0.0,1.0,1.0,629875d-dirty
rf,16,8,Subject731,random1,"5,13",26,0.7025641025641025,0.7307692307692307,0.0,0.7435897435897435,0.7692307692307693,0.0,1.0,1.0,0.0,1.0,1.0,629875d-dirty
rf,16,8,Subject731,random2,"5,14",26,0.7179487179487178,0.7307692307692307,0.038461538461538464,0.7179487179487178,0.7307692307692307,0.038461538461538464,1.0,1.0,0.0,1.0,1.0,629875d-dirty
rf,16,8,Subject731,squat_deadlift,"0,6",26,0.7435897435897435,0.7692307692307693,0.0,0.7435897435897435,0.7692307692307693,0.0,1.0,1.0,0.0,0.75,1.0,629875d-dirty
rf,16,8,Subject867,pushup_pushpress,"1,7",52,0.7931623931623931,0.8076923076923077,0.057692307692307696,0.8222222222222223,0.8269230769230769,0.057692307692307696,0.9291819291819292,0.9230769230769231,0.019230769230769232,1.0,1.0,629875d-dirty
rf,16,8,Subject867,random1,"4,9",52,0.8627816627816629,0.8846153846153846,0.0,0.8273504273504274,0.8653846153846154,0.0,0.960927960927961,0.9615384615384616,0.0,0.5,0.75,629875d-dirty
rf,16,8,Subject867,random2,"10,13",52,0.852991452991453,0.8653846153846154,0.07692307692307693,0.852991452991453,0.8653846153846154,0.07692307692307693,0.9548229548229549,0.9423076923076923,0.038461538461538464,0.625,0.875,629875d-dirty
rf,16,8,Subject867,squat_deadlift,"0,6",52,0.7875679875679876,0.8076923076923077,0.038461538461538464,0.7807303807303808,0.8076923076923077,0.019230769230769232,0.9206349206349207,0.9230769230769231,0.0,1.0,1.0,629875d-dirty
rf,16,17,Subject139,pushup_pushpress,"1,7",52,0.9018925518925519,0.9038461538461539,0.0,0.890903540903541,0.8846153846153846,0.019230769230769232,0.989010989010989,0.9807692307692307,0.019230769230769232,1.0,1.0,629875d-dirty
rf,16,17,Subject139,random1,"1,5",52,0.9018925518925519,0.9038461538461539,0.0,0.8823565323565324,0.8846153846153846,0.0,0.9804639804639805,0.9807692307692307,0.0,1.0,1.0,629875d-dirty
rf,16,17,Subject139,random2,"5,14",52,0.9202075702075702,0.9230769230769231,0.0,0.91990231990232,0.9230769230769231,0.0,0.9804639804639805,0.9807692307692307,0.0,0.875,1.0,629875d-dirty
rf,16,17,Subject139,squat_deadlift,"0,6",52,0.9450549450549451,0.9230769230769231,0.057692307692307696,0.9255189255189257,0.9038461538461539,0.057692307692307696,0.9804639804639805,0.9807692307692307,0.0,0.875,1.0,629875d-dirty
rf,16,17,Subject226,pushup_pushpress,"1,7",26,0.7025641025641025,0.7307692307692307,0.11538461538461539,0.7435897435897435,0.7692307692307693,0.11538461538461539,0.9487179487179487,0.9230769230769231,0.07692307692307693,1.0,1.0,629875d-dirty
rf,16,17,Subject226,random1,"3,10",26,0.7641025641025642,0.8076923076923077,0.038461538461538464,0.7641025641025642,0.8076923076923077,0.038461538461538464,0.958974358974359,0.9615384615384616,0.0,0.5,1.0,629875d-dirty
rf,16,17,Subject226,random2,"7,8",26,0.7282051282051284,0.7307692307692307,0.19230769230769232,0.7282051282051284,0.7307692307692307,0.19230769230769232,0.9487179487179487,0.9230769230769231,0.07692307692307693,1.0,1.0,629875d-dirty
rf,16,17,Subject226,squat_deadlift,"0,6",26,0.7721611721611722,0.8076923076923077,0.0,0.8179487179487179,0.8461538461538461,0.0,0.9230769230769231,0.9230769230769231,0.0,0.5,1.0,629875d-dirty
rf,16,17,Subject424,pushup_pushpress,"1,7",52,0.8303030303030302,0.8269230769230769,0.11538461538461539,0.8303030303030302,0.8269230769230769,0.11538461538461539,0.8974358974358974,0.8846153846153846,0.11538461538461539,1.0,1.0,629875d-dirty
rf,16,17,Subject424,random1,"3,11",52,0.7973359973359974,0.8269230769230769,0.0,0.7973359973359974,0.8269230769230769,0.0,0.8644688644688644,0.8846153846153846,0.0,1.0,1.0,629875d-dirty
rf,16,17,Subject424,random2,"1,2",52,0.7973359973359974,0.8269230769230769,0.0,0.8234432234432234,0.8461538461538461,0.0,0.8644688644688644,0.8846153846153846,0.0,1.0,1.0,629875d-dirty
rf,16,17,Subject424,squat_deadlift,"0,6",52,0.8644688644688644,0.8846153846153846,0.0,0.8449328449328449,0.8653846153846154,0.0,0.8644688644688644,0.8846153846153846,0.0,0.625,1.0,629875d-dirty
rf,16,17,Subject729,pushup_pushpress,"1,7",52,0.9377289377289377,0.9423076923076923,0.0,0.9394383394383395,0.9423076923076923,0.0,1.0,1.0,0.0,1.0,1.0,629875d-dirty
rf,16,17,Subject729,random1,"6,11",52,0.9377289377289378,0.9423076923076923,0.0,0.9394383394383395,0.9423076923076923,0.0,1.0,1.0,0.0,1.0,1.0,629875d-dirty
rf,16,17,Subject729,random2,"2,7",52,0.9377289377289377,0.9423076923076923,0.0,0.9394383394383395,0.9423076923076923,0.0,1.0,1.0,0.0,1.0,1.0,629875d-dirty
rf,16,17,Subject729,squat_deadlift,"0,6",52,0.9572649572649573,0.9615384615384616,0.0,0.958974358974359,0.9615384615384616,0.0,1.0,1.0,0.0,0.875,1.0,629875d-dirty
rf,16,17,Subject731,pushup_pushpress,"1,7",26,0.7721611721611722,0.8076923076923077,0.0,0.7794871794871795,0.8076923076923077,0.038461538461538464,0.958974358974359,0.9615384615384616,0.0,1.0,1.0,629875d-dirty
rf,16,17,Subject731,random1,"5,13",26,0.7721611721611722,0.8076923076923077,0.0,0.7435897435897437,0.7692307692307693,0.0,0.958974358974359,0.9615384615384616,0.0,1.0,1.0,629875d-dirty
rf,16,17,Subject731,random2,"5,14",26,0.7875457875457875,0.8076923076923077,0.038461538461538464,0.7282051282051282,0.7692307692307693,0.07692307692307693,0.958974358974359,0.9615384615384616,0.0,1.0,1.0,629875d-dirty
rf,16,17,Subject731,squat_deadlift,"0,6",26,0.8131868131868132,0.8461538461538461,0.0,0.8051282051282052,0.8461538461538461,0.0,0.958974358974359,0.9615384615384616,0.0,0.75,1.0,629875d-dirty
rf,16,17,Subject867,pushup_pushpress,"1,7",52,0.8266178266178267,0.8269230769230769,0.07692307692307693,0.8266178266178267,0.8269230769230769,0.07692307692307693,0.8769230769230769,0.8846153846153846,0.038461538461538464,1.0,1.0,629875d-dirty
rf,16,17,Subject867,random1,"4,9",52,0.8778998778998779,0.9038461538461539,0.0,0.8547008547008547,0.8846153846153846,0.0,0.958974358974359,0.9615384615384616,0.0,0.5,0.5,629875d-dirty
rf,16,17,Subject867,random2,"10,13",52,0.9035409035409037,0.9038461538461539,0.07692307692307693,0.9035409035409037,0.9038461538461539,0.07692307692307693,0.9230769230769231,0.9230769230769231,0.07692307692307693,0.5,0.75,629875d-dirty
rf,16,17,Subject867,squat_deadlift,"0,6",52,0.8095238095238094,0.8269230769230769,0.019230769230769232,0.8205128205128205,0.8461538461538461,0.0,0.8615384615384615,0.8846153846153846,0.0,1.0,1.0,629875d-dirty
rf,17,8,Subject147,pushup_pushpress,"1,7",27,0.8717948717948717,0.8518518518518519,0.1111111111111111,0.9102564102564101,0.8888888888888888,0.07407407407407407,0.958974358974359,0.9629629629629629,0.0,1.0,1.0,629875d-dirty
rf,17,8,Subject147,random1,"10,12",27,0.9333333333333333,0.9259259259259259,0.037037037037037035,0.9333333333333333,0.9259259259259259,0.037037037037037035,0.9743589743589743,0.9629629629629629,0.037037037037037035,0.5,1.0,629875d-dirty
rf,17,8,Subject147,random2,"4,11",27,0.8644688644688644,0.8888888888888888,0.0,0.958974358974359,0.9629629629629629,0.0,1.0,1.0,0.0,0.75,0.75,629875d-dirty
rf,17,8,Subject147,squat_deadlift,"0,6",27,0.8388278388278387,0.8518518518518519,0.0,0.9205128205128206,0.9259259259259259,0.0,0.958974358974359,0.9629629629629629,0.0,1.0,0.75,629875d-dirty
rf,17,8,Subject352,pushup_pushpress,"1,7",26,0.8205128205128205,0.8461538461538461,0.0,0.8205128205128205,0.8461538461538461,0.0,0.8974358974358974,0.9230769230769231,0.0,1.0,1.0,629875d-dirty
rf,17,8,Subject352,random1,"8,10",26,0.8205128205128205,0.8461538461538461,0.0,0.8205128205128205,0.8461538461538461,0.0,0.8974358974358974,0.9230769230769231,0.0,1.0,1.0,629875d-dirty
rf,17,8,Subject352,random2,"0,1",26,0.8461538461538461,0.8461538461538461,0.07692307692307693,0.8461538461538461,0.8461538461538461,0.07692307692307693,0.9230769230769231,0.9230769230769231,0.07692307692307693,1.0,1.0,629875d-dirty
rf,17,8,Subject352,squat_deadlift,"0,6",26,0.8461538461538461,0.8461538461538461,0.07692307692307693,0.8461538461538461,0.8461538461538461,0.07692307692307693,0.9230769230769231,0.9230769230769231,0.07692307692307693,1.0,1.0,629875d-dirty
rf,17,8,Subject376,pushup_pushpress,"1,7",52,0.7663614163614164,0.75,0.11538461538461539,0.7219169719169719,0.7115384615384616,0.17307692307692307,0.9487179487179487,0.9230769230769231,0.07692307692307693,1.0,1.0,629875d-dirty
rf,17,8,Subject376,random1,"5,11",52,0.7611721611721612,0.7692307692307693,0.019230769230769232,0.7065934065934065,0.7115384615384616,0.057692307692307696,0.8879120879120879,0.8846153846153846,0.0,0.875,1.0,629875d-dirty
rf,17,8,Subject376,random2,"10,14",52,0.8296314796314798,0.8269230769230769,0.019230769230769232,0.7727716727716728,0.75,0.07692307692307693,0.9285714285714286,0.9230769230769231,0.019230769230769232,0.5,1.0,629875d-dirty
rf,17,8,Subject376,squat_deadlift,"0,6",52,0.7902930402930404,0.7884615384615384,0.038461538461538464,0.7406593406593406,0.7307692307692307,0.09615384615384616,0.8879120879120879,0.8846153846153846,0.0,0.75,1.0,629875d-dirty
rf,17,8,Subject494,pushup_pushpress,"1,7",52,0.3716962524654832,0.4230769230769231,0.21153846153846154,0.4625541125541125,0.5,0.21153846153846154,0.9257631257631258,0.9230769230769231,0.038461538461538464,1.0,1.0,629875d-dirty
rf,17,8,Subject494,random1,"4,7",52,0.44861932938856014,0.5,0.1346153846153846,0.5080419580419581,0.5576923076923077,0.1346153846153846,0.9804639804639805,0.9807692307692307,0.0,0.5,0.625,629875d-dirty
rf,17,8,Subject494,random2,"6,13",52,0.5271618395100177,0.5769230769230769,0.019230769230769232,0.5516194331983806,0.5961538461538461,0.019230769230769232,0.9103785103785105,0.9230769230769231,0.0,0.0,1.0,629875d-dirty
rf,17,8,Subject494,squat_deadlift,"0,6",52,0.5158354466046775,0.5769230769230769,0.07692307692307693,0.4619892927585235,0.5384615384615384,0.07692307692307693,0.9299145299145299,0.9423076923076923,0.0,0.0,0.875,629875d-dirty
rf,17,8,Subject741,pushup_pushpress,"1,7",52,0.6380952380952382,0.6730769230769231,0.038461538461538464,0.6179487179487181,0.6538461538461539,0.038461538461538464,0.8843101343101343,0.8846153846153846,0.019230769230769232,1.0,1.0,629875d-dirty
rf,17,8,Subject741,random1,"3,14",52,0.6227106227106227,0.6730769230769231,0.0,0.6227106227106227,0.6730769230769231,0.0,0.8757631257631258,0.8846153846153846,0.0,1.0,1.0,629875d-dirty
rf,17,8,Subject741,random2,"6,13",52,0.6410256410256411,0.6923076923076923,0.0,0.659052059052059,0.7115384615384616,0.0,0.8949938949938949,0.9038461538461539,0.0,0.875,0.875,629875d-dirty
rf,17,8,Subject741,squat_deadlift,"0,6",52,0.7435897435897437,0.7692307692307693,0.07692307692307693,0.7174825174825176,0.75,0.07692307692307693,0.8949938949938949,0.9038461538461539,0.0,0.375,0.875,629875d-dirty
rf,17,8,Subject819,pushup_pushpress,"1,7",52,0.8717948717948717,0.8846153846153846,0.038461538461538464,0.8717948717948717,0.8846153846153846,0.038461538461538464,0.8974358974358974,0.9230769230769231,0.0,1.0,1.0,629875d-dirty
rf,17,8,Subject819,random1,"0,2",52,0.8564102564102564,0.8846153846153846,0.0,0.8778998778998779,0.9038461538461539,0.0,0.8778998778998779,0.9038461538461539,0.0,1.0,1.0,629875d-dirty
rf,17,8,Subject819,random2,"2,9",52,0.8564102564102564,0.8846153846153846,0.0,0.8564102564102564,0.8846153846153846,0.0,0.8778998778998779,0.9038461538461539,0.0,1.0,1.0,629875d-dirty
rf,17,8,Subject819,squat_deadlift,"0,6",52,0.8564102564102564,0.8846153846153846,0.0,0.8564102564102564,0.8846153846153846,0.0,0.8778998778998779,0.9038461538461539,0.0,1.0,1.0,629875d-dirty
rf,17,17,Subject147,pushup_pushpress,"1,7",27,0.8974358974358976,0.9259259259259259,0.0,0.9358974358974359,0.9259259259259259,0.037037037037037035,0.958974358974359,0.9629629629629629,0.0,1.0,1.0,629875d-dirty
rf,17,17,Subject147,random1,"10,12",27,0.9230769230769231,0.9259259259259259,0.07407407407407407,0.9230769230769231,0.9259259259259259,0.07407407407407407,0.9743589743589743,0.9629629629629629,0.037037037037037035,1.0,1.0,629875d-dirty
rf,17,17,Subject147,random2,"4,11",27,1.0,1.0,0.0,0.958974358974359,0.9629629629629629,0.0,1.0,1.0,0.0,0.5,0.75,629875d-dirty
rf,17,17,Subject147,squat_deadlift,"0,6",27,0.8974358974358976,0.9259259259259259,0.0,0.8974358974358976,0.9259259259259259,0.0,0.958974358974359,0.9629629629629629,0.0,1.0,1.0,629875d-dirty
rf,17,17,Subject352,pushup_pushpress,"1,7",26,0.7794871794871795,0.8076923076923077,0.0,0.7794871794871795,0.8076923076923077,0.0,0.8564102564102564,0.8846153846153846,0.0,1.0,1.0,629875d-dirty
rf,17,17,Subject352,random1,"8,10",26,0.7948717948717948,0.8076923076923077,0.038461538461538464,0.7948717948717948,0.8076923076923077,0.038461538461538464,0.8717948717948717,0.8846153846153846,0.038461538461538464,1.0,1.0,629875d-dirty
rf,17,17,Subject352,random2,"0,1",26,0.8051282051282052,0.8076923076923077,0.07692307692307693,0.8051282051282052,0.8076923076923077,0.07692307692307693,0.882051282051282,0.8846153846153846,0.07692307692307693,1.0,1.0,629875d-dirty
rf,17,17,Subject352,squat_deadlift,"0,6",26,0.8051282051282052,0.8076923076923077,0.07692307692307693,0.8051282051282052,0.8076923076923077,0.07692307692307693,0.882051282051282,0.8846153846153846,0.07692307692307693,1.0,1.0,629875d-dirty
rf,17,17,Subject376,pushup_pushpress,"1,7",52,0.8968253968253967,0.8846153846153846,0.038461538461538464,0.86990231990232,0.8461538461538461,0.09615384615384616,0.9584859584859585,0.9423076923076923,0.038461538461538464,0.875,1.0,629875d-dirty
rf,17,17,Subject376,random1,"5,11",52,0.8925518925518925,0.8846153846153846,0.019230769230769232,0.8531135531135531,0.8461538461538461,0.019230769230769232,0.9441391941391941,0.9423076923076923,0.0,0.875,1.0,629875d-dirty
rf,17,17,Subject376,random2,"10,14",52,0.9032356532356532,0.9038461538461539,0.0,0.8762515262515262,0.8653846153846154,0.038461538461538464,0.9502442002442003,0.9423076923076923,0.019230769230769232,0.75,0.875,629875d-dirty
rf,17,17,Subject376,squat_deadlift,"0,6",52,0.881868131868132,0.8653846153846154,0.038461538461538464,0.8333333333333333,0.8076923076923077,0.07692307692307693,0.9331501831501832,0.9230769230769231,0.019230769230769232,1.0,1.0,629875d-dirty
rf,17,17,Subject494,pushup_pushpress,"1,7",52,0.5548229548229547,0.5769230769230769,0.21153846153846154,0.5808913308913309,0.5961538461538461,0.21153846153846154,0.8996947496947497,0.9038461538461539,0.019230769230769232,1.0,1.0,629875d-dirty
rf,17,17,Subject494,random1,"4,7",52,0.6317460317460317,0.6538461538461539,0.1346153846153846,0.6788766788766789,0.6923076923076923,0.1346153846153846,0.9612332112332113,0.9615384615384616,0.0,0.5,0.625,629875d-dirty
rf,17,17,Subject494,random2,"6,13",52,0.6282372598162073,0.6538461538461539,0.038461538461538464,0.6260394576184051,0.6538461538461539,0.038461538461538464,0.8996947496947497,0.9038461538461539,0.019230769230769232,0.5,1.0,629875d-dirty
rf,17,17,Subject494,squat_deadlift,"0,6",52,0.7026862026862026,0.7307692307692307,0.057692307692307696,0.7026862026862026,0.7307692307692307,0.057692307692307696,0.9103785103785105,0.9230769230769231,0.0,0.0,0.875,629875d-dirty
rf,17,17,Subject741,pushup_pushpress,"1,7",52,0.8723054723054722,0.8846153846153846,0.0,0.8530747030747031,0.8653846153846154,0.0,0.960927960927961,0.9615384615384616,0.0,1.0,1.0,629875d-dirty
rf,17,17,Subject741,random1,"3,14",52,0.8723054723054722,0.8846153846153846,0.0,0.8723054723054722,0.8846153846153846,0.0,0.9609279609279611,0.9615384615384616,0.0,1.0,1.0,629875d-dirty
rf,17,17,Subject741,random2,"6,13",52,0.8723054723054724,0.8846153846153846,0.0,0.8984126984126986,0.9038461538461539,0.0,0.9609279609279611,0.9615384615384616,0.0,1.0,1.0,629875d-dirty
rf,17,17,Subject741,squat_deadlift,"0,6",52,0.8876900876900877,0.8846153846153846,0.038461538461538464,0.8876900876900877,0.8846153846153846,0.038461538461538464,0.960927960927961,0.9615384615384616,0.0,1.0,1.0,629875d-dirty
rf,17,17,Subject819,pushup_pushpress,"1,7",52,0.958974358974359,0.9615384615384616,0.0,0.958974358974359,0.9615384615384616,0.0,0.958974358974359,0.9615384615384616,0.0,0.875,0.875,629875d-dirty
rf,17,17,Subject819,random1,"0,2",52,0.9394383394383394,0.9423076923076923,0.0,0.9394383394383394,0.9423076923076923,0.0,0.9394383394383394,0.9423076923076923,0.0,1.0,1.0,629875d-dirty
rf,17,17,Subject819,random2,"2,9",52,0.9394383394383394,0.9423076923076923,0.0,0.9133311133311134,0.9230769230769231,0.0,0.9394383394383394,0.9423076923076923,0.0,1.0,1.0,629875d-dirty
rf,17,17,Subject819,squat_deadlift,"0,6",52,0.9394383394383394,0.9423076923076923,0.0,0.960927960927961,0.9615384615384616,0.0,0.9394383394383394,0.9423076923076923,0.0,1.0,1.0,629875d-dirty
rf,18,8,Subject139,pushup_pushpress,"1,7",52,0.9548229548229549,0.9423076923076923,0.038461538461538464,0.9548229548229549,0.9423076923076923,0.038461538461538464,0.9743589743589743,0.9615384615384616,0.038461538461538464,1.0,1.0,629875d-dirty
rf,18,8,Subject139,random1,"4,6",52,0.9394383394383394,0.9423076923076923,0.0,0.960927960927961,0.9615384615384616,0.0,0.958974358974359,0.9615384615384616,0.0,1.0,1.0,629875d-dirty
rf,18,8,Subject139,random2,"3,9",52,0.9394383394383394,0.9423076923076923,0.0,0.9394383394383394,0.9423076923076923,0.0,0.958974358974359,0.9615384615384616,0.0,1.0,1.0,629875d-dirty
rf,18,8,Subject139,squat_deadlift,"0,6",52,0.958974358974359,0.9615384615384616,0.0,0.958974358974359,0.9615384615384616,0.0,0.958974358974359,0.9615384615384616,0.0,0.875,1.0,629875d-dirty
rf,18,8,Subject226,pushup_pushpress,"1,7",26,0.641025641025641,0.6538461538461539,0.11538461538461539,0.5897435897435896,0.6153846153846154,0.15384615384615385,0.9743589743589743,0.9615384615384616,0.038461538461538464,1.0,1.0,629875d-dirty
rf,18,8,Subject226,random1,"7,8",26,0.641025641025641,0.6538461538461539,0.11538461538461539,0.5897435897435896,0.6153846153846154,0.15384615384615385,0.9743589743589743,0.9615384615384616,0.038461538461538464,1.0,1.0,629875d-dirty
rf,18,8,Subject226,random2,"5,10",26,0.7282051282051282,0.7307692307692307,0.07692307692307693,0.676923076923077,0.6923076923076923,0.11538461538461539,0.958974358974359,0.9615384615384616,0.0,0.5,1.0,629875d-dirty
rf,18,8,Subject226,squat_deadlift,"0,6",26,0.7106227106227105,0.7307692307692307,0.11538461538461539,0.7106227106227105,0.7307692307692307,0.11538461538461539,0.958974358974359,0.9615384615384616,0.0,0.5,1.0,629875d-dirty
rf,18,8,Subject455,pushup_pushpress,"1,7",52,0.8778998778998779,0.9038461538461539,0.0,0.8825021132713441,0.9038461538461539,0.0,1.0,1.0,0.0,1.0,1.0,629875d-dirty
rf,18,8,Subject455,random1,"11,12",52,0.8778998778998779,0.9038461538461539,0.0,0.9172161172161173,0.9230769230769231,0.0,1.0,1.0,0.0,1.0,1.0,629875d-dirty
rf,18,8,Subject455,random2,"0,10",52,0.8864468864468864,0.9038461538461539,0.019230769230769232,0.8717948717948717,0.8846153846153846,0.038461538461538464,1.0,1.0,0.0,1.0,1.0,629875d-dirty
rf,18,8,Subject455,squat_deadlift,"0,6",52,0.8864468864468864,0.9038461538461539,0.019230769230769232,0.8825021132713441,0.9038461538461539,0.0,1.0,1.0,0.0,1.0,1.0,629875d-dirty
rf,18,8,Subject867,pushup_pushpress,"1,7",52,0.7548229548229549,0.7692307692307693,0.07692307692307693,0.8097902097902098,0.8076923076923077,0.07692307692307693,0.9230769230769231,0.9230769230769231,0.019230769230769232,1.0,1.0,629875d-dirty
rf,18,8,Subject867,random1,"0,14",52,0.8317460317460318,0.8461538461538461,0.0,0.8317460317460318,0.8461538461538461,0.0,0.9145299145299144,0.9230769230769231,0.0,0.5,1.0,629875d-dirty
rf,18,8,Subject867,random2,"8,11",52,0.7291819291819291,0.7692307692307693,0.0,0.7487179487179486,0.7884615384615384,0.0,0.9145299145299144,0.9230769230769231,0.0,1.0,1.0,629875d-dirty
rf,18,8,Subject867,squat_deadlift,"0,6",52,0.7548229548229549,0.7692307692307693,0.07692307692307693,0.7548229548229549,0.7692307692307693,0.07692307692307693,0.9145299145299146,0.9230769230769231,0.0,1.0,1.0,629875d-dirty
rf,18,8,Subject890,pushup_pushpress,"1,7",26,0.8051282051282052,0.8461538461538461,0.038461538461538464,0.776923076923077,0.8076923076923077,0.07692307692307693,0.8974358974358974,0.9230769230769231,0.0,0.75,1.0,629875d-dirty
rf,18,8,Subject890,random1,"0,7",26,0.7641025641025642,0.8076923076923077,0.038461538461538464,0.7,0.7307692307692307,0.07692307692307693,0.8974358974358974,0.9230769230769231,0.0,1.0,1.0,629875d-dirty
rf,18,8,Subject890,random2,"6,8",26,0.8512820512820513,0.8846153846153846,0.0,0.7234432234432234,0.7692307692307693,0.0,1.0,1.0,0.0,0.5,0.5,629875d-dirty
rf,18,8,Subject890,squat_deadlift,"0,6",26,0.7487179487179488,0.8076923076923077,0.0,0.7666666666666667,0.8076923076923077,0.038461538461538464,0.8974358974358974,0.9230769230769231,0.0,1.0,1.0,629875d-dirty
rf,18,8,Subject969,pushup_pushpress,"1,7",26,0.6897435897435897,0.7307692307692307,0.0,0.6897435897435897,0.7307692307692307,0.0,0.8974358974358974,0.9230769230769231,0.0,0.5,1.0,629875d-dirty
rf,18,8,Subject969,random1,"6,12",26,0.6051282051282051,0.6538461538461539,0.0,0.6051282051282051,0.6538461538461539,0.0,0.8974358974358974,0.9230769230769231,0.0,1.0,1.0,629875d-dirty
rf,18,8,Subject969,random2,"1,9",26,0.6051282051282052,0.6538461538461539,0.0,0.6051282051282052,0.6538461538461539,0.0,0.8974358974358974,0.9230769230769231,0.0,1.0,1.0,629875d-dirty
rf,18,8,Subject969,squat_deadlift,"0,6",26,0.6820512820512821,0.7307692307692307,0.0,0.6820512820512821,0.7307692307692307,0.0,0.8974358974358974,0.9230769230769231,0.0,0.5,1.0,629875d-dirty
rf,18,17,Subject139,pushup_pushpress,"1,7",52,0.9162393162393161,0.9230769230769231,0.0,0.8979242979242978,0.9038461538461539,0.0,0.9804639804639805,0.9807692307692307,0.0,1.0,1.0,629875d-dirty
rf,18,17,Subject139,random1,"4,6",52,0.9316239316239316,0.9230769230769231,0.038461538461538464,0.9150183150183151,0.9038461538461539,0.038461538461538464,0.989010989010989,0.9807692307692307,0.019230769230769232,1.0,1.0,629875d-dirty
rf,18,17,Subject139,random2,"3,9",52,0.9162393162393161,0.9230769230769231,0.0,0.9162393162393161,0.9230769230769231,0.0,0.9804639804639805,0.9807692307692307,0.0,1.0,1.0,629875d-dirty
rf,18,17,Subject139,squat_deadlift,"0,6",52,0.9743589743589743,0.9615384615384616,0.038461538461538464,0.9365079365079366,0.9230769230769231,0.038461538461538464,0.989010989010989,0.9807692307692307,0.019230769230769232,0.75,1.0,629875d-dirty
rf,18,17,Subject226,pushup_pushpress,"1,7",26,0.8461538461538461,0.8461538461538461,0.07692307692307693,0.7435897435897435,0.7692307692307693,0.15384615384615385,0.9487179487179487,0.9230769230769231,0.07692307692307693,1.0,1.0,629875d-dirty
rf,18,17,Subject226,random1,"7,8",26,0.8717948717948717,0.8461538461538461,0.15384615384615385,0.8205128205128205,0.8076923076923077,0.19230769230769232,0.9487179487179487,0.9230769230769231,0.07692307692307693,1.0,1.0,629875d-dirty
rf,18,17,Subject226,random2,"5,10",26,0.8564102564102564,0.8846153846153846,0.0,0.8051282051282052,0.8461538461538461,0.038461538461538464,0.958974358974359,0.9615384615384616,0.0,0.75,1.0,629875d-dirty
rf,18,17,Subject226,squat_deadlift,"0,6",26,0.9230769230769231,0.9230769230769231,0.0,0.9230769230769231,0.9230769230769231,0.0,0.9230769230769231,0.9230769230769231,0.0,0.5,1.0,629875d-dirty
rf,18,17,Subject455,pushup_pushpress,"1,7",52,0.9328671328671329,0.9423076923076923,0.0,0.8722222222222222,0.8846153846153846,0.0,1.0,1.0,0.0,1.0,1.0,629875d-dirty
rf,18,17,Subject455,random1,"11,12",52,0.9328671328671329,0.9423076923076923,0.0,0.867909867909868,0.8846153846153846,0.0,1.0,1.0,0.0,1.0,1.0,629875d-dirty
rf,18,17,Subject455,random2,"0,10",52,0.9538461538461539,0.9423076923076923,0.057692307692307696,0.9743589743589743,0.9615384615384616,0.038461538461538464,1.0,1.0,0.0,1.0,1.0,629875d-dirty
rf,18,17,Subject455,squat_deadlift,"0,6",52,0.9538461538461539,0.9423076923076923,0.057692307692307696,0.9743589743589743,0.9615384615384616,0.038461538461538464,1.0,1.0,0.0,1.0,1.0,629875d-dirty
rf,18,17,Subject867,pushup_pushpress,"1,7",52,0.8632478632478632,0.8653846153846154,0.057692307692307696,0.8961538461538462,0.8846153846153846,0.057692307692307696,0.8769230769230769,0.8846153846153846,0.038461538461538464,1.0,1.0,629875d-dirty
rf,18,17,Subject867,random1,"0,14",52,0.8422688422688422,0.8653846153846154,0.0,0.8227328227328227,0.8461538461538461,0.0,0.8615384615384615,0.8846153846153846,0.0,1.0,1.0,629875d-dirty
rf,18,17,Subject867,random2,"8,11",52,0.8422688422688422,0.8653846153846154,0.0,0.8205128205128205,0.8461538461538461,0.0,0.8615384615384615,0.8846153846153846,0.0,1.0,1.0,629875d-dirty
rf,18,17,Subject867,squat_deadlift,"0,6",52,0.8422688422688422,0.8653846153846154,0.0,0.8422688422688422,0.8653846153846154,0.0,0.8615384615384615,0.8846153846153846,0.0,1.0,1.0,629875d-dirty
rf,18,17,Subject890,pushup_pushpress,"1,7",26,0.8974358974358976,0.9230769230769231,0.0,0.8974358974358976,0.9230769230769231,0.0,0.958974358974359,0.9615384615384616,0.0,0.75,1.0,629875d-dirty
rf,18,17,Subject890,random1,"0,7",26,0.8974358974358976,0.9230769230769231,0.0,0.8769230769230769,0.8846153846153846,0.038461538461538464,0.958974358974359,0.9615384615384616,0.0,0.75,1.0,629875d-dirty
rf,18,17,Subject890,random2,"6,8",26,0.8644688644688644,0.8846153846153846,0.0,0.8644688644688644,0.8846153846153846,0.0,0.958974358974359,0.9615384615384616,0.0,1.0,1.0,629875d-dirty
rf,18,17,Subject890,squat_deadlift,"0,6",26,0.8644688644688644,0.8846153846153846,0.0,0.8974358974358976,0.9230769230769231,0.0,0.958974358974359,0.9615384615384616,0.0,1.0,1.0,629875d-dirty
rf,18,17,Subject969,pushup_pushpress,"1,7",26,0.7307692307692307,0.7692307692307693,0.0,0.7307692307692307,0.7692307692307693,0.0,0.8564102564102564,0.8846153846153846,0.0,0.5,1.0,629875d-dirty
rf,18,17,Subject969,random1,"6,12",26,0.6461538461538462,0.6923076923076923,0.0,0.6461538461538462,0.6923076923076923,0.0,0.8564102564102564,0.8846153846153846,0.0,1.0,1.0,629875d-dirty
rf,18,17,Subject969,random2,"1,9",26,0.6461538461538462,0.6923076923076923,0.0,0.6461538461538462,0.6923076923076923,0.0,0.8564102564102564,0.8846153846153846,0.0,1.0,1.0,629875d-dirty
rf,18,17,Subject969,squat_deadlift,"0,6",26,0.7230769230769231,0.7692307692307693,0.0,0.7230769230769231,0.7692307692307693,0.0,0.8974358974358974,0.9230769230769231,0.0,0.5,0.75,629875d-dirty
rf,19,8,Subject147,pushup_pushpress,"1,7",27,0.8461538461538461,0.8518518518518519,0.037037037037037035,0.8153846153846154,0.8148148148148148,0.07407407407407407,0.8666666666666667,0.8888888888888888,0.0,1.0,1.0,629875d-dirty
rf,19,8,Subject147,random1,"4,13",27,0.9282051282051282,0.9259259259259259,0.0,0.8666666666666667,0.8888888888888888,0.0,0.9692307692307693,0.9629629629629629,0.0,0.5,0.5,629875d-dirty
rf,19,8,Subject147,random2,"6,9",27,0.8307692307692308,0.8518518518518519,0.0,0.8307692307692308,0.8518518518518519,0.0,0.8666666666666667,0.8888888888888888,0.0,1.0,1.0,629875d-dirty
rf,19,8,Subject147,squat_deadlift,"0,6",27,0.8307692307692308,0.8518518518518519,0.0,0.8307692307692308,0.8518518518518519,0.0,0.8666666666666667,0.8888888888888888,0.0,1.0,1.0,629875d-dirty
rf,19,8,Subject354,pushup_pushpress,"1,7",52,0.8358974358974359,0.8461538461538461,0.038461538461538464,0.8244422244422244,0.8269230769230769,0.038461538461538464,0.958974358974359,0.9615384615384616,0.0,1.0,1.0,629875d-dirty
rf,19,8,Subject354,random1,"0,4",52,0.917948717948718,0.9230769230769231,0.0,0.9133311133311134,0.9230769230769231,0.0,1.0,1.0,0.0,0.5,0.625,629875d-dirty
rf,19,8,Subject354,random2,"11,14",52,0.8358974358974359,0.8461538461538461,0.038461538461538464,0.7936729936729937,0.8076923076923077,0.057692307692307696,0.958974358974359,0.9615384615384616,0.0,1.0,1.0,629875d-dirty
rf,19,8,Subject354,squat_deadlift,"0,6",52,0.8615384615384615,0.8846153846153846,0.0,0.8944055944055944,0.9038461538461539,0.0,0.958974358974359,0.9615384615384616,0.0,0.75,0.875,629875d-dirty
rf,19,8,Subject494,pushup_pushpress,"1,7",52,0.4522588522588522,0.5,0.21153846153846154,0.39434582511505584,0.46153846153846156,0.19230769230769232,0.9133311133311134,0.9230769230769231,0.0,0.5,1.0,629875d-dirty
rf,19,8,Subject494,random1,"6,8",52,0.4417869711987359,0.5,0.0,0.3640637140637141,0.46153846153846156,0.0,0.9133311133311134,0.9230769230769231,0.0,0.5,1.0,629875d-dirty
rf,19,8,Subject494,random2,"2,5",52,0.40955253896430366,0.4807692307692308,0.038461538461538464,0.4431235431235431,0.5,0.057692307692307696,0.9133311133311134,0.9230769230769231,0.0,0.625,1.0,629875d-dirty
rf,19,8,Subject494,squat_deadlift,"0,6",52,0.5225885225885226,0.5769230769230769,0.0,0.4915375223067531,0.5576923076923077,0.0,0.9328671328671329,0.9423076923076923,0.0,0.0,0.875,629875d-dirty
rf,19,8,Subject729,pushup_pushpress,"1,7",52,0.9394383394383395,0.9423076923076923,0.0,0.9394383394383395,0.9423076923076923,0.0,0.9804639804639805,0.9807692307692307,0.0,1.0,1.0,629875d-dirty
rf,19,8,Subject729,random1,"3,9",52,0.9548229548229549,0.9423076923076923,0.038461538461538464,0.9365079365079366,0.9230769230769231,0.038461538461538464,0.9804639804639805,0.9807692307692307,0.0,1.0,1.0,629875d-dirty
rf,19,8,Subject729,random2,"0,14",52,0.9394383394383395,0.9423076923076923,0.0,0.9394383394383395,0.9423076923076923,0.0,1.0,1.0,0.0,1.0,1.0,629875d-dirty
rf,19,8,Subject729,squat_deadlift,"0,6",52,0.9479853479853481,0.9423076923076923,0.019230769230769232,0.9186813186813187,0.9038461538461539,0.038461538461538464,0.9804639804639805,0.9807692307692307,0.0,1.0,1.0,629875d-dirty
rf,19,8,Subject731,pushup_pushpress,"1,7",26,0.8102564102564104,0.8076923076923077,0.07692307692307693,0.7179487179487178,0.7307692307692307,0.11538461538461539,1.0,1.0,0.0,1.0,1.0,629875d-dirty
rf,19,8,Subject731,random1,"3,12",26,0.7846153846153847,0.8076923076923077,0.0,0.7465201465201466,0.7692307692307693,0.0,1.0,1.0,0.0,1.0,1.0,629875d-dirty
rf,19,8,Subject731,random2,"0,5",26,0.8256410256410257,0.8461538461538461,0.0,0.8846153846153846,0.8846153846153846,0.0,1.0,1.0,0.0,0.75,1.0,629875d-dirty
rf,19,8,Subject731,squat_deadlift,"0,6",26,0.8256410256410257,0.8461538461538461,0.0,0.8846153846153846,0.8846153846153846,0.0,1.0,1.0,0.0,0.75,1.0,629875d-dirty
rf,19,8,Subject890,pushup_pushpress,"1,7",26,0.8974358974358976,0.9230769230769231,0.0,0.8769230769230769,0.8846153846153846,0.038461538461538464,0.958974358974359,0.9615384615384616,0.0,0.75,1.0,629875d-dirty
rf,19,8,Subject890,random1,"2,4",26,0.9743589743589743,0.9615384615384616,0.038461538461538464,0.8717948717948717,0.8461538461538461,0.15384615384615385,1.0,1.0,0.0,0.5,1.0,629875d-dirty
rf,19,8,Subject890,random2,"0,13",26,0.8564102564102564,0.8846153846153846,0.0,0.8205128205128206,0.8461538461538461,0.0,0.958974358974359,0.9615384615384616,0.0,1.0,1.0,629875d-dirty
rf,19,8,Subject890,squat_deadlift,"0,6",26,0.8564102564102564,0.8846153846153846,0.0,0.8564102564102564,0.8846153846153846,0.0,0.958974358974359,0.9615384615384616,0.0,1.0,1.0,629875d-dirty
rf,19,17,Subject147,pushup_pushpress,"1,7",27,0.8769230769230769,0.8888888888888888,0.037037037037037035,0.8769230769230769,0.8888888888888888,0.037037037037037035,0.8461538461538461,0.8518518518518519,0.037037037037037035,1.0,1.0,629875d-dirty
rf,19,17,Subject147,random1,"4,13",27,0.958974358974359,0.9629629629629629,0.0,0.958974358974359,0.9629629629629629,0.0,0.9282051282051282,0.9259259259259259,0.0,0.5,0.5,629875d-dirty
rf,19,17,Subject147,random2,"6,9",27,0.8615384615384615,0.8888888888888888,0.0,0.8307692307692308,0.8518518518518519,0.0,0.8307692307692308,0.8518518518518519,0.0,1.0,1.0,629875d-dirty
rf,19,17,Subject147,squat_deadlift,"0,6",27,0.8615384615384615,0.8888888888888888,0.0,0.8307692307692308,0.8518518518518519,0.0,0.8307692307692308,0.8518518518518519,0.0,1.0,1.0,629875d-dirty
rf,19,17,Subject354,pushup_pushpress,"1,7",52,0.9694749694749696,0.9615384615384616,0.019230769230769232,0.94993894993895,0.9423076923076923,0.019230769230769232,0.9804639804639805,0.9807692307692307,0.0,1.0,1.0,629875d-dirty
rf,19,17,Subject354,random1,"0,4",52,0.960927960927961,0.9615384615384616,0.0,0.9413919413919415,0.9423076923076923,0.0,1.0,1.0,0.0,1.0,1.0,629875d-dirty
rf,19,17,Subject354,random2,"11,14",52,0.9609279609279611,0.9615384615384616,0.0,0.9352869352869354,0.9230769230769231,0.038461538461538464,0.9804639804639805,0.9807692307692307,0.0,1.0,1.0,629875d-dirty
rf,19,17,Subject354,squat_deadlift,"0,6",52,0.960927960927961,0.9615384615384616,0.0,0.9804639804639805,0.9807692307692307,0.0,0.9804639804639805,0.9807692307692307,0.0,1.0,1.0,629875d-dirty
rf,19,17,Subject494,pushup_pushpress,"1,7",52,0.6239316239316239,0.6538461538461539,0.21153846153846154,0.6593628593628593,0.6730769230769231,0.21153846153846154,0.9343101343101343,0.9230769230769231,0.057692307692307696,1.0,1.0,629875d-dirty
rf,19,17,Subject494,random1,"6,8",52,0.6819613135402609,0.7307692307692307,0.0,0.6819613135402609,0.7307692307692307,0.0,0.9133311133311134,0.9230769230769231,0.0,0.5,1.0,629875d-dirty
rf,19,17,Subject494,random2,"2,5",52,0.622132253711201,0.6923076923076923,0.019230769230769232,0.6196902512691987,0.6730769230769231,0.019230769230769232,0.9218781218781219,0.9230769230769231,0.019230769230769232,0.75,0.875,629875d-dirty
rf,19,17,Subject494,squat_deadlift,"0,6",52,0.7735042735042735,0.8076923076923077,0.019230769230769232,0.7539682539682538,0.7884615384615384,0.019230769230769232,0.9328671328671329,0.9423076923076923,0.0,0.0,0.875,629875d-dirty
rf,19,17,Subject729,pushup_pushpress,"1,7",52,0.960927960927961,0.9615384615384616,0.0,0.9416971916971917,0.9423076923076923,0.0,1.0,1.0,0.0,1.0,1.0,629875d-dirty
rf,19,17,Subject729,random1,"3,9",52,0.9694749694749695,0.9615384615384616,0.019230769230769232,0.9502442002442002,0.9423076923076923,0.019230769230769232,1.0,1.0,0.0,1.0,1.0,629875d-dirty
rf,19,17,Subject729,random2,"0,14",52,0.9804639804639805,0.9807692307692307,0.0,0.9694749694749695,0.9615384615384616,0.019230769230769232,1.0,1.0,0.0,0.875,1.0,629875d-dirty
rf,19,17,Subject729,squat_deadlift,"0,6",52,0.9804639804639805,0.9807692307692307,0.0,0.989010989010989,0.9807692307692307,0.019230769230769232,1.0,1.0,0.0,0.875,1.0,629875d-dirty
rf,19,17,Subject731,pushup_pushpress,"1,7",26,0.7435897435897435,0.7692307692307693,0.038461538461538464,0.8051282051282052,0.8076923076923077,0.038461538461538464,0.958974358974359,0.9615384615384616,0.0,1.0,1.0,629875d-dirty
rf,19,17,Subject731,random1,"3,12",26,0.7282051282051282,0.7692307692307693,0.0,0.7897435897435897,0.8076923076923077,0.0,0.958974358974359,0.9615384615384616,0.0,1.0,1.0,629875d-dirty
rf,19,17,Subject731,random2,"0,5",26,0.8307692307692308,0.8461538461538461,0.0,0.8307692307692308,0.8461538461538461,0.0,0.958974358974359,0.9615384615384616,0.0,0.5,1.0,629875d-dirty
rf,19,17,Subject731,squat_deadlift,"0,6",26,0.8307692307692308,0.8461538461538461,0.0,0.8307692307692308,0.8461538461538461,0.0,0.958974358974359,0.9615384615384616,0.0,0.5,1.0,629875d-dirty
rf,19,17,Subject890,pushup_pushpress,"1,7",26,0.8769230769230769,0.8846153846153846,0.038461538461538464,0.8769230769230769,0.8846153846153846,0.038461538461538464,0.8769230769230769,0.8846153846153846,0.038461538461538464,1.0,1.0,629875d-dirty
rf,19,17,Subject890,random1,"2,4",26,0.958974358974359,0.9615384615384616,0.0,1.0,1.0,0.0,0.958974358974359,0.9615384615384616,0.0,0.5,0.5,629875d-dirty
rf,19,17,Subject890,random2,"0,13",26,0.8615384615384615,0.8846153846153846,0.0,0.8615384615384615,0.8846153846153846,0.0,0.8615384615384615,0.8846153846153846,0.0,1.0,1.0,629875d-dirty
rf,19,17,Subject890,squat_deadlift,"0,6",26,0.8615384615384615,0.8846153846153846,0.0,0.8974358974358976,0.9230769230769231,0.0,0.8615384615384615,0.8846153846153846,0.0,1.0,1.0,629875d-dirty
rf,20,8,Subject354,pushup_pushpress,"1,7",52,0.8440170940170939,0.8461538461538461,0.07692307692307693,0.8440170940170939,0.8461538461538461,0.07692307692307693,0.9697802197802198,0.9615384615384616,0.019230769230769232,1.0,1.0,629875d-dirty
rf,20,8,Subject354,random1,"10,14",52,0.9206349206349207,0.9230769230769231,0.0,0.9247863247863248,0.9230769230769231,0.019230769230769232,0.989010989010989,0.9807692307692307,0.019230769230769232,0.5,1.0,629875d-dirty
rf,20,8,Subject354,random2,"9,10",52,0.9206349206349207,0.9230769230769231,0.0,0.9059829059829061,0.9038461538461539,0.019230769230769232,0.989010989010989,0.9807692307692307,0.019230769230769232,0.5,0.875,629875d-dirty
rf,20,8,Subject354,squat_deadlift,"0,6",52,0.8586691086691087,0.8846153846153846,0.0,0.8586691086691087,0.8846153846153846,0.0,0.9612332112332113,0.9615384615384616,0.0,0.75,0.875,629875d-dirty
rf,20,8,Subject516,pushup_pushpress,"1,7",26,0.8974358974358974,0.8846153846153846,0.038461538461538464,0.8974358974358974,0.8846153846153846,0.038461538461538464,0.958974358974359,0.9615384615384616,0.0,1.0,1.0,629875d-dirty
rf,20,8,Subject516,random1,"5,11",26,0.882051282051282,0.8846153846153846,0.0,0.882051282051282,0.8846153846153846,0.0,0.958974358974359,0.9615384615384616,0.0,1.0,1.0,629875d-dirty
rf,20,8,Subject516,random2,"1,2",26,0.882051282051282,0.8846153846153846,0.0,0.882051282051282,0.8846153846153846,0.0,0.958974358974359,0.9615384615384616,0.0,1.0,1.0,629875d-dirty
rf,20,8,Subject516,squat_deadlift,"0,6",26,0.882051282051282,0.8846153846153846,0.0,0.882051282051282,0.8846153846153846,0.0,0.958974358974359,0.9615384615384616,0.0,1.0,1.0,629875d-dirty
rf,20,8,Subject561,pushup_pushpress,"1,7",52,0.7875679875679875,0.8076923076923077,0.0,0.8090576090576092,0.8269230769230769,0.0,0.9804639804639805,0.9807692307692307,0.0,1.0,1.0,629875d-dirty
rf,20,8,Subject561,random1,"6,12",52,0.8085470085470086,0.8076923076923077,0.057692307692307696,0.8300366300366301,0.8269230769230769,0.057692307692307696,0.9804639804639805,0.9807692307692307,0.0,1.0,1.0,629875d-dirty
rf,20,8,Subject561,random2,"1,3",52,0.7875679875679875,0.8076923076923077,0.0,0.809057609057609,0.8269230769230769,0.0,0.9804639804639805,0.9807692307692307,0.0,1.0,1.0,629875d-dirty
rf,20,8,Subject561,squat_deadlift,"0,6",52,0.8085470085470086,0.8076923076923077,0.057692307692307696,0.8197802197802199,0.8076923076923077,0.07692307692307693,0.9804639804639805,0.9807692307692307,0.0,1.0,1.0,629875d-dirty
rf,20,8,Subject571,pushup_pushpress,"1,7",26,0.958974358974359,0.9615384615384616,0.0,0.917948717948718,0.9230769230769231,0.0,1.0,1.0,0.0,1.0,1.0,629875d-dirty
rf,20,8,Subject571,random1,"0,4",26,1.0,1.0,0.0,0.9487179487179487,0.9230769230769231,0.07692307692307693,0.8974358974358974,0.9230769230769231,0.0,0.75,1.0,629875d-dirty
rf,20,8,Subject571,random2,"11,13",26,0.958974358974359,0.9615384615384616,0.0,0.958974358974359,0.9615384615384616,0.0,0.8974358974358974,0.9230769230769231,0.0,1.0,1.0,629875d-dirty
rf,20,8,Subject571,squat_deadlift,"0,6",26,1.0,1.0,0.0,1.0,1.0,0.0,0.8974358974358974,0.9230769230769231,0.0,0.75,1.0,629875d-dirty
rf,20,8,Subject580,pushup_pushpress,"1,7",78,0.8192554805676978,0.8205128205128205,0.02564102564102564,0.8063453138113771,0.8076923076923077,0.02564102564102564,0.8751517713056174,0.8846153846153846,0.01282051282051282,0.9166666666666666,0.9166666666666666,629875d-dirty
rf,20,8,Subject580,random1,"3,5",78,0.7989680756649081,0.8076923076923077,0.0,0.7590695126894222,0.7692307692307693,0.0,0.8589375933267335,0.8717948717948718,0.0,1.0,1.0,629875d-dirty
rf,20,8,Subject580,random2,"12,14",78,0.7989680756649081,0.8076923076923077,0.0,0.7797868797868795,0.782051282051282,0.01282051282051282,0.8589375933267335,0.8717948717948718,0.0,1.0,1.0,629875d-dirty
rf,20,8,Subject580,squat_deadlift,"0,6",78,0.8215925100540484,0.8333333333333334,0.0,0.8098568098568097,0.8076923076923077,0.038461538461538464,0.8837896643326507,0.8974358974358975,0.0,0.8333333333333334,0.8333333333333334,629875d-dirty
rf,20,8,Subject890,pushup_pushpress,"1,7",26,0.8358974358974359,0.8461538461538461,0.038461538461538464,0.8358974358974359,0.8461538461538461,0.038461538461538464,0.8564102564102564,0.8846153846153846,0.0,0.5,1.0,629875d-dirty
rf,20,8,Subject890,random1,"4,8",26,0.8128205128205128,0.8461538461538461,0.0,0.7743589743589744,0.8076923076923077,0.0,0.958974358974359,0.9615384615384616,0.0,0.5,1.0,629875d-dirty
rf,20,8,Subject890,random2,"2,12",26,0.7307692307692307,0.7692307692307693,0.038461538461538464,0.6051282051282052,0.6538461538461539,0.11538461538461539,0.8974358974358974,0.9230769230769231,0.0,1.0,0.75,629875d-dirty
rf,20,8,Subject890,squat_deadlift,"0,6",26,0.7307692307692307,0.7692307692307693,0.038461538461538464,0.7307692307692307,0.7692307692307693,0.038461538461538464,0.8564102564102564,0.8846153846153846,0.0,1.0,1.0,629875d-dirty
rf,20,17,Subject354,pushup_pushpress,"1,7",52,0.918925518925519,0.9230769230769231,0.019230769230769232,0.958974358974359,0.9615384615384616,0.0,1.0,1.0,0.0,1.0,1.0,629875d-dirty
rf,20,17,Subject354,random1,"10,14",52,0.9804639804639805,0.9807692307692307,0.0,1.0,1.0,0.0,1.0,1.0,0.0,0.625,1.0,629875d-dirty
rf,20,17,Subject354,random2,"9,10",52,0.9804639804639805,0.9807692307692307,0.0,1.0,1.0,0.0,1.0,1.0,0.0,0.625,1.0,629875d-dirty
rf,20,17,Subject354,squat_deadlift,"0,6",52,0.9103785103785105,0.9230769230769231,0.0,0.9804639804639805,0.9807692307692307,0.0,1.0,1.0,0.0,1.0,1.0,629875d-dirty
rf,20,17,Subject516,pushup_pushpress,"1,7",26,0.9333333333333333,0.9230769230769231,0.038461538461538464,0.9333333333333333,0.9230769230769231,0.038461538461538464,0.958974358974359,0.9615384615384616,0.0,1.0,0.75,629875d-dirty
rf,20,17,Subject516,random1,"5,11",26,0.9179487179487178,0.9230769230769231,0.0,0.9179487179487178,0.9230769230769231,0.0,0.958974358974359,0.9615384615384616,0.0,1.0,1.0,629875d-dirty
rf,20,17,Subject516,random2,"1,2",26,0.9179487179487178,0.9230769230769231,0.0,0.9179487179487178,0.9230769230769231,0.0,0.958974358974359,0.9615384615384616,0.0,1.0,1.0,629875d-dirty
rf,20,17,Subject516,squat_deadlift,"0,6",26,0.9179487179487178,0.9230769230769231,0.0,0.9179487179487178,0.9230769230769231,0.0,0.958974358974359,0.9615384615384616,0.0,1.0,1.0,629875d-dirty
rf,20,17,Subject561,pushup_pushpress,"1,7",52,0.7631701631701632,0.8076923076923077,0.0,0.7631701631701632,0.8076923076923077,0.0,0.9804639804639805,0.9807692307692307,0.0,1.0,1.0,629875d-dirty
rf,20,17,Subject561,random1,"6,12",52,0.7841491841491842,0.8076923076923077,0.057692307692307696,0.8195804195804197,0.8269230769230769,0.057692307692307696,0.9804639804639805,0.9807692307692307,0.0,1.0,1.0,629875d-dirty
rf,20,17,Subject561,random2,"1,3",52,0.7631701631701632,0.8076923076923077,0.0,0.7631701631701632,0.8076923076923077,0.0,0.9804639804639805,0.9807692307692307,0.0,1.0,1.0,629875d-dirty
rf,20,17,Subject561,squat_deadlift,"0,6",52,0.7841491841491842,0.8076923076923077,0.057692307692307696,0.8195804195804197,0.8269230769230769,0.057692307692307696,0.9804639804639805,0.9807692307692307,0.0,1.0,1.0,629875d-dirty
rf,20,17,Subject571,pushup_pushpress,"1,7",26,0.8644688644688644,0.8846153846153846,0.0,0.8644688644688644,0.8846153846153846,0.0,1.0,1.0,0.0,1.0,1.0,629875d-dirty
rf,20,17,Subject571,random1,"0,4",26,0.8974358974358974,0.8846153846153846,0.11538461538461539,0.8974358974358974,0.8846153846153846,0.11538461538461539,1.0,1.0,0.0,1.0,1.0,629875d-dirty
rf,20,17,Subject571,random2,"11,13",26,0.8644688644688644,0.8846153846153846,0.0,0.9230769230769229,0.9230769230769231,0.0,1.0,1.0,0.0,1.0,1.0,629875d-dirty
rf,20,17,Subject571,squat_deadlift,"0,6",26,0.8644688644688644,0.8846153846153846,0.0,0.8644688644688644,0.8846153846153846,0.0,1.0,1.0,0.0,1.0,1.0,629875d-dirty
rf,20,17,Subject580,pushup_pushpress,"1,7",78,0.9155280616819078,0.9102564102564102,0.01282051282051282,0.9073362534900996,0.8974358974358975,0.02564102564102564,0.9319885242962166,0.9230769230769231,0.02564102564102564,0.9166666666666666,0.8333333333333334,629875d-dirty
rf,20,17,Subject580,random1,"3,5",78,0.8977765823919669,0.8974358974358975,0.0,0.8723379184917646,0.8717948717948718,0.0,0.9093060785368478,0.9102564102564102,0.0,1.0,1.0,629875d-dirty
rf,20,17,Subject580,random2,"12,14",78,0.8977765823919671,0.8974358974358975,0.0,0.8597505059043521,0.8589743589743589,0.0,0.9093060785368479,0.9102564102564102,0.0,1.0,1.0,629875d-dirty
rf,20,17,Subject580,squat_deadlift,"0,6",78,0.9285458131611979,0.9230769230769231,0.01282051282051282,0.8908091908091907,0.8846153846153846,0.01282051282051282,0.9365250134480904,0.9358974358974359,0.0,0.8333333333333334,0.9166666666666666,629875d-dirty
rf,20,17,Subject890,pushup_pushpress,"1,7",26,0.8769230769230769,0.8846153846153846,0.0,0.8769230769230769,0.8846153846153846,0.0,1.0,1.0,0.0,0.5,1.0,629875d-dirty
rf,20,17,Subject890,random1,"4,8",26,0.8948717948717948,0.8846153846153846,0.038461538461538464,0.882051282051282,0.8846153846153846,0.07692307692307693,1.0,1.0,0.0,0.5,1.0,629875d-dirty
rf,20,17,Subject890,random2,"2,12",26,0.8051282051282052,0.8076923076923077,0.0,0.9230769230769231,0.9230769230769231,0.0,1.0,1.0,0.0,1.0,1.0,629875d-dirty
rf,20,17,Subject890,squat_deadlift,"0,6",26,0.805128205128205,0.8076923076923077,0.0,0.882051282051282,0.8846153846153846,0.0,1.0,1.0,0.0,1.0,1.0,629875d-dirty
rf,21,8,Subject376,pushup_pushpress,"1,7",52,0.7663614163614164,0.7692307692307693,0.07692307692307693,0.7874236874236874,0.7692307692307693,0.11538461538461539,0.9230769230769231,0.9230769230769231,0.07692307692307693,0.75,1.0,629875d-dirty
rf,21,8,Subject376,random1,"4,12",52,0.791086691086691,0.7884615384615384,0.09615384615384616,0.725052725052725,0.7307692307692307,0.1346153846153846,0.9804639804639805,0.9807692307692307,0.0,0.625,1.0,629875d-dirty
rf,21,8,Subject376,random2,"5,9",52,0.7048229548229549,0.7307692307692307,0.0,0.697030747030747,0.7115384615384616,0.0,0.8795648795648796,0.9038461538461539,0.0,1.0,1.0,629875d-dirty
rf,21,8,Subject376,squat_deadlift,"0,6",52,0.7586691086691086,0.7692307692307693,0.038461538461538464,0.8187590187590187,0.8076923076923077,0.057692307692307696,0.8795648795648796,0.9038461538461539,0.0,0.75,1.0,629875d-dirty
rf,21,8,Subject494,pushup_pushpress,"1,7",52,0.3917193917193917,0.4423076923076923,0.19230769230769232,0.3756188256188256,0.4230769230769231,0.19230769230769232,0.915079365079365,0.9038461538461539,0.057692307692307696,1.0,1.0,629875d-dirty
rf,21,8,Subject494,random1,"1,3",52,0.3746253746253746,0.4423076923076923,0.07692307692307693,0.3385735179852827,0.38461538461538464,0.07692307692307693,0.8941003441003441,0.9038461538461539,0.0,1.0,1.0,629875d-dirty
rf,21,8,Subject494,random2,"11,12",52,0.47718947718947713,0.5192307692307693,0.07692307692307693,0.48216505716505714,0.5192307692307693,0.09615384615384616,0.8941003441003441,0.9038461538461539,0.0,0.5,1.0,629875d-dirty
rf,21,8,Subject494,squat_deadlift,"0,6",52,0.5210234210234209,0.5769230769230769,0.09615384615384616,0.49474969474969477,0.5384615384615384,0.07692307692307693,0.9133311133311134,0.9230769230769231,0.0,0.125,0.875,629875d-dirty
rf,21,8,Subject611,pushup_pushpress,"1,7",52,0.9242979242979245,0.9038461538461539,0.057692307692307696,0.9242979242979245,0.9038461538461539,0.057692307692307696,0.94993894993895,0.9423076923076923,0.019230769230769232,1.0,1.0,629875d-dirty
rf,21,8,Subject611,random1,"10,11",52,0.94993894993895,0.9423076923076923,0.019230769230769232,0.9694749694749696,0.9615384615384616,0.019230769230769232,0.9694749694749696,0.9615384615384616,0.019230769230769232,0.75,0.875,629875d-dirty
rf,21,8,Subject611,random2,"7,11",52,0.932844932844933,0.9038461538461539,0.07692307692307693,0.9438339438339439,0.9230769230769231,0.057692307692307696,0.9584859584859586,0.9423076923076923,0.038461538461538464,1.0,1.0,629875d-dirty
rf,21,8,Subject611,squat_deadlift,"0,6",52,0.922854922854923,0.9230769230769231,0.0,0.922854922854923,0.9230769230769231,0.0,0.9609279609279611,0.9615384615384616,0.0,0.875,0.875,629875d-dirty
rf,21,8,Subject741,pushup_pushpress,"1,7",52,0.7511599511599513,0.75,0.07692307692307693,0.731929181929182,0.7307692307692307,0.07692307692307693,0.9111111111111112,0.9038461538461539,0.038461538461538464,1.0,1.0,629875d-dirty
rf,21,8,Subject741,random1,"5,14",52,0.7255189255189254,0.75,0.0,0.7062881562881563,0.7307692307692307,0.0,0.8957264957264957,0.9038461538461539,0.0,1.0,1.0,629875d-dirty
rf,21,8,Subject741,random2,"0,7",52,0.8537240537240537,0.8269230769230769,0.11538461538461539,0.800976800976801,0.7884615384615384,0.11538461538461539,0.9111111111111112,0.9038461538461539,0.038461538461538464,0.5,1.0,629875d-dirty
rf,21,8,Subject741,squat_deadlift,"0,6",52,0.828083028083028,0.8269230769230769,0.038461538461538464,0.828083028083028,0.8269230769230769,0.038461538461538464,0.8957264957264957,0.9038461538461539,0.0,0.5,1.0,629875d-dirty
rf,21,8,Subject819,pushup_pushpress,"1,7",52,0.8385392385392385,0.8653846153846154,0.0,0.8124320124320124,0.8461538461538461,0.0,0.8795648795648796,0.9038461538461539,0.0,0.625,0.875,629875d-dirty
rf,21,8,Subject819,random1,"3,4",52,0.8188034188034188,0.8269230769230769,0.07692307692307693,0.8637362637362637,0.8653846153846154,0.07692307692307693,0.9035409035409037,0.9038461538461539,0.07692307692307693,0.875,0.875,629875d-dirty
rf,21,8,Subject819,random2,"2,10",52,0.7838383838383839,0.8076923076923077,0.019230769230769232,0.7838383838383839,0.8076923076923077,0.019230769230769232,0.8685758685758687,0.8846153846153846,0.019230769230769232,1.0,1.0,629875d-dirty
rf,21,8,Subject819,squat_deadlift,"0,6",52,0.7906759906759907,0.8076923076923077,0.038461538461538464,0.8124320124320124,0.8461538461538461,0.0,0.8600288600288601,0.8846153846153846,0.0,1.0,1.0,629875d-dirty
rf,21,8,Subject969,pushup_pushpress,"1,7",26,0.658974358974359,0.6923076923076923,0.0,0.658974358974359,0.6923076923076923,0.0,0.8974358974358974,0.9230769230769231,0.0,1.0,1.0,629875d-dirty
rf,21,8,Subject969,random1,"3,4",26,0.6974358974358974,0.6923076923076923,0.15384615384615385,0.6205128205128205,0.6153846153846154,0.23076923076923078,0.9230769230769231,0.9230769230769231,0.07692307692307693,1.0,1.0,629875d-dirty
rf,21,8,Subject969,random2,"7,14",26,0.658974358974359,0.6923076923076923,0.0,0.658974358974359,0.6923076923076923,0.0,0.8974358974358974,0.9230769230769231,0.0,1.0,1.0,629875d-dirty
rf,21,8,Subject969,squat_deadlift,"0,6",26,0.7051282051282052,0.7307692307692307,0.07692307692307693,0.6752136752136753,0.6923076923076923,0.07692307692307693,0.8974358974358974,0.9230769230769231,0.0,0.75,1.0,629875d-dirty
rf,21,17,Subject376,pushup_pushpress,"1,7",52,0.9075091575091575,0.9038461538461539,0.019230769230769232,0.8432844932844934,0.8269230769230769,0.07692307692307693,0.947985347985348,0.9423076923076923,0.019230769230769232,0.75,1.0,629875d-dirty
rf,21,17,Subject376,random1,"4,12",52,0.8757631257631258,0.8653846153846154,0.038461538461538464,0.8153846153846154,0.8076923076923077,0.057692307692307696,0.9205128205128206,0.9230769230769231,0.0,1.0,1.0,629875d-dirty
rf,21,17,Subject376,random2,"5,9",52,0.8603785103785104,0.8653846153846154,0.0,0.8599511599511599,0.8653846153846154,0.0,0.9205128205128206,0.9230769230769231,0.0,1.0,1.0,629875d-dirty
rf,21,17,Subject376,squat_deadlift,"0,6",52,0.8774725274725276,0.8653846153846154,0.038461538461538464,0.8637362637362638,0.8461538461538461,0.057692307692307696,0.9358974358974359,0.9230769230769231,0.038461538461538464,1.0,1.0,629875d-dirty
rf,21,17,Subject494,pushup_pushpress,"1,7",52,0.5206349206349206,0.5384615384615384,0.19230769230769232,0.4898656898656899,0.5192307692307693,0.21153846153846154,0.9343101343101343,0.9230769230769231,0.057692307692307696,1.0,1.0,629875d-dirty
rf,21,17,Subject494,random1,"1,3",52,0.47789987789987787,0.5384615384615384,0.0,0.4536186036186036,0.5192307692307693,0.0,0.9133311133311134,0.9230769230769231,0.0,1.0,1.0,629875d-dirty
rf,21,17,Subject494,random2,"11,12",52,0.5035409035409035,0.5384615384615384,0.07692307692307693,0.4936218752008226,0.5384615384615384,0.07692307692307693,0.9133311133311134,0.9230769230769231,0.0,1.0,1.0,629875d-dirty
rf,21,17,Subject494,squat_deadlift,"0,6",52,0.6471306471306472,0.6730769230769231,0.07692307692307693,0.6368742368742369,0.6730769230769231,0.057692307692307696,0.9133311133311134,0.9230769230769231,0.0,0.125,1.0,629875d-dirty
rf,21,17,Subject611,pushup_pushpress,"1,7",52,0.9487179487179487,0.9230769230769231,0.07692307692307693,0.9487179487179487,0.9230769230769231,0.07692307692307693,0.989010989010989,0.9807692307692307,0.019230769230769232,1.0,1.0,629875d-dirty
rf,21,17,Subject611,random1,"10,11",52,0.958974358974359,0.9615384615384616,0.0,0.958974358974359,0.9615384615384616,0.0,1.0,1.0,0.0,0.75,0.875,629875d-dirty
rf,21,17,Subject611,random2,"7,11",52,0.9487179487179487,0.9230769230769231,0.07692307692307693,0.9487179487179487,0.9230769230769231,0.07692307692307693,0.989010989010989,0.9807692307692307,0.019230769230769232,1.0,1.0,629875d-dirty
rf,21,17,Subject611,squat_deadlift,"0,6",52,0.9230769230769229,0.9230769230769231,0.0,0.9230769230769229,0.9230769230769231,0.0,0.9804639804639805,0.9807692307692307,0.0,1.0,1.0,629875d-dirty
rf,21,17,Subject741,pushup_pushpress,"1,7",52,0.8723054723054722,0.8846153846153846,0.0,0.8573870573870573,0.8653846153846154,0.0,0.9328671328671329,0.9423076923076923,0.0,1.0,1.0,629875d-dirty
rf,21,17,Subject741,random1,"5,14",52,0.8723054723054724,0.8846153846153846,0.0,0.8723054723054724,0.8846153846153846,0.0,0.9328671328671329,0.9423076923076923,0.0,1.0,1.0,629875d-dirty
rf,21,17,Subject741,random2,"0,7",52,0.8876900876900877,0.8846153846153846,0.038461538461538464,0.8522588522588522,0.8653846153846154,0.038461538461538464,0.9328671328671329,0.9423076923076923,0.0,1.0,1.0,629875d-dirty
rf,21,17,Subject741,squat_deadlift,"0,6",52,0.8876900876900877,0.8846153846153846,0.038461538461538464,0.9316239316239316,0.9230769230769231,0.038461538461538464,0.9328671328671329,0.9423076923076923,0.0,1.0,1.0,629875d-dirty
rf,21,17,Subject819,pushup_pushpress,"1,7",52,0.9328671328671329,0.9423076923076923,0.0,0.8696192696192695,0.8846153846153846,0.019230769230769232,0.9328671328671329,0.9423076923076923,0.0,0.875,1.0,629875d-dirty
rf,21,17,Subject819,random1,"3,4",52,0.9343101343101343,0.9230769230769231,0.057692307692307696,0.915079365079365,0.9038461538461539,0.057692307692307696,0.9343101343101343,0.9230769230769231,0.057692307692307696,1.0,1.0,629875d-dirty
rf,21,17,Subject819,random2,"2,10",52,0.9133311133311134,0.9230769230769231,0.0,0.9133311133311134,0.9230769230769231,0.0,0.9133311133311134,0.9230769230769231,0.0,1.0,1.0,629875d-dirty
rf,21,17,Subject819,squat_deadlift,"0,6",52,0.9133311133311134,0.9230769230769231,0.0,0.8941003441003441,0.9038461538461539,0.0,0.9133311133311134,0.9230769230769231,0.0,1.0,1.0,629875d-dirty
rf,21,17,Subject969,pushup_pushpress,"1,7",26,0.6846153846153846,0.7307692307692307,0.0,0.6846153846153846,0.7307692307692307,0.0,0.8974358974358974,0.9230769230769231,0.0,0.5,1.0,629875d-dirty
rf,21,17,Subject969,random1,"3,4",26,0.6461538461538462,0.6538461538461539,0.23076923076923078,0.6461538461538462,0.6538461538461539,0.23076923076923078,0.9230769230769231,0.9230769230769231,0.07692307692307693,1.0,1.0,629875d-dirty
rf,21,17,Subject969,random2,"7,14",26,0.6846153846153846,0.7307692307692307,0.0,0.782051282051282,0.8076923076923077,0.0,0.8974358974358974,0.9230769230769231,0.0,0.5,1.0,629875d-dirty
rf,21,17,Subject969,squat_deadlift,"0,6",26,0.6461538461538462,0.6923076923076923,0.07692307692307693,0.6461538461538462,0.6923076923076923,0.07692307692307693,0.8974358974358974,0.9230769230769231,0.0,0.75,1.0,629875d-dirty
rf,22,8,Subject226,pushup_pushpress,"1,7",26,0.9076923076923078,0.8846153846153846,0.07692307692307693,0.7897435897435897,0.8076923076923077,0.11538461538461539,0.9743589743589743,0.9615384615384616,0.038461538461538464,0.75,1.0,629875d-dirty
rf,22,8,Subject226,random1,"2,7",26,0.8666666666666667,0.8461538461538461,0.07692307692307693,0.8307692307692308,0.8076923076923077,0.15384615384615385,0.9743589743589743,0.9615384615384616,0.038461538461538464,1.0,1.0,629875d-dirty
rf,22,8,Subject226,random2,"9,13",26,0.841025641025641,0.8461538461538461,0.0,0.7743589743589744,0.8076923076923077,0.0,0.958974358974359,0.9615384615384616,0.0,1.0,1.0,629875d-dirty
rf,22,8,Subject226,squat_deadlift,"0,6",26,0.8820512820512822,0.8846153846153846,0.0,0.8820512820512822,0.8846153846153846,0.0,0.958974358974359,0.9615384615384616,0.0,0.75,1.0,629875d-dirty
rf,22,8,Subject561,pushup_pushpress,"1,7",52,0.7697413697413698,0.8076923076923077,0.0,0.7482517482517482,0.7884615384615384,0.0,1.0,1.0,0.0,1.0,1.0,629875d-dirty
rf,22,8,Subject561,random1,"5,10",52,0.8364080364080364,0.8461538461538461,0.07692307692307693,0.8364080364080364,0.8461538461538461,0.07692307692307693,1.0,1.0,0.0,0.75,1.0,629875d-dirty
rf,22,8,Subject561,random2,"3,7",52,0.7697413697413698,0.8076923076923077,0.0,0.7482517482517482,0.7884615384615384,0.0,1.0,1.0,0.0,1.0,1.0,629875d-dirty
rf,22,8,Subject561,squat_deadlift,"0,6",52,0.7992673992673993,0.8076923076923077,0.07692307692307693,0.7846153846153846,0.7884615384615384,0.09615384615384616,1.0,1.0,0.0,1.0,1.0,629875d-dirty
rf,22,8,Subject731,pushup_pushpress,"1,7",26,0.6307692307692307,0.6538461538461539,0.07692307692307693,0.6666666666666666,0.6923076923076923,0.15384615384615385,1.0,1.0,0.0,1.0,1.0,629875d-dirty
rf,22,8,Subject731,random1,"5,12",26,0.6051282051282052,0.6538461538461539,0.0,0.6336996336996337,0.6923076923076923,0.0,1.0,1.0,0.0,1.0,1.0,629875d-dirty
rf,22,8,Subject731,random2,"6,9",26,0.6051282051282052,0.6538461538461539,0.0,0.5978021978021978,0.6538461538461539,0.0,1.0,1.0,0.0,1.0,1.0,629875d-dirty
rf,22,8,Subject731,squat_deadlift,"0,6",26,0.7025641025641025,0.7307692307692307,0.0,0.6897435897435897,0.7307692307692307,0.0,1.0,1.0,0.0,0.5,1.0,629875d-dirty
rf,22,8,Subject741,pushup_pushpress,"1,7",52,0.7159951159951159,0.7307692307692307,0.057692307692307696,0.6954822954822955,0.7115384615384616,0.057692307692307696,0.9090354090354091,0.9038461538461539,0.019230769230769232,0.875,1.0,629875d-dirty
rf,22,8,Subject741,random1,"10,11",52,0.7650793650793651,0.7692307692307693,0.07692307692307693,0.7540903540903542,0.75,0.09615384615384616,0.9633699633699634,0.9423076923076923,0.057692307692307696,0.625,0.875,629875d-dirty
rf,22,8,Subject741,random2,"1,10",52,0.7675213675213676,0.7884615384615384,0.038461538461538464,0.7760683760683761,0.7884615384615384,0.057692307692307696,0.9548229548229549,0.9423076923076923,0.038461538461538464,0.5,0.875,629875d-dirty
rf,22,8,Subject741,squat_deadlift,"0,6",52,0.8207792207792207,0.8269230769230769,0.019230769230769232,0.7797535797535797,0.7884615384615384,0.019230769230769232,0.9200244200244201,0.9230769230769231,0.0,0.25,1.0,629875d-dirty
rf,22,8,Subject819,pushup_pushpress,"1,7",52,0.8278610278610279,0.8461538461538461,0.0,0.8522588522588522,0.8653846153846154,0.0,0.9328671328671329,0.9423076923076923,0.0,0.625,0.875,629875d-dirty
rf,22,8,Subject819,random1,"0,12",52,0.761926961926962,0.7884615384615384,0.0,0.853968253968254,0.8653846153846154,0.0,0.9133311133311134,0.9230769230769231,0.0,1.0,1.0,629875d-dirty
rf,22,8,Subject819,random2,"8,10",52,0.8364080364080364,0.8461538461538461,0.019230769230769232,0.8364080364080364,0.8461538461538461,0.019230769230769232,0.9804639804639805,0.9807692307692307,0.0,0.625,0.625,629875d-dirty
rf,22,8,Subject819,squat_deadlift,"0,6",52,0.761926961926962,0.7884615384615384,0.0,0.7802641802641802,0.8076923076923077,0.0,0.9133311133311134,0.9230769230769231,0.0,1.0,1.0,629875d-dirty
rf,22,8,Subject867,pushup_pushpress,"1,7",52,0.8273504273504274,0.8269230769230769,0.057692307692307696,0.7555555555555556,0.7692307692307693,0.057692307692307696,0.8615384615384616,0.8653846153846154,0.019230769230769232,1.0,1.0,629875d-dirty
rf,22,8,Subject867,random1,"6,10",52,0.9128205128205129,0.9038461538461539,0.057692307692307696,0.8822954822954823,0.8653846153846154,0.07692307692307693,0.9128205128205129,0.9038461538461539,0.057692307692307696,0.5,0.75,629875d-dirty
rf,22,8,Subject867,random2,"11,13",52,0.8149184149184149,0.8269230769230769,0.019230769230769232,0.8039294039294039,0.8076923076923077,0.038461538461538464,0.8615384615384616,0.8653846153846154,0.019230769230769232,1.0,1.0,629875d-dirty
rf,22,8,Subject867,squat_deadlift,"0,6",52,0.8217560217560217,0.8269230769230769,0.038461538461538464,0.7794871794871795,0.7692307692307693,0.07692307692307693,0.8683760683760684,0.8653846153846154,0.038461538461538464,1.0,1.0,629875d-dirty
rf,22,17,Subject226,pushup_pushpress,"1,7",26,0.7025641025641025,0.7307692307692307,0.11538461538461539,0.7384615384615384,0.7692307692307693,0.11538461538461539,0.9487179487179487,0.9230769230769231,0.07692307692307693,1.0,1.0,629875d-dirty
rf,22,17,Subject226,random1,"2,7",26,0.7025641025641025,0.7307692307692307,0.11538461538461539,0.782051282051282,0.8076923076923077,0.07692307692307693,0.9487179487179487,0.9230769230769231,0.07692307692307693,1.0,1.0,629875d-dirty
rf,22,17,Subject226,random2,"9,13",26,0.6695970695970697,0.7307692307692307,0.0,0.7153846153846154,0.7692307692307693,0.0,0.9230769230769229,0.9230769230769231,0.0,1.0,1.0,629875d-dirty
rf,22,17,Subject226,squat_deadlift,"0,6",26,0.7721611721611722,0.8076923076923077,0.0,0.8589743589743589,0.8846153846153846,0.0,0.9230769230769231,0.9230769230769231,0.0,0.5,1.0,629875d-dirty
rf,22,17,Subject561,pushup_pushpress,"1,7",52,0.7892773892773892,0.8269230769230769,0.0,0.7892773892773892,0.8269230769230769,0.0,1.0,1.0,0.0,1.0,1.0,629875d-dirty
rf,22,17,Subject561,random1,"5,10",52,0.8559440559440559,0.8653846153846154,0.07692307692307693,0.8559440559440559,0.8653846153846154,0.07692307692307693,1.0,1.0,0.0,0.75,1.0,629875d-dirty
rf,22,17,Subject561,random2,"3,7",52,0.7892773892773892,0.8269230769230769,0.0,0.7892773892773892,0.8269230769230769,0.0,1.0,1.0,0.0,1.0,1.0,629875d-dirty
rf,22,17,Subject561,squat_deadlift,"0,6",52,0.8102564102564103,0.8269230769230769,0.057692307692307696,0.8102564102564103,0.8269230769230769,0.057692307692307696,1.0,1.0,0.0,1.0,1.0,629875d-dirty
rf,22,17,Subject731,pushup_pushpress,"1,7",26,0.8512820512820513,0.8846153846153846,0.0,0.7897435897435897,0.8461538461538461,0.0,0.958974358974359,0.9615384615384616,0.0,1.0,1.0,629875d-dirty
rf,22,17,Subject731,random1,"5,12",26,0.8512820512820514,0.8846153846153846,0.0,0.8512820512820514,0.8846153846153846,0.0,0.958974358974359,0.9615384615384616,0.0,1.0,1.0,629875d-dirty
rf,22,17,Subject731,random2,"6,9",26,0.8512820512820513,0.8846153846153846,0.0,0.7897435897435897,0.8461538461538461,0.0,0.958974358974359,0.9615384615384616,0.0,1.0,1.0,629875d-dirty
rf,22,17,Subject731,squat_deadlift,"0,6",26,0.8923076923076922,0.9230769230769231,0.0,0.8923076923076922,0.9230769230769231,0.0,0.958974358974359,0.9615384615384616,0.0,0.75,1.0,629875d-dirty
rf,22,17,Subject741,pushup_pushpress,"1,7",52,0.846031746031746,0.8461538461538461,0.019230769230769232,0.8675213675213675,0.8653846153846154,0.019230769230769232,0.9065934065934065,0.9038461538461539,0.019230769230769232,1.0,1.0,629875d-dirty
rf,22,17,Subject741,random1,"10,11",52,0.9042735042735042,0.9038461538461539,0.038461538461538464,0.8847374847374847,0.8846153846153846,0.038461538461538464,0.9452991452991453,0.9423076923076923,0.038461538461538464,0.625,1.0,629875d-dirty
rf,22,17,Subject741,random2,"1,10",52,0.8847374847374847,0.8846153846153846,0.038461538461538464,0.8737484737484738,0.8653846153846154,0.057692307692307696,0.9452991452991453,0.9423076923076923,0.038461538461538464,0.75,0.875,629875d-dirty
rf,22,17,Subject741,squat_deadlift,"0,6",52,0.8374847374847375,0.8461538461538461,0.0,0.8264957264957264,0.8269230769230769,0.019230769230769232,0.898046398046398,0.9038461538461539,0.0,1.0,1.0,629875d-dirty
rf,22,17,Subject819,pushup_pushpress,"1,7",52,0.9133311133311134,0.9230769230769231,0.0,0.8901320901320899,0.9038461538461539,0.0,0.9328671328671329,0.9423076923076923,0.0,1.0,1.0,629875d-dirty
rf,22,17,Subject819,random1,"0,12",52,0.9133311133311134,0.9230769230769231,0.0,0.9133311133311134,0.9230769230769231,0.0,0.9133311133311134,0.9230769230769231,0.0,1.0,1.0,629875d-dirty
rf,22,17,Subject819,random2,"8,10",52,0.9804639804639805,0.9807692307692307,0.0,0.9804639804639805,0.9807692307692307,0.0,0.9804639804639805,0.9807692307692307,0.0,0.625,0.625,629875d-dirty
rf,22,17,Subject819,squat_deadlift,"0,6",52,0.9133311133311134,0.9230769230769231,0.0,0.9133311133311134,0.9230769230769231,0.0,0.9133311133311134,0.9230769230769231,0.0,1.0,1.0,629875d-dirty
rf,22,17,Subject867,pushup_pushpress,"1,7",52,0.8461538461538461,0.8461538461538461,0.07692307692307693,0.8266178266178267,0.8269230769230769,0.07692307692307693,0.8769230769230769,0.8846153846153846,0.038461538461538464,1.0,1.0,629875d-dirty
rf,22,17,Subject867,random1,"6,10",52,0.9230769230769231,0.9230769230769231,0.07692307692307693,0.9230769230769231,0.9230769230769231,0.07692307692307693,0.9230769230769231,0.9230769230769231,0.07692307692307693,0.5,0.75,629875d-dirty
rf,22,17,Subject867,random2,"11,13",52,0.8205128205128205,0.8461538461538461,0.0,0.8205128205128205,0.8461538461538461,0.0,0.8615384615384616,0.8846153846153846,0.0,1.0,1.0,629875d-dirty
rf,22,17,Subject867,squat_deadlift,"0,6",52,0.8205128205128205,0.8461538461538461,0.0,0.8205128205128205,0.8461538461538461,0.0,0.8615384615384615,0.8846153846153846,0.0,1.0,1.0,629875d-dirty
rf,23,8,Subject353,pushup_pushpress,"1,7",52,0.8016705516705518,0.8269230769230769,0.0,0.8044178044178044,0.8269230769230769,0.019230769230769232,0.8614385614385613,0.8653846153846154,0.019230769230769232,0.5,0.75,629875d-dirty
rf,23,8,Subject353,random1,"4,5",52,0.7975579975579975,0.7884615384615384,0.11538461538461539,0.7975579975579975,0.7884615384615384,0.11538461538461539,0.8903540903540903,0.8653846153846154,0.09615384615384616,0.75,0.75,629875d-dirty
rf,23,8,Subject353,random2,"6,7",52,0.7821345321345322,0.8076923076923077,0.0,0.7934287934287935,0.8076923076923077,0.038461538461538464,0.8419025419025419,0.8461538461538461,0.019230769230769232,0.625,0.875,629875d-dirty
rf,23,8,Subject353,squat_deadlift,"0,6",52,0.8300366300366301,0.8269230769230769,0.0,0.8385836385836386,0.8269230769230769,0.019230769230769232,0.8843101343101344,0.8846153846153846,0.0,0.5,0.625,629875d-dirty
rf,23,8,Subject354,pushup_pushpress,"1,7",52,0.8376068376068376,0.8461538461538461,0.057692307692307696,0.7963369963369964,0.8076923076923077,0.07692307692307693,0.9697802197802198,0.9615384615384616,0.019230769230769232,1.0,1.0,629875d-dirty
rf,23,8,Subject354,random1,"5,10",52,0.8547008547008547,0.8846153846153846,0.0,0.8717948717948717,0.8846153846153846,0.038461538461538464,0.989010989010989,0.9807692307692307,0.019230769230769232,0.75,0.875,629875d-dirty
rf,23,8,Subject354,random2,"6,13",52,0.9191919191919192,0.9230769230769231,0.0,0.9191919191919192,0.9230769230769231,0.0,0.9612332112332113,0.9615384615384616,0.0,0.5,1.0,629875d-dirty
rf,23,8,Subject354,squat_deadlift,"0,6",52,0.9191919191919191,0.9230769230769231,0.0,0.9191919191919191,0.9230769230769231,0.0,0.9612332112332113,0.9615384615384616,0.0,0.5,1.0,629875d-dirty
rf,23,8,Subject424,pushup_pushpress,"1,7",52,0.6533411033411033,0.6923076923076923,0.15384615384615385,0.6957264957264957,0.7307692307692307,0.15384615384615385,0.8881562881562881,0.8653846153846154,0.11538461538461539,1.0,1.0,629875d-dirty
rf,23,8,Subject424,random1,"8,12",52,0.721023421023421,0.7692307692307693,0.0,0.6855921855921856,0.75,0.0,0.8551892551892551,0.8653846153846154,0.0,0.5,1.0,629875d-dirty
rf,23,8,Subject424,random2,"2,8",52,0.721023421023421,0.7692307692307693,0.0,0.7405594405594407,0.7884615384615384,0.0,0.8551892551892553,0.8653846153846154,0.0,0.5,1.0,629875d-dirty
rf,23,8,Subject424,squat_deadlift,"0,6",52,0.7068376068376068,0.7692307692307693,0.019230769230769232,0.7026862026862027,0.75,0.057692307692307696,0.8747252747252747,0.8846153846153846,0.0,0.5,0.875,629875d-dirty
rf,23,8,Subject455,pushup_pushpress,"1,7",52,0.8147130647130647,0.8269230769230769,0.019230769230769232,0.8327228327228328,0.8461538461538461,0.019230769230769232,0.9804639804639805,0.9807692307692307,0.0,1.0,1.0,629875d-dirty
rf,23,8,Subject455,random1,"1,12",52,0.8061660561660561,0.8269230769230769,0.0,0.7553724053724054,0.7884615384615384,0.0,0.9804639804639805,0.9807692307692307,0.0,1.0,1.0,629875d-dirty
rf,23,8,Subject455,random2,"5,8",52,0.8476800976800976,0.8653846153846154,0.019230769230769232,0.8476800976800976,0.8653846153846154,0.019230769230769232,0.9804639804639805,0.9807692307692307,0.0,0.75,1.0,629875d-dirty
rf,23,8,Subject455,squat_deadlift,"0,6",52,0.9282661782661783,0.9230769230769231,0.019230769230769232,0.9282661782661783,0.9230769230769231,0.019230769230769232,0.9804639804639805,0.9807692307692307,0.0,0.375,1.0,629875d-dirty
rf,23,8,Subject494,pushup_pushpress,"1,7",52,0.4574259074259075,0.5,0.21153846153846154,0.4574259074259075,0.5,0.21153846153846154,0.9257631257631258,0.9230769230769231,0.038461538461538464,1.0,1.0,629875d-dirty
rf,23,8,Subject494,random1,"3,14",52,0.4299855115644589,0.5,0.038461538461538464,0.36327999485894225,0.4230769230769231,0.11538461538461539,0.9103785103785105,0.9230769230769231,0.0,1.0,1.0,629875d-dirty
rf,23,8,Subject494,random2,"0,5",52,0.5044344544344544,0.5769230769230769,0.07692307692307693,0.4864080364080365,0.5576923076923077,0.07692307692307693,0.9299145299145299,0.9423076923076923,0.0,0.5,0.875,629875d-dirty
rf,23,8,Subject494,squat_deadlift,"0,6",52,0.6053335553335553,0.6538461538461539,0.07692307692307693,0.5258852258852259,0.5961538461538461,0.07692307692307693,0.9299145299145299,0.9423076923076923,0.0,0.0,0.875,629875d-dirty
rf,23,8,Subject731,pushup_pushpress,"1,7",26,0.7179487179487178,0.7307692307692307,0.07692307692307693,0.7179487179487178,0.7307692307692307,0.07692307692307693,0.8974358974358976,0.9230769230769231,0.0,1.0,1.0,629875d-dirty
rf,23,8,Subject731,random1,"2,4",26,0.769230769230769,0.8076923076923077,0.0,0.769230769230769,0.8076923076923077,0.0,1.0,1.0,0.0,0.5,1.0,629875d-dirty
rf,23,8,Subject731,random2,"6,10",26,0.7948717948717948,0.8076923076923077,0.11538461538461539,0.769230769230769,0.7692307692307693,0.15384615384615385,0.9230769230769231,0.9230769230769231,0.07692307692307693,0.5,1.0,629875d-dirty
rf,23,8,Subject731,squat_deadlift,"0,6",26,0.7948717948717948,0.8076923076923077,0.0,0.7948717948717948,0.8076923076923077,0.0,0.8974358974358976,0.9230769230769231,0.0,0.5,1.0,629875d-dirty
rf,23,17,Subject353,pushup_pushpress,"1,7",52,0.8154068154068154,0.8461538461538461,0.0,0.8166278166278166,0.8461538461538461,0.0,0.8806693306693306,0.8846153846153846,0.019230769230769232,0.625,0.75,629875d-dirty
rf,23,17,Subject353,random1,"4,5",52,0.818070818070818,0.8269230769230769,0.07692307692307693,0.8256410256410257,0.8269230769230769,0.09615384615384616,0.9025641025641027,0.8846153846153846,0.07692307692307693,0.75,0.75,629875d-dirty
rf,23,17,Subject353,random2,"6,7",52,0.8349428349428348,0.8653846153846154,0.0,0.8349428349428348,0.8653846153846154,0.0,0.8806693306693306,0.8846153846153846,0.019230769230769232,0.5,0.75,629875d-dirty
rf,23,17,Subject353,squat_deadlift,"0,6",52,0.8824175824175824,0.8846153846153846,0.0,0.8824175824175824,0.8846153846153846,0.0,0.9032967032967032,0.9038461538461539,0.0,0.375,0.625,629875d-dirty
rf,23,17,Subject354,pushup_pushpress,"1,7",52,0.8171772671772671,0.8269230769230769,0.019230769230769232,0.8171772671772671,0.8269230769230769,0.019230769230769232,0.9133311133311133,0.9230769230769231,0.0,1.0,1.0,629875d-dirty
rf,23,17,Subject354,random1,"5,10",52,0.8757242757242756,0.8653846153846154,0.07692307692307693,0.8757242757242756,0.8653846153846154,0.07692307692307693,0.9428571428571428,0.9230769230769231,0.07692307692307693,0.75,1.0,629875d-dirty
rf,23,17,Subject354,random2,"6,13",52,0.8843101343101343,0.8846153846153846,0.019230769230769232,0.8843101343101343,0.8846153846153846,0.019230769230769232,0.9133311133311133,0.9230769230769231,0.0,0.625,0.875,629875d-dirty
rf,23,17,Subject354,squat_deadlift,"0,6",52,0.8949938949938949,0.9038461538461539,0.0,0.8949938949938949,0.9038461538461539,0.0,0.9328671328671329,0.9423076923076923,0.0,0.5,1.0,629875d-dirty
rf,23,17,Subject424,pushup_pushpress,"1,7",52,0.7981074481074482,0.7884615384615384,0.11538461538461539,0.7326839826839827,0.75,0.11538461538461539,0.8778998778998779,0.8653846153846154,0.11538461538461539,0.875,1.0,629875d-dirty
rf,23,17,Subject424,random1,"8,12",52,0.7732929463698694,0.7692307692307693,0.057692307692307696,0.7989339720108952,0.8076923076923077,0.019230769230769232,0.8449328449328449,0.8653846153846154,0.0,1.0,1.0,629875d-dirty
rf,23,17,Subject424,random2,"2,8",52,0.7842819573588804,0.7884615384615384,0.038461538461538464,0.8147130647130647,0.8269230769230769,0.019230769230769232,0.8449328449328449,0.8653846153846154,0.0,0.875,1.0,629875d-dirty
rf,23,17,Subject424,squat_deadlift,"0,6",52,0.8096177326946558,0.8269230769230769,0.0,0.8449328449328449,0.8653846153846154,0.0,0.8644688644688644,0.8846153846153846,0.0,0.625,0.875,629875d-dirty
rf,23,17,Subject455,pushup_pushpress,"1,7",52,0.8630258630258629,0.8846153846153846,0.019230769230769232,0.8993894993894995,0.9038461538461539,0.019230769230769232,1.0,1.0,0.0,1.0,1.0,629875d-dirty
rf,23,17,Subject455,random1,"1,12",52,0.8544788544788544,0.8846153846153846,0.0,0.890842490842491,0.9038461538461539,0.0,1.0,1.0,0.0,1.0,1.0,629875d-dirty
rf,23,17,Subject455,random2,"5,8",52,0.8740148740148739,0.9038461538461539,0.0,0.8740148740148739,0.9038461538461539,0.0,1.0,1.0,0.0,0.875,1.0,629875d-dirty
rf,23,17,Subject455,squat_deadlift,"0,6",52,0.9804639804639805,0.9807692307692307,0.0,0.9804639804639805,0.9807692307692307,0.0,1.0,1.0,0.0,0.375,1.0,629875d-dirty
rf,23,17,Subject494,pushup_pushpress,"1,7",52,0.6014818514818516,0.6346153846153846,0.21153846153846154,0.5834554334554335,0.6153846153846154,0.21153846153846154,0.9343101343101343,0.9230769230769231,0.057692307692307696,1.0,1.0,629875d-dirty
rf,23,17,Subject494,random1,"3,14",52,0.5654944470733945,0.6346153846153846,0.019230769230769232,0.6385836385836385,0.6730769230769231,0.019230769230769232,0.9133311133311133,0.9230769230769231,0.0,1.0,1.0,629875d-dirty
rf,23,17,Subject494,random2,"0,5",52,0.6484903984903986,0.7115384615384616,0.0,0.6818237318237319,0.7307692307692307,0.0,0.9328671328671329,0.9423076923076923,0.0,0.5,0.875,629875d-dirty
rf,23,17,Subject494,squat_deadlift,"0,6",52,0.7493894993894994,0.7884615384615384,0.0,0.7612332112332113,0.7884615384615384,0.0,0.9328671328671329,0.9423076923076923,0.0,0.0,1.0,629875d-dirty
rf,23,17,Subject731,pushup_pushpress,"1,7",26,0.7948717948717948,0.8076923076923077,0.07692307692307693,0.7948717948717948,0.8076923076923077,0.07692307692307693,0.958974358974359,0.9615384615384616,0.0,1.0,1.0,629875d-dirty
rf,23,17,Subject731,random1,"2,4",26,0.769230769230769,0.8076923076923077,0.0,0.769230769230769,0.8076923076923077,0.0,0.958974358974359,0.9615384615384616,0.0,1.0,1.0,629875d-dirty
rf,23,17,Subject731,random2,"6,10",26,0.8717948717948717,0.8846153846153846,0.038461538461538464,0.8717948717948717,0.8846153846153846,0.038461538461538464,0.9743589743589743,0.9615384615384616,0.038461538461538464,0.5,1.0,629875d-dirty
rf,23,17,Subject731,squat_deadlift,"0,6",26,0.8717948717948717,0.8846153846153846,0.0,0.9205128205128206,0.9230769230769231,0.0,0.958974358974359,0.9615384615384616,0.0,0.5,1.0,629875d-dirty
rf,24,8,Subject139,pushup_pushpress,"1,7",52,0.8864468864468864,0.9038461538461539,0.019230769230769232,0.9218781218781219,0.9230769230769231,0.019230769230769232,0.9247863247863248,0.9230769230769231,0.019230769230769232,1.0,1.0,629875d-dirty
rf,24,8,Subject139,random1,"5,8",52,0.9804639804639805,0.9807692307692307,0.0,0.9804639804639805,0.9807692307692307,0.0,0.9572649572649573,0.9615384615384616,0.0,0.5,0.875,629875d-dirty
rf,24,8,Subject139,random2,"3,7",52,0.8864468864468864,0.9038461538461539,0.019230769230769232,0.8864468864468864,0.9038461538461539,0.019230769230769232,0.9247863247863248,0.9230769230769231,0.019230769230769232,1.0,1.0,629875d-dirty
rf,24,8,Subject139,squat_deadlift,"0,6",52,0.9035409035409037,0.9038461538461539,0.07692307692307693,0.9230769230769231,0.9230769230769231,0.07692307692307693,0.9316239316239316,0.9230769230769231,0.038461538461538464,1.0,1.0,629875d-dirty
rf,24,8,Subject352,pushup_pushpress,"1,7",26,0.8564102564102564,0.8846153846153846,0.0,0.8307692307692308,0.8461538461538461,0.0,0.8564102564102564,0.8846153846153846,0.0,1.0,1.0,629875d-dirty
rf,24,8,Subject352,random1,"7,12",26,0.8564102564102564,0.8846153846153846,0.0,0.7794871794871795,0.8076923076923077,0.0,0.8564102564102564,0.8846153846153846,0.0,1.0,1.0,629875d-dirty
rf,24,8,Subject352,random2,"5,7",26,0.8564102564102564,0.8846153846153846,0.0,0.8307692307692308,0.8461538461538461,0.0,0.8564102564102564,0.8846153846153846,0.0,1.0,1.0,629875d-dirty
rf,24,8,Subject352,squat_deadlift,"0,6",26,0.882051282051282,0.8846153846153846,0.07692307692307693,0.8564102564102564,0.8461538461538461,0.07692307692307693,0.882051282051282,0.8846153846153846,0.07692307692307693,1.0,1.0,629875d-dirty
rf,24,8,Subject353,pushup_pushpress,"1,7",52,0.746053946053946,0.7692307692307693,0.0,0.7714507714507715,0.7884615384615384,0.0,0.8007548007548008,0.8076923076923077,0.0,0.625,0.75,629875d-dirty
rf,24,8,Subject353,random1,"4,12",52,0.746053946053946,0.75,0.07692307692307693,0.7265179265179266,0.7307692307692307,0.07692307692307693,0.8178488178488178,0.8076923076923077,0.057692307692307696,0.75,0.75,629875d-dirty
rf,24,8,Subject353,random2,"3,10",52,0.7973359973359974,0.7884615384615384,0.09615384615384616,0.7973359973359974,0.7884615384615384,0.09615384615384616,0.8471528471528471,0.8269230769230769,0.07692307692307693,0.5,0.625,629875d-dirty
rf,24,8,Subject353,squat_deadlift,"0,6",52,0.8051282051282052,0.7884615384615384,0.038461538461538464,0.823931623931624,0.8076923076923077,0.038461538461538464,0.8461538461538461,0.8269230769230769,0.038461538461538464,0.5,0.625,629875d-dirty
rf,24,8,Subject611,pushup_pushpress,"1,7",52,0.9780219780219781,0.9615384615384616,0.038461538461538464,0.989010989010989,0.9807692307692307,0.019230769230769232,0.989010989010989,0.9807692307692307,0.019230769230769232,1.0,1.0,629875d-dirty
rf,24,8,Subject611,random1,"7,12",52,0.9780219780219781,0.9615384615384616,0.038461538461538464,0.989010989010989,0.9807692307692307,0.019230769230769232,0.989010989010989,0.9807692307692307,0.019230769230769232,1.0,1.0,629875d-dirty
rf,24,8,Subject611,random2,"0,1",52,0.9626373626373627,0.9615384615384616,0.0,0.9626373626373627,0.9615384615384616,0.0,0.9804639804639805,0.9807692307692307,0.0,1.0,1.0,629875d-dirty
rf,24,8,Subject611,squat_deadlift,"0,6",52,0.9626373626373627,0.9615384615384616,0.0,0.9626373626373627,0.9615384615384616,0.0,0.9804639804639805,0.9807692307692307,0.0,1.0,1.0,629875d-dirty
rf,24,8,Subject877,pushup_pushpress,"1,7",52,1.0,1.0,0.0,1.0,1.0,0.0,1.0,1.0,0.0,1.0,1.0,629875d-dirty
rf,24,8,Subject877,random1,"4,11",52,1.0,1.0,0.0,1.0,1.0,0.0,1.0,1.0,0.0,1.0,1.0,629875d-dirty
rf,24,8,Subject877,random2,"1,3",52,1.0,1.0,0.0,1.0,1.0,0.0,1.0,1.0,0.0,1.0,1.0,629875d-dirty
rf,24,8,Subject877,squat_deadlift,"0,6",52,1.0,1.0,0.0,1.0,1.0,0.0,1.0,1.0,0.0,1.0,1.0,629875d-dirty
rf,24,8,Subject890,pushup_pushpress,"1,7",26,0.958974358974359,0.9615384615384616,0.0,0.8846153846153846,0.8846153846153846,0.07692307692307693,0.958974358974359,0.9615384615384616,0.0,0.75,1.0,629875d-dirty
rf,24,8,Subject890,random1,"1,10",26,0.9743589743589743,0.9615384615384616,0.038461538461538464,0.8461538461538461,0.8461538461538461,0.15384615384615385,0.9743589743589743,0.9615384615384616,0.038461538461538464,0.75,1.0,629875d-dirty
rf,24,8,Subject890,random2,"3,5",26,0.917948717948718,0.9230769230769231,0.0,0.7666666666666665,0.8076923076923077,0.0,0.958974358974359,0.9615384615384616,0.0,1.0,1.0,629875d-dirty
rf,24,8,Subject890,squat_deadlift,"0,6",26,0.917948717948718,0.9230769230769231,0.0,0.8234432234432234,0.8461538461538461,0.0,0.958974358974359,0.9615384615384616,0.0,1.0,1.0,629875d-dirty
rf,24,17,Subject139,pushup_pushpress,"1,7",52,0.9284493284493285,0.9230769230769231,0.019230769230769232,0.9548229548229549,0.9423076923076923,0.038461538461538464,0.9743589743589743,0.9615384615384616,0.038461538461538464,1.0,1.0,629875d-dirty
rf,24,17,Subject139,random1,"5,8",52,0.9394383394383395,0.9423076923076923,0.0,0.9394383394383395,0.9423076923076923,0.0,0.958974358974359,0.9615384615384616,0.0,0.875,1.0,629875d-dirty
rf,24,17,Subject139,random2,"3,7",52,0.9284493284493285,0.9230769230769231,0.019230769230769232,0.9352869352869353,0.9230769230769231,0.038461538461538464,0.9743589743589743,0.9615384615384616,0.038461538461538464,1.0,1.0,629875d-dirty
rf,24,17,Subject139,squat_deadlift,"0,6",52,0.9352869352869353,0.9230769230769231,0.038461538461538464,0.9284493284493285,0.9230769230769231,0.019230769230769232,0.958974358974359,0.9615384615384616,0.0,1.0,1.0,629875d-dirty
rf,24,17,Subject352,pushup_pushpress,"1,7",26,0.7794871794871795,0.8076923076923077,0.0,0.7794871794871795,0.8076923076923077,0.0,0.8564102564102564,0.8846153846153846,0.0,1.0,1.0,629875d-dirty
rf,24,17,Subject352,random1,"7,12",26,0.7794871794871795,0.8076923076923077,0.0,0.7794871794871795,0.8076923076923077,0.0,0.8564102564102564,0.8846153846153846,0.0,1.0,1.0,629875d-dirty
rf,24,17,Subject352,random2,"5,7",26,0.7794871794871795,0.8076923076923077,0.0,0.7794871794871795,0.8076923076923077,0.0,0.8564102564102564,0.8846153846153846,0.0,1.0,1.0,629875d-dirty
rf,24,17,Subject352,squat_deadlift,"0,6",26,0.8051282051282052,0.8076923076923077,0.07692307692307693,0.8051282051282052,0.8076923076923077,0.07692307692307693,0.882051282051282,0.8846153846153846,0.07692307692307693,1.0,1.0,629875d-dirty
rf,24,17,Subject353,pushup_pushpress,"1,7",52,0.8114996114996115,0.8461538461538461,0.0,0.8114996114996115,0.8461538461538461,0.0,0.8742590742590743,0.8846153846153846,0.0,0.625,0.625,629875d-dirty
rf,24,17,Subject353,random1,"4,12",52,0.7897047397047398,0.8076923076923077,0.057692307692307696,0.7897047397047398,0.8076923076923077,0.057692307692307696,0.8687645687645686,0.8653846153846154,0.038461538461538464,0.875,0.75,629875d-dirty
rf,24,17,Subject353,random2,"3,10",52,0.8364080364080364,0.8461538461538461,0.07692307692307693,0.8217560217560217,0.8269230769230769,0.09615384615384616,0.8962370962370962,0.8846153846153846,0.057692307692307696,0.625,0.75,629875d-dirty
rf,24,17,Subject353,squat_deadlift,"0,6",52,0.8632478632478632,0.8653846153846154,0.0,0.8495726495726496,0.8461538461538461,0.0,0.9059829059829061,0.9038461538461539,0.0,0.5,0.625,629875d-dirty
rf,24,17,Subject611,pushup_pushpress,"1,7",52,0.9780219780219781,0.9615384615384616,0.038461538461538464,0.9780219780219781,0.9615384615384616,0.038461538461538464,0.989010989010989,0.9807692307692307,0.019230769230769232,1.0,1.0,629875d-dirty
rf,24,17,Subject611,random1,"7,12",52,0.9780219780219781,0.9615384615384616,0.038461538461538464,0.9633699633699634,0.9423076923076923,0.057692307692307696,0.989010989010989,0.9807692307692307,0.019230769230769232,1.0,1.0,629875d-dirty
rf,24,17,Subject611,random2,"0,1",52,0.9626373626373627,0.9615384615384616,0.0,0.9626373626373627,0.9615384615384616,0.0,0.9804639804639805,0.9807692307692307,0.0,1.0,1.0,629875d-dirty
rf,24,17,Subject611,squat_deadlift,"0,6",52,0.9626373626373627,0.9615384615384616,0.0,0.9230769230769229,0.9230769230769231,0.0,0.9804639804639805,0.9807692307692307,0.0,1.0,1.0,629875d-dirty
rf,24,17,Subject877,pushup_pushpress,"1,7",52,1.0,1.0,0.0,1.0,1.0,0.0,1.0,1.0,0.0,1.0,1.0,629875d-dirty
rf,24,17,Subject877,random1,"4,11",52,1.0,1.0,0.0,1.0,1.0,0.0,1.0,1.0,0.0,1.0,1.0,629875d-dirty
rf,24,17,Subject877,random2,"1,3",52,1.0,1.0,0.0,1.0,1.0,0.0,1.0,1.0,0.0,1.0,1.0,629875d-dirty
rf,24,17,Subject877,squat_deadlift,"0,6",52,1.0,1.0,0.0,1.0,1.0,0.0,1.0,1.0,0.0,1.0,1.0,629875d-dirty
rf,24,17,Subject890,pushup_pushpress,"1,7",26,0.8974358974358976,0.9230769230769231,0.0,0.8769230769230769,0.8846153846153846,0.038461538461538464,0.8974358974358976,0.9230769230769231,0.0,1.0,1.0,629875d-dirty
rf,24,17,Subject890,random1,"1,10",26,0.9230769230769231,0.9230769230769231,0.07692307692307693,0.9230769230769231,0.9230769230769231,0.07692307692307693,0.9230769230769231,0.9230769230769231,0.07692307692307693,1.0,1.0,629875d-dirty
rf,24,17,Subject890,random2,"3,5",26,0.8974358974358976,0.9230769230769231,0.0,0.8615384615384615,0.8846153846153846,0.0,0.8974358974358976,0.9230769230769231,0.0,1.0,1.0,629875d-dirty
rf,24,17,Subject890,squat_deadlift,"0,6",26,0.8974358974358976,0.9230769230769231,0.0,0.8974358974358976,0.9230769230769231,0.0,0.8974358974358976,0.9230769230769231,0.0,1.0,1.0,629875d-dirty
rf,25,8,Subject352,pushup_pushpress,"1,7",26,0.7435897435897435,0.7692307692307693,0.0,0.7435897435897435,0.7692307692307693,0.0,0.8974358974358974,0.9230769230769231,0.0,1.0,1.0,629875d-dirty
rf,25,8,Subject352,random1,"2,4",26,0.8461538461538461,0.8461538461538461,0.07692307692307693,0.8461538461538461,0.8461538461538461,0.07692307692307693,1.0,1.0,0.0,0.5,0.5,629875d-dirty
rf,25,8,Subject352,random2,"9,14",26,0.8205128205128205,0.8461538461538461,0.0,0.8205128205128205,0.8461538461538461,0.0,0.8974358974358974,0.9230769230769231,0.0,0.5,1.0,629875d-dirty
rf,25,8,Subject352,squat_deadlift,"0,6",26,0.7692307692307693,0.7692307692307693,0.07692307692307693,0.7692307692307693,0.7692307692307693,0.07692307692307693,0.9230769230769231,0.9230769230769231,0.07692307692307693,1.0,1.0,629875d-dirty
rf,25,8,Subject353,pushup_pushpress,"1,7",52,0.8114996114996115,0.8461538461538461,0.0,0.7548229548229549,0.7884615384615384,0.019230769230769232,0.8388500388500387,0.8461538461538461,0.019230769230769232,0.5,0.875,629875d-dirty
rf,25,8,Subject353,random1,"8,9",52,0.7328671328671329,0.7692307692307693,0.019230769230769232,0.6941391941391941,0.7307692307692307,0.019230769230769232,0.8159562659562659,0.8269230769230769,0.0,1.0,1.0,629875d-dirty
rf,25,8,Subject353,random2,"4,10",52,0.8166278166278166,0.8461538461538461,0.07692307692307693,0.8473970473970474,0.8653846153846154,0.057692307692307696,0.9218781218781219,0.9230769230769231,0.019230769230769232,0.5,0.375,629875d-dirty
rf,25,8,Subject353,squat_deadlift,"0,6",52,0.8307692307692308,0.8461538461538461,0.0,0.7832167832167832,0.7884615384615384,0.019230769230769232,0.8830891330891332,0.8846153846153846,0.0,0.5,0.625,629875d-dirty
rf,25,8,Subject354,pushup_pushpress,"1,7",52,0.8901320901320902,0.9038461538461539,0.0,0.8440170940170939,0.8653846153846154,0.019230769230769232,0.9394383394383395,0.9423076923076923,0.0,1.0,1.0,629875d-dirty
rf,25,8,Subject354,random1,"4,13",52,0.9328671328671329,0.9423076923076923,0.0,0.8473970473970472,0.8653846153846154,0.057692307692307696,0.958974358974359,0.9615384615384616,0.0,0.75,1.0,629875d-dirty
rf,25,8,Subject354,random2,"2,8",52,0.8986790986790987,0.9038461538461539,0.019230769230769232,0.8808524808524809,0.8846153846153846,0.019230769230769232,0.9394383394383395,0.9423076923076923,0.0,1.0,1.0,629875d-dirty
rf,25,8,Subject354,squat_deadlift,"0,6",52,0.9572649572649573,0.9615384615384616,0.0,0.9572649572649573,0.9615384615384616,0.0,0.9804639804639805,0.9807692307692307,0.0,0.625,0.875,629875d-dirty
rf,25,8,Subject561,pushup_pushpress,"1,7",52,0.7277389277389278,0.7884615384615384,0.0,0.6906371406371407,0.75,0.0,1.0,1.0,0.0,0.5,1.0,629875d-dirty
rf,25,8,Subject561,random1,"3,7",52,0.7277389277389278,0.7884615384615384,0.0,0.6906371406371407,0.75,0.0,1.0,1.0,0.0,0.5,1.0,629875d-dirty
rf,25,8,Subject561,random2,"1,5",52,0.6662004662004661,0.7115384615384616,0.07692307692307693,0.6466644466644467,0.6923076923076923,0.07692307692307693,1.0,1.0,0.0,1.0,1.0,629875d-dirty
rf,25,8,Subject561,squat_deadlift,"0,6",52,0.6615384615384615,0.7115384615384616,0.057692307692307696,0.6505494505494506,0.6923076923076923,0.07692307692307693,1.0,1.0,0.0,1.0,1.0,629875d-dirty
rf,25,8,Subject571,pushup_pushpress,"1,7",26,0.8234432234432235,0.8461538461538461,0.0,0.8234432234432235,0.8461538461538461,0.0,1.0,1.0,0.0,1.0,1.0,629875d-dirty
rf,25,8,Subject571,random1,"10,11",26,0.958974358974359,0.9615384615384616,0.0,0.958974358974359,0.9615384615384616,0.0,1.0,1.0,0.0,0.25,1.0,629875d-dirty
rf,25,8,Subject571,random2,"1,3",26,0.8234432234432235,0.8461538461538461,0.0,0.8234432234432235,0.8461538461538461,0.0,1.0,1.0,0.0,1.0,1.0,629875d-dirty
rf,25,8,Subject571,squat_deadlift,"0,6",26,0.8234432234432235,0.8461538461538461,0.0,0.8234432234432235,0.8461538461538461,0.0,1.0,1.0,0.0,1.0,1.0,629875d-dirty
rf,25,8,Subject611,pushup_pushpress,"1,7",52,0.8815850815850814,0.8653846153846154,0.07692307692307693,0.9291819291819292,0.9038461538461539,0.07692307692307693,0.9694749694749696,0.9615384615384616,0.019230769230769232,1.0,1.0,629875d-dirty
rf,25,8,Subject611,random1,"10,14",52,0.958974358974359,0.9615384615384616,0.0,0.958974358974359,0.9615384615384616,0.0,1.0,1.0,0.0,0.375,0.75,629875d-dirty
rf,25,8,Subject611,random2,"1,11",52,0.8769230769230768,0.8653846153846154,0.057692307692307696,0.912087912087912,0.9038461538461539,0.019230769230769232,0.9694749694749696,0.9615384615384616,0.019230769230769232,1.0,1.0,629875d-dirty
rf,25,8,Subject611,squat_deadlift,"0,6",52,0.8559440559440558,0.8653846153846154,0.0,0.8820512820512819,0.8846153846153846,0.0,0.9609279609279611,0.9615384615384616,0.0,1.0,1.0,629875d-dirty
rf,25,17,Subject352,pushup_pushpress,"1,7",26,0.7794871794871795,0.8076923076923077,0.0,0.7794871794871795,0.8076923076923077,0.0,0.8564102564102564,0.8846153846153846,0.0,1.0,1.0,629875d-dirty
rf,25,17,Subject352,random1,"2,4",26,0.9230769230769231,0.9230769230769231,0.07692307692307693,0.9230769230769231,0.9230769230769231,0.07692307692307693,1.0,1.0,0.0,0.25,0.25,629875d-dirty
rf,25,17,Subject352,random2,"9,14",26,0.7794871794871795,0.8076923076923077,0.0,0.7794871794871795,0.8076923076923077,0.0,0.8564102564102564,0.8846153846153846,0.0,1.0,1.0,629875d-dirty
rf,25,17,Subject352,squat_deadlift,"0,6",26,0.8051282051282052,0.8076923076923077,0.07692307692307693,0.8051282051282052,0.8076923076923077,0.07692307692307693,0.882051282051282,0.8846153846153846,0.07692307692307693,1.0,1.0,629875d-dirty
rf,25,17,Subject353,pushup_pushpress,"1,7",52,0.7909867909867909,0.8461538461538461,0.0,0.7909867909867909,0.8461538461538461,0.0,0.8303030303030302,0.8653846153846154,0.0,0.625,0.75,629875d-dirty
rf,25,17,Subject353,random1,"8,9",52,0.746053946053946,0.7884615384615384,0.019230769230769232,0.7123543123543125,0.7692307692307693,0.019230769230769232,0.8046620046620047,0.8269230769230769,0.0,1.0,1.0,629875d-dirty
rf,25,17,Subject353,random2,"4,10",52,0.8473970473970474,0.8653846153846154,0.057692307692307696,0.8473970473970474,0.8653846153846154,0.057692307692307696,0.9072261072261072,0.9038461538461539,0.038461538461538464,0.5,0.625,629875d-dirty
rf,25,17,Subject353,squat_deadlift,"0,6",52,0.843956043956044,0.8653846153846154,0.0,0.8131868131868132,0.8461538461538461,0.0,0.8717948717948717,0.8846153846153846,0.0,0.5,0.625,629875d-dirty
rf,25,17,Subject354,pushup_pushpress,"1,7",52,0.958974358974359,0.9615384615384616,0.0,0.9394383394383394,0.9423076923076923,0.0,1.0,1.0,0.0,1.0,1.0,629875d-dirty
rf,25,17,Subject354,random1,"4,13",52,0.9743589743589743,0.9615384615384616,0.038461538461538464,0.9633699633699634,0.9423076923076923,0.057692307692307696,1.0,1.0,0.0,1.0,1.0,629875d-dirty
rf,25,17,Subject354,random2,"2,8",52,0.958974358974359,0.9615384615384616,0.0,0.9394383394383394,0.9423076923076923,0.0,1.0,1.0,0.0,1.0,1.0,629875d-dirty
rf,25,17,Subject354,squat_deadlift,"0,6",52,0.958974358974359,0.9615384615384616,0.0,0.9394383394383394,0.9423076923076923,0.0,1.0,1.0,0.0,1.0,1.0,629875d-dirty
rf,25,17,Subject561,pushup_pushpress,"1,7",52,0.7631701631701632,0.8076923076923077,0.0,0.7631701631701632,0.8076923076923077,0.0,0.9804639804639805,0.9807692307692307,0.0,0.5,1.0,629875d-dirty
rf,25,17,Subject561,random1,"3,7",52,0.7631701631701632,0.8076923076923077,0.0,0.7892773892773892,0.8269230769230769,0.0,0.9804639804639805,0.9807692307692307,0.0,0.5,1.0,629875d-dirty
rf,25,17,Subject561,random2,"1,5",52,0.6944055944055945,0.7307692307692307,0.057692307692307696,0.6944055944055945,0.7307692307692307,0.057692307692307696,0.9612332112332113,0.9615384615384616,0.0,1.0,1.0,629875d-dirty
rf,25,17,Subject561,squat_deadlift,"0,6",52,0.6944055944055945,0.7307692307692307,0.057692307692307696,0.6944055944055945,0.7307692307692307,0.057692307692307696,0.9612332112332113,0.9615384615384616,0.0,1.0,1.0,629875d-dirty
rf,25,17,Subject571,pushup_pushpress,"1,7",26,0.9230769230769231,0.9230769230769231,0.0,0.9230769230769231,0.9230769230769231,0.0,1.0,1.0,0.0,1.0,1.0,629875d-dirty
rf,25,17,Subject571,random1,"10,11",26,0.958974358974359,0.9615384615384616,0.0,0.958974358974359,0.9615384615384616,0.0,1.0,1.0,0.0,0.75,1.0,629875d-dirty
rf,25,17,Subject571,random2,"1,3",26,0.9230769230769231,0.9230769230769231,0.0,0.9230769230769231,0.9230769230769231,0.0,1.0,1.0,0.0,1.0,1.0,629875d-dirty
rf,25,17,Subject571,squat_deadlift,"0,6",26,0.9230769230769231,0.9230769230769231,0.0,0.9230769230769231,0.9230769230769231,0.0,1.0,1.0,0.0,1.0,1.0,629875d-dirty
rf,25,17,Subject611,pushup_pushpress,"1,7",52,0.9076923076923076,0.8846153846153846,0.07692307692307693,0.9076923076923076,0.8846153846153846,0.07692307692307693,0.9694749694749696,0.9615384615384616,0.019230769230769232,1.0,1.0,629875d-dirty
rf,25,17,Subject611,random1,"10,14",52,0.9179487179487178,0.9230769230769231,0.0,0.9179487179487178,0.9230769230769231,0.0,0.9804639804639805,0.9807692307692307,0.0,0.75,0.875,629875d-dirty
rf,25,17,Subject611,random2,"1,11",52,0.9230769230769229,0.9230769230769231,0.0,0.9230769230769229,0.9230769230769231,0.0,0.9804639804639805,0.9807692307692307,0.0,0.75,0.875,629875d-dirty
rf,25,17,Subject611,squat_deadlift,"0,6",52,0.8974358974358972,0.8846153846153846,0.038461538461538464,0.912087912087912,0.9038461538461539,0.019230769230769232,0.9694749694749696,0.9615384615384616,0.019230769230769232,1.0,1.0,629875d-dirty
rf,26,8,Subject147,pushup_pushpress,"1,7",27,0.958974358974359,0.9629629629629629,0.0,0.8769230769230769,0.8888888888888888,0.037037037037037035,0.958974358974359,0.9629629629629629,0.0,1.0,1.0,629875d-dirty
rf,26,8,Subject147,random1,"2,14",27,0.958974358974359,0.9629629629629629,0.0,0.8615384615384615,0.8888888888888888,0.0,0.958974358974359,0.9629629629629629,0.0,1.0,1.0,629875d-dirty
rf,26,8,Subject147,random2,"2,10",27,0.9743589743589743,0.9629629629629629,0.037037037037037035,0.9743589743589743,0.9629629629629629,0.037037037037037035,0.9743589743589743,0.9629629629629629,0.037037037037037035,1.0,1.0,629875d-dirty
rf,26,8,Subject147,squat_deadlift,"0,6",27,0.958974358974359,0.9629629629629629,0.0,0.8974358974358976,0.9259259259259259,0.0,0.958974358974359,0.9629629629629629,0.0,1.0,1.0,629875d-dirty
rf,26,8,Subject352,pushup_pushpress,"1,7",26,0.7948717948717948,0.8076923076923077,0.0,0.7948717948717948,0.8076923076923077,0.0,0.8974358974358974,0.9230769230769231,0.0,1.0,1.0,629875d-dirty
rf,26,8,Subject352,random1,"8,13",26,0.7948717948717948,0.8076923076923077,0.0,0.7948717948717948,0.8076923076923077,0.0,0.8974358974358974,0.9230769230769231,0.0,1.0,1.0,629875d-dirty
rf,26,8,Subject352,random2,"3,6",26,0.7948717948717948,0.8076923076923077,0.0,0.7948717948717948,0.8076923076923077,0.0,0.8974358974358974,0.9230769230769231,0.0,1.0,1.0,629875d-dirty
rf,26,8,Subject352,squat_deadlift,"0,6",26,0.8205128205128205,0.8076923076923077,0.07692307692307693,0.8205128205128205,0.8076923076923077,0.07692307692307693,0.9230769230769231,0.9230769230769231,0.07692307692307693,1.0,1.0,629875d-dirty
rf,26,8,Subject494,pushup_pushpress,"1,7",52,0.23687423687423687,0.3076923076923077,0.19230769230769232,0.21978021978021975,0.28846153846153844,0.19230769230769232,0.8955044955044955,0.9038461538461539,0.0,1.0,1.0,629875d-dirty
rf,26,8,Subject494,random1,"2,12",52,0.39926739926739924,0.46153846153846156,0.057692307692307696,0.39926739926739924,0.46153846153846156,0.057692307692307696,0.8955044955044955,0.9038461538461539,0.0,0.0,1.0,629875d-dirty
rf,26,8,Subject494,random2,"12,14",52,0.3223443223443223,0.38461538461538464,0.1346153846153846,0.336019536019536,0.40384615384615385,0.11538461538461539,0.8955044955044955,0.9038461538461539,0.0,0.5,1.0,629875d-dirty
rf,26,8,Subject494,squat_deadlift,"0,6",52,0.36849816849816847,0.46153846153846156,0.07692307692307693,0.3377289377289377,0.4423076923076923,0.07692307692307693,0.9133311133311134,0.9230769230769231,0.0,0.0,0.875,629875d-dirty
rf,26,8,Subject580,pushup_pushpress,"1,7",78,0.8025801121954967,0.8076923076923077,0.01282051282051282,0.8119226926919233,0.8205128205128205,0.01282051282051282,0.902674248828095,0.8974358974358975,0.01282051282051282,0.9166666666666666,1.0,629875d-dirty
rf,26,8,Subject580,random1,"0,3",78,0.8712774405082097,0.8589743589743589,0.02564102564102564,0.8847409001255154,0.8717948717948718,0.02564102564102564,0.8918261225953532,0.8846153846153846,0.01282051282051282,0.5833333333333334,1.0,629875d-dirty
rf,26,8,Subject580,random2,"0,2",78,0.8832526447911062,0.8717948717948718,0.02564102564102564,0.909897794513179,0.8974358974358975,0.02564102564102564,0.9028151335843643,0.8846153846153846,0.038461538461538464,0.5,1.0,629875d-dirty
rf,26,8,Subject580,squat_deadlift,"0,6",78,0.8916442531827146,0.8846153846153846,0.01282051282051282,0.9021721867875715,0.8974358974358975,0.01282051282051282,0.9038909808140576,0.8974358974358975,0.01282051282051282,0.4166666666666667,0.9166666666666666,629875d-dirty
rf,26,8,Subject611,pushup_pushpress,"1,7",52,0.8700854700854701,0.8653846153846154,0.038461538461538464,0.8358974358974358,0.8269230769230769,0.057692307692307696,1.0,1.0,0.0,1.0,1.0,629875d-dirty
rf,26,8,Subject611,random1,"6,14",52,0.9333333333333333,0.9230769230769231,0.038461538461538464,0.9137973137973139,0.9038461538461539,0.038461538461538464,1.0,1.0,0.0,0.625,1.0,629875d-dirty
rf,26,8,Subject611,random2,"7,8",52,0.8700854700854701,0.8653846153846154,0.038461538461538464,0.859096459096459,0.8461538461538461,0.057692307692307696,1.0,1.0,0.0,1.0,1.0,629875d-dirty
rf,26,8,Subject611,squat_deadlift,"0,6",52,0.8700854700854701,0.8653846153846154,0.038461538461538464,0.8700854700854701,0.8653846153846154,0.038461538461538464,1.0,1.0,0.0,1.0,1.0,629875d-dirty
rf,26,8,Subject969,pushup_pushpress,"1,7",26,0.6794871794871794,0.7307692307692307,0.0,0.6794871794871794,0.7307692307692307,0.0,0.8974358974358974,0.9230769230769231,0.0,0.5,1.0,629875d-dirty
rf,26,8,Subject969,random1,"4,12",26,0.641025641025641,0.6538461538461539,0.23076923076923078,0.641025641025641,0.6538461538461539,0.23076923076923078,0.9230769230769231,0.9230769230769231,0.07692307692307693,1.0,1.0,629875d-dirty
rf,26,8,Subject969,random2,"1,10",26,0.6794871794871794,0.7307692307692307,0.0,0.6923076923076923,0.7307692307692307,0.07692307692307693,1.0,1.0,0.0,0.5,0.75,629875d-dirty
rf,26,8,Subject969,squat_deadlift,"0,6",26,0.6205128205128205,0.6538461538461539,0.07692307692307693,0.6205128205128205,0.6538461538461539,0.07692307692307693,0.8974358974358974,0.9230769230769231,0.0,1.0,1.0,629875d-dirty
rf,26,17,Subject147,pushup_pushpress,"1,7",27,0.9358974358974359,0.9259259259259259,0.037037037037037035,0.9358974358974359,0.9259259259259259,0.037037037037037035,0.9358974358974359,0.9259259259259259,0.037037037037037035,1.0,1.0,629875d-dirty
rf,26,17,Subject147,random1,"2,14",27,0.9205128205128206,0.9259259259259259,0.0,0.9205128205128206,0.9259259259259259,0.0,0.9205128205128206,0.9259259259259259,0.0,1.0,1.0,629875d-dirty
rf,26,17,Subject147,random2,"2,10",27,0.9743589743589743,0.9629629629629629,0.037037037037037035,0.9743589743589743,0.9629629629629629,0.037037037037037035,0.9743589743589743,0.9629629629629629,0.037037037037037035,0.75,1.0,629875d-dirty
rf,26,17,Subject147,squat_deadlift,"0,6",27,0.9205128205128206,0.9259259259259259,0.0,0.9205128205128206,0.9259259259259259,0.0,0.9205128205128206,0.9259259259259259,0.0,1.0,1.0,629875d-dirty
rf,26,17,Subject352,pushup_pushpress,"1,7",26,0.8205128205128205,0.8461538461538461,0.0,0.8205128205128205,0.8461538461538461,0.0,0.8974358974358974,0.9230769230769231,0.0,1.0,1.0,629875d-dirty
rf,26,17,Subject352,random1,"8,13",26,0.8205128205128205,0.8461538461538461,0.0,0.8205128205128205,0.8461538461538461,0.0,0.8974358974358974,0.9230769230769231,0.0,1.0,1.0,629875d-dirty
rf,26,17,Subject352,random2,"3,6",26,0.8205128205128205,0.8461538461538461,0.0,0.8205128205128205,0.8461538461538461,0.0,0.8974358974358974,0.9230769230769231,0.0,1.0,1.0,629875d-dirty
rf,26,17,Subject352,squat_deadlift,"0,6",26,0.8461538461538461,0.8461538461538461,0.07692307692307693,0.8461538461538461,0.8461538461538461,0.07692307692307693,0.9230769230769231,0.9230769230769231,0.07692307692307693,1.0,1.0,629875d-dirty
rf,26,17,Subject494,pushup_pushpress,"1,7",52,0.5914529914529914,0.6153846153846154,0.19230769230769232,0.5504273504273504,0.5769230769230769,0.19230769230769232,0.9343101343101343,0.9230769230769231,0.057692307692307696,1.0,1.0,629875d-dirty
rf,26,17,Subject494,random1,"2,12",52,0.5829059829059828,0.6538461538461539,0.0,0.5743589743589743,0.6538461538461539,0.0,0.9133311133311133,0.9230769230769231,0.0,0.75,1.0,629875d-dirty
rf,26,17,Subject494,random2,"12,14",52,0.5572649572649573,0.6153846153846154,0.019230769230769232,0.5226107226107227,0.5961538461538461,0.019230769230769232,0.9133311133311134,0.9230769230769231,0.0,1.0,1.0,629875d-dirty
rf,26,17,Subject494,squat_deadlift,"0,6",52,0.6735042735042734,0.7307692307692307,0.019230769230769232,0.6735042735042734,0.7307692307692307,0.019230769230769232,0.9328671328671329,0.9423076923076923,0.0,0.25,0.875,629875d-dirty
rf,26,17,Subject580,pushup_pushpress,"1,7",78,0.9178769948000718,0.9102564102564102,0.02564102564102564,0.8759445682522604,0.8717948717948718,0.02564102564102564,0.9307871615563924,0.9230769230769231,0.02564102564102564,0.9166666666666666,0.9166666666666666,629875d-dirty
rf,26,17,Subject580,random1,"0,3",78,0.9018161325853632,0.8974358974358975,0.01282051282051282,0.894912779528164,0.8846153846153846,0.02564102564102564,0.9088091395783702,0.9102564102564102,0.0,1.0,1.0,629875d-dirty
rf,26,17,Subject580,random2,"0,2",78,0.8958989728220496,0.8974358974358975,0.0,0.8958989728220496,0.8974358974358975,0.0,0.9088091395783702,0.9102564102564102,0.0,1.0,1.0,629875d-dirty
rf,26,17,Subject580,squat_deadlift,"0,6",78,0.9088091395783702,0.9102564102564102,0.0,0.9088091395783702,0.9102564102564102,0.0,0.9217193063346909,0.9230769230769231,0.0,0.9166666666666666,0.9166666666666666,629875d-dirty
rf,26,17,Subject611,pushup_pushpress,"1,7",52,0.8962370962370962,0.8846153846153846,0.057692307692307696,0.9076923076923076,0.8846153846153846,0.07692307692307693,0.989010989010989,0.9807692307692307,0.019230769230769232,1.0,1.0,629875d-dirty
rf,26,17,Subject611,random1,"6,14",52,0.9423909423909423,0.9423076923076923,0.0,0.9423909423909423,0.9423076923076923,0.0,0.9804639804639805,0.9807692307692307,0.0,0.625,1.0,629875d-dirty
rf,26,17,Subject611,random2,"7,8",52,0.8962370962370962,0.8846153846153846,0.057692307692307696,0.8815850815850814,0.8653846153846154,0.07692307692307693,0.989010989010989,0.9807692307692307,0.019230769230769232,1.0,1.0,629875d-dirty
rf,26,17,Subject611,squat_deadlift,"0,6",52,0.8752580752580753,0.8846153846153846,0.0,0.8205128205128204,0.8461538461538461,0.0,0.9804639804639805,0.9807692307692307,0.0,1.0,1.0,629875d-dirty
rf,26,17,Subject969,pushup_pushpress,"1,7",26,0.7285714285714285,0.7692307692307693,0.0,0.7285714285714285,0.7692307692307693,0.0,0.8564102564102564,0.8846153846153846,0.0,0.5,1.0,629875d-dirty
rf,26,17,Subject969,random1,"4,12",26,0.6846153846153846,0.6923076923076923,0.19230769230769232,0.6846153846153846,0.6923076923076923,0.19230769230769232,0.8564102564102564,0.8461538461538461,0.11538461538461539,1.0,1.0,629875d-dirty
rf,26,17,Subject969,random2,"1,10",26,0.7285714285714285,0.7692307692307693,0.0,0.7358974358974358,0.7692307692307693,0.038461538461538464,0.917948717948718,0.9230769230769231,0.0,0.5,0.75,629875d-dirty
rf,26,17,Subject969,squat_deadlift,"0,6",26,0.7008547008547008,0.7307692307692307,0.07692307692307693,0.7008547008547008,0.7307692307692307,0.07692307692307693,0.8644688644688644,0.8846153846153846,0.0,0.75,1.0,629875d-dirty
rf,27,8,Subject226,pushup_pushpress,"1,7",26,0.6871794871794871,0.7307692307692307,0.038461538461538464,0.6641025641025641,0.6923076923076923,0.07692307692307693,0.9487179487179487,0.9230769230769231,0.07692307692307693,1.0,1.0,629875d-dirty
rf,27,8,Subject226,random1,"0,14",26,0.7384615384615384,0.7692307692307693,0.07692307692307693,0.7051282051282051,0.7307692307692307,0.07692307692307693,0.9230769230769229,0.9230769230769231,0.0,0.75,1.0,629875d-dirty
rf,27,8,Subject226,random2,"0,8",26,0.7128205128205127,0.7692307692307693,0.0,0.6794871794871794,0.7307692307692307,0.0,0.9230769230769231,0.9230769230769231,0.0,0.75,1.0,629875d-dirty
rf,27,8,Subject226,squat_deadlift,"0,6",26,0.7897435897435897,0.8461538461538461,0.0,0.7897435897435897,0.8461538461538461,0.0,0.9230769230769231,0.9230769230769231,0.0,0.25,1.0,629875d-dirty
rf,27,8,Subject352,pushup_pushpress,"1,7",26,0.7948717948717948,0.8076923076923077,0.0,0.7948717948717948,0.8076923076923077,0.0,0.8974358974358974,0.9230769230769231,0.0,1.0,1.0,629875d-dirty
rf,27,8,Subject352,random1,"2,8",26,0.8974358974358974,0.8846153846153846,0.11538461538461539,0.9230769230769231,0.9230769230769231,0.07692307692307693,1.0,1.0,0.0,0.5,0.5,629875d-dirty
rf,27,8,Subject352,random2,"1,2",26,0.8974358974358974,0.8846153846153846,0.11538461538461539,0.8974358974358974,0.8846153846153846,0.11538461538461539,1.0,1.0,0.0,0.5,0.5,629875d-dirty
rf,27,8,Subject352,squat_deadlift,"0,6",26,0.8205128205128205,0.8076923076923077,0.07692307692307693,0.8205128205128205,0.8076923076923077,0.07692307692307693,0.9230769230769231,0.9230769230769231,0.07692307692307693,1.0,1.0,629875d-dirty
rf,27,8,Subject611,pushup_pushpress,"1,7",52,0.8871794871794871,0.8653846153846154,0.09615384615384616,0.901831501831502,0.8846153846153846,0.07692307692307693,0.989010989010989,0.9807692307692307,0.019230769230769232,0.875,1.0,629875d-dirty
rf,27,8,Subject611,random1,"2,9",52,0.8811965811965812,0.8846153846153846,0.0,0.9240537240537241,0.9230769230769231,0.0,0.9804639804639805,0.9807692307692307,0.0,0.75,1.0,629875d-dirty
rf,27,8,Subject611,random2,"7,12",52,0.8871794871794871,0.8653846153846154,0.09615384615384616,0.8871794871794871,0.8653846153846154,0.09615384615384616,0.989010989010989,0.9807692307692307,0.019230769230769232,0.875,1.0,629875d-dirty
rf,27,8,Subject611,squat_deadlift,"0,6",52,0.8401709401709402,0.8461538461538461,0.0,0.8583194583194582,0.8653846153846154,0.0,0.9804639804639805,0.9807692307692307,0.0,1.0,1.0,629875d-dirty
rf,27,8,Subject741,pushup_pushpress,"1,7",52,0.6034798534798533,0.6346153846153846,0.019230769230769232,0.6480698788391096,0.6730769230769231,0.038461538461538464,0.8637362637362637,0.8653846153846154,0.019230769230769232,1.0,1.0,629875d-dirty
rf,27,8,Subject741,random1,"8,9",52,0.6240703740703741,0.6730769230769231,0.0,0.6240703740703741,0.6730769230769231,0.0,0.8551892551892551,0.8653846153846154,0.0,0.75,1.0,629875d-dirty
rf,27,8,Subject741,random2,"1,10",52,0.6419413919413919,0.6538461538461539,0.09615384615384616,0.6930249237941546,0.7115384615384616,0.07692307692307693,0.8945054945054944,0.8846153846153846,0.057692307692307696,0.875,0.875,629875d-dirty
rf,27,8,Subject741,squat_deadlift,"0,6",52,0.747130647130647,0.7692307692307693,0.019230769230769232,0.7652791652791654,0.7884615384615384,0.019230769230769232,0.8735042735042734,0.8846153846153846,0.0,0.125,1.0,629875d-dirty
rf,27,8,Subject890,pushup_pushpress,"1,7",26,0.7333333333333333,0.7692307692307693,0.0,0.6512820512820513,0.6923076923076923,0.11538461538461539,0.958974358974359,0.9615384615384616,0.0,0.5,1.0,629875d-dirty
rf,27,8,Subject890,random1,"9,11",26,0.6476190476190476,0.6923076923076923,0.0,0.5963369963369963,0.6538461538461539,0.0,0.958974358974359,0.9615384615384616,0.0,1.0,1.0,629875d-dirty
rf,27,8,Subject890,random2,"3,5",26,0.6476190476190475,0.6923076923076923,0.0,0.6886446886446886,0.7307692307692307,0.0,0.958974358974359,0.9615384615384616,0.0,1.0,1.0,629875d-dirty
rf,27,8,Subject890,squat_deadlift,"0,6",26,0.7501831501831501,0.7692307692307693,0.0,0.7501831501831501,0.7692307692307693,0.0,0.958974358974359,0.9615384615384616,0.0,0.5,1.0,629875d-dirty
rf,27,8,Subject969,pushup_pushpress,"1,7",26,0.7670329670329671,0.8076923076923077,0.0,0.7948717948717948,0.8461538461538461,0.0,0.8564102564102564,0.8846153846153846,0.0,0.5,1.0,629875d-dirty
rf,27,8,Subject969,random1,"1,3",26,0.6803418803418804,0.7307692307692307,0.0,0.6803418803418804,0.7307692307692307,0.0,0.8564102564102564,0.8846153846153846,0.0,1.0,1.0,629875d-dirty
rf,27,8,Subject969,random2,"9,11",26,0.6803418803418804,0.7307692307692307,0.0,0.7051282051282052,0.7692307692307693,0.0,0.8564102564102564,0.8846153846153846,0.0,1.0,1.0,629875d-dirty
rf,27,8,Subject969,squat_deadlift,"0,6",26,0.7777777777777778,0.8076923076923077,0.0,0.7367521367521367,0.7692307692307693,0.0,0.8974358974358974,0.9230769230769231,0.0,0.5,0.75,629875d-dirty
rf,27,17,Subject226,pushup_pushpress,"1,7",26,0.805128205128205,0.8461538461538461,0.038461538461538464,0.782051282051282,0.8076923076923077,0.07692307692307693,0.9743589743589743,0.9615384615384616,0.038461538461538464,1.0,1.0,629875d-dirty
rf,27,17,Subject226,random1,"0,14",26,0.8923076923076922,0.9230769230769231,0.0,0.8666666666666666,0.8846153846153846,0.038461538461538464,0.958974358974359,0.9615384615384616,0.0,0.5,1.0,629875d-dirty
rf,27,17,Subject226,random2,"0,8",26,0.8923076923076922,0.9230769230769231,0.0,0.8512820512820513,0.8846153846153846,0.0,0.958974358974359,0.9615384615384616,0.0,0.5,1.0,629875d-dirty
rf,27,17,Subject226,squat_deadlift,"0,6",26,0.8923076923076922,0.9230769230769231,0.0,0.8512820512820513,0.8846153846153846,0.0,0.958974358974359,0.9615384615384616,0.0,0.5,1.0,629875d-dirty
rf,27,17,Subject352,pushup_pushpress,"1,7",26,0.8205128205128205,0.8461538461538461,0.0,0.8205128205128205,0.8461538461538461,0.0,0.8974358974358974,0.9230769230769231,0.0,1.0,1.0,629875d-dirty
rf,27,17,Subject352,random1,"2,8",26,0.9230769230769231,0.9230769230769231,0.07692307692307693,0.9230769230769231,0.9230769230769231,0.07692307692307693,1.0,1.0,0.0,0.5,0.5,629875d-dirty
rf,27,17,Subject352,random2,"1,2",26,0.9230769230769231,0.9230769230769231,0.07692307692307693,0.9230769230769231,0.9230769230769231,0.07692307692307693,1.0,1.0,0.0,0.5,0.5,629875d-dirty
rf,27,17,Subject352,squat_deadlift,"0,6",26,0.8461538461538461,0.8461538461538461,0.07692307692307693,0.8461538461538461,0.8461538461538461,0.07692307692307693,0.9230769230769231,0.9230769230769231,0.07692307692307693,1.0,1.0,629875d-dirty
rf,27,17,Subject611,pushup_pushpress,"1,7",52,0.9487179487179487,0.9230769230769231,0.07692307692307693,0.9487179487179487,0.9230769230769231,0.07692307692307693,0.989010989010989,0.9807692307692307,0.019230769230769232,1.0,1.0,629875d-dirty
rf,27,17,Subject611,random1,"2,9",52,0.9230769230769229,0.9230769230769231,0.0,0.9423909423909425,0.9423076923076923,0.0,0.9804639804639805,0.9807692307692307,0.0,1.0,1.0,629875d-dirty
rf,27,17,Subject611,random2,"7,12",52,0.9487179487179487,0.9230769230769231,0.07692307692307693,0.9487179487179487,0.9230769230769231,0.07692307692307693,0.989010989010989,0.9807692307692307,0.019230769230769232,1.0,1.0,629875d-dirty
rf,27,17,Subject611,squat_deadlift,"0,6",52,0.9230769230769229,0.9230769230769231,0.0,0.9423909423909425,0.9423076923076923,0.0,0.9804639804639805,0.9807692307692307,0.0,1.0,1.0,629875d-dirty
rf,27,17,Subject741,pushup_pushpress,"1,7",52,0.849039849039849,0.8653846153846154,0.0,0.849039849039849,0.8653846153846154,0.0,0.9218559218559219,0.9230769230769231,0.0,1.0,1.0,629875d-dirty
rf,27,17,Subject741,random1,"8,9",52,0.8685758685758687,0.8846153846153846,0.0,0.8685758685758687,0.8846153846153846,0.0,0.9218559218559219,0.9230769230769231,0.0,0.875,1.0,629875d-dirty
rf,27,17,Subject741,random2,"1,10",52,0.884004884004884,0.8846153846153846,0.07692307692307693,0.884004884004884,0.8846153846153846,0.07692307692307693,0.9548229548229549,0.9423076923076923,0.038461538461538464,0.875,1.0,629875d-dirty
rf,27,17,Subject741,squat_deadlift,"0,6",52,0.8575868575868577,0.8653846153846154,0.019230769230769232,0.8575868575868577,0.8653846153846154,0.019230769230769232,0.9218559218559219,0.9230769230769231,0.0,1.0,1.0,629875d-dirty
rf,27,17,Subject890,pushup_pushpress,"1,7",26,0.8974358974358976,0.9230769230769231,0.0,0.8769230769230769,0.8846153846153846,0.038461538461538464,0.8974358974358976,0.9230769230769231,0.0,1.0,1.0,629875d-dirty
rf,27,17,Subject890,random1,"9,11",26,0.8974358974358974,0.9230769230769231,0.0,0.8974358974358974,0.9230769230769231,0.0,0.8974358974358974,0.9230769230769231,0.0,1.0,1.0,629875d-dirty
rf,27,17,Subject890,random2,"3,5",26,0.8974358974358976,0.9230769230769231,0.0,0.8769230769230769,0.8846153846153846,0.0,0.8974358974358976,0.9230769230769231,0.0,1.0,1.0,629875d-dirty
rf,27,17,Subject890,squat_deadlift,"0,6",26,0.8974358974358976,0.9230769230769231,0.0,0.8974358974358976,0.9230769230769231,0.0,0.8974358974358976,0.9230769230769231,0.0,1.0,1.0,629875d-dirty
rf,27,17,Subject969,pushup_pushpress,"1,7",26,0.7670329670329671,0.8076923076923077,0.0,0.7670329670329671,0.8076923076923077,0.0,0.8564102564102564,0.8846153846153846,0.0,0.5,1.0,629875d-dirty
rf,27,17,Subject969,random1,"1,3",26,0.6803418803418804,0.7307692307692307,0.0,0.6803418803418804,0.7307692307692307,0.0,0.8564102564102564,0.8846153846153846,0.0,1.0,1.0,629875d-dirty
rf,27,17,Subject969,random2,"9,11",26,0.6803418803418804,0.7307692307692307,0.0,0.6803418803418804,0.7307692307692307,0.0,0.8564102564102564,0.8846153846153846,0.0,1.0,1.0,629875d-dirty
rf,27,17,Subject969,squat_deadlift,"0,6",26,0.7777777777777778,0.8076923076923077,0.0,0.7777777777777778,0.8076923076923077,0.0,0.8974358974358974,0.9230769230769231,0.0,0.5,1.0,629875d-dirty
rf,28,8,Subject139,pushup_pushpress,"1,7",52,0.9211233211233212,0.9230769230769231,0.0,0.9211233211233212,0.9230769230769231,0.0,0.9384615384615386,0.9423076923076923,0.019230769230769232,1.0,1.0,629875d-dirty
rf,28,8,Subject139,random1,"2,9",52,0.9211233211233212,0.9230769230769231,0.0,0.9211233211233212,0.9230769230769231,0.0,0.92991452991453,0.9423076923076923,0.0,1.0,1.0,629875d-dirty
rf,28,8,Subject139,random2,"1,12",52,0.9211233211233212,0.9230769230769231,0.0,0.9406593406593408,0.9423076923076923,0.0,0.92991452991453,0.9423076923076923,0.0,1.0,1.0,629875d-dirty
rf,28,8,Subject139,squat_deadlift,"0,6",52,0.9450549450549451,0.9230769230769231,0.057692307692307696,0.8791208791208791,0.8653846153846154,0.11538461538461539,0.92991452991453,0.9423076923076923,0.0,1.0,1.0,629875d-dirty
rf,28,8,Subject352,pushup_pushpress,"1,7",26,0.7794871794871795,0.8076923076923077,0.0,0.7128205128205127,0.7307692307692307,0.0,0.8564102564102564,0.8846153846153846,0.0,1.0,1.0,629875d-dirty
rf,28,8,Subject352,random1,"8,13",26,0.7948717948717948,0.8076923076923077,0.038461538461538464,0.7948717948717948,0.8076923076923077,0.038461538461538464,0.8717948717948717,0.8846153846153846,0.038461538461538464,1.0,1.0,629875d-dirty
rf,28,8,Subject352,random2,"10,12",26,0.7794871794871795,0.8076923076923077,0.0,0.7128205128205127,0.7307692307692307,0.0,0.8564102564102564,0.8846153846153846,0.0,1.0,1.0,629875d-dirty
rf,28,8,Subject352,squat_deadlift,"0,6",26,0.8051282051282052,0.8076923076923077,0.07692307692307693,0.8051282051282052,0.8076923076923077,0.07692307692307693,0.882051282051282,0.8846153846153846,0.07692307692307693,1.0,1.0,629875d-dirty
rf,28,8,Subject494,pushup_pushpress,"1,7",52,0.6532578532578532,0.6538461538461539,0.21153846153846154,0.6227328227328227,0.6346153846153846,0.21153846153846154,0.9257631257631258,0.9230769230769231,0.038461538461538464,1.0,1.0,629875d-dirty
rf,28,8,Subject494,random1,"5,9",52,0.6087234403023877,0.6538461538461539,0.0,0.6128526444315917,0.6538461538461539,0.019230769230769232,0.918925518925519,0.9230769230769231,0.019230769230769232,1.0,1.0,629875d-dirty
rf,28,8,Subject494,random2,"3,9",52,0.6087234403023877,0.6538461538461539,0.0,0.6087234403023877,0.6538461538461539,0.0,0.9103785103785105,0.9230769230769231,0.0,1.0,1.0,629875d-dirty
rf,28,8,Subject494,squat_deadlift,"0,6",52,0.7368742368742368,0.7692307692307693,0.038461538461538464,0.7368742368742368,0.7692307692307693,0.038461538461538464,0.9299145299145299,0.9423076923076923,0.0,0.25,0.875,629875d-dirty
rf,28,8,Subject516,pushup_pushpress,"1,7",26,0.8512820512820513,0.8461538461538461,0.038461538461538464,0.8512820512820513,0.8461538461538461,0.038461538461538464,0.9230769230769231,0.9230769230769231,0.0,1.0,1.0,629875d-dirty
rf,28,8,Subject516,random1,"7,11",26,0.8512820512820513,0.8461538461538461,0.038461538461538464,0.8512820512820513,0.8461538461538461,0.038461538461538464,0.9230769230769231,0.9230769230769231,0.0,1.0,1.0,629875d-dirty
rf,28,8,Subject516,random2,"5,9",26,0.8358974358974358,0.8461538461538461,0.0,0.8358974358974358,0.8461538461538461,0.0,0.9230769230769231,0.9230769230769231,0.0,1.0,1.0,629875d-dirty
rf,28,8,Subject516,squat_deadlift,"0,6",26,0.8358974358974358,0.8461538461538461,0.0,0.8358974358974358,0.8461538461538461,0.0,0.9230769230769231,0.9230769230769231,0.0,1.0,1.0,629875d-dirty
rf,28,8,Subject729,pushup_pushpress,"1,7",52,0.9394383394383394,0.9423076923076923,0.0,0.9103785103785105,0.9230769230769231,0.0,1.0,1.0,0.0,1.0,1.0,629875d-dirty
rf,28,8,Subject729,random1,"0,14",52,0.958974358974359,0.9615384615384616,0.0,0.958974358974359,0.9615384615384616,0.0,1.0,1.0,0.0,0.875,1.0,629875d-dirty
rf,28,8,Subject729,random2,"3,11",52,0.9394383394383395,0.9423076923076923,0.0,0.9394383394383395,0.9423076923076923,0.0,1.0,1.0,0.0,1.0,1.0,629875d-dirty
rf,28,8,Subject729,squat_deadlift,"0,6",52,0.958974358974359,0.9615384615384616,0.0,0.958974358974359,0.9615384615384616,0.0,1.0,1.0,0.0,0.875,1.0,629875d-dirty
rf,28,8,Subject877,pushup_pushpress,"1,7",52,0.9804639804639805,0.9807692307692307,0.0,1.0,1.0,0.0,0.9804639804639805,0.9807692307692307,0.0,1.0,1.0,629875d-dirty
rf,28,8,Subject877,random1,"4,10",52,0.9804639804639805,0.9807692307692307,0.0,0.9804639804639805,0.9807692307692307,0.0,0.9804639804639805,0.9807692307692307,0.0,1.0,1.0,629875d-dirty
rf,28,8,Subject877,random2,"4,12",52,0.9804639804639805,0.9807692307692307,0.0,1.0,1.0,0.0,0.9804639804639805,0.9807692307692307,0.0,1.0,1.0,629875d-dirty
rf,28,8,Subject877,squat_deadlift,"0,6",52,0.989010989010989,0.9807692307692307,0.019230769230769232,0.989010989010989,0.9807692307692307,0.019230769230769232,0.989010989010989,0.9807692307692307,0.019230769230769232,1.0,1.0,629875d-dirty
rf,28,17,Subject139,pushup_pushpress,"1,7",52,0.9328671328671329,0.9423076923076923,0.0,0.9218781218781219,0.9230769230769231,0.019230769230769232,0.989010989010989,0.9807692307692307,0.019230769230769232,1.0,1.0,629875d-dirty
rf,28,17,Subject139,random1,"2,9",52,0.9328671328671329,0.9423076923076923,0.0,0.9328671328671329,0.9423076923076923,0.0,0.9804639804639805,0.9807692307692307,0.0,1.0,1.0,629875d-dirty
rf,28,17,Subject139,random2,"1,12",52,0.9328671328671329,0.9423076923076923,0.0,0.960927960927961,0.9615384615384616,0.0,0.9804639804639805,0.9807692307692307,0.0,1.0,1.0,629875d-dirty
rf,28,17,Subject139,squat_deadlift,"0,6",52,0.9538461538461539,0.9423076923076923,0.057692307692307696,0.8925518925518927,0.8846153846153846,0.09615384615384616,0.9804639804639805,0.9807692307692307,0.0,1.0,1.0,629875d-dirty
rf,28,17,Subject352,pushup_pushpress,"1,7",26,0.7794871794871795,0.8076923076923077,0.0,0.7794871794871795,0.8076923076923077,0.0,0.8564102564102564,0.8846153846153846,0.0,1.0,1.0,629875d-dirty
rf,28,17,Subject352,random1,"8,13",26,0.7948717948717948,0.8076923076923077,0.038461538461538464,0.7948717948717948,0.8076923076923077,0.038461538461538464,0.8717948717948717,0.8846153846153846,0.038461538461538464,1.0,1.0,629875d-dirty
rf,28,17,Subject352,random2,"10,12",26,0.7794871794871795,0.8076923076923077,0.0,0.7794871794871795,0.8076923076923077,0.0,0.8564102564102564,0.8846153846153846,0.0,1.0,1.0,629875d-dirty
rf,28,17,Subject352,squat_deadlift,"0,6",26,0.8051282051282052,0.8076923076923077,0.07692307692307693,0.8051282051282052,0.8076923076923077,0.07692307692307693,0.882051282051282,0.8846153846153846,0.07692307692307693,1.0,1.0,629875d-dirty
rf,28,17,Subject494,pushup_pushpress,"1,7",52,0.6693750693750693,0.6730769230769231,0.19230769230769232,0.6954822954822955,0.6923076923076923,0.19230769230769232,0.9538461538461539,0.9423076923076923,0.057692307692307696,1.0,1.0,629875d-dirty
rf,28,17,Subject494,random1,"5,9",52,0.6266400266400266,0.6730769230769231,0.0,0.6527472527472528,0.6923076923076923,0.0,0.9328671328671329,0.9423076923076923,0.0,1.0,1.0,629875d-dirty
rf,28,17,Subject494,random2,"3,9",52,0.6266400266400266,0.6730769230769231,0.0,0.6527472527472526,0.6923076923076923,0.0,0.9328671328671329,0.9423076923076923,0.0,1.0,1.0,629875d-dirty
rf,28,17,Subject494,squat_deadlift,"0,6",52,0.7555555555555556,0.7884615384615384,0.038461538461538464,0.7334554334554334,0.7692307692307693,0.038461538461538464,0.9328671328671329,0.9423076923076923,0.0,0.25,1.0,629875d-dirty
rf,28,17,Subject516,pushup_pushpress,"1,7",26,0.9230769230769231,0.9230769230769231,0.0,0.9230769230769231,0.9230769230769231,0.0,0.958974358974359,0.9615384615384616,0.0,0.75,0.75,629875d-dirty
rf,28,17,Subject516,random1,"7,11",26,0.9230769230769231,0.9230769230769231,0.0,0.958974358974359,0.9615384615384616,0.0,0.958974358974359,0.9615384615384616,0.0,0.75,0.75,629875d-dirty
rf,28,17,Subject516,random2,"5,9",26,0.8897435897435897,0.8846153846153846,0.0,0.8897435897435897,0.8846153846153846,0.0,0.9230769230769231,0.9230769230769231,0.0,1.0,1.0,629875d-dirty
rf,28,17,Subject516,squat_deadlift,"0,6",26,0.8897435897435897,0.8846153846153846,0.0,0.8897435897435897,0.8846153846153846,0.0,0.9230769230769231,0.9230769230769231,0.0,1.0,1.0,629875d-dirty
rf,28,17,Subject729,pushup_pushpress,"1,7",52,0.9004884004884004,0.9038461538461539,0.0,0.9197191697191697,0.9230769230769231,0.0,0.9804639804639805,0.9807692307692307,0.0,1.0,1.0,629875d-dirty
rf,28,17,Subject729,random1,"0,14",52,0.9282661782661783,0.9230769230769231,0.019230769230769232,0.9035409035409034,0.9038461538461539,0.019230769230769232,0.9804639804639805,0.9807692307692307,0.0,0.875,1.0,629875d-dirty
rf,28,17,Subject729,random2,"3,11",52,0.9004884004884004,0.9038461538461539,0.0,0.9004884004884004,0.9038461538461539,0.0,0.9804639804639805,0.9807692307692307,0.0,1.0,1.0,629875d-dirty
rf,28,17,Subject729,squat_deadlift,"0,6",52,0.9282661782661782,0.9230769230769231,0.019230769230769232,0.9282661782661782,0.9230769230769231,0.019230769230769232,0.9804639804639805,0.9807692307692307,0.0,0.875,1.0,629875d-dirty
rf,28,17,Subject877,pushup_pushpress,"1,7",52,1.0,1.0,0.0,0.989010989010989,0.9807692307692307,0.019230769230769232,0.9804639804639805,0.9807692307692307,0.0,1.0,1.0,629875d-dirty
rf,28,17,Subject877,random1,"4,10",52,1.0,1.0,0.0,1.0,1.0,0.0,0.9804639804639805,0.9807692307692307,0.0,1.0,1.0,629875d-dirty
rf,28,17,Subject877,random2,"4,12",52,1.0,1.0,0.0,1.0,1.0,0.0,0.9804639804639805,0.9807692307692307,0.0,1.0,1.0,629875d-dirty
rf,28,17,Subject877,squat_deadlift,"0,6",52,1.0,1.0,0.0,1.0,1.0,0.0,0.989010989010989,0.9807692307692307,0.019230769230769232,1.0,1.0,629875d-dirty
rf,29,8,Subject139,pushup_pushpress,"1,7",52,0.7727716727716728,0.7884615384615384,0.019230769230769232,0.7577533577533578,0.7692307692307693,0.057692307692307696,0.8867132867132868,0.8846153846153846,0.057692307692307696,1.0,1.0,629875d-dirty
rf,29,8,Subject139,random1,"2,12",52,0.7642246642246643,0.7884615384615384,0.0,0.7931845931845932,0.8076923076923077,0.0,0.8657342657342658,0.8846153846153846,0.0,1.0,1.0,629875d-dirty
rf,29,8,Subject139,random2,"10,12",52,0.818070818070818,0.8269230769230769,0.038461538461538464,0.8654456654456654,0.8653846153846154,0.019230769230769232,0.8657342657342658,0.8846153846153846,0.0,0.75,1.0,629875d-dirty
rf,29,8,Subject139,squat_deadlift,"0,6",52,0.7984126984126984,0.7884615384615384,0.09615384615384616,0.7457875457875457,0.75,0.1346153846153846,0.8867132867132868,0.8846153846153846,0.057692307692307696,1.0,1.0,629875d-dirty
rf,29,8,Subject226,pushup_pushpress,"1,7",26,0.7538461538461539,0.7692307692307693,0.07692307692307693,0.7230769230769231,0.7307692307692307,0.11538461538461539,0.9487179487179487,0.9230769230769231,0.07692307692307693,1.0,1.0,629875d-dirty
rf,29,8,Subject226,random1,"2,12",26,0.7282051282051282,0.7692307692307693,0.0,0.7282051282051282,0.7692307692307693,0.0,0.9230769230769229,0.9230769230769231,0.0,1.0,1.0,629875d-dirty
rf,29,8,Subject226,random2,"0,9",26,0.8256410256410257,0.8461538461538461,0.0,0.7948717948717948,0.8076923076923077,0.0,0.9230769230769231,0.9230769230769231,0.0,0.5,1.0,629875d-dirty
rf,29,8,Subject226,squat_deadlift,"0,6",26,0.8256410256410257,0.8461538461538461,0.0,0.7846153846153847,0.8076923076923077,0.0,0.9230769230769231,0.9230769230769231,0.0,0.5,1.0,629875d-dirty
rf,29,8,Subject353,pushup_pushpress,"1,7",52,0.7345376845376845,0.7692307692307693,0.0,0.7372849372849373,0.7692307692307693,0.019230769230769232,0.9285714285714286,0.9230769230769231,0.019230769230769232,0.5,0.875,629875d-dirty
rf,29,8,Subject353,random1,"0,14",52,0.7482517482517482,0.7692307692307693,0.0,0.7611499611499611,0.7884615384615384,0.0,0.9038461538461539,0.9038461538461539,0.0,0.5,1.0,629875d-dirty
rf,29,8,Subject353,random2,"2,9",52,0.7160839160839161,0.75,0.0,0.6993006993006994,0.7307692307692307,0.0,0.9038461538461539,0.9038461538461539,0.0,0.625,1.0,629875d-dirty
rf,29,8,Subject353,squat_deadlift,"0,6",52,0.7482517482517482,0.7692307692307693,0.0,0.7482517482517482,0.7692307692307693,0.0,0.9038461538461539,0.9038461538461539,0.0,0.5,1.0,629875d-dirty
rf,29,8,Subject424,pushup_pushpress,"1,7",52,0.8590964590964592,0.8461538461538461,0.07692307692307693,0.8368742368742369,0.8269230769230769,0.11538461538461539,0.8778998778998779,0.8653846153846154,0.11538461538461539,0.875,0.875,629875d-dirty
rf,29,8,Subject424,random1,"9,10",52,0.8501221001221,0.8653846153846154,0.0,0.8391330891330893,0.8269230769230769,0.07692307692307693,0.9202075702075703,0.9230769230769231,0.0,0.75,1.0,629875d-dirty
rf,29,8,Subject424,random2,"9,12",52,0.8142246642246642,0.8269230769230769,0.0,0.8676601176601176,0.8653846153846154,0.0,0.8257020757020757,0.8461538461538461,0.0,1.0,1.0,629875d-dirty
rf,29,8,Subject424,squat_deadlift,"0,6",52,0.8843101343101344,0.8846153846153846,0.0,0.8598525406217714,0.8653846153846154,0.0,0.8257020757020757,0.8461538461538461,0.0,0.625,1.0,629875d-dirty
rf,29,8,Subject516,pushup_pushpress,"1,7",26,0.8717948717948717,0.8846153846153846,0.038461538461538464,0.8358974358974358,0.8461538461538461,0.038461538461538464,0.958974358974359,0.9615384615384616,0.0,0.75,1.0,629875d-dirty
rf,29,8,Subject516,random1,"5,8",26,0.9205128205128206,0.9230769230769231,0.0,0.8846153846153845,0.8846153846153846,0.0,0.958974358974359,0.9615384615384616,0.0,0.5,1.0,629875d-dirty
rf,29,8,Subject516,random2,"1,13",26,0.8564102564102564,0.8846153846153846,0.0,0.8256410256410257,0.8461538461538461,0.0,0.958974358974359,0.9615384615384616,0.0,0.75,1.0,629875d-dirty
rf,29,8,Subject516,squat_deadlift,"0,6",26,0.8179487179487178,0.8461538461538461,0.0,0.7923076923076923,0.8076923076923077,0.0,0.958974358974359,0.9615384615384616,0.0,1.0,1.0,629875d-dirty
rf,29,8,Subject571,pushup_pushpress,"1,7",26,0.8974358974358974,0.9230769230769231,0.0,0.8974358974358974,0.9230769230769231,0.0,1.0,1.0,0.0,1.0,1.0,629875d-dirty
rf,29,8,Subject571,random1,"2,4",26,0.9230769230769231,0.9230769230769231,0.07692307692307693,0.8974358974358976,0.8846153846153846,0.11538461538461539,1.0,1.0,0.0,1.0,1.0,629875d-dirty
rf,29,8,Subject571,random2,"5,7",26,0.8974358974358974,0.9230769230769231,0.0,0.8974358974358974,0.9230769230769231,0.0,1.0,1.0,0.0,1.0,1.0,629875d-dirty
rf,29,8,Subject571,squat_deadlift,"0,6",26,0.8974358974358974,0.9230769230769231,0.0,0.8974358974358974,0.9230769230769231,0.0,1.0,1.0,0.0,1.0,1.0,629875d-dirty
rf,29,17,Subject139,pushup_pushpress,"1,7",52,0.9394383394383394,0.9423076923076923,0.0,0.9394383394383394,0.9423076923076923,0.0,1.0,1.0,0.0,1.0,1.0,629875d-dirty
rf,29,17,Subject139,random1,"2,12",52,0.9394383394383395,0.9423076923076923,0.0,0.94993894993895,0.9423076923076923,0.019230769230769232,1.0,1.0,0.0,1.0,1.0,629875d-dirty
rf,29,17,Subject139,random2,"10,12",52,0.947985347985348,0.9423076923076923,0.019230769230769232,0.947985347985348,0.9423076923076923,0.019230769230769232,1.0,1.0,0.0,1.0,1.0,629875d-dirty
rf,29,17,Subject139,squat_deadlift,"0,6",52,0.9548229548229549,0.9423076923076923,0.038461538461538464,0.9548229548229549,0.9423076923076923,0.038461538461538464,1.0,1.0,0.0,1.0,1.0,629875d-dirty
rf,29,17,Subject226,pushup_pushpress,"1,7",26,0.8051282051282053,0.8076923076923077,0.07692307692307693,0.741025641025641,0.7692307692307693,0.07692307692307693,0.9487179487179487,0.9230769230769231,0.07692307692307693,1.0,1.0,629875d-dirty
rf,29,17,Subject226,random1,"2,12",26,0.7794871794871796,0.8076923076923077,0.0,0.7153846153846154,0.7692307692307693,0.0,0.9230769230769229,0.9230769230769231,0.0,1.0,1.0,629875d-dirty
rf,29,17,Subject226,random2,"0,9",26,0.882051282051282,0.8846153846153846,0.0,0.7564102564102563,0.8076923076923077,0.0,0.9230769230769231,0.9230769230769231,0.0,0.5,1.0,629875d-dirty
rf,29,17,Subject226,squat_deadlift,"0,6",26,0.882051282051282,0.8846153846153846,0.0,0.7564102564102563,0.8076923076923077,0.0,0.9230769230769231,0.9230769230769231,0.0,0.5,1.0,629875d-dirty
rf,29,17,Subject353,pushup_pushpress,"1,7",52,0.855089355089355,0.8846153846153846,0.0,0.855089355089355,0.8846153846153846,0.0,0.9328671328671329,0.9423076923076923,0.0,0.625,0.75,629875d-dirty
rf,29,17,Subject353,random1,"0,14",52,0.8996503496503496,0.9038461538461539,0.0,0.882051282051282,0.8846153846153846,0.0,0.958974358974359,0.9615384615384616,0.0,0.5,0.625,629875d-dirty
rf,29,17,Subject353,random2,"2,9",52,0.7932012432012432,0.8269230769230769,0.0,0.775968475968476,0.8076923076923077,0.0,0.8918414918414919,0.9038461538461539,0.0,1.0,1.0,629875d-dirty
rf,29,17,Subject353,squat_deadlift,"0,6",52,0.8996503496503496,0.9038461538461539,0.0,0.9145299145299146,0.9230769230769231,0.0,0.958974358974359,0.9615384615384616,0.0,0.5,0.625,629875d-dirty
rf,29,17,Subject424,pushup_pushpress,"1,7",52,0.8564102564102564,0.8461538461538461,0.11538461538461539,0.8303030303030302,0.8269230769230769,0.11538461538461539,0.8974358974358974,0.8846153846153846,0.11538461538461539,1.0,1.0,629875d-dirty
rf,29,17,Subject424,random1,"9,10",52,0.917948717948718,0.9230769230769231,0.0,0.8984126984126983,0.9038461538461539,0.0,0.958974358974359,0.9615384615384616,0.0,0.5,0.875,629875d-dirty
rf,29,17,Subject424,random2,"9,12",52,0.8234432234432235,0.8461538461538461,0.0,0.8234432234432235,0.8461538461538461,0.0,0.8644688644688644,0.8846153846153846,0.0,1.0,1.0,629875d-dirty
rf,29,17,Subject424,squat_deadlift,"0,6",52,0.8644688644688644,0.8846153846153846,0.0,0.8486897717666948,0.8653846153846154,0.0,0.8644688644688644,0.8846153846153846,0.0,0.75,1.0,629875d-dirty
rf,29,17,Subject516,pushup_pushpress,"1,7",26,0.9333333333333333,0.9230769230769231,0.038461538461538464,0.8256410256410256,0.8461538461538461,0.038461538461538464,0.958974358974359,0.9615384615384616,0.0,1.0,1.0,629875d-dirty
rf,29,17,Subject516,random1,"5,8",26,0.9179487179487178,0.9230769230769231,0.0,0.8512820512820513,0.8846153846153846,0.0,0.958974358974359,0.9615384615384616,0.0,1.0,1.0,629875d-dirty
rf,29,17,Subject516,random2,"1,13",26,0.958974358974359,0.9615384615384616,0.0,0.958974358974359,0.9615384615384616,0.0,0.958974358974359,0.9615384615384616,0.0,0.75,1.0,629875d-dirty
rf,29,17,Subject516,squat_deadlift,"0,6",26,0.9179487179487178,0.9230769230769231,0.0,0.8769230769230768,0.8846153846153846,0.0,0.958974358974359,0.9615384615384616,0.0,1.0,1.0,629875d-dirty
rf,29,17,Subject571,pushup_pushpress,"1,7",26,0.8644688644688644,0.8846153846153846,0.0,0.9230769230769231,0.9230769230769231,0.0,1.0,1.0,0.0,1.0,1.0,629875d-dirty
rf,29,17,Subject571,random1,"2,4",26,0.8974358974358974,0.8846153846153846,0.11538461538461539,0.8974358974358974,0.8846153846153846,0.11538461538461539,1.0,1.0,0.0,1.0,1.0,629875d-dirty
rf,29,17,Subject571,random2,"5,7",26,0.8644688644688644,0.8846153846153846,0.0,0.9230769230769231,0.9230769230769231,0.0,1.0,1.0,0.0,1.0,1.0,629875d-dirty
rf,29,17,Subject571,squat_deadlift,"0,6",26,0.8644688644688644,0.8846153846153846,0.0,0.8644688644688644,0.8846153846153846,0.0,1.0,1.0,0.0,1.0,1.0,629875d-dirty
