athlete,n_bouts,macro_f1,balanced_acc,accuracy,model,repeat,n_team,condition,n_unlabeled_windows,git
Subject139,60,0.6596825396825398,0.6833333333333333,0.6833333333333333,cnn,0,2,none,660,b3ae7a4-dirty
Subject139,60,0.6781529581529582,0.7,0.7,cnn,0,2,input_norm,660,b3ae7a4-dirty
Subject139,60,0.6811832611832612,0.7,0.7,cnn,0,2,adabn,660,b3ae7a4-dirty
Subject139,60,0.6811832611832612,0.7,0.7,cnn,0,2,adabn_input,660,b3ae7a4-dirty
Subject139,60,0.7691197691197691,0.8,0.8,cnn,0,2,adabn_testdays,660,b3ae7a4-dirty
Subject353,60,0.6062626262626263,0.6666666666666666,0.6666666666666666,cnn,0,2,none,680,b3ae7a4-dirty
Subject353,60,0.5878499278499277,0.6666666666666666,0.6666666666666666,cnn,0,2,input_norm,680,b3ae7a4-dirty
Subject353,60,0.6575132275132276,0.7166666666666667,0.7166666666666667,cnn,0,2,adabn,680,b3ae7a4-dirty
Subject353,60,0.6575132275132276,0.7166666666666667,0.7166666666666667,cnn,0,2,adabn_input,680,b3ae7a4-dirty
Subject353,60,0.606898656898657,0.6666666666666666,0.6666666666666666,cnn,0,2,adabn_testdays,680,b3ae7a4-dirty
Subject424,60,0.7056084656084656,0.75,0.75,cnn,0,2,none,448,b3ae7a4-dirty
Subject424,60,0.7088888888888889,0.7666666666666667,0.7666666666666667,cnn,0,2,input_norm,448,b3ae7a4-dirty
Subject424,60,0.7275132275132276,0.7833333333333333,0.7833333333333333,cnn,0,2,adabn,448,b3ae7a4-dirty
Subject424,60,0.7088888888888889,0.7666666666666667,0.7666666666666667,cnn,0,2,adabn_input,448,b3ae7a4-dirty
Subject424,60,0.7364021164021164,0.7833333333333333,0.7833333333333333,cnn,0,2,adabn_testdays,448,b3ae7a4-dirty
Subject455,60,0.7221548821548822,0.7666666666666667,0.7666666666666667,cnn,0,2,none,489,b3ae7a4-dirty
Subject455,60,0.653935693935694,0.7,0.7,cnn,0,2,input_norm,489,b3ae7a4-dirty
Subject455,60,0.7645165945165945,0.8,0.8,cnn,0,2,adabn,489,b3ae7a4-dirty
Subject455,60,0.7565079365079366,0.8,0.8,cnn,0,2,adabn_input,489,b3ae7a4-dirty
Subject455,60,0.731976911976912,0.7666666666666667,0.7666666666666667,cnn,0,2,adabn_testdays,489,b3ae7a4-dirty
Subject731,30,0.6711111111111111,0.7333333333333333,0.7333333333333333,cnn,0,2,none,645,b3ae7a4-dirty
Subject731,30,0.6711111111111111,0.7333333333333333,0.7333333333333333,cnn,0,2,input_norm,645,b3ae7a4-dirty
Subject731,30,0.6533333333333334,0.7,0.7,cnn,0,2,adabn,645,b3ae7a4-dirty
Subject731,30,0.6533333333333334,0.7,0.7,cnn,0,2,adabn_input,645,b3ae7a4-dirty
Subject731,30,0.6562962962962964,0.7,0.7,cnn,0,2,adabn_testdays,645,b3ae7a4-dirty
Subject890,30,0.6555555555555554,0.7333333333333333,0.7333333333333333,cnn,0,2,none,581,b3ae7a4-dirty
Subject890,30,0.7088888888888889,0.7666666666666667,0.7666666666666667,cnn,0,2,input_norm,581,b3ae7a4-dirty
Subject890,30,0.6555555555555554,0.7333333333333333,0.7333333333333333,cnn,0,2,adabn,581,b3ae7a4-dirty
Subject890,30,0.6555555555555554,0.7333333333333333,0.7333333333333333,cnn,0,2,adabn_input,581,b3ae7a4-dirty
Subject890,30,0.6555555555555554,0.7333333333333333,0.7333333333333333,cnn,0,2,adabn_testdays,581,b3ae7a4-dirty
Subject139,60,0.8733333333333333,0.9,0.9,cnn,0,8,none,660,b3ae7a4-dirty
Subject139,60,0.877037037037037,0.8833333333333333,0.8833333333333333,cnn,0,8,input_norm,660,b3ae7a4-dirty
Subject139,60,0.8903703703703703,0.9,0.9,cnn,0,8,adabn,660,b3ae7a4-dirty
Subject139,60,0.8903703703703703,0.9,0.9,cnn,0,8,adabn_input,660,b3ae7a4-dirty
Subject139,60,0.9312169312169313,0.9333333333333333,0.9333333333333333,cnn,0,8,adabn_testdays,660,b3ae7a4-dirty
Subject353,60,0.8119576719576719,0.8166666666666667,0.8166666666666667,cnn,0,8,none,680,b3ae7a4-dirty
Subject353,60,0.841957671957672,0.8666666666666667,0.8666666666666667,cnn,0,8,input_norm,680,b3ae7a4-dirty
Subject353,60,0.8233862433862434,0.8333333333333334,0.8333333333333334,cnn,0,8,adabn,680,b3ae7a4-dirty
Subject353,60,0.8167195767195767,0.8333333333333334,0.8333333333333334,cnn,0,8,adabn_input,680,b3ae7a4-dirty
Subject353,60,0.7835816035816036,0.8,0.8,cnn,0,8,adabn_testdays,680,b3ae7a4-dirty
Subject424,60,0.7234360410830998,0.7666666666666667,0.7666666666666667,cnn,0,8,none,448,b3ae7a4-dirty
Subject424,60,0.7589417989417989,0.8,0.8,cnn,0,8,input_norm,448,b3ae7a4-dirty
Subject424,60,0.8125925925925925,0.8333333333333334,0.8333333333333334,cnn,0,8,adabn,448,b3ae7a4-dirty
Subject424,60,0.7799999999999999,0.8166666666666667,0.8166666666666667,cnn,0,8,adabn_input,448,b3ae7a4-dirty
Subject424,60,0.8266666666666665,0.85,0.85,cnn,0,8,adabn_testdays,448,b3ae7a4-dirty
Subject455,60,0.924886964886965,0.9333333333333333,0.9333333333333333,cnn,0,8,none,489,b3ae7a4-dirty
Subject455,60,0.9644444444444444,0.9666666666666667,0.9666666666666667,cnn,0,8,input_norm,489,b3ae7a4-dirty
Subject455,60,0.9661375661375662,0.9666666666666667,0.9666666666666667,cnn,0,8,adabn,489,b3ae7a4-dirty
Subject455,60,0.9661375661375662,0.9666666666666667,0.9666666666666667,cnn,0,8,adabn_input,489,b3ae7a4-dirty
Subject455,60,0.9661375661375662,0.9666666666666667,0.9666666666666667,cnn,0,8,adabn_testdays,489,b3ae7a4-dirty
Subject731,30,0.8200000000000001,0.8333333333333334,0.8333333333333334,cnn,0,8,none,645,b3ae7a4-dirty
Subject731,30,0.8533333333333334,0.8666666666666667,0.8666666666666667,cnn,0,8,input_norm,645,b3ae7a4-dirty
Subject731,30,0.8955555555555555,0.9,0.9,cnn,0,8,adabn,645,b3ae7a4-dirty
Subject731,30,0.8533333333333334,0.8666666666666667,0.8666666666666667,cnn,0,8,adabn_input,645,b3ae7a4-dirty
Subject731,30,0.9311111111111111,0.9333333333333333,0.9333333333333333,cnn,0,8,adabn_testdays,645,b3ae7a4-dirty
Subject890,30,0.9111111111111111,0.9333333333333333,0.9333333333333333,cnn,0,8,none,581,b3ae7a4-dirty
Subject890,30,0.9111111111111111,0.9333333333333333,0.9333333333333333,cnn,0,8,input_norm,581,b3ae7a4-dirty
Subject890,30,0.8222222222222222,0.8666666666666667,0.8666666666666667,cnn,0,8,adabn,581,b3ae7a4-dirty
Subject890,30,0.8222222222222222,0.8666666666666667,0.8666666666666667,cnn,0,8,adabn_input,581,b3ae7a4-dirty
Subject890,30,0.8222222222222222,0.8666666666666667,0.8666666666666667,cnn,0,8,adabn_testdays,581,b3ae7a4-dirty
Subject139,60,0.9830687830687831,0.9833333333333333,0.9833333333333333,cnn,0,17,none,660,b3ae7a4-dirty
Subject139,60,0.933140933140933,0.9333333333333333,0.9333333333333333,cnn,0,17,input_norm,660,b3ae7a4-dirty
Subject139,60,0.9661375661375663,0.9666666666666667,0.9666666666666667,cnn,0,17,adabn,660,b3ae7a4-dirty
Subject139,60,0.9308465608465609,0.9333333333333333,0.9333333333333333,cnn,0,17,adabn_input,660,b3ae7a4-dirty
Subject139,60,1.0,1.0,1.0,cnn,0,17,adabn_testdays,660,b3ae7a4-dirty
Subject353,60,0.8045695045695046,0.8166666666666667,0.8166666666666667,cnn,0,17,none,680,b3ae7a4-dirty
Subject353,60,0.8800529100529101,0.8833333333333333,0.8833333333333333,cnn,0,17,input_norm,680,b3ae7a4-dirty
Subject353,60,0.8441943241943242,0.85,0.85,cnn,0,17,adabn,680,b3ae7a4-dirty
Subject353,60,0.8952910052910054,0.9,0.9,cnn,0,17,adabn_input,680,b3ae7a4-dirty
Subject353,60,0.8338768638768639,0.85,0.85,cnn,0,17,adabn_testdays,680,b3ae7a4-dirty
Subject424,60,0.9676190476190477,0.9666666666666667,0.9666666666666667,cnn,0,17,none,448,b3ae7a4-dirty
Subject424,60,0.9500721500721501,0.95,0.95,cnn,0,17,input_norm,448,b3ae7a4-dirty
Subject424,60,0.9481481481481481,0.95,0.95,cnn,0,17,adabn,448,b3ae7a4-dirty
Subject424,60,0.9676190476190477,0.9666666666666667,0.9666666666666667,cnn,0,17,adabn_input,448,b3ae7a4-dirty
Subject424,60,0.9481481481481481,0.95,0.95,cnn,0,17,adabn_testdays,448,b3ae7a4-dirty
Subject455,60,0.9111111111111111,0.9333333333333333,0.9333333333333333,cnn,0,17,none,489,b3ae7a4-dirty
Subject455,60,0.8941798941798942,0.9166666666666666,0.9166666666666666,cnn,0,17,input_norm,489,b3ae7a4-dirty
Subject455,60,0.9111111111111111,0.9333333333333333,0.9333333333333333,cnn,0,17,adabn,489,b3ae7a4-dirty
Subject455,60,0.9111111111111111,0.9333333333333333,0.9333333333333333,cnn,0,17,adabn_input,489,b3ae7a4-dirty
Subject455,60,0.9111111111111111,0.9333333333333333,0.9333333333333333,cnn,0,17,adabn_testdays,489,b3ae7a4-dirty
Subject731,30,0.9644444444444444,0.9666666666666667,0.9666666666666667,cnn,0,17,none,645,b3ae7a4-dirty
Subject731,30,0.9644444444444444,0.9666666666666667,0.9666666666666667,cnn,0,17,input_norm,645,b3ae7a4-dirty
Subject731,30,0.9644444444444444,0.9666666666666667,0.9666666666666667,cnn,0,17,adabn,645,b3ae7a4-dirty
Subject731,30,0.9644444444444444,0.9666666666666667,0.9666666666666667,cnn,0,17,adabn_input,645,b3ae7a4-dirty
Subject731,30,0.9644444444444444,0.9666666666666667,0.9666666666666667,cnn,0,17,adabn_testdays,645,b3ae7a4-dirty
Subject890,30,0.8755555555555555,0.9,0.9,cnn,0,17,none,581,b3ae7a4-dirty
Subject890,30,0.8,0.8333333333333334,0.8333333333333334,cnn,0,17,input_norm,581,b3ae7a4-dirty
Subject890,30,0.8755555555555555,0.9,0.9,cnn,0,17,adabn,581,b3ae7a4-dirty
Subject890,30,0.8755555555555555,0.9,0.9,cnn,0,17,adabn_input,581,b3ae7a4-dirty
Subject890,30,0.9111111111111111,0.9333333333333333,0.9333333333333333,cnn,0,17,adabn_testdays,581,b3ae7a4-dirty
Subject226,30,0.5311111111111111,0.6,0.6,cnn,1,2,none,605,b3ae7a4-dirty
Subject226,30,0.37555555555555553,0.4666666666666667,0.4666666666666667,cnn,1,2,input_norm,605,b3ae7a4-dirty
Subject226,30,0.5136507936507937,0.5666666666666667,0.5666666666666667,cnn,1,2,adabn,605,b3ae7a4-dirty
Subject226,30,0.46444444444444444,0.5333333333333333,0.5333333333333333,cnn,1,2,adabn_input,605,b3ae7a4-dirty
Subject226,30,0.5622222222222223,0.6333333333333333,0.6333333333333333,cnn,1,2,adabn_testdays,605,b3ae7a4-dirty
Subject354,60,0.5755555555555555,0.6333333333333333,0.6333333333333333,cnn,1,2,none,485,b3ae7a4-dirty
Subject354,60,0.6132275132275132,0.6666666666666666,0.6666666666666666,cnn,1,2,input_norm,485,b3ae7a4-dirty
Subject354,60,0.5827513227513227,0.6333333333333333,0.6333333333333333,cnn,1,2,adabn,485,b3ae7a4-dirty
Subject354,60,0.6216931216931216,0.6833333333333333,0.6833333333333333,cnn,1,2,adabn_input,485,b3ae7a4-dirty
Subject354,60,0.5827513227513227,0.6333333333333333,0.6333333333333333,cnn,1,2,adabn_testdays,485,b3ae7a4-dirty
Subject455,60,0.5452236652236652,0.6166666666666667,0.6166666666666667,cnn,1,2,none,489,b3ae7a4-dirty
Subject455,60,0.4928320802005013,0.55,0.55,cnn,1,2,input_norm,489,b3ae7a4-dirty
Subject455,60,0.6191726791726793,0.6666666666666666,0.6666666666666666,cnn,1,2,adabn,489,b3ae7a4-dirty
Subject455,60,0.6178162578162579,0.6666666666666666,0.6666666666666666,cnn,1,2,adabn_input,489,b3ae7a4-dirty
Subject455,60,0.62996632996633,0.6833333333333333,0.6833333333333333,cnn,1,2,adabn_testdays,489,b3ae7a4-dirty
Subject580,90,0.6636100500806382,0.6888888888888889,0.6888888888888889,cnn,1,2,none,508,b3ae7a4-dirty
Subject580,90,0.6000643639774075,0.6222222222222222,0.6222222222222222,cnn,1,2,input_norm,508,b3ae7a4-dirty
Subject580,90,0.6624320124320124,0.6777777777777778,0.6777777777777778,cnn,1,2,adabn,508,b3ae7a4-dirty
Subject580,90,0.648059718059718,0.6666666666666667,0.6666666666666666,cnn,1,2,adabn_input,508,b3ae7a4-dirty
Subject580,90,0.7115725886314122,0.7222222222222224,0.7222222222222222,cnn,1,2,adabn_testdays,508,b3ae7a4-dirty
Subject890,30,0.6555555555555554,0.7333333333333333,0.7333333333333333,cnn,1,2,none,581,b3ae7a4-dirty
Subject890,30,0.6555555555555554,0.7333333333333333,0.7333333333333333,cnn,1,2,input_norm,581,b3ae7a4-dirty
Subject890,30,0.6555555555555554,0.7333333333333333,0.7333333333333333,cnn,1,2,adabn,581,b3ae7a4-dirty
Subject890,30,0.6555555555555554,0.7333333333333333,0.7333333333333333,cnn,1,2,adabn_input,581,b3ae7a4-dirty
Subject890,30,0.6733333333333333,0.7333333333333333,0.7333333333333333,cnn,1,2,adabn_testdays,581,b3ae7a4-dirty
Subject969,30,0.3488888888888889,0.4666666666666667,0.4666666666666667,cnn,1,2,none,945,b3ae7a4-dirty
Subject969,30,0.32740740740740737,0.43333333333333335,0.43333333333333335,cnn,1,2,input_norm,945,b3ae7a4-dirty
Subject969,30,0.3755555555555556,0.5,0.5,cnn,1,2,adabn,945,b3ae7a4-dirty
Subject969,30,0.3755555555555556,0.5,0.5,cnn,1,2,adabn_input,945,b3ae7a4-dirty
Subject969,30,0.38,0.5,0.5,cnn,1,2,adabn_testdays,945,b3ae7a4-dirty
Subject226,30,0.8755555555555555,0.9,0.9,cnn,1,8,none,605,b3ae7a4-dirty
Subject226,30,0.9644444444444444,0.9666666666666667,0.9666666666666667,cnn,1,8,input_norm,605,b3ae7a4-dirty
Subject226,30,0.8933333333333333,0.9,0.9,cnn,1,8,adabn,605,b3ae7a4-dirty
Subject226,30,0.9288888888888889,0.9333333333333333,0.9333333333333333,cnn,1,8,adabn_input,605,b3ae7a4-dirty
Subject226,30,0.9111111111111112,0.9333333333333333,0.9333333333333333,cnn,1,8,adabn_testdays,605,b3ae7a4-dirty
Subject354,60,0.9470899470899472,0.95,0.95,cnn,1,8,none,485,b3ae7a4-dirty
Subject354,60,0.9664021164021165,0.9666666666666667,0.9666666666666667,cnn,1,8,input_norm,485,b3ae7a4-dirty
Subject354,60,0.9664021164021165,0.9666666666666667,0.9666666666666667,cnn,1,8,adabn,485,b3ae7a4-dirty
Subject354,60,0.9664021164021165,0.9666666666666667,0.9666666666666667,cnn,1,8,adabn_input,485,b3ae7a4-dirty
Subject354,60,0.9664021164021165,0.9666666666666667,0.9666666666666667,cnn,1,8,adabn_testdays,485,b3ae7a4-dirty
Subject455,60,0.9304232804232805,0.9333333333333333,0.9333333333333333,cnn,1,8,none,489,b3ae7a4-dirty
Subject455,60,0.8908128908128908,0.9166666666666666,0.9166666666666666,cnn,1,8,input_norm,489,b3ae7a4-dirty
Subject455,60,0.962962962962963,0.9666666666666667,0.9666666666666667,cnn,1,8,adabn,489,b3ae7a4-dirty
Subject455,60,0.8897354497354498,0.9166666666666666,0.9166666666666666,cnn,1,8,adabn_input,489,b3ae7a4-dirty
Subject455,60,0.962962962962963,0.9666666666666667,0.9666666666666667,cnn,1,8,adabn_testdays,489,b3ae7a4-dirty
Subject580,90,0.9101010101010101,0.9111111111111112,0.9111111111111111,cnn,1,8,none,508,b3ae7a4-dirty
Subject580,90,0.8507891718418034,0.8555555555555557,0.8555555555555555,cnn,1,8,input_norm,508,b3ae7a4-dirty
Subject580,90,0.9414807414807415,0.9444444444444445,0.9444444444444444,cnn,1,8,adabn,508,b3ae7a4-dirty
Subject580,90,0.8966899766899767,0.9111111111111112,0.9111111111111111,cnn,1,8,adabn_input,508,b3ae7a4-dirty
Subject580,90,0.9317404817404817,0.9333333333333333,0.9333333333333333,cnn,1,8,adabn_testdays,508,b3ae7a4-dirty
Subject890,30,0.9311111111111111,0.9333333333333333,0.9333333333333333,cnn,1,8,none,581,b3ae7a4-dirty
Subject890,30,0.9,0.9,0.9,cnn,1,8,input_norm,581,b3ae7a4-dirty
Subject890,30,0.8888888888888888,0.9,0.9,cnn,1,8,adabn,581,b3ae7a4-dirty
Subject890,30,0.8888888888888888,0.9,0.9,cnn,1,8,adabn_input,581,b3ae7a4-dirty
Subject890,30,0.8533333333333333,0.8666666666666667,0.8666666666666667,cnn,1,8,adabn_testdays,581,b3ae7a4-dirty
Subject969,30,0.6340740740740741,0.7,0.7,cnn,1,8,none,945,b3ae7a4-dirty
Subject969,30,0.7185185185185186,0.7666666666666667,0.7666666666666667,cnn,1,8,input_norm,945,b3ae7a4-dirty
Subject969,30,0.7444444444444444,0.8,0.8,cnn,1,8,adabn,945,b3ae7a4-dirty
Subject969,30,0.7444444444444444,0.8,0.8,cnn,1,8,adabn_input,945,b3ae7a4-dirty
Subject969,30,0.7444444444444444,0.8,0.8,cnn,1,8,adabn_testdays,945,b3ae7a4-dirty
Subject226,30,0.8177777777777777,0.8666666666666667,0.8666666666666667,cnn,1,17,none,605,b3ae7a4-dirty
Subject226,30,0.8711111111111111,0.9,0.9,cnn,1,17,input_norm,605,b3ae7a4-dirty
Subject226,30,0.8711111111111111,0.9,0.9,cnn,1,17,adabn,605,b3ae7a4-dirty
Subject226,30,0.8711111111111111,0.9,0.9,cnn,1,17,adabn_input,605,b3ae7a4-dirty
Subject226,30,0.9111111111111112,0.9333333333333333,0.9333333333333333,cnn,1,17,adabn_testdays,605,b3ae7a4-dirty
Subject354,60,0.9111111111111111,0.9333333333333333,0.9333333333333333,cnn,1,17,none,485,b3ae7a4-dirty
Subject354,60,0.9111111111111111,0.9333333333333333,0.9333333333333333,cnn,1,17,input_norm,485,b3ae7a4-dirty
Subject354,60,0.9111111111111111,0.9333333333333333,0.9333333333333333,cnn,1,17,adabn,485,b3ae7a4-dirty
Subject354,60,0.9111111111111111,0.9333333333333333,0.9333333333333333,cnn,1,17,adabn_input,485,b3ae7a4-dirty
Subject354,60,0.9111111111111111,0.9333333333333333,0.9333333333333333,cnn,1,17,adabn_testdays,485,b3ae7a4-dirty
Subject455,60,0.9481481481481481,0.95,0.95,cnn,1,17,none,489,b3ae7a4-dirty
Subject455,60,0.924886964886965,0.9333333333333333,0.9333333333333333,cnn,1,17,input_norm,489,b3ae7a4-dirty
Subject455,60,0.9475132275132275,0.95,0.95,cnn,1,17,adabn,489,b3ae7a4-dirty
Subject455,60,0.9288888888888888,0.9333333333333333,0.9333333333333333,cnn,1,17,adabn_input,489,b3ae7a4-dirty
Subject455,60,0.9475132275132275,0.95,0.95,cnn,1,17,adabn_testdays,489,b3ae7a4-dirty
Subject580,90,0.9262515262515263,0.9333333333333335,0.9333333333333333,cnn,1,17,none,508,b3ae7a4-dirty
Subject580,90,0.9027113237639555,0.9222222222222223,0.9222222222222223,cnn,1,17,input_norm,508,b3ae7a4-dirty
Subject580,90,0.8933333333333333,0.9111111111111111,0.9111111111111111,cnn,1,17,adabn,508,b3ae7a4-dirty
Subject580,90,0.8933333333333333,0.9111111111111111,0.9111111111111111,cnn,1,17,adabn_input,508,b3ae7a4-dirty
Subject580,90,0.95,0.9555555555555556,0.9555555555555556,cnn,1,17,adabn_testdays,508,b3ae7a4-dirty
Subject890,30,1.0,1.0,1.0,cnn,1,17,none,581,b3ae7a4-dirty
Subject890,30,1.0,1.0,1.0,cnn,1,17,input_norm,581,b3ae7a4-dirty
Subject890,30,0.9311111111111111,0.9333333333333333,0.9333333333333333,cnn,1,17,adabn,581,b3ae7a4-dirty
Subject890,30,0.9311111111111111,0.9333333333333333,0.9333333333333333,cnn,1,17,adabn_input,581,b3ae7a4-dirty
Subject890,30,0.9288888888888888,0.9333333333333333,0.9333333333333333,cnn,1,17,adabn_testdays,581,b3ae7a4-dirty
Subject969,30,0.6933333333333334,0.7333333333333333,0.7333333333333333,cnn,1,17,none,945,b3ae7a4-dirty
Subject969,30,0.7666666666666667,0.8,0.8,cnn,1,17,input_norm,945,b3ae7a4-dirty
Subject969,30,0.7533333333333334,0.8,0.8,cnn,1,17,adabn,945,b3ae7a4-dirty
Subject969,30,0.7533333333333334,0.8,0.8,cnn,1,17,adabn_input,945,b3ae7a4-dirty
Subject969,30,0.7444444444444444,0.8,0.8,cnn,1,17,adabn_testdays,945,b3ae7a4-dirty
Subject376,60,0.6334054834054833,0.6833333333333333,0.6833333333333333,cnn,2,2,none,447,b3ae7a4-dirty
Subject376,60,0.6615536315536316,0.7,0.7,cnn,2,2,input_norm,447,b3ae7a4-dirty
Subject376,60,0.6654064454064453,0.7,0.7,cnn,2,2,adabn,447,b3ae7a4-dirty
Subject376,60,0.6654064454064453,0.7,0.7,cnn,2,2,adabn_input,447,b3ae7a4-dirty
Subject376,60,0.693924963924964,0.7166666666666667,0.7166666666666667,cnn,2,2,adabn_testdays,447,b3ae7a4-dirty
Subject424,60,0.638062678062678,0.7,0.7,cnn,2,2,none,448,b3ae7a4-dirty
Subject424,60,0.6607407407407407,0.7333333333333333,0.7333333333333333,cnn,2,2,input_norm,448,b3ae7a4-dirty
Subject424,60,0.7906878306878306,0.8166666666666667,0.8166666666666667,cnn,2,2,adabn,448,b3ae7a4-dirty
Subject424,60,0.8063492063492065,0.8333333333333334,0.8333333333333334,cnn,2,2,adabn_input,448,b3ae7a4-dirty
Subject424,60,0.8193314093314095,0.85,0.85,cnn,2,2,adabn_testdays,448,b3ae7a4-dirty
Subject494,60,0.4943434343434344,0.5833333333333334,0.5833333333333334,cnn,2,2,none,506,b3ae7a4-dirty
Subject494,60,0.7076923076923077,0.75,0.75,cnn,2,2,input_norm,506,b3ae7a4-dirty
Subject494,60,0.6098808598808598,0.6666666666666666,0.6666666666666666,cnn,2,2,adabn,506,b3ae7a4-dirty
Subject494,60,0.616917896917897,0.6833333333333333,0.6833333333333333,cnn,2,2,adabn_input,506,b3ae7a4-dirty
Subject494,60,0.64991452991453,0.6833333333333333,0.6833333333333333,cnn,2,2,adabn_testdays,506,b3ae7a4-dirty
Subject571,30,0.6555555555555554,0.7333333333333333,0.7333333333333333,cnn,2,2,none,804,b3ae7a4-dirty
Subject571,30,0.5688888888888889,0.6333333333333333,0.6333333333333333,cnn,2,2,input_norm,804,b3ae7a4-dirty
Subject571,30,0.6266666666666667,0.7,0.7,cnn,2,2,adabn,804,b3ae7a4-dirty
Subject571,30,0.5933333333333334,0.6666666666666666,0.6666666666666666,cnn,2,2,adabn_input,804,b3ae7a4-dirty
Subject571,30,0.6288888888888889,0.7,0.7,cnn,2,2,adabn_testdays,804,b3ae7a4-dirty
Subject611,60,0.72,0.7666666666666667,0.7666666666666667,cnn,2,2,none,578,b3ae7a4-dirty
Subject611,60,0.7107070707070707,0.75,0.75,cnn,2,2,input_norm,578,b3ae7a4-dirty
Subject611,60,0.7107070707070707,0.75,0.75,cnn,2,2,adabn,578,b3ae7a4-dirty
Subject611,60,0.7107070707070707,0.75,0.75,cnn,2,2,adabn_input,578,b3ae7a4-dirty
Subject611,60,0.7638095238095238,0.8,0.8,cnn,2,2,adabn_testdays,578,b3ae7a4-dirty
Subject969,30,0.3555555555555555,0.4666666666666667,0.4666666666666667,cnn,2,2,none,945,b3ae7a4-dirty
Subject969,30,0.3711111111111111,0.4666666666666667,0.4666666666666667,cnn,2,2,input_norm,945,b3ae7a4-dirty
Subject969,30,0.43777777777777777,0.5333333333333333,0.5333333333333333,cnn,2,2,adabn,945,b3ae7a4-dirty
Subject969,30,0.43777777777777777,0.5333333333333333,0.5333333333333333,cnn,2,2,adabn_input,945,b3ae7a4-dirty
Subject969,30,0.5311111111111111,0.6,0.6,cnn,2,2,adabn_testdays,945,b3ae7a4-dirty
Subject376,60,0.82,0.8333333333333334,0.8333333333333334,cnn,2,8,none,447,b3ae7a4-dirty
Subject376,60,0.787073667073667,0.8,0.8,cnn,2,8,input_norm,447,b3ae7a4-dirty
Subject376,60,0.7834920634920635,0.8,0.8,cnn,2,8,adabn,447,b3ae7a4-dirty
Subject376,60,0.791111111111111,0.8166666666666667,0.8166666666666667,cnn,2,8,adabn_input,447,b3ae7a4-dirty
Subject376,60,0.7851851851851852,0.8,0.8,cnn,2,8,adabn_testdays,447,b3ae7a4-dirty
Subject424,60,0.8243578643578644,0.85,0.85,cnn,2,8,none,448,b3ae7a4-dirty
Subject424,60,0.8669696969696971,0.8833333333333333,0.8833333333333333,cnn,2,8,input_norm,448,b3ae7a4-dirty
Subject424,60,0.8669696969696971,0.8833333333333333,0.8833333333333333,cnn,2,8,adabn,448,b3ae7a4-dirty
Subject424,60,0.8669696969696971,0.8833333333333333,0.8833333333333333,cnn,2,8,adabn_input,448,b3ae7a4-dirty
Subject424,60,0.881077441077441,0.9,0.9,cnn,2,8,adabn_testdays,448,b3ae7a4-dirty
Subject494,60,0.6670370370370371,0.7,0.7,cnn,2,8,none,506,b3ae7a4-dirty
Subject494,60,0.7341414141414141,0.7833333333333333,0.7833333333333333,cnn,2,8,input_norm,506,b3ae7a4-dirty
Subject494,60,0.6632478632478632,0.7,0.7,cnn,2,8,adabn,506,b3ae7a4-dirty
Subject494,60,0.691991341991342,0.7333333333333333,0.7333333333333333,cnn,2,8,adabn_input,506,b3ae7a4-dirty
Subject494,60,0.7101731601731601,0.75,0.75,cnn,2,8,adabn_testdays,506,b3ae7a4-dirty
Subject571,30,0.8333333333333334,0.8666666666666667,0.8666666666666667,cnn,2,8,none,804,b3ae7a4-dirty
Subject571,30,0.7936507936507937,0.8333333333333334,0.8333333333333334,cnn,2,8,input_norm,804,b3ae7a4-dirty
Subject571,30,0.8469841269841271,0.8666666666666667,0.8666666666666667,cnn,2,8,adabn,804,b3ae7a4-dirty
Subject571,30,0.7936507936507937,0.8333333333333334,0.8333333333333334,cnn,2,8,adabn_input,804,b3ae7a4-dirty
Subject571,30,0.8755555555555555,0.9,0.9,cnn,2,8,adabn_testdays,804,b3ae7a4-dirty
Subject611,60,0.9392592592592593,0.95,0.95,cnn,2,8,none,578,b3ae7a4-dirty
Subject611,60,0.9066666666666666,0.9333333333333333,0.9333333333333333,cnn,2,8,input_norm,578,b3ae7a4-dirty
Subject611,60,0.9066666666666666,0.9333333333333333,0.9333333333333333,cnn,2,8,adabn,578,b3ae7a4-dirty
Subject611,60,0.9066666666666666,0.9333333333333333,0.9333333333333333,cnn,2,8,adabn_input,578,b3ae7a4-dirty
Subject611,60,0.9830687830687831,0.9833333333333333,0.9833333333333333,cnn,2,8,adabn_testdays,578,b3ae7a4-dirty
Subject969,30,0.5599999999999999,0.6333333333333333,0.6333333333333333,cnn,2,8,none,945,b3ae7a4-dirty
Subject969,30,0.6999999999999998,0.7333333333333333,0.7333333333333333,cnn,2,8,input_norm,945,b3ae7a4-dirty
Subject969,30,0.6296296296296297,0.7,0.7,cnn,2,8,adabn,945,b3ae7a4-dirty
Subject969,30,0.6296296296296297,0.7,0.7,cnn,2,8,adabn_input,945,b3ae7a4-dirty
Subject969,30,0.6711111111111111,0.7333333333333333,0.7333333333333333,cnn,2,8,adabn_testdays,945,b3ae7a4-dirty
Subject376,60,0.758095238095238,0.8,0.8,cnn,2,17,none,447,b3ae7a4-dirty
Subject376,60,0.7994708994708996,0.8333333333333334,0.8333333333333334,cnn,2,17,input_norm,447,b3ae7a4-dirty
Subject376,60,0.8152380952380952,0.8333333333333334,0.8333333333333334,cnn,2,17,adabn,447,b3ae7a4-dirty
Subject376,60,0.8338624338624339,0.85,0.85,cnn,2,17,adabn_input,447,b3ae7a4-dirty
Subject376,60,0.8338624338624339,0.85,0.85,cnn,2,17,adabn_testdays,447,b3ae7a4-dirty
Subject424,60,0.9322751322751323,0.9333333333333333,0.9333333333333333,cnn,2,17,none,448,b3ae7a4-dirty
Subject424,60,0.9492063492063492,0.95,0.95,cnn,2,17,input_norm,448,b3ae7a4-dirty
Subject424,60,0.9153439153439152,0.9166666666666666,0.9166666666666666,cnn,2,17,adabn,448,b3ae7a4-dirty
Subject424,60,0.9333333333333333,0.9333333333333333,0.9333333333333333,cnn,2,17,adabn_input,448,b3ae7a4-dirty
Subject424,60,0.9492063492063492,0.95,0.95,cnn,2,17,adabn_testdays,448,b3ae7a4-dirty
Subject494,60,0.6863876863876863,0.7333333333333333,0.7333333333333333,cnn,2,17,none,506,b3ae7a4-dirty
Subject494,60,0.7200000000000001,0.7666666666666667,0.7666666666666667,cnn,2,17,input_norm,506,b3ae7a4-dirty
Subject494,60,0.7397017797017796,0.7666666666666667,0.7666666666666667,cnn,2,17,adabn,506,b3ae7a4-dirty
Subject494,60,0.7428438228438228,0.7666666666666667,0.7666666666666667,cnn,2,17,adabn_input,506,b3ae7a4-dirty
Subject494,60,0.7530158730158729,0.7833333333333333,0.7833333333333333,cnn,2,17,adabn_testdays,506,b3ae7a4-dirty
Subject571,30,0.8825396825396825,0.9,0.9,cnn,2,17,none,804,b3ae7a4-dirty
Subject571,30,0.9111111111111111,0.9333333333333333,0.9333333333333333,cnn,2,17,input_norm,804,b3ae7a4-dirty
Subject571,30,0.9111111111111111,0.9333333333333333,0.9333333333333333,cnn,2,17,adabn,804,b3ae7a4-dirty
Subject571,30,0.8222222222222222,0.8666666666666667,0.8666666666666667,cnn,2,17,adabn_input,804,b3ae7a4-dirty
Subject571,30,0.9111111111111111,0.9333333333333333,0.9333333333333333,cnn,2,17,adabn_testdays,804,b3ae7a4-dirty
Subject611,60,1.0,1.0,1.0,cnn,2,17,none,578,b3ae7a4-dirty
Subject611,60,0.9661375661375663,0.9666666666666667,0.9666666666666667,cnn,2,17,input_norm,578,b3ae7a4-dirty
Subject611,60,1.0,1.0,1.0,cnn,2,17,adabn,578,b3ae7a4-dirty
Subject611,60,0.9830687830687831,0.9833333333333333,0.9833333333333333,cnn,2,17,adabn_input,578,b3ae7a4-dirty
Subject611,60,1.0,1.0,1.0,cnn,2,17,adabn_testdays,578,b3ae7a4-dirty
Subject969,30,0.6133333333333333,0.6666666666666666,0.6666666666666666,cnn,2,17,none,945,b3ae7a4-dirty
Subject969,30,0.7977777777777778,0.8333333333333334,0.8333333333333334,cnn,2,17,input_norm,945,b3ae7a4-dirty
Subject969,30,0.7533333333333334,0.8,0.8,cnn,2,17,adabn,945,b3ae7a4-dirty
Subject969,30,0.84,0.8666666666666667,0.8666666666666667,cnn,2,17,adabn_input,945,b3ae7a4-dirty
Subject969,30,0.6869841269841269,0.7333333333333333,0.7333333333333333,cnn,2,17,adabn_testdays,945,b3ae7a4-dirty
Subject226,30,0.5536507936507936,0.6333333333333333,0.6333333333333333,cnn,3,2,none,605,b3ae7a4-dirty
Subject226,30,0.5366137566137567,0.6,0.6,cnn,3,2,input_norm,605,b3ae7a4-dirty
Subject226,30,0.5985185185185186,0.6666666666666666,0.6666666666666666,cnn,3,2,adabn,605,b3ae7a4-dirty
Subject226,30,0.5985185185185186,0.6666666666666666,0.6666666666666666,cnn,3,2,adabn_input,605,b3ae7a4-dirty
Subject226,30,0.6473015873015874,0.7,0.7,cnn,3,2,adabn_testdays,605,b3ae7a4-dirty
Subject354,60,0.645874125874126,0.7,0.7,cnn,3,2,none,485,b3ae7a4-dirty
Subject354,60,0.6807376283846872,0.7333333333333333,0.7333333333333333,cnn,3,2,input_norm,485,b3ae7a4-dirty
Subject354,60,0.6537240537240537,0.7166666666666667,0.7166666666666667,cnn,3,2,adabn,485,b3ae7a4-dirty
Subject354,60,0.6521367521367522,0.7166666666666667,0.7166666666666667,cnn,3,2,adabn_input,485,b3ae7a4-dirty
Subject354,60,0.6888034188034189,0.7333333333333333,0.7333333333333333,cnn,3,2,adabn_testdays,485,b3ae7a4-dirty
Subject376,60,0.6008302808302809,0.6166666666666667,0.6166666666666667,cnn,3,2,none,447,b3ae7a4-dirty
Subject376,60,0.5516849816849817,0.5833333333333334,0.5833333333333334,cnn,3,2,input_norm,447,b3ae7a4-dirty
Subject376,60,0.6165079365079366,0.6333333333333333,0.6333333333333333,cnn,3,2,adabn,447,b3ae7a4-dirty
Subject376,60,0.5872631072631073,0.6,0.6,cnn,3,2,adabn_input,447,b3ae7a4-dirty
Subject376,60,0.6025541125541126,0.6166666666666667,0.6166666666666667,cnn,3,2,adabn_testdays,447,b3ae7a4-dirty
Subject424,60,0.771957671957672,0.8166666666666667,0.8166666666666667,cnn,3,2,none,448,b3ae7a4-dirty
Subject424,60,0.5987686387686388,0.6833333333333333,0.6833333333333333,cnn,3,2,input_norm,448,b3ae7a4-dirty
Subject424,60,0.7837421837421837,0.8333333333333334,0.8333333333333334,cnn,3,2,adabn,448,b3ae7a4-dirty
Subject424,60,0.6786243386243386,0.75,0.75,cnn,3,2,adabn_input,448,b3ae7a4-dirty
Subject424,60,0.7155555555555555,0.7666666666666667,0.7666666666666667,cnn,3,2,adabn_testdays,448,b3ae7a4-dirty
Subject729,60,0.6365475265475266,0.6833333333333333,0.6833333333333333,cnn,3,2,none,723,b3ae7a4-dirty
Subject729,60,0.6954256854256854,0.7166666666666667,0.7166666666666667,cnn,3,2,input_norm,723,b3ae7a4-dirty
Subject729,60,0.7571428571428572,0.7833333333333333,0.7833333333333333,cnn,3,2,adabn,723,b3ae7a4-dirty
Subject729,60,0.7740740740740741,0.8,0.8,cnn,3,2,adabn_input,723,b3ae7a4-dirty
Subject729,60,0.7261904761904762,0.75,0.75,cnn,3,2,adabn_testdays,723,b3ae7a4-dirty
Subject969,30,0.4346031746031746,0.5333333333333333,0.5333333333333333,cnn,3,2,none,945,b3ae7a4-dirty
Subject969,30,0.5096296296296298,0.5666666666666667,0.5666666666666667,cnn,3,2,input_norm,945,b3ae7a4-dirty
Subject969,30,0.4777777777777778,0.5666666666666667,0.5666666666666667,cnn,3,2,adabn,945,b3ae7a4-dirty
Subject969,30,0.4866666666666667,0.5666666666666667,0.5666666666666667,cnn,3,2,adabn_input,945,b3ae7a4-dirty
Subject969,30,0.4955555555555556,0.5666666666666667,0.5666666666666667,cnn,3,2,adabn_testdays,945,b3ae7a4-dirty
Subject226,30,0.8177777777777778,0.8666666666666667,0.8666666666666667,cnn,3,8,none,605,b3ae7a4-dirty
Subject226,30,0.8755555555555555,0.9,0.9,cnn,3,8,input_norm,605,b3ae7a4-dirty
Subject226,30,0.84,0.8666666666666667,0.8666666666666667,cnn,3,8,adabn,605,b3ae7a4-dirty
Subject226,30,0.84,0.8666666666666667,0.8666666666666667,cnn,3,8,adabn_input,605,b3ae7a4-dirty
Subject226,30,0.8755555555555555,0.9,0.9,cnn,3,8,adabn_testdays,605,b3ae7a4-dirty
Subject354,60,0.8748869648869649,0.8833333333333333,0.8833333333333333,cnn,3,8,none,485,b3ae7a4-dirty
Subject354,60,0.7892255892255893,0.8166666666666667,0.8166666666666667,cnn,3,8,input_norm,485,b3ae7a4-dirty
Subject354,60,0.7744107744107744,0.8166666666666667,0.8166666666666667,cnn,3,8,adabn,485,b3ae7a4-dirty
Subject354,60,0.7744107744107744,0.8166666666666667,0.8166666666666667,cnn,3,8,adabn_input,485,b3ae7a4-dirty
Subject354,60,0.8051178451178451,0.8333333333333334,0.8333333333333334,cnn,3,8,adabn_testdays,485,b3ae7a4-dirty
Subject376,60,0.8321367521367521,0.85,0.85,cnn,3,8,none,447,b3ae7a4-dirty
Subject376,60,0.803068783068783,0.8166666666666667,0.8166666666666667,cnn,3,8,input_norm,447,b3ae7a4-dirty
Subject376,60,0.8485810485810485,0.85,0.85,cnn,3,8,adabn,447,b3ae7a4-dirty
Subject376,60,0.8485810485810485,0.85,0.85,cnn,3,8,adabn_input,447,b3ae7a4-dirty
Subject376,60,0.8243386243386244,0.8333333333333334,0.8333333333333334,cnn,3,8,adabn_testdays,447,b3ae7a4-dirty
Subject424,60,0.8317327117327119,0.85,0.85,cnn,3,8,none,448,b3ae7a4-dirty
Subject424,60,0.881077441077441,0.9,0.9,cnn,3,8,input_norm,448,b3ae7a4-dirty
Subject424,60,0.7758730158730158,0.8166666666666667,0.8166666666666667,cnn,3,8,adabn,448,b3ae7a4-dirty
Subject424,60,0.8038095238095238,0.8333333333333334,0.8333333333333334,cnn,3,8,adabn_input,448,b3ae7a4-dirty
Subject424,60,0.8380626780626781,0.8666666666666667,0.8666666666666667,cnn,3,8,adabn_testdays,448,b3ae7a4-dirty
Subject729,60,0.8707070707070707,0.8833333333333333,0.8833333333333333,cnn,3,8,none,723,b3ae7a4-dirty
Subject729,60,0.8537758537758539,0.8666666666666667,0.8666666666666667,cnn,3,8,input_norm,723,b3ae7a4-dirty
Subject729,60,0.86,0.8666666666666667,0.8666666666666667,cnn,3,8,adabn,723,b3ae7a4-dirty
Subject729,60,0.8285714285714285,0.8333333333333334,0.8333333333333334,cnn,3,8,adabn_input,723,b3ae7a4-dirty
Subject729,60,0.8950264550264551,0.9,0.9,cnn,3,8,adabn_testdays,723,b3ae7a4-dirty
Subject969,30,0.7111111111111111,0.7666666666666667,0.7666666666666667,cnn,3,8,none,945,b3ae7a4-dirty
Subject969,30,0.7866666666666666,0.8333333333333334,0.8333333333333334,cnn,3,8,input_norm,945,b3ae7a4-dirty
Subject969,30,0.7555555555555556,0.8,0.8,cnn,3,8,adabn,945,b3ae7a4-dirty
Subject969,30,0.7866666666666666,0.8333333333333334,0.8333333333333334,cnn,3,8,adabn_input,945,b3ae7a4-dirty
Subject969,30,0.7047619047619048,0.7666666666666667,0.7666666666666667,cnn,3,8,adabn_testdays,945,b3ae7a4-dirty
Subject226,30,0.8755555555555555,0.9,0.9,cnn,3,17,none,605,b3ae7a4-dirty
Subject226,30,0.8755555555555555,0.9,0.9,cnn,3,17,input_norm,605,b3ae7a4-dirty
Subject226,30,0.9288888888888889,0.9333333333333333,0.9333333333333333,cnn,3,17,adabn,605,b3ae7a4-dirty
Subject226,30,0.9288888888888889,0.9333333333333333,0.9333333333333333,cnn,3,17,adabn_input,605,b3ae7a4-dirty
Subject226,30,0.8755555555555555,0.9,0.9,cnn,3,17,adabn_testdays,605,b3ae7a4-dirty
Subject354,60,0.9644444444444444,0.9666666666666667,0.9666666666666667,cnn,3,17,none,485,b3ae7a4-dirty
Subject354,60,0.9278499278499279,0.9333333333333333,0.9333333333333333,cnn,3,17,input_norm,485,b3ae7a4-dirty
Subject354,60,0.9111111111111111,0.9333333333333333,0.9333333333333333,cnn,3,17,adabn,485,b3ae7a4-dirty
Subject354,60,0.9111111111111111,0.9333333333333333,0.9333333333333333,cnn,3,17,adabn_input,485,b3ae7a4-dirty
Subject354,60,0.9111111111111111,0.9333333333333333,0.9333333333333333,cnn,3,17,adabn_testdays,485,b3ae7a4-dirty
Subject376,60,0.8952380952380953,0.9,0.9,cnn,3,17,none,447,b3ae7a4-dirty
Subject376,60,0.841025641025641,0.8666666666666667,0.8666666666666667,cnn,3,17,input_norm,447,b3ae7a4-dirty
Subject376,60,0.841025641025641,0.8666666666666667,0.8666666666666667,cnn,3,17,adabn,447,b3ae7a4-dirty
Subject376,60,0.841025641025641,0.8666666666666667,0.8666666666666667,cnn,3,17,adabn_input,447,b3ae7a4-dirty
Subject376,60,0.841025641025641,0.8666666666666667,0.8666666666666667,cnn,3,17,adabn_testdays,447,b3ae7a4-dirty
Subject424,60,0.9676190476190477,0.9666666666666667,0.9666666666666667,cnn,3,17,none,448,b3ae7a4-dirty
Subject424,60,0.9418181818181818,0.95,0.95,cnn,3,17,input_norm,448,b3ae7a4-dirty
Subject424,60,0.9830687830687831,0.9833333333333333,0.9833333333333333,cnn,3,17,adabn,448,b3ae7a4-dirty
Subject424,60,0.9830687830687831,0.9833333333333333,0.9833333333333333,cnn,3,17,adabn_input,448,b3ae7a4-dirty
Subject424,60,0.9830687830687831,0.9833333333333333,0.9833333333333333,cnn,3,17,adabn_testdays,448,b3ae7a4-dirty
Subject729,60,0.9492063492063493,0.95,0.95,cnn,3,17,none,723,b3ae7a4-dirty
Subject729,60,0.9492063492063493,0.95,0.95,cnn,3,17,input_norm,723,b3ae7a4-dirty
Subject729,60,0.9661375661375662,0.9666666666666667,0.9666666666666667,cnn,3,17,adabn,723,b3ae7a4-dirty
Subject729,60,0.9475132275132274,0.95,0.95,cnn,3,17,adabn_input,723,b3ae7a4-dirty
Subject729,60,0.9676190476190477,0.9666666666666667,0.9666666666666667,cnn,3,17,adabn_testdays,723,b3ae7a4-dirty
Subject969,30,0.6962962962962963,0.7333333333333333,0.7333333333333333,cnn,3,17,none,945,b3ae7a4-dirty
Subject969,30,0.6799999999999999,0.7333333333333333,0.7333333333333333,cnn,3,17,input_norm,945,b3ae7a4-dirty
Subject969,30,0.6799999999999999,0.7333333333333333,0.7333333333333333,cnn,3,17,adabn,945,b3ae7a4-dirty
Subject969,30,0.7914285714285714,0.8333333333333334,0.8333333333333334,cnn,3,17,adabn_input,945,b3ae7a4-dirty
Subject969,30,0.6711111111111111,0.7333333333333333,0.7333333333333333,cnn,3,17,adabn_testdays,945,b3ae7a4-dirty
Subject424,60,0.611111111111111,0.6666666666666666,0.6666666666666666,cnn,4,2,none,448,b3ae7a4-dirty
Subject424,60,0.5888888888888888,0.6666666666666666,0.6666666666666666,cnn,4,2,input_norm,448,b3ae7a4-dirty
Subject424,60,0.5888888888888888,0.6666666666666666,0.6666666666666666,cnn,4,2,adabn,448,b3ae7a4-dirty
Subject424,60,0.5888888888888888,0.6666666666666666,0.6666666666666666,cnn,4,2,adabn_input,448,b3ae7a4-dirty
Subject424,60,0.5888888888888888,0.6666666666666666,0.6666666666666666,cnn,4,2,adabn_testdays,448,b3ae7a4-dirty
Subject455,60,0.8908128908128908,0.9166666666666666,0.9166666666666666,cnn,4,2,none,489,b3ae7a4-dirty
Subject455,60,0.8156998556998558,0.85,0.85,cnn,4,2,input_norm,489,b3ae7a4-dirty
Subject455,60,0.8603174603174604,0.8833333333333333,0.8833333333333333,cnn,4,2,adabn,489,b3ae7a4-dirty
Subject455,60,0.8416931216931218,0.8666666666666667,0.8666666666666667,cnn,4,2,adabn_input,489,b3ae7a4-dirty
Subject455,60,0.8738816738816738,0.9,0.9,cnn,4,2,adabn_testdays,489,b3ae7a4-dirty
Subject561,60,0.657995337995338,0.7333333333333333,0.7333333333333333,cnn,4,2,none,695,b3ae7a4-dirty
Subject561,60,0.6176351752822343,0.6666666666666666,0.6666666666666666,cnn,4,2,input_norm,695,b3ae7a4-dirty
Subject561,60,0.6243578643578643,0.7,0.7,cnn,4,2,adabn,695,b3ae7a4-dirty
Subject561,60,0.5772871572871573,0.65,0.65,cnn,4,2,adabn_input,695,b3ae7a4-dirty
Subject561,60,0.5810977910977911,0.65,0.65,cnn,4,2,adabn_testdays,695,b3ae7a4-dirty
Subject571,30,0.6755555555555556,0.7333333333333333,0.7333333333333333,cnn,4,2,none,804,b3ae7a4-dirty
Subject571,30,0.6555555555555554,0.7333333333333333,0.7333333333333333,cnn,4,2,input_norm,804,b3ae7a4-dirty
Subject571,30,0.7088888888888889,0.7666666666666667,0.7666666666666667,cnn,4,2,adabn,804,b3ae7a4-dirty
Subject571,30,0.7088888888888889,0.7666666666666667,0.7666666666666667,cnn,4,2,adabn_input,804,b3ae7a4-dirty
Subject571,30,0.7444444444444444,0.8,0.8,cnn,4,2,adabn_testdays,804,b3ae7a4-dirty
Subject741,60,0.6924349724349725,0.7166666666666667,0.7166666666666667,cnn,4,2,none,450,b3ae7a4-dirty
Subject741,60,0.7285377585377586,0.7666666666666667,0.7666666666666667,cnn,4,2,input_norm,450,b3ae7a4-dirty
Subject741,60,0.7697883597883598,0.8,0.8,cnn,4,2,adabn,450,b3ae7a4-dirty
Subject741,60,0.7447426647426647,0.7666666666666667,0.7666666666666667,cnn,4,2,adabn_input,450,b3ae7a4-dirty
Subject741,60,0.6941665741665743,0.7333333333333333,0.7333333333333333,cnn,4,2,adabn_testdays,450,b3ae7a4-dirty
Subject819,60,0.6139101639101638,0.6666666666666666,0.6666666666666666,cnn,4,2,none,684,b3ae7a4-dirty
Subject819,60,0.6126262626262626,0.6833333333333333,0.6833333333333333,cnn,4,2,input_norm,684,b3ae7a4-dirty
Subject819,60,0.6603174603174602,0.7333333333333333,0.7333333333333333,cnn,4,2,adabn,684,b3ae7a4-dirty
Subject819,60,0.6317460317460317,0.7,0.7,cnn,4,2,adabn_input,684,b3ae7a4-dirty
Subject819,60,0.6201202501202501,0.6833333333333333,0.6833333333333333,cnn,4,2,adabn_testdays,684,b3ae7a4-dirty
Subject424,60,0.9475132275132275,0.95,0.95,cnn,4,8,none,448,b3ae7a4-dirty
Subject424,60,0.9475132275132275,0.95,0.95,cnn,4,8,input_norm,448,b3ae7a4-dirty
Subject424,60,0.9475132275132275,0.95,0.95,cnn,4,8,adabn,448,b3ae7a4-dirty
Subject424,60,0.9331409331409333,0.9333333333333333,0.9333333333333333,cnn,4,8,adabn_input,448,b3ae7a4-dirty
Subject424,60,0.9644444444444444,0.9666666666666667,0.9666666666666667,cnn,4,8,adabn_testdays,448,b3ae7a4-dirty
Subject455,60,0.9481481481481481,0.95,0.95,cnn,4,8,none,489,b3ae7a4-dirty
Subject455,60,0.962962962962963,0.9666666666666667,0.9666666666666667,cnn,4,8,input_norm,489,b3ae7a4-dirty
Subject455,60,0.9392592592592592,0.95,0.95,cnn,4,8,adabn,489,b3ae7a4-dirty
Subject455,60,0.9392592592592592,0.95,0.95,cnn,4,8,adabn_input,489,b3ae7a4-dirty
Subject455,60,0.962962962962963,0.9666666666666667,0.9666666666666667,cnn,4,8,adabn_testdays,489,b3ae7a4-dirty
Subject561,60,0.7752380952380952,0.8,0.8,cnn,4,8,none,695,b3ae7a4-dirty
Subject561,60,0.714112554112554,0.7666666666666667,0.7666666666666667,cnn,4,8,input_norm,695,b3ae7a4-dirty
Subject561,60,0.8351515151515151,0.85,0.85,cnn,4,8,adabn,695,b3ae7a4-dirty
Subject561,60,0.7697354497354497,0.8166666666666667,0.8166666666666667,cnn,4,8,adabn_input,695,b3ae7a4-dirty
Subject561,60,0.9079557479557481,0.9166666666666666,0.9166666666666666,cnn,4,8,adabn_testdays,695,b3ae7a4-dirty
Subject571,30,0.8333333333333334,0.8666666666666667,0.8666666666666667,cnn,4,8,none,804,b3ae7a4-dirty
Subject571,30,0.9066666666666667,0.9333333333333333,0.9333333333333333,cnn,4,8,input_norm,804,b3ae7a4-dirty
Subject571,30,0.8711111111111111,0.9,0.9,cnn,4,8,adabn,804,b3ae7a4-dirty
Subject571,30,0.8711111111111111,0.9,0.9,cnn,4,8,adabn_input,804,b3ae7a4-dirty
Subject571,30,0.9644444444444444,0.9666666666666667,0.9666666666666667,cnn,4,8,adabn_testdays,804,b3ae7a4-dirty
Subject741,60,0.8935449735449735,0.9,0.9,cnn,4,8,none,450,b3ae7a4-dirty
Subject741,60,0.8786243386243385,0.8833333333333333,0.8833333333333333,cnn,4,8,input_norm,450,b3ae7a4-dirty
Subject741,60,0.8950264550264551,0.9,0.9,cnn,4,8,adabn,450,b3ae7a4-dirty
Subject741,60,0.9305820105820107,0.9333333333333333,0.9333333333333333,cnn,4,8,adabn_input,450,b3ae7a4-dirty
Subject741,60,0.86984126984127,0.8833333333333333,0.8833333333333333,cnn,4,8,adabn_testdays,450,b3ae7a4-dirty
Subject819,60,0.8285714285714286,0.85,0.85,cnn,4,8,none,684,b3ae7a4-dirty
Subject819,60,0.8156806156806158,0.8333333333333334,0.8333333333333334,cnn,4,8,input_norm,684,b3ae7a4-dirty
Subject819,60,0.7907599807599808,0.8166666666666667,0.8166666666666667,cnn,4,8,adabn,684,b3ae7a4-dirty
Subject819,60,0.83005291005291,0.85,0.85,cnn,4,8,adabn_input,684,b3ae7a4-dirty
Subject819,60,0.7580952380952382,0.8,0.8,cnn,4,8,adabn_testdays,684,b3ae7a4-dirty
Subject424,60,0.9248869648869648,0.9333333333333333,0.9333333333333333,cnn,4,17,none,448,b3ae7a4-dirty
Subject424,60,0.8899663299663298,0.9,0.9,cnn,4,17,input_norm,448,b3ae7a4-dirty
Subject424,60,0.9481481481481481,0.95,0.95,cnn,4,17,adabn,448,b3ae7a4-dirty
Subject424,60,0.9481481481481481,0.95,0.95,cnn,4,17,adabn_input,448,b3ae7a4-dirty
Subject424,60,0.9644444444444444,0.9666666666666667,0.9666666666666667,cnn,4,17,adabn_testdays,448,b3ae7a4-dirty
Subject455,60,0.9094179894179895,0.9166666666666666,0.9166666666666666,cnn,4,17,none,489,b3ae7a4-dirty
Subject455,60,0.9392592592592592,0.95,0.95,cnn,4,17,input_norm,489,b3ae7a4-dirty
Subject455,60,0.9077441077441077,0.9333333333333333,0.9333333333333333,cnn,4,17,adabn,489,b3ae7a4-dirty
Subject455,60,0.9077441077441077,0.9333333333333333,0.9333333333333333,cnn,4,17,adabn_input,489,b3ae7a4-dirty
Subject455,60,0.9077441077441077,0.9333333333333333,0.9333333333333333,cnn,4,17,adabn_testdays,489,b3ae7a4-dirty
Subject561,60,0.9418181818181818,0.95,0.95,cnn,4,17,none,695,b3ae7a4-dirty
Subject561,60,0.852929292929293,0.8833333333333333,0.8833333333333333,cnn,4,17,input_norm,695,b3ae7a4-dirty
Subject561,60,0.8893314093314094,0.9,0.9,cnn,4,17,adabn,695,b3ae7a4-dirty
Subject561,60,0.8586243386243386,0.8833333333333333,0.8833333333333333,cnn,4,17,adabn_input,695,b3ae7a4-dirty
Subject561,60,0.924886964886965,0.9333333333333333,0.9333333333333333,cnn,4,17,adabn_testdays,695,b3ae7a4-dirty
Subject571,30,0.9644444444444444,0.9666666666666667,0.9666666666666667,cnn,4,17,none,804,b3ae7a4-dirty
Subject571,30,0.9288888888888889,0.9333333333333333,0.9333333333333333,cnn,4,17,input_norm,804,b3ae7a4-dirty
Subject571,30,0.9644444444444444,0.9666666666666667,0.9666666666666667,cnn,4,17,adabn,804,b3ae7a4-dirty
Subject571,30,0.9644444444444444,0.9666666666666667,0.9666666666666667,cnn,4,17,adabn_input,804,b3ae7a4-dirty
Subject571,30,0.9644444444444444,0.9666666666666667,0.9666666666666667,cnn,4,17,adabn_testdays,804,b3ae7a4-dirty
Subject741,60,0.9322751322751324,0.9333333333333333,0.9333333333333333,cnn,4,17,none,450,b3ae7a4-dirty
Subject741,60,0.8972486772486773,0.9,0.9,cnn,4,17,input_norm,450,b3ae7a4-dirty
Subject741,60,0.9305820105820107,0.9333333333333333,0.9333333333333333,cnn,4,17,adabn,450,b3ae7a4-dirty
Subject741,60,0.9305820105820107,0.9333333333333333,0.9333333333333333,cnn,4,17,adabn_input,450,b3ae7a4-dirty
Subject741,60,0.9492063492063494,0.95,0.95,cnn,4,17,adabn_testdays,450,b3ae7a4-dirty
Subject819,60,0.8941798941798942,0.9166666666666666,0.9166666666666666,cnn,4,17,none,684,b3ae7a4-dirty
Subject819,60,0.8941798941798942,0.9166666666666666,0.9166666666666666,cnn,4,17,input_norm,684,b3ae7a4-dirty
Subject819,60,0.8755555555555555,0.9,0.9,cnn,4,17,adabn,684,b3ae7a4-dirty
Subject819,60,0.8755555555555555,0.9,0.9,cnn,4,17,adabn_input,684,b3ae7a4-dirty
Subject819,60,0.924886964886965,0.9333333333333333,0.9333333333333333,cnn,4,17,adabn_testdays,684,b3ae7a4-dirty
Subject226,30,0.7558730158730158,0.8,0.8,cnn,5,2,none,605,b3ae7a4-dirty
Subject226,30,0.7244444444444444,0.8,0.8,cnn,5,2,input_norm,605,b3ae7a4-dirty
Subject226,30,0.758095238095238,0.8,0.8,cnn,5,2,adabn,605,b3ae7a4-dirty
Subject226,30,0.7914285714285714,0.8333333333333334,0.8333333333333334,cnn,5,2,adabn_input,605,b3ae7a4-dirty
Subject226,30,0.7733333333333333,0.8,0.8,cnn,5,2,adabn_testdays,605,b3ae7a4-dirty
Subject424,60,0.6485852311939269,0.7,0.7,cnn,5,2,none,448,b3ae7a4-dirty
Subject424,60,0.6285714285714286,0.6833333333333333,0.6833333333333333,cnn,5,2,input_norm,448,b3ae7a4-dirty
Subject424,60,0.7570370370370371,0.7833333333333333,0.7833333333333333,cnn,5,2,adabn,448,b3ae7a4-dirty
Subject424,60,0.7771428571428572,0.8,0.8,cnn,5,2,adabn_input,448,b3ae7a4-dirty
Subject424,60,0.7814814814814814,0.8166666666666667,0.8166666666666667,cnn,5,2,adabn_testdays,448,b3ae7a4-dirty
Subject580,90,0.7051396316102198,0.7222222222222221,0.7222222222222222,cnn,5,2,none,508,b3ae7a4-dirty
Subject580,90,0.6759511730099965,0.7111111111111111,0.7111111111111111,cnn,5,2,input_norm,508,b3ae7a4-dirty
Subject580,90,0.6717140267140267,0.6888888888888889,0.6888888888888889,cnn,5,2,adabn,508,b3ae7a4-dirty
Subject580,90,0.6577079450763661,0.6777777777777777,0.6777777777777778,cnn,5,2,adabn_input,508,b3ae7a4-dirty
Subject580,90,0.7084054834054834,0.7333333333333333,0.7333333333333333,cnn,5,2,adabn_testdays,508,b3ae7a4-dirty
Subject819,60,0.7143915343915344,0.7333333333333333,0.7333333333333333,cnn,5,2,none,684,b3ae7a4-dirty
Subject819,60,0.7197354497354497,0.75,0.75,cnn,5,2,input_norm,684,b3ae7a4-dirty
Subject819,60,0.7083597883597884,0.7333333333333333,0.7333333333333333,cnn,5,2,adabn,684,b3ae7a4-dirty
Subject819,60,0.7030687830687832,0.7333333333333333,0.7333333333333333,cnn,5,2,adabn_input,684,b3ae7a4-dirty
Subject819,60,0.6869360269360268,0.7166666666666667,0.7166666666666667,cnn,5,2,adabn_testdays,684,b3ae7a4-dirty
Subject877,60,0.6840404040404041,0.7333333333333333,0.7333333333333333,cnn,5,2,none,646,b3ae7a4-dirty
Subject877,60,0.7281348281348282,0.7666666666666667,0.7666666666666667,cnn,5,2,input_norm,646,b3ae7a4-dirty
Subject877,60,0.7352188552188552,0.7833333333333333,0.7833333333333333,cnn,5,2,adabn,646,b3ae7a4-dirty
Subject877,60,0.7728715728715728,0.8166666666666667,0.8166666666666667,cnn,5,2,adabn_input,646,b3ae7a4-dirty
Subject877,60,0.7582876382876382,0.8,0.8,cnn,5,2,adabn_testdays,646,b3ae7a4-dirty
Subject890,30,0.6888888888888888,0.7333333333333333,0.7333333333333333,cnn,5,2,none,581,b3ae7a4-dirty
Subject890,30,0.7580952380952382,0.8,0.8,cnn,5,2,input_norm,581,b3ae7a4-dirty
Subject890,30,0.7511111111111111,0.8,0.8,cnn,5,2,adabn,581,b3ae7a4-dirty
Subject890,30,0.7088888888888889,0.7666666666666667,0.7666666666666667,cnn,5,2,adabn_input,581,b3ae7a4-dirty
Subject890,30,0.6933333333333332,0.7333333333333333,0.7333333333333333,cnn,5,2,adabn_testdays,581,b3ae7a4-dirty
Subject226,30,0.8777777777777778,0.9,0.9,cnn,5,8,none,605,b3ae7a4-dirty
Subject226,30,0.9066666666666667,0.9333333333333333,0.9333333333333333,cnn,5,8,input_norm,605,b3ae7a4-dirty
Subject226,30,0.9066666666666667,0.9333333333333333,0.9333333333333333,cnn,5,8,adabn,605,b3ae7a4-dirty
Subject226,30,0.9066666666666667,0.9333333333333333,0.9333333333333333,cnn,5,8,adabn_input,605,b3ae7a4-dirty
Subject226,30,0.8711111111111111,0.9,0.9,cnn,5,8,adabn_testdays,605,b3ae7a4-dirty
Subject424,60,0.8358169934640522,0.85,0.85,cnn,5,8,none,448,b3ae7a4-dirty
Subject424,60,0.9111111111111111,0.9333333333333333,0.9333333333333333,cnn,5,8,input_norm,448,b3ae7a4-dirty
Subject424,60,0.9111111111111111,0.9333333333333333,0.9333333333333333,cnn,5,8,adabn,448,b3ae7a4-dirty
Subject424,60,0.9066666666666667,0.9333333333333333,0.9333333333333333,cnn,5,8,adabn_input,448,b3ae7a4-dirty
Subject424,60,0.9111111111111111,0.9333333333333333,0.9333333333333333,cnn,5,8,adabn_testdays,448,b3ae7a4-dirty
Subject580,90,0.8353191253191252,0.8444444444444446,0.8444444444444444,cnn,5,8,none,508,b3ae7a4-dirty
Subject580,90,0.850535608182667,0.8444444444444444,0.8444444444444444,cnn,5,8,input_norm,508,b3ae7a4-dirty
Subject580,90,0.8238761238761239,0.8333333333333335,0.8333333333333334,cnn,5,8,adabn,508,b3ae7a4-dirty
Subject580,90,0.8385539950245832,0.8444444444444444,0.8444444444444444,cnn,5,8,adabn_input,508,b3ae7a4-dirty
Subject580,90,0.8612491212491213,0.8666666666666667,0.8666666666666667,cnn,5,8,adabn_testdays,508,b3ae7a4-dirty
Subject819,60,0.8243578643578643,0.85,0.85,cnn,5,8,none,684,b3ae7a4-dirty
Subject819,60,0.8529292929292929,0.8833333333333333,0.8833333333333333,cnn,5,8,input_norm,684,b3ae7a4-dirty
Subject819,60,0.8529292929292929,0.8833333333333333,0.8833333333333333,cnn,5,8,adabn,684,b3ae7a4-dirty
Subject819,60,0.8529292929292929,0.8833333333333333,0.8833333333333333,cnn,5,8,adabn_input,684,b3ae7a4-dirty
Subject819,60,0.9062626262626262,0.9166666666666666,0.9166666666666666,cnn,5,8,adabn_testdays,684,b3ae7a4-dirty
Subject877,60,1.0,1.0,1.0,cnn,5,8,none,646,b3ae7a4-dirty
Subject877,60,0.9644444444444444,0.9666666666666667,0.9666666666666667,cnn,5,8,input_norm,646,b3ae7a4-dirty
Subject877,60,1.0,1.0,1.0,cnn,5,8,adabn,646,b3ae7a4-dirty
Subject877,60,0.9830687830687831,0.9833333333333333,0.9833333333333333,cnn,5,8,adabn_input,646,b3ae7a4-dirty
Subject877,60,0.9644444444444444,0.9666666666666667,0.9666666666666667,cnn,5,8,adabn_testdays,646,b3ae7a4-dirty
Subject890,30,0.8177777777777778,0.8333333333333334,0.8333333333333334,cnn,5,8,none,581,b3ae7a4-dirty
Subject890,30,0.7358730158730159,0.7666666666666667,0.7666666666666667,cnn,5,8,input_norm,581,b3ae7a4-dirty
Subject890,30,0.7403174603174603,0.7666666666666667,0.7666666666666667,cnn,5,8,adabn,581,b3ae7a4-dirty
Subject890,30,0.7403174603174603,0.7666666666666667,0.7666666666666667,cnn,5,8,adabn_input,581,b3ae7a4-dirty
Subject890,30,0.8222222222222222,0.8666666666666667,0.8666666666666667,cnn,5,8,adabn_testdays,581,b3ae7a4-dirty
Subject226,30,0.7580952380952382,0.8,0.8,cnn,5,17,none,605,b3ae7a4-dirty
Subject226,30,0.84,0.8666666666666667,0.8666666666666667,cnn,5,17,input_norm,605,b3ae7a4-dirty
Subject226,30,0.9288888888888889,0.9333333333333333,0.9333333333333333,cnn,5,17,adabn,605,b3ae7a4-dirty
Subject226,30,0.9288888888888889,0.9333333333333333,0.9333333333333333,cnn,5,17,adabn_input,605,b3ae7a4-dirty
Subject226,30,0.8177777777777778,0.8666666666666667,0.8666666666666667,cnn,5,17,adabn_testdays,605,b3ae7a4-dirty
Subject424,60,0.8952055352055353,0.9,0.9,cnn,5,17,none,448,b3ae7a4-dirty
Subject424,60,0.9288888888888889,0.9333333333333333,0.9333333333333333,cnn,5,17,input_norm,448,b3ae7a4-dirty
Subject424,60,0.9644444444444444,0.9666666666666667,0.9666666666666667,cnn,5,17,adabn,448,b3ae7a4-dirty
Subject424,60,0.962962962962963,0.9666666666666667,0.9666666666666667,cnn,5,17,adabn_input,448,b3ae7a4-dirty
Subject424,60,0.9644444444444444,0.9666666666666667,0.9666666666666667,cnn,5,17,adabn_testdays,448,b3ae7a4-dirty
Subject580,90,0.9137606837606838,0.9222222222222222,0.9222222222222223,cnn,5,17,none,508,b3ae7a4-dirty
Subject580,90,0.8954385964912281,0.9111111111111111,0.9111111111111111,cnn,5,17,input_norm,508,b3ae7a4-dirty
Subject580,90,0.9425641025641025,0.9444444444444444,0.9444444444444444,cnn,5,17,adabn,508,b3ae7a4-dirty
Subject580,90,0.934965034965035,0.9333333333333333,0.9333333333333333,cnn,5,17,adabn_input,508,b3ae7a4-dirty
Subject580,90,0.9292633292633293,0.9333333333333333,0.9333333333333333,cnn,5,17,adabn_testdays,508,b3ae7a4-dirty
Subject819,60,0.8825396825396825,0.9,0.9,cnn,5,17,none,684,b3ae7a4-dirty
Subject819,60,0.8941798941798942,0.9166666666666666,0.9166666666666666,cnn,5,17,input_norm,684,b3ae7a4-dirty
Subject819,60,0.8755555555555555,0.9,0.9,cnn,5,17,adabn,684,b3ae7a4-dirty
Subject819,60,0.8529292929292929,0.8833333333333333,0.8833333333333333,cnn,5,17,adabn_input,684,b3ae7a4-dirty
Subject819,60,0.9282539682539682,0.9333333333333333,0.9333333333333333,cnn,5,17,adabn_testdays,684,b3ae7a4-dirty
Subject877,60,1.0,1.0,1.0,cnn,5,17,none,646,b3ae7a4-dirty
Subject877,60,0.9830687830687831,0.9833333333333333,0.9833333333333333,cnn,5,17,input_norm,646,b3ae7a4-dirty
Subject877,60,1.0,1.0,1.0,cnn,5,17,adabn,646,b3ae7a4-dirty
Subject877,60,1.0,1.0,1.0,cnn,5,17,adabn_input,646,b3ae7a4-dirty
Subject877,60,1.0,1.0,1.0,cnn,5,17,adabn_testdays,646,b3ae7a4-dirty
Subject890,30,0.9644444444444444,0.9666666666666667,0.9666666666666667,cnn,5,17,none,581,b3ae7a4-dirty
Subject890,30,0.9288888888888889,0.9333333333333333,0.9333333333333333,cnn,5,17,input_norm,581,b3ae7a4-dirty
Subject890,30,0.9288888888888889,0.9333333333333333,0.9333333333333333,cnn,5,17,adabn,581,b3ae7a4-dirty
Subject890,30,0.9288888888888889,0.9333333333333333,0.9333333333333333,cnn,5,17,adabn_input,581,b3ae7a4-dirty
Subject890,30,0.8755555555555555,0.9,0.9,cnn,5,17,adabn_testdays,581,b3ae7a4-dirty
Subject424,60,0.6907407407407408,0.75,0.75,cnn,6,2,none,448,b3ae7a4-dirty
Subject424,60,0.701183261183261,0.7333333333333333,0.7333333333333333,cnn,6,2,input_norm,448,b3ae7a4-dirty
Subject424,60,0.6787926887926887,0.7,0.7,cnn,6,2,adabn,448,b3ae7a4-dirty
Subject424,60,0.7071957671957673,0.7333333333333333,0.7333333333333333,cnn,6,2,adabn_input,448,b3ae7a4-dirty
Subject424,60,0.7826455026455026,0.7833333333333333,0.7833333333333333,cnn,6,2,adabn_testdays,448,b3ae7a4-dirty
Subject455,60,0.8042712842712842,0.8333333333333334,0.8333333333333334,cnn,6,2,none,489,b3ae7a4-dirty
Subject455,60,0.8577441077441077,0.8833333333333333,0.8833333333333333,cnn,6,2,input_norm,489,b3ae7a4-dirty
Subject455,60,0.851933251933252,0.8666666666666667,0.8666666666666667,cnn,6,2,adabn,489,b3ae7a4-dirty
Subject455,60,0.851933251933252,0.8666666666666667,0.8666666666666667,cnn,6,2,adabn_input,489,b3ae7a4-dirty
Subject455,60,0.8417508417508418,0.85,0.85,cnn,6,2,adabn_testdays,489,b3ae7a4-dirty
Subject571,30,0.5451851851851851,0.6,0.6,cnn,6,2,none,804,b3ae7a4-dirty
Subject571,30,0.5111111111111111,0.5666666666666667,0.5666666666666667,cnn,6,2,input_norm,804,b3ae7a4-dirty
Subject571,30,0.48888888888888893,0.5666666666666667,0.5666666666666667,cnn,6,2,adabn,804,b3ae7a4-dirty
Subject571,30,0.48888888888888893,0.5666666666666667,0.5666666666666667,cnn,6,2,adabn_input,804,b3ae7a4-dirty
Subject571,30,0.5466666666666666,0.5666666666666667,0.5666666666666667,cnn,6,2,adabn_testdays,804,b3ae7a4-dirty
Subject819,60,0.3822029822029822,0.48333333333333334,0.48333333333333334,cnn,6,2,none,684,b3ae7a4-dirty
Subject819,60,0.4082214082214082,0.5,0.5,cnn,6,2,input_norm,684,b3ae7a4-dirty
Subject819,60,0.42028490028490034,0.5,0.5,cnn,6,2,adabn,684,b3ae7a4-dirty
Subject819,60,0.44336182336182334,0.5166666666666667,0.5166666666666667,cnn,6,2,adabn_input,684,b3ae7a4-dirty
Subject819,60,0.46703703703703703,0.5333333333333333,0.5333333333333333,cnn,6,2,adabn_testdays,684,b3ae7a4-dirty
Subject877,60,0.7082924482924483,0.75,0.75,cnn,6,2,none,646,b3ae7a4-dirty
Subject877,60,0.7424531024531025,0.7666666666666667,0.7666666666666667,cnn,6,2,input_norm,646,b3ae7a4-dirty
Subject877,60,0.7583068783068784,0.7833333333333333,0.7833333333333333,cnn,6,2,adabn,646,b3ae7a4-dirty
Subject877,60,0.7305820105820106,0.7666666666666667,0.7666666666666667,cnn,6,2,adabn_input,646,b3ae7a4-dirty
Subject877,60,0.7972486772486772,0.8,0.8,cnn,6,2,adabn_testdays,646,b3ae7a4-dirty
Subject890,30,0.658095238095238,0.7333333333333333,0.7333333333333333,cnn,6,2,none,581,b3ae7a4-dirty
Subject890,30,0.5666666666666667,0.6666666666666666,0.6666666666666666,cnn,6,2,input_norm,581,b3ae7a4-dirty
Subject890,30,0.6946031746031746,0.7333333333333333,0.7333333333333333,cnn,6,2,adabn,581,b3ae7a4-dirty
Subject890,30,0.6946031746031748,0.7333333333333333,0.7333333333333333,cnn,6,2,adabn_input,581,b3ae7a4-dirty
Subject890,30,0.6946031746031746,0.7333333333333333,0.7333333333333333,cnn,6,2,adabn_testdays,581,b3ae7a4-dirty
Subject424,60,0.8711111111111111,0.8833333333333333,0.8833333333333333,cnn,6,8,none,448,b3ae7a4-dirty
Subject424,60,0.8941798941798942,0.9166666666666666,0.9166666666666666,cnn,6,8,input_norm,448,b3ae7a4-dirty
Subject424,60,0.8812372812372812,0.9,0.9,cnn,6,8,adabn,448,b3ae7a4-dirty
Subject424,60,0.846984126984127,0.8666666666666667,0.8666666666666667,cnn,6,8,adabn_input,448,b3ae7a4-dirty
Subject424,60,0.8926984126984128,0.9,0.9,cnn,6,8,adabn_testdays,448,b3ae7a4-dirty
Subject455,60,0.9644444444444444,0.9666666666666667,0.9666666666666667,cnn,6,8,none,489,b3ae7a4-dirty
Subject455,60,0.9111111111111111,0.9333333333333333,0.9333333333333333,cnn,6,8,input_norm,489,b3ae7a4-dirty
Subject455,60,0.9644444444444444,0.9666666666666667,0.9666666666666667,cnn,6,8,adabn,489,b3ae7a4-dirty
Subject455,60,0.9644444444444444,0.9666666666666667,0.9666666666666667,cnn,6,8,adabn_input,489,b3ae7a4-dirty
Subject455,60,0.9644444444444444,0.9666666666666667,0.9666666666666667,cnn,6,8,adabn_testdays,489,b3ae7a4-dirty
Subject571,30,0.7977777777777778,0.8333333333333334,0.8333333333333334,cnn,6,8,none,804,b3ae7a4-dirty
Subject571,30,0.7999999999999999,0.8333333333333334,0.8333333333333334,cnn,6,8,input_norm,804,b3ae7a4-dirty
Subject571,30,0.8422222222222222,0.8666666666666667,0.8666666666666667,cnn,6,8,adabn,804,b3ae7a4-dirty
Subject571,30,0.7999999999999999,0.8333333333333334,0.8333333333333334,cnn,6,8,adabn_input,804,b3ae7a4-dirty
Subject571,30,0.8444444444444443,0.8666666666666667,0.8666666666666667,cnn,6,8,adabn_testdays,804,b3ae7a4-dirty
Subject819,60,0.7948148148148149,0.8166666666666667,0.8166666666666667,cnn,6,8,none,684,b3ae7a4-dirty
Subject819,60,0.8088888888888889,0.8333333333333334,0.8333333333333334,cnn,6,8,input_norm,684,b3ae7a4-dirty
Subject819,60,0.8632996632996632,0.8833333333333333,0.8833333333333333,cnn,6,8,adabn,684,b3ae7a4-dirty
Subject819,60,0.8461375661375662,0.8666666666666667,0.8666666666666667,cnn,6,8,adabn_input,684,b3ae7a4-dirty
Subject819,60,0.8800000000000001,0.9,0.9,cnn,6,8,adabn_testdays,684,b3ae7a4-dirty
Subject877,60,0.9830687830687831,0.9833333333333333,0.9833333333333333,cnn,6,8,none,646,b3ae7a4-dirty
Subject877,60,0.9830687830687831,0.9833333333333333,0.9833333333333333,cnn,6,8,input_norm,646,b3ae7a4-dirty
Subject877,60,0.9644444444444444,0.9666666666666667,0.9666666666666667,cnn,6,8,adabn,646,b3ae7a4-dirty
Subject877,60,0.9830687830687831,0.9833333333333333,0.9833333333333333,cnn,6,8,adabn_input,646,b3ae7a4-dirty
Subject877,60,0.9111111111111111,0.9333333333333333,0.9333333333333333,cnn,6,8,adabn_testdays,646,b3ae7a4-dirty
Subject890,30,0.7444444444444444,0.8,0.8,cnn,6,8,none,581,b3ae7a4-dirty
Subject890,30,0.8200000000000001,0.8333333333333334,0.8333333333333334,cnn,6,8,input_norm,581,b3ae7a4-dirty
Subject890,30,0.8200000000000001,0.8333333333333334,0.8333333333333334,cnn,6,8,adabn,581,b3ae7a4-dirty
Subject890,30,0.846984126984127,0.8666666666666667,0.8666666666666667,cnn,6,8,adabn_input,581,b3ae7a4-dirty
Subject890,30,0.7377777777777778,0.7666666666666667,0.7666666666666667,cnn,6,8,adabn_testdays,581,b3ae7a4-dirty
Subject424,60,0.912136752136752,0.9166666666666666,0.9166666666666666,cnn,6,17,none,448,b3ae7a4-dirty
Subject424,60,0.8656084656084656,0.8833333333333333,0.8833333333333333,cnn,6,17,input_norm,448,b3ae7a4-dirty
Subject424,60,0.9500721500721501,0.95,0.95,cnn,6,17,adabn,448,b3ae7a4-dirty
Subject424,60,0.9676190476190477,0.9666666666666667,0.9666666666666667,cnn,6,17,adabn_input,448,b3ae7a4-dirty
Subject424,60,0.9676190476190477,0.9666666666666667,0.9666666666666667,cnn,6,17,adabn_testdays,448,b3ae7a4-dirty
Subject455,60,0.8632996632996633,0.8833333333333333,0.8833333333333333,cnn,6,17,none,489,b3ae7a4-dirty
Subject455,60,0.9418181818181818,0.95,0.95,cnn,6,17,input_norm,489,b3ae7a4-dirty
Subject455,60,0.9418181818181818,0.95,0.95,cnn,6,17,adabn,489,b3ae7a4-dirty
Subject455,60,0.9418181818181818,0.95,0.95,cnn,6,17,adabn_input,489,b3ae7a4-dirty
Subject455,60,0.9418181818181818,0.95,0.95,cnn,6,17,adabn_testdays,489,b3ae7a4-dirty
Subject571,30,0.9644444444444444,0.9666666666666667,0.9666666666666667,cnn,6,17,none,804,b3ae7a4-dirty
Subject571,30,0.9111111111111111,0.9333333333333333,0.9333333333333333,cnn,6,17,input_norm,804,b3ae7a4-dirty
Subject571,30,0.8755555555555555,0.9,0.9,cnn,6,17,adabn,804,b3ae7a4-dirty
Subject571,30,0.8755555555555555,0.9,0.9,cnn,6,17,adabn_input,804,b3ae7a4-dirty
Subject571,30,0.9644444444444444,0.9666666666666667,0.9666666666666667,cnn,6,17,adabn_testdays,804,b3ae7a4-dirty
Subject819,60,0.8222222222222222,0.8666666666666667,0.8666666666666667,cnn,6,17,none,684,b3ae7a4-dirty
Subject819,60,0.8222222222222222,0.8666666666666667,0.8666666666666667,cnn,6,17,input_norm,684,b3ae7a4-dirty
Subject819,60,0.8222222222222222,0.8666666666666667,0.8666666666666667,cnn,6,17,adabn,684,b3ae7a4-dirty
Subject819,60,0.8222222222222222,0.8666666666666667,0.8666666666666667,cnn,6,17,adabn_input,684,b3ae7a4-dirty
Subject819,60,0.9062626262626262,0.9166666666666666,0.9166666666666666,cnn,6,17,adabn_testdays,684,b3ae7a4-dirty
Subject877,60,1.0,1.0,1.0,cnn,6,17,none,646,b3ae7a4-dirty
Subject877,60,1.0,1.0,1.0,cnn,6,17,input_norm,646,b3ae7a4-dirty
Subject877,60,1.0,1.0,1.0,cnn,6,17,adabn,646,b3ae7a4-dirty
Subject877,60,1.0,1.0,1.0,cnn,6,17,adabn_input,646,b3ae7a4-dirty
Subject877,60,1.0,1.0,1.0,cnn,6,17,adabn_testdays,646,b3ae7a4-dirty
Subject890,30,0.8955555555555555,0.9,0.9,cnn,6,17,none,581,b3ae7a4-dirty
Subject890,30,0.7133333333333333,0.7666666666666667,0.7666666666666667,cnn,6,17,input_norm,581,b3ae7a4-dirty
Subject890,30,0.8222222222222223,0.8333333333333334,0.8333333333333334,cnn,6,17,adabn,581,b3ae7a4-dirty
Subject890,30,0.8222222222222223,0.8333333333333334,0.8333333333333334,cnn,6,17,adabn_input,581,b3ae7a4-dirty
Subject890,30,0.9644444444444444,0.9666666666666667,0.9666666666666667,cnn,6,17,adabn_testdays,581,b3ae7a4-dirty
Subject353,60,0.5698605098605098,0.6166666666666667,0.6166666666666667,cnn,7,2,none,680,b3ae7a4-dirty
Subject353,60,0.7576815776815777,0.7833333333333333,0.7833333333333333,cnn,7,2,input_norm,680,b3ae7a4-dirty
Subject353,60,0.7714285714285715,0.8,0.8,cnn,7,2,adabn,680,b3ae7a4-dirty
Subject353,60,0.7714285714285715,0.8,0.8,cnn,7,2,adabn_input,680,b3ae7a4-dirty
Subject353,60,0.7783164983164983,0.8,0.8,cnn,7,2,adabn_testdays,680,b3ae7a4-dirty
Subject354,60,0.7372242572242572,0.75,0.75,cnn,7,2,none,485,b3ae7a4-dirty
Subject354,60,0.7901872201872203,0.8,0.8,cnn,7,2,input_norm,485,b3ae7a4-dirty
Subject354,60,0.8394179894179893,0.85,0.85,cnn,7,2,adabn,485,b3ae7a4-dirty
Subject354,60,0.848941798941799,0.8666666666666667,0.8666666666666667,cnn,7,2,adabn_input,485,b3ae7a4-dirty
Subject354,60,0.8254782254782255,0.8333333333333334,0.8333333333333334,cnn,7,2,adabn_testdays,485,b3ae7a4-dirty
Subject455,60,0.7181144781144781,0.75,0.75,cnn,7,2,none,489,b3ae7a4-dirty
Subject455,60,0.7015873015873015,0.7166666666666667,0.7166666666666667,cnn,7,2,input_norm,489,b3ae7a4-dirty
Subject455,60,0.7866666666666666,0.8,0.8,cnn,7,2,adabn,489,b3ae7a4-dirty
Subject455,60,0.7952055352055353,0.8166666666666667,0.8166666666666667,cnn,7,2,adabn_input,489,b3ae7a4-dirty
Subject455,60,0.7726984126984128,0.8,0.8,cnn,7,2,adabn_testdays,489,b3ae7a4-dirty
Subject561,60,0.5511784511784512,0.65,0.65,cnn,7,2,none,695,b3ae7a4-dirty
Subject561,60,0.5375335775335776,0.6166666666666667,0.6166666666666667,cnn,7,2,input_norm,695,b3ae7a4-dirty
Subject561,60,0.7134391534391535,0.7666666666666667,0.7666666666666667,cnn,7,2,adabn,695,b3ae7a4-dirty
Subject561,60,0.6805146705146705,0.7333333333333333,0.7333333333333333,cnn,7,2,adabn_input,695,b3ae7a4-dirty
Subject561,60,0.6741125541125541,0.7333333333333333,0.7333333333333333,cnn,7,2,adabn_testdays,695,b3ae7a4-dirty
Subject729,60,0.7115343915343915,0.75,0.75,cnn,7,2,none,723,b3ae7a4-dirty
Subject729,60,0.7541269841269841,0.8,0.8,cnn,7,2,input_norm,723,b3ae7a4-dirty
Subject729,60,0.7777777777777778,0.8166666666666667,0.8166666666666667,cnn,7,2,adabn,723,b3ae7a4-dirty
Subject729,60,0.7697354497354497,0.8166666666666667,0.8166666666666667,cnn,7,2,adabn_input,723,b3ae7a4-dirty
Subject729,60,0.8092796092796093,0.85,0.85,cnn,7,2,adabn_testdays,723,b3ae7a4-dirty
Subject819,60,0.5865319865319865,0.65,0.65,cnn,7,2,none,684,b3ae7a4-dirty
Subject819,60,0.5314285714285715,0.6333333333333333,0.6333333333333333,cnn,7,2,input_norm,684,b3ae7a4-dirty
Subject819,60,0.6166666666666666,0.6666666666666666,0.6666666666666666,cnn,7,2,adabn,684,b3ae7a4-dirty
Subject819,60,0.6213756613756612,0.6833333333333333,0.6833333333333333,cnn,7,2,adabn_input,684,b3ae7a4-dirty
Subject819,60,0.5903459503459503,0.6333333333333333,0.6333333333333333,cnn,7,2,adabn_testdays,684,b3ae7a4-dirty
Subject353,60,0.6977777777777778,0.7166666666666667,0.7166666666666667,cnn,7,8,none,680,b3ae7a4-dirty
Subject353,60,0.7876923076923077,0.8166666666666667,0.8166666666666667,cnn,7,8,input_norm,680,b3ae7a4-dirty
Subject353,60,0.7937566137566138,0.8166666666666667,0.8166666666666667,cnn,7,8,adabn,680,b3ae7a4-dirty
Subject353,60,0.8077981277981278,0.8333333333333334,0.8333333333333334,cnn,7,8,adabn_input,680,b3ae7a4-dirty
Subject353,60,0.7489947089947091,0.7666666666666667,0.7666666666666667,cnn,7,8,adabn_testdays,680,b3ae7a4-dirty
Subject354,60,0.9830687830687831,0.9833333333333333,0.9833333333333333,cnn,7,8,none,485,b3ae7a4-dirty
Subject354,60,0.9830687830687831,0.9833333333333333,0.9833333333333333,cnn,7,8,input_norm,485,b3ae7a4-dirty
Subject354,60,0.9830687830687831,0.9833333333333333,0.9833333333333333,cnn,7,8,adabn,485,b3ae7a4-dirty
Subject354,60,0.9830687830687831,0.9833333333333333,0.9833333333333333,cnn,7,8,adabn_input,485,b3ae7a4-dirty
Subject354,60,0.9830687830687831,0.9833333333333333,0.9833333333333333,cnn,7,8,adabn_testdays,485,b3ae7a4-dirty
Subject455,60,0.9830687830687831,0.9833333333333333,0.9833333333333333,cnn,7,8,none,489,b3ae7a4-dirty
Subject455,60,0.9644444444444444,0.9666666666666667,0.9666666666666667,cnn,7,8,input_norm,489,b3ae7a4-dirty
Subject455,60,1.0,1.0,1.0,cnn,7,8,adabn,489,b3ae7a4-dirty
Subject455,60,0.9830687830687831,0.9833333333333333,0.9833333333333333,cnn,7,8,adabn_input,489,b3ae7a4-dirty
Subject455,60,1.0,1.0,1.0,cnn,7,8,adabn_testdays,489,b3ae7a4-dirty
Subject561,60,0.7634054834054834,0.7833333333333333,0.7833333333333333,cnn,7,8,none,695,b3ae7a4-dirty
Subject561,60,0.7807070707070707,0.8,0.8,cnn,7,8,input_norm,695,b3ae7a4-dirty
Subject561,60,0.7864935064935065,0.8,0.8,cnn,7,8,adabn,695,b3ae7a4-dirty
Subject561,60,0.7807070707070707,0.8,0.8,cnn,7,8,adabn_input,695,b3ae7a4-dirty
Subject561,60,0.8406541606541607,0.85,0.85,cnn,7,8,adabn_testdays,695,b3ae7a4-dirty
Subject729,60,0.9661375661375662,0.9666666666666667,0.9666666666666667,cnn,7,8,none,723,b3ae7a4-dirty
Subject729,60,0.9475132275132274,0.95,0.95,cnn,7,8,input_norm,723,b3ae7a4-dirty
Subject729,60,0.9830687830687831,0.9833333333333333,0.9833333333333333,cnn,7,8,adabn,723,b3ae7a4-dirty
Subject729,60,0.9644444444444444,0.9666666666666667,0.9666666666666667,cnn,7,8,adabn_input,723,b3ae7a4-dirty
Subject729,60,0.9661375661375662,0.9666666666666667,0.9666666666666667,cnn,7,8,adabn_testdays,723,b3ae7a4-dirty
Subject819,60,0.8757671957671959,0.8833333333333333,0.8833333333333333,cnn,7,8,none,684,b3ae7a4-dirty
Subject819,60,0.8721885521885522,0.9,0.9,cnn,7,8,input_norm,684,b3ae7a4-dirty
Subject819,60,0.8812372812372813,0.9,0.9,cnn,7,8,adabn,684,b3ae7a4-dirty
Subject819,60,0.8941798941798942,0.9166666666666666,0.9166666666666666,cnn,7,8,adabn_input,684,b3ae7a4-dirty
Subject819,60,0.924886964886965,0.9333333333333333,0.9333333333333333,cnn,7,8,adabn_testdays,684,b3ae7a4-dirty
Subject353,60,0.8186243386243386,0.8333333333333334,0.8333333333333334,cnn,7,17,none,680,b3ae7a4-dirty
Subject353,60,0.901058201058201,0.9,0.9,cnn,7,17,input_norm,680,b3ae7a4-dirty
Subject353,60,0.9337566137566138,0.9333333333333333,0.9333333333333333,cnn,7,17,adabn,680,b3ae7a4-dirty
Subject353,60,0.9337566137566138,0.9333333333333333,0.9333333333333333,cnn,7,17,adabn_input,680,b3ae7a4-dirty
Subject353,60,0.8579557479557479,0.8666666666666667,0.8666666666666667,cnn,7,17,adabn_testdays,680,b3ae7a4-dirty
Subject354,60,1.0,1.0,1.0,cnn,7,17,none,485,b3ae7a4-dirty
Subject354,60,0.9096296296296296,0.9166666666666666,0.9166666666666666,cnn,7,17,input_norm,485,b3ae7a4-dirty
Subject354,60,0.9664021164021165,0.9666666666666667,0.9666666666666667,cnn,7,17,adabn,485,b3ae7a4-dirty
Subject354,60,0.9311111111111111,0.9333333333333333,0.9333333333333333,cnn,7,17,adabn_input,485,b3ae7a4-dirty
Subject354,60,0.9644444444444444,0.9666666666666667,0.9666666666666667,cnn,7,17,adabn_testdays,485,b3ae7a4-dirty
Subject455,60,0.9111111111111111,0.9333333333333333,0.9333333333333333,cnn,7,17,none,489,b3ae7a4-dirty
Subject455,60,0.8941798941798942,0.9166666666666666,0.9166666666666666,cnn,7,17,input_norm,489,b3ae7a4-dirty
Subject455,60,0.9111111111111111,0.9333333333333333,0.9333333333333333,cnn,7,17,adabn,489,b3ae7a4-dirty
Subject455,60,0.9111111111111111,0.9333333333333333,0.9333333333333333,cnn,7,17,adabn_input,489,b3ae7a4-dirty
Subject455,60,0.9111111111111111,0.9333333333333333,0.9333333333333333,cnn,7,17,adabn_testdays,489,b3ae7a4-dirty
Subject561,60,0.8981684981684982,0.9166666666666666,0.9166666666666666,cnn,7,17,none,695,b3ae7a4-dirty
Subject561,60,0.8175853775853776,0.8333333333333334,0.8333333333333334,cnn,7,17,input_norm,695,b3ae7a4-dirty
Subject561,60,0.9337566137566139,0.9333333333333333,0.9333333333333333,cnn,7,17,adabn,695,b3ae7a4-dirty
Subject561,60,0.9136507936507936,0.9166666666666666,0.9166666666666666,cnn,7,17,adabn_input,695,b3ae7a4-dirty
Subject561,60,0.9305820105820106,0.9333333333333333,0.9333333333333333,cnn,7,17,adabn_testdays,695,b3ae7a4-dirty
Subject729,60,0.9830687830687831,0.9833333333333333,0.9833333333333333,cnn,7,17,none,723,b3ae7a4-dirty
Subject729,60,0.9830687830687831,0.9833333333333333,0.9833333333333333,cnn,7,17,input_norm,723,b3ae7a4-dirty
Subject729,60,0.9666666666666667,0.9666666666666667,0.9666666666666667,cnn,7,17,adabn,723,b3ae7a4-dirty
Subject729,60,0.9492063492063492,0.95,0.95,cnn,7,17,adabn_input,723,b3ae7a4-dirty
Subject729,60,0.9830687830687831,0.9833333333333333,0.9833333333333333,cnn,7,17,adabn_testdays,723,b3ae7a4-dirty
Subject819,60,0.8772486772486773,0.9,0.9,cnn,7,17,none,684,b3ae7a4-dirty
Subject819,60,0.8941798941798942,0.9166666666666666,0.9166666666666666,cnn,7,17,input_norm,684,b3ae7a4-dirty
Subject819,60,0.8941798941798942,0.9166666666666666,0.9166666666666666,cnn,7,17,adabn,684,b3ae7a4-dirty
Subject819,60,0.8941798941798942,0.9166666666666666,0.9166666666666666,cnn,7,17,adabn_input,684,b3ae7a4-dirty
Subject819,60,0.924886964886965,0.9333333333333333,0.9333333333333333,cnn,7,17,adabn_testdays,684,b3ae7a4-dirty
Subject352,30,0.6666666666666665,0.7333333333333333,0.7333333333333333,cnn,8,2,none,866,b3ae7a4-dirty
Subject352,30,0.6311111111111111,0.7,0.7,cnn,8,2,input_norm,866,b3ae7a4-dirty
Subject352,30,0.6444444444444444,0.7,0.7,cnn,8,2,adabn,866,b3ae7a4-dirty
Subject352,30,0.6444444444444444,0.7,0.7,cnn,8,2,adabn_input,866,b3ae7a4-dirty
Subject352,30,0.648888888888889,0.7,0.7,cnn,8,2,adabn_testdays,866,b3ae7a4-dirty
Subject376,60,0.38031746031746033,0.45,0.45,cnn,8,2,none,447,b3ae7a4-dirty
Subject376,60,0.35643946467475884,0.4166666666666667,0.4166666666666667,cnn,8,2,input_norm,447,b3ae7a4-dirty
Subject376,60,0.39199502023031435,0.43333333333333335,0.43333333333333335,cnn,8,2,adabn,447,b3ae7a4-dirty
Subject376,60,0.36846560846560844,0.4166666666666667,0.4166666666666667,cnn,8,2,adabn_input,447,b3ae7a4-dirty
Subject376,60,0.3830687830687831,0.4166666666666667,0.4166666666666667,cnn,8,2,adabn_testdays,447,b3ae7a4-dirty
Subject494,60,0.5766810966810968,0.6333333333333333,0.6333333333333333,cnn,8,2,none,506,b3ae7a4-dirty
Subject494,60,0.5737758537758537,0.6333333333333333,0.6333333333333333,cnn,8,2,input_norm,506,b3ae7a4-dirty
Subject494,60,0.5767388167388167,0.6333333333333333,0.6333333333333333,cnn,8,2,adabn,506,b3ae7a4-dirty
Subject494,60,0.6370755170755171,0.6666666666666666,0.6666666666666666,cnn,8,2,adabn_input,506,b3ae7a4-dirty
Subject494,60,0.6464213564213563,0.6833333333333333,0.6833333333333333,cnn,8,2,adabn_testdays,506,b3ae7a4-dirty
Subject561,60,0.4988888888888889,0.5666666666666667,0.5666666666666667,cnn,8,2,none,695,b3ae7a4-dirty
Subject561,60,0.562116402116402,0.6166666666666667,0.6166666666666667,cnn,8,2,input_norm,695,b3ae7a4-dirty
Subject561,60,0.6162433862433863,0.6666666666666666,0.6666666666666666,cnn,8,2,adabn,695,b3ae7a4-dirty
Subject561,60,0.6298279498279499,0.6833333333333333,0.6833333333333333,cnn,8,2,adabn_input,695,b3ae7a4-dirty
Subject561,60,0.6047293447293448,0.6666666666666666,0.6666666666666666,cnn,8,2,adabn_testdays,695,b3ae7a4-dirty
Subject571,30,0.4933333333333333,0.6,0.6,cnn,8,2,none,804,b3ae7a4-dirty
Subject571,30,0.4740740740740741,0.5333333333333333,0.5333333333333333,cnn,8,2,input_norm,804,b3ae7a4-dirty
Subject571,30,0.362962962962963,0.4666666666666667,0.4666666666666667,cnn,8,2,adabn,804,b3ae7a4-dirty
Subject571,30,0.36666666666666664,0.4666666666666667,0.4666666666666667,cnn,8,2,adabn_input,804,b3ae7a4-dirty
Subject571,30,0.4777777777777778,0.5333333333333333,0.5333333333333333,cnn,8,2,adabn_testdays,804,b3ae7a4-dirty
Subject969,30,0.5155555555555555,0.6,0.6,cnn,8,2,none,945,b3ae7a4-dirty
Subject969,30,0.5155555555555555,0.5666666666666667,0.5666666666666667,cnn,8,2,input_norm,945,b3ae7a4-dirty
Subject969,30,0.4222222222222223,0.5333333333333333,0.5333333333333333,cnn,8,2,adabn,945,b3ae7a4-dirty
Subject969,30,0.3777777777777778,0.4666666666666667,0.4666666666666667,cnn,8,2,adabn_input,945,b3ae7a4-dirty
Subject969,30,0.4681481481481482,0.5333333333333333,0.5333333333333333,cnn,8,2,adabn_testdays,945,b3ae7a4-dirty
Subject352,30,0.7377777777777778,0.8,0.8,cnn,8,8,none,866,b3ae7a4-dirty
Subject352,30,0.7955555555555556,0.8333333333333334,0.8333333333333334,cnn,8,8,input_norm,866,b3ae7a4-dirty
Subject352,30,0.9066666666666666,0.9333333333333333,0.9333333333333333,cnn,8,8,adabn,866,b3ae7a4-dirty
Subject352,30,0.9066666666666666,0.9333333333333333,0.9333333333333333,cnn,8,8,adabn_input,866,b3ae7a4-dirty
Subject352,30,0.8733333333333333,0.9,0.9,cnn,8,8,adabn_testdays,866,b3ae7a4-dirty
Subject376,60,0.7808465608465608,0.8166666666666667,0.8166666666666667,cnn,8,8,none,447,b3ae7a4-dirty
Subject376,60,0.7808465608465608,0.8166666666666667,0.8166666666666667,cnn,8,8,input_norm,447,b3ae7a4-dirty
Subject376,60,0.8396581196581195,0.85,0.85,cnn,8,8,adabn,447,b3ae7a4-dirty
Subject376,60,0.7977777777777778,0.8333333333333334,0.8333333333333334,cnn,8,8,adabn_input,447,b3ae7a4-dirty
Subject376,60,0.8396581196581195,0.85,0.85,cnn,8,8,adabn_testdays,447,b3ae7a4-dirty
Subject494,60,0.6821030821030821,0.7333333333333333,0.7333333333333333,cnn,8,8,none,506,b3ae7a4-dirty
Subject494,60,0.732929292929293,0.7833333333333333,0.7833333333333333,cnn,8,8,input_norm,506,b3ae7a4-dirty
Subject494,60,0.731976911976912,0.7666666666666667,0.7666666666666667,cnn,8,8,adabn,506,b3ae7a4-dirty
Subject494,60,0.7278306878306878,0.7666666666666667,0.7666666666666667,cnn,8,8,adabn_input,506,b3ae7a4-dirty
Subject494,60,0.7291390091390092,0.7666666666666667,0.7666666666666667,cnn,8,8,adabn_testdays,506,b3ae7a4-dirty
Subject561,60,0.6844444444444444,0.75,0.75,cnn,8,8,none,695,b3ae7a4-dirty
Subject561,60,0.7932141932141933,0.8166666666666667,0.8166666666666667,cnn,8,8,input_norm,695,b3ae7a4-dirty
Subject561,60,0.8480808080808082,0.8666666666666667,0.8666666666666667,cnn,8,8,adabn,695,b3ae7a4-dirty
Subject561,60,0.8641462241462242,0.8833333333333333,0.8833333333333333,cnn,8,8,adabn_input,695,b3ae7a4-dirty
Subject561,60,0.9079557479557481,0.9166666666666666,0.9166666666666666,cnn,8,8,adabn_testdays,695,b3ae7a4-dirty
Subject571,30,0.76,0.8,0.8,cnn,8,8,none,804,b3ae7a4-dirty
Subject571,30,0.7666666666666667,0.8,0.8,cnn,8,8,input_norm,804,b3ae7a4-dirty
Subject571,30,0.7666666666666667,0.8,0.8,cnn,8,8,adabn,804,b3ae7a4-dirty
Subject571,30,0.7666666666666667,0.8,0.8,cnn,8,8,adabn_input,804,b3ae7a4-dirty
Subject571,30,0.7936507936507936,0.8333333333333334,0.8333333333333334,cnn,8,8,adabn_testdays,804,b3ae7a4-dirty
Subject969,30,0.6044444444444445,0.6666666666666666,0.6666666666666666,cnn,8,8,none,945,b3ae7a4-dirty
Subject969,30,0.6044444444444445,0.6666666666666666,0.6666666666666666,cnn,8,8,input_norm,945,b3ae7a4-dirty
Subject969,30,0.5785185185185184,0.6333333333333333,0.6333333333333333,cnn,8,8,adabn,945,b3ae7a4-dirty
Subject969,30,0.5274074074074074,0.6,0.6,cnn,8,8,adabn_input,945,b3ae7a4-dirty
Subject969,30,0.58,0.6333333333333333,0.6333333333333333,cnn,8,8,adabn_testdays,945,b3ae7a4-dirty
Subject352,30,0.8444444444444444,0.8666666666666667,0.8666666666666667,cnn,8,17,none,866,b3ae7a4-dirty
Subject352,30,0.8222222222222222,0.8666666666666667,0.8666666666666667,cnn,8,17,input_norm,866,b3ae7a4-dirty
Subject352,30,0.9111111111111111,0.9333333333333333,0.9333333333333333,cnn,8,17,adabn,866,b3ae7a4-dirty
Subject352,30,0.9111111111111111,0.9333333333333333,0.9333333333333333,cnn,8,17,adabn_input,866,b3ae7a4-dirty
Subject352,30,0.9111111111111111,0.9333333333333333,0.9333333333333333,cnn,8,17,adabn_testdays,866,b3ae7a4-dirty
Subject376,60,0.8266666666666665,0.85,0.85,cnn,8,17,none,447,b3ae7a4-dirty
Subject376,60,0.7834054834054833,0.8166666666666667,0.8166666666666667,cnn,8,17,input_norm,447,b3ae7a4-dirty
Subject376,60,0.8380952380952381,0.8666666666666667,0.8666666666666667,cnn,8,17,adabn,447,b3ae7a4-dirty
Subject376,60,0.8380952380952381,0.8666666666666667,0.8666666666666667,cnn,8,17,adabn_input,447,b3ae7a4-dirty
Subject376,60,0.8285714285714286,0.85,0.85,cnn,8,17,adabn_testdays,447,b3ae7a4-dirty
Subject494,60,0.7754171754171754,0.8,0.8,cnn,8,17,none,506,b3ae7a4-dirty
Subject494,60,0.7840885040885042,0.8166666666666667,0.8166666666666667,cnn,8,17,input_norm,506,b3ae7a4-dirty
Subject494,60,0.8425589225589225,0.8666666666666667,0.8666666666666667,cnn,8,17,adabn,506,b3ae7a4-dirty
Subject494,60,0.8425589225589225,0.8666666666666667,0.8666666666666667,cnn,8,17,adabn_input,506,b3ae7a4-dirty
Subject494,60,0.7917652717652717,0.8166666666666667,0.8166666666666667,cnn,8,17,adabn_testdays,506,b3ae7a4-dirty
Subject561,60,0.852929292929293,0.8833333333333333,0.8833333333333333,cnn,8,17,none,695,b3ae7a4-dirty
Subject561,60,0.8586243386243386,0.8833333333333333,0.8833333333333333,cnn,8,17,input_norm,695,b3ae7a4-dirty
Subject561,60,0.9111111111111111,0.9333333333333333,0.9333333333333333,cnn,8,17,adabn,695,b3ae7a4-dirty
Subject561,60,0.8755555555555555,0.9,0.9,cnn,8,17,adabn_input,695,b3ae7a4-dirty
Subject561,60,0.9111111111111111,0.9333333333333333,0.9333333333333333,cnn,8,17,adabn_testdays,695,b3ae7a4-dirty
Subject571,30,0.8825396825396825,0.9,0.9,cnn,8,17,none,804,b3ae7a4-dirty
Subject571,30,0.7936507936507936,0.8333333333333334,0.8333333333333334,cnn,8,17,input_norm,804,b3ae7a4-dirty
Subject571,30,0.8755555555555555,0.9,0.9,cnn,8,17,adabn,804,b3ae7a4-dirty
Subject571,30,0.8755555555555555,0.9,0.9,cnn,8,17,adabn_input,804,b3ae7a4-dirty
Subject571,30,0.8222222222222222,0.8666666666666667,0.8666666666666667,cnn,8,17,adabn_testdays,804,b3ae7a4-dirty
Subject969,30,0.6155555555555555,0.6666666666666666,0.6666666666666666,cnn,8,17,none,945,b3ae7a4-dirty
Subject969,30,0.6888888888888889,0.7333333333333333,0.7333333333333333,cnn,8,17,input_norm,945,b3ae7a4-dirty
Subject969,30,0.6518518518518519,0.7,0.7,cnn,8,17,adabn,945,b3ae7a4-dirty
Subject969,30,0.6755555555555556,0.7333333333333333,0.7333333333333333,cnn,8,17,adabn_input,945,b3ae7a4-dirty
Subject969,30,0.7311111111111112,0.7666666666666667,0.7666666666666667,cnn,8,17,adabn_testdays,945,b3ae7a4-dirty
Subject139,60,0.6135124135124135,0.6833333333333333,0.6833333333333333,cnn,9,2,none,660,b3ae7a4-dirty
Subject139,60,0.6759980759980759,0.7333333333333333,0.7333333333333333,cnn,9,2,input_norm,660,b3ae7a4-dirty
Subject139,60,0.7200384800384801,0.7666666666666667,0.7666666666666667,cnn,9,2,adabn,660,b3ae7a4-dirty
Subject139,60,0.7075132275132275,0.75,0.75,cnn,9,2,adabn_input,660,b3ae7a4-dirty
Subject139,60,0.7652910052910052,0.8,0.8,cnn,9,2,adabn_testdays,660,b3ae7a4-dirty
Subject226,30,0.5825396825396825,0.6333333333333333,0.6333333333333333,cnn,9,2,none,605,b3ae7a4-dirty
Subject226,30,0.6111111111111112,0.6666666666666666,0.6666666666666666,cnn,9,2,input_norm,605,b3ae7a4-dirty
Subject226,30,0.5111111111111112,0.6,0.6,cnn,9,2,adabn,605,b3ae7a4-dirty
Subject226,30,0.5111111111111112,0.6,0.6,cnn,9,2,adabn_input,605,b3ae7a4-dirty
Subject226,30,0.7047619047619047,0.7666666666666667,0.7666666666666667,cnn,9,2,adabn_testdays,605,b3ae7a4-dirty
Subject424,60,0.695946275946276,0.75,0.75,cnn,9,2,none,448,b3ae7a4-dirty
Subject424,60,0.695946275946276,0.75,0.75,cnn,9,2,input_norm,448,b3ae7a4-dirty
Subject424,60,0.7093854293854295,0.7666666666666667,0.7666666666666667,cnn,9,2,adabn,448,b3ae7a4-dirty
Subject424,60,0.7145706145706147,0.7666666666666667,0.7666666666666667,cnn,9,2,adabn_input,448,b3ae7a4-dirty
Subject424,60,0.7925925925925926,0.8333333333333334,0.8333333333333334,cnn,9,2,adabn_testdays,448,b3ae7a4-dirty
Subject611,60,0.491025641025641,0.5833333333333334,0.5833333333333334,cnn,9,2,none,578,b3ae7a4-dirty
Subject611,60,0.5318518518518519,0.6,0.6,cnn,9,2,input_norm,578,b3ae7a4-dirty
Subject611,60,0.5514478114478115,0.6166666666666667,0.6166666666666667,cnn,9,2,adabn,578,b3ae7a4-dirty
Subject611,60,0.5302277678748267,0.6,0.6,cnn,9,2,adabn_input,578,b3ae7a4-dirty
Subject611,60,0.5405981382451971,0.6333333333333333,0.6333333333333333,cnn,9,2,adabn_testdays,578,b3ae7a4-dirty
Subject819,60,0.5036123136123136,0.5666666666666667,0.5666666666666667,cnn,9,2,none,684,b3ae7a4-dirty
Subject819,60,0.4760557960557961,0.5333333333333333,0.5333333333333333,cnn,9,2,input_norm,684,b3ae7a4-dirty
Subject819,60,0.5039719322072264,0.5833333333333334,0.5833333333333334,cnn,9,2,adabn,684,b3ae7a4-dirty
Subject819,60,0.5076647426647427,0.5666666666666667,0.5666666666666667,cnn,9,2,adabn_input,684,b3ae7a4-dirty
Subject819,60,0.5694372294372294,0.6166666666666667,0.6166666666666667,cnn,9,2,adabn_testdays,684,b3ae7a4-dirty
Subject867,60,0.6321885521885521,0.65,0.65,cnn,9,2,none,499,b3ae7a4-dirty
Subject867,60,0.6737758537758538,0.7333333333333333,0.7333333333333333,cnn,9,2,input_norm,499,b3ae7a4-dirty
Subject867,60,0.6548340548340549,0.7166666666666667,0.7166666666666667,cnn,9,2,adabn,499,b3ae7a4-dirty
Subject867,60,0.6823280423280423,0.7333333333333333,0.7333333333333333,cnn,9,2,adabn_input,499,b3ae7a4-dirty
Subject867,60,0.663953823953824,0.7166666666666667,0.7166666666666667,cnn,9,2,adabn_testdays,499,b3ae7a4-dirty
Subject139,60,0.8660317460317462,0.8666666666666667,0.8666666666666667,cnn,9,8,none,660,b3ae7a4-dirty
Subject139,60,0.8182539682539683,0.85,0.85,cnn,9,8,input_norm,660,b3ae7a4-dirty
Subject139,60,0.8626984126984126,0.8666666666666667,0.8666666666666667,cnn,9,8,adabn,660,b3ae7a4-dirty
Subject139,60,0.825945165945166,0.8333333333333334,0.8333333333333334,cnn,9,8,adabn_input,660,b3ae7a4-dirty
Subject139,60,0.8984656084656085,0.9,0.9,cnn,9,8,adabn_testdays,660,b3ae7a4-dirty
Subject226,30,0.8177777777777778,0.8666666666666667,0.8666666666666667,cnn,9,8,none,605,b3ae7a4-dirty
Subject226,30,0.8177777777777778,0.8666666666666667,0.8666666666666667,cnn,9,8,input_norm,605,b3ae7a4-dirty
Subject226,30,0.8755555555555555,0.9,0.9,cnn,9,8,adabn,605,b3ae7a4-dirty
Subject226,30,0.8755555555555555,0.9,0.9,cnn,9,8,adabn_input,605,b3ae7a4-dirty
Subject226,30,0.8177777777777778,0.8666666666666667,0.8666666666666667,cnn,9,8,adabn_testdays,605,b3ae7a4-dirty
Subject424,60,0.8647619047619047,0.8833333333333333,0.8833333333333333,cnn,9,8,none,448,b3ae7a4-dirty
Subject424,60,0.9092063492063491,0.9166666666666666,0.9166666666666666,cnn,9,8,input_norm,448,b3ae7a4-dirty
Subject424,60,0.8977777777777778,0.9,0.9,cnn,9,8,adabn,448,b3ae7a4-dirty
Subject424,60,0.9145165945165945,0.9166666666666666,0.9166666666666666,cnn,9,8,adabn_input,448,b3ae7a4-dirty
Subject424,60,0.9145165945165945,0.9166666666666666,0.9166666666666666,cnn,9,8,adabn_testdays,448,b3ae7a4-dirty
Subject611,60,0.9475132275132275,0.95,0.95,cnn,9,8,none,578,b3ae7a4-dirty
Subject611,60,0.9312169312169313,0.9333333333333333,0.9333333333333333,cnn,9,8,input_norm,578,b3ae7a4-dirty
Subject611,60,0.962962962962963,0.9666666666666667,0.9666666666666667,cnn,9,8,adabn,578,b3ae7a4-dirty
Subject611,60,0.946031746031746,0.95,0.95,cnn,9,8,adabn_input,578,b3ae7a4-dirty
Subject611,60,0.9392592592592593,0.95,0.95,cnn,9,8,adabn_testdays,578,b3ae7a4-dirty
Subject819,60,0.8786916786916787,0.9,0.9,cnn,9,8,none,684,b3ae7a4-dirty
Subject819,60,0.9111111111111111,0.9333333333333333,0.9333333333333333,cnn,9,8,input_norm,684,b3ae7a4-dirty
Subject819,60,0.8772486772486772,0.9,0.9,cnn,9,8,adabn,684,b3ae7a4-dirty
Subject819,60,0.8772486772486773,0.9,0.9,cnn,9,8,adabn_input,684,b3ae7a4-dirty
Subject819,60,0.8941798941798942,0.9166666666666666,0.9166666666666666,cnn,9,8,adabn_testdays,684,b3ae7a4-dirty
Subject867,60,0.881077441077441,0.9,0.9,cnn,9,8,none,499,b3ae7a4-dirty
Subject867,60,0.9062626262626261,0.9166666666666666,0.9166666666666666,cnn,9,8,input_norm,499,b3ae7a4-dirty
Subject867,60,0.9125925925925925,0.9166666666666666,0.9166666666666666,cnn,9,8,adabn,499,b3ae7a4-dirty
Subject867,60,0.9288888888888889,0.9333333333333333,0.9333333333333333,cnn,9,8,adabn_input,499,b3ae7a4-dirty
Subject867,60,0.9475132275132275,0.95,0.95,cnn,9,8,adabn_testdays,499,b3ae7a4-dirty
Subject139,60,0.9830687830687831,0.9833333333333333,0.9833333333333333,cnn,9,17,none,660,b3ae7a4-dirty
Subject139,60,0.9830687830687831,0.9833333333333333,0.9833333333333333,cnn,9,17,input_norm,660,b3ae7a4-dirty
Subject139,60,1.0,1.0,1.0,cnn,9,17,adabn,660,b3ae7a4-dirty
Subject139,60,1.0,1.0,1.0,cnn,9,17,adabn_input,660,b3ae7a4-dirty
Subject139,60,1.0,1.0,1.0,cnn,9,17,adabn_testdays,660,b3ae7a4-dirty
Subject226,30,0.7888888888888889,0.8333333333333334,0.8333333333333334,cnn,9,17,none,605,b3ae7a4-dirty
Subject226,30,0.8955555555555555,0.9,0.9,cnn,9,17,input_norm,605,b3ae7a4-dirty
Subject226,30,0.9288888888888889,0.9333333333333333,0.9333333333333333,cnn,9,17,adabn,605,b3ae7a4-dirty
Subject226,30,0.9288888888888889,0.9333333333333333,0.9333333333333333,cnn,9,17,adabn_input,605,b3ae7a4-dirty
Subject226,30,0.8755555555555555,0.9,0.9,cnn,9,17,adabn_testdays,605,b3ae7a4-dirty
Subject424,60,0.9113227513227513,0.9166666666666666,0.9166666666666666,cnn,9,17,none,448,b3ae7a4-dirty
Subject424,60,0.9282539682539682,0.9333333333333333,0.9333333333333333,cnn,9,17,input_norm,448,b3ae7a4-dirty
Subject424,60,0.9661375661375662,0.9666666666666667,0.9666666666666667,cnn,9,17,adabn,448,b3ae7a4-dirty
Subject424,60,0.9113227513227514,0.9166666666666666,0.9166666666666666,cnn,9,17,adabn_input,448,b3ae7a4-dirty
Subject424,60,0.9661375661375662,0.9666666666666667,0.9666666666666667,cnn,9,17,adabn_testdays,448,b3ae7a4-dirty
Subject611,60,0.9485714285714286,0.95,0.95,cnn,9,17,none,578,b3ae7a4-dirty
Subject611,60,0.9644444444444444,0.9666666666666667,0.9666666666666667,cnn,9,17,input_norm,578,b3ae7a4-dirty
Subject611,60,0.9485714285714286,0.95,0.95,cnn,9,17,adabn,578,b3ae7a4-dirty
Subject611,60,0.9485714285714286,0.95,0.95,cnn,9,17,adabn_input,578,b3ae7a4-dirty
Subject611,60,1.0,1.0,1.0,cnn,9,17,adabn_testdays,578,b3ae7a4-dirty
Subject819,60,0.9288888888888888,0.9333333333333333,0.9333333333333333,cnn,9,17,none,684,b3ae7a4-dirty
Subject819,60,0.9282539682539682,0.9333333333333333,0.9333333333333333,cnn,9,17,input_norm,684,b3ae7a4-dirty
Subject819,60,0.912136752136752,0.9166666666666666,0.9166666666666666,cnn,9,17,adabn,684,b3ae7a4-dirty
Subject819,60,0.9500721500721502,0.95,0.95,cnn,9,17,adabn_input,684,b3ae7a4-dirty
Subject819,60,0.9676190476190476,0.9666666666666667,0.9666666666666667,cnn,9,17,adabn_testdays,684,b3ae7a4-dirty
Subject867,60,0.9418181818181818,0.95,0.95,cnn,9,17,none,499,b3ae7a4-dirty
Subject867,60,0.9418181818181818,0.95,0.95,cnn,9,17,input_norm,499,b3ae7a4-dirty
Subject867,60,0.9418181818181818,0.95,0.95,cnn,9,17,adabn,499,b3ae7a4-dirty
Subject867,60,0.9418181818181818,0.95,0.95,cnn,9,17,adabn_input,499,b3ae7a4-dirty
Subject867,60,0.9830687830687831,0.9833333333333333,0.9833333333333333,cnn,9,17,adabn_testdays,499,b3ae7a4-dirty
Subject147,31,0.5333333333333333,0.6,0.6129032258064516,cnn,10,2,none,537,b3ae7a4-dirty
Subject147,31,0.5333333333333333,0.6,0.6129032258064516,cnn,10,2,input_norm,537,b3ae7a4-dirty
Subject147,31,0.6,0.6666666666666666,0.6774193548387096,cnn,10,2,adabn,537,b3ae7a4-dirty
Subject147,31,0.6,0.6666666666666666,0.6774193548387096,cnn,10,2,adabn_input,537,b3ae7a4-dirty
Subject147,31,0.6533333333333334,0.7,0.7096774193548387,cnn,10,2,adabn_testdays,537,b3ae7a4-dirty
Subject353,60,0.48666666666666664,0.55,0.55,cnn,10,2,none,680,b3ae7a4-dirty
Subject353,60,0.6385377585377585,0.6666666666666666,0.6666666666666666,cnn,10,2,input_norm,680,b3ae7a4-dirty
Subject353,60,0.611871091871092,0.65,0.65,cnn,10,2,adabn,680,b3ae7a4-dirty
Subject353,60,0.652910052910053,0.6833333333333333,0.6833333333333333,cnn,10,2,adabn_input,680,b3ae7a4-dirty
Subject353,60,0.6084522884522886,0.65,0.65,cnn,10,2,adabn_testdays,680,b3ae7a4-dirty
Subject571,30,0.7888888888888889,0.8333333333333334,0.8333333333333334,cnn,10,2,none,804,b3ae7a4-dirty
Subject571,30,0.6317460317460317,0.7,0.7,cnn,10,2,input_norm,804,b3ae7a4-dirty
Subject571,30,0.6999999999999998,0.7666666666666667,0.7666666666666667,cnn,10,2,adabn,804,b3ae7a4-dirty
Subject571,30,0.6999999999999998,0.7666666666666667,0.7666666666666667,cnn,10,2,adabn_input,804,b3ae7a4-dirty
Subject571,30,0.6999999999999998,0.7666666666666667,0.7666666666666667,cnn,10,2,adabn_testdays,804,b3ae7a4-dirty
Subject580,90,0.6683597883597885,0.6999999999999998,0.7,cnn,10,2,none,508,b3ae7a4-dirty
Subject580,90,0.6661780050015345,0.6777777777777777,0.6777777777777778,cnn,10,2,input_norm,508,b3ae7a4-dirty
Subject580,90,0.6674621239327122,0.6888888888888888,0.6888888888888889,cnn,10,2,adabn,508,b3ae7a4-dirty
Subject580,90,0.6674621239327122,0.6888888888888888,0.6888888888888889,cnn,10,2,adabn_input,508,b3ae7a4-dirty
Subject580,90,0.7210977910977913,0.7444444444444444,0.7444444444444445,cnn,10,2,adabn_testdays,508,b3ae7a4-dirty
Subject867,60,0.6377104377104376,0.6833333333333333,0.6833333333333333,cnn,10,2,none,499,b3ae7a4-dirty
Subject867,60,0.7113612313612314,0.7333333333333333,0.7333333333333333,cnn,10,2,input_norm,499,b3ae7a4-dirty
Subject867,60,0.7316450216450217,0.75,0.75,cnn,10,2,adabn,499,b3ae7a4-dirty
Subject867,60,0.7316450216450217,0.75,0.75,cnn,10,2,adabn_input,499,b3ae7a4-dirty
Subject867,60,0.6493506493506495,0.7,0.7,cnn,10,2,adabn_testdays,499,b3ae7a4-dirty
Subject877,60,0.6662433862433862,0.7,0.7,cnn,10,2,none,646,b3ae7a4-dirty
Subject877,60,0.635132275132275,0.6833333333333333,0.6833333333333333,cnn,10,2,input_norm,646,b3ae7a4-dirty
Subject877,60,0.6965079365079364,0.7333333333333333,0.7333333333333333,cnn,10,2,adabn,646,b3ae7a4-dirty
Subject877,60,0.6853968253968253,0.7166666666666667,0.7166666666666667,cnn,10,2,adabn_input,646,b3ae7a4-dirty
Subject877,60,0.6402308802308803,0.6833333333333333,0.6833333333333333,cnn,10,2,adabn_testdays,646,b3ae7a4-dirty
Subject147,31,0.7866666666666666,0.8333333333333334,0.8387096774193549,cnn,10,8,none,537,b3ae7a4-dirty
Subject147,31,0.8755555555555555,0.9,0.9032258064516129,cnn,10,8,input_norm,537,b3ae7a4-dirty
Subject147,31,0.8755555555555555,0.9,0.9032258064516129,cnn,10,8,adabn,537,b3ae7a4-dirty
Subject147,31,0.8755555555555555,0.9,0.9032258064516129,cnn,10,8,adabn_input,537,b3ae7a4-dirty
Subject147,31,0.84,0.8666666666666667,0.8709677419354839,cnn,10,8,adabn_testdays,537,b3ae7a4-dirty
Subject353,60,0.6777296777296777,0.7,0.7,cnn,10,8,none,680,b3ae7a4-dirty
Subject353,60,0.7657335257335257,0.7833333333333333,0.7833333333333333,cnn,10,8,input_norm,680,b3ae7a4-dirty
Subject353,60,0.7339345839345839,0.75,0.75,cnn,10,8,adabn,680,b3ae7a4-dirty
Subject353,60,0.7657335257335257,0.7833333333333333,0.7833333333333333,cnn,10,8,adabn_input,680,b3ae7a4-dirty
Subject353,60,0.6982202982202982,0.7333333333333333,0.7333333333333333,cnn,10,8,adabn_testdays,680,b3ae7a4-dirty
Subject571,30,0.8469841269841271,0.8666666666666667,0.8666666666666667,cnn,10,8,none,804,b3ae7a4-dirty
Subject571,30,0.8755555555555555,0.9,0.9,cnn,10,8,input_norm,804,b3ae7a4-dirty
Subject571,30,0.8222222222222222,0.8666666666666667,0.8666666666666667,cnn,10,8,adabn,804,b3ae7a4-dirty
Subject571,30,0.8222222222222222,0.8666666666666667,0.8666666666666667,cnn,10,8,adabn_input,804,b3ae7a4-dirty
Subject571,30,0.8222222222222222,0.8666666666666667,0.8666666666666667,cnn,10,8,adabn_testdays,804,b3ae7a4-dirty
Subject580,90,0.9224087024087025,0.9222222222222224,0.9222222222222223,cnn,10,8,none,508,b3ae7a4-dirty
Subject580,90,0.8735508935508934,0.8777777777777779,0.8777777777777778,cnn,10,8,input_norm,508,b3ae7a4-dirty
Subject580,90,0.8748407148407149,0.8777777777777779,0.8777777777777778,cnn,10,8,adabn,508,b3ae7a4-dirty
Subject580,90,0.853050653050653,0.8555555555555556,0.8555555555555555,cnn,10,8,adabn_input,508,b3ae7a4-dirty
Subject580,90,0.8715299515299516,0.8777777777777779,0.8777777777777778,cnn,10,8,adabn_testdays,508,b3ae7a4-dirty
Subject867,60,0.8533333333333334,0.8666666666666667,0.8666666666666667,cnn,10,8,none,499,b3ae7a4-dirty
Subject867,60,0.913015873015873,0.9166666666666666,0.9166666666666666,cnn,10,8,input_norm,499,b3ae7a4-dirty
Subject867,60,0.8922943722943724,0.9,0.9,cnn,10,8,adabn,499,b3ae7a4-dirty
Subject867,60,0.913015873015873,0.9166666666666666,0.9166666666666666,cnn,10,8,adabn_input,499,b3ae7a4-dirty
Subject867,60,0.8960846560846562,0.9,0.9,cnn,10,8,adabn_testdays,499,b3ae7a4-dirty
Subject877,60,0.8786916786916787,0.9,0.9,cnn,10,8,none,646,b3ae7a4-dirty
Subject877,60,0.8245117845117844,0.85,0.85,cnn,10,8,input_norm,646,b3ae7a4-dirty
Subject877,60,0.8956228956228957,0.9166666666666666,0.9166666666666666,cnn,10,8,adabn,646,b3ae7a4-dirty
Subject877,60,0.8956228956228957,0.9166666666666666,0.9166666666666666,cnn,10,8,adabn_input,646,b3ae7a4-dirty
Subject877,60,0.8600673400673401,0.8833333333333333,0.8833333333333333,cnn,10,8,adabn_testdays,646,b3ae7a4-dirty
Subject147,31,0.9644444444444444,0.9666666666666667,0.967741935483871,cnn,10,17,none,537,b3ae7a4-dirty
Subject147,31,0.9111111111111111,0.9333333333333333,0.9354838709677419,cnn,10,17,input_norm,537,b3ae7a4-dirty
Subject147,31,0.9111111111111111,0.9333333333333333,0.9354838709677419,cnn,10,17,adabn,537,b3ae7a4-dirty
Subject147,31,0.9111111111111111,0.9333333333333333,0.9354838709677419,cnn,10,17,adabn_input,537,b3ae7a4-dirty
Subject147,31,1.0,1.0,1.0,cnn,10,17,adabn_testdays,537,b3ae7a4-dirty
Subject353,60,0.8054497354497355,0.8166666666666667,0.8166666666666667,cnn,10,17,none,680,b3ae7a4-dirty
Subject353,60,0.8424001924001924,0.85,0.85,cnn,10,17,input_norm,680,b3ae7a4-dirty
Subject353,60,0.8404232804232804,0.85,0.85,cnn,10,17,adabn,680,b3ae7a4-dirty
Subject353,60,0.8116931216931217,0.8333333333333334,0.8333333333333334,cnn,10,17,adabn_input,680,b3ae7a4-dirty
Subject353,60,0.7996499796499796,0.8166666666666667,0.8166666666666667,cnn,10,17,adabn_testdays,680,b3ae7a4-dirty
Subject571,30,0.9111111111111111,0.9333333333333333,0.9333333333333333,cnn,10,17,none,804,b3ae7a4-dirty
Subject571,30,0.9111111111111111,0.9333333333333333,0.9333333333333333,cnn,10,17,input_norm,804,b3ae7a4-dirty
Subject571,30,0.9111111111111111,0.9333333333333333,0.9333333333333333,cnn,10,17,adabn,804,b3ae7a4-dirty
Subject571,30,0.9111111111111111,0.9333333333333333,0.9333333333333333,cnn,10,17,adabn_input,804,b3ae7a4-dirty
Subject571,30,0.9111111111111111,0.9333333333333333,0.9333333333333333,cnn,10,17,adabn_testdays,804,b3ae7a4-dirty
Subject580,90,0.9276223776223775,0.9333333333333333,0.9333333333333333,cnn,10,17,none,508,b3ae7a4-dirty
Subject580,90,0.8998010268598502,0.9000000000000001,0.9,cnn,10,17,input_norm,508,b3ae7a4-dirty
Subject580,90,0.9276223776223775,0.9333333333333333,0.9333333333333333,cnn,10,17,adabn,508,b3ae7a4-dirty
Subject580,90,0.9276223776223775,0.9333333333333333,0.9333333333333333,cnn,10,17,adabn_input,508,b3ae7a4-dirty
Subject580,90,0.9276223776223775,0.9333333333333333,0.9333333333333333,cnn,10,17,adabn_testdays,508,b3ae7a4-dirty
Subject867,60,0.8926984126984128,0.9,0.9,cnn,10,17,none,499,b3ae7a4-dirty
Subject867,60,0.924886964886965,0.9333333333333333,0.9333333333333333,cnn,10,17,input_norm,499,b3ae7a4-dirty
Subject867,60,0.8926984126984128,0.9,0.9,cnn,10,17,adabn,499,b3ae7a4-dirty
Subject867,60,0.8926984126984128,0.9,0.9,cnn,10,17,adabn_input,499,b3ae7a4-dirty
Subject867,60,0.9312169312169313,0.9333333333333333,0.9333333333333333,cnn,10,17,adabn_testdays,499,b3ae7a4-dirty
Subject877,60,0.9830687830687831,0.9833333333333333,0.9833333333333333,cnn,10,17,none,646,b3ae7a4-dirty
Subject877,60,1.0,1.0,1.0,cnn,10,17,input_norm,646,b3ae7a4-dirty
Subject877,60,0.9475132275132274,0.95,0.95,cnn,10,17,adabn,646,b3ae7a4-dirty
Subject877,60,0.9830687830687831,0.9833333333333333,0.9833333333333333,cnn,10,17,adabn_input,646,b3ae7a4-dirty
Subject877,60,0.9830687830687831,0.9833333333333333,0.9833333333333333,cnn,10,17,adabn_testdays,646,b3ae7a4-dirty
Subject139,60,0.6252236652236652,0.6666666666666666,0.6666666666666666,cnn,11,2,none,660,b3ae7a4-dirty
Subject139,60,0.6482539682539682,0.6833333333333333,0.6833333333333333,cnn,11,2,input_norm,660,b3ae7a4-dirty
Subject139,60,0.6345165945165945,0.6833333333333333,0.6833333333333333,cnn,11,2,adabn,660,b3ae7a4-dirty
Subject139,60,0.6671091871091871,0.7,0.7,cnn,11,2,adabn_input,660,b3ae7a4-dirty
Subject139,60,0.688961038961039,0.75,0.75,cnn,11,2,adabn_testdays,660,b3ae7a4-dirty
Subject352,30,0.5136507936507937,0.6,0.6,cnn,11,2,none,866,b3ae7a4-dirty
Subject352,30,0.5533333333333332,0.6333333333333333,0.6333333333333333,cnn,11,2,input_norm,866,b3ae7a4-dirty
Subject352,30,0.49777777777777776,0.5666666666666667,0.5666666666666667,cnn,11,2,adabn,866,b3ae7a4-dirty
Subject352,30,0.591111111111111,0.6666666666666666,0.6666666666666666,cnn,11,2,adabn_input,866,b3ae7a4-dirty
Subject352,30,0.6133333333333334,0.6666666666666666,0.6666666666666666,cnn,11,2,adabn_testdays,866,b3ae7a4-dirty
Subject354,60,0.5303367003367003,0.6166666666666667,0.6166666666666667,cnn,11,2,none,485,b3ae7a4-dirty
Subject354,60,0.5337037037037037,0.6166666666666667,0.6166666666666667,cnn,11,2,input_norm,485,b3ae7a4-dirty
Subject354,60,0.6660317460317461,0.7166666666666667,0.7166666666666667,cnn,11,2,adabn,485,b3ae7a4-dirty
Subject354,60,0.6497354497354497,0.7,0.7,cnn,11,2,adabn_input,485,b3ae7a4-dirty
Subject354,60,0.6775661375661376,0.7333333333333333,0.7333333333333333,cnn,11,2,adabn_testdays,485,b3ae7a4-dirty
Subject580,90,0.5069265919265918,0.5666666666666668,0.5666666666666667,cnn,11,2,none,508,b3ae7a4-dirty
Subject580,90,0.5287342287342287,0.5888888888888889,0.5888888888888889,cnn,11,2,input_norm,508,b3ae7a4-dirty
Subject580,90,0.6149280830395382,0.6444444444444444,0.6444444444444445,cnn,11,2,adabn,508,b3ae7a4-dirty
Subject580,90,0.6250801921390157,0.6555555555555556,0.6555555555555556,cnn,11,2,adabn_input,508,b3ae7a4-dirty
Subject580,90,0.6075901875901875,0.6333333333333333,0.6333333333333333,cnn,11,2,adabn_testdays,508,b3ae7a4-dirty
Subject819,60,0.6613431013431014,0.7166666666666667,0.7166666666666667,cnn,11,2,none,684,b3ae7a4-dirty
Subject819,60,0.6540511340511339,0.7,0.7,cnn,11,2,input_norm,684,b3ae7a4-dirty
Subject819,60,0.6952055352055351,0.7333333333333333,0.7333333333333333,cnn,11,2,adabn,684,b3ae7a4-dirty
Subject819,60,0.7151322751322752,0.75,0.75,cnn,11,2,adabn_input,684,b3ae7a4-dirty
Subject819,60,0.5655026455026455,0.6166666666666667,0.6166666666666667,cnn,11,2,adabn_testdays,684,b3ae7a4-dirty
Subject867,60,0.6217134717134717,0.6666666666666666,0.6666666666666666,cnn,11,2,none,499,b3ae7a4-dirty
Subject867,60,0.7045898545898546,0.7333333333333333,0.7333333333333333,cnn,11,2,input_norm,499,b3ae7a4-dirty
Subject867,60,0.6617652717652718,0.6833333333333333,0.6833333333333333,cnn,11,2,adabn,499,b3ae7a4-dirty
Subject867,60,0.6448340548340549,0.6666666666666666,0.6666666666666666,cnn,11,2,adabn_input,499,b3ae7a4-dirty
Subject867,60,0.6804425204425204,0.7,0.7,cnn,11,2,adabn_testdays,499,b3ae7a4-dirty
Subject139,60,0.8177777777777778,0.8666666666666667,0.8666666666666667,cnn,11,8,none,660,b3ae7a4-dirty
Subject139,60,0.8177777777777778,0.8666666666666667,0.8666666666666667,cnn,11,8,input_norm,660,b3ae7a4-dirty
Subject139,60,0.8008465608465608,0.85,0.85,cnn,11,8,adabn,660,b3ae7a4-dirty
Subject139,60,0.8008465608465608,0.85,0.85,cnn,11,8,adabn_input,660,b3ae7a4-dirty
Subject139,60,0.814006734006734,0.85,0.85,cnn,11,8,adabn_testdays,660,b3ae7a4-dirty
Subject352,30,0.7422222222222222,0.8,0.8,cnn,11,8,none,866,b3ae7a4-dirty
Subject352,30,0.7555555555555554,0.8,0.8,cnn,11,8,input_norm,866,b3ae7a4-dirty
Subject352,30,0.7555555555555554,0.8,0.8,cnn,11,8,adabn,866,b3ae7a4-dirty
Subject352,30,0.7555555555555554,0.8,0.8,cnn,11,8,adabn_input,866,b3ae7a4-dirty
Subject352,30,0.7999999999999999,0.8333333333333334,0.8333333333333334,cnn,11,8,adabn_testdays,866,b3ae7a4-dirty
Subject354,60,0.9062626262626263,0.9166666666666666,0.9166666666666666,cnn,11,8,none,485,b3ae7a4-dirty
Subject354,60,0.8795959595959596,0.9,0.9,cnn,11,8,input_norm,485,b3ae7a4-dirty
Subject354,60,0.9460317460317461,0.95,0.95,cnn,11,8,adabn,485,b3ae7a4-dirty
Subject354,60,0.9460317460317461,0.95,0.95,cnn,11,8,adabn_input,485,b3ae7a4-dirty
Subject354,60,0.9274074074074075,0.9333333333333333,0.9333333333333333,cnn,11,8,adabn_testdays,485,b3ae7a4-dirty
Subject580,90,0.8344910644910645,0.8444444444444446,0.8444444444444444,cnn,11,8,none,508,b3ae7a4-dirty
Subject580,90,0.7991463656169538,0.8111111111111112,0.8111111111111111,cnn,11,8,input_norm,508,b3ae7a4-dirty
Subject580,90,0.8502430902430902,0.8555555555555555,0.8555555555555555,cnn,11,8,adabn,508,b3ae7a4-dirty
Subject580,90,0.862970362970363,0.8666666666666667,0.8666666666666667,cnn,11,8,adabn_input,508,b3ae7a4-dirty
Subject580,90,0.8254791504791504,0.8333333333333334,0.8333333333333334,cnn,11,8,adabn_testdays,508,b3ae7a4-dirty
Subject819,60,0.7681481481481481,0.8,0.8,cnn,11,8,none,684,b3ae7a4-dirty
Subject819,60,0.7657142857142856,0.8,0.8,cnn,11,8,input_norm,684,b3ae7a4-dirty
Subject819,60,0.7866666666666666,0.8333333333333334,0.8333333333333334,cnn,11,8,adabn,684,b3ae7a4-dirty
Subject819,60,0.803001443001443,0.8333333333333334,0.8333333333333334,cnn,11,8,adabn_input,684,b3ae7a4-dirty
Subject819,60,0.8230687830687831,0.85,0.85,cnn,11,8,adabn_testdays,684,b3ae7a4-dirty
Subject867,60,0.8548340548340547,0.8666666666666667,0.8666666666666667,cnn,11,8,none,499,b3ae7a4-dirty
Subject867,60,0.9119576719576721,0.9166666666666666,0.9166666666666666,cnn,11,8,input_norm,499,b3ae7a4-dirty
Subject867,60,0.9119576719576721,0.9166666666666666,0.9166666666666666,cnn,11,8,adabn,499,b3ae7a4-dirty
Subject867,60,0.9119576719576721,0.9166666666666666,0.9166666666666666,cnn,11,8,adabn_input,499,b3ae7a4-dirty
Subject867,60,0.9661375661375663,0.9666666666666667,0.9666666666666667,cnn,11,8,adabn_testdays,499,b3ae7a4-dirty
Subject139,60,0.9830687830687831,0.9833333333333333,0.9833333333333333,cnn,11,17,none,660,b3ae7a4-dirty
Subject139,60,0.9305820105820106,0.9333333333333333,0.9333333333333333,cnn,11,17,input_norm,660,b3ae7a4-dirty
Subject139,60,0.9830687830687831,0.9833333333333333,0.9833333333333333,cnn,11,17,adabn,660,b3ae7a4-dirty
Subject139,60,1.0,1.0,1.0,cnn,11,17,adabn_input,660,b3ae7a4-dirty
Subject139,60,1.0,1.0,1.0,cnn,11,17,adabn_testdays,660,b3ae7a4-dirty
Subject352,30,0.7755555555555556,0.8,0.8,cnn,11,17,none,866,b3ae7a4-dirty
Subject352,30,0.7555555555555554,0.8,0.8,cnn,11,17,input_norm,866,b3ae7a4-dirty
Subject352,30,0.7555555555555554,0.8,0.8,cnn,11,17,adabn,866,b3ae7a4-dirty
Subject352,30,0.7555555555555554,0.8,0.8,cnn,11,17,adabn_input,866,b3ae7a4-dirty
Subject352,30,0.8088888888888889,0.8333333333333334,0.8333333333333334,cnn,11,17,adabn_testdays,866,b3ae7a4-dirty
Subject354,60,0.9418181818181818,0.95,0.95,cnn,11,17,none,485,b3ae7a4-dirty
Subject354,60,0.9111111111111111,0.9333333333333333,0.9333333333333333,cnn,11,17,input_norm,485,b3ae7a4-dirty
Subject354,60,0.9111111111111111,0.9333333333333333,0.9333333333333333,cnn,11,17,adabn,485,b3ae7a4-dirty
Subject354,60,0.9111111111111111,0.9333333333333333,0.9333333333333333,cnn,11,17,adabn_input,485,b3ae7a4-dirty
Subject354,60,0.9111111111111111,0.9333333333333333,0.9333333333333333,cnn,11,17,adabn_testdays,485,b3ae7a4-dirty
Subject580,90,0.8740814740814741,0.888888888888889,0.8888888888888888,cnn,11,17,none,508,b3ae7a4-dirty
Subject580,90,0.8513260813260811,0.8666666666666668,0.8666666666666667,cnn,11,17,input_norm,508,b3ae7a4-dirty
Subject580,90,0.9208236208236208,0.9222222222222223,0.9222222222222223,cnn,11,17,adabn,508,b3ae7a4-dirty
Subject580,90,0.9111000111000109,0.9111111111111112,0.9111111111111111,cnn,11,17,adabn_input,508,b3ae7a4-dirty
Subject580,90,0.9103674103674103,0.9111111111111112,0.9111111111111111,cnn,11,17,adabn_testdays,508,b3ae7a4-dirty
Subject819,60,0.7716402116402118,0.8,0.8,cnn,11,17,none,684,b3ae7a4-dirty
Subject819,60,0.8755555555555555,0.9,0.9,cnn,11,17,input_norm,684,b3ae7a4-dirty
Subject819,60,0.9392592592592592,0.95,0.95,cnn,11,17,adabn,684,b3ae7a4-dirty
Subject819,60,0.9392592592592592,0.95,0.95,cnn,11,17,adabn_input,684,b3ae7a4-dirty
Subject819,60,0.9481481481481481,0.95,0.95,cnn,11,17,adabn_testdays,684,b3ae7a4-dirty
Subject867,60,0.9661375661375663,0.9666666666666667,0.9666666666666667,cnn,11,17,none,499,b3ae7a4-dirty
Subject867,60,0.9661375661375663,0.9666666666666667,0.9666666666666667,cnn,11,17,input_norm,499,b3ae7a4-dirty
Subject867,60,0.9661375661375663,0.9666666666666667,0.9666666666666667,cnn,11,17,adabn,499,b3ae7a4-dirty
Subject867,60,0.9661375661375663,0.9666666666666667,0.9666666666666667,cnn,11,17,adabn_input,499,b3ae7a4-dirty
Subject867,60,0.9830687830687831,0.9833333333333333,0.9833333333333333,cnn,11,17,adabn_testdays,499,b3ae7a4-dirty
Subject424,60,0.497989417989418,0.55,0.55,cnn,12,2,none,448,b3ae7a4-dirty
Subject424,60,0.46450386215092104,0.5333333333333333,0.5333333333333333,cnn,12,2,input_norm,448,b3ae7a4-dirty
Subject424,60,0.5502758679229267,0.6166666666666667,0.6166666666666667,cnn,12,2,adabn,448,b3ae7a4-dirty
Subject424,60,0.5048484848484848,0.5833333333333334,0.5833333333333334,cnn,12,2,adabn_input,448,b3ae7a4-dirty
Subject424,60,0.5677788877788877,0.65,0.65,cnn,12,2,adabn_testdays,448,b3ae7a4-dirty
Subject611,60,0.7369504569504568,0.7833333333333333,0.7833333333333333,cnn,12,2,none,578,b3ae7a4-dirty
Subject611,60,0.5506878306878307,0.6333333333333333,0.6333333333333333,cnn,12,2,input_norm,578,b3ae7a4-dirty
Subject611,60,0.6151670551670552,0.6833333333333333,0.6833333333333333,cnn,12,2,adabn,578,b3ae7a4-dirty
Subject611,60,0.611092981092981,0.6833333333333333,0.6833333333333333,cnn,12,2,adabn_input,578,b3ae7a4-dirty
Subject611,60,0.6050660450660451,0.6833333333333333,0.6833333333333333,cnn,12,2,adabn_testdays,578,b3ae7a4-dirty
Subject731,30,0.6492063492063491,0.7,0.7,cnn,12,2,none,645,b3ae7a4-dirty
Subject731,30,0.6444444444444445,0.7,0.7,cnn,12,2,input_norm,645,b3ae7a4-dirty
Subject731,30,0.6844444444444445,0.7333333333333333,0.7333333333333333,cnn,12,2,adabn,645,b3ae7a4-dirty
Subject731,30,0.7780952380952382,0.8,0.8,cnn,12,2,adabn_input,645,b3ae7a4-dirty
Subject731,30,0.7622222222222222,0.8,0.8,cnn,12,2,adabn_testdays,645,b3ae7a4-dirty
Subject867,60,0.5846427646427645,0.6333333333333333,0.6333333333333333,cnn,12,2,none,499,b3ae7a4-dirty
Subject867,60,0.7426839826839827,0.75,0.75,cnn,12,2,input_norm,499,b3ae7a4-dirty
Subject867,60,0.7930972730972731,0.8166666666666667,0.8166666666666667,cnn,12,2,adabn,499,b3ae7a4-dirty
Subject867,60,0.7901587301587302,0.8,0.8,cnn,12,2,adabn_input,499,b3ae7a4-dirty
Subject867,60,0.7654593554593555,0.7833333333333333,0.7833333333333333,cnn,12,2,adabn_testdays,499,b3ae7a4-dirty
Subject890,30,0.6118518518518518,0.6666666666666666,0.6666666666666666,cnn,12,2,none,581,b3ae7a4-dirty
Subject890,30,0.6714285714285714,0.7333333333333333,0.7333333333333333,cnn,12,2,input_norm,581,b3ae7a4-dirty
Subject890,30,0.8222222222222222,0.8666666666666667,0.8666666666666667,cnn,12,2,adabn,581,b3ae7a4-dirty
Subject890,30,0.8222222222222222,0.8666666666666667,0.8666666666666667,cnn,12,2,adabn_input,581,b3ae7a4-dirty
Subject890,30,0.8044444444444444,0.8333333333333334,0.8333333333333334,cnn,12,2,adabn_testdays,581,b3ae7a4-dirty
Subject969,30,0.5377777777777778,0.6,0.6,cnn,12,2,none,945,b3ae7a4-dirty
Subject969,30,0.6044444444444445,0.6666666666666666,0.6666666666666666,cnn,12,2,input_norm,945,b3ae7a4-dirty
Subject969,30,0.6044444444444445,0.6666666666666666,0.6666666666666666,cnn,12,2,adabn,945,b3ae7a4-dirty
Subject969,30,0.6711111111111111,0.7333333333333333,0.7333333333333333,cnn,12,2,adabn_input,945,b3ae7a4-dirty
Subject969,30,0.726984126984127,0.7666666666666667,0.7666666666666667,cnn,12,2,adabn_testdays,945,b3ae7a4-dirty
Subject424,60,0.9151322751322752,0.9166666666666666,0.9166666666666666,cnn,12,8,none,448,b3ae7a4-dirty
Subject424,60,0.9305820105820107,0.9333333333333333,0.9333333333333333,cnn,12,8,input_norm,448,b3ae7a4-dirty
Subject424,60,0.9475132275132275,0.95,0.95,cnn,12,8,adabn,448,b3ae7a4-dirty
Subject424,60,0.9288888888888889,0.9333333333333333,0.9333333333333333,cnn,12,8,adabn_input,448,b3ae7a4-dirty
Subject424,60,0.9830687830687831,0.9833333333333333,0.9833333333333333,cnn,12,8,adabn_testdays,448,b3ae7a4-dirty
Subject611,60,0.9664021164021165,0.9666666666666667,0.9666666666666667,cnn,12,8,none,578,b3ae7a4-dirty
Subject611,60,0.9664021164021165,0.9666666666666667,0.9666666666666667,cnn,12,8,input_norm,578,b3ae7a4-dirty
Subject611,60,0.9664021164021165,0.9666666666666667,0.9666666666666667,cnn,12,8,adabn,578,b3ae7a4-dirty
Subject611,60,0.8982202982202983,0.9166666666666666,0.9166666666666666,cnn,12,8,adabn_input,578,b3ae7a4-dirty
Subject611,60,0.9252910052910054,0.9333333333333333,0.9333333333333333,cnn,12,8,adabn_testdays,578,b3ae7a4-dirty
Subject731,30,0.84,0.8666666666666667,0.8666666666666667,cnn,12,8,none,645,b3ae7a4-dirty
Subject731,30,0.7980952380952381,0.8333333333333334,0.8333333333333334,cnn,12,8,input_norm,645,b3ae7a4-dirty
Subject731,30,0.8977777777777779,0.9,0.9,cnn,12,8,adabn,645,b3ae7a4-dirty
Subject731,30,0.8400000000000001,0.8666666666666667,0.8666666666666667,cnn,12,8,adabn_input,645,b3ae7a4-dirty
Subject731,30,0.8355555555555557,0.8666666666666667,0.8666666666666667,cnn,12,8,adabn_testdays,645,b3ae7a4-dirty
Subject867,60,0.924886964886965,0.9333333333333333,0.9333333333333333,cnn,12,8,none,499,b3ae7a4-dirty
Subject867,60,0.9248869648869648,0.9333333333333333,0.9333333333333333,cnn,12,8,input_norm,499,b3ae7a4-dirty
Subject867,60,0.9418181818181818,0.95,0.95,cnn,12,8,adabn,499,b3ae7a4-dirty
Subject867,60,0.9418181818181818,0.95,0.95,cnn,12,8,adabn_input,499,b3ae7a4-dirty
Subject867,60,0.9644444444444444,0.9666666666666667,0.9666666666666667,cnn,12,8,adabn_testdays,499,b3ae7a4-dirty
Subject890,30,0.7444444444444444,0.8,0.8,cnn,12,8,none,581,b3ae7a4-dirty
Subject890,30,0.7444444444444444,0.8,0.8,cnn,12,8,input_norm,581,b3ae7a4-dirty
Subject890,30,0.7444444444444444,0.8,0.8,cnn,12,8,adabn,581,b3ae7a4-dirty
Subject890,30,0.7444444444444444,0.8,0.8,cnn,12,8,adabn_input,581,b3ae7a4-dirty
Subject890,30,0.7580952380952382,0.8,0.8,cnn,12,8,adabn_testdays,581,b3ae7a4-dirty
Subject969,30,0.5985185185185186,0.6666666666666666,0.6666666666666666,cnn,12,8,none,945,b3ae7a4-dirty
Subject969,30,0.5451851851851851,0.6333333333333333,0.6333333333333333,cnn,12,8,input_norm,945,b3ae7a4-dirty
Subject969,30,0.5451851851851851,0.6333333333333333,0.6333333333333333,cnn,12,8,adabn,945,b3ae7a4-dirty
Subject969,30,0.5451851851851851,0.6333333333333333,0.6333333333333333,cnn,12,8,adabn_input,945,b3ae7a4-dirty
Subject969,30,0.5451851851851851,0.6333333333333333,0.6333333333333333,cnn,12,8,adabn_testdays,945,b3ae7a4-dirty
Subject424,60,0.9392592592592592,0.95,0.95,cnn,12,17,none,448,b3ae7a4-dirty
Subject424,60,0.9392592592592592,0.95,0.95,cnn,12,17,input_norm,448,b3ae7a4-dirty
Subject424,60,0.9644444444444444,0.9666666666666667,0.9666666666666667,cnn,12,17,adabn,448,b3ae7a4-dirty
Subject424,60,0.9644444444444444,0.9666666666666667,0.9666666666666667,cnn,12,17,adabn_input,448,b3ae7a4-dirty
Subject424,60,0.9644444444444444,0.9666666666666667,0.9666666666666667,cnn,12,17,adabn_testdays,448,b3ae7a4-dirty
Subject611,60,0.9664021164021165,0.9666666666666667,0.9666666666666667,cnn,12,17,none,578,b3ae7a4-dirty
Subject611,60,1.0,1.0,1.0,cnn,12,17,input_norm,578,b3ae7a4-dirty
Subject611,60,0.9830687830687831,0.9833333333333333,0.9833333333333333,cnn,12,17,adabn,578,b3ae7a4-dirty
Subject611,60,0.9830687830687831,0.9833333333333333,0.9833333333333333,cnn,12,17,adabn_input,578,b3ae7a4-dirty
Subject611,60,1.0,1.0,1.0,cnn,12,17,adabn_testdays,578,b3ae7a4-dirty
Subject731,30,0.9288888888888889,0.9333333333333333,0.9333333333333333,cnn,12,17,none,645,b3ae7a4-dirty
Subject731,30,0.9288888888888889,0.9333333333333333,0.9333333333333333,cnn,12,17,input_norm,645,b3ae7a4-dirty
Subject731,30,0.9644444444444444,0.9666666666666667,0.9666666666666667,cnn,12,17,adabn,645,b3ae7a4-dirty
Subject731,30,0.9644444444444444,0.9666666666666667,0.9666666666666667,cnn,12,17,adabn_input,645,b3ae7a4-dirty
Subject731,30,0.9644444444444444,0.9666666666666667,0.9666666666666667,cnn,12,17,adabn_testdays,645,b3ae7a4-dirty
Subject867,60,0.8755555555555555,0.9,0.9,cnn,12,17,none,499,b3ae7a4-dirty
Subject867,60,0.8755555555555555,0.9,0.9,cnn,12,17,input_norm,499,b3ae7a4-dirty
Subject867,60,0.9062626262626261,0.9166666666666666,0.9166666666666666,cnn,12,17,adabn,499,b3ae7a4-dirty
Subject867,60,0.9062626262626261,0.9166666666666666,0.9166666666666666,cnn,12,17,adabn_input,499,b3ae7a4-dirty
Subject867,60,0.9062626262626261,0.9166666666666666,0.9166666666666666,cnn,12,17,adabn_testdays,499,b3ae7a4-dirty
Subject890,30,0.7936507936507937,0.8333333333333334,0.8333333333333334,cnn,12,17,none,581,b3ae7a4-dirty
Subject890,30,0.8222222222222222,0.8666666666666667,0.8666666666666667,cnn,12,17,input_norm,581,b3ae7a4-dirty
Subject890,30,0.7936507936507937,0.8333333333333334,0.8333333333333334,cnn,12,17,adabn,581,b3ae7a4-dirty
Subject890,30,0.8222222222222222,0.8666666666666667,0.8666666666666667,cnn,12,17,adabn_input,581,b3ae7a4-dirty
Subject890,30,0.7936507936507937,0.8333333333333334,0.8333333333333334,cnn,12,17,adabn_testdays,581,b3ae7a4-dirty
Subject969,30,0.8755555555555555,0.9,0.9,cnn,12,17,none,945,b3ae7a4-dirty
Subject969,30,0.9644444444444444,0.9666666666666667,0.9666666666666667,cnn,12,17,input_norm,945,b3ae7a4-dirty
Subject969,30,0.9644444444444444,0.9666666666666667,0.9666666666666667,cnn,12,17,adabn,945,b3ae7a4-dirty
Subject969,30,0.9644444444444444,0.9666666666666667,0.9666666666666667,cnn,12,17,adabn_input,945,b3ae7a4-dirty
Subject969,30,0.9111111111111111,0.9333333333333333,0.9333333333333333,cnn,12,17,adabn_testdays,945,b3ae7a4-dirty
Subject139,60,0.576557734204793,0.65,0.65,cnn,13,2,none,660,b3ae7a4-dirty
Subject139,60,0.5993650793650793,0.6666666666666666,0.6666666666666666,cnn,13,2,input_norm,660,b3ae7a4-dirty
Subject139,60,0.618162578162578,0.6833333333333333,0.6833333333333333,cnn,13,2,adabn,660,b3ae7a4-dirty
Subject139,60,0.618162578162578,0.6833333333333333,0.6833333333333333,cnn,13,2,adabn_input,660,b3ae7a4-dirty
Subject139,60,0.5871794871794871,0.6333333333333333,0.6333333333333333,cnn,13,2,adabn_testdays,660,b3ae7a4-dirty
Subject226,30,0.6607407407407407,0.7,0.7,cnn,13,2,none,605,b3ae7a4-dirty
Subject226,30,0.758095238095238,0.8,0.8,cnn,13,2,input_norm,605,b3ae7a4-dirty
Subject226,30,0.8088888888888889,0.8333333333333334,0.8333333333333334,cnn,13,2,adabn,605,b3ae7a4-dirty
Subject226,30,0.8088888888888889,0.8333333333333334,0.8333333333333334,cnn,13,2,adabn_input,605,b3ae7a4-dirty
Subject226,30,0.7466666666666666,0.7666666666666667,0.7666666666666667,cnn,13,2,adabn_testdays,605,b3ae7a4-dirty
Subject353,60,0.711111111111111,0.75,0.75,cnn,13,2,none,680,b3ae7a4-dirty
Subject353,60,0.7530687830687831,0.7666666666666667,0.7666666666666667,cnn,13,2,input_norm,680,b3ae7a4-dirty
Subject353,60,0.6795156695156694,0.7,0.7,cnn,13,2,adabn,680,b3ae7a4-dirty
Subject353,60,0.6851322751322751,0.7,0.7,cnn,13,2,adabn_input,680,b3ae7a4-dirty
Subject353,60,0.6941798941798941,0.7333333333333333,0.7333333333333333,cnn,13,2,adabn_testdays,680,b3ae7a4-dirty
Subject571,30,0.5185185185185185,0.6,0.6,cnn,13,2,none,804,b3ae7a4-dirty
Subject571,30,0.6047619047619047,0.6666666666666666,0.6666666666666666,cnn,13,2,input_norm,804,b3ae7a4-dirty
Subject571,30,0.6844444444444444,0.7333333333333333,0.7333333333333333,cnn,13,2,adabn,804,b3ae7a4-dirty
Subject571,30,0.6555555555555554,0.7,0.7,cnn,13,2,adabn_input,804,b3ae7a4-dirty
Subject571,30,0.5888888888888889,0.6333333333333333,0.6333333333333333,cnn,13,2,adabn_testdays,804,b3ae7a4-dirty
Subject741,60,0.6394901394901394,0.6666666666666666,0.6666666666666666,cnn,13,2,none,450,b3ae7a4-dirty
Subject741,60,0.6282508558979146,0.6833333333333333,0.6833333333333333,cnn,13,2,input_norm,450,b3ae7a4-dirty
Subject741,60,0.6941798941798941,0.7166666666666667,0.7166666666666667,cnn,13,2,adabn,450,b3ae7a4-dirty
Subject741,60,0.7087301587301588,0.7333333333333333,0.7333333333333333,cnn,13,2,adabn_input,450,b3ae7a4-dirty
Subject741,60,0.7055699855699856,0.7166666666666667,0.7166666666666667,cnn,13,2,adabn_testdays,450,b3ae7a4-dirty
Subject819,60,0.4685714285714286,0.5,0.5,cnn,13,2,none,684,b3ae7a4-dirty
Subject819,60,0.4621356421356422,0.5166666666666667,0.5166666666666667,cnn,13,2,input_norm,684,b3ae7a4-dirty
Subject819,60,0.5228090428090428,0.55,0.55,cnn,13,2,adabn,684,b3ae7a4-dirty
Subject819,60,0.51005291005291,0.5833333333333334,0.5833333333333334,cnn,13,2,adabn_input,684,b3ae7a4-dirty
Subject819,60,0.5625071225071224,0.6,0.6,cnn,13,2,adabn_testdays,684,b3ae7a4-dirty
Subject139,60,0.7913227513227513,0.8166666666666667,0.8166666666666667,cnn,13,8,none,660,b3ae7a4-dirty
Subject139,60,0.7762000962000962,0.8,0.8,cnn,13,8,input_norm,660,b3ae7a4-dirty
Subject139,60,0.8082539682539683,0.8333333333333334,0.8333333333333334,cnn,13,8,adabn,660,b3ae7a4-dirty
Subject139,60,0.7712169312169312,0.8166666666666667,0.8166666666666667,cnn,13,8,adabn_input,660,b3ae7a4-dirty
Subject139,60,0.7648148148148148,0.8,0.8,cnn,13,8,adabn_testdays,660,b3ae7a4-dirty
Subject226,30,0.7711111111111111,0.8,0.8,cnn,13,8,none,605,b3ae7a4-dirty
Subject226,30,0.8933333333333333,0.9,0.9,cnn,13,8,input_norm,605,b3ae7a4-dirty
Subject226,30,0.9288888888888889,0.9333333333333333,0.9333333333333333,cnn,13,8,adabn,605,b3ae7a4-dirty
Subject226,30,0.9288888888888889,0.9333333333333333,0.9333333333333333,cnn,13,8,adabn_input,605,b3ae7a4-dirty
Subject226,30,0.8444444444444446,0.8666666666666667,0.8666666666666667,cnn,13,8,adabn_testdays,605,b3ae7a4-dirty
Subject353,60,0.7875853775853777,0.8,0.8,cnn,13,8,none,680,b3ae7a4-dirty
Subject353,60,0.8149206349206349,0.8333333333333334,0.8333333333333334,cnn,13,8,input_norm,680,b3ae7a4-dirty
Subject353,60,0.7767869167869167,0.8,0.8,cnn,13,8,adabn,680,b3ae7a4-dirty
Subject353,60,0.813929773929774,0.8333333333333334,0.8333333333333334,cnn,13,8,adabn_input,680,b3ae7a4-dirty
Subject353,60,0.8196825396825397,0.8333333333333334,0.8333333333333334,cnn,13,8,adabn_testdays,680,b3ae7a4-dirty
Subject571,30,0.7444444444444444,0.8,0.8,cnn,13,8,none,804,b3ae7a4-dirty
Subject571,30,0.7047619047619047,0.7666666666666667,0.7666666666666667,cnn,13,8,input_norm,804,b3ae7a4-dirty
Subject571,30,0.84,0.8666666666666667,0.8666666666666667,cnn,13,8,adabn,804,b3ae7a4-dirty
Subject571,30,0.84,0.8666666666666667,0.8666666666666667,cnn,13,8,adabn_input,804,b3ae7a4-dirty
Subject571,30,0.7555555555555554,0.8,0.8,cnn,13,8,adabn_testdays,804,b3ae7a4-dirty
Subject741,60,0.8579894179894179,0.8833333333333333,0.8833333333333333,cnn,13,8,none,450,b3ae7a4-dirty
Subject741,60,0.8734391534391535,0.9,0.9,cnn,13,8,input_norm,450,b3ae7a4-dirty
Subject741,60,0.8732467532467533,0.9,0.9,cnn,13,8,adabn,450,b3ae7a4-dirty
Subject741,60,0.8733333333333333,0.9,0.9,cnn,13,8,adabn_input,450,b3ae7a4-dirty
Subject741,60,0.8734391534391535,0.9,0.9,cnn,13,8,adabn_testdays,450,b3ae7a4-dirty
Subject819,60,0.6266137566137566,0.6833333333333333,0.6833333333333333,cnn,13,8,none,684,b3ae7a4-dirty
Subject819,60,0.7071091871091871,0.75,0.75,cnn,13,8,input_norm,684,b3ae7a4-dirty
Subject819,60,0.6637758537758537,0.7166666666666667,0.7166666666666667,cnn,13,8,adabn,684,b3ae7a4-dirty
Subject819,60,0.6991005291005291,0.75,0.75,cnn,13,8,adabn_input,684,b3ae7a4-dirty
Subject819,60,0.731044881044881,0.7666666666666667,0.7666666666666667,cnn,13,8,adabn_testdays,684,b3ae7a4-dirty
Subject139,60,0.9661375661375663,0.9666666666666667,0.9666666666666667,cnn,13,17,none,660,b3ae7a4-dirty
Subject139,60,0.9293650793650793,0.9333333333333333,0.9333333333333333,cnn,13,17,input_norm,660,b3ae7a4-dirty
Subject139,60,0.9492063492063493,0.95,0.95,cnn,13,17,adabn,660,b3ae7a4-dirty
Subject139,60,0.9492063492063493,0.95,0.95,cnn,13,17,adabn_input,660,b3ae7a4-dirty
Subject139,60,0.9208465608465609,0.9333333333333333,0.9333333333333333,cnn,13,17,adabn_testdays,660,b3ae7a4-dirty
Subject226,30,0.8222222222222222,0.8666666666666667,0.8666666666666667,cnn,13,17,none,605,b3ae7a4-dirty
Subject226,30,0.8711111111111111,0.9,0.9,cnn,13,17,input_norm,605,b3ae7a4-dirty
Subject226,30,0.8711111111111111,0.9,0.9,cnn,13,17,adabn,605,b3ae7a4-dirty
Subject226,30,0.8711111111111111,0.9,0.9,cnn,13,17,adabn_input,605,b3ae7a4-dirty
Subject226,30,0.8177777777777778,0.8666666666666667,0.8666666666666667,cnn,13,17,adabn_testdays,605,b3ae7a4-dirty
Subject353,60,0.8252573352573352,0.8333333333333334,0.8333333333333334,cnn,13,17,none,680,b3ae7a4-dirty
Subject353,60,0.8408465608465608,0.85,0.85,cnn,13,17,input_norm,680,b3ae7a4-dirty
Subject353,60,0.8408465608465608,0.85,0.85,cnn,13,17,adabn,680,b3ae7a4-dirty
Subject353,60,0.8408465608465608,0.85,0.85,cnn,13,17,adabn_input,680,b3ae7a4-dirty
Subject353,60,0.8956613756613757,0.9,0.9,cnn,13,17,adabn_testdays,680,b3ae7a4-dirty
Subject571,30,0.8755555555555555,0.9,0.9,cnn,13,17,none,804,b3ae7a4-dirty
Subject571,30,0.8355555555555557,0.8666666666666667,0.8666666666666667,cnn,13,17,input_norm,804,b3ae7a4-dirty
Subject571,30,0.9111111111111111,0.9333333333333333,0.9333333333333333,cnn,13,17,adabn,804,b3ae7a4-dirty
Subject571,30,0.9111111111111111,0.9333333333333333,0.9333333333333333,cnn,13,17,adabn_input,804,b3ae7a4-dirty
Subject571,30,0.8933333333333333,0.9,0.9,cnn,13,17,adabn_testdays,804,b3ae7a4-dirty
Subject741,60,0.9322751322751323,0.9333333333333333,0.9333333333333333,cnn,13,17,none,450,b3ae7a4-dirty
Subject741,60,0.9475132275132275,0.95,0.95,cnn,13,17,input_norm,450,b3ae7a4-dirty
Subject741,60,0.9664021164021165,0.9666666666666667,0.9666666666666667,cnn,13,17,adabn,450,b3ae7a4-dirty
Subject741,60,0.9497354497354498,0.95,0.95,cnn,13,17,adabn_input,450,b3ae7a4-dirty
Subject741,60,0.9830687830687831,0.9833333333333333,0.9833333333333333,cnn,13,17,adabn_testdays,450,b3ae7a4-dirty
Subject819,60,0.752136752136752,0.8,0.8,cnn,13,17,none,684,b3ae7a4-dirty
Subject819,60,0.7937913937913937,0.8333333333333334,0.8333333333333334,cnn,13,17,input_norm,684,b3ae7a4-dirty
Subject819,60,0.8107226107226106,0.85,0.85,cnn,13,17,adabn,684,b3ae7a4-dirty
Subject819,60,0.8107226107226106,0.85,0.85,cnn,13,17,adabn_input,684,b3ae7a4-dirty
Subject819,60,0.9418181818181818,0.95,0.95,cnn,13,17,adabn_testdays,684,b3ae7a4-dirty
Subject376,60,0.2799705125792082,0.35,0.35,cnn,14,2,none,447,b3ae7a4-dirty
Subject376,60,0.39068783068783064,0.4666666666666667,0.4666666666666667,cnn,14,2,input_norm,447,b3ae7a4-dirty
Subject376,60,0.4233200133200133,0.45,0.45,cnn,14,2,adabn,447,b3ae7a4-dirty
Subject376,60,0.4063166463166462,0.43333333333333335,0.43333333333333335,cnn,14,2,adabn_input,447,b3ae7a4-dirty
Subject376,60,0.41000000000000003,0.43333333333333335,0.43333333333333335,cnn,14,2,adabn_testdays,447,b3ae7a4-dirty
Subject516,30,0.7288888888888889,0.8,0.8,cnn,14,2,none,552,b3ae7a4-dirty
Subject516,30,0.7644444444444444,0.8,0.8,cnn,14,2,input_norm,552,b3ae7a4-dirty
Subject516,30,0.7866666666666666,0.8333333333333334,0.8333333333333334,cnn,14,2,adabn,552,b3ae7a4-dirty
Subject516,30,0.7511111111111111,0.8,0.8,cnn,14,2,adabn_input,552,b3ae7a4-dirty
Subject516,30,0.7866666666666666,0.8333333333333334,0.8333333333333334,cnn,14,2,adabn_testdays,552,b3ae7a4-dirty
Subject571,30,0.5777777777777777,0.6333333333333333,0.6333333333333333,cnn,14,2,none,804,b3ae7a4-dirty
Subject571,30,0.6292063492063492,0.7,0.7,cnn,14,2,input_norm,804,b3ae7a4-dirty
Subject571,30,0.6666666666666666,0.7333333333333333,0.7333333333333333,cnn,14,2,adabn,804,b3ae7a4-dirty
Subject571,30,0.6666666666666666,0.7333333333333333,0.7333333333333333,cnn,14,2,adabn_input,804,b3ae7a4-dirty
Subject571,30,0.58,0.6333333333333333,0.6333333333333333,cnn,14,2,adabn_testdays,804,b3ae7a4-dirty
Subject731,30,0.5266666666666667,0.6,0.6,cnn,14,2,none,645,b3ae7a4-dirty
Subject731,30,0.5666666666666667,0.6666666666666666,0.6666666666666666,cnn,14,2,input_norm,645,b3ae7a4-dirty
Subject731,30,0.5577777777777778,0.6333333333333333,0.6333333333333333,cnn,14,2,adabn,645,b3ae7a4-dirty
Subject731,30,0.5577777777777778,0.6333333333333333,0.6333333333333333,cnn,14,2,adabn_input,645,b3ae7a4-dirty
Subject731,30,0.5511111111111112,0.6666666666666666,0.6666666666666666,cnn,14,2,adabn_testdays,645,b3ae7a4-dirty
Subject890,30,0.3649831649831649,0.43333333333333335,0.43333333333333335,cnn,14,2,none,581,b3ae7a4-dirty
Subject890,30,0.5118518518518519,0.5666666666666667,0.5666666666666667,cnn,14,2,input_norm,581,b3ae7a4-dirty
Subject890,30,0.5644444444444444,0.6,0.6,cnn,14,2,adabn,581,b3ae7a4-dirty
Subject890,30,0.5644444444444444,0.6,0.6,cnn,14,2,adabn_input,581,b3ae7a4-dirty
Subject890,30,0.525079365079365,0.6,0.6,cnn,14,2,adabn_testdays,581,b3ae7a4-dirty
Subject969,30,0.5407407407407407,0.6333333333333333,0.6333333333333333,cnn,14,2,none,945,b3ae7a4-dirty
Subject969,30,0.5666666666666667,0.6666666666666666,0.6666666666666666,cnn,14,2,input_norm,945,b3ae7a4-dirty
Subject969,30,0.5622222222222223,0.6666666666666666,0.6666666666666666,cnn,14,2,adabn,945,b3ae7a4-dirty
Subject969,30,0.5622222222222223,0.6666666666666666,0.6666666666666666,cnn,14,2,adabn_input,945,b3ae7a4-dirty
Subject969,30,0.5666666666666667,0.6666666666666666,0.6666666666666666,cnn,14,2,adabn_testdays,945,b3ae7a4-dirty
Subject376,60,0.7395959595959596,0.75,0.75,cnn,14,8,none,447,b3ae7a4-dirty
Subject376,60,0.7141991341991342,0.7333333333333333,0.7333333333333333,cnn,14,8,input_norm,447,b3ae7a4-dirty
Subject376,60,0.7744011544011544,0.7833333333333333,0.7833333333333333,cnn,14,8,adabn,447,b3ae7a4-dirty
Subject376,60,0.7516239316239316,0.7666666666666667,0.7666666666666667,cnn,14,8,adabn_input,447,b3ae7a4-dirty
Subject376,60,0.7894179894179894,0.8,0.8,cnn,14,8,adabn_testdays,447,b3ae7a4-dirty
Subject516,30,0.8755555555555555,0.9,0.9,cnn,14,8,none,552,b3ae7a4-dirty
Subject516,30,0.8755555555555555,0.9,0.9,cnn,14,8,input_norm,552,b3ae7a4-dirty
Subject516,30,0.9111111111111111,0.9333333333333333,0.9333333333333333,cnn,14,8,adabn,552,b3ae7a4-dirty
Subject516,30,0.9111111111111111,0.9333333333333333,0.9333333333333333,cnn,14,8,adabn_input,552,b3ae7a4-dirty
Subject516,30,0.8755555555555555,0.9,0.9,cnn,14,8,adabn_testdays,552,b3ae7a4-dirty
Subject571,30,0.7133333333333333,0.7666666666666667,0.7666666666666667,cnn,14,8,none,804,b3ae7a4-dirty
Subject571,30,0.7158730158730158,0.7666666666666667,0.7666666666666667,cnn,14,8,input_norm,804,b3ae7a4-dirty
Subject571,30,0.7936507936507936,0.8333333333333334,0.8333333333333334,cnn,14,8,adabn,804,b3ae7a4-dirty
Subject571,30,0.7158730158730158,0.7666666666666667,0.7666666666666667,cnn,14,8,adabn_input,804,b3ae7a4-dirty
Subject571,30,0.7003174603174603,0.7666666666666667,0.7666666666666667,cnn,14,8,adabn_testdays,804,b3ae7a4-dirty
Subject731,30,0.7714285714285716,0.8,0.8,cnn,14,8,none,645,b3ae7a4-dirty
Subject731,30,0.8644444444444445,0.8666666666666667,0.8666666666666667,cnn,14,8,input_norm,645,b3ae7a4-dirty
Subject731,30,0.8933333333333334,0.9,0.9,cnn,14,8,adabn,645,b3ae7a4-dirty
Subject731,30,0.84,0.8666666666666667,0.8666666666666667,cnn,14,8,adabn_input,645,b3ae7a4-dirty
Subject731,30,0.9644444444444444,0.9666666666666667,0.9666666666666667,cnn,14,8,adabn_testdays,645,b3ae7a4-dirty
Subject890,30,0.8222222222222222,0.8666666666666667,0.8666666666666667,cnn,14,8,none,581,b3ae7a4-dirty
Subject890,30,0.8755555555555555,0.9,0.9,cnn,14,8,input_norm,581,b3ae7a4-dirty
Subject890,30,0.8422222222222222,0.8666666666666667,0.8666666666666667,cnn,14,8,adabn,581,b3ae7a4-dirty
Subject890,30,0.8422222222222222,0.8666666666666667,0.8666666666666667,cnn,14,8,adabn_input,581,b3ae7a4-dirty
Subject890,30,0.7555555555555554,0.8,0.8,cnn,14,8,adabn_testdays,581,b3ae7a4-dirty
Subject969,30,0.49333333333333335,0.6,0.6,cnn,14,8,none,945,b3ae7a4-dirty
Subject969,30,0.6496296296296296,0.7,0.7,cnn,14,8,input_norm,945,b3ae7a4-dirty
Subject969,30,0.7603174603174604,0.8,0.8,cnn,14,8,adabn,945,b3ae7a4-dirty
Subject969,30,0.7603174603174604,0.8,0.8,cnn,14,8,adabn_input,945,b3ae7a4-dirty
Subject969,30,0.5940740740740741,0.6666666666666666,0.6666666666666666,cnn,14,8,adabn_testdays,945,b3ae7a4-dirty
Subject376,60,0.7977777777777778,0.8333333333333334,0.8333333333333334,cnn,14,17,none,447,b3ae7a4-dirty
Subject376,60,0.7808465608465608,0.8166666666666667,0.8166666666666667,cnn,14,17,input_norm,447,b3ae7a4-dirty
Subject376,60,0.7999999999999999,0.8333333333333334,0.8333333333333334,cnn,14,17,adabn,447,b3ae7a4-dirty
Subject376,60,0.7977777777777778,0.8333333333333334,0.8333333333333334,cnn,14,17,adabn_input,447,b3ae7a4-dirty
Subject376,60,0.776084656084656,0.8,0.8,cnn,14,17,adabn_testdays,447,b3ae7a4-dirty
Subject516,30,0.8888888888888888,0.9,0.9,cnn,14,17,none,552,b3ae7a4-dirty
Subject516,30,0.8533333333333333,0.8666666666666667,0.8666666666666667,cnn,14,17,input_norm,552,b3ae7a4-dirty
Subject516,30,0.8533333333333333,0.8666666666666667,0.8666666666666667,cnn,14,17,adabn,552,b3ae7a4-dirty
Subject516,30,0.8533333333333333,0.8666666666666667,0.8666666666666667,cnn,14,17,adabn_input,552,b3ae7a4-dirty
Subject516,30,0.9311111111111111,0.9333333333333333,0.9333333333333333,cnn,14,17,adabn_testdays,552,b3ae7a4-dirty
Subject571,30,0.846984126984127,0.8666666666666667,0.8666666666666667,cnn,14,17,none,804,b3ae7a4-dirty
Subject571,30,0.8222222222222222,0.8666666666666667,0.8666666666666667,cnn,14,17,input_norm,804,b3ae7a4-dirty
Subject571,30,0.8755555555555555,0.9,0.9,cnn,14,17,adabn,804,b3ae7a4-dirty
Subject571,30,0.8222222222222222,0.8666666666666667,0.8666666666666667,cnn,14,17,adabn_input,804,b3ae7a4-dirty
Subject571,30,0.8755555555555555,0.9,0.9,cnn,14,17,adabn_testdays,804,b3ae7a4-dirty
Subject731,30,0.9644444444444444,0.9666666666666667,0.9666666666666667,cnn,14,17,none,645,b3ae7a4-dirty
Subject731,30,0.9644444444444444,0.9666666666666667,0.9666666666666667,cnn,14,17,input_norm,645,b3ae7a4-dirty
Subject731,30,0.9644444444444444,0.9666666666666667,0.9666666666666667,cnn,14,17,adabn,645,b3ae7a4-dirty
Subject731,30,0.9644444444444444,0.9666666666666667,0.9666666666666667,cnn,14,17,adabn_input,645,b3ae7a4-dirty
Subject731,30,0.9644444444444444,0.9666666666666667,0.9666666666666667,cnn,14,17,adabn_testdays,645,b3ae7a4-dirty
Subject890,30,0.8380952380952381,0.8666666666666667,0.8666666666666667,cnn,14,17,none,581,b3ae7a4-dirty
Subject890,30,0.8755555555555555,0.9,0.9,cnn,14,17,input_norm,581,b3ae7a4-dirty
Subject890,30,0.8755555555555555,0.9,0.9,cnn,14,17,adabn,581,b3ae7a4-dirty
Subject890,30,0.9288888888888889,0.9333333333333333,0.9333333333333333,cnn,14,17,adabn_input,581,b3ae7a4-dirty
Subject890,30,0.8800000000000001,0.9,0.9,cnn,14,17,adabn_testdays,581,b3ae7a4-dirty
Subject969,30,0.6896296296296297,0.7333333333333333,0.7333333333333333,cnn,14,17,none,945,b3ae7a4-dirty
Subject969,30,0.9111111111111111,0.9333333333333333,0.9333333333333333,cnn,14,17,input_norm,945,b3ae7a4-dirty
Subject969,30,0.88,0.9,0.9,cnn,14,17,adabn,945,b3ae7a4-dirty
Subject969,30,0.9644444444444444,0.9666666666666667,0.9666666666666667,cnn,14,17,adabn_input,945,b3ae7a4-dirty
Subject969,30,0.9644444444444444,0.9666666666666667,0.9666666666666667,cnn,14,17,adabn_testdays,945,b3ae7a4-dirty
Subject226,30,0.7866666666666666,0.8333333333333334,0.8333333333333334,cnn,15,2,none,605,b3ae7a4-dirty
Subject226,30,0.7777777777777779,0.8333333333333334,0.8333333333333334,cnn,15,2,input_norm,605,b3ae7a4-dirty
Subject226,30,0.8133333333333334,0.8666666666666667,0.8666666666666667,cnn,15,2,adabn,605,b3ae7a4-dirty
Subject226,30,0.8133333333333334,0.8666666666666667,0.8666666666666667,cnn,15,2,adabn_input,605,b3ae7a4-dirty
Subject226,30,0.8222222222222223,0.8666666666666667,0.8666666666666667,cnn,15,2,adabn_testdays,605,b3ae7a4-dirty
Subject353,60,0.6227269027269027,0.6833333333333333,0.6833333333333333,cnn,15,2,none,680,b3ae7a4-dirty
Subject353,60,0.7708321308321309,0.8,0.8,cnn,15,2,input_norm,680,b3ae7a4-dirty
Subject353,60,0.7150649350649351,0.75,0.75,cnn,15,2,adabn,680,b3ae7a4-dirty
Subject353,60,0.7561712361712362,0.7833333333333333,0.7833333333333333,cnn,15,2,adabn_input,680,b3ae7a4-dirty
Subject353,60,0.7152188552188552,0.7666666666666667,0.7666666666666667,cnn,15,2,adabn_testdays,680,b3ae7a4-dirty
Subject455,60,0.6945165945165945,0.75,0.75,cnn,15,2,none,489,b3ae7a4-dirty
Subject455,60,0.7343589743589742,0.7833333333333333,0.7833333333333333,cnn,15,2,input_norm,489,b3ae7a4-dirty
Subject455,60,0.7640404040404041,0.8166666666666667,0.8166666666666667,cnn,15,2,adabn,489,b3ae7a4-dirty
Subject455,60,0.7866666666666667,0.8333333333333334,0.8333333333333334,cnn,15,2,adabn_input,489,b3ae7a4-dirty
Subject455,60,0.7640404040404041,0.8166666666666667,0.8166666666666667,cnn,15,2,adabn_testdays,489,b3ae7a4-dirty
Subject516,30,0.6984126984126983,0.7333333333333333,0.7333333333333333,cnn,15,2,none,552,b3ae7a4-dirty
Subject516,30,0.7866666666666666,0.8,0.8,cnn,15,2,input_norm,552,b3ae7a4-dirty
Subject516,30,0.82,0.8333333333333334,0.8333333333333334,cnn,15,2,adabn,552,b3ae7a4-dirty
Subject516,30,0.7866666666666666,0.8,0.8,cnn,15,2,adabn_input,552,b3ae7a4-dirty
Subject516,30,0.8114285714285714,0.8333333333333334,0.8333333333333334,cnn,15,2,adabn_testdays,552,b3ae7a4-dirty
Subject580,90,0.7425718725718725,0.7555555555555556,0.7555555555555555,cnn,15,2,none,508,b3ae7a4-dirty
Subject580,90,0.7407918878507114,0.7555555555555556,0.7555555555555555,cnn,15,2,input_norm,508,b3ae7a4-dirty
Subject580,90,0.7488562853268735,0.7666666666666668,0.7666666666666667,cnn,15,2,adabn,508,b3ae7a4-dirty
Subject580,90,0.7386156436156436,0.7555555555555556,0.7555555555555555,cnn,15,2,adabn_input,508,b3ae7a4-dirty
Subject580,90,0.7508743979332215,0.7666666666666667,0.7666666666666667,cnn,15,2,adabn_testdays,508,b3ae7a4-dirty
Subject969,30,0.32888888888888884,0.4,0.4,cnn,15,2,none,945,b3ae7a4-dirty
Subject969,30,0.3377777777777778,0.36666666666666664,0.36666666666666664,cnn,15,2,input_norm,945,b3ae7a4-dirty
Subject969,30,0.38666666666666666,0.4,0.4,cnn,15,2,adabn,945,b3ae7a4-dirty
Subject969,30,0.4533333333333333,0.4666666666666667,0.4666666666666667,cnn,15,2,adabn_input,945,b3ae7a4-dirty
Subject969,30,0.546984126984127,0.6,0.6,cnn,15,2,adabn_testdays,945,b3ae7a4-dirty
Subject226,30,0.8399999999999999,0.8666666666666667,0.8666666666666667,cnn,15,8,none,605,b3ae7a4-dirty
Subject226,30,0.8755555555555554,0.9,0.9,cnn,15,8,input_norm,605,b3ae7a4-dirty
Subject226,30,0.8711111111111112,0.9,0.9,cnn,15,8,adabn,605,b3ae7a4-dirty
Subject226,30,0.8711111111111112,0.9,0.9,cnn,15,8,adabn_input,605,b3ae7a4-dirty
Subject226,30,0.8755555555555554,0.9,0.9,cnn,15,8,adabn_testdays,605,b3ae7a4-dirty
Subject353,60,0.7485714285714286,0.7833333333333333,0.7833333333333333,cnn,15,8,none,680,b3ae7a4-dirty
Subject353,60,0.7807407407407408,0.7833333333333333,0.7833333333333333,cnn,15,8,input_norm,680,b3ae7a4-dirty
Subject353,60,0.7792592592592593,0.7833333333333333,0.7833333333333333,cnn,15,8,adabn,680,b3ae7a4-dirty
Subject353,60,0.8285329485329486,0.8333333333333334,0.8333333333333334,cnn,15,8,adabn_input,680,b3ae7a4-dirty
Subject353,60,0.7815873015873015,0.8,0.8,cnn,15,8,adabn_testdays,680,b3ae7a4-dirty
Subject455,60,0.9015873015873016,0.9166666666666666,0.9166666666666666,cnn,15,8,none,489,b3ae7a4-dirty
Subject455,60,0.9274074074074075,0.9333333333333333,0.9333333333333333,cnn,15,8,input_norm,489,b3ae7a4-dirty
Subject455,60,0.8956613756613757,0.9,0.9,cnn,15,8,adabn,489,b3ae7a4-dirty
Subject455,60,0.9152380952380952,0.9166666666666666,0.9166666666666666,cnn,15,8,adabn_input,489,b3ae7a4-dirty
Subject455,60,0.8704761904761905,0.8833333333333333,0.8833333333333333,cnn,15,8,adabn_testdays,489,b3ae7a4-dirty
Subject516,30,0.9,0.9,0.9,cnn,15,8,none,552,b3ae7a4-dirty
Subject516,30,0.9311111111111111,0.9333333333333333,0.9333333333333333,cnn,15,8,input_norm,552,b3ae7a4-dirty
Subject516,30,0.9311111111111111,0.9333333333333333,0.9333333333333333,cnn,15,8,adabn,552,b3ae7a4-dirty
Subject516,30,0.9311111111111111,0.9333333333333333,0.9333333333333333,cnn,15,8,adabn_input,552,b3ae7a4-dirty
Subject516,30,0.9311111111111111,0.9333333333333333,0.9333333333333333,cnn,15,8,adabn_testdays,552,b3ae7a4-dirty
Subject580,90,0.8659873459873458,0.8666666666666668,0.8666666666666667,cnn,15,8,none,508,b3ae7a4-dirty
Subject580,90,0.8591364191364192,0.8555555555555556,0.8555555555555555,cnn,15,8,input_norm,508,b3ae7a4-dirty
Subject580,90,0.9133488733488734,0.911111111111111,0.9111111111111111,cnn,15,8,adabn,508,b3ae7a4-dirty
Subject580,90,0.9023376623376624,0.9,0.9,cnn,15,8,adabn_input,508,b3ae7a4-dirty
Subject580,90,0.8685947385947386,0.8666666666666667,0.8666666666666667,cnn,15,8,adabn_testdays,508,b3ae7a4-dirty
Subject969,30,0.5674074074074074,0.6333333333333333,0.6333333333333333,cnn,15,8,none,945,b3ae7a4-dirty
Subject969,30,0.5822222222222222,0.6666666666666666,0.6666666666666666,cnn,15,8,input_norm,945,b3ae7a4-dirty
Subject969,30,0.6777777777777778,0.7333333333333333,0.7333333333333333,cnn,15,8,adabn,945,b3ae7a4-dirty
Subject969,30,0.7047619047619047,0.7666666666666667,0.7666666666666667,cnn,15,8,adabn_input,945,b3ae7a4-dirty
Subject969,30,0.6777777777777778,0.7333333333333333,0.7333333333333333,cnn,15,8,adabn_testdays,945,b3ae7a4-dirty
Subject226,30,0.8222222222222223,0.8666666666666667,0.8666666666666667,cnn,15,17,none,605,b3ae7a4-dirty
Subject226,30,0.8222222222222223,0.8666666666666667,0.8666666666666667,cnn,15,17,input_norm,605,b3ae7a4-dirty
Subject226,30,0.84,0.8666666666666667,0.8666666666666667,cnn,15,17,adabn,605,b3ae7a4-dirty
Subject226,30,0.8933333333333333,0.9,0.9,cnn,15,17,adabn_input,605,b3ae7a4-dirty
Subject226,30,0.8222222222222223,0.8666666666666667,0.8666666666666667,cnn,15,17,adabn_testdays,605,b3ae7a4-dirty
Subject353,60,0.8375661375661375,0.85,0.85,cnn,15,17,none,680,b3ae7a4-dirty
Subject353,60,0.8800529100529101,0.8833333333333333,0.8833333333333333,cnn,15,17,input_norm,680,b3ae7a4-dirty
Subject353,60,0.8986772486772486,0.9,0.9,cnn,15,17,adabn,680,b3ae7a4-dirty
Subject353,60,0.9139153439153439,0.9166666666666666,0.9166666666666666,cnn,15,17,adabn_input,680,b3ae7a4-dirty
Subject353,60,0.8375661375661375,0.85,0.85,cnn,15,17,adabn_testdays,680,b3ae7a4-dirty
Subject455,60,0.8444444444444444,0.8666666666666667,0.8666666666666667,cnn,15,17,none,489,b3ae7a4-dirty
Subject455,60,0.8755555555555555,0.9,0.9,cnn,15,17,input_norm,489,b3ae7a4-dirty
Subject455,60,0.8941798941798942,0.9166666666666666,0.9166666666666666,cnn,15,17,adabn,489,b3ae7a4-dirty
Subject455,60,0.8941798941798942,0.9166666666666666,0.9166666666666666,cnn,15,17,adabn_input,489,b3ae7a4-dirty
Subject455,60,0.8941798941798942,0.9166666666666666,0.9166666666666666,cnn,15,17,adabn_testdays,489,b3ae7a4-dirty
Subject516,30,0.9644444444444444,0.9666666666666667,0.9666666666666667,cnn,15,17,none,552,b3ae7a4-dirty
Subject516,30,0.9311111111111111,0.9333333333333333,0.9333333333333333,cnn,15,17,input_norm,552,b3ae7a4-dirty
Subject516,30,0.9644444444444444,0.9666666666666667,0.9666666666666667,cnn,15,17,adabn,552,b3ae7a4-dirty
Subject516,30,0.9644444444444444,0.9666666666666667,0.9666666666666667,cnn,15,17,adabn_input,552,b3ae7a4-dirty
Subject516,30,0.9644444444444444,0.9666666666666667,0.9666666666666667,cnn,15,17,adabn_testdays,552,b3ae7a4-dirty
Subject580,90,0.8818648018648019,0.8777777777777778,0.8777777777777778,cnn,15,17,none,508,b3ae7a4-dirty
Subject580,90,0.8374603174603175,0.8333333333333334,0.8333333333333334,cnn,15,17,input_norm,508,b3ae7a4-dirty
Subject580,90,0.8729581529581529,0.8666666666666667,0.8666666666666667,cnn,15,17,adabn,508,b3ae7a4-dirty
Subject580,90,0.8729581529581529,0.8666666666666667,0.8666666666666667,cnn,15,17,adabn_input,508,b3ae7a4-dirty
Subject580,90,0.8928604728604729,0.8888888888888888,0.8888888888888888,cnn,15,17,adabn_testdays,508,b3ae7a4-dirty
Subject969,30,0.7825396825396825,0.8,0.8,cnn,15,17,none,945,b3ae7a4-dirty
Subject969,30,0.7936507936507936,0.8,0.8,cnn,15,17,input_norm,945,b3ae7a4-dirty
Subject969,30,0.7777777777777778,0.8,0.8,cnn,15,17,adabn,945,b3ae7a4-dirty
Subject969,30,0.8222222222222222,0.8333333333333334,0.8333333333333334,cnn,15,17,adabn_input,945,b3ae7a4-dirty
Subject969,30,0.7688888888888888,0.8,0.8,cnn,15,17,adabn_testdays,945,b3ae7a4-dirty
Subject139,60,0.7133333333333334,0.7666666666666667,0.7666666666666667,cnn,16,2,none,660,b3ae7a4-dirty
Subject139,60,0.7077441077441076,0.7666666666666667,0.7666666666666667,cnn,16,2,input_norm,660,b3ae7a4-dirty
Subject139,60,0.7024338624338625,0.7666666666666667,0.7666666666666667,cnn,16,2,adabn,660,b3ae7a4-dirty
Subject139,60,0.6897354497354498,0.75,0.75,cnn,16,2,adabn_input,660,b3ae7a4-dirty
Subject139,60,0.7589284789284789,0.7833333333333333,0.7833333333333333,cnn,16,2,adabn_testdays,660,b3ae7a4-dirty
Subject226,30,0.6444444444444445,0.7,0.7,cnn,16,2,none,605,b3ae7a4-dirty
Subject226,30,0.52,0.6,0.6,cnn,16,2,input_norm,605,b3ae7a4-dirty
Subject226,30,0.6158730158730158,0.6666666666666666,0.6666666666666666,cnn,16,2,adabn,605,b3ae7a4-dirty
Subject226,30,0.5834920634920635,0.6333333333333333,0.6333333333333333,cnn,16,2,adabn_input,605,b3ae7a4-dirty
Subject226,30,0.6477777777777777,0.6666666666666666,0.6666666666666666,cnn,16,2,adabn_testdays,605,b3ae7a4-dirty
Subject424,60,0.5113308913308913,0.5833333333333334,0.5833333333333334,cnn,16,2,none,448,b3ae7a4-dirty
Subject424,60,0.49776445776445777,0.5833333333333334,0.5833333333333334,cnn,16,2,input_norm,448,b3ae7a4-dirty
Subject424,60,0.5776393976393976,0.6333333333333333,0.6333333333333333,cnn,16,2,adabn,448,b3ae7a4-dirty
Subject424,60,0.460546338193397,0.55,0.55,cnn,16,2,adabn_input,448,b3ae7a4-dirty
Subject424,60,0.5883272283272283,0.6666666666666666,0.6666666666666666,cnn,16,2,adabn_testdays,448,b3ae7a4-dirty
Subject729,60,0.45952380952380956,0.5,0.5,cnn,16,2,none,723,b3ae7a4-dirty
Subject729,60,0.5966533466533467,0.65,0.65,cnn,16,2,input_norm,723,b3ae7a4-dirty
Subject729,60,0.5584656084656084,0.6,0.6,cnn,16,2,adabn,723,b3ae7a4-dirty
Subject729,60,0.5955026455026454,0.65,0.65,cnn,16,2,adabn_input,723,b3ae7a4-dirty
Subject729,60,0.6618566618566618,0.6833333333333333,0.6833333333333333,cnn,16,2,adabn_testdays,723,b3ae7a4-dirty
Subject731,30,0.5047619047619049,0.5666666666666667,0.5666666666666667,cnn,16,2,none,645,b3ae7a4-dirty
Subject731,30,0.5103174603174603,0.5666666666666667,0.5666666666666667,cnn,16,2,input_norm,645,b3ae7a4-dirty
Subject731,30,0.4914285714285714,0.5,0.5,cnn,16,2,adabn,645,b3ae7a4-dirty
Subject731,30,0.5136507936507936,0.5333333333333333,0.5333333333333333,cnn,16,2,adabn_input,645,b3ae7a4-dirty
Subject731,30,0.4603174603174603,0.5,0.5,cnn,16,2,adabn_testdays,645,b3ae7a4-dirty
Subject867,60,0.5649591149591149,0.6,0.6,cnn,16,2,none,499,b3ae7a4-dirty
Subject867,60,0.5880870980870979,0.6166666666666667,0.6166666666666667,cnn,16,2,input_norm,499,b3ae7a4-dirty
Subject867,60,0.6319576719576719,0.6666666666666666,0.6666666666666666,cnn,16,2,adabn,499,b3ae7a4-dirty
Subject867,60,0.6319576719576719,0.6666666666666666,0.6666666666666666,cnn,16,2,adabn_input,499,b3ae7a4-dirty
Subject867,60,0.6121164021164022,0.65,0.65,cnn,16,2,adabn_testdays,499,b3ae7a4-dirty
Subject139,60,0.8903703703703703,0.9166666666666666,0.9166666666666666,cnn,16,8,none,660,b3ae7a4-dirty
Subject139,60,0.8508128908128909,0.8666666666666667,0.8666666666666667,cnn,16,8,input_norm,660,b3ae7a4-dirty
Subject139,60,0.9175324675324675,0.9166666666666666,0.9166666666666666,cnn,16,8,adabn,660,b3ae7a4-dirty
Subject139,60,0.8782683982683982,0.8833333333333333,0.8833333333333333,cnn,16,8,adabn_input,660,b3ae7a4-dirty
Subject139,60,0.9664021164021165,0.9666666666666667,0.9666666666666667,cnn,16,8,adabn_testdays,660,b3ae7a4-dirty
Subject226,30,0.7888888888888889,0.8333333333333334,0.8333333333333334,cnn,16,8,none,605,b3ae7a4-dirty
Subject226,30,0.7,0.7666666666666667,0.7666666666666667,cnn,16,8,input_norm,605,b3ae7a4-dirty
Subject226,30,0.7888888888888889,0.8333333333333334,0.8333333333333334,cnn,16,8,adabn,605,b3ae7a4-dirty
Subject226,30,0.7533333333333334,0.8,0.8,cnn,16,8,adabn_input,605,b3ae7a4-dirty
Subject226,30,0.7888888888888889,0.8333333333333334,0.8333333333333334,cnn,16,8,adabn_testdays,605,b3ae7a4-dirty
Subject424,60,0.7047619047619047,0.7666666666666667,0.7666666666666667,cnn,16,8,none,448,b3ae7a4-dirty
Subject424,60,0.7047619047619047,0.7666666666666667,0.7666666666666667,cnn,16,8,input_norm,448,b3ae7a4-dirty
Subject424,60,0.7354689754689754,0.7833333333333333,0.7833333333333333,cnn,16,8,adabn,448,b3ae7a4-dirty
Subject424,60,0.7354689754689754,0.7833333333333333,0.7833333333333333,cnn,16,8,adabn_input,448,b3ae7a4-dirty
Subject424,60,0.8,0.8333333333333334,0.8333333333333334,cnn,16,8,adabn_testdays,448,b3ae7a4-dirty
Subject729,60,0.8591534391534391,0.8666666666666667,0.8666666666666667,cnn,16,8,none,723,b3ae7a4-dirty
Subject729,60,0.8408465608465608,0.85,0.85,cnn,16,8,input_norm,723,b3ae7a4-dirty
Subject729,60,0.8653968253968254,0.8833333333333333,0.8833333333333333,cnn,16,8,adabn,723,b3ae7a4-dirty
Subject729,60,0.8594708994708995,0.8666666666666667,0.8666666666666667,cnn,16,8,adabn_input,723,b3ae7a4-dirty
Subject729,60,0.8980423280423281,0.9,0.9,cnn,16,8,adabn_testdays,723,b3ae7a4-dirty
Subject731,30,0.6577777777777778,0.7,0.7,cnn,16,8,none,645,b3ae7a4-dirty
Subject731,30,0.6933333333333334,0.7333333333333333,0.7333333333333333,cnn,16,8,input_norm,645,b3ae7a4-dirty
Subject731,30,0.7066666666666667,0.7333333333333333,0.7333333333333333,cnn,16,8,adabn,645,b3ae7a4-dirty
Subject731,30,0.7244444444444444,0.7666666666666667,0.7666666666666667,cnn,16,8,adabn_input,645,b3ae7a4-dirty
Subject731,30,0.7200000000000001,0.7666666666666667,0.7666666666666667,cnn,16,8,adabn_testdays,645,b3ae7a4-dirty
Subject867,60,0.9037037037037038,0.9166666666666666,0.9166666666666666,cnn,16,8,none,499,b3ae7a4-dirty
Subject867,60,0.9305820105820106,0.9333333333333333,0.9333333333333333,cnn,16,8,input_norm,499,b3ae7a4-dirty
Subject867,60,0.8893314093314093,0.9,0.9,cnn,16,8,adabn,499,b3ae7a4-dirty
Subject867,60,0.8893314093314093,0.9,0.9,cnn,16,8,adabn_input,499,b3ae7a4-dirty
Subject867,60,0.9274074074074075,0.9333333333333333,0.9333333333333333,cnn,16,8,adabn_testdays,499,b3ae7a4-dirty
Subject139,60,0.9494708994708995,0.95,0.95,cnn,16,17,none,660,b3ae7a4-dirty
Subject139,60,0.9830687830687831,0.9833333333333333,0.9833333333333333,cnn,16,17,input_norm,660,b3ae7a4-dirty
Subject139,60,0.9661375661375662,0.9666666666666667,0.9666666666666667,cnn,16,17,adabn,660,b3ae7a4-dirty
Subject139,60,0.9676190476190477,0.9666666666666667,0.9666666666666667,cnn,16,17,adabn_input,660,b3ae7a4-dirty
Subject139,60,0.9676190476190477,0.9666666666666667,0.9666666666666667,cnn,16,17,adabn_testdays,660,b3ae7a4-dirty
Subject226,30,0.8755555555555555,0.9,0.9,cnn,16,17,none,605,b3ae7a4-dirty
Subject226,30,0.9288888888888889,0.9333333333333333,0.9333333333333333,cnn,16,17,input_norm,605,b3ae7a4-dirty
Subject226,30,0.9288888888888889,0.9333333333333333,0.9333333333333333,cnn,16,17,adabn,605,b3ae7a4-dirty
Subject226,30,0.9644444444444444,0.9666666666666667,0.9666666666666667,cnn,16,17,adabn_input,605,b3ae7a4-dirty
Subject226,30,0.8755555555555555,0.9,0.9,cnn,16,17,adabn_testdays,605,b3ae7a4-dirty
Subject424,60,0.924886964886965,0.9333333333333333,0.9333333333333333,cnn,16,17,none,448,b3ae7a4-dirty
Subject424,60,0.9494708994708995,0.95,0.95,cnn,16,17,input_norm,448,b3ae7a4-dirty
Subject424,60,0.9494708994708995,0.95,0.95,cnn,16,17,adabn,448,b3ae7a4-dirty
Subject424,60,0.9475132275132275,0.95,0.95,cnn,16,17,adabn_input,448,b3ae7a4-dirty
Subject424,60,0.9308465608465609,0.9333333333333333,0.9333333333333333,cnn,16,17,adabn_testdays,448,b3ae7a4-dirty
Subject729,60,0.9475132275132275,0.95,0.95,cnn,16,17,none,723,b3ae7a4-dirty
Subject729,60,0.8897354497354498,0.9166666666666666,0.9166666666666666,cnn,16,17,input_norm,723,b3ae7a4-dirty
Subject729,60,0.8897354497354498,0.9166666666666666,0.9166666666666666,cnn,16,17,adabn,723,b3ae7a4-dirty
Subject729,60,0.8897354497354498,0.9166666666666666,0.9166666666666666,cnn,16,17,adabn_input,723,b3ae7a4-dirty
Subject729,60,0.9475132275132275,0.95,0.95,cnn,16,17,adabn_testdays,723,b3ae7a4-dirty
Subject731,30,0.9644444444444444,0.9666666666666667,0.9666666666666667,cnn,16,17,none,645,b3ae7a4-dirty
Subject731,30,0.9644444444444444,0.9666666666666667,0.9666666666666667,cnn,16,17,input_norm,645,b3ae7a4-dirty
Subject731,30,0.9644444444444444,0.9666666666666667,0.9666666666666667,cnn,16,17,adabn,645,b3ae7a4-dirty
Subject731,30,0.9644444444444444,0.9666666666666667,0.9666666666666667,cnn,16,17,adabn_input,645,b3ae7a4-dirty
Subject731,30,0.9644444444444444,0.9666666666666667,0.9666666666666667,cnn,16,17,adabn_testdays,645,b3ae7a4-dirty
Subject867,60,0.9062626262626261,0.9166666666666666,0.9166666666666666,cnn,16,17,none,499,b3ae7a4-dirty
Subject867,60,0.9062626262626261,0.9166666666666666,0.9166666666666666,cnn,16,17,input_norm,499,b3ae7a4-dirty
Subject867,60,0.9062626262626261,0.9166666666666666,0.9166666666666666,cnn,16,17,adabn,499,b3ae7a4-dirty
Subject867,60,0.9062626262626261,0.9166666666666666,0.9166666666666666,cnn,16,17,adabn_input,499,b3ae7a4-dirty
Subject867,60,0.9248869648869648,0.9333333333333333,0.9333333333333333,cnn,16,17,adabn_testdays,499,b3ae7a4-dirty
Subject147,31,0.508888888888889,0.6222222222222221,0.6129032258064516,cnn,17,2,none,537,b3ae7a4-dirty
Subject147,31,0.5377777777777778,0.6444444444444444,0.6451612903225806,cnn,17,2,input_norm,537,b3ae7a4-dirty
Subject147,31,0.5977777777777779,0.6888888888888888,0.6774193548387096,cnn,17,2,adabn,537,b3ae7a4-dirty
Subject147,31,0.5977777777777779,0.6888888888888888,0.6774193548387096,cnn,17,2,adabn_input,537,b3ae7a4-dirty
Subject147,31,0.5977777777777777,0.6888888888888888,0.6774193548387096,cnn,17,2,adabn_testdays,537,b3ae7a4-dirty
Subject352,30,0.3492063492063492,0.4,0.4,cnn,17,2,none,866,b3ae7a4-dirty
Subject352,30,0.3222222222222222,0.36666666666666664,0.36666666666666664,cnn,17,2,input_norm,866,b3ae7a4-dirty
Subject352,30,0.42888888888888893,0.4666666666666667,0.4666666666666667,cnn,17,2,adabn,866,b3ae7a4-dirty
Subject352,30,0.4936507936507937,0.5333333333333333,0.5333333333333333,cnn,17,2,adabn_input,866,b3ae7a4-dirty
Subject352,30,0.36666666666666664,0.43333333333333335,0.43333333333333335,cnn,17,2,adabn_testdays,866,b3ae7a4-dirty
Subject376,60,0.7267399267399266,0.7333333333333333,0.7333333333333333,cnn,17,2,none,447,b3ae7a4-dirty
Subject376,60,0.7457671957671959,0.7666666666666667,0.7666666666666667,cnn,17,2,input_norm,447,b3ae7a4-dirty
Subject376,60,0.8034054834054835,0.8166666666666667,0.8166666666666667,cnn,17,2,adabn,447,b3ae7a4-dirty
Subject376,60,0.8034054834054835,0.8166666666666667,0.8166666666666667,cnn,17,2,adabn_input,447,b3ae7a4-dirty
Subject376,60,0.7853642653642654,0.8,0.8,cnn,17,2,adabn_testdays,447,b3ae7a4-dirty
Subject494,60,0.6452910052910054,0.6833333333333333,0.6833333333333333,cnn,17,2,none,506,b3ae7a4-dirty
Subject494,60,0.6191401191401192,0.6666666666666666,0.6666666666666666,cnn,17,2,input_norm,506,b3ae7a4-dirty
Subject494,60,0.6207599807599808,0.6666666666666666,0.6666666666666666,cnn,17,2,adabn,506,b3ae7a4-dirty
Subject494,60,0.6207599807599808,0.6666666666666666,0.6666666666666666,cnn,17,2,adabn_input,506,b3ae7a4-dirty
Subject494,60,0.6296488696488697,0.6833333333333333,0.6833333333333333,cnn,17,2,adabn_testdays,506,b3ae7a4-dirty
Subject741,60,0.5827716727716727,0.6333333333333333,0.6333333333333333,cnn,17,2,none,450,b3ae7a4-dirty
Subject741,60,0.5741462241462241,0.6166666666666667,0.6166666666666667,cnn,17,2,input_norm,450,b3ae7a4-dirty
Subject741,60,0.574961334961335,0.6333333333333333,0.6333333333333333,cnn,17,2,adabn,450,b3ae7a4-dirty
Subject741,60,0.5841147741147741,0.6333333333333333,0.6333333333333333,cnn,17,2,adabn_input,450,b3ae7a4-dirty
Subject741,60,0.5915739815739816,0.65,0.65,cnn,17,2,adabn_testdays,450,b3ae7a4-dirty
Subject819,60,0.38969474969474965,0.48333333333333334,0.48333333333333334,cnn,17,2,none,684,b3ae7a4-dirty
Subject819,60,0.5029629629629631,0.6,0.6,cnn,17,2,input_norm,684,b3ae7a4-dirty
Subject819,60,0.4847058823529412,0.6,0.6,cnn,17,2,adabn,684,b3ae7a4-dirty
Subject819,60,0.5077248677248677,0.6166666666666667,0.6166666666666667,cnn,17,2,adabn_input,684,b3ae7a4-dirty
Subject819,60,0.45899470899470907,0.5666666666666667,0.5666666666666667,cnn,17,2,adabn_testdays,684,b3ae7a4-dirty
Subject147,31,0.9644444444444444,0.9666666666666667,0.967741935483871,cnn,17,8,none,537,b3ae7a4-dirty
Subject147,31,0.9644444444444444,0.9666666666666667,0.967741935483871,cnn,17,8,input_norm,537,b3ae7a4-dirty
Subject147,31,0.9644444444444444,0.9666666666666667,0.967741935483871,cnn,17,8,adabn,537,b3ae7a4-dirty
Subject147,31,0.9644444444444444,0.9666666666666667,0.967741935483871,cnn,17,8,adabn_input,537,b3ae7a4-dirty
Subject147,31,0.9644444444444444,0.9666666666666667,0.967741935483871,cnn,17,8,adabn_testdays,537,b3ae7a4-dirty
Subject352,30,0.8444444444444444,0.8666666666666667,0.8666666666666667,cnn,17,8,none,866,b3ae7a4-dirty
Subject352,30,0.8444444444444444,0.8666666666666667,0.8666666666666667,cnn,17,8,input_norm,866,b3ae7a4-dirty
Subject352,30,0.8444444444444444,0.8666666666666667,0.8666666666666667,cnn,17,8,adabn,866,b3ae7a4-dirty
Subject352,30,0.8444444444444444,0.8666666666666667,0.8666666666666667,cnn,17,8,adabn_input,866,b3ae7a4-dirty
Subject352,30,0.8444444444444444,0.8666666666666667,0.8666666666666667,cnn,17,8,adabn_testdays,866,b3ae7a4-dirty
Subject376,60,0.7977777777777778,0.8333333333333334,0.8333333333333334,cnn,17,8,none,447,b3ae7a4-dirty
Subject376,60,0.7622222222222222,0.8,0.8,cnn,17,8,input_norm,447,b3ae7a4-dirty
Subject376,60,0.8196825396825396,0.8333333333333334,0.8333333333333334,cnn,17,8,adabn,447,b3ae7a4-dirty
Subject376,60,0.7977777777777778,0.8333333333333334,0.8333333333333334,cnn,17,8,adabn_input,447,b3ae7a4-dirty
Subject376,60,0.791111111111111,0.8166666666666667,0.8166666666666667,cnn,17,8,adabn_testdays,447,b3ae7a4-dirty
Subject494,60,0.6191166567637155,0.6666666666666666,0.6666666666666666,cnn,17,8,none,506,b3ae7a4-dirty
Subject494,60,0.6585858585858586,0.7166666666666667,0.7166666666666667,cnn,17,8,input_norm,506,b3ae7a4-dirty
Subject494,60,0.6885714285714285,0.7166666666666667,0.7166666666666667,cnn,17,8,adabn,506,b3ae7a4-dirty
Subject494,60,0.7216931216931217,0.7333333333333333,0.7333333333333333,cnn,17,8,adabn_input,506,b3ae7a4-dirty
Subject494,60,0.7387301587301587,0.75,0.75,cnn,17,8,adabn_testdays,506,b3ae7a4-dirty
Subject741,60,0.7938095238095239,0.8166666666666667,0.8166666666666667,cnn,17,8,none,450,b3ae7a4-dirty
Subject741,60,0.7592796092796091,0.7833333333333333,0.7833333333333333,cnn,17,8,input_norm,450,b3ae7a4-dirty
Subject741,60,0.8855555555555555,0.9,0.9,cnn,17,8,adabn,450,b3ae7a4-dirty
Subject741,60,0.8855555555555555,0.9,0.9,cnn,17,8,adabn_input,450,b3ae7a4-dirty
Subject741,60,0.8447811447811449,0.85,0.85,cnn,17,8,adabn_testdays,450,b3ae7a4-dirty
Subject819,60,0.7937913937913937,0.8333333333333334,0.8333333333333334,cnn,17,8,none,684,b3ae7a4-dirty
Subject819,60,0.818855218855219,0.8666666666666667,0.8666666666666667,cnn,17,8,input_norm,684,b3ae7a4-dirty
Subject819,60,0.7980952380952381,0.8333333333333334,0.8333333333333334,cnn,17,8,adabn,684,b3ae7a4-dirty
Subject819,60,0.8107226107226106,0.85,0.85,cnn,17,8,adabn_input,684,b3ae7a4-dirty
Subject819,60,0.8222222222222222,0.8666666666666667,0.8666666666666667,cnn,17,8,adabn_testdays,684,b3ae7a4-dirty
Subject147,31,0.9644444444444444,0.9666666666666667,0.967741935483871,cnn,17,17,none,537,b3ae7a4-dirty
Subject147,31,0.9644444444444444,0.9666666666666667,0.967741935483871,cnn,17,17,input_norm,537,b3ae7a4-dirty
Subject147,31,0.9644444444444444,0.9666666666666667,0.967741935483871,cnn,17,17,adabn,537,b3ae7a4-dirty
Subject147,31,0.9644444444444444,0.9666666666666667,0.967741935483871,cnn,17,17,adabn_input,537,b3ae7a4-dirty
Subject147,31,1.0,1.0,1.0,cnn,17,17,adabn_testdays,537,b3ae7a4-dirty
Subject352,30,0.8755555555555555,0.9,0.9,cnn,17,17,none,866,b3ae7a4-dirty
Subject352,30,0.8088888888888889,0.8333333333333334,0.8333333333333334,cnn,17,17,input_norm,866,b3ae7a4-dirty
Subject352,30,0.8088888888888889,0.8333333333333334,0.8333333333333334,cnn,17,17,adabn,866,b3ae7a4-dirty
Subject352,30,0.8088888888888889,0.8333333333333334,0.8333333333333334,cnn,17,17,adabn_input,866,b3ae7a4-dirty
Subject352,30,0.8533333333333333,0.8666666666666667,0.8666666666666667,cnn,17,17,adabn_testdays,866,b3ae7a4-dirty
Subject376,60,0.913015873015873,0.9166666666666666,0.9166666666666666,cnn,17,17,none,447,b3ae7a4-dirty
Subject376,60,0.8552573352573352,0.8833333333333333,0.8833333333333333,cnn,17,17,input_norm,447,b3ae7a4-dirty
Subject376,60,0.913015873015873,0.9166666666666666,0.9166666666666666,cnn,17,17,adabn,447,b3ae7a4-dirty
Subject376,60,0.8611255411255411,0.8666666666666667,0.8666666666666667,cnn,17,17,adabn_input,447,b3ae7a4-dirty
Subject376,60,0.8806349206349205,0.8833333333333333,0.8833333333333333,cnn,17,17,adabn_testdays,447,b3ae7a4-dirty
Subject494,60,0.7775661375661376,0.8,0.8,cnn,17,17,none,506,b3ae7a4-dirty
Subject494,60,0.8366329966329966,0.8666666666666667,0.8666666666666667,cnn,17,17,input_norm,506,b3ae7a4-dirty
Subject494,60,0.8266666666666667,0.85,0.85,cnn,17,17,adabn,506,b3ae7a4-dirty
Subject494,60,0.8569504569504569,0.8833333333333333,0.8833333333333333,cnn,17,17,adabn_input,506,b3ae7a4-dirty
Subject494,60,0.7934583934583935,0.8166666666666667,0.8166666666666667,cnn,17,17,adabn_testdays,506,b3ae7a4-dirty
Subject741,60,0.9475132275132274,0.95,0.95,cnn,17,17,none,450,b3ae7a4-dirty
Subject741,60,0.9661375661375662,0.9666666666666667,0.9666666666666667,cnn,17,17,input_norm,450,b3ae7a4-dirty
Subject741,60,0.9830687830687831,0.9833333333333333,0.9833333333333333,cnn,17,17,adabn,450,b3ae7a4-dirty
Subject741,60,0.9644444444444444,0.9666666666666667,0.9666666666666667,cnn,17,17,adabn_input,450,b3ae7a4-dirty
Subject741,60,0.9475132275132274,0.95,0.95,cnn,17,17,adabn_testdays,450,b3ae7a4-dirty
Subject819,60,0.9062626262626262,0.9166666666666666,0.9166666666666666,cnn,17,17,none,684,b3ae7a4-dirty
Subject819,60,0.9111111111111111,0.9333333333333333,0.9333333333333333,cnn,17,17,input_norm,684,b3ae7a4-dirty
Subject819,60,0.8941798941798942,0.9166666666666666,0.9166666666666666,cnn,17,17,adabn,684,b3ae7a4-dirty
Subject819,60,0.9111111111111111,0.9333333333333333,0.9333333333333333,cnn,17,17,adabn_input,684,b3ae7a4-dirty
Subject819,60,0.9418181818181818,0.95,0.95,cnn,17,17,adabn_testdays,684,b3ae7a4-dirty
Subject139,60,0.7986243386243387,0.8,0.8,cnn,18,2,none,660,b3ae7a4-dirty
Subject139,60,0.7786243386243386,0.7833333333333333,0.7833333333333333,cnn,18,2,input_norm,660,b3ae7a4-dirty
Subject139,60,0.7986243386243385,0.8,0.8,cnn,18,2,adabn,660,b3ae7a4-dirty
Subject139,60,0.7786243386243386,0.7833333333333333,0.7833333333333333,cnn,18,2,adabn_input,660,b3ae7a4-dirty
Subject139,60,0.9029100529100529,0.9,0.9,cnn,18,2,adabn_testdays,660,b3ae7a4-dirty
Subject226,30,0.6555555555555554,0.7333333333333333,0.7333333333333333,cnn,18,2,none,605,b3ae7a4-dirty
Subject226,30,0.5666666666666667,0.6666666666666666,0.6666666666666666,cnn,18,2,input_norm,605,b3ae7a4-dirty
Subject226,30,0.6955555555555556,0.7666666666666667,0.7666666666666667,cnn,18,2,adabn,605,b3ae7a4-dirty
Subject226,30,0.6066666666666668,0.7,0.7,cnn,18,2,adabn_input,605,b3ae7a4-dirty
Subject226,30,0.64,0.7333333333333333,0.7333333333333333,cnn,18,2,adabn_testdays,605,b3ae7a4-dirty
Subject455,60,0.8061375661375663,0.8333333333333334,0.8333333333333334,cnn,18,2,none,489,b3ae7a4-dirty
Subject455,60,0.7460317460317459,0.7833333333333333,0.7833333333333333,cnn,18,2,input_norm,489,b3ae7a4-dirty
Subject455,60,0.791957671957672,0.8166666666666667,0.8166666666666667,cnn,18,2,adabn,489,b3ae7a4-dirty
Subject455,60,0.8048869648869649,0.8333333333333334,0.8333333333333334,cnn,18,2,adabn_input,489,b3ae7a4-dirty
Subject455,60,0.8105820105820105,0.8333333333333334,0.8333333333333334,cnn,18,2,adabn_testdays,489,b3ae7a4-dirty
Subject867,60,0.8186243386243387,0.8333333333333334,0.8333333333333334,cnn,18,2,none,499,b3ae7a4-dirty
Subject867,60,0.8209523809523811,0.8333333333333334,0.8333333333333334,cnn,18,2,input_norm,499,b3ae7a4-dirty
Subject867,60,0.8926984126984128,0.9,0.9,cnn,18,2,adabn,499,b3ae7a4-dirty
Subject867,60,0.8345165945165945,0.85,0.85,cnn,18,2,adabn_input,499,b3ae7a4-dirty
Subject867,60,0.876031746031746,0.8833333333333333,0.8833333333333333,cnn,18,2,adabn_testdays,499,b3ae7a4-dirty
Subject890,30,0.62,0.7,0.7,cnn,18,2,none,581,b3ae7a4-dirty
Subject890,30,0.5666666666666667,0.6666666666666666,0.6666666666666666,cnn,18,2,input_norm,581,b3ae7a4-dirty
Subject890,30,0.62,0.7,0.7,cnn,18,2,adabn,581,b3ae7a4-dirty
Subject890,30,0.62,0.7,0.7,cnn,18,2,adabn_input,581,b3ae7a4-dirty
Subject890,30,0.7088888888888889,0.7666666666666667,0.7666666666666667,cnn,18,2,adabn_testdays,581,b3ae7a4-dirty
Subject969,30,0.3607407407407407,0.4666666666666667,0.4666666666666667,cnn,18,2,none,945,b3ae7a4-dirty
Subject969,30,0.4185185185185185,0.5,0.5,cnn,18,2,input_norm,945,b3ae7a4-dirty
Subject969,30,0.5047619047619049,0.5666666666666667,0.5666666666666667,cnn,18,2,adabn,945,b3ae7a4-dirty
Subject969,30,0.5714285714285715,0.6333333333333333,0.6333333333333333,cnn,18,2,adabn_input,945,b3ae7a4-dirty
Subject969,30,0.5155555555555555,0.5666666666666667,0.5666666666666667,cnn,18,2,adabn_testdays,945,b3ae7a4-dirty
Subject139,60,0.8597017797017796,0.8666666666666667,0.8666666666666667,cnn,18,8,none,660,b3ae7a4-dirty
Subject139,60,0.8514478114478116,0.8666666666666667,0.8666666666666667,cnn,18,8,input_norm,660,b3ae7a4-dirty
Subject139,60,0.8998075998075998,0.9,0.9,cnn,18,8,adabn,660,b3ae7a4-dirty
Subject139,60,0.8998075998075998,0.9,0.9,cnn,18,8,adabn_input,660,b3ae7a4-dirty
Subject139,60,0.9481481481481481,0.95,0.95,cnn,18,8,adabn_testdays,660,b3ae7a4-dirty
Subject226,30,0.7866666666666666,0.8333333333333334,0.8333333333333334,cnn,18,8,none,605,b3ae7a4-dirty
Subject226,30,0.7866666666666666,0.8333333333333334,0.8333333333333334,cnn,18,8,input_norm,605,b3ae7a4-dirty
Subject226,30,0.7644444444444445,0.8,0.8,cnn,18,8,adabn,605,b3ae7a4-dirty
Subject226,30,0.7644444444444445,0.8,0.8,cnn,18,8,adabn_input,605,b3ae7a4-dirty
Subject226,30,0.8222222222222223,0.8666666666666667,0.8666666666666667,cnn,18,8,adabn_testdays,605,b3ae7a4-dirty
Subject455,60,0.8801058201058202,0.8833333333333333,0.8833333333333333,cnn,18,8,none,489,b3ae7a4-dirty
Subject455,60,0.9278499278499279,0.9333333333333333,0.9333333333333333,cnn,18,8,input_norm,489,b3ae7a4-dirty
Subject455,60,0.9830687830687831,0.9833333333333333,0.9833333333333333,cnn,18,8,adabn,489,b3ae7a4-dirty
Subject455,60,0.9316402116402116,0.9333333333333333,0.9333333333333333,cnn,18,8,adabn_input,489,b3ae7a4-dirty
Subject455,60,0.9342857142857143,0.9333333333333333,0.9333333333333333,cnn,18,8,adabn_testdays,489,b3ae7a4-dirty
Subject867,60,0.812929292929293,0.8333333333333334,0.8333333333333334,cnn,18,8,none,499,b3ae7a4-dirty
Subject867,60,0.8355555555555555,0.85,0.85,cnn,18,8,input_norm,499,b3ae7a4-dirty
Subject867,60,0.8372486772486774,0.85,0.85,cnn,18,8,adabn,499,b3ae7a4-dirty
Subject867,60,0.8541798941798943,0.8666666666666667,0.8666666666666667,cnn,18,8,adabn_input,499,b3ae7a4-dirty
Subject867,60,0.8541798941798943,0.8666666666666667,0.8666666666666667,cnn,18,8,adabn_testdays,499,b3ae7a4-dirty
Subject890,30,0.8825396825396825,0.9,0.9,cnn,18,8,none,581,b3ae7a4-dirty
Subject890,30,0.8333333333333334,0.8666666666666667,0.8666666666666667,cnn,18,8,input_norm,581,b3ae7a4-dirty
Subject890,30,0.8825396825396825,0.9,0.9,cnn,18,8,adabn,581,b3ae7a4-dirty
Subject890,30,0.8333333333333334,0.8666666666666667,0.8666666666666667,cnn,18,8,adabn_input,581,b3ae7a4-dirty
Subject890,30,0.846984126984127,0.8666666666666667,0.8666666666666667,cnn,18,8,adabn_testdays,581,b3ae7a4-dirty
Subject969,30,0.6044444444444445,0.6666666666666666,0.6666666666666666,cnn,18,8,none,945,b3ae7a4-dirty
Subject969,30,0.6,0.6666666666666666,0.6666666666666666,cnn,18,8,input_norm,945,b3ae7a4-dirty
Subject969,30,0.6518518518518519,0.7,0.7,cnn,18,8,adabn,945,b3ae7a4-dirty
Subject969,30,0.6474074074074074,0.7,0.7,cnn,18,8,adabn_input,945,b3ae7a4-dirty
Subject969,30,0.64,0.7,0.7,cnn,18,8,adabn_testdays,945,b3ae7a4-dirty
Subject139,60,0.9664021164021165,0.9666666666666667,0.9666666666666667,cnn,18,17,none,660,b3ae7a4-dirty
Subject139,60,0.9664021164021165,0.9666666666666667,0.9666666666666667,cnn,18,17,input_norm,660,b3ae7a4-dirty
Subject139,60,0.9664021164021165,0.9666666666666667,0.9666666666666667,cnn,18,17,adabn,660,b3ae7a4-dirty
Subject139,60,0.9664021164021165,0.9666666666666667,0.9666666666666667,cnn,18,17,adabn_input,660,b3ae7a4-dirty
Subject139,60,0.9830687830687831,0.9833333333333333,0.9833333333333333,cnn,18,17,adabn_testdays,660,b3ae7a4-dirty
Subject226,30,0.7888888888888889,0.8333333333333334,0.8333333333333334,cnn,18,17,none,605,b3ae7a4-dirty
Subject226,30,0.8177777777777778,0.8666666666666667,0.8666666666666667,cnn,18,17,input_norm,605,b3ae7a4-dirty
Subject226,30,0.8177777777777778,0.8666666666666667,0.8666666666666667,cnn,18,17,adabn,605,b3ae7a4-dirty
Subject226,30,0.8711111111111111,0.9,0.9,cnn,18,17,adabn_input,605,b3ae7a4-dirty
Subject226,30,0.8177777777777778,0.8666666666666667,0.8666666666666667,cnn,18,17,adabn_testdays,605,b3ae7a4-dirty
Subject455,60,0.9111111111111111,0.9333333333333333,0.9333333333333333,cnn,18,17,none,489,b3ae7a4-dirty
Subject455,60,0.9644444444444444,0.9666666666666667,0.9666666666666667,cnn,18,17,input_norm,489,b3ae7a4-dirty
Subject455,60,0.962962962962963,0.9666666666666667,0.9666666666666667,cnn,18,17,adabn,489,b3ae7a4-dirty
Subject455,60,0.9644444444444444,0.9666666666666667,0.9666666666666667,cnn,18,17,adabn_input,489,b3ae7a4-dirty
Subject455,60,0.9664021164021165,0.9666666666666667,0.9666666666666667,cnn,18,17,adabn_testdays,489,b3ae7a4-dirty
Subject867,60,0.907955747955748,0.9166666666666666,0.9166666666666666,cnn,18,17,none,499,b3ae7a4-dirty
Subject867,60,0.9248869648869648,0.9333333333333333,0.9333333333333333,cnn,18,17,input_norm,499,b3ae7a4-dirty
Subject867,60,0.9248869648869648,0.9333333333333333,0.9333333333333333,cnn,18,17,adabn,499,b3ae7a4-dirty
Subject867,60,0.9248869648869648,0.9333333333333333,0.9333333333333333,cnn,18,17,adabn_input,499,b3ae7a4-dirty
Subject867,60,0.9644444444444444,0.9666666666666667,0.9666666666666667,cnn,18,17,adabn_testdays,499,b3ae7a4-dirty
Subject890,30,1.0,1.0,1.0,cnn,18,17,none,581,b3ae7a4-dirty
Subject890,30,0.9288888888888889,0.9333333333333333,0.9333333333333333,cnn,18,17,input_norm,581,b3ae7a4-dirty
Subject890,30,0.9644444444444444,0.9666666666666667,0.9666666666666667,cnn,18,17,adabn,581,b3ae7a4-dirty
Subject890,30,0.9288888888888889,0.9333333333333333,0.9333333333333333,cnn,18,17,adabn_input,581,b3ae7a4-dirty
Subject890,30,1.0,1.0,1.0,cnn,18,17,adabn_testdays,581,b3ae7a4-dirty
Subject969,30,0.722962962962963,0.7666666666666667,0.7666666666666667,cnn,18,17,none,945,b3ae7a4-dirty
Subject969,30,0.8492063492063492,0.8666666666666667,0.8666666666666667,cnn,18,17,input_norm,945,b3ae7a4-dirty
Subject969,30,0.8469841269841271,0.8666666666666667,0.8666666666666667,cnn,18,17,adabn,945,b3ae7a4-dirty
Subject969,30,0.8755555555555555,0.9,0.9,cnn,18,17,adabn_input,945,b3ae7a4-dirty
Subject969,30,0.8755555555555555,0.9,0.9,cnn,18,17,adabn_testdays,945,b3ae7a4-dirty
Subject147,31,0.638095238095238,0.7333333333333333,0.7096774193548387,cnn,19,2,none,537,b3ae7a4-dirty
Subject147,31,0.6777777777777777,0.7555555555555554,0.7419354838709677,cnn,19,2,input_norm,537,b3ae7a4-dirty
Subject147,31,0.638095238095238,0.7333333333333333,0.7096774193548387,cnn,19,2,adabn,537,b3ae7a4-dirty
Subject147,31,0.638095238095238,0.7333333333333333,0.7096774193548387,cnn,19,2,adabn_input,537,b3ae7a4-dirty
Subject147,31,0.6911111111111111,0.7555555555555554,0.7419354838709677,cnn,19,2,adabn_testdays,537,b3ae7a4-dirty
Subject354,60,0.6048148148148147,0.6666666666666666,0.6666666666666666,cnn,19,2,none,485,b3ae7a4-dirty
Subject354,60,0.5925012025012025,0.65,0.65,cnn,19,2,input_norm,485,b3ae7a4-dirty
Subject354,60,0.6215343915343916,0.6666666666666666,0.6666666666666666,cnn,19,2,adabn,485,b3ae7a4-dirty
Subject354,60,0.6424482924482925,0.6833333333333333,0.6833333333333333,cnn,19,2,adabn_input,485,b3ae7a4-dirty
Subject354,60,0.6582539682539683,0.7,0.7,cnn,19,2,adabn_testdays,485,b3ae7a4-dirty
Subject494,60,0.5889167362851573,0.6666666666666666,0.6666666666666666,cnn,19,2,none,506,b3ae7a4-dirty
Subject494,60,0.6528956228956229,0.7166666666666667,0.7166666666666667,cnn,19,2,input_norm,506,b3ae7a4-dirty
Subject494,60,0.6534391534391534,0.7166666666666667,0.7166666666666667,cnn,19,2,adabn,506,b3ae7a4-dirty
Subject494,60,0.6342857142857142,0.7,0.7,cnn,19,2,adabn_input,506,b3ae7a4-dirty
Subject494,60,0.7140607540607541,0.7666666666666667,0.7666666666666667,cnn,19,2,adabn_testdays,506,b3ae7a4-dirty
Subject729,60,0.551054131054131,0.6166666666666667,0.6166666666666667,cnn,19,2,none,723,b3ae7a4-dirty
Subject729,60,0.5902645502645503,0.65,0.65,cnn,19,2,input_norm,723,b3ae7a4-dirty
Subject729,60,0.5900144300144299,0.65,0.65,cnn,19,2,adabn,723,b3ae7a4-dirty
Subject729,60,0.5948821548821548,0.65,0.65,cnn,19,2,adabn_input,723,b3ae7a4-dirty
Subject729,60,0.5852910052910052,0.65,0.65,cnn,19,2,adabn_testdays,723,b3ae7a4-dirty
Subject731,30,0.5625396825396826,0.6333333333333333,0.6333333333333333,cnn,19,2,none,645,b3ae7a4-dirty
Subject731,30,0.5464646464646464,0.6,0.6,cnn,19,2,input_norm,645,b3ae7a4-dirty
Subject731,30,0.6203174603174603,0.6666666666666666,0.6666666666666666,cnn,19,2,adabn,645,b3ae7a4-dirty
Subject731,30,0.5734487734487735,0.6333333333333333,0.6333333333333333,cnn,19,2,adabn_input,645,b3ae7a4-dirty
Subject731,30,0.6222222222222221,0.6666666666666666,0.6666666666666666,cnn,19,2,adabn_testdays,645,b3ae7a4-dirty
Subject890,30,0.5888888888888888,0.6666666666666666,0.6666666666666666,cnn,19,2,none,581,b3ae7a4-dirty
Subject890,30,0.5111111111111112,0.6,0.6,cnn,19,2,input_norm,581,b3ae7a4-dirty
Subject890,30,0.6518518518518518,0.7,0.7,cnn,19,2,adabn,581,b3ae7a4-dirty
Subject890,30,0.5940740740740741,0.6666666666666666,0.6666666666666666,cnn,19,2,adabn_input,581,b3ae7a4-dirty
Subject890,30,0.6518518518518519,0.7,0.7,cnn,19,2,adabn_testdays,581,b3ae7a4-dirty
Subject147,31,0.8266666666666667,0.8444444444444444,0.8387096774193549,cnn,19,8,none,537,b3ae7a4-dirty
Subject147,31,0.8400000000000001,0.8444444444444444,0.8387096774193549,cnn,19,8,input_norm,537,b3ae7a4-dirty
Subject147,31,0.8558730158730159,0.8777777777777778,0.8709677419354839,cnn,19,8,adabn,537,b3ae7a4-dirty
Subject147,31,0.8558730158730159,0.8777777777777778,0.8709677419354839,cnn,19,8,adabn_input,537,b3ae7a4-dirty
Subject147,31,0.9111111111111111,0.9333333333333333,0.9354838709677419,cnn,19,8,adabn_testdays,537,b3ae7a4-dirty
Subject354,60,0.9037037037037038,0.9166666666666666,0.9166666666666666,cnn,19,8,none,485,b3ae7a4-dirty
Subject354,60,0.8910245310245309,0.9,0.9,cnn,19,8,input_norm,485,b3ae7a4-dirty
Subject354,60,0.9392592592592592,0.95,0.95,cnn,19,8,adabn,485,b3ae7a4-dirty
Subject354,60,0.9062626262626262,0.9166666666666666,0.9166666666666666,cnn,19,8,adabn_input,485,b3ae7a4-dirty
Subject354,60,0.9418181818181818,0.95,0.95,cnn,19,8,adabn_testdays,485,b3ae7a4-dirty
Subject494,60,0.7166329966329967,0.7666666666666667,0.7666666666666667,cnn,19,8,none,506,b3ae7a4-dirty
Subject494,60,0.7562289562289563,0.8166666666666667,0.8166666666666667,cnn,19,8,input_norm,506,b3ae7a4-dirty
Subject494,60,0.7367195767195767,0.7666666666666667,0.7666666666666667,cnn,19,8,adabn,506,b3ae7a4-dirty
Subject494,60,0.7117327117327117,0.7666666666666667,0.7666666666666667,cnn,19,8,adabn_input,506,b3ae7a4-dirty
Subject494,60,0.7295959595959596,0.7833333333333333,0.7833333333333333,cnn,19,8,adabn_testdays,506,b3ae7a4-dirty
Subject729,60,0.8903703703703704,0.9,0.9,cnn,19,8,none,723,b3ae7a4-dirty
Subject729,60,0.8923280423280424,0.9,0.9,cnn,19,8,input_norm,723,b3ae7a4-dirty
Subject729,60,0.8941798941798943,0.9,0.9,cnn,19,8,adabn,723,b3ae7a4-dirty
Subject729,60,0.9164021164021164,0.9166666666666666,0.9166666666666666,cnn,19,8,adabn_input,723,b3ae7a4-dirty
Subject729,60,0.9330687830687832,0.9333333333333333,0.9333333333333333,cnn,19,8,adabn_testdays,723,b3ae7a4-dirty
Subject731,30,0.9644444444444444,0.9666666666666667,0.9666666666666667,cnn,19,8,none,645,b3ae7a4-dirty
Subject731,30,0.9288888888888889,0.9333333333333333,0.9333333333333333,cnn,19,8,input_norm,645,b3ae7a4-dirty
Subject731,30,0.9311111111111111,0.9333333333333333,0.9333333333333333,cnn,19,8,adabn,645,b3ae7a4-dirty
Subject731,30,0.9644444444444444,0.9666666666666667,0.9666666666666667,cnn,19,8,adabn_input,645,b3ae7a4-dirty
Subject731,30,0.9644444444444444,0.9666666666666667,0.9666666666666667,cnn,19,8,adabn_testdays,645,b3ae7a4-dirty
Subject890,30,0.9111111111111111,0.9333333333333333,0.9333333333333333,cnn,19,8,none,581,b3ae7a4-dirty
Subject890,30,0.8755555555555555,0.9,0.9,cnn,19,8,input_norm,581,b3ae7a4-dirty
Subject890,30,0.8755555555555555,0.9,0.9,cnn,19,8,adabn,581,b3ae7a4-dirty
Subject890,30,0.8755555555555555,0.9,0.9,cnn,19,8,adabn_input,581,b3ae7a4-dirty
Subject890,30,0.9644444444444444,0.9666666666666667,0.9666666666666667,cnn,19,8,adabn_testdays,581,b3ae7a4-dirty
Subject147,31,0.9644444444444444,0.9666666666666667,0.967741935483871,cnn,19,17,none,537,b3ae7a4-dirty
Subject147,31,1.0,1.0,1.0,cnn,19,17,input_norm,537,b3ae7a4-dirty
Subject147,31,1.0,1.0,1.0,cnn,19,17,adabn,537,b3ae7a4-dirty
Subject147,31,1.0,1.0,1.0,cnn,19,17,adabn_input,537,b3ae7a4-dirty
Subject147,31,1.0,1.0,1.0,cnn,19,17,adabn_testdays,537,b3ae7a4-dirty
Subject354,60,0.9644444444444444,0.9666666666666667,0.9666666666666667,cnn,19,17,none,485,b3ae7a4-dirty
Subject354,60,0.9111111111111111,0.9333333333333333,0.9333333333333333,cnn,19,17,input_norm,485,b3ae7a4-dirty
Subject354,60,0.9111111111111111,0.9333333333333333,0.9333333333333333,cnn,19,17,adabn,485,b3ae7a4-dirty
Subject354,60,0.9111111111111111,0.9333333333333333,0.9333333333333333,cnn,19,17,adabn_input,485,b3ae7a4-dirty
Subject354,60,0.9418181818181818,0.95,0.95,cnn,19,17,adabn_testdays,485,b3ae7a4-dirty
Subject494,60,0.7603174603174604,0.7833333333333333,0.7833333333333333,cnn,19,17,none,506,b3ae7a4-dirty
Subject494,60,0.84,0.8666666666666667,0.8666666666666667,cnn,19,17,input_norm,506,b3ae7a4-dirty
Subject494,60,0.7711111111111111,0.8,0.8,cnn,19,17,adabn,506,b3ae7a4-dirty
Subject494,60,0.8230880230880231,0.85,0.85,cnn,19,17,adabn_input,506,b3ae7a4-dirty
Subject494,60,0.7777777777777778,0.8,0.8,cnn,19,17,adabn_testdays,506,b3ae7a4-dirty
Subject729,60,0.9475132275132274,0.95,0.95,cnn,19,17,none,723,b3ae7a4-dirty
Subject729,60,0.9492063492063493,0.95,0.95,cnn,19,17,input_norm,723,b3ae7a4-dirty
Subject729,60,0.9661375661375662,0.9666666666666667,0.9666666666666667,cnn,19,17,adabn,723,b3ae7a4-dirty
Subject729,60,0.9661375661375662,0.9666666666666667,0.9666666666666667,cnn,19,17,adabn_input,723,b3ae7a4-dirty
Subject729,60,0.9661375661375663,0.9666666666666667,0.9666666666666667,cnn,19,17,adabn_testdays,723,b3ae7a4-dirty
Subject731,30,0.9288888888888889,0.9333333333333333,0.9333333333333333,cnn,19,17,none,645,b3ae7a4-dirty
Subject731,30,0.9644444444444444,0.9666666666666667,0.9666666666666667,cnn,19,17,input_norm,645,b3ae7a4-dirty
Subject731,30,0.9644444444444444,0.9666666666666667,0.9666666666666667,cnn,19,17,adabn,645,b3ae7a4-dirty
Subject731,30,0.9644444444444444,0.9666666666666667,0.9666666666666667,cnn,19,17,adabn_input,645,b3ae7a4-dirty
Subject731,30,0.9644444444444444,0.9666666666666667,0.9666666666666667,cnn,19,17,adabn_testdays,645,b3ae7a4-dirty
Subject890,30,0.9644444444444444,0.9666666666666667,0.9666666666666667,cnn,19,17,none,581,b3ae7a4-dirty
Subject890,30,0.8755555555555555,0.9,0.9,cnn,19,17,input_norm,581,b3ae7a4-dirty
Subject890,30,0.9288888888888889,0.9333333333333333,0.9333333333333333,cnn,19,17,adabn,581,b3ae7a4-dirty
Subject890,30,0.9288888888888889,0.9333333333333333,0.9333333333333333,cnn,19,17,adabn_input,581,b3ae7a4-dirty
Subject890,30,1.0,1.0,1.0,cnn,19,17,adabn_testdays,581,b3ae7a4-dirty
Subject354,60,0.5835653235653236,0.65,0.65,cnn,20,2,none,485,b3ae7a4-dirty
Subject354,60,0.6971295371295372,0.7166666666666667,0.7166666666666667,cnn,20,2,input_norm,485,b3ae7a4-dirty
Subject354,60,0.6910012210012211,0.7166666666666667,0.7166666666666667,cnn,20,2,adabn,485,b3ae7a4-dirty
Subject354,60,0.6903143479614067,0.7166666666666667,0.7166666666666667,cnn,20,2,adabn_input,485,b3ae7a4-dirty
Subject354,60,0.691086691086691,0.7333333333333333,0.7333333333333333,cnn,20,2,adabn_testdays,485,b3ae7a4-dirty
Subject516,30,0.7933333333333334,0.8333333333333334,0.8333333333333334,cnn,20,2,none,552,b3ae7a4-dirty
Subject516,30,0.7822222222222222,0.8,0.8,cnn,20,2,input_norm,552,b3ae7a4-dirty
Subject516,30,0.7066666666666667,0.7666666666666667,0.7666666666666667,cnn,20,2,adabn,552,b3ae7a4-dirty
Subject516,30,0.7066666666666667,0.7666666666666667,0.7666666666666667,cnn,20,2,adabn_input,552,b3ae7a4-dirty
Subject516,30,0.8177777777777776,0.8333333333333334,0.8333333333333334,cnn,20,2,adabn_testdays,552,b3ae7a4-dirty
Subject561,60,0.49231361231361237,0.55,0.55,cnn,20,2,none,695,b3ae7a4-dirty
Subject561,60,0.4771905871905872,0.55,0.55,cnn,20,2,input_norm,695,b3ae7a4-dirty
Subject561,60,0.49654641654641657,0.55,0.55,cnn,20,2,adabn,695,b3ae7a4-dirty
Subject561,60,0.48888888888888893,0.55,0.55,cnn,20,2,adabn_input,695,b3ae7a4-dirty
Subject561,60,0.527022607022607,0.6,0.6,cnn,20,2,adabn_testdays,695,b3ae7a4-dirty
Subject571,30,0.5566137566137567,0.6333333333333333,0.6333333333333333,cnn,20,2,none,804,b3ae7a4-dirty
Subject571,30,0.5295238095238095,0.6,0.6,cnn,20,2,input_norm,804,b3ae7a4-dirty
Subject571,30,0.6533333333333334,0.7,0.7,cnn,20,2,adabn,804,b3ae7a4-dirty
Subject571,30,0.6469841269841269,0.7,0.7,cnn,20,2,adabn_input,804,b3ae7a4-dirty
Subject571,30,0.6803174603174603,0.7333333333333333,0.7333333333333333,cnn,20,2,adabn_testdays,804,b3ae7a4-dirty
Subject580,90,0.6270346320346321,0.6333333333333334,0.6333333333333333,cnn,20,2,none,508,b3ae7a4-dirty
Subject580,90,0.5913203463203464,0.6,0.6,cnn,20,2,input_norm,508,b3ae7a4-dirty
Subject580,90,0.6103207903207902,0.6333333333333333,0.6333333333333333,cnn,20,2,adabn,508,b3ae7a4-dirty
Subject580,90,0.6115451215451216,0.6333333333333333,0.6333333333333333,cnn,20,2,adabn_input,508,b3ae7a4-dirty
Subject580,90,0.5781250231250231,0.6,0.6,cnn,20,2,adabn_testdays,508,b3ae7a4-dirty
Subject890,30,0.6066666666666668,0.6666666666666666,0.6666666666666666,cnn,20,2,none,581,b3ae7a4-dirty
Subject890,30,0.5358730158730158,0.6,0.6,cnn,20,2,input_norm,581,b3ae7a4-dirty
Subject890,30,0.5644444444444444,0.6333333333333333,0.6333333333333333,cnn,20,2,adabn,581,b3ae7a4-dirty
Subject890,30,0.5644444444444444,0.6333333333333333,0.6333333333333333,cnn,20,2,adabn_input,581,b3ae7a4-dirty
Subject890,30,0.593968253968254,0.6333333333333333,0.6333333333333333,cnn,20,2,adabn_testdays,581,b3ae7a4-dirty
Subject354,60,0.9282539682539682,0.9333333333333333,0.9333333333333333,cnn,20,8,none,485,b3ae7a4-dirty
Subject354,60,0.92010582010582,0.9166666666666666,0.9166666666666666,cnn,20,8,input_norm,485,b3ae7a4-dirty
Subject354,60,0.92010582010582,0.9166666666666666,0.9166666666666666,cnn,20,8,adabn,485,b3ae7a4-dirty
Subject354,60,0.9492063492063492,0.95,0.95,cnn,20,8,adabn_input,485,b3ae7a4-dirty
Subject354,60,0.92010582010582,0.9166666666666666,0.9166666666666666,cnn,20,8,adabn_testdays,485,b3ae7a4-dirty
Subject516,30,1.0,1.0,1.0,cnn,20,8,none,552,b3ae7a4-dirty
Subject516,30,1.0,1.0,1.0,cnn,20,8,input_norm,552,b3ae7a4-dirty
Subject516,30,1.0,1.0,1.0,cnn,20,8,adabn,552,b3ae7a4-dirty
Subject516,30,1.0,1.0,1.0,cnn,20,8,adabn_input,552,b3ae7a4-dirty
Subject516,30,1.0,1.0,1.0,cnn,20,8,adabn_testdays,552,b3ae7a4-dirty
Subject561,60,0.8480808080808082,0.8666666666666667,0.8666666666666667,cnn,20,8,none,695,b3ae7a4-dirty
Subject561,60,0.8707070707070707,0.8833333333333333,0.8833333333333333,cnn,20,8,input_norm,695,b3ae7a4-dirty
Subject561,60,0.8899663299663298,0.9,0.9,cnn,20,8,adabn,695,b3ae7a4-dirty
Subject561,60,0.924886964886965,0.9333333333333333,0.9333333333333333,cnn,20,8,adabn_input,695,b3ae7a4-dirty
Subject561,60,0.8941798941798942,0.9166666666666666,0.9166666666666666,cnn,20,8,adabn_testdays,695,b3ae7a4-dirty
Subject571,30,0.9644444444444444,0.9666666666666667,0.9666666666666667,cnn,20,8,none,804,b3ae7a4-dirty
Subject571,30,0.9644444444444444,0.9666666666666667,0.9666666666666667,cnn,20,8,input_norm,804,b3ae7a4-dirty
Subject571,30,0.9111111111111111,0.9333333333333333,0.9333333333333333,cnn,20,8,adabn,804,b3ae7a4-dirty
Subject571,30,0.8755555555555555,0.9,0.9,cnn,20,8,adabn_input,804,b3ae7a4-dirty
Subject571,30,0.9644444444444444,0.9666666666666667,0.9666666666666667,cnn,20,8,adabn_testdays,804,b3ae7a4-dirty
Subject580,90,0.808109113109113,0.8333333333333333,0.8333333333333334,cnn,20,8,none,508,b3ae7a4-dirty
Subject580,90,0.7842801642801642,0.8,0.8,cnn,20,8,input_norm,508,b3ae7a4-dirty
Subject580,90,0.8081696081696083,0.8222222222222223,0.8222222222222222,cnn,20,8,adabn,508,b3ae7a4-dirty
Subject580,90,0.8028116328116328,0.8111111111111111,0.8111111111111111,cnn,20,8,adabn_input,508,b3ae7a4-dirty
Subject580,90,0.8395182595182593,0.8444444444444444,0.8444444444444444,cnn,20,8,adabn_testdays,508,b3ae7a4-dirty
Subject890,30,0.7866666666666667,0.8333333333333334,0.8333333333333334,cnn,20,8,none,581,b3ae7a4-dirty
Subject890,30,0.8222222222222222,0.8666666666666667,0.8666666666666667,cnn,20,8,input_norm,581,b3ae7a4-dirty
Subject890,30,0.8755555555555555,0.9,0.9,cnn,20,8,adabn,581,b3ae7a4-dirty
Subject890,30,0.8755555555555555,0.9,0.9,cnn,20,8,adabn_input,581,b3ae7a4-dirty
Subject890,30,0.9288888888888889,0.9333333333333333,0.9333333333333333,cnn,20,8,adabn_testdays,581,b3ae7a4-dirty
Subject354,60,0.9111111111111111,0.9333333333333333,0.9333333333333333,cnn,20,17,none,485,b3ae7a4-dirty
Subject354,60,0.9111111111111111,0.9333333333333333,0.9333333333333333,cnn,20,17,input_norm,485,b3ae7a4-dirty
Subject354,60,0.9111111111111111,0.9333333333333333,0.9333333333333333,cnn,20,17,adabn,485,b3ae7a4-dirty
Subject354,60,0.9111111111111111,0.9333333333333333,0.9333333333333333,cnn,20,17,adabn_input,485,b3ae7a4-dirty
Subject354,60,0.9111111111111111,0.9333333333333333,0.9333333333333333,cnn,20,17,adabn_testdays,485,b3ae7a4-dirty
Subject516,30,0.8888888888888888,0.9,0.9,cnn,20,17,none,552,b3ae7a4-dirty
Subject516,30,0.8888888888888888,0.9,0.9,cnn,20,17,input_norm,552,b3ae7a4-dirty
Subject516,30,0.9111111111111111,0.9333333333333333,0.9333333333333333,cnn,20,17,adabn,552,b3ae7a4-dirty
Subject516,30,0.9111111111111111,0.9333333333333333,0.9333333333333333,cnn,20,17,adabn_input,552,b3ae7a4-dirty
Subject516,30,0.9111111111111111,0.9333333333333333,0.9333333333333333,cnn,20,17,adabn_testdays,552,b3ae7a4-dirty
Subject561,60,0.8667051467051468,0.8833333333333333,0.8833333333333333,cnn,20,17,none,695,b3ae7a4-dirty
Subject561,60,0.8254545454545456,0.85,0.85,cnn,20,17,input_norm,695,b3ae7a4-dirty
Subject561,60,0.8480808080808082,0.8666666666666667,0.8666666666666667,cnn,20,17,adabn,695,b3ae7a4-dirty
Subject561,60,0.7947474747474748,0.8333333333333334,0.8333333333333334,cnn,20,17,adabn_input,695,b3ae7a4-dirty
Subject561,60,0.9288888888888888,0.9333333333333333,0.9333333333333333,cnn,20,17,adabn_testdays,695,b3ae7a4-dirty
Subject571,30,0.846984126984127,0.8666666666666667,0.8666666666666667,cnn,20,17,none,804,b3ae7a4-dirty
Subject571,30,0.7580952380952382,0.8,0.8,cnn,20,17,input_norm,804,b3ae7a4-dirty
Subject571,30,0.8755555555555555,0.9,0.9,cnn,20,17,adabn,804,b3ae7a4-dirty
Subject571,30,0.8755555555555555,0.9,0.9,cnn,20,17,adabn_input,804,b3ae7a4-dirty
Subject571,30,0.7555555555555554,0.8,0.8,cnn,20,17,adabn_testdays,804,b3ae7a4-dirty
Subject580,90,0.8894189144189144,0.9000000000000001,0.9,cnn,20,17,none,508,b3ae7a4-dirty
Subject580,90,0.8486653697180011,0.8666666666666668,0.8666666666666667,cnn,20,17,input_norm,508,b3ae7a4-dirty
Subject580,90,0.8818104118104118,0.888888888888889,0.8888888888888888,cnn,20,17,adabn,508,b3ae7a4-dirty
Subject580,90,0.897387753858342,0.9000000000000001,0.9,cnn,20,17,adabn_input,508,b3ae7a4-dirty
Subject580,90,0.8971879536585418,0.9000000000000001,0.9,cnn,20,17,adabn_testdays,508,b3ae7a4-dirty
Subject890,30,0.9311111111111111,0.9333333333333333,0.9333333333333333,cnn,20,17,none,581,b3ae7a4-dirty
Subject890,30,0.9311111111111111,0.9333333333333333,0.9333333333333333,cnn,20,17,input_norm,581,b3ae7a4-dirty
Subject890,30,0.9311111111111111,0.9333333333333333,0.9333333333333333,cnn,20,17,adabn,581,b3ae7a4-dirty
Subject890,30,0.9311111111111111,0.9333333333333333,0.9333333333333333,cnn,20,17,adabn_input,581,b3ae7a4-dirty
Subject890,30,0.9111111111111111,0.9333333333333333,0.9333333333333333,cnn,20,17,adabn_testdays,581,b3ae7a4-dirty
Subject376,60,0.5430952380952382,0.5833333333333334,0.5833333333333334,cnn,21,2,none,447,b3ae7a4-dirty
Subject376,60,0.5955555555555556,0.6333333333333333,0.6333333333333333,cnn,21,2,input_norm,447,b3ae7a4-dirty
Subject376,60,0.5624408924408926,0.6,0.6,cnn,21,2,adabn,447,b3ae7a4-dirty
Subject376,60,0.5624408924408926,0.6,0.6,cnn,21,2,adabn_input,447,b3ae7a4-dirty
Subject376,60,0.5610977910977911,0.6,0.6,cnn,21,2,adabn_testdays,447,b3ae7a4-dirty
Subject494,60,0.6245165945165945,0.6666666666666666,0.6666666666666666,cnn,21,2,none,506,b3ae7a4-dirty
Subject494,60,0.6144107744107744,0.65,0.65,cnn,21,2,input_norm,506,b3ae7a4-dirty
Subject494,60,0.597994227994228,0.65,0.65,cnn,21,2,adabn,506,b3ae7a4-dirty
Subject494,60,0.6591774891774892,0.6833333333333333,0.6833333333333333,cnn,21,2,adabn_input,506,b3ae7a4-dirty
Subject494,60,0.605925925925926,0.6333333333333333,0.6333333333333333,cnn,21,2,adabn_testdays,506,b3ae7a4-dirty
Subject611,60,0.5195767195767196,0.5833333333333334,0.5833333333333334,cnn,21,2,none,578,b3ae7a4-dirty
Subject611,60,0.5474074074074075,0.5833333333333334,0.5833333333333334,cnn,21,2,input_norm,578,b3ae7a4-dirty
Subject611,60,0.508888888888889,0.55,0.55,cnn,21,2,adabn,578,b3ae7a4-dirty
Subject611,60,0.5414814814814816,0.5666666666666667,0.5666666666666667,cnn,21,2,adabn_input,578,b3ae7a4-dirty
Subject611,60,0.4940740740740741,0.55,0.55,cnn,21,2,adabn_testdays,578,b3ae7a4-dirty
Subject741,60,0.4923424723424723,0.55,0.55,cnn,21,2,none,450,b3ae7a4-dirty
Subject741,60,0.5037728937728937,0.5666666666666667,0.5666666666666667,cnn,21,2,input_norm,450,b3ae7a4-dirty
Subject741,60,0.5627187627187626,0.6166666666666667,0.6166666666666667,cnn,21,2,adabn,450,b3ae7a4-dirty
Subject741,60,0.5529100529100529,0.6,0.6,cnn,21,2,adabn_input,450,b3ae7a4-dirty
Subject741,60,0.6057479557479558,0.65,0.65,cnn,21,2,adabn_testdays,450,b3ae7a4-dirty
Subject819,60,0.4575335775335775,0.55,0.55,cnn,21,2,none,684,b3ae7a4-dirty
Subject819,60,0.4279461279461279,0.5333333333333333,0.5333333333333333,cnn,21,2,input_norm,684,b3ae7a4-dirty
Subject819,60,0.5284095860566449,0.6166666666666667,0.6166666666666667,cnn,21,2,adabn,684,b3ae7a4-dirty
Subject819,60,0.5284095860566449,0.6166666666666667,0.6166666666666667,cnn,21,2,adabn_input,684,b3ae7a4-dirty
Subject819,60,0.5372631072631073,0.6,0.6,cnn,21,2,adabn_testdays,684,b3ae7a4-dirty
Subject969,30,0.4562962962962963,0.5666666666666667,0.5666666666666667,cnn,21,2,none,945,b3ae7a4-dirty
Subject969,30,0.6644444444444445,0.7,0.7,cnn,21,2,input_norm,945,b3ae7a4-dirty
Subject969,30,0.7333333333333333,0.8,0.8,cnn,21,2,adabn,945,b3ae7a4-dirty
Subject969,30,0.7333333333333333,0.8,0.8,cnn,21,2,adabn_input,945,b3ae7a4-dirty
Subject969,30,0.6358730158730157,0.7,0.7,cnn,21,2,adabn_testdays,945,b3ae7a4-dirty
Subject376,60,0.6444444444444444,0.7,0.7,cnn,21,8,none,447,b3ae7a4-dirty
Subject376,60,0.7602116402116402,0.8,0.8,cnn,21,8,input_norm,447,b3ae7a4-dirty
Subject376,60,0.7815873015873015,0.8,0.8,cnn,21,8,adabn,447,b3ae7a4-dirty
Subject376,60,0.7815873015873015,0.8,0.8,cnn,21,8,adabn_input,447,b3ae7a4-dirty
Subject376,60,0.7333333333333332,0.7666666666666667,0.7666666666666667,cnn,21,8,adabn_testdays,447,b3ae7a4-dirty
Subject494,60,0.620662768031189,0.6833333333333333,0.6833333333333333,cnn,21,8,none,506,b3ae7a4-dirty
Subject494,60,0.6693400167084377,0.7166666666666667,0.7166666666666667,cnn,21,8,input_norm,506,b3ae7a4-dirty
Subject494,60,0.8097354497354498,0.8333333333333334,0.8333333333333334,cnn,21,8,adabn,506,b3ae7a4-dirty
Subject494,60,0.7892063492063491,0.8166666666666667,0.8166666666666667,cnn,21,8,adabn_input,506,b3ae7a4-dirty
Subject494,60,0.7377777777777778,0.7833333333333333,0.7833333333333333,cnn,21,8,adabn_testdays,506,b3ae7a4-dirty
Subject611,60,0.9475132275132275,0.95,0.95,cnn,21,8,none,578,b3ae7a4-dirty
Subject611,60,0.9223280423280424,0.9333333333333333,0.9333333333333333,cnn,21,8,input_norm,578,b3ae7a4-dirty
Subject611,60,0.9223280423280424,0.9333333333333333,0.9333333333333333,cnn,21,8,adabn,578,b3ae7a4-dirty
Subject611,60,0.9223280423280424,0.9333333333333333,0.9333333333333333,cnn,21,8,adabn_input,578,b3ae7a4-dirty
Subject611,60,0.9066666666666666,0.9333333333333333,0.9333333333333333,cnn,21,8,adabn_testdays,578,b3ae7a4-dirty
Subject741,60,0.734834054834055,0.7666666666666667,0.7666666666666667,cnn,21,8,none,450,b3ae7a4-dirty
Subject741,60,0.740952380952381,0.7833333333333333,0.7833333333333333,cnn,21,8,input_norm,450,b3ae7a4-dirty
Subject741,60,0.7754689754689755,0.8,0.8,cnn,21,8,adabn,450,b3ae7a4-dirty
Subject741,60,0.7823472823472825,0.8,0.8,cnn,21,8,adabn_input,450,b3ae7a4-dirty
Subject741,60,0.795998075998076,0.8166666666666667,0.8166666666666667,cnn,21,8,adabn_testdays,450,b3ae7a4-dirty
Subject819,60,0.7356228956228956,0.7833333333333333,0.7833333333333333,cnn,21,8,none,684,b3ae7a4-dirty
Subject819,60,0.7400673400673399,0.7833333333333333,0.7833333333333333,cnn,21,8,input_norm,684,b3ae7a4-dirty
Subject819,60,0.7282154882154882,0.7666666666666667,0.7666666666666667,cnn,21,8,adabn,684,b3ae7a4-dirty
Subject819,60,0.7415488215488215,0.7833333333333333,0.7833333333333333,cnn,21,8,adabn_input,684,b3ae7a4-dirty
Subject819,60,0.7485521885521886,0.7833333333333333,0.7833333333333333,cnn,21,8,adabn_testdays,684,b3ae7a4-dirty
Subject969,30,0.6355555555555555,0.7,0.7,cnn,21,8,none,945,b3ae7a4-dirty
Subject969,30,0.6469841269841269,0.7333333333333333,0.7333333333333333,cnn,21,8,input_norm,945,b3ae7a4-dirty
Subject969,30,0.6758730158730158,0.7333333333333333,0.7333333333333333,cnn,21,8,adabn,945,b3ae7a4-dirty
Subject969,30,0.6292063492063492,0.7,0.7,cnn,21,8,adabn_input,945,b3ae7a4-dirty
Subject969,30,0.7377777777777778,0.7666666666666667,0.7666666666666667,cnn,21,8,adabn_testdays,945,b3ae7a4-dirty
Subject376,60,0.9288888888888889,0.9333333333333333,0.9333333333333333,cnn,21,17,none,447,b3ae7a4-dirty
Subject376,60,0.9111111111111111,0.9333333333333333,0.9333333333333333,cnn,21,17,input_norm,447,b3ae7a4-dirty
Subject376,60,0.8888888888888888,0.9,0.9,cnn,21,17,adabn,447,b3ae7a4-dirty
Subject376,60,0.8888888888888888,0.9,0.9,cnn,21,17,adabn_input,447,b3ae7a4-dirty
Subject376,60,0.8719576719576719,0.8833333333333333,0.8833333333333333,cnn,21,17,adabn_testdays,447,b3ae7a4-dirty
Subject494,60,0.7754171754171754,0.8,0.8,cnn,21,17,none,506,b3ae7a4-dirty
Subject494,60,0.7477441077441077,0.8,0.8,cnn,21,17,input_norm,506,b3ae7a4-dirty
Subject494,60,0.7764550264550265,0.8,0.8,cnn,21,17,adabn,506,b3ae7a4-dirty
Subject494,60,0.7899999999999999,0.8166666666666667,0.8166666666666667,cnn,21,17,adabn_input,506,b3ae7a4-dirty
Subject494,60,0.7899999999999999,0.8166666666666667,0.8166666666666667,cnn,21,17,adabn_testdays,506,b3ae7a4-dirty
Subject611,60,0.9830687830687831,0.9833333333333333,0.9833333333333333,cnn,21,17,none,578,b3ae7a4-dirty
Subject611,60,1.0,1.0,1.0,cnn,21,17,input_norm,578,b3ae7a4-dirty
Subject611,60,1.0,1.0,1.0,cnn,21,17,adabn,578,b3ae7a4-dirty
Subject611,60,1.0,1.0,1.0,cnn,21,17,adabn_input,578,b3ae7a4-dirty
Subject611,60,1.0,1.0,1.0,cnn,21,17,adabn_testdays,578,b3ae7a4-dirty
Subject741,60,0.8952380952380953,0.9,0.9,cnn,21,17,none,450,b3ae7a4-dirty
Subject741,60,0.9121693121693121,0.9166666666666666,0.9166666666666666,cnn,21,17,input_norm,450,b3ae7a4-dirty
Subject741,60,0.9666666666666667,0.9666666666666667,0.9666666666666667,cnn,21,17,adabn,450,b3ae7a4-dirty
Subject741,60,0.9666666666666667,0.9666666666666667,0.9666666666666667,cnn,21,17,adabn_input,450,b3ae7a4-dirty
Subject741,60,0.9497354497354498,0.95,0.95,cnn,21,17,adabn_testdays,450,b3ae7a4-dirty
Subject819,60,0.8772486772486773,0.9,0.9,cnn,21,17,none,684,b3ae7a4-dirty
Subject819,60,0.9111111111111111,0.9333333333333333,0.9333333333333333,cnn,21,17,input_norm,684,b3ae7a4-dirty
Subject819,60,0.9418181818181818,0.95,0.95,cnn,21,17,adabn,684,b3ae7a4-dirty
Subject819,60,0.8941798941798942,0.9166666666666666,0.9166666666666666,cnn,21,17,adabn_input,684,b3ae7a4-dirty
Subject819,60,0.9644444444444444,0.9666666666666667,0.9666666666666667,cnn,21,17,adabn_testdays,684,b3ae7a4-dirty
Subject969,30,0.6488888888888888,0.7,0.7,cnn,21,17,none,945,b3ae7a4-dirty
Subject969,30,0.7140740740740742,0.7666666666666667,0.7666666666666667,cnn,21,17,input_norm,945,b3ae7a4-dirty
Subject969,30,0.8066666666666665,0.8333333333333334,0.8333333333333334,cnn,21,17,adabn,945,b3ae7a4-dirty
Subject969,30,0.8066666666666665,0.8333333333333334,0.8333333333333334,cnn,21,17,adabn_input,945,b3ae7a4-dirty
Subject969,30,0.8755555555555555,0.9,0.9,cnn,21,17,adabn_testdays,945,b3ae7a4-dirty
Subject226,30,0.5977777777777777,0.6666666666666666,0.6666666666666666,cnn,22,2,none,605,b3ae7a4-dirty
Subject226,30,0.6666666666666666,0.7333333333333333,0.7333333333333333,cnn,22,2,input_norm,605,b3ae7a4-dirty
Subject226,30,0.6355555555555555,0.7,0.7,cnn,22,2,adabn,605,b3ae7a4-dirty
Subject226,30,0.6355555555555555,0.7,0.7,cnn,22,2,adabn_input,605,b3ae7a4-dirty
Subject226,30,0.62,0.7,0.7,cnn,22,2,adabn_testdays,605,b3ae7a4-dirty
Subject561,60,0.5864069264069264,0.65,0.65,cnn,22,2,none,695,b3ae7a4-dirty
Subject561,60,0.5970562770562771,0.6666666666666666,0.6666666666666666,cnn,22,2,input_norm,695,b3ae7a4-dirty
Subject561,60,0.5877441077441077,0.6666666666666666,0.6666666666666666,cnn,22,2,adabn,695,b3ae7a4-dirty
Subject561,60,0.6313094313094313,0.7,0.7,cnn,22,2,adabn_input,695,b3ae7a4-dirty
Subject561,60,0.6346764346764346,0.7,0.7,cnn,22,2,adabn_testdays,695,b3ae7a4-dirty
Subject731,30,0.539047619047619,0.5333333333333333,0.5333333333333333,cnn,22,2,none,645,b3ae7a4-dirty
Subject731,30,0.5803174603174602,0.6,0.6,cnn,22,2,input_norm,645,b3ae7a4-dirty
Subject731,30,0.5834920634920635,0.6,0.6,cnn,22,2,adabn,645,b3ae7a4-dirty
Subject731,30,0.5977777777777777,0.6,0.6,cnn,22,2,adabn_input,645,b3ae7a4-dirty
Subject731,30,0.6311111111111111,0.6333333333333333,0.6333333333333333,cnn,22,2,adabn_testdays,645,b3ae7a4-dirty
Subject741,60,0.7147619047619048,0.7333333333333333,0.7333333333333333,cnn,22,2,none,450,b3ae7a4-dirty
Subject741,60,0.5434583934583935,0.6166666666666667,0.6166666666666667,cnn,22,2,input_norm,450,b3ae7a4-dirty
Subject741,60,0.5883790283790283,0.65,0.65,cnn,22,2,adabn,450,b3ae7a4-dirty
Subject741,60,0.5734931734931734,0.65,0.65,cnn,22,2,adabn_input,450,b3ae7a4-dirty
Subject741,60,0.6101731601731601,0.6666666666666666,0.6666666666666666,cnn,22,2,adabn_testdays,450,b3ae7a4-dirty
Subject819,60,0.5377777777777778,0.6166666666666667,0.6166666666666667,cnn,22,2,none,684,b3ae7a4-dirty
Subject819,60,0.5474458874458874,0.6333333333333333,0.6333333333333333,cnn,22,2,input_norm,684,b3ae7a4-dirty
Subject819,60,0.5617652717652717,0.6333333333333333,0.6333333333333333,cnn,22,2,adabn,684,b3ae7a4-dirty
Subject819,60,0.6237758537758539,0.7,0.7,cnn,22,2,adabn_input,684,b3ae7a4-dirty
Subject819,60,0.5649543049543051,0.65,0.65,cnn,22,2,adabn_testdays,684,b3ae7a4-dirty
Subject867,60,0.581024531024531,0.6333333333333333,0.6333333333333333,cnn,22,2,none,499,b3ae7a4-dirty
Subject867,60,0.5947149147149148,0.65,0.65,cnn,22,2,input_norm,499,b3ae7a4-dirty
Subject867,60,0.5628823028823029,0.6166666666666667,0.6166666666666667,cnn,22,2,adabn,499,b3ae7a4-dirty
Subject867,60,0.573993413993414,0.6333333333333333,0.6333333333333333,cnn,22,2,adabn_input,499,b3ae7a4-dirty
Subject867,60,0.6345369445369445,0.6833333333333333,0.6833333333333333,cnn,22,2,adabn_testdays,499,b3ae7a4-dirty
Subject226,30,0.8114285714285714,0.8333333333333334,0.8333333333333334,cnn,22,8,none,605,b3ae7a4-dirty
Subject226,30,0.7511111111111112,0.8,0.8,cnn,22,8,input_norm,605,b3ae7a4-dirty
Subject226,30,0.7536507936507936,0.8,0.8,cnn,22,8,adabn,605,b3ae7a4-dirty
Subject226,30,0.7536507936507936,0.8,0.8,cnn,22,8,adabn_input,605,b3ae7a4-dirty
Subject226,30,0.7288888888888888,0.8,0.8,cnn,22,8,adabn_testdays,605,b3ae7a4-dirty
Subject561,60,0.7947474747474748,0.8333333333333334,0.8333333333333334,cnn,22,8,none,695,b3ae7a4-dirty
Subject561,60,0.8074266474266474,0.8333333333333334,0.8333333333333334,cnn,22,8,input_norm,695,b3ae7a4-dirty
Subject561,60,0.8190668590668592,0.85,0.85,cnn,22,8,adabn,695,b3ae7a4-dirty
Subject561,60,0.8603174603174604,0.8833333333333333,0.8833333333333333,cnn,22,8,adabn_input,695,b3ae7a4-dirty
Subject561,60,0.835998075998076,0.8666666666666667,0.8666666666666667,cnn,22,8,adabn_testdays,695,b3ae7a4-dirty
Subject731,30,0.7866666666666667,0.8333333333333334,0.8333333333333334,cnn,22,8,none,645,b3ae7a4-dirty
Subject731,30,0.7311111111111112,0.7666666666666667,0.7666666666666667,cnn,22,8,input_norm,645,b3ae7a4-dirty
Subject731,30,0.8066666666666666,0.8333333333333334,0.8333333333333334,cnn,22,8,adabn,645,b3ae7a4-dirty
Subject731,30,0.8066666666666666,0.8333333333333334,0.8333333333333334,cnn,22,8,adabn_input,645,b3ae7a4-dirty
Subject731,30,0.8933333333333333,0.9,0.9,cnn,22,8,adabn_testdays,645,b3ae7a4-dirty
Subject741,60,0.7592063492063493,0.8,0.8,cnn,22,8,none,450,b3ae7a4-dirty
Subject741,60,0.8048869648869649,0.8333333333333334,0.8333333333333334,cnn,22,8,input_norm,450,b3ae7a4-dirty
Subject741,60,0.7678499278499279,0.8,0.8,cnn,22,8,adabn,450,b3ae7a4-dirty
Subject741,60,0.7554497354497354,0.7833333333333333,0.7833333333333333,cnn,22,8,adabn_input,450,b3ae7a4-dirty
Subject741,60,0.7916594516594517,0.8166666666666667,0.8166666666666667,cnn,22,8,adabn_testdays,450,b3ae7a4-dirty
Subject819,60,0.7736855736855737,0.8166666666666667,0.8166666666666667,cnn,22,8,none,684,b3ae7a4-dirty
Subject819,60,0.7453583453583453,0.7833333333333333,0.7833333333333333,cnn,22,8,input_norm,684,b3ae7a4-dirty
Subject819,60,0.8359980759980761,0.8666666666666667,0.8666666666666667,cnn,22,8,adabn,684,b3ae7a4-dirty
Subject819,60,0.8038095238095239,0.8333333333333334,0.8333333333333334,cnn,22,8,adabn_input,684,b3ae7a4-dirty
Subject819,60,0.7460317460317459,0.7833333333333333,0.7833333333333333,cnn,22,8,adabn_testdays,684,b3ae7a4-dirty
Subject867,60,0.7951515151515152,0.8166666666666667,0.8166666666666667,cnn,22,8,none,499,b3ae7a4-dirty
Subject867,60,0.8599999999999999,0.8666666666666667,0.8666666666666667,cnn,22,8,input_norm,499,b3ae7a4-dirty
Subject867,60,0.8599999999999999,0.8666666666666667,0.8666666666666667,cnn,22,8,adabn,499,b3ae7a4-dirty
Subject867,60,0.8599999999999999,0.8666666666666667,0.8666666666666667,cnn,22,8,adabn_input,499,b3ae7a4-dirty
Subject867,60,0.8770370370370368,0.8833333333333333,0.8833333333333333,cnn,22,8,adabn_testdays,499,b3ae7a4-dirty
Subject226,30,0.8755555555555555,0.9,0.9,cnn,22,17,none,605,b3ae7a4-dirty
Subject226,30,0.9644444444444444,0.9666666666666667,0.9666666666666667,cnn,22,17,input_norm,605,b3ae7a4-dirty
Subject226,30,0.9288888888888889,0.9333333333333333,0.9333333333333333,cnn,22,17,adabn,605,b3ae7a4-dirty
Subject226,30,0.9644444444444444,0.9666666666666667,0.9666666666666667,cnn,22,17,adabn_input,605,b3ae7a4-dirty
Subject226,30,0.8755555555555555,0.9,0.9,cnn,22,17,adabn_testdays,605,b3ae7a4-dirty
Subject561,60,0.8376911976911977,0.8666666666666667,0.8666666666666667,cnn,22,17,none,695,b3ae7a4-dirty
Subject561,60,0.8941798941798942,0.9166666666666666,0.9166666666666666,cnn,22,17,input_norm,695,b3ae7a4-dirty
Subject561,60,0.9111111111111111,0.9333333333333333,0.9333333333333333,cnn,22,17,adabn,695,b3ae7a4-dirty
Subject561,60,0.8941798941798942,0.9166666666666666,0.9166666666666666,cnn,22,17,adabn_input,695,b3ae7a4-dirty
Subject561,60,0.8755555555555555,0.9,0.9,cnn,22,17,adabn_testdays,695,b3ae7a4-dirty
Subject731,30,0.84,0.8666666666666667,0.8666666666666667,cnn,22,17,none,645,b3ae7a4-dirty
Subject731,30,0.84,0.8666666666666667,0.8666666666666667,cnn,22,17,input_norm,645,b3ae7a4-dirty
Subject731,30,0.84,0.8666666666666667,0.8666666666666667,cnn,22,17,adabn,645,b3ae7a4-dirty
Subject731,30,0.84,0.8666666666666667,0.8666666666666667,cnn,22,17,adabn_input,645,b3ae7a4-dirty
Subject731,30,0.9644444444444444,0.9666666666666667,0.9666666666666667,cnn,22,17,adabn_testdays,645,b3ae7a4-dirty
Subject741,60,0.8786916786916787,0.9,0.9,cnn,22,17,none,450,b3ae7a4-dirty
Subject741,60,0.8462962962962963,0.8666666666666667,0.8666666666666667,cnn,22,17,input_norm,450,b3ae7a4-dirty
Subject741,60,0.8786916786916787,0.9,0.9,cnn,22,17,adabn,450,b3ae7a4-dirty
Subject741,60,0.8786916786916787,0.9,0.9,cnn,22,17,adabn_input,450,b3ae7a4-dirty
Subject741,60,0.8786916786916787,0.9,0.9,cnn,22,17,adabn_testdays,450,b3ae7a4-dirty
Subject819,60,0.8276923076923077,0.85,0.85,cnn,22,17,none,684,b3ae7a4-dirty
Subject819,60,0.8632478632478632,0.8833333333333333,0.8833333333333333,cnn,22,17,input_norm,684,b3ae7a4-dirty
Subject819,60,0.835998075998076,0.8666666666666667,0.8666666666666667,cnn,22,17,adabn,684,b3ae7a4-dirty
Subject819,60,0.8052910052910053,0.85,0.85,cnn,22,17,adabn_input,684,b3ae7a4-dirty
Subject819,60,0.8893314093314093,0.9,0.9,cnn,22,17,adabn_testdays,684,b3ae7a4-dirty
Subject867,60,0.9475132275132275,0.95,0.95,cnn,22,17,none,499,b3ae7a4-dirty
Subject867,60,0.9475132275132275,0.95,0.95,cnn,22,17,input_norm,499,b3ae7a4-dirty
Subject867,60,0.9475132275132275,0.95,0.95,cnn,22,17,adabn,499,b3ae7a4-dirty
Subject867,60,0.9475132275132275,0.95,0.95,cnn,22,17,adabn_input,499,b3ae7a4-dirty
Subject867,60,0.9661375661375663,0.9666666666666667,0.9666666666666667,cnn,22,17,adabn_testdays,499,b3ae7a4-dirty
Subject353,60,0.5028956228956228,0.55,0.55,cnn,23,2,none,680,b3ae7a4-dirty
Subject353,60,0.6445165945165946,0.6833333333333333,0.6833333333333333,cnn,23,2,input_norm,680,b3ae7a4-dirty
Subject353,60,0.614834054834055,0.65,0.65,cnn,23,2,adabn,680,b3ae7a4-dirty
Subject353,60,0.614834054834055,0.65,0.65,cnn,23,2,adabn_input,680,b3ae7a4-dirty
Subject353,60,0.6333044733044733,0.65,0.65,cnn,23,2,adabn_testdays,680,b3ae7a4-dirty
Subject354,60,0.6114093314093315,0.6666666666666666,0.6666666666666666,cnn,23,2,none,485,b3ae7a4-dirty
Subject354,60,0.6253113553113554,0.6833333333333333,0.6833333333333333,cnn,23,2,input_norm,485,b3ae7a4-dirty
Subject354,60,0.7629629629629631,0.8166666666666667,0.8166666666666667,cnn,23,2,adabn,485,b3ae7a4-dirty
Subject354,60,0.7940740740740743,0.8333333333333334,0.8333333333333334,cnn,23,2,adabn_input,485,b3ae7a4-dirty
Subject354,60,0.7762962962962964,0.8166666666666667,0.8166666666666667,cnn,23,2,adabn_testdays,485,b3ae7a4-dirty
Subject424,60,0.6862626262626264,0.75,0.75,cnn,23,2,none,448,b3ae7a4-dirty
Subject424,60,0.6693314093314092,0.7333333333333333,0.7333333333333333,cnn,23,2,input_norm,448,b3ae7a4-dirty
Subject424,60,0.7037037037037037,0.7666666666666667,0.7666666666666667,cnn,23,2,adabn,448,b3ae7a4-dirty
Subject424,60,0.7037037037037037,0.7666666666666667,0.7666666666666667,cnn,23,2,adabn_input,448,b3ae7a4-dirty
Subject424,60,0.7536182336182337,0.8,0.8,cnn,23,2,adabn_testdays,448,b3ae7a4-dirty
Subject455,60,0.64,0.6666666666666666,0.6666666666666666,cnn,23,2,none,489,b3ae7a4-dirty
Subject455,60,0.5441410441410441,0.6166666666666667,0.6166666666666667,cnn,23,2,input_norm,489,b3ae7a4-dirty
Subject455,60,0.6241462241462242,0.65,0.65,cnn,23,2,adabn,489,b3ae7a4-dirty
Subject455,60,0.5913804713804715,0.6166666666666667,0.6166666666666667,cnn,23,2,adabn_input,489,b3ae7a4-dirty
Subject455,60,0.6123280423280424,0.6333333333333333,0.6333333333333333,cnn,23,2,adabn_testdays,489,b3ae7a4-dirty
Subject494,60,0.5992224768695357,0.6666666666666666,0.6666666666666666,cnn,23,2,none,506,b3ae7a4-dirty
Subject494,60,0.6452910052910054,0.6833333333333333,0.6833333333333333,cnn,23,2,input_norm,506,b3ae7a4-dirty
Subject494,60,0.6851851851851851,0.7333333333333333,0.7333333333333333,cnn,23,2,adabn,506,b3ae7a4-dirty
Subject494,60,0.7206541606541605,0.75,0.75,cnn,23,2,adabn_input,506,b3ae7a4-dirty
Subject494,60,0.6933670033670033,0.7333333333333333,0.7333333333333333,cnn,23,2,adabn_testdays,506,b3ae7a4-dirty
Subject731,30,0.6977777777777778,0.7333333333333333,0.7333333333333333,cnn,23,2,none,645,b3ae7a4-dirty
Subject731,30,0.64,0.6666666666666666,0.6666666666666666,cnn,23,2,input_norm,645,b3ae7a4-dirty
Subject731,30,0.6844444444444444,0.7,0.7,cnn,23,2,adabn,645,b3ae7a4-dirty
Subject731,30,0.6844444444444444,0.7,0.7,cnn,23,2,adabn_input,645,b3ae7a4-dirty
Subject731,30,0.711111111111111,0.7333333333333333,0.7333333333333333,cnn,23,2,adabn_testdays,645,b3ae7a4-dirty
Subject353,60,0.8064021164021165,0.8166666666666667,0.8166666666666667,cnn,23,8,none,680,b3ae7a4-dirty
Subject353,60,0.8789947089947089,0.8833333333333333,0.8833333333333333,cnn,23,8,input_norm,680,b3ae7a4-dirty
Subject353,60,0.8316402116402116,0.8333333333333334,0.8333333333333334,cnn,23,8,adabn,680,b3ae7a4-dirty
Subject353,60,0.83005291005291,0.8333333333333334,0.8333333333333334,cnn,23,8,adabn_input,680,b3ae7a4-dirty
Subject353,60,0.8122751322751323,0.8166666666666667,0.8166666666666667,cnn,23,8,adabn_testdays,680,b3ae7a4-dirty
Subject354,60,0.9333333333333332,0.9333333333333333,0.9333333333333333,cnn,23,8,none,485,b3ae7a4-dirty
Subject354,60,0.932063492063492,0.9333333333333333,0.9333333333333333,cnn,23,8,input_norm,485,b3ae7a4-dirty
Subject354,60,0.9661375661375662,0.9666666666666667,0.9666666666666667,cnn,23,8,adabn,485,b3ae7a4-dirty
Subject354,60,0.9494708994708995,0.95,0.95,cnn,23,8,adabn_input,485,b3ae7a4-dirty
Subject354,60,0.9830687830687831,0.9833333333333333,0.9833333333333333,cnn,23,8,adabn_testdays,485,b3ae7a4-dirty
Subject424,60,0.8333333333333334,0.8666666666666667,0.8666666666666667,cnn,23,8,none,448,b3ae7a4-dirty
Subject424,60,0.7496296296296295,0.8,0.8,cnn,23,8,input_norm,448,b3ae7a4-dirty
Subject424,60,0.846984126984127,0.8666666666666667,0.8666666666666667,cnn,23,8,adabn,448,b3ae7a4-dirty
Subject424,60,0.846984126984127,0.8666666666666667,0.8666666666666667,cnn,23,8,adabn_input,448,b3ae7a4-dirty
Subject424,60,0.8918903318903318,0.9,0.9,cnn,23,8,adabn_testdays,448,b3ae7a4-dirty
Subject455,60,0.8563492063492063,0.8666666666666667,0.8666666666666667,cnn,23,8,none,489,b3ae7a4-dirty
Subject455,60,0.874074074074074,0.9,0.9,cnn,23,8,input_norm,489,b3ae7a4-dirty
Subject455,60,0.9047811447811448,0.9166666666666666,0.9166666666666666,cnn,23,8,adabn,489,b3ae7a4-dirty
Subject455,60,0.924886964886965,0.9333333333333333,0.9333333333333333,cnn,23,8,adabn_input,489,b3ae7a4-dirty
Subject455,60,0.9047811447811448,0.9166666666666666,0.9166666666666666,cnn,23,8,adabn_testdays,489,b3ae7a4-dirty
Subject494,60,0.6983068783068783,0.7333333333333333,0.7333333333333333,cnn,23,8,none,506,b3ae7a4-dirty
Subject494,60,0.8227513227513228,0.85,0.85,cnn,23,8,input_norm,506,b3ae7a4-dirty
Subject494,60,0.7092255892255893,0.75,0.75,cnn,23,8,adabn,506,b3ae7a4-dirty
Subject494,60,0.7622895622895622,0.8,0.8,cnn,23,8,adabn_input,506,b3ae7a4-dirty
Subject494,60,0.727003367003367,0.7666666666666667,0.7666666666666667,cnn,23,8,adabn_testdays,506,b3ae7a4-dirty
Subject731,30,0.8533333333333333,0.8666666666666667,0.8666666666666667,cnn,23,8,none,645,b3ae7a4-dirty
Subject731,30,0.8533333333333333,0.8666666666666667,0.8666666666666667,cnn,23,8,input_norm,645,b3ae7a4-dirty
Subject731,30,0.9311111111111111,0.9333333333333333,0.9333333333333333,cnn,23,8,adabn,645,b3ae7a4-dirty
Subject731,30,0.888888888888889,0.9,0.9,cnn,23,8,adabn_input,645,b3ae7a4-dirty
Subject731,30,0.8533333333333333,0.8666666666666667,0.8666666666666667,cnn,23,8,adabn_testdays,645,b3ae7a4-dirty
Subject353,60,0.7934391534391535,0.8166666666666667,0.8166666666666667,cnn,23,17,none,680,b3ae7a4-dirty
Subject353,60,0.8501779701779703,0.8666666666666667,0.8666666666666667,cnn,23,17,input_norm,680,b3ae7a4-dirty
Subject353,60,0.8141462241462242,0.8333333333333334,0.8333333333333334,cnn,23,17,adabn,680,b3ae7a4-dirty
Subject353,60,0.8739153439153439,0.8833333333333333,0.8833333333333333,cnn,23,17,adabn_input,680,b3ae7a4-dirty
Subject353,60,0.7934391534391535,0.8166666666666667,0.8166666666666667,cnn,23,17,adabn_testdays,680,b3ae7a4-dirty
Subject354,60,0.9418181818181818,0.95,0.95,cnn,23,17,none,485,b3ae7a4-dirty
Subject354,60,0.9418181818181818,0.95,0.95,cnn,23,17,input_norm,485,b3ae7a4-dirty
Subject354,60,0.9418181818181818,0.95,0.95,cnn,23,17,adabn,485,b3ae7a4-dirty
Subject354,60,0.9418181818181818,0.95,0.95,cnn,23,17,adabn_input,485,b3ae7a4-dirty
Subject354,60,0.9418181818181818,0.95,0.95,cnn,23,17,adabn_testdays,485,b3ae7a4-dirty
Subject424,60,0.7936507936507937,0.8333333333333334,0.8333333333333334,cnn,23,17,none,448,b3ae7a4-dirty
Subject424,60,0.8775132275132277,0.9,0.9,cnn,23,17,input_norm,448,b3ae7a4-dirty
Subject424,60,0.8232478632478633,0.85,0.85,cnn,23,17,adabn,448,b3ae7a4-dirty
Subject424,60,0.8787301587301588,0.9,0.9,cnn,23,17,adabn_input,448,b3ae7a4-dirty
Subject424,60,0.8393650793650793,0.8666666666666667,0.8666666666666667,cnn,23,17,adabn_testdays,448,b3ae7a4-dirty
Subject455,60,0.9418181818181818,0.95,0.95,cnn,23,17,none,489,b3ae7a4-dirty
Subject455,60,0.8941798941798942,0.9166666666666666,0.9166666666666666,cnn,23,17,input_norm,489,b3ae7a4-dirty
Subject455,60,0.9111111111111111,0.9333333333333333,0.9333333333333333,cnn,23,17,adabn,489,b3ae7a4-dirty
Subject455,60,0.9111111111111111,0.9333333333333333,0.9333333333333333,cnn,23,17,adabn_input,489,b3ae7a4-dirty
Subject455,60,0.9111111111111111,0.9333333333333333,0.9333333333333333,cnn,23,17,adabn_testdays,489,b3ae7a4-dirty
Subject494,60,0.8059259259259259,0.8333333333333334,0.8333333333333334,cnn,23,17,none,506,b3ae7a4-dirty
Subject494,60,0.835998075998076,0.8666666666666667,0.8666666666666667,cnn,23,17,input_norm,506,b3ae7a4-dirty
Subject494,60,0.837037037037037,0.8666666666666667,0.8666666666666667,cnn,23,17,adabn,506,b3ae7a4-dirty
Subject494,60,0.8529292929292929,0.8833333333333333,0.8833333333333333,cnn,23,17,adabn_input,506,b3ae7a4-dirty
Subject494,60,0.8529292929292929,0.8833333333333333,0.8833333333333333,cnn,23,17,adabn_testdays,506,b3ae7a4-dirty
Subject731,30,0.8933333333333333,0.9,0.9,cnn,23,17,none,645,b3ae7a4-dirty
Subject731,30,0.8933333333333333,0.9,0.9,cnn,23,17,input_norm,645,b3ae7a4-dirty
Subject731,30,0.9288888888888888,0.9333333333333333,0.9333333333333333,cnn,23,17,adabn,645,b3ae7a4-dirty
Subject731,30,0.9288888888888888,0.9333333333333333,0.9333333333333333,cnn,23,17,adabn_input,645,b3ae7a4-dirty
Subject731,30,0.9288888888888888,0.9333333333333333,0.9333333333333333,cnn,23,17,adabn_testdays,645,b3ae7a4-dirty
Subject139,60,0.7549206349206351,0.7666666666666667,0.7666666666666667,cnn,24,2,none,660,b3ae7a4-dirty
Subject139,60,0.6956613756613756,0.7166666666666667,0.7166666666666667,cnn,24,2,input_norm,660,b3ae7a4-dirty
Subject139,60,0.7631746031746031,0.7666666666666667,0.7666666666666667,cnn,24,2,adabn,660,b3ae7a4-dirty
Subject139,60,0.7514041514041513,0.75,0.75,cnn,24,2,adabn_input,660,b3ae7a4-dirty
Subject139,60,0.7591630591630593,0.7666666666666667,0.7666666666666667,cnn,24,2,adabn_testdays,660,b3ae7a4-dirty
Subject352,30,0.6333333333333333,0.6666666666666666,0.6666666666666666,cnn,24,2,none,866,b3ae7a4-dirty
Subject352,30,0.7999999999999999,0.8,0.8,cnn,24,2,input_norm,866,b3ae7a4-dirty
Subject352,30,0.7999999999999999,0.8,0.8,cnn,24,2,adabn,866,b3ae7a4-dirty
Subject352,30,0.7999999999999999,0.8,0.8,cnn,24,2,adabn_input,866,b3ae7a4-dirty
Subject352,30,0.7555555555555554,0.7666666666666667,0.7666666666666667,cnn,24,2,adabn_testdays,866,b3ae7a4-dirty
Subject353,60,0.4788659488659489,0.5166666666666667,0.5166666666666667,cnn,24,2,none,680,b3ae7a4-dirty
Subject353,60,0.4708221408221408,0.5,0.5,cnn,24,2,input_norm,680,b3ae7a4-dirty
Subject353,60,0.5606297406297408,0.6,0.6,cnn,24,2,adabn,680,b3ae7a4-dirty
Subject353,60,0.5768061568061569,0.6166666666666667,0.6166666666666667,cnn,24,2,adabn_input,680,b3ae7a4-dirty
Subject353,60,0.5673112073112072,0.6,0.6,cnn,24,2,adabn_testdays,680,b3ae7a4-dirty
Subject611,60,0.6374603174603174,0.6833333333333333,0.6833333333333333,cnn,24,2,none,578,b3ae7a4-dirty
Subject611,60,0.6498412698412699,0.6833333333333333,0.6833333333333333,cnn,24,2,input_norm,578,b3ae7a4-dirty
Subject611,60,0.7266666666666667,0.7333333333333333,0.7333333333333333,cnn,24,2,adabn,578,b3ae7a4-dirty
Subject611,60,0.7266666666666667,0.7333333333333333,0.7333333333333333,cnn,24,2,adabn_input,578,b3ae7a4-dirty
Subject611,60,0.7978451178451178,0.8166666666666667,0.8166666666666667,cnn,24,2,adabn_testdays,578,b3ae7a4-dirty
Subject877,60,0.7230735930735931,0.75,0.75,cnn,24,2,none,646,b3ae7a4-dirty
Subject877,60,0.6737758537758539,0.7166666666666667,0.7166666666666667,cnn,24,2,input_norm,646,b3ae7a4-dirty
Subject877,60,0.8216065416065417,0.8333333333333334,0.8333333333333334,cnn,24,2,adabn,646,b3ae7a4-dirty
Subject877,60,0.82012506012506,0.8333333333333334,0.8333333333333334,cnn,24,2,adabn_input,646,b3ae7a4-dirty
Subject877,60,0.8497739297739298,0.8666666666666667,0.8666666666666667,cnn,24,2,adabn_testdays,646,b3ae7a4-dirty
Subject890,30,0.5888888888888888,0.6666666666666666,0.6666666666666666,cnn,24,2,none,581,b3ae7a4-dirty
Subject890,30,0.5888888888888888,0.6666666666666666,0.6666666666666666,cnn,24,2,input_norm,581,b3ae7a4-dirty
Subject890,30,0.6777777777777777,0.7333333333333333,0.7333333333333333,cnn,24,2,adabn,581,b3ae7a4-dirty
Subject890,30,0.6777777777777777,0.7333333333333333,0.7333333333333333,cnn,24,2,adabn_input,581,b3ae7a4-dirty
Subject890,30,0.6422222222222221,0.7,0.7,cnn,24,2,adabn_testdays,581,b3ae7a4-dirty
Subject139,60,0.9075132275132275,0.9166666666666666,0.9166666666666666,cnn,24,8,none,660,b3ae7a4-dirty
Subject139,60,0.8493314093314093,0.8666666666666667,0.8666666666666667,cnn,24,8,input_norm,660,b3ae7a4-dirty
Subject139,60,0.8738816738816738,0.8833333333333333,0.8833333333333333,cnn,24,8,adabn,660,b3ae7a4-dirty
Subject139,60,0.8738816738816738,0.8833333333333333,0.8833333333333333,cnn,24,8,adabn_input,660,b3ae7a4-dirty
Subject139,60,0.8925060125060126,0.9,0.9,cnn,24,8,adabn_testdays,660,b3ae7a4-dirty
Subject352,30,0.6888888888888888,0.7333333333333333,0.7333333333333333,cnn,24,8,none,866,b3ae7a4-dirty
Subject352,30,0.7155555555555556,0.7333333333333333,0.7333333333333333,cnn,24,8,input_norm,866,b3ae7a4-dirty
Subject352,30,0.648888888888889,0.7,0.7,cnn,24,8,adabn,866,b3ae7a4-dirty
Subject352,30,0.7377777777777778,0.7666666666666667,0.7666666666666667,cnn,24,8,adabn_input,866,b3ae7a4-dirty
Subject352,30,0.7022222222222222,0.7333333333333333,0.7333333333333333,cnn,24,8,adabn_testdays,866,b3ae7a4-dirty
Subject353,60,0.7642520442520443,0.7666666666666667,0.7666666666666667,cnn,24,8,none,680,b3ae7a4-dirty
Subject353,60,0.8277441077441078,0.8333333333333334,0.8333333333333334,cnn,24,8,input_norm,680,b3ae7a4-dirty
Subject353,60,0.7839345839345839,0.7833333333333333,0.7833333333333333,cnn,24,8,adabn,680,b3ae7a4-dirty
Subject353,60,0.8307070707070706,0.8333333333333334,0.8333333333333334,cnn,24,8,adabn_input,680,b3ae7a4-dirty
Subject353,60,0.7811832611832611,0.7833333333333333,0.7833333333333333,cnn,24,8,adabn_testdays,680,b3ae7a4-dirty
Subject611,60,0.9661375661375662,0.9666666666666667,0.9666666666666667,cnn,24,8,none,578,b3ae7a4-dirty
Subject611,60,0.9661375661375663,0.9666666666666667,0.9666666666666667,cnn,24,8,input_norm,578,b3ae7a4-dirty
Subject611,60,0.9661375661375662,0.9666666666666667,0.9666666666666667,cnn,24,8,adabn,578,b3ae7a4-dirty
Subject611,60,0.9830687830687831,0.9833333333333333,0.9833333333333333,cnn,24,8,adabn_input,578,b3ae7a4-dirty
Subject611,60,0.9830687830687831,0.9833333333333333,0.9833333333333333,cnn,24,8,adabn_testdays,578,b3ae7a4-dirty
Subject877,60,1.0,1.0,1.0,cnn,24,8,none,646,b3ae7a4-dirty
Subject877,60,1.0,1.0,1.0,cnn,24,8,input_norm,646,b3ae7a4-dirty
Subject877,60,1.0,1.0,1.0,cnn,24,8,adabn,646,b3ae7a4-dirty
Subject877,60,1.0,1.0,1.0,cnn,24,8,adabn_input,646,b3ae7a4-dirty
Subject877,60,1.0,1.0,1.0,cnn,24,8,adabn_testdays,646,b3ae7a4-dirty
Subject890,30,0.8755555555555555,0.9,0.9,cnn,24,8,none,581,b3ae7a4-dirty
Subject890,30,0.8222222222222222,0.8666666666666667,0.8666666666666667,cnn,24,8,input_norm,581,b3ae7a4-dirty
Subject890,30,0.7936507936507937,0.8333333333333334,0.8333333333333334,cnn,24,8,adabn,581,b3ae7a4-dirty
Subject890,30,0.8755555555555555,0.9,0.9,cnn,24,8,adabn_input,581,b3ae7a4-dirty
Subject890,30,0.7977777777777778,0.8333333333333334,0.8333333333333334,cnn,24,8,adabn_testdays,581,b3ae7a4-dirty
Subject139,60,0.9830687830687831,0.9833333333333333,0.9833333333333333,cnn,24,17,none,660,b3ae7a4-dirty
Subject139,60,0.9664021164021165,0.9666666666666667,0.9666666666666667,cnn,24,17,input_norm,660,b3ae7a4-dirty
Subject139,60,0.9644444444444444,0.9666666666666667,0.9666666666666667,cnn,24,17,adabn,660,b3ae7a4-dirty
Subject139,60,0.9644444444444444,0.9666666666666667,0.9666666666666667,cnn,24,17,adabn_input,660,b3ae7a4-dirty
Subject139,60,0.9830687830687831,0.9833333333333333,0.9833333333333333,cnn,24,17,adabn_testdays,660,b3ae7a4-dirty
Subject352,30,0.8533333333333333,0.8666666666666667,0.8666666666666667,cnn,24,17,none,866,b3ae7a4-dirty
Subject352,30,0.8088888888888889,0.8333333333333334,0.8333333333333334,cnn,24,17,input_norm,866,b3ae7a4-dirty
Subject352,30,0.8533333333333333,0.8666666666666667,0.8666666666666667,cnn,24,17,adabn,866,b3ae7a4-dirty
Subject352,30,0.8088888888888889,0.8333333333333334,0.8333333333333334,cnn,24,17,adabn_input,866,b3ae7a4-dirty
Subject352,30,0.8755555555555555,0.9,0.9,cnn,24,17,adabn_testdays,866,b3ae7a4-dirty
Subject353,60,0.8018278018278019,0.8166666666666667,0.8166666666666667,cnn,24,17,none,680,b3ae7a4-dirty
Subject353,60,0.8626647426647427,0.8666666666666667,0.8666666666666667,cnn,24,17,input_norm,680,b3ae7a4-dirty
Subject353,60,0.864973544973545,0.8666666666666667,0.8666666666666667,cnn,24,17,adabn,680,b3ae7a4-dirty
Subject353,60,0.864973544973545,0.8666666666666667,0.8666666666666667,cnn,24,17,adabn_input,680,b3ae7a4-dirty
Subject353,60,0.8333089133089133,0.85,0.85,cnn,24,17,adabn_testdays,680,b3ae7a4-dirty
Subject611,60,1.0,1.0,1.0,cnn,24,17,none,578,b3ae7a4-dirty
Subject611,60,0.9830687830687831,0.9833333333333333,0.9833333333333333,cnn,24,17,input_norm,578,b3ae7a4-dirty
Subject611,60,0.9830687830687831,0.9833333333333333,0.9833333333333333,cnn,24,17,adabn,578,b3ae7a4-dirty
Subject611,60,0.9830687830687831,0.9833333333333333,0.9833333333333333,cnn,24,17,adabn_input,578,b3ae7a4-dirty
Subject611,60,1.0,1.0,1.0,cnn,24,17,adabn_testdays,578,b3ae7a4-dirty
Subject877,60,1.0,1.0,1.0,cnn,24,17,none,646,b3ae7a4-dirty
Subject877,60,1.0,1.0,1.0,cnn,24,17,input_norm,646,b3ae7a4-dirty
Subject877,60,1.0,1.0,1.0,cnn,24,17,adabn,646,b3ae7a4-dirty
Subject877,60,1.0,1.0,1.0,cnn,24,17,adabn_input,646,b3ae7a4-dirty
Subject877,60,1.0,1.0,1.0,cnn,24,17,adabn_testdays,646,b3ae7a4-dirty
Subject890,30,0.8825396825396825,0.9,0.9,cnn,24,17,none,581,b3ae7a4-dirty
Subject890,30,0.8333333333333334,0.8666666666666667,0.8666666666666667,cnn,24,17,input_norm,581,b3ae7a4-dirty
Subject890,30,0.8825396825396825,0.9,0.9,cnn,24,17,adabn,581,b3ae7a4-dirty
Subject890,30,0.8825396825396825,0.9,0.9,cnn,24,17,adabn_input,581,b3ae7a4-dirty
Subject890,30,0.846984126984127,0.8666666666666667,0.8666666666666667,cnn,24,17,adabn_testdays,581,b3ae7a4-dirty
Subject352,30,0.6666666666666666,0.7,0.7,cnn,25,2,none,866,b3ae7a4-dirty
Subject352,30,0.5825396825396825,0.6,0.6,cnn,25,2,input_norm,866,b3ae7a4-dirty
Subject352,30,0.508888888888889,0.5666666666666667,0.5666666666666667,cnn,25,2,adabn,866,b3ae7a4-dirty
Subject352,30,0.5333333333333333,0.5666666666666667,0.5666666666666667,cnn,25,2,adabn_input,866,b3ae7a4-dirty
Subject352,30,0.5866666666666666,0.6333333333333333,0.6333333333333333,cnn,25,2,adabn_testdays,866,b3ae7a4-dirty
Subject353,60,0.6586628186628187,0.7166666666666667,0.7166666666666667,cnn,25,2,none,680,b3ae7a4-dirty
Subject353,60,0.6378362378362378,0.6666666666666666,0.6666666666666666,cnn,25,2,input_norm,680,b3ae7a4-dirty
Subject353,60,0.7403174603174603,0.7666666666666667,0.7666666666666667,cnn,25,2,adabn,680,b3ae7a4-dirty
Subject353,60,0.7422222222222222,0.7666666666666667,0.7666666666666667,cnn,25,2,adabn_input,680,b3ae7a4-dirty
Subject353,60,0.8219576719576719,0.8333333333333334,0.8333333333333334,cnn,25,2,adabn_testdays,680,b3ae7a4-dirty
Subject354,60,0.723944203944204,0.7666666666666667,0.7666666666666667,cnn,25,2,none,485,b3ae7a4-dirty
Subject354,60,0.7402789802789803,0.7833333333333333,0.7833333333333333,cnn,25,2,input_norm,485,b3ae7a4-dirty
Subject354,60,0.714003034003034,0.7333333333333333,0.7333333333333333,cnn,25,2,adabn,485,b3ae7a4-dirty
Subject354,60,0.7134391534391534,0.7333333333333333,0.7333333333333333,cnn,25,2,adabn_input,485,b3ae7a4-dirty
Subject354,60,0.7374795574795575,0.75,0.75,cnn,25,2,adabn_testdays,485,b3ae7a4-dirty
Subject561,60,0.5403367003367003,0.6333333333333333,0.6333333333333333,cnn,25,2,none,695,b3ae7a4-dirty
Subject561,60,0.4991208791208791,0.5666666666666667,0.5666666666666667,cnn,25,2,input_norm,695,b3ae7a4-dirty
Subject561,60,0.7492255892255894,0.7666666666666667,0.7666666666666667,cnn,25,2,adabn,695,b3ae7a4-dirty
Subject561,60,0.6285521885521885,0.6666666666666666,0.6666666666666666,cnn,25,2,adabn_input,695,b3ae7a4-dirty
Subject561,60,0.8017134717134717,0.8333333333333334,0.8333333333333334,cnn,25,2,adabn_testdays,695,b3ae7a4-dirty
Subject571,30,0.5155555555555555,0.6,0.6,cnn,25,2,none,804,b3ae7a4-dirty
Subject571,30,0.42328042328042326,0.5,0.5,cnn,25,2,input_norm,804,b3ae7a4-dirty
Subject571,30,0.6977777777777777,0.7333333333333333,0.7333333333333333,cnn,25,2,adabn,804,b3ae7a4-dirty
Subject571,30,0.6088888888888888,0.6666666666666666,0.6666666666666666,cnn,25,2,adabn_input,804,b3ae7a4-dirty
Subject571,30,0.6666666666666665,0.7,0.7,cnn,25,2,adabn_testdays,804,b3ae7a4-dirty
Subject611,60,0.6478499278499279,0.7166666666666667,0.7166666666666667,cnn,25,2,none,578,b3ae7a4-dirty
Subject611,60,0.7293314093314094,0.7833333333333333,0.7833333333333333,cnn,25,2,input_norm,578,b3ae7a4-dirty
Subject611,60,0.7867051467051468,0.8166666666666667,0.8166666666666667,cnn,25,2,adabn,578,b3ae7a4-dirty
Subject611,60,0.7663684463684464,0.8,0.8,cnn,25,2,adabn_input,578,b3ae7a4-dirty
Subject611,60,0.8023280423280424,0.8166666666666667,0.8166666666666667,cnn,25,2,adabn_testdays,578,b3ae7a4-dirty
Subject352,30,0.8066666666666666,0.8333333333333334,0.8333333333333334,cnn,25,8,none,866,b3ae7a4-dirty
Subject352,30,0.7936507936507937,0.8,0.8,cnn,25,8,input_norm,866,b3ae7a4-dirty
Subject352,30,0.84,0.8666666666666667,0.8666666666666667,cnn,25,8,adabn,866,b3ae7a4-dirty
Subject352,30,0.8755555555555555,0.9,0.9,cnn,25,8,adabn_input,866,b3ae7a4-dirty
Subject352,30,0.84,0.8666666666666667,0.8666666666666667,cnn,25,8,adabn_testdays,866,b3ae7a4-dirty
Subject353,60,0.8184271284271285,0.8333333333333334,0.8333333333333334,cnn,25,8,none,680,b3ae7a4-dirty
Subject353,60,0.8258201058201059,0.8333333333333334,0.8333333333333334,cnn,25,8,input_norm,680,b3ae7a4-dirty
Subject353,60,0.8246560846560846,0.8333333333333334,0.8333333333333334,cnn,25,8,adabn,680,b3ae7a4-dirty
Subject353,60,0.8204232804232805,0.85,0.85,cnn,25,8,adabn_input,680,b3ae7a4-dirty
Subject353,60,0.8192592592592592,0.8333333333333334,0.8333333333333334,cnn,25,8,adabn_testdays,680,b3ae7a4-dirty
Subject354,60,0.9223280423280423,0.9333333333333333,0.9333333333333333,cnn,25,8,none,485,b3ae7a4-dirty
Subject354,60,0.9147089947089948,0.9166666666666666,0.9166666666666666,cnn,25,8,input_norm,485,b3ae7a4-dirty
Subject354,60,0.8946031746031746,0.9,0.9,cnn,25,8,adabn,485,b3ae7a4-dirty
Subject354,60,0.8960846560846563,0.9,0.9,cnn,25,8,adabn_input,485,b3ae7a4-dirty
Subject354,60,0.8630687830687831,0.8833333333333333,0.8833333333333333,cnn,25,8,adabn_testdays,485,b3ae7a4-dirty
Subject561,60,0.7551515151515151,0.7833333333333333,0.7833333333333333,cnn,25,8,none,695,b3ae7a4-dirty
Subject561,60,0.7126547526547528,0.75,0.75,cnn,25,8,input_norm,695,b3ae7a4-dirty
Subject561,60,0.7555218855218855,0.7833333333333333,0.7833333333333333,cnn,25,8,adabn,695,b3ae7a4-dirty
Subject561,60,0.7756806156806156,0.8,0.8,cnn,25,8,adabn_input,695,b3ae7a4-dirty
Subject561,60,0.8374410774410774,0.8666666666666667,0.8666666666666667,cnn,25,8,adabn_testdays,695,b3ae7a4-dirty
Subject571,30,0.8469841269841271,0.8666666666666667,0.8666666666666667,cnn,25,8,none,804,b3ae7a4-dirty
Subject571,30,0.9333333333333332,0.9333333333333333,0.9333333333333333,cnn,25,8,input_norm,804,b3ae7a4-dirty
Subject571,30,0.9644444444444444,0.9666666666666667,0.9666666666666667,cnn,25,8,adabn,804,b3ae7a4-dirty
Subject571,30,0.9644444444444444,0.9666666666666667,0.9666666666666667,cnn,25,8,adabn_input,804,b3ae7a4-dirty
Subject571,30,0.9111111111111111,0.9333333333333333,0.9333333333333333,cnn,25,8,adabn_testdays,804,b3ae7a4-dirty
Subject611,60,0.8588552188552188,0.8666666666666667,0.8666666666666667,cnn,25,8,none,578,b3ae7a4-dirty
Subject611,60,0.864973544973545,0.8666666666666667,0.8666666666666667,cnn,25,8,input_norm,578,b3ae7a4-dirty
Subject611,60,0.7817989417989418,0.8,0.8,cnn,25,8,adabn,578,b3ae7a4-dirty
Subject611,60,0.801904761904762,0.8166666666666667,0.8166666666666667,cnn,25,8,adabn_input,578,b3ae7a4-dirty
Subject611,60,0.9119576719576721,0.9166666666666666,0.9166666666666666,cnn,25,8,adabn_testdays,578,b3ae7a4-dirty
Subject352,30,0.8533333333333333,0.8666666666666667,0.8666666666666667,cnn,25,17,none,866,b3ae7a4-dirty
Subject352,30,0.8088888888888889,0.8333333333333334,0.8333333333333334,cnn,25,17,input_norm,866,b3ae7a4-dirty
Subject352,30,0.7555555555555554,0.8,0.8,cnn,25,17,adabn,866,b3ae7a4-dirty
Subject352,30,0.7333333333333333,0.7666666666666667,0.7666666666666667,cnn,25,17,adabn_input,866,b3ae7a4-dirty
Subject352,30,0.8222222222222222,0.8333333333333334,0.8333333333333334,cnn,25,17,adabn_testdays,866,b3ae7a4-dirty
Subject353,60,0.8164021164021165,0.85,0.85,cnn,25,17,none,680,b3ae7a4-dirty
Subject353,60,0.8672486772486773,0.8666666666666667,0.8666666666666667,cnn,25,17,input_norm,680,b3ae7a4-dirty
Subject353,60,0.8412890812890813,0.85,0.85,cnn,25,17,adabn,680,b3ae7a4-dirty
Subject353,60,0.9162097162097161,0.9166666666666666,0.9166666666666666,cnn,25,17,adabn_input,680,b3ae7a4-dirty
Subject353,60,0.8431420431420432,0.8666666666666667,0.8666666666666667,cnn,25,17,adabn_testdays,680,b3ae7a4-dirty
Subject354,60,0.9278499278499279,0.9333333333333333,0.9333333333333333,cnn,25,17,none,485,b3ae7a4-dirty
Subject354,60,0.8676923076923077,0.8833333333333333,0.8833333333333333,cnn,25,17,input_norm,485,b3ae7a4-dirty
Subject354,60,0.9111111111111111,0.9333333333333333,0.9333333333333333,cnn,25,17,adabn,485,b3ae7a4-dirty
Subject354,60,0.9015873015873016,0.9166666666666666,0.9166666666666666,cnn,25,17,adabn_input,485,b3ae7a4-dirty
Subject354,60,0.9015873015873016,0.9166666666666666,0.9166666666666666,cnn,25,17,adabn_testdays,485,b3ae7a4-dirty
Subject561,60,0.8622222222222222,0.8833333333333333,0.8833333333333333,cnn,25,17,none,695,b3ae7a4-dirty
Subject561,60,0.8622222222222222,0.8833333333333333,0.8833333333333333,cnn,25,17,input_norm,695,b3ae7a4-dirty
Subject561,60,0.924886964886965,0.9333333333333333,0.9333333333333333,cnn,25,17,adabn,695,b3ae7a4-dirty
Subject561,60,0.9418181818181818,0.95,0.95,cnn,25,17,adabn_input,695,b3ae7a4-dirty
Subject561,60,0.8941798941798942,0.9166666666666666,0.9166666666666666,cnn,25,17,adabn_testdays,695,b3ae7a4-dirty
Subject571,30,0.7936507936507936,0.8333333333333334,0.8333333333333334,cnn,25,17,none,804,b3ae7a4-dirty
Subject571,30,0.8444444444444443,0.8666666666666667,0.8666666666666667,cnn,25,17,input_norm,804,b3ae7a4-dirty
Subject571,30,0.8222222222222222,0.8666666666666667,0.8666666666666667,cnn,25,17,adabn,804,b3ae7a4-dirty
Subject571,30,0.8222222222222222,0.8666666666666667,0.8666666666666667,cnn,25,17,adabn_input,804,b3ae7a4-dirty
Subject571,30,0.8177777777777778,0.8666666666666667,0.8666666666666667,cnn,25,17,adabn_testdays,804,b3ae7a4-dirty
Subject611,60,0.9661375661375663,0.9666666666666667,0.9666666666666667,cnn,25,17,none,578,b3ae7a4-dirty
Subject611,60,0.9830687830687831,0.9833333333333333,0.9833333333333333,cnn,25,17,input_norm,578,b3ae7a4-dirty
Subject611,60,0.9661375661375663,0.9666666666666667,0.9666666666666667,cnn,25,17,adabn,578,b3ae7a4-dirty
Subject611,60,0.9830687830687831,0.9833333333333333,0.9833333333333333,cnn,25,17,adabn_input,578,b3ae7a4-dirty
Subject611,60,0.9830687830687831,0.9833333333333333,0.9833333333333333,cnn,25,17,adabn_testdays,578,b3ae7a4-dirty
Subject147,31,0.7936507936507936,0.8333333333333334,0.8387096774193549,cnn,26,2,none,537,b3ae7a4-dirty
Subject147,31,0.7866666666666666,0.8333333333333334,0.8387096774193549,cnn,26,2,input_norm,537,b3ae7a4-dirty
Subject147,31,0.7225396825396825,0.7666666666666667,0.7741935483870968,cnn,26,2,adabn,537,b3ae7a4-dirty
Subject147,31,0.751111111111111,0.8,0.8064516129032258,cnn,26,2,adabn_input,537,b3ae7a4-dirty
Subject147,31,0.6977777777777777,0.7666666666666667,0.7741935483870968,cnn,26,2,adabn_testdays,537,b3ae7a4-dirty
Subject352,30,0.5822222222222223,0.6333333333333333,0.6333333333333333,cnn,26,2,none,866,b3ae7a4-dirty
Subject352,30,0.66,0.6666666666666666,0.6666666666666666,cnn,26,2,input_norm,866,b3ae7a4-dirty
Subject352,30,0.7844444444444445,0.8,0.8,cnn,26,2,adabn,866,b3ae7a4-dirty
Subject352,30,0.7866666666666667,0.8,0.8,cnn,26,2,adabn_input,866,b3ae7a4-dirty
Subject352,30,0.6333333333333333,0.6666666666666666,0.6666666666666666,cnn,26,2,adabn_testdays,866,b3ae7a4-dirty
Subject494,60,0.47035282799988687,0.55,0.55,cnn,26,2,none,506,b3ae7a4-dirty
Subject494,60,0.472929292929293,0.5666666666666667,0.5666666666666667,cnn,26,2,input_norm,506,b3ae7a4-dirty
Subject494,60,0.5107070707070708,0.5833333333333334,0.5833333333333334,cnn,26,2,adabn,506,b3ae7a4-dirty
Subject494,60,0.5225589225589226,0.6,0.6,cnn,26,2,adabn_input,506,b3ae7a4-dirty
Subject494,60,0.5107070707070708,0.5833333333333334,0.5833333333333334,cnn,26,2,adabn_testdays,506,b3ae7a4-dirty
Subject580,90,0.623808087337499,0.6555555555555554,0.6555555555555556,cnn,26,2,none,508,b3ae7a4-dirty
Subject580,90,0.5003881195057666,0.5444444444444444,0.5444444444444444,cnn,26,2,input_norm,508,b3ae7a4-dirty
Subject580,90,0.5175000781811928,0.5666666666666667,0.5666666666666667,cnn,26,2,adabn,508,b3ae7a4-dirty
Subject580,90,0.5119746484452368,0.5555555555555556,0.5555555555555556,cnn,26,2,adabn_input,508,b3ae7a4-dirty
Subject580,90,0.6028141792847674,0.6222222222222221,0.6222222222222222,cnn,26,2,adabn_testdays,508,b3ae7a4-dirty
Subject611,60,0.6941798941798941,0.7333333333333333,0.7333333333333333,cnn,26,2,none,578,b3ae7a4-dirty
Subject611,60,0.7223280423280424,0.75,0.75,cnn,26,2,input_norm,578,b3ae7a4-dirty
Subject611,60,0.7294708994708995,0.75,0.75,cnn,26,2,adabn,578,b3ae7a4-dirty
Subject611,60,0.7294708994708995,0.75,0.75,cnn,26,2,adabn_input,578,b3ae7a4-dirty
Subject611,60,0.7957671957671959,0.8166666666666667,0.8166666666666667,cnn,26,2,adabn_testdays,578,b3ae7a4-dirty
Subject969,30,0.4911111111111111,0.5666666666666667,0.5666666666666667,cnn,26,2,none,945,b3ae7a4-dirty
Subject969,30,0.5096296296296297,0.6,0.6,cnn,26,2,input_norm,945,b3ae7a4-dirty
Subject969,30,0.5136507936507937,0.6,0.6,cnn,26,2,adabn,945,b3ae7a4-dirty
Subject969,30,0.5136507936507937,0.6,0.6,cnn,26,2,adabn_input,945,b3ae7a4-dirty
Subject969,30,0.4977777777777777,0.5666666666666667,0.5666666666666667,cnn,26,2,adabn_testdays,945,b3ae7a4-dirty
Subject147,31,0.9111111111111111,0.9333333333333333,0.9354838709677419,cnn,26,8,none,537,b3ae7a4-dirty
Subject147,31,0.9111111111111111,0.9333333333333333,0.9354838709677419,cnn,26,8,input_norm,537,b3ae7a4-dirty
Subject147,31,1.0,1.0,1.0,cnn,26,8,adabn,537,b3ae7a4-dirty
Subject147,31,1.0,1.0,1.0,cnn,26,8,adabn_input,537,b3ae7a4-dirty
Subject147,31,0.9644444444444444,0.9666666666666667,0.967741935483871,cnn,26,8,adabn_testdays,537,b3ae7a4-dirty
Subject352,30,0.7244444444444444,0.7666666666666667,0.7666666666666667,cnn,26,8,none,866,b3ae7a4-dirty
Subject352,30,0.7825396825396825,0.8,0.8,cnn,26,8,input_norm,866,b3ae7a4-dirty
Subject352,30,0.8158730158730159,0.8333333333333334,0.8333333333333334,cnn,26,8,adabn,866,b3ae7a4-dirty
Subject352,30,0.8158730158730159,0.8333333333333334,0.8333333333333334,cnn,26,8,adabn_input,866,b3ae7a4-dirty
Subject352,30,0.7244444444444444,0.7666666666666667,0.7666666666666667,cnn,26,8,adabn_testdays,866,b3ae7a4-dirty
Subject494,60,0.6988472964943553,0.75,0.75,cnn,26,8,none,506,b3ae7a4-dirty
Subject494,60,0.8563347763347764,0.8666666666666667,0.8666666666666667,cnn,26,8,input_norm,506,b3ae7a4-dirty
Subject494,60,0.7443578643578644,0.7833333333333333,0.7833333333333333,cnn,26,8,adabn,506,b3ae7a4-dirty
Subject494,60,0.7356288156288157,0.7833333333333333,0.7833333333333333,cnn,26,8,adabn_input,506,b3ae7a4-dirty
Subject494,60,0.6833333333333333,0.75,0.75,cnn,26,8,adabn_testdays,506,b3ae7a4-dirty
Subject580,90,0.8985547785547786,0.9111111111111111,0.9111111111111111,cnn,26,8,none,508,b3ae7a4-dirty
Subject580,90,0.8097347097347097,0.8333333333333335,0.8333333333333334,cnn,26,8,input_norm,508,b3ae7a4-dirty
Subject580,90,0.86009546009546,0.8777777777777779,0.8777777777777778,cnn,26,8,adabn,508,b3ae7a4-dirty
Subject580,90,0.8826728826728826,0.9000000000000001,0.9,cnn,26,8,adabn_input,508,b3ae7a4-dirty
Subject580,90,0.8826728826728826,0.9000000000000001,0.9,cnn,26,8,adabn_testdays,508,b3ae7a4-dirty
Subject611,60,0.9661375661375663,0.9666666666666667,0.9666666666666667,cnn,26,8,none,578,b3ae7a4-dirty
Subject611,60,0.9062626262626262,0.9166666666666666,0.9166666666666666,cnn,26,8,input_norm,578,b3ae7a4-dirty
Subject611,60,0.9644444444444444,0.9666666666666667,0.9666666666666667,cnn,26,8,adabn,578,b3ae7a4-dirty
Subject611,60,0.9644444444444444,0.9666666666666667,0.9666666666666667,cnn,26,8,adabn_input,578,b3ae7a4-dirty
Subject611,60,0.9644444444444444,0.9666666666666667,0.9666666666666667,cnn,26,8,adabn_testdays,578,b3ae7a4-dirty
Subject969,30,0.5851851851851853,0.6666666666666666,0.6666666666666666,cnn,26,8,none,945,b3ae7a4-dirty
Subject969,30,0.6296296296296297,0.7,0.7,cnn,26,8,input_norm,945,b3ae7a4-dirty
Subject969,30,0.7311111111111112,0.7666666666666667,0.7666666666666667,cnn,26,8,adabn,945,b3ae7a4-dirty
Subject969,30,0.7580952380952382,0.8,0.8,cnn,26,8,adabn_input,945,b3ae7a4-dirty
Subject969,30,0.7580952380952382,0.8,0.8,cnn,26,8,adabn_testdays,945,b3ae7a4-dirty
Subject147,31,0.9644444444444444,0.9666666666666667,0.967741935483871,cnn,26,17,none,537,b3ae7a4-dirty
Subject147,31,0.9644444444444444,0.9666666666666667,0.967741935483871,cnn,26,17,input_norm,537,b3ae7a4-dirty
Subject147,31,0.9111111111111111,0.9333333333333333,0.9354838709677419,cnn,26,17,adabn,537,b3ae7a4-dirty
Subject147,31,0.9111111111111111,0.9333333333333333,0.9354838709677419,cnn,26,17,adabn_input,537,b3ae7a4-dirty
Subject147,31,0.9111111111111111,0.9333333333333333,0.9354838709677419,cnn,26,17,adabn_testdays,537,b3ae7a4-dirty
Subject352,30,0.8444444444444444,0.8666666666666667,0.8666666666666667,cnn,26,17,none,866,b3ae7a4-dirty
Subject352,30,0.8158730158730159,0.8333333333333334,0.8333333333333334,cnn,26,17,input_norm,866,b3ae7a4-dirty
Subject352,30,0.8158730158730159,0.8333333333333334,0.8333333333333334,cnn,26,17,adabn,866,b3ae7a4-dirty
Subject352,30,0.8158730158730159,0.8333333333333334,0.8333333333333334,cnn,26,17,adabn_input,866,b3ae7a4-dirty
Subject352,30,0.8158730158730159,0.8333333333333334,0.8333333333333334,cnn,26,17,adabn_testdays,866,b3ae7a4-dirty
Subject494,60,0.7931216931216931,0.8166666666666667,0.8166666666666667,cnn,26,17,none,506,b3ae7a4-dirty
Subject494,60,0.8546031746031747,0.8666666666666667,0.8666666666666667,cnn,26,17,input_norm,506,b3ae7a4-dirty
Subject494,60,0.7934583934583935,0.8166666666666667,0.8166666666666667,cnn,26,17,adabn,506,b3ae7a4-dirty
Subject494,60,0.8238287638287639,0.8333333333333334,0.8333333333333334,cnn,26,17,adabn_input,506,b3ae7a4-dirty
Subject494,60,0.7934583934583935,0.8166666666666667,0.8166666666666667,cnn,26,17,adabn_testdays,506,b3ae7a4-dirty
Subject580,90,0.9313752913752914,0.9333333333333333,0.9333333333333333,cnn,26,17,none,508,b3ae7a4-dirty
Subject580,90,0.8781041181041179,0.877777777777778,0.8777777777777778,cnn,26,17,input_norm,508,b3ae7a4-dirty
Subject580,90,0.9066947866947866,0.9111111111111112,0.9111111111111111,cnn,26,17,adabn,508,b3ae7a4-dirty
Subject580,90,0.9178835978835979,0.9222222222222223,0.9222222222222223,cnn,26,17,adabn_input,508,b3ae7a4-dirty
Subject580,90,0.9064061864061864,0.9111111111111111,0.9111111111111111,cnn,26,17,adabn_testdays,508,b3ae7a4-dirty
Subject611,60,0.9485714285714286,0.95,0.95,cnn,26,17,none,578,b3ae7a4-dirty
Subject611,60,0.9644444444444444,0.9666666666666667,0.9666666666666667,cnn,26,17,input_norm,578,b3ae7a4-dirty
Subject611,60,0.9644444444444444,0.9666666666666667,0.9666666666666667,cnn,26,17,adabn,578,b3ae7a4-dirty
Subject611,60,0.9644444444444444,0.9666666666666667,0.9666666666666667,cnn,26,17,adabn_input,578,b3ae7a4-dirty
Subject611,60,0.9485714285714286,0.95,0.95,cnn,26,17,adabn_testdays,578,b3ae7a4-dirty
Subject969,30,0.726984126984127,0.7666666666666667,0.7666666666666667,cnn,26,17,none,945,b3ae7a4-dirty
Subject969,30,0.8136507936507936,0.8333333333333334,0.8333333333333334,cnn,26,17,input_norm,945,b3ae7a4-dirty
Subject969,30,0.8755555555555555,0.9,0.9,cnn,26,17,adabn,945,b3ae7a4-dirty
Subject969,30,0.8755555555555555,0.9,0.9,cnn,26,17,adabn_input,945,b3ae7a4-dirty
Subject969,30,0.8422222222222222,0.8666666666666667,0.8666666666666667,cnn,26,17,adabn_testdays,945,b3ae7a4-dirty
Subject226,30,0.7140740740740742,0.7666666666666667,0.7666666666666667,cnn,27,2,none,605,b3ae7a4-dirty
Subject226,30,0.6486772486772487,0.7,0.7,cnn,27,2,input_norm,605,b3ae7a4-dirty
Subject226,30,0.6539682539682539,0.7333333333333333,0.7333333333333333,cnn,27,2,adabn,605,b3ae7a4-dirty
Subject226,30,0.6580952380952382,0.7333333333333333,0.7333333333333333,cnn,27,2,adabn_input,605,b3ae7a4-dirty
Subject226,30,0.5422222222222222,0.6333333333333333,0.6333333333333333,cnn,27,2,adabn_testdays,605,b3ae7a4-dirty
Subject352,30,0.7333333333333332,0.8,0.8,cnn,27,2,none,866,b3ae7a4-dirty
Subject352,30,0.6888888888888888,0.7333333333333333,0.7333333333333333,cnn,27,2,input_norm,866,b3ae7a4-dirty
Subject352,30,0.7466666666666666,0.7666666666666667,0.7666666666666667,cnn,27,2,adabn,866,b3ae7a4-dirty
Subject352,30,0.7822222222222222,0.8333333333333334,0.8333333333333334,cnn,27,2,adabn_input,866,b3ae7a4-dirty
Subject352,30,0.6158730158730159,0.7,0.7,cnn,27,2,adabn_testdays,866,b3ae7a4-dirty
Subject611,60,0.6499855699855701,0.7,0.7,cnn,27,2,none,578,b3ae7a4-dirty
Subject611,60,0.6658585858585859,0.7166666666666667,0.7166666666666667,cnn,27,2,input_norm,578,b3ae7a4-dirty
Subject611,60,0.6925252525252525,0.7333333333333333,0.7333333333333333,cnn,27,2,adabn,578,b3ae7a4-dirty
Subject611,60,0.7151515151515151,0.75,0.75,cnn,27,2,adabn_input,578,b3ae7a4-dirty
Subject611,60,0.6573737373737374,0.7166666666666667,0.7166666666666667,cnn,27,2,adabn_testdays,578,b3ae7a4-dirty
Subject741,60,0.6785377585377586,0.7333333333333333,0.7333333333333333,cnn,27,2,none,450,b3ae7a4-dirty
Subject741,60,0.5684126984126985,0.6333333333333333,0.6333333333333333,cnn,27,2,input_norm,450,b3ae7a4-dirty
Subject741,60,0.6518803418803418,0.6833333333333333,0.6833333333333333,cnn,27,2,adabn,450,b3ae7a4-dirty
Subject741,60,0.6770655270655271,0.7,0.7,cnn,27,2,adabn_input,450,b3ae7a4-dirty
Subject741,60,0.73987012987013,0.7666666666666667,0.7666666666666667,cnn,27,2,adabn_testdays,450,b3ae7a4-dirty
Subject890,30,0.6777777777777777,0.7333333333333333,0.7333333333333333,cnn,27,2,none,581,b3ae7a4-dirty
Subject890,30,0.6777777777777777,0.7333333333333333,0.7333333333333333,cnn,27,2,input_norm,581,b3ae7a4-dirty
Subject890,30,0.6777777777777777,0.7333333333333333,0.7333333333333333,cnn,27,2,adabn,581,b3ae7a4-dirty
Subject890,30,0.6777777777777777,0.7333333333333333,0.7333333333333333,cnn,27,2,adabn_input,581,b3ae7a4-dirty
Subject890,30,0.5222222222222223,0.6,0.6,cnn,27,2,adabn_testdays,581,b3ae7a4-dirty
Subject969,30,0.4425396825396825,0.5333333333333333,0.5333333333333333,cnn,27,2,none,945,b3ae7a4-dirty
Subject969,30,0.5377777777777778,0.6,0.6,cnn,27,2,input_norm,945,b3ae7a4-dirty
Subject969,30,0.6155555555555556,0.6666666666666666,0.6666666666666666,cnn,27,2,adabn,945,b3ae7a4-dirty
Subject969,30,0.6155555555555556,0.6666666666666666,0.6666666666666666,cnn,27,2,adabn_input,945,b3ae7a4-dirty
Subject969,30,0.5911111111111111,0.6333333333333333,0.6333333333333333,cnn,27,2,adabn_testdays,945,b3ae7a4-dirty
Subject226,30,0.8755555555555555,0.9,0.9,cnn,27,8,none,605,b3ae7a4-dirty
Subject226,30,0.8755555555555555,0.9,0.9,cnn,27,8,input_norm,605,b3ae7a4-dirty
Subject226,30,0.8177777777777778,0.8666666666666667,0.8666666666666667,cnn,27,8,adabn,605,b3ae7a4-dirty
Subject226,30,0.8755555555555555,0.9,0.9,cnn,27,8,adabn_input,605,b3ae7a4-dirty
Subject226,30,0.8755555555555555,0.9,0.9,cnn,27,8,adabn_testdays,605,b3ae7a4-dirty
Subject352,30,0.8088888888888889,0.8333333333333334,0.8333333333333334,cnn,27,8,none,866,b3ae7a4-dirty
Subject352,30,0.8444444444444444,0.8666666666666667,0.8666666666666667,cnn,27,8,input_norm,866,b3ae7a4-dirty
Subject352,30,0.8444444444444444,0.8666666666666667,0.8666666666666667,cnn,27,8,adabn,866,b3ae7a4-dirty
Subject352,30,0.8444444444444444,0.8666666666666667,0.8666666666666667,cnn,27,8,adabn_input,866,b3ae7a4-dirty
Subject352,30,0.8444444444444444,0.8666666666666667,0.8666666666666667,cnn,27,8,adabn_testdays,866,b3ae7a4-dirty
Subject611,60,0.9492063492063493,0.95,0.95,cnn,27,8,none,578,b3ae7a4-dirty
Subject611,60,0.9492063492063493,0.95,0.95,cnn,27,8,input_norm,578,b3ae7a4-dirty
Subject611,60,1.0,1.0,1.0,cnn,27,8,adabn,578,b3ae7a4-dirty
Subject611,60,1.0,1.0,1.0,cnn,27,8,adabn_input,578,b3ae7a4-dirty
Subject611,60,1.0,1.0,1.0,cnn,27,8,adabn_testdays,578,b3ae7a4-dirty
Subject741,60,0.8975132275132276,0.9,0.9,cnn,27,8,none,450,b3ae7a4-dirty
Subject741,60,0.8676911976911976,0.8666666666666667,0.8666666666666667,cnn,27,8,input_norm,450,b3ae7a4-dirty
Subject741,60,0.9328042328042329,0.9333333333333333,0.9333333333333333,cnn,27,8,adabn,450,b3ae7a4-dirty
Subject741,60,0.9161375661375661,0.9166666666666666,0.9166666666666666,cnn,27,8,adabn_input,450,b3ae7a4-dirty
Subject741,60,0.8968253968253969,0.9,0.9,cnn,27,8,adabn_testdays,450,b3ae7a4-dirty
Subject890,30,0.7492063492063491,0.8,0.8,cnn,27,8,none,581,b3ae7a4-dirty
Subject890,30,0.7092063492063492,0.7333333333333333,0.7333333333333333,cnn,27,8,input_norm,581,b3ae7a4-dirty
Subject890,30,0.7911111111111111,0.8333333333333334,0.8333333333333334,cnn,27,8,adabn,581,b3ae7a4-dirty
Subject890,30,0.7666666666666667,0.8,0.8,cnn,27,8,adabn_input,581,b3ae7a4-dirty
Subject890,30,0.7911111111111111,0.8333333333333334,0.8333333333333334,cnn,27,8,adabn_testdays,581,b3ae7a4-dirty
Subject969,30,0.5688888888888889,0.6333333333333333,0.6333333333333333,cnn,27,8,none,945,b3ae7a4-dirty
Subject969,30,0.6851851851851852,0.7333333333333333,0.7333333333333333,cnn,27,8,input_norm,945,b3ae7a4-dirty
Subject969,30,0.6555555555555554,0.7333333333333333,0.7333333333333333,cnn,27,8,adabn,945,b3ae7a4-dirty
Subject969,30,0.6555555555555554,0.7333333333333333,0.7333333333333333,cnn,27,8,adabn_input,945,b3ae7a4-dirty
Subject969,30,0.7088888888888889,0.7666666666666667,0.7666666666666667,cnn,27,8,adabn_testdays,945,b3ae7a4-dirty
Subject226,30,0.8177777777777778,0.8666666666666667,0.8666666666666667,cnn,27,17,none,605,b3ae7a4-dirty
Subject226,30,0.8711111111111111,0.9,0.9,cnn,27,17,input_norm,605,b3ae7a4-dirty
Subject226,30,0.8711111111111111,0.9,0.9,cnn,27,17,adabn,605,b3ae7a4-dirty
Subject226,30,0.8711111111111111,0.9,0.9,cnn,27,17,adabn_input,605,b3ae7a4-dirty
Subject226,30,0.8755555555555555,0.9,0.9,cnn,27,17,adabn_testdays,605,b3ae7a4-dirty
Subject352,30,0.9111111111111111,0.9333333333333333,0.9333333333333333,cnn,27,17,none,866,b3ae7a4-dirty
Subject352,30,0.8755555555555555,0.9,0.9,cnn,27,17,input_norm,866,b3ae7a4-dirty
Subject352,30,0.9111111111111111,0.9333333333333333,0.9333333333333333,cnn,27,17,adabn,866,b3ae7a4-dirty
Subject352,30,0.9111111111111111,0.9333333333333333,0.9333333333333333,cnn,27,17,adabn_input,866,b3ae7a4-dirty
Subject352,30,0.9111111111111111,0.9333333333333333,0.9333333333333333,cnn,27,17,adabn_testdays,866,b3ae7a4-dirty
Subject611,60,0.9311111111111111,0.9333333333333333,0.9333333333333333,cnn,27,17,none,578,b3ae7a4-dirty
Subject611,60,0.9644444444444444,0.9666666666666667,0.9666666666666667,cnn,27,17,input_norm,578,b3ae7a4-dirty
Subject611,60,0.9316402116402117,0.9333333333333333,0.9333333333333333,cnn,27,17,adabn,578,b3ae7a4-dirty
Subject611,60,0.9316402116402117,0.9333333333333333,0.9333333333333333,cnn,27,17,adabn_input,578,b3ae7a4-dirty
Subject611,60,0.9485714285714286,0.95,0.95,cnn,27,17,adabn_testdays,578,b3ae7a4-dirty
Subject741,60,0.9492063492063492,0.95,0.95,cnn,27,17,none,450,b3ae7a4-dirty
Subject741,60,0.911957671957672,0.9166666666666666,0.9166666666666666,cnn,27,17,input_norm,450,b3ae7a4-dirty
Subject741,60,0.9830687830687831,0.9833333333333333,0.9833333333333333,cnn,27,17,adabn,450,b3ae7a4-dirty
Subject741,60,0.9666666666666667,0.9666666666666667,0.9666666666666667,cnn,27,17,adabn_input,450,b3ae7a4-dirty
Subject741,60,0.9666666666666667,0.9666666666666667,0.9666666666666667,cnn,27,17,adabn_testdays,450,b3ae7a4-dirty
Subject890,30,0.9644444444444444,0.9666666666666667,0.9666666666666667,cnn,27,17,none,581,b3ae7a4-dirty
Subject890,30,0.7936507936507937,0.8333333333333334,0.8333333333333334,cnn,27,17,input_norm,581,b3ae7a4-dirty
Subject890,30,0.8825396825396825,0.9,0.9,cnn,27,17,adabn,581,b3ae7a4-dirty
Subject890,30,0.9333333333333332,0.9333333333333333,0.9333333333333333,cnn,27,17,adabn_input,581,b3ae7a4-dirty
Subject890,30,0.8825396825396825,0.9,0.9,cnn,27,17,adabn_testdays,581,b3ae7a4-dirty
Subject969,30,0.7407407407407407,0.7666666666666667,0.7666666666666667,cnn,27,17,none,945,b3ae7a4-dirty
Subject969,30,0.8492063492063492,0.8666666666666667,0.8666666666666667,cnn,27,17,input_norm,945,b3ae7a4-dirty
Subject969,30,0.8488888888888888,0.8666666666666667,0.8666666666666667,cnn,27,17,adabn,945,b3ae7a4-dirty
Subject969,30,0.8488888888888888,0.8666666666666667,0.8666666666666667,cnn,27,17,adabn_input,945,b3ae7a4-dirty
Subject969,30,0.8888888888888888,0.9,0.9,cnn,27,17,adabn_testdays,945,b3ae7a4-dirty
Subject139,60,0.6177452177452178,0.7,0.7,cnn,28,2,none,660,b3ae7a4-dirty
Subject139,60,0.6084859584859585,0.6833333333333333,0.6833333333333333,cnn,28,2,input_norm,660,b3ae7a4-dirty
Subject139,60,0.5965811965811965,0.6666666666666666,0.6666666666666666,cnn,28,2,adabn,660,b3ae7a4-dirty
Subject139,60,0.5965811965811965,0.6666666666666666,0.6666666666666666,cnn,28,2,adabn_input,660,b3ae7a4-dirty
Subject139,60,0.6844444444444444,0.75,0.75,cnn,28,2,adabn_testdays,660,b3ae7a4-dirty
Subject352,30,0.5692063492063492,0.6333333333333333,0.6333333333333333,cnn,28,2,none,866,b3ae7a4-dirty
Subject352,30,0.5222222222222223,0.5666666666666667,0.5666666666666667,cnn,28,2,input_norm,866,b3ae7a4-dirty
Subject352,30,0.5444444444444444,0.6,0.6,cnn,28,2,adabn,866,b3ae7a4-dirty
Subject352,30,0.5222222222222223,0.5666666666666667,0.5666666666666667,cnn,28,2,adabn_input,866,b3ae7a4-dirty
Subject352,30,0.5444444444444445,0.6,0.6,cnn,28,2,adabn_testdays,866,b3ae7a4-dirty
Subject494,60,0.6441473341473342,0.6666666666666666,0.6666666666666666,cnn,28,2,none,506,b3ae7a4-dirty
Subject494,60,0.7233536833536832,0.75,0.75,cnn,28,2,input_norm,506,b3ae7a4-dirty
Subject494,60,0.6572690272690274,0.6833333333333333,0.6833333333333333,cnn,28,2,adabn,506,b3ae7a4-dirty
Subject494,60,0.6983801383801383,0.7166666666666667,0.7166666666666667,cnn,28,2,adabn_input,506,b3ae7a4-dirty
Subject494,60,0.6572690272690274,0.6833333333333333,0.6833333333333333,cnn,28,2,adabn_testdays,506,b3ae7a4-dirty
Subject516,30,0.6933333333333334,0.7666666666666667,0.7666666666666667,cnn,28,2,none,552,b3ae7a4-dirty
Subject516,30,0.6577777777777778,0.7333333333333333,0.7333333333333333,cnn,28,2,input_norm,552,b3ae7a4-dirty
Subject516,30,0.6933333333333334,0.7666666666666667,0.7666666666666667,cnn,28,2,adabn,552,b3ae7a4-dirty
Subject516,30,0.6622222222222222,0.7333333333333333,0.7333333333333333,cnn,28,2,adabn_input,552,b3ae7a4-dirty
Subject516,30,0.6933333333333334,0.7666666666666667,0.7666666666666667,cnn,28,2,adabn_testdays,552,b3ae7a4-dirty
Subject729,60,0.7037037037037038,0.7333333333333333,0.7333333333333333,cnn,28,2,none,723,b3ae7a4-dirty
Subject729,60,0.7393314093314094,0.7833333333333333,0.7833333333333333,cnn,28,2,input_norm,723,b3ae7a4-dirty
Subject729,60,0.757037037037037,0.7833333333333333,0.7833333333333333,cnn,28,2,adabn,723,b3ae7a4-dirty
Subject729,60,0.7762962962962963,0.8,0.8,cnn,28,2,adabn_input,723,b3ae7a4-dirty
Subject729,60,0.7589947089947091,0.7833333333333333,0.7833333333333333,cnn,28,2,adabn_testdays,723,b3ae7a4-dirty
Subject877,60,0.547936507936508,0.6,0.6,cnn,28,2,none,646,b3ae7a4-dirty
Subject877,60,0.6256277056277056,0.65,0.65,cnn,28,2,input_norm,646,b3ae7a4-dirty
Subject877,60,0.713015873015873,0.75,0.75,cnn,28,2,adabn,646,b3ae7a4-dirty
Subject877,60,0.713015873015873,0.75,0.75,cnn,28,2,adabn_input,646,b3ae7a4-dirty
Subject877,60,0.660952380952381,0.6833333333333333,0.6833333333333333,cnn,28,2,adabn_testdays,646,b3ae7a4-dirty
Subject139,60,0.8366329966329966,0.8666666666666667,0.8666666666666667,cnn,28,8,none,660,b3ae7a4-dirty
Subject139,60,0.814006734006734,0.85,0.85,cnn,28,8,input_norm,660,b3ae7a4-dirty
Subject139,60,0.9119576719576721,0.9166666666666666,0.9166666666666666,cnn,28,8,adabn,660,b3ae7a4-dirty
Subject139,60,0.8707070707070707,0.8833333333333333,0.8833333333333333,cnn,28,8,adabn_input,660,b3ae7a4-dirty
Subject139,60,0.9305820105820106,0.9333333333333333,0.9333333333333333,cnn,28,8,adabn_testdays,660,b3ae7a4-dirty
Subject352,30,0.6,0.6666666666666666,0.6666666666666666,cnn,28,8,none,866,b3ae7a4-dirty
Subject352,30,0.6355555555555555,0.7,0.7,cnn,28,8,input_norm,866,b3ae7a4-dirty
Subject352,30,0.6666666666666666,0.7333333333333333,0.7333333333333333,cnn,28,8,adabn,866,b3ae7a4-dirty
Subject352,30,0.6666666666666666,0.7333333333333333,0.7333333333333333,cnn,28,8,adabn_input,866,b3ae7a4-dirty
Subject352,30,0.6444444444444445,0.7,0.7,cnn,28,8,adabn_testdays,866,b3ae7a4-dirty
Subject494,60,0.7525925925925925,0.7833333333333333,0.7833333333333333,cnn,28,8,none,506,b3ae7a4-dirty
Subject494,60,0.7986531986531986,0.8333333333333334,0.8333333333333334,cnn,28,8,input_norm,506,b3ae7a4-dirty
Subject494,60,0.785978835978836,0.8,0.8,cnn,28,8,adabn,506,b3ae7a4-dirty
Subject494,60,0.785978835978836,0.8,0.8,cnn,28,8,adabn_input,506,b3ae7a4-dirty
Subject494,60,0.7953439153439154,0.8166666666666667,0.8166666666666667,cnn,28,8,adabn_testdays,506,b3ae7a4-dirty
Subject516,30,0.9644444444444444,0.9666666666666667,0.9666666666666667,cnn,28,8,none,552,b3ae7a4-dirty
Subject516,30,0.9111111111111111,0.9333333333333333,0.9333333333333333,cnn,28,8,input_norm,552,b3ae7a4-dirty
Subject516,30,0.9333333333333333,0.9333333333333333,0.9333333333333333,cnn,28,8,adabn,552,b3ae7a4-dirty
Subject516,30,0.9644444444444444,0.9666666666666667,0.9666666666666667,cnn,28,8,adabn_input,552,b3ae7a4-dirty
Subject516,30,0.9644444444444444,0.9666666666666667,0.9666666666666667,cnn,28,8,adabn_testdays,552,b3ae7a4-dirty
Subject729,60,0.8258201058201059,0.85,0.85,cnn,28,8,none,723,b3ae7a4-dirty
Subject729,60,0.8205098605098605,0.85,0.85,cnn,28,8,input_norm,723,b3ae7a4-dirty
Subject729,60,0.9147089947089948,0.9166666666666666,0.9166666666666666,cnn,28,8,adabn,723,b3ae7a4-dirty
Subject729,60,0.8796825396825397,0.8833333333333333,0.8833333333333333,cnn,28,8,adabn_input,723,b3ae7a4-dirty
Subject729,60,0.9325396825396826,0.9333333333333333,0.9333333333333333,cnn,28,8,adabn_testdays,723,b3ae7a4-dirty
Subject877,60,0.9644444444444444,0.9666666666666667,0.9666666666666667,cnn,28,8,none,646,b3ae7a4-dirty
Subject877,60,0.9830687830687831,0.9833333333333333,0.9833333333333333,cnn,28,8,input_norm,646,b3ae7a4-dirty
Subject877,60,0.9644444444444444,0.9666666666666667,0.9666666666666667,cnn,28,8,adabn,646,b3ae7a4-dirty
Subject877,60,0.9661375661375662,0.9666666666666667,0.9666666666666667,cnn,28,8,adabn_input,646,b3ae7a4-dirty
Subject877,60,0.9830687830687831,0.9833333333333333,0.9833333333333333,cnn,28,8,adabn_testdays,646,b3ae7a4-dirty
Subject139,60,0.9481481481481481,0.95,0.95,cnn,28,17,none,660,b3ae7a4-dirty
Subject139,60,0.9497354497354498,0.95,0.95,cnn,28,17,input_norm,660,b3ae7a4-dirty
Subject139,60,0.9664021164021165,0.9666666666666667,0.9666666666666667,cnn,28,17,adabn,660,b3ae7a4-dirty
Subject139,60,0.9481481481481481,0.95,0.95,cnn,28,17,adabn_input,660,b3ae7a4-dirty
Subject139,60,0.9664021164021165,0.9666666666666667,0.9666666666666667,cnn,28,17,adabn_testdays,660,b3ae7a4-dirty
Subject352,30,0.7866666666666667,0.8333333333333334,0.8333333333333334,cnn,28,17,none,866,b3ae7a4-dirty
Subject352,30,0.7511111111111111,0.8,0.8,cnn,28,17,input_norm,866,b3ae7a4-dirty
Subject352,30,0.7866666666666667,0.8333333333333334,0.8333333333333334,cnn,28,17,adabn,866,b3ae7a4-dirty
Subject352,30,0.7155555555555556,0.7666666666666667,0.7666666666666667,cnn,28,17,adabn_input,866,b3ae7a4-dirty
Subject352,30,0.84,0.8666666666666667,0.8666666666666667,cnn,28,17,adabn_testdays,866,b3ae7a4-dirty
Subject494,60,0.791097791097791,0.8166666666666667,0.8166666666666667,cnn,28,17,none,506,b3ae7a4-dirty
Subject494,60,0.8529292929292929,0.8833333333333333,0.8833333333333333,cnn,28,17,input_norm,506,b3ae7a4-dirty
Subject494,60,0.8522943722943723,0.8666666666666667,0.8666666666666667,cnn,28,17,adabn,506,b3ae7a4-dirty
Subject494,60,0.881077441077441,0.9,0.9,cnn,28,17,adabn_input,506,b3ae7a4-dirty
Subject494,60,0.8495622895622896,0.8833333333333333,0.8833333333333333,cnn,28,17,adabn_testdays,506,b3ae7a4-dirty
Subject516,30,1.0,1.0,1.0,cnn,28,17,none,552,b3ae7a4-dirty
Subject516,30,1.0,1.0,1.0,cnn,28,17,input_norm,552,b3ae7a4-dirty
Subject516,30,0.9644444444444444,0.9666666666666667,0.9666666666666667,cnn,28,17,adabn,552,b3ae7a4-dirty
Subject516,30,0.9644444444444444,0.9666666666666667,0.9666666666666667,cnn,28,17,adabn_input,552,b3ae7a4-dirty
Subject516,30,1.0,1.0,1.0,cnn,28,17,adabn_testdays,552,b3ae7a4-dirty
Subject729,60,0.9141798941798942,0.9166666666666666,0.9166666666666666,cnn,28,17,none,723,b3ae7a4-dirty
Subject729,60,0.8947089947089947,0.9,0.9,cnn,28,17,input_norm,723,b3ae7a4-dirty
Subject729,60,0.8728042328042329,0.9,0.9,cnn,28,17,adabn,723,b3ae7a4-dirty
Subject729,60,0.8772486772486772,0.9,0.9,cnn,28,17,adabn_input,723,b3ae7a4-dirty
Subject729,60,0.9291005291005291,0.9333333333333333,0.9333333333333333,cnn,28,17,adabn_testdays,723,b3ae7a4-dirty
Subject877,60,1.0,1.0,1.0,cnn,28,17,none,646,b3ae7a4-dirty
Subject877,60,1.0,1.0,1.0,cnn,28,17,input_norm,646,b3ae7a4-dirty
Subject877,60,1.0,1.0,1.0,cnn,28,17,adabn,646,b3ae7a4-dirty
Subject877,60,1.0,1.0,1.0,cnn,28,17,adabn_input,646,b3ae7a4-dirty
Subject877,60,1.0,1.0,1.0,cnn,28,17,adabn_testdays,646,b3ae7a4-dirty
Subject139,60,0.6894708994708995,0.7333333333333333,0.7333333333333333,cnn,29,2,none,660,b3ae7a4-dirty
Subject139,60,0.6757671957671959,0.7333333333333333,0.7333333333333333,cnn,29,2,input_norm,660,b3ae7a4-dirty
Subject139,60,0.6730972730972731,0.7333333333333333,0.7333333333333333,cnn,29,2,adabn,660,b3ae7a4-dirty
Subject139,60,0.6730972730972731,0.7333333333333333,0.7333333333333333,cnn,29,2,adabn_input,660,b3ae7a4-dirty
Subject139,60,0.6860317460317461,0.75,0.75,cnn,29,2,adabn_testdays,660,b3ae7a4-dirty
Subject226,30,0.5133333333333333,0.5666666666666667,0.5666666666666667,cnn,29,2,none,605,b3ae7a4-dirty
Subject226,30,0.4777777777777778,0.5333333333333333,0.5333333333333333,cnn,29,2,input_norm,605,b3ae7a4-dirty
Subject226,30,0.611111111111111,0.6666666666666666,0.6666666666666666,cnn,29,2,adabn,605,b3ae7a4-dirty
Subject226,30,0.611111111111111,0.6666666666666666,0.6666666666666666,cnn,29,2,adabn_input,605,b3ae7a4-dirty
Subject226,30,0.5625396825396826,0.6,0.6,cnn,29,2,adabn_testdays,605,b3ae7a4-dirty
Subject353,60,0.6138328338328338,0.65,0.65,cnn,29,2,none,680,b3ae7a4-dirty
Subject353,60,0.7170033670033669,0.75,0.75,cnn,29,2,input_norm,680,b3ae7a4-dirty
Subject353,60,0.861131461131461,0.8666666666666667,0.8666666666666667,cnn,29,2,adabn,680,b3ae7a4-dirty
Subject353,60,0.8374277574277574,0.85,0.85,cnn,29,2,adabn_input,680,b3ae7a4-dirty
Subject353,60,0.7794708994708995,0.8,0.8,cnn,29,2,adabn_testdays,680,b3ae7a4-dirty
Subject424,60,0.7185185185185184,0.7666666666666667,0.7666666666666667,cnn,29,2,none,448,b3ae7a4-dirty
Subject424,60,0.6463492063492065,0.7,0.7,cnn,29,2,input_norm,448,b3ae7a4-dirty
Subject424,60,0.7377777777777778,0.7666666666666667,0.7666666666666667,cnn,29,2,adabn,448,b3ae7a4-dirty
Subject424,60,0.7135642135642135,0.75,0.75,cnn,29,2,adabn_input,448,b3ae7a4-dirty
Subject424,60,0.7659451659451659,0.8,0.8,cnn,29,2,adabn_testdays,448,b3ae7a4-dirty
Subject516,30,0.5403174603174604,0.6,0.6,cnn,29,2,none,552,b3ae7a4-dirty
Subject516,30,0.6603174603174602,0.7,0.7,cnn,29,2,input_norm,552,b3ae7a4-dirty
Subject516,30,0.5714285714285714,0.6333333333333333,0.6333333333333333,cnn,29,2,adabn,552,b3ae7a4-dirty
Subject516,30,0.6247619047619046,0.6666666666666666,0.6666666666666666,cnn,29,2,adabn_input,552,b3ae7a4-dirty
Subject516,30,0.6158730158730158,0.7,0.7,cnn,29,2,adabn_testdays,552,b3ae7a4-dirty
Subject571,30,0.5822222222222222,0.6666666666666666,0.6666666666666666,cnn,29,2,none,804,b3ae7a4-dirty
Subject571,30,0.5888888888888888,0.6666666666666666,0.6666666666666666,cnn,29,2,input_norm,804,b3ae7a4-dirty
Subject571,30,0.5177777777777778,0.6,0.6,cnn,29,2,adabn,804,b3ae7a4-dirty
Subject571,30,0.5177777777777778,0.6,0.6,cnn,29,2,adabn_input,804,b3ae7a4-dirty
Subject571,30,0.5034920634920634,0.5666666666666667,0.5666666666666667,cnn,29,2,adabn_testdays,804,b3ae7a4-dirty
Subject139,60,0.734915454915455,0.7833333333333333,0.7833333333333333,cnn,29,8,none,660,b3ae7a4-dirty
Subject139,60,0.7211396011396011,0.7833333333333333,0.7833333333333333,cnn,29,8,input_norm,660,b3ae7a4-dirty
Subject139,60,0.8445502645502645,0.85,0.85,cnn,29,8,adabn,660,b3ae7a4-dirty
Subject139,60,0.8445502645502645,0.85,0.85,cnn,29,8,adabn_input,660,b3ae7a4-dirty
Subject139,60,0.9172486772486772,0.9166666666666666,0.9166666666666666,cnn,29,8,adabn_testdays,660,b3ae7a4-dirty
Subject226,30,0.7555555555555554,0.8,0.8,cnn,29,8,none,605,b3ae7a4-dirty
Subject226,30,0.8711111111111111,0.9,0.9,cnn,29,8,input_norm,605,b3ae7a4-dirty
Subject226,30,0.766984126984127,0.8,0.8,cnn,29,8,adabn,605,b3ae7a4-dirty
Subject226,30,0.8247619047619048,0.8333333333333334,0.8333333333333334,cnn,29,8,adabn_input,605,b3ae7a4-dirty
Subject226,30,0.758095238095238,0.8,0.8,cnn,29,8,adabn_testdays,605,b3ae7a4-dirty
Subject353,60,0.7326984126984127,0.75,0.75,cnn,29,8,none,680,b3ae7a4-dirty
Subject353,60,0.8406349206349207,0.85,0.85,cnn,29,8,input_norm,680,b3ae7a4-dirty
Subject353,60,0.8393854293854293,0.85,0.85,cnn,29,8,adabn,680,b3ae7a4-dirty
Subject353,60,0.8393854293854293,0.85,0.85,cnn,29,8,adabn_input,680,b3ae7a4-dirty
Subject353,60,0.7716594516594516,0.8,0.8,cnn,29,8,adabn_testdays,680,b3ae7a4-dirty
Subject424,60,0.8025396825396826,0.8333333333333334,0.8333333333333334,cnn,29,8,none,448,b3ae7a4-dirty
Subject424,60,0.8444444444444443,0.8666666666666667,0.8666666666666667,cnn,29,8,input_norm,448,b3ae7a4-dirty
Subject424,60,0.8529292929292929,0.8833333333333333,0.8833333333333333,cnn,29,8,adabn,448,b3ae7a4-dirty
Subject424,60,0.8495622895622895,0.8833333333333333,0.8833333333333333,cnn,29,8,adabn_input,448,b3ae7a4-dirty
Subject424,60,0.9223280423280423,0.9333333333333333,0.9333333333333333,cnn,29,8,adabn_testdays,448,b3ae7a4-dirty
Subject516,30,0.8488888888888888,0.8666666666666667,0.8666666666666667,cnn,29,8,none,552,b3ae7a4-dirty
Subject516,30,0.8755555555555555,0.9,0.9,cnn,29,8,input_norm,552,b3ae7a4-dirty
Subject516,30,0.8158730158730159,0.8333333333333334,0.8333333333333334,cnn,29,8,adabn,552,b3ae7a4-dirty
Subject516,30,0.8158730158730159,0.8333333333333334,0.8333333333333334,cnn,29,8,adabn_input,552,b3ae7a4-dirty
Subject516,30,0.8755555555555555,0.9,0.9,cnn,29,8,adabn_testdays,552,b3ae7a4-dirty
Subject571,30,0.9111111111111111,0.9333333333333333,0.9333333333333333,cnn,29,8,none,804,b3ae7a4-dirty
Subject571,30,0.9111111111111111,0.9333333333333333,0.9333333333333333,cnn,29,8,input_norm,804,b3ae7a4-dirty
Subject571,30,0.8222222222222222,0.8666666666666667,0.8666666666666667,cnn,29,8,adabn,804,b3ae7a4-dirty
Subject571,30,0.8222222222222222,0.8666666666666667,0.8666666666666667,cnn,29,8,adabn_input,804,b3ae7a4-dirty
Subject571,30,0.8755555555555555,0.9,0.9,cnn,29,8,adabn_testdays,804,b3ae7a4-dirty
Subject139,60,0.9830687830687831,0.9833333333333333,0.9833333333333333,cnn,29,17,none,660,b3ae7a4-dirty
Subject139,60,0.9830687830687831,0.9833333333333333,0.9833333333333333,cnn,29,17,input_norm,660,b3ae7a4-dirty
Subject139,60,1.0,1.0,1.0,cnn,29,17,adabn,660,b3ae7a4-dirty
Subject139,60,1.0,1.0,1.0,cnn,29,17,adabn_input,660,b3ae7a4-dirty
Subject139,60,1.0,1.0,1.0,cnn,29,17,adabn_testdays,660,b3ae7a4-dirty
Subject226,30,0.8177777777777778,0.8666666666666667,0.8666666666666667,cnn,29,17,none,605,b3ae7a4-dirty
Subject226,30,0.8711111111111111,0.9,0.9,cnn,29,17,input_norm,605,b3ae7a4-dirty
Subject226,30,0.9288888888888889,0.9333333333333333,0.9333333333333333,cnn,29,17,adabn,605,b3ae7a4-dirty
Subject226,30,0.9288888888888889,0.9333333333333333,0.9333333333333333,cnn,29,17,adabn_input,605,b3ae7a4-dirty
Subject226,30,0.8177777777777778,0.8666666666666667,0.8666666666666667,cnn,29,17,adabn_testdays,605,b3ae7a4-dirty
Subject353,60,0.8186243386243386,0.8333333333333334,0.8333333333333334,cnn,29,17,none,680,b3ae7a4-dirty
Subject353,60,0.8800529100529101,0.8833333333333333,0.8833333333333333,cnn,29,17,input_norm,680,b3ae7a4-dirty
Subject353,60,0.8280952380952382,0.8333333333333334,0.8333333333333334,cnn,29,17,adabn,680,b3ae7a4-dirty
Subject353,60,0.8418518518518519,0.85,0.85,cnn,29,17,adabn_input,680,b3ae7a4-dirty
Subject353,60,0.8393314093314094,0.85,0.85,cnn,29,17,adabn_testdays,680,b3ae7a4-dirty
Subject424,60,0.8825396825396825,0.9,0.9,cnn,29,17,none,448,b3ae7a4-dirty
Subject424,60,0.9500721500721502,0.95,0.95,cnn,29,17,input_norm,448,b3ae7a4-dirty
Subject424,60,0.9500721500721502,0.95,0.95,cnn,29,17,adabn,448,b3ae7a4-dirty
Subject424,60,0.9500721500721502,0.95,0.95,cnn,29,17,adabn_input,448,b3ae7a4-dirty
Subject424,60,0.9676190476190477,0.9666666666666667,0.9666666666666667,cnn,29,17,adabn_testdays,448,b3ae7a4-dirty
Subject516,30,0.9311111111111111,0.9333333333333333,0.9333333333333333,cnn,29,17,none,552,b3ae7a4-dirty
Subject516,30,0.9311111111111111,0.9333333333333333,0.9333333333333333,cnn,29,17,input_norm,552,b3ae7a4-dirty
Subject516,30,1.0,1.0,1.0,cnn,29,17,adabn,552,b3ae7a4-dirty
Subject516,30,1.0,1.0,1.0,cnn,29,17,adabn_input,552,b3ae7a4-dirty
Subject516,30,1.0,1.0,1.0,cnn,29,17,adabn_testdays,552,b3ae7a4-dirty
Subject571,30,0.9644444444444444,0.9666666666666667,0.9666666666666667,cnn,29,17,none,804,b3ae7a4-dirty
Subject571,30,0.8444444444444443,0.8666666666666667,0.8666666666666667,cnn,29,17,input_norm,804,b3ae7a4-dirty
Subject571,30,0.8755555555555555,0.9,0.9,cnn,29,17,adabn,804,b3ae7a4-dirty
Subject571,30,0.8755555555555555,0.9,0.9,cnn,29,17,adabn_input,804,b3ae7a4-dirty
Subject571,30,0.8755555555555555,0.9,0.9,cnn,29,17,adabn_testdays,804,b3ae7a4-dirty
