athlete,n_bouts,macro_f1,balanced_acc,accuracy,model,repeat,n_team,condition,n_unlabeled_windows,git
Subject139,60,0.5163059163059163,0.5666666666666667,0.5666666666666667,lstm,0,2,none,660,b3ae7a4-dirty
Subject139,60,0.5183945683945683,0.5666666666666667,0.5666666666666667,lstm,0,2,input_norm,660,b3ae7a4-dirty
Subject353,60,0.5081770081770082,0.5833333333333334,0.5833333333333334,lstm,0,2,none,680,b3ae7a4-dirty
Subject353,60,0.5091462241462242,0.5833333333333334,0.5833333333333334,lstm,0,2,input_norm,680,b3ae7a4-dirty
Subject424,60,0.49142857142857144,0.55,0.55,lstm,0,2,none,448,b3ae7a4-dirty
Subject424,60,0.5517948717948717,0.6166666666666667,0.6166666666666667,lstm,0,2,input_norm,448,b3ae7a4-dirty
Subject455,60,0.4782905982905982,0.5333333333333333,0.5333333333333333,lstm,0,2,none,489,b3ae7a4-dirty
Subject455,60,0.4061043634727845,0.43333333333333335,0.43333333333333335,lstm,0,2,input_norm,489,b3ae7a4-dirty
Subject731,30,0.49777777777777776,0.5666666666666667,0.5666666666666667,lstm,0,2,none,645,b3ae7a4-dirty
Subject731,30,0.44888888888888884,0.5,0.5,lstm,0,2,input_norm,645,b3ae7a4-dirty
Subject890,30,0.5866666666666666,0.6666666666666666,0.6666666666666666,lstm,0,2,none,581,b3ae7a4-dirty
Subject890,30,0.6777777777777777,0.7333333333333333,0.7333333333333333,lstm,0,2,input_norm,581,b3ae7a4-dirty
Subject139,60,0.759057239057239,0.8,0.8,lstm,0,8,none,660,b3ae7a4-dirty
Subject139,60,0.759057239057239,0.8,0.8,lstm,0,8,input_norm,660,b3ae7a4-dirty
Subject353,60,0.6080808080808081,0.65,0.65,lstm,0,8,none,680,b3ae7a4-dirty
Subject353,60,0.6484223184223185,0.6833333333333333,0.6833333333333333,lstm,0,8,input_norm,680,b3ae7a4-dirty
Subject424,60,0.7145706145706147,0.7666666666666667,0.7666666666666667,lstm,0,8,none,448,b3ae7a4-dirty
Subject424,60,0.7000925000925001,0.75,0.75,lstm,0,8,input_norm,448,b3ae7a4-dirty
Subject455,60,0.9248869648869648,0.9333333333333333,0.9333333333333333,lstm,0,8,none,489,b3ae7a4-dirty
Subject455,60,0.8052910052910052,0.85,0.85,lstm,0,8,input_norm,489,b3ae7a4-dirty
Subject731,30,0.7269841269841268,0.7666666666666667,0.7666666666666667,lstm,0,8,none,645,b3ae7a4-dirty
Subject731,30,0.7269841269841268,0.7666666666666667,0.7666666666666667,lstm,0,8,input_norm,645,b3ae7a4-dirty
Subject890,30,0.84,0.8666666666666667,0.8666666666666667,lstm,0,8,none,581,b3ae7a4-dirty
Subject890,30,0.84,0.8666666666666667,0.8666666666666667,lstm,0,8,input_norm,581,b3ae7a4-dirty
Subject139,60,0.962962962962963,0.9666666666666667,0.9666666666666667,lstm,0,17,none,660,b3ae7a4-dirty
Subject139,60,0.8725925925925925,0.8833333333333333,0.8833333333333333,lstm,0,17,input_norm,660,b3ae7a4-dirty
Subject353,60,0.6991293891293892,0.7166666666666667,0.7166666666666667,lstm,0,17,none,680,b3ae7a4-dirty
Subject353,60,0.7111303511303511,0.75,0.75,lstm,0,17,input_norm,680,b3ae7a4-dirty
Subject424,60,0.8393650793650793,0.85,0.85,lstm,0,17,none,448,b3ae7a4-dirty
Subject424,60,0.8977777777777778,0.9,0.9,lstm,0,17,input_norm,448,b3ae7a4-dirty
Subject455,60,0.8503703703703704,0.8833333333333333,0.8833333333333333,lstm,0,17,none,489,b3ae7a4-dirty
Subject455,60,0.9418181818181818,0.95,0.95,lstm,0,17,input_norm,489,b3ae7a4-dirty
Subject731,30,0.846984126984127,0.8666666666666667,0.8666666666666667,lstm,0,17,none,645,b3ae7a4-dirty
Subject731,30,0.8977777777777778,0.9,0.9,lstm,0,17,input_norm,645,b3ae7a4-dirty
Subject890,30,0.9644444444444444,0.9666666666666667,0.9666666666666667,lstm,0,17,none,581,b3ae7a4-dirty
Subject890,30,0.7977777777777778,0.8333333333333334,0.8333333333333334,lstm,0,17,input_norm,581,b3ae7a4-dirty
Subject226,30,0.48666666666666664,0.5666666666666667,0.5666666666666667,lstm,1,2,none,605,b3ae7a4-dirty
Subject226,30,0.32476190476190475,0.4,0.4,lstm,1,2,input_norm,605,b3ae7a4-dirty
Subject354,60,0.3793265993265994,0.43333333333333335,0.43333333333333335,lstm,1,2,none,485,b3ae7a4-dirty
Subject354,60,0.44285714285714284,0.4666666666666667,0.4666666666666667,lstm,1,2,input_norm,485,b3ae7a4-dirty
Subject455,60,0.5316065416065416,0.5833333333333334,0.5833333333333334,lstm,1,2,none,489,b3ae7a4-dirty
Subject455,60,0.5423558897243107,0.5666666666666667,0.5666666666666667,lstm,1,2,input_norm,489,b3ae7a4-dirty
Subject580,90,0.557879079984343,0.611111111111111,0.6111111111111112,lstm,1,2,none,508,b3ae7a4-dirty
Subject580,90,0.5301721372309608,0.5777777777777778,0.5777777777777777,lstm,1,2,input_norm,508,b3ae7a4-dirty
Subject890,30,0.5355555555555557,0.6,0.6,lstm,1,2,none,581,b3ae7a4-dirty
Subject890,30,0.6244444444444445,0.6666666666666666,0.6666666666666666,lstm,1,2,input_norm,581,b3ae7a4-dirty
Subject969,30,0.36507936507936506,0.4666666666666667,0.4666666666666667,lstm,1,2,none,945,b3ae7a4-dirty
Subject969,30,0.2834920634920635,0.3333333333333333,0.3333333333333333,lstm,1,2,input_norm,945,b3ae7a4-dirty
Subject226,30,0.6825396825396827,0.7333333333333333,0.7333333333333333,lstm,1,8,none,605,b3ae7a4-dirty
Subject226,30,0.7244444444444443,0.7666666666666667,0.7666666666666667,lstm,1,8,input_norm,605,b3ae7a4-dirty
Subject354,60,0.8282539682539682,0.8333333333333334,0.8333333333333334,lstm,1,8,none,485,b3ae7a4-dirty
Subject354,60,0.7685569985569987,0.8,0.8,lstm,1,8,input_norm,485,b3ae7a4-dirty
Subject455,60,0.8893314093314094,0.9,0.9,lstm,1,8,none,489,b3ae7a4-dirty
Subject455,60,0.9248869648869648,0.9333333333333333,0.9333333333333333,lstm,1,8,input_norm,489,b3ae7a4-dirty
Subject580,90,0.8296185296185297,0.8333333333333335,0.8333333333333334,lstm,1,8,none,508,b3ae7a4-dirty
Subject580,90,0.6979614829614831,0.7333333333333333,0.7333333333333333,lstm,1,8,input_norm,508,b3ae7a4-dirty
Subject890,30,0.84,0.8666666666666667,0.8666666666666667,lstm,1,8,none,581,b3ae7a4-dirty
Subject890,30,0.8088888888888889,0.8333333333333334,0.8333333333333334,lstm,1,8,input_norm,581,b3ae7a4-dirty
Subject969,30,0.4444444444444445,0.5333333333333333,0.5333333333333333,lstm,1,8,none,945,b3ae7a4-dirty
Subject969,30,0.37851851851851853,0.4666666666666667,0.4666666666666667,lstm,1,8,input_norm,945,b3ae7a4-dirty
Subject226,30,0.7822222222222222,0.8333333333333334,0.8333333333333334,lstm,1,17,none,605,b3ae7a4-dirty
Subject226,30,0.8044444444444443,0.8333333333333334,0.8333333333333334,lstm,1,17,input_norm,605,b3ae7a4-dirty
Subject354,60,0.8724001924001925,0.8833333333333333,0.8833333333333333,lstm,1,17,none,485,b3ae7a4-dirty
Subject354,60,0.8667051467051469,0.8833333333333333,0.8833333333333333,lstm,1,17,input_norm,485,b3ae7a4-dirty
Subject455,60,0.8529292929292929,0.8833333333333333,0.8833333333333333,lstm,1,17,none,489,b3ae7a4-dirty
Subject455,60,0.9644444444444444,0.9666666666666667,0.9666666666666667,lstm,1,17,input_norm,489,b3ae7a4-dirty
Subject580,90,0.8999111999111998,0.9000000000000001,0.9,lstm,1,17,none,508,b3ae7a4-dirty
Subject580,90,0.8876160440866324,0.9,0.9,lstm,1,17,input_norm,508,b3ae7a4-dirty
Subject890,30,0.9644444444444444,0.9666666666666667,0.9666666666666667,lstm,1,17,none,581,b3ae7a4-dirty
Subject890,30,1.0,1.0,1.0,lstm,1,17,input_norm,581,b3ae7a4-dirty
Subject969,30,0.5244444444444444,0.6,0.6,lstm,1,17,none,945,b3ae7a4-dirty
Subject969,30,0.7,0.7333333333333333,0.7333333333333333,lstm,1,17,input_norm,945,b3ae7a4-dirty
Subject376,60,0.3812454212454212,0.4666666666666667,0.4666666666666667,lstm,2,2,none,447,b3ae7a4-dirty
Subject376,60,0.44074074074074077,0.5,0.5,lstm,2,2,input_norm,447,b3ae7a4-dirty
Subject424,60,0.42817870582576467,0.5,0.5,lstm,2,2,none,448,b3ae7a4-dirty
Subject424,60,0.4882154882154882,0.5666666666666667,0.5666666666666667,lstm,2,2,input_norm,448,b3ae7a4-dirty
Subject494,60,0.32707662707662705,0.4166666666666667,0.4166666666666667,lstm,2,2,none,506,b3ae7a4-dirty
Subject494,60,0.5324194324194325,0.5833333333333334,0.5833333333333334,lstm,2,2,input_norm,506,b3ae7a4-dirty
Subject571,30,0.4266666666666667,0.5333333333333333,0.5333333333333333,lstm,2,2,none,804,b3ae7a4-dirty
Subject571,30,0.3977777777777778,0.5,0.5,lstm,2,2,input_norm,804,b3ae7a4-dirty
Subject611,60,0.5803174603174603,0.6666666666666666,0.6666666666666666,lstm,2,2,none,578,b3ae7a4-dirty
Subject611,60,0.579173789173789,0.65,0.65,lstm,2,2,input_norm,578,b3ae7a4-dirty
Subject969,30,0.3343915343915344,0.43333333333333335,0.43333333333333335,lstm,2,2,none,945,b3ae7a4-dirty
Subject969,30,0.3688888888888889,0.43333333333333335,0.43333333333333335,lstm,2,2,input_norm,945,b3ae7a4-dirty
Subject376,60,0.6030687830687831,0.6333333333333333,0.6333333333333333,lstm,2,8,none,447,b3ae7a4-dirty
Subject376,60,0.546951566951567,0.5666666666666667,0.5666666666666667,lstm,2,8,input_norm,447,b3ae7a4-dirty
Subject424,60,0.7145165945165947,0.7833333333333333,0.7833333333333333,lstm,2,8,none,448,b3ae7a4-dirty
Subject424,60,0.7354689754689755,0.7833333333333333,0.7833333333333333,lstm,2,8,input_norm,448,b3ae7a4-dirty
Subject494,60,0.6619240019240018,0.6833333333333333,0.6833333333333333,lstm,2,8,none,506,b3ae7a4-dirty
Subject494,60,0.7407407407407407,0.75,0.75,lstm,2,8,input_norm,506,b3ae7a4-dirty
Subject571,30,0.6333333333333333,0.7,0.7,lstm,2,8,none,804,b3ae7a4-dirty
Subject571,30,0.6514285714285715,0.7,0.7,lstm,2,8,input_norm,804,b3ae7a4-dirty
Subject611,60,0.744973544973545,0.7666666666666667,0.7666666666666667,lstm,2,8,none,578,b3ae7a4-dirty
Subject611,60,0.7644118844118845,0.7833333333333333,0.7833333333333333,lstm,2,8,input_norm,578,b3ae7a4-dirty
Subject969,30,0.5366666666666667,0.6,0.6,lstm,2,8,none,945,b3ae7a4-dirty
Subject969,30,0.6755555555555556,0.7333333333333333,0.7333333333333333,lstm,2,8,input_norm,945,b3ae7a4-dirty
Subject376,60,0.7704473304473305,0.7833333333333333,0.7833333333333333,lstm,2,17,none,447,b3ae7a4-dirty
Subject376,60,0.6364213564213564,0.6833333333333333,0.6833333333333333,lstm,2,17,input_norm,447,b3ae7a4-dirty
Subject424,60,0.8444444444444444,0.8666666666666667,0.8666666666666667,lstm,2,17,none,448,b3ae7a4-dirty
Subject424,60,0.6852910052910052,0.75,0.75,lstm,2,17,input_norm,448,b3ae7a4-dirty
Subject494,60,0.7704761904761904,0.7833333333333333,0.7833333333333333,lstm,2,17,none,506,b3ae7a4-dirty
Subject494,60,0.638929588929589,0.6833333333333333,0.6833333333333333,lstm,2,17,input_norm,506,b3ae7a4-dirty
Subject571,30,0.6555555555555554,0.7333333333333333,0.7333333333333333,lstm,2,17,none,804,b3ae7a4-dirty
Subject571,30,0.8469841269841271,0.8666666666666667,0.8666666666666667,lstm,2,17,input_norm,804,b3ae7a4-dirty
Subject611,60,0.8755555555555555,0.9,0.9,lstm,2,17,none,578,b3ae7a4-dirty
Subject611,60,0.8755555555555555,0.9,0.9,lstm,2,17,input_norm,578,b3ae7a4-dirty
Subject969,30,0.6977777777777778,0.7333333333333333,0.7333333333333333,lstm,2,17,none,945,b3ae7a4-dirty
Subject969,30,0.6380952380952382,0.7,0.7,lstm,2,17,input_norm,945,b3ae7a4-dirty
Subject226,30,0.5914285714285714,0.6666666666666666,0.6666666666666666,lstm,3,2,none,605,b3ae7a4-dirty
Subject226,30,0.4800000000000001,0.5666666666666667,0.5666666666666667,lstm,3,2,input_norm,605,b3ae7a4-dirty
Subject354,60,0.5588359788359789,0.6,0.6,lstm,3,2,none,485,b3ae7a4-dirty
Subject354,60,0.5131024531024531,0.5666666666666667,0.5666666666666667,lstm,3,2,input_norm,485,b3ae7a4-dirty
Subject376,60,0.31990231990231993,0.38333333333333336,0.38333333333333336,lstm,3,2,none,447,b3ae7a4-dirty
Subject376,60,0.3758730158730159,0.4166666666666667,0.4166666666666667,lstm,3,2,input_norm,447,b3ae7a4-dirty
Subject424,60,0.43386687386687384,0.5,0.5,lstm,3,2,none,448,b3ae7a4-dirty
Subject424,60,0.37287157287157285,0.45,0.45,lstm,3,2,input_norm,448,b3ae7a4-dirty
Subject729,60,0.5910977910977911,0.65,0.65,lstm,3,2,none,723,b3ae7a4-dirty
Subject729,60,0.6467917267917269,0.7,0.7,lstm,3,2,input_norm,723,b3ae7a4-dirty
Subject969,30,0.365079365079365,0.4666666666666667,0.4666666666666667,lstm,3,2,none,945,b3ae7a4-dirty
Subject969,30,0.41269841269841273,0.5,0.5,lstm,3,2,input_norm,945,b3ae7a4-dirty
Subject226,30,0.711111111111111,0.7666666666666667,0.7666666666666667,lstm,3,8,none,605,b3ae7a4-dirty
Subject226,30,0.782222222222222,0.8333333333333334,0.8333333333333334,lstm,3,8,input_norm,605,b3ae7a4-dirty
Subject354,60,0.7944840344840344,0.8166666666666667,0.8166666666666667,lstm,3,8,none,485,b3ae7a4-dirty
Subject354,60,0.7892592592592592,0.8166666666666667,0.8166666666666667,lstm,3,8,input_norm,485,b3ae7a4-dirty
Subject376,60,0.709129389129389,0.7166666666666667,0.7166666666666667,lstm,3,8,none,447,b3ae7a4-dirty
Subject376,60,0.7200577200577201,0.7333333333333333,0.7333333333333333,lstm,3,8,input_norm,447,b3ae7a4-dirty
Subject424,60,0.8117123617123617,0.8333333333333334,0.8333333333333334,lstm,3,8,none,448,b3ae7a4-dirty
Subject424,60,0.6581684981684981,0.7166666666666667,0.7166666666666667,lstm,3,8,input_norm,448,b3ae7a4-dirty
Subject729,60,0.7824338624338624,0.8,0.8,lstm,3,8,none,723,b3ae7a4-dirty
Subject729,60,0.7093650793650793,0.75,0.75,lstm,3,8,input_norm,723,b3ae7a4-dirty
Subject969,30,0.6799999999999999,0.7333333333333333,0.7333333333333333,lstm,3,8,none,945,b3ae7a4-dirty
Subject969,30,0.5311111111111111,0.6,0.6,lstm,3,8,input_norm,945,b3ae7a4-dirty
Subject226,30,0.7333333333333332,0.8,0.8,lstm,3,17,none,605,b3ae7a4-dirty
Subject226,30,0.7866666666666666,0.8333333333333334,0.8333333333333334,lstm,3,17,input_norm,605,b3ae7a4-dirty
Subject354,60,0.9497354497354498,0.95,0.95,lstm,3,17,none,485,b3ae7a4-dirty
Subject354,60,0.8374410774410774,0.8666666666666667,0.8666666666666667,lstm,3,17,input_norm,485,b3ae7a4-dirty
Subject376,60,0.8017604617604618,0.8166666666666667,0.8166666666666667,lstm,3,17,none,447,b3ae7a4-dirty
Subject376,60,0.7743434343434343,0.7833333333333333,0.7833333333333333,lstm,3,17,input_norm,447,b3ae7a4-dirty
Subject424,60,0.8334391534391535,0.8666666666666667,0.8666666666666667,lstm,3,17,none,448,b3ae7a4-dirty
Subject424,60,0.7562049062049063,0.8,0.8,lstm,3,17,input_norm,448,b3ae7a4-dirty
Subject729,60,0.9661375661375662,0.9666666666666667,0.9666666666666667,lstm,3,17,none,723,b3ae7a4-dirty
Subject729,60,0.9475132275132274,0.95,0.95,lstm,3,17,input_norm,723,b3ae7a4-dirty
Subject969,30,0.6851851851851852,0.7,0.7,lstm,3,17,none,945,b3ae7a4-dirty
Subject969,30,0.48666666666666664,0.5333333333333333,0.5333333333333333,lstm,3,17,input_norm,945,b3ae7a4-dirty
Subject424,60,0.4555555555555556,0.5,0.5,lstm,4,2,none,448,b3ae7a4-dirty
Subject424,60,0.5055026455026456,0.5666666666666667,0.5666666666666667,lstm,4,2,input_norm,448,b3ae7a4-dirty
Subject455,60,0.5801087801087802,0.6166666666666667,0.6166666666666667,lstm,4,2,none,489,b3ae7a4-dirty
Subject455,60,0.5799134199134198,0.65,0.65,lstm,4,2,input_norm,489,b3ae7a4-dirty
Subject561,60,0.4688328664799253,0.5166666666666667,0.5166666666666667,lstm,4,2,none,695,b3ae7a4-dirty
Subject561,60,0.4385185185185185,0.5,0.5,lstm,4,2,input_norm,695,b3ae7a4-dirty
Subject571,30,0.3807407407407408,0.4666666666666667,0.4666666666666667,lstm,4,2,none,804,b3ae7a4-dirty
Subject571,30,0.40222222222222226,0.5,0.5,lstm,4,2,input_norm,804,b3ae7a4-dirty
Subject741,60,0.4688034188034188,0.5333333333333333,0.5333333333333333,lstm,4,2,none,450,b3ae7a4-dirty
Subject741,60,0.4635653235653236,0.5166666666666667,0.5166666666666667,lstm,4,2,input_norm,450,b3ae7a4-dirty
Subject819,60,0.4281481481481481,0.48333333333333334,0.48333333333333334,lstm,4,2,none,684,b3ae7a4-dirty
Subject819,60,0.42952380952380953,0.5,0.5,lstm,4,2,input_norm,684,b3ae7a4-dirty
Subject424,60,0.8074266474266474,0.8333333333333334,0.8333333333333334,lstm,4,8,none,448,b3ae7a4-dirty
Subject424,60,0.7735449735449735,0.8,0.8,lstm,4,8,input_norm,448,b3ae7a4-dirty
Subject455,60,0.8514478114478116,0.8666666666666667,0.8666666666666667,lstm,4,8,none,489,b3ae7a4-dirty
Subject455,60,0.8812890812890813,0.9,0.9,lstm,4,8,input_norm,489,b3ae7a4-dirty
Subject561,60,0.7147474747474747,0.7666666666666667,0.7666666666666667,lstm,4,8,none,695,b3ae7a4-dirty
Subject561,60,0.6651851851851852,0.7166666666666667,0.7166666666666667,lstm,4,8,input_norm,695,b3ae7a4-dirty
Subject571,30,0.7003174603174603,0.7666666666666667,0.7666666666666667,lstm,4,8,none,804,b3ae7a4-dirty
Subject571,30,0.6333333333333333,0.7,0.7,lstm,4,8,input_norm,804,b3ae7a4-dirty
Subject741,60,0.776969696969697,0.8,0.8,lstm,4,8,none,450,b3ae7a4-dirty
Subject741,60,0.7929100529100528,0.8166666666666667,0.8166666666666667,lstm,4,8,input_norm,450,b3ae7a4-dirty
Subject819,60,0.5112169312169312,0.55,0.55,lstm,4,8,none,684,b3ae7a4-dirty
Subject819,60,0.5474247974247974,0.5833333333333334,0.5833333333333334,lstm,4,8,input_norm,684,b3ae7a4-dirty
Subject424,60,0.962962962962963,0.9666666666666667,0.9666666666666667,lstm,4,17,none,448,b3ae7a4-dirty
Subject424,60,0.8626984126984126,0.8833333333333333,0.8833333333333333,lstm,4,17,input_norm,448,b3ae7a4-dirty
Subject455,60,0.9089947089947091,0.9166666666666666,0.9166666666666666,lstm,4,17,none,489,b3ae7a4-dirty
Subject455,60,0.9830687830687831,0.9833333333333333,0.9833333333333333,lstm,4,17,input_norm,489,b3ae7a4-dirty
Subject561,60,0.8586243386243386,0.8833333333333333,0.8833333333333333,lstm,4,17,none,695,b3ae7a4-dirty
Subject561,60,0.7103367003367004,0.75,0.75,lstm,4,17,input_norm,695,b3ae7a4-dirty
Subject571,30,0.846984126984127,0.8666666666666667,0.8666666666666667,lstm,4,17,none,804,b3ae7a4-dirty
Subject571,30,0.8825396825396825,0.9,0.9,lstm,4,17,input_norm,804,b3ae7a4-dirty
Subject741,60,0.8053439153439155,0.8166666666666667,0.8166666666666667,lstm,4,17,none,450,b3ae7a4-dirty
Subject741,60,0.8637229437229437,0.8666666666666667,0.8666666666666667,lstm,4,17,input_norm,450,b3ae7a4-dirty
Subject819,60,0.6962962962962963,0.7666666666666667,0.7666666666666667,lstm,4,17,none,684,b3ae7a4-dirty
Subject819,60,0.7603174603174604,0.8,0.8,lstm,4,17,input_norm,684,b3ae7a4-dirty
Subject226,30,0.5025396825396825,0.5666666666666667,0.5666666666666667,lstm,5,2,none,605,b3ae7a4-dirty
Subject226,30,0.473968253968254,0.5666666666666667,0.5666666666666667,lstm,5,2,input_norm,605,b3ae7a4-dirty
Subject424,60,0.45734978471820587,0.55,0.55,lstm,5,2,none,448,b3ae7a4-dirty
Subject424,60,0.49308913308913305,0.5666666666666667,0.5666666666666667,lstm,5,2,input_norm,448,b3ae7a4-dirty
Subject580,90,0.5461463046757165,0.5777777777777777,0.5777777777777777,lstm,5,2,none,508,b3ae7a4-dirty
Subject580,90,0.5764357864357864,0.6,0.6,lstm,5,2,input_norm,508,b3ae7a4-dirty
Subject819,60,0.6067724867724867,0.6666666666666666,0.6666666666666666,lstm,5,2,none,684,b3ae7a4-dirty
Subject819,60,0.7223280423280424,0.7666666666666667,0.7666666666666667,lstm,5,2,input_norm,684,b3ae7a4-dirty
Subject877,60,0.5685858585858586,0.6,0.6,lstm,5,2,none,646,b3ae7a4-dirty
Subject877,60,0.6082539682539684,0.65,0.65,lstm,5,2,input_norm,646,b3ae7a4-dirty
Subject890,30,0.4714285714285714,0.5333333333333333,0.5333333333333333,lstm,5,2,none,581,b3ae7a4-dirty
Subject890,30,0.39682539682539686,0.43333333333333335,0.43333333333333335,lstm,5,2,input_norm,581,b3ae7a4-dirty
Subject226,30,0.6406349206349204,0.7,0.7,lstm,5,8,none,605,b3ae7a4-dirty
Subject226,30,0.5469841269841269,0.6333333333333333,0.6333333333333333,lstm,5,8,input_norm,605,b3ae7a4-dirty
Subject424,60,0.7545165945165946,0.8,0.8,lstm,5,8,none,448,b3ae7a4-dirty
Subject424,60,0.7540944240944242,0.7833333333333333,0.7833333333333333,lstm,5,8,input_norm,448,b3ae7a4-dirty
Subject580,90,0.8216909016909016,0.8333333333333335,0.8333333333333334,lstm,5,8,none,508,b3ae7a4-dirty
Subject580,90,0.7183261183261184,0.7333333333333333,0.7333333333333333,lstm,5,8,input_norm,508,b3ae7a4-dirty
Subject819,60,0.6764021164021163,0.75,0.75,lstm,5,8,none,684,b3ae7a4-dirty
Subject819,60,0.7308128908128908,0.7833333333333333,0.7833333333333333,lstm,5,8,input_norm,684,b3ae7a4-dirty
Subject877,60,0.9661375661375663,0.9666666666666667,0.9666666666666667,lstm,5,8,none,646,b3ae7a4-dirty
Subject877,60,0.9475132275132275,0.95,0.95,lstm,5,8,input_norm,646,b3ae7a4-dirty
Subject890,30,0.9111111111111111,0.9333333333333333,0.9333333333333333,lstm,5,8,none,581,b3ae7a4-dirty
Subject890,30,0.8222222222222222,0.8666666666666667,0.8666666666666667,lstm,5,8,input_norm,581,b3ae7a4-dirty
Subject226,30,0.8444444444444444,0.8666666666666667,0.8666666666666667,lstm,5,17,none,605,b3ae7a4-dirty
Subject226,30,0.9288888888888889,0.9333333333333333,0.9333333333333333,lstm,5,17,input_norm,605,b3ae7a4-dirty
Subject424,60,0.8977777777777778,0.9,0.9,lstm,5,17,none,448,b3ae7a4-dirty
Subject424,60,0.8173737373737374,0.85,0.85,lstm,5,17,input_norm,448,b3ae7a4-dirty
Subject580,90,0.912110112110112,0.9111111111111112,0.9111111111111111,lstm,5,17,none,508,b3ae7a4-dirty
Subject580,90,0.7636907536907537,0.7888888888888889,0.7888888888888889,lstm,5,17,input_norm,508,b3ae7a4-dirty
Subject819,60,0.7765079365079366,0.8,0.8,lstm,5,17,none,684,b3ae7a4-dirty
Subject819,60,0.8025396825396824,0.8333333333333334,0.8333333333333334,lstm,5,17,input_norm,684,b3ae7a4-dirty
Subject877,60,1.0,1.0,1.0,lstm,5,17,none,646,b3ae7a4-dirty
Subject877,60,1.0,1.0,1.0,lstm,5,17,input_norm,646,b3ae7a4-dirty
Subject890,30,0.9644444444444444,0.9666666666666667,0.9666666666666667,lstm,5,17,none,581,b3ae7a4-dirty
Subject890,30,0.9311111111111111,0.9333333333333333,0.9333333333333333,lstm,5,17,input_norm,581,b3ae7a4-dirty
Subject424,60,0.3797802197802198,0.4666666666666667,0.4666666666666667,lstm,6,2,none,448,b3ae7a4-dirty
Subject424,60,0.406970806970807,0.5166666666666667,0.5166666666666667,lstm,6,2,input_norm,448,b3ae7a4-dirty
Subject455,60,0.5302741702741702,0.5833333333333334,0.5833333333333334,lstm,6,2,none,489,b3ae7a4-dirty
Subject455,60,0.5922270322270322,0.6333333333333333,0.6333333333333333,lstm,6,2,input_norm,489,b3ae7a4-dirty
Subject571,30,0.3960942760942761,0.4666666666666667,0.4666666666666667,lstm,6,2,none,804,b3ae7a4-dirty
Subject571,30,0.2984126984126984,0.36666666666666664,0.36666666666666664,lstm,6,2,input_norm,804,b3ae7a4-dirty
Subject819,60,0.2847058823529412,0.36666666666666664,0.36666666666666664,lstm,6,2,none,684,b3ae7a4-dirty
Subject819,60,0.36854636591478696,0.43333333333333335,0.43333333333333335,lstm,6,2,input_norm,684,b3ae7a4-dirty
Subject877,60,0.43253968253968256,0.55,0.55,lstm,6,2,none,646,b3ae7a4-dirty
Subject877,60,0.4562911162911164,0.55,0.55,lstm,6,2,input_norm,646,b3ae7a4-dirty
Subject890,30,0.4155555555555556,0.5333333333333333,0.5333333333333333,lstm,6,2,none,581,b3ae7a4-dirty
Subject890,30,0.4577777777777778,0.5666666666666667,0.5666666666666667,lstm,6,2,input_norm,581,b3ae7a4-dirty
Subject424,60,0.8073748473748473,0.8333333333333334,0.8333333333333334,lstm,6,8,none,448,b3ae7a4-dirty
Subject424,60,0.8374277574277574,0.85,0.85,lstm,6,8,input_norm,448,b3ae7a4-dirty
Subject455,60,0.835998075998076,0.8666666666666667,0.8666666666666667,lstm,6,8,none,489,b3ae7a4-dirty
Subject455,60,0.852929292929293,0.8833333333333333,0.8833333333333333,lstm,6,8,input_norm,489,b3ae7a4-dirty
Subject571,30,0.674074074074074,0.7333333333333333,0.7333333333333333,lstm,6,8,none,804,b3ae7a4-dirty
Subject571,30,0.6644444444444445,0.7,0.7,lstm,6,8,input_norm,804,b3ae7a4-dirty
Subject819,60,0.5456084656084657,0.6166666666666667,0.6166666666666667,lstm,6,8,none,684,b3ae7a4-dirty
Subject819,60,0.6612987012987013,0.7,0.7,lstm,6,8,input_norm,684,b3ae7a4-dirty
Subject877,60,0.8918181818181818,0.9,0.9,lstm,6,8,none,646,b3ae7a4-dirty
Subject877,60,0.8368638768638769,0.85,0.85,lstm,6,8,input_norm,646,b3ae7a4-dirty
Subject890,30,0.9111111111111111,0.9333333333333333,0.9333333333333333,lstm,6,8,none,581,b3ae7a4-dirty
Subject890,30,0.8333333333333334,0.8666666666666667,0.8666666666666667,lstm,6,8,input_norm,581,b3ae7a4-dirty
Subject424,60,0.9392592592592592,0.95,0.95,lstm,6,17,none,448,b3ae7a4-dirty
Subject424,60,0.9392592592592592,0.95,0.95,lstm,6,17,input_norm,448,b3ae7a4-dirty
Subject455,60,0.9644444444444444,0.9666666666666667,0.9666666666666667,lstm,6,17,none,489,b3ae7a4-dirty
Subject455,60,1.0,1.0,1.0,lstm,6,17,input_norm,489,b3ae7a4-dirty
Subject571,30,0.8333333333333334,0.8666666666666667,0.8666666666666667,lstm,6,17,none,804,b3ae7a4-dirty
Subject571,30,0.8074074074074074,0.8333333333333334,0.8333333333333334,lstm,6,17,input_norm,804,b3ae7a4-dirty
Subject819,60,0.7642328042328044,0.8,0.8,lstm,6,17,none,684,b3ae7a4-dirty
Subject819,60,0.795132275132275,0.8166666666666667,0.8166666666666667,lstm,6,17,input_norm,684,b3ae7a4-dirty
Subject877,60,1.0,1.0,1.0,lstm,6,17,none,646,b3ae7a4-dirty
Subject877,60,1.0,1.0,1.0,lstm,6,17,input_norm,646,b3ae7a4-dirty
Subject890,30,0.8444444444444444,0.8666666666666667,0.8666666666666667,lstm,6,17,none,581,b3ae7a4-dirty
Subject890,30,0.8444444444444444,0.8666666666666667,0.8666666666666667,lstm,6,17,input_norm,581,b3ae7a4-dirty
Subject353,60,0.45038961038961034,0.5166666666666667,0.5166666666666667,lstm,7,2,none,680,b3ae7a4-dirty
Subject353,60,0.4140164513848724,0.48333333333333334,0.48333333333333334,lstm,7,2,input_norm,680,b3ae7a4-dirty
Subject354,60,0.5583886483886484,0.6,0.6,lstm,7,2,none,485,b3ae7a4-dirty
Subject354,60,0.5857623857623858,0.6333333333333333,0.6333333333333333,lstm,7,2,input_norm,485,b3ae7a4-dirty
Subject455,60,0.6574795574795576,0.7166666666666667,0.7166666666666667,lstm,7,2,none,489,b3ae7a4-dirty
Subject455,60,0.6902523402523403,0.7333333333333333,0.7333333333333333,lstm,7,2,input_norm,489,b3ae7a4-dirty
Subject561,60,0.6195959595959597,0.6833333333333333,0.6833333333333333,lstm,7,2,none,695,b3ae7a4-dirty
Subject561,60,0.5685906685906686,0.65,0.65,lstm,7,2,input_norm,695,b3ae7a4-dirty
Subject729,60,0.6672823472823473,0.7166666666666667,0.7166666666666667,lstm,7,2,none,723,b3ae7a4-dirty
Subject729,60,0.685906685906686,0.7333333333333333,0.7333333333333333,lstm,7,2,input_norm,723,b3ae7a4-dirty
Subject819,60,0.5054466230936819,0.5666666666666667,0.5666666666666667,lstm,7,2,none,684,b3ae7a4-dirty
Subject819,60,0.5445502645502646,0.6,0.6,lstm,7,2,input_norm,684,b3ae7a4-dirty
Subject353,60,0.675016835016835,0.7333333333333333,0.7333333333333333,lstm,7,8,none,680,b3ae7a4-dirty
Subject353,60,0.6851178451178451,0.75,0.75,lstm,7,8,input_norm,680,b3ae7a4-dirty
Subject354,60,0.8103703703703703,0.8333333333333334,0.8333333333333334,lstm,7,8,none,485,b3ae7a4-dirty
Subject354,60,0.7737240537240537,0.8166666666666667,0.8166666666666667,lstm,7,8,input_norm,485,b3ae7a4-dirty
Subject455,60,0.8941798941798942,0.9166666666666666,0.9166666666666666,lstm,7,8,none,489,b3ae7a4-dirty
Subject455,60,0.8609523809523811,0.8666666666666667,0.8666666666666667,lstm,7,8,input_norm,489,b3ae7a4-dirty
Subject561,60,0.695026455026455,0.7166666666666667,0.7166666666666667,lstm,7,8,none,695,b3ae7a4-dirty
Subject561,60,0.7390668590668591,0.7666666666666667,0.7666666666666667,lstm,7,8,input_norm,695,b3ae7a4-dirty
Subject729,60,0.8960846560846563,0.9,0.9,lstm,7,8,none,723,b3ae7a4-dirty
Subject729,60,0.7876923076923077,0.8166666666666667,0.8166666666666667,lstm,7,8,input_norm,723,b3ae7a4-dirty
Subject819,60,0.7115018315018315,0.75,0.75,lstm,7,8,none,684,b3ae7a4-dirty
Subject819,60,0.7464224664224665,0.7833333333333333,0.7833333333333333,lstm,7,8,input_norm,684,b3ae7a4-dirty
Subject353,60,0.6897017797017797,0.7166666666666667,0.7166666666666667,lstm,7,17,none,680,b3ae7a4-dirty
Subject353,60,0.8045887445887446,0.8166666666666667,0.8166666666666667,lstm,7,17,input_norm,680,b3ae7a4-dirty
Subject354,60,0.9475132275132275,0.95,0.95,lstm,7,17,none,485,b3ae7a4-dirty
Subject354,60,0.7771428571428572,0.8166666666666667,0.8166666666666667,lstm,7,17,input_norm,485,b3ae7a4-dirty
Subject455,60,1.0,1.0,1.0,lstm,7,17,none,489,b3ae7a4-dirty
Subject455,60,0.8753631553631553,0.9,0.9,lstm,7,17,input_norm,489,b3ae7a4-dirty
Subject561,60,0.8194708994708996,0.8333333333333334,0.8333333333333334,lstm,7,17,none,695,b3ae7a4-dirty
Subject561,60,0.8437037037037035,0.85,0.85,lstm,7,17,input_norm,695,b3ae7a4-dirty
Subject729,60,0.8544107744107744,0.8666666666666667,0.8666666666666667,lstm,7,17,none,723,b3ae7a4-dirty
Subject729,60,0.7871428571428571,0.8166666666666667,0.8166666666666667,lstm,7,17,input_norm,723,b3ae7a4-dirty
Subject819,60,0.723002553002553,0.75,0.75,lstm,7,17,none,684,b3ae7a4-dirty
Subject819,60,0.7068131868131869,0.75,0.75,lstm,7,17,input_norm,684,b3ae7a4-dirty
Subject352,30,0.5688888888888889,0.6333333333333333,0.6333333333333333,lstm,8,2,none,866,b3ae7a4-dirty
Subject352,30,0.5612698412698413,0.6333333333333333,0.6333333333333333,lstm,8,2,input_norm,866,b3ae7a4-dirty
Subject376,60,0.30201058201058195,0.4,0.4,lstm,8,2,none,447,b3ae7a4-dirty
Subject376,60,0.3077777777777778,0.36666666666666664,0.36666666666666664,lstm,8,2,input_norm,447,b3ae7a4-dirty
Subject494,60,0.5459991859991861,0.6166666666666667,0.6166666666666667,lstm,8,2,none,506,b3ae7a4-dirty
Subject494,60,0.5664132164132164,0.6,0.6,lstm,8,2,input_norm,506,b3ae7a4-dirty
Subject561,60,0.5321885521885522,0.6,0.6,lstm,8,2,none,695,b3ae7a4-dirty
Subject561,60,0.5498797498797499,0.6333333333333333,0.6333333333333333,lstm,8,2,input_norm,695,b3ae7a4-dirty
Subject571,30,0.3614814814814815,0.43333333333333335,0.43333333333333335,lstm,8,2,none,804,b3ae7a4-dirty
Subject571,30,0.4634920634920635,0.5,0.5,lstm,8,2,input_norm,804,b3ae7a4-dirty
Subject969,30,0.4162962962962963,0.5333333333333333,0.5333333333333333,lstm,8,2,none,945,b3ae7a4-dirty
Subject969,30,0.38074074074074077,0.4666666666666667,0.4666666666666667,lstm,8,2,input_norm,945,b3ae7a4-dirty
Subject352,30,0.8177777777777777,0.8333333333333334,0.8333333333333334,lstm,8,8,none,866,b3ae7a4-dirty
Subject352,30,0.7866666666666667,0.8,0.8,lstm,8,8,input_norm,866,b3ae7a4-dirty
Subject376,60,0.5874074074074075,0.65,0.65,lstm,8,8,none,447,b3ae7a4-dirty
Subject376,60,0.6912198912198912,0.7166666666666667,0.7166666666666667,lstm,8,8,input_norm,447,b3ae7a4-dirty
Subject494,60,0.554074074074074,0.5833333333333334,0.5833333333333334,lstm,8,8,none,506,b3ae7a4-dirty
Subject494,60,0.6297017797017797,0.6666666666666666,0.6666666666666666,lstm,8,8,input_norm,506,b3ae7a4-dirty
Subject561,60,0.6675132275132275,0.7333333333333333,0.7333333333333333,lstm,8,8,none,695,b3ae7a4-dirty
Subject561,60,0.7581337181337182,0.7833333333333333,0.7833333333333333,lstm,8,8,input_norm,695,b3ae7a4-dirty
Subject571,30,0.6022222222222222,0.6666666666666666,0.6666666666666666,lstm,8,8,none,804,b3ae7a4-dirty
Subject571,30,0.8074074074074074,0.8333333333333334,0.8333333333333334,lstm,8,8,input_norm,804,b3ae7a4-dirty
Subject969,30,0.43555555555555553,0.5,0.5,lstm,8,8,none,945,b3ae7a4-dirty
Subject969,30,0.39851851851851855,0.5,0.5,lstm,8,8,input_norm,945,b3ae7a4-dirty
Subject352,30,0.8222222222222222,0.8333333333333334,0.8333333333333334,lstm,8,17,none,866,b3ae7a4-dirty
Subject352,30,0.7866666666666667,0.8,0.8,lstm,8,17,input_norm,866,b3ae7a4-dirty
Subject376,60,0.9145165945165945,0.9166666666666666,0.9166666666666666,lstm,8,17,none,447,b3ae7a4-dirty
Subject376,60,0.737071817071817,0.7666666666666667,0.7666666666666667,lstm,8,17,input_norm,447,b3ae7a4-dirty
Subject494,60,0.7191534391534392,0.75,0.75,lstm,8,17,none,506,b3ae7a4-dirty
Subject494,60,0.6251851851851851,0.6833333333333333,0.6833333333333333,lstm,8,17,input_norm,506,b3ae7a4-dirty
Subject561,60,0.8941798941798942,0.9166666666666666,0.9166666666666666,lstm,8,17,none,695,b3ae7a4-dirty
Subject561,60,0.8707070707070707,0.8833333333333333,0.8833333333333333,lstm,8,17,input_norm,695,b3ae7a4-dirty
Subject571,30,0.7444444444444444,0.8,0.8,lstm,8,17,none,804,b3ae7a4-dirty
Subject571,30,0.9111111111111111,0.9333333333333333,0.9333333333333333,lstm,8,17,input_norm,804,b3ae7a4-dirty
Subject969,30,0.548888888888889,0.6,0.6,lstm,8,17,none,945,b3ae7a4-dirty
Subject969,30,0.6336507936507938,0.7,0.7,lstm,8,17,input_norm,945,b3ae7a4-dirty
Subject139,60,0.572897842897843,0.65,0.65,lstm,9,2,none,660,b3ae7a4-dirty
Subject139,60,0.5222222222222223,0.6,0.6,lstm,9,2,input_norm,660,b3ae7a4-dirty
Subject226,30,0.5714285714285714,0.6333333333333333,0.6333333333333333,lstm,9,2,none,605,b3ae7a4-dirty
Subject226,30,0.486984126984127,0.5666666666666667,0.5666666666666667,lstm,9,2,input_norm,605,b3ae7a4-dirty
Subject424,60,0.5536700336700338,0.6333333333333333,0.6333333333333333,lstm,9,2,none,448,b3ae7a4-dirty
Subject424,60,0.5142970319440907,0.5833333333333334,0.5833333333333334,lstm,9,2,input_norm,448,b3ae7a4-dirty
Subject611,60,0.4311111111111111,0.5,0.5,lstm,9,2,none,578,b3ae7a4-dirty
Subject611,60,0.5096436896436896,0.55,0.55,lstm,9,2,input_norm,578,b3ae7a4-dirty
Subject819,60,0.4604700854700855,0.5333333333333333,0.5333333333333333,lstm,9,2,none,684,b3ae7a4-dirty
Subject819,60,0.4844444444444445,0.55,0.55,lstm,9,2,input_norm,684,b3ae7a4-dirty
Subject867,60,0.4317460317460318,0.48333333333333334,0.48333333333333334,lstm,9,2,none,499,b3ae7a4-dirty
Subject867,60,0.45673400673400677,0.55,0.55,lstm,9,2,input_norm,499,b3ae7a4-dirty
Subject139,60,0.808095238095238,0.8333333333333334,0.8333333333333334,lstm,9,8,none,660,b3ae7a4-dirty
Subject139,60,0.808095238095238,0.8333333333333334,0.8333333333333334,lstm,9,8,input_norm,660,b3ae7a4-dirty
Subject226,30,0.7580952380952382,0.8,0.8,lstm,9,8,none,605,b3ae7a4-dirty
Subject226,30,0.7555555555555554,0.8,0.8,lstm,9,8,input_norm,605,b3ae7a4-dirty
Subject424,60,0.8370237170237171,0.85,0.85,lstm,9,8,none,448,b3ae7a4-dirty
Subject424,60,0.7718903318903318,0.8,0.8,lstm,9,8,input_norm,448,b3ae7a4-dirty
Subject611,60,0.8922943722943724,0.9,0.9,lstm,9,8,none,578,b3ae7a4-dirty
Subject611,60,0.8217989417989419,0.8333333333333334,0.8333333333333334,lstm,9,8,input_norm,578,b3ae7a4-dirty
Subject819,60,0.8578162578162577,0.8833333333333333,0.8833333333333333,lstm,9,8,none,684,b3ae7a4-dirty
Subject819,60,0.8586964886964888,0.8833333333333333,0.8833333333333333,lstm,9,8,input_norm,684,b3ae7a4-dirty
Subject867,60,0.8422222222222222,0.8666666666666667,0.8666666666666667,lstm,9,8,none,499,b3ae7a4-dirty
Subject867,60,0.7454353054353055,0.8,0.8,lstm,9,8,input_norm,499,b3ae7a4-dirty
Subject139,60,0.8445165945165944,0.8666666666666667,0.8666666666666667,lstm,9,17,none,660,b3ae7a4-dirty
Subject139,60,0.8222222222222222,0.85,0.85,lstm,9,17,input_norm,660,b3ae7a4-dirty
Subject226,30,0.8711111111111111,0.9,0.9,lstm,9,17,none,605,b3ae7a4-dirty
Subject226,30,0.8711111111111111,0.9,0.9,lstm,9,17,input_norm,605,b3ae7a4-dirty
Subject424,60,0.8946560846560847,0.9,0.9,lstm,9,17,none,448,b3ae7a4-dirty
Subject424,60,0.771957671957672,0.8166666666666667,0.8166666666666667,lstm,9,17,input_norm,448,b3ae7a4-dirty
Subject611,60,0.9392592592592593,0.95,0.95,lstm,9,17,none,578,b3ae7a4-dirty
Subject611,60,0.8548148148148148,0.8833333333333333,0.8833333333333333,lstm,9,17,input_norm,578,b3ae7a4-dirty
Subject819,60,0.7391941391941391,0.7833333333333333,0.7833333333333333,lstm,9,17,none,684,b3ae7a4-dirty
Subject819,60,0.7485388685388686,0.8,0.8,lstm,9,17,input_norm,684,b3ae7a4-dirty
Subject867,60,0.8208465608465609,0.85,0.85,lstm,9,17,none,499,b3ae7a4-dirty
Subject867,60,0.7807274207274209,0.8166666666666667,0.8166666666666667,lstm,9,17,input_norm,499,b3ae7a4-dirty
Subject147,31,0.4380952380952381,0.5333333333333333,0.5483870967741935,lstm,10,2,none,537,b3ae7a4-dirty
Subject147,31,0.3777777777777778,0.4666666666666667,0.4838709677419355,lstm,10,2,input_norm,537,b3ae7a4-dirty
Subject353,60,0.45904761904761904,0.5333333333333333,0.5333333333333333,lstm,10,2,none,680,b3ae7a4-dirty
Subject353,60,0.48107744107744105,0.55,0.55,lstm,10,2,input_norm,680,b3ae7a4-dirty
Subject571,30,0.5666666666666667,0.6333333333333333,0.6333333333333333,lstm,10,2,none,804,b3ae7a4-dirty
Subject571,30,0.6025396825396825,0.6666666666666666,0.6666666666666666,lstm,10,2,input_norm,804,b3ae7a4-dirty
Subject580,90,0.5654731869437752,0.6,0.6,lstm,10,2,none,508,b3ae7a4-dirty
Subject580,90,0.422809646493857,0.47777777777777775,0.4777777777777778,lstm,10,2,input_norm,508,b3ae7a4-dirty
Subject867,60,0.4253968253968254,0.5,0.5,lstm,10,2,none,499,b3ae7a4-dirty
Subject867,60,0.41813371813371814,0.5,0.5,lstm,10,2,input_norm,499,b3ae7a4-dirty
Subject877,60,0.44917859917859915,0.48333333333333334,0.48333333333333334,lstm,10,2,none,646,b3ae7a4-dirty
Subject877,60,0.39410192147034245,0.45,0.45,lstm,10,2,input_norm,646,b3ae7a4-dirty
Subject147,31,0.6780952380952381,0.7333333333333333,0.7419354838709677,lstm,10,8,none,537,b3ae7a4-dirty
Subject147,31,0.6577777777777778,0.7,0.7096774193548387,lstm,10,8,input_norm,537,b3ae7a4-dirty
Subject353,60,0.5547282347282347,0.5833333333333334,0.5833333333333334,lstm,10,8,none,680,b3ae7a4-dirty
Subject353,60,0.6437229437229438,0.6666666666666666,0.6666666666666666,lstm,10,8,input_norm,680,b3ae7a4-dirty
Subject571,30,0.6555555555555554,0.7333333333333333,0.7333333333333333,lstm,10,8,none,804,b3ae7a4-dirty
Subject571,30,0.6603174603174603,0.7333333333333333,0.7333333333333333,lstm,10,8,input_norm,804,b3ae7a4-dirty
Subject580,90,0.7518759018759018,0.7666666666666667,0.7666666666666667,lstm,10,8,none,508,b3ae7a4-dirty
Subject580,90,0.5493123543123543,0.6,0.6,lstm,10,8,input_norm,508,b3ae7a4-dirty
Subject867,60,0.6835327635327635,0.7166666666666667,0.7166666666666667,lstm,10,8,none,499,b3ae7a4-dirty
Subject867,60,0.7272150072150073,0.75,0.75,lstm,10,8,input_norm,499,b3ae7a4-dirty
Subject877,60,0.8018855218855219,0.8333333333333334,0.8333333333333334,lstm,10,8,none,646,b3ae7a4-dirty
Subject877,60,0.7105435305435306,0.75,0.75,lstm,10,8,input_norm,646,b3ae7a4-dirty
Subject147,31,0.9333333333333332,0.9333333333333333,0.9354838709677419,lstm,10,17,none,537,b3ae7a4-dirty
Subject147,31,0.9333333333333332,0.9333333333333333,0.9354838709677419,lstm,10,17,input_norm,537,b3ae7a4-dirty
Subject353,60,0.7285906685906685,0.7333333333333333,0.7333333333333333,lstm,10,17,none,680,b3ae7a4-dirty
Subject353,60,0.7255218855218856,0.75,0.75,lstm,10,17,input_norm,680,b3ae7a4-dirty
Subject571,30,0.9111111111111111,0.9333333333333333,0.9333333333333333,lstm,10,17,none,804,b3ae7a4-dirty
Subject571,30,0.9644444444444444,0.9666666666666667,0.9666666666666667,lstm,10,17,input_norm,804,b3ae7a4-dirty
Subject580,90,0.8425863025863026,0.8444444444444444,0.8444444444444444,lstm,10,17,none,508,b3ae7a4-dirty
Subject580,90,0.6970564231090548,0.7333333333333332,0.7333333333333333,lstm,10,17,input_norm,508,b3ae7a4-dirty
Subject867,60,0.8252910052910053,0.85,0.85,lstm,10,17,none,499,b3ae7a4-dirty
Subject867,60,0.8404761904761904,0.8666666666666667,0.8666666666666667,lstm,10,17,input_norm,499,b3ae7a4-dirty
Subject877,60,0.9644444444444444,0.9666666666666667,0.9666666666666667,lstm,10,17,none,646,b3ae7a4-dirty
Subject877,60,0.924886964886965,0.9333333333333333,0.9333333333333333,lstm,10,17,input_norm,646,b3ae7a4-dirty
Subject139,60,0.5185906685906686,0.5833333333333334,0.5833333333333334,lstm,11,2,none,660,b3ae7a4-dirty
Subject139,60,0.4813612313612314,0.55,0.55,lstm,11,2,input_norm,660,b3ae7a4-dirty
Subject352,30,0.582857142857143,0.6333333333333333,0.6333333333333333,lstm,11,2,none,866,b3ae7a4-dirty
Subject352,30,0.5009523809523809,0.5666666666666667,0.5666666666666667,lstm,11,2,input_norm,866,b3ae7a4-dirty
Subject354,60,0.4084656084656084,0.48333333333333334,0.48333333333333334,lstm,11,2,none,485,b3ae7a4-dirty
Subject354,60,0.43673881673881676,0.5333333333333333,0.5333333333333333,lstm,11,2,input_norm,485,b3ae7a4-dirty
Subject580,90,0.46065601065601064,0.47777777777777775,0.4777777777777778,lstm,11,2,none,508,b3ae7a4-dirty
Subject580,90,0.44395604395604393,0.4777777777777778,0.4777777777777778,lstm,11,2,input_norm,508,b3ae7a4-dirty
Subject819,60,0.29227513227513224,0.36666666666666664,0.36666666666666664,lstm,11,2,none,684,b3ae7a4-dirty
Subject819,60,0.27174899174899175,0.35,0.35,lstm,11,2,input_norm,684,b3ae7a4-dirty
Subject867,60,0.38015503015503016,0.43333333333333335,0.43333333333333335,lstm,11,2,none,499,b3ae7a4-dirty
Subject867,60,0.3615306915306915,0.4166666666666667,0.4166666666666667,lstm,11,2,input_norm,499,b3ae7a4-dirty
Subject139,60,0.8586243386243386,0.8833333333333333,0.8833333333333333,lstm,11,8,none,660,b3ae7a4-dirty
Subject139,60,0.8400000000000001,0.8666666666666667,0.8666666666666667,lstm,11,8,input_norm,660,b3ae7a4-dirty
Subject352,30,0.6444444444444445,0.7,0.7,lstm,11,8,none,866,b3ae7a4-dirty
Subject352,30,0.6,0.6666666666666666,0.6666666666666666,lstm,11,8,input_norm,866,b3ae7a4-dirty
Subject354,60,0.76996632996633,0.8166666666666667,0.8166666666666667,lstm,11,8,none,485,b3ae7a4-dirty
Subject354,60,0.8188552188552188,0.8666666666666667,0.8666666666666667,lstm,11,8,input_norm,485,b3ae7a4-dirty
Subject580,90,0.7959561680149915,0.8,0.8,lstm,11,8,none,508,b3ae7a4-dirty
Subject580,90,0.677812557812558,0.6999999999999998,0.7,lstm,11,8,input_norm,508,b3ae7a4-dirty
Subject819,60,0.6199134199134199,0.6833333333333333,0.6833333333333333,lstm,11,8,none,684,b3ae7a4-dirty
Subject819,60,0.7267195767195767,0.7666666666666667,0.7666666666666667,lstm,11,8,input_norm,684,b3ae7a4-dirty
Subject867,60,0.8128234728234728,0.8166666666666667,0.8166666666666667,lstm,11,8,none,499,b3ae7a4-dirty
Subject867,60,0.8450937950937951,0.8666666666666667,0.8666666666666667,lstm,11,8,input_norm,499,b3ae7a4-dirty
Subject139,60,0.8349206349206351,0.8666666666666667,0.8666666666666667,lstm,11,17,none,660,b3ae7a4-dirty
Subject139,60,0.8173737373737374,0.85,0.85,lstm,11,17,input_norm,660,b3ae7a4-dirty
Subject352,30,0.7866666666666666,0.8,0.8,lstm,11,17,none,866,b3ae7a4-dirty
Subject352,30,0.76,0.7666666666666667,0.7666666666666667,lstm,11,17,input_norm,866,b3ae7a4-dirty
Subject354,60,0.9328042328042329,0.9333333333333333,0.9333333333333333,lstm,11,17,none,485,b3ae7a4-dirty
Subject354,60,0.8557335257335258,0.8666666666666667,0.8666666666666667,lstm,11,17,input_norm,485,b3ae7a4-dirty
Subject580,90,0.8844100344100343,0.8888888888888891,0.8888888888888888,lstm,11,17,none,508,b3ae7a4-dirty
Subject580,90,0.7345935545935546,0.7555555555555556,0.7555555555555555,lstm,11,17,input_norm,508,b3ae7a4-dirty
Subject819,60,0.6702319902319902,0.7166666666666667,0.7166666666666667,lstm,11,17,none,684,b3ae7a4-dirty
Subject819,60,0.6831612831612832,0.7333333333333333,0.7333333333333333,lstm,11,17,input_norm,684,b3ae7a4-dirty
Subject867,60,0.8342857142857144,0.85,0.85,lstm,11,17,none,499,b3ae7a4-dirty
Subject867,60,0.8203174603174604,0.8333333333333334,0.8333333333333334,lstm,11,17,input_norm,499,b3ae7a4-dirty
Subject424,60,0.40409020173726057,0.5,0.5,lstm,12,2,none,448,b3ae7a4-dirty
Subject424,60,0.38091982091982096,0.4666666666666667,0.4666666666666667,lstm,12,2,input_norm,448,b3ae7a4-dirty
Subject611,60,0.33090909090909093,0.45,0.45,lstm,12,2,none,578,b3ae7a4-dirty
Subject611,60,0.3772390572390573,0.48333333333333334,0.48333333333333334,lstm,12,2,input_norm,578,b3ae7a4-dirty
Subject731,30,0.5140740740740741,0.6,0.6,lstm,12,2,none,645,b3ae7a4-dirty
Subject731,30,0.4010582010582011,0.5,0.5,lstm,12,2,input_norm,645,b3ae7a4-dirty
Subject867,60,0.5583068783068782,0.6166666666666667,0.6166666666666667,lstm,12,2,none,499,b3ae7a4-dirty
Subject867,60,0.5546560846560846,0.6,0.6,lstm,12,2,input_norm,499,b3ae7a4-dirty
Subject890,30,0.4718518518518519,0.5333333333333333,0.5333333333333333,lstm,12,2,none,581,b3ae7a4-dirty
Subject890,30,0.4740740740740741,0.5666666666666667,0.5666666666666667,lstm,12,2,input_norm,581,b3ae7a4-dirty
Subject969,30,0.46222222222222226,0.5333333333333333,0.5333333333333333,lstm,12,2,none,945,b3ae7a4-dirty
Subject969,30,0.49333333333333335,0.5666666666666667,0.5666666666666667,lstm,12,2,input_norm,945,b3ae7a4-dirty
Subject424,60,0.7029261805732395,0.75,0.75,lstm,12,8,none,448,b3ae7a4-dirty
Subject424,60,0.7722751322751322,0.8166666666666667,0.8166666666666667,lstm,12,8,input_norm,448,b3ae7a4-dirty
Subject611,60,0.8926984126984127,0.9,0.9,lstm,12,8,none,578,b3ae7a4-dirty
Subject611,60,0.8897354497354498,0.9166666666666666,0.9166666666666666,lstm,12,8,input_norm,578,b3ae7a4-dirty
Subject731,30,0.6422222222222221,0.7,0.7,lstm,12,8,none,645,b3ae7a4-dirty
Subject731,30,0.6866666666666668,0.7333333333333333,0.7333333333333333,lstm,12,8,input_norm,645,b3ae7a4-dirty
Subject867,60,0.680899470899471,0.7166666666666667,0.7166666666666667,lstm,12,8,none,499,b3ae7a4-dirty
Subject867,60,0.669062049062049,0.7166666666666667,0.7166666666666667,lstm,12,8,input_norm,499,b3ae7a4-dirty
Subject890,30,0.8755555555555555,0.9,0.9,lstm,12,8,none,581,b3ae7a4-dirty
Subject890,30,0.7644444444444445,0.8,0.8,lstm,12,8,input_norm,581,b3ae7a4-dirty
Subject969,30,0.5377777777777778,0.6,0.6,lstm,12,8,none,945,b3ae7a4-dirty
Subject969,30,0.6111111111111112,0.6666666666666666,0.6666666666666666,lstm,12,8,input_norm,945,b3ae7a4-dirty
Subject424,60,0.8333333333333334,0.8666666666666667,0.8666666666666667,lstm,12,17,none,448,b3ae7a4-dirty
Subject424,60,0.8770370370370368,0.8833333333333333,0.8833333333333333,lstm,12,17,input_norm,448,b3ae7a4-dirty
Subject611,60,0.9485714285714285,0.95,0.95,lstm,12,17,none,578,b3ae7a4-dirty
Subject611,60,0.9333333333333332,0.9333333333333333,0.9333333333333333,lstm,12,17,input_norm,578,b3ae7a4-dirty
Subject731,30,0.8555555555555555,0.8666666666666667,0.8666666666666667,lstm,12,17,none,645,b3ae7a4-dirty
Subject731,30,0.8777777777777778,0.9,0.9,lstm,12,17,input_norm,645,b3ae7a4-dirty
Subject867,60,0.7995622895622897,0.8333333333333334,0.8333333333333334,lstm,12,17,none,499,b3ae7a4-dirty
Subject867,60,0.8514478114478116,0.8666666666666667,0.8666666666666667,lstm,12,17,input_norm,499,b3ae7a4-dirty
Subject890,30,0.8755555555555555,0.9,0.9,lstm,12,17,none,581,b3ae7a4-dirty
Subject890,30,0.7444444444444444,0.8,0.8,lstm,12,17,input_norm,581,b3ae7a4-dirty
Subject969,30,0.7314285714285714,0.7666666666666667,0.7666666666666667,lstm,12,17,none,945,b3ae7a4-dirty
Subject969,30,0.6117460317460317,0.6666666666666666,0.6666666666666666,lstm,12,17,input_norm,945,b3ae7a4-dirty
Subject139,60,0.5206060606060606,0.5833333333333334,0.5833333333333334,lstm,13,2,none,660,b3ae7a4-dirty
Subject139,60,0.5054112554112554,0.5666666666666667,0.5666666666666667,lstm,13,2,input_norm,660,b3ae7a4-dirty
Subject226,30,0.4488888888888889,0.5333333333333333,0.5333333333333333,lstm,13,2,none,605,b3ae7a4-dirty
Subject226,30,0.4936507936507937,0.6,0.6,lstm,13,2,input_norm,605,b3ae7a4-dirty
Subject353,60,0.6289081289081289,0.6833333333333333,0.6833333333333333,lstm,13,2,none,680,b3ae7a4-dirty
Subject353,60,0.4907936507936508,0.55,0.55,lstm,13,2,input_norm,680,b3ae7a4-dirty
Subject571,30,0.49777777777777776,0.5666666666666667,0.5666666666666667,lstm,13,2,none,804,b3ae7a4-dirty
Subject571,30,0.45185185185185184,0.5333333333333333,0.5333333333333333,lstm,13,2,input_norm,804,b3ae7a4-dirty
Subject741,60,0.5135653235653236,0.55,0.55,lstm,13,2,none,450,b3ae7a4-dirty
Subject741,60,0.5355555555555556,0.5666666666666667,0.5666666666666667,lstm,13,2,input_norm,450,b3ae7a4-dirty
Subject819,60,0.3563695563695564,0.45,0.45,lstm,13,2,none,684,b3ae7a4-dirty
Subject819,60,0.445014245014245,0.5166666666666667,0.5166666666666667,lstm,13,2,input_norm,684,b3ae7a4-dirty
Subject139,60,0.7414814814814815,0.7833333333333333,0.7833333333333333,lstm,13,8,none,660,b3ae7a4-dirty
Subject139,60,0.7217429193899783,0.7666666666666667,0.7666666666666667,lstm,13,8,input_norm,660,b3ae7a4-dirty
Subject226,30,0.7444444444444444,0.7666666666666667,0.7666666666666667,lstm,13,8,none,605,b3ae7a4-dirty
Subject226,30,0.8644444444444443,0.8666666666666667,0.8666666666666667,lstm,13,8,input_norm,605,b3ae7a4-dirty
Subject353,60,0.7499759499759501,0.7666666666666667,0.7666666666666667,lstm,13,8,none,680,b3ae7a4-dirty
Subject353,60,0.6124986124986125,0.65,0.65,lstm,13,8,input_norm,680,b3ae7a4-dirty
Subject571,30,0.6977777777777778,0.7666666666666667,0.7666666666666667,lstm,13,8,none,804,b3ae7a4-dirty
Subject571,30,0.7936507936507936,0.8333333333333334,0.8333333333333334,lstm,13,8,input_norm,804,b3ae7a4-dirty
Subject741,60,0.745999185999186,0.7666666666666667,0.7666666666666667,lstm,13,8,none,450,b3ae7a4-dirty
Subject741,60,0.6849378725849314,0.7166666666666667,0.7166666666666667,lstm,13,8,input_norm,450,b3ae7a4-dirty
Subject819,60,0.6351322751322751,0.6833333333333333,0.6833333333333333,lstm,13,8,none,684,b3ae7a4-dirty
Subject819,60,0.6275132275132276,0.6833333333333333,0.6833333333333333,lstm,13,8,input_norm,684,b3ae7a4-dirty
Subject139,60,0.8836363636363636,0.9,0.9,lstm,13,17,none,660,b3ae7a4-dirty
Subject139,60,0.8503703703703704,0.8833333333333333,0.8833333333333333,lstm,13,17,input_norm,660,b3ae7a4-dirty
Subject226,30,0.8177777777777778,0.8666666666666667,0.8666666666666667,lstm,13,17,none,605,b3ae7a4-dirty
Subject226,30,0.8755555555555554,0.9,0.9,lstm,13,17,input_norm,605,b3ae7a4-dirty
Subject353,60,0.7945165945165945,0.8,0.8,lstm,13,17,none,680,b3ae7a4-dirty
Subject353,60,0.7558585858585859,0.7833333333333333,0.7833333333333333,lstm,13,17,input_norm,680,b3ae7a4-dirty
Subject571,30,0.8755555555555555,0.9,0.9,lstm,13,17,none,804,b3ae7a4-dirty
Subject571,30,0.9311111111111111,0.9333333333333333,0.9333333333333333,lstm,13,17,input_norm,804,b3ae7a4-dirty
Subject741,60,0.8448677248677249,0.85,0.85,lstm,13,17,none,450,b3ae7a4-dirty
Subject741,60,0.8952910052910054,0.9,0.9,lstm,13,17,input_norm,450,b3ae7a4-dirty
Subject819,60,0.7341665741665742,0.7833333333333333,0.7833333333333333,lstm,13,17,none,684,b3ae7a4-dirty
Subject819,60,0.7796703296703297,0.8166666666666667,0.8166666666666667,lstm,13,17,input_norm,684,b3ae7a4-dirty
Subject376,60,0.37386243386243384,0.4666666666666667,0.4666666666666667,lstm,14,2,none,447,b3ae7a4-dirty
Subject376,60,0.34814814814814815,0.43333333333333335,0.43333333333333335,lstm,14,2,input_norm,447,b3ae7a4-dirty
Subject516,30,0.4158730158730159,0.5333333333333333,0.5333333333333333,lstm,14,2,none,552,b3ae7a4-dirty
Subject516,30,0.4292063492063492,0.5333333333333333,0.5333333333333333,lstm,14,2,input_norm,552,b3ae7a4-dirty
Subject571,30,0.4207407407407408,0.5333333333333333,0.5333333333333333,lstm,14,2,none,804,b3ae7a4-dirty
Subject571,30,0.5566137566137566,0.6333333333333333,0.6333333333333333,lstm,14,2,input_norm,804,b3ae7a4-dirty
Subject731,30,0.562962962962963,0.6333333333333333,0.6333333333333333,lstm,14,2,none,645,b3ae7a4-dirty
Subject731,30,0.562962962962963,0.6333333333333333,0.6333333333333333,lstm,14,2,input_norm,645,b3ae7a4-dirty
Subject890,30,0.46888888888888886,0.5666666666666667,0.5666666666666667,lstm,14,2,none,581,b3ae7a4-dirty
Subject890,30,0.5355555555555556,0.6,0.6,lstm,14,2,input_norm,581,b3ae7a4-dirty
Subject969,30,0.3851851851851852,0.5,0.5,lstm,14,2,none,945,b3ae7a4-dirty
Subject969,30,0.3825396825396826,0.5,0.5,lstm,14,2,input_norm,945,b3ae7a4-dirty
Subject376,60,0.7084848484848484,0.7333333333333333,0.7333333333333333,lstm,14,8,none,447,b3ae7a4-dirty
Subject376,60,0.6315018315018315,0.6666666666666666,0.6666666666666666,lstm,14,8,input_norm,447,b3ae7a4-dirty
Subject516,30,0.8111111111111111,0.8333333333333334,0.8333333333333334,lstm,14,8,none,552,b3ae7a4-dirty
Subject516,30,0.8247619047619048,0.8666666666666667,0.8666666666666667,lstm,14,8,input_norm,552,b3ae7a4-dirty
Subject571,30,0.6511111111111111,0.7333333333333333,0.7333333333333333,lstm,14,8,none,804,b3ae7a4-dirty
Subject571,30,0.7444444444444444,0.8,0.8,lstm,14,8,input_norm,804,b3ae7a4-dirty
Subject731,30,0.7079365079365079,0.7333333333333333,0.7333333333333333,lstm,14,8,none,645,b3ae7a4-dirty
Subject731,30,0.7185185185185184,0.7666666666666667,0.7666666666666667,lstm,14,8,input_norm,645,b3ae7a4-dirty
Subject890,30,0.8136507936507936,0.8333333333333334,0.8333333333333334,lstm,14,8,none,581,b3ae7a4-dirty
Subject890,30,0.7625396825396825,0.8,0.8,lstm,14,8,input_norm,581,b3ae7a4-dirty
Subject969,30,0.5918518518518519,0.6666666666666666,0.6666666666666666,lstm,14,8,none,945,b3ae7a4-dirty
Subject969,30,0.5074074074074074,0.6,0.6,lstm,14,8,input_norm,945,b3ae7a4-dirty
Subject376,60,0.7974603174603173,0.8166666666666667,0.8166666666666667,lstm,14,17,none,447,b3ae7a4-dirty
Subject376,60,0.6744647944647945,0.7166666666666667,0.7166666666666667,lstm,14,17,input_norm,447,b3ae7a4-dirty
Subject516,30,0.9111111111111111,0.9333333333333333,0.9333333333333333,lstm,14,17,none,552,b3ae7a4-dirty
Subject516,30,0.8888888888888888,0.9,0.9,lstm,14,17,input_norm,552,b3ae7a4-dirty
Subject571,30,0.7733333333333333,0.8,0.8,lstm,14,17,none,804,b3ae7a4-dirty
Subject571,30,0.8444444444444444,0.8666666666666667,0.8666666666666667,lstm,14,17,input_norm,804,b3ae7a4-dirty
Subject731,30,0.8088888888888889,0.8333333333333334,0.8333333333333334,lstm,14,17,none,645,b3ae7a4-dirty
Subject731,30,0.8088888888888889,0.8333333333333334,0.8333333333333334,lstm,14,17,input_norm,645,b3ae7a4-dirty
Subject890,30,0.9288888888888889,0.9333333333333333,0.9333333333333333,lstm,14,17,none,581,b3ae7a4-dirty
Subject890,30,0.7911111111111111,0.8333333333333334,0.8333333333333334,lstm,14,17,input_norm,581,b3ae7a4-dirty
Subject969,30,0.6044444444444445,0.6666666666666666,0.6666666666666666,lstm,14,17,none,945,b3ae7a4-dirty
Subject969,30,0.6566137566137565,0.7,0.7,lstm,14,17,input_norm,945,b3ae7a4-dirty
Subject226,30,0.6247619047619047,0.7,0.7,lstm,15,2,none,605,b3ae7a4-dirty
Subject226,30,0.4800000000000001,0.5666666666666667,0.5666666666666667,lstm,15,2,input_norm,605,b3ae7a4-dirty
Subject353,60,0.5866533466533467,0.6166666666666667,0.6166666666666667,lstm,15,2,none,680,b3ae7a4-dirty
Subject353,60,0.5244636844636845,0.5666666666666667,0.5666666666666667,lstm,15,2,input_norm,680,b3ae7a4-dirty
Subject455,60,0.4794893994893995,0.5166666666666667,0.5166666666666667,lstm,15,2,none,489,b3ae7a4-dirty
Subject455,60,0.44312576312576313,0.5,0.5,lstm,15,2,input_norm,489,b3ae7a4-dirty
Subject516,30,0.6644444444444445,0.7,0.7,lstm,15,2,none,552,b3ae7a4-dirty
Subject516,30,0.5877248677248677,0.6333333333333333,0.6333333333333333,lstm,15,2,input_norm,552,b3ae7a4-dirty
Subject580,90,0.5273210449681038,0.5555555555555555,0.5555555555555556,lstm,15,2,none,508,b3ae7a4-dirty
Subject580,90,0.5321171226434385,0.5666666666666665,0.5666666666666667,lstm,15,2,input_norm,508,b3ae7a4-dirty
Subject969,30,0.2603174603174603,0.3333333333333333,0.3333333333333333,lstm,15,2,none,945,b3ae7a4-dirty
Subject969,30,0.33809523809523806,0.36666666666666664,0.36666666666666664,lstm,15,2,input_norm,945,b3ae7a4-dirty
Subject226,30,0.7288888888888888,0.7666666666666667,0.7666666666666667,lstm,15,8,none,605,b3ae7a4-dirty
Subject226,30,0.711111111111111,0.7666666666666667,0.7666666666666667,lstm,15,8,input_norm,605,b3ae7a4-dirty
Subject353,60,0.6400721500721501,0.6833333333333333,0.6833333333333333,lstm,15,8,none,680,b3ae7a4-dirty
Subject353,60,0.664954304954305,0.7166666666666667,0.7166666666666667,lstm,15,8,input_norm,680,b3ae7a4-dirty
Subject455,60,0.8577441077441077,0.8833333333333333,0.8833333333333333,lstm,15,8,none,489,b3ae7a4-dirty
Subject455,60,0.924886964886965,0.9333333333333333,0.9333333333333333,lstm,15,8,input_norm,489,b3ae7a4-dirty
Subject516,30,0.7269841269841268,0.7666666666666667,0.7666666666666667,lstm,15,8,none,552,b3ae7a4-dirty
Subject516,30,0.6761904761904761,0.7333333333333333,0.7333333333333333,lstm,15,8,input_norm,552,b3ae7a4-dirty
Subject580,90,0.7647985347985348,0.7666666666666667,0.7666666666666667,lstm,15,8,none,508,b3ae7a4-dirty
Subject580,90,0.6962184702122781,0.711111111111111,0.7111111111111111,lstm,15,8,input_norm,508,b3ae7a4-dirty
Subject969,30,0.45185185185185184,0.5,0.5,lstm,15,8,none,945,b3ae7a4-dirty
Subject969,30,0.5888888888888888,0.6666666666666666,0.6666666666666666,lstm,15,8,input_norm,945,b3ae7a4-dirty
Subject226,30,0.7555555555555554,0.8,0.8,lstm,15,17,none,605,b3ae7a4-dirty
Subject226,30,0.84,0.8666666666666667,0.8666666666666667,lstm,15,17,input_norm,605,b3ae7a4-dirty
Subject353,60,0.7713516113516115,0.7833333333333333,0.7833333333333333,lstm,15,17,none,680,b3ae7a4-dirty
Subject353,60,0.7715007215007215,0.8,0.8,lstm,15,17,input_norm,680,b3ae7a4-dirty
Subject455,60,0.9481481481481481,0.95,0.95,lstm,15,17,none,489,b3ae7a4-dirty
Subject455,60,0.9475132275132275,0.95,0.95,lstm,15,17,input_norm,489,b3ae7a4-dirty
Subject516,30,0.8825396825396825,0.9,0.9,lstm,15,17,none,552,b3ae7a4-dirty
Subject516,30,0.8999999999999999,0.9,0.9,lstm,15,17,input_norm,552,b3ae7a4-dirty
Subject580,90,0.8641478891478892,0.8666666666666668,0.8666666666666667,lstm,15,17,none,508,b3ae7a4-dirty
Subject580,90,0.7624902874902875,0.788888888888889,0.7888888888888889,lstm,15,17,input_norm,508,b3ae7a4-dirty
Subject969,30,0.7533333333333334,0.8,0.8,lstm,15,17,none,945,b3ae7a4-dirty
Subject969,30,0.6822222222222223,0.7333333333333333,0.7333333333333333,lstm,15,17,input_norm,945,b3ae7a4-dirty
Subject139,60,0.42102564102564105,0.5166666666666667,0.5166666666666667,lstm,16,2,none,660,b3ae7a4-dirty
Subject139,60,0.43507936507936507,0.5333333333333333,0.5333333333333333,lstm,16,2,input_norm,660,b3ae7a4-dirty
Subject226,30,0.46920634920634924,0.5666666666666667,0.5666666666666667,lstm,16,2,none,605,b3ae7a4-dirty
Subject226,30,0.466984126984127,0.5666666666666667,0.5666666666666667,lstm,16,2,input_norm,605,b3ae7a4-dirty
Subject424,60,0.4132563732563732,0.48333333333333334,0.48333333333333334,lstm,16,2,none,448,b3ae7a4-dirty
Subject424,60,0.5468842268842269,0.6333333333333333,0.6333333333333333,lstm,16,2,input_norm,448,b3ae7a4-dirty
Subject729,60,0.37291597291597295,0.45,0.45,lstm,16,2,none,723,b3ae7a4-dirty
Subject729,60,0.45030525030525037,0.5166666666666667,0.5166666666666667,lstm,16,2,input_norm,723,b3ae7a4-dirty
Subject731,30,0.3292063492063492,0.4,0.4,lstm,16,2,none,645,b3ae7a4-dirty
Subject731,30,0.3385185185185185,0.4,0.4,lstm,16,2,input_norm,645,b3ae7a4-dirty
Subject867,60,0.5271428571428571,0.5833333333333334,0.5833333333333334,lstm,16,2,none,499,b3ae7a4-dirty
Subject867,60,0.5255218855218856,0.5666666666666667,0.5666666666666667,lstm,16,2,input_norm,499,b3ae7a4-dirty
Subject139,60,0.7802116402116401,0.8,0.8,lstm,16,8,none,660,b3ae7a4-dirty
Subject139,60,0.7138768638768639,0.75,0.75,lstm,16,8,input_norm,660,b3ae7a4-dirty
Subject226,30,0.66,0.7333333333333333,0.7333333333333333,lstm,16,8,none,605,b3ae7a4-dirty
Subject226,30,0.7822222222222223,0.8333333333333334,0.8333333333333334,lstm,16,8,input_norm,605,b3ae7a4-dirty
Subject424,60,0.7466859066859066,0.7833333333333333,0.7833333333333333,lstm,16,8,none,448,b3ae7a4-dirty
Subject424,60,0.6640885040885041,0.7333333333333333,0.7333333333333333,lstm,16,8,input_norm,448,b3ae7a4-dirty
Subject729,60,0.8482539682539684,0.8666666666666667,0.8666666666666667,lstm,16,8,none,723,b3ae7a4-dirty
Subject729,60,0.8378835978835979,0.8666666666666667,0.8666666666666667,lstm,16,8,input_norm,723,b3ae7a4-dirty
Subject731,30,0.6914285714285714,0.7333333333333333,0.7333333333333333,lstm,16,8,none,645,b3ae7a4-dirty
Subject731,30,0.6634920634920635,0.7,0.7,lstm,16,8,input_norm,645,b3ae7a4-dirty
Subject867,60,0.8038095238095239,0.8333333333333334,0.8333333333333334,lstm,16,8,none,499,b3ae7a4-dirty
Subject867,60,0.8427513227513227,0.8666666666666667,0.8666666666666667,lstm,16,8,input_norm,499,b3ae7a4-dirty
Subject139,60,0.9475132275132275,0.95,0.95,lstm,16,17,none,660,b3ae7a4-dirty
Subject139,60,0.9500721500721501,0.95,0.95,lstm,16,17,input_norm,660,b3ae7a4-dirty
Subject226,30,0.9288888888888889,0.9333333333333333,0.9333333333333333,lstm,16,17,none,605,b3ae7a4-dirty
Subject226,30,0.9288888888888889,0.9333333333333333,0.9333333333333333,lstm,16,17,input_norm,605,b3ae7a4-dirty
Subject424,60,0.8922943722943724,0.9,0.9,lstm,16,17,none,448,b3ae7a4-dirty
Subject424,60,0.8209523809523809,0.85,0.85,lstm,16,17,input_norm,448,b3ae7a4-dirty
Subject729,60,0.8975853775853776,0.9,0.9,lstm,16,17,none,723,b3ae7a4-dirty
Subject729,60,0.8586243386243386,0.8833333333333333,0.8833333333333333,lstm,16,17,input_norm,723,b3ae7a4-dirty
Subject731,30,0.9644444444444444,0.9666666666666667,0.9666666666666667,lstm,16,17,none,645,b3ae7a4-dirty
Subject731,30,0.8711111111111112,0.9,0.9,lstm,16,17,input_norm,645,b3ae7a4-dirty
Subject867,60,0.8882539682539683,0.9166666666666666,0.9166666666666666,lstm,16,17,none,499,b3ae7a4-dirty
Subject867,60,0.878062678062678,0.9,0.9,lstm,16,17,input_norm,499,b3ae7a4-dirty
Subject147,31,0.39841269841269844,0.5222222222222223,0.5161290322580645,lstm,17,2,none,537,b3ae7a4-dirty
Subject147,31,0.39365079365079364,0.5222222222222223,0.5161290322580645,lstm,17,2,input_norm,537,b3ae7a4-dirty
Subject352,30,0.3444444444444444,0.4,0.4,lstm,17,2,none,866,b3ae7a4-dirty
Subject352,30,0.40476190476190477,0.4666666666666667,0.4666666666666667,lstm,17,2,input_norm,866,b3ae7a4-dirty
Subject376,60,0.6158826358826359,0.65,0.65,lstm,17,2,none,447,b3ae7a4-dirty
Subject376,60,0.5896969696969697,0.6666666666666666,0.6666666666666666,lstm,17,2,input_norm,447,b3ae7a4-dirty
Subject494,60,0.5292255892255893,0.5666666666666667,0.5666666666666667,lstm,17,2,none,506,b3ae7a4-dirty
Subject494,60,0.5238095238095238,0.5833333333333334,0.5833333333333334,lstm,17,2,input_norm,506,b3ae7a4-dirty
Subject741,60,0.44088303853009736,0.5166666666666667,0.5166666666666667,lstm,17,2,none,450,b3ae7a4-dirty
Subject741,60,0.46767898767898763,0.55,0.55,lstm,17,2,input_norm,450,b3ae7a4-dirty
Subject819,60,0.35651072124756333,0.45,0.45,lstm,17,2,none,684,b3ae7a4-dirty
Subject819,60,0.44723945988651875,0.5166666666666667,0.5166666666666667,lstm,17,2,input_norm,684,b3ae7a4-dirty
Subject147,31,0.8755555555555555,0.9,0.9032258064516129,lstm,17,8,none,537,b3ae7a4-dirty
Subject147,31,0.7580952380952379,0.8,0.8064516129032258,lstm,17,8,input_norm,537,b3ae7a4-dirty
Subject352,30,0.8444444444444444,0.8666666666666667,0.8666666666666667,lstm,17,8,none,866,b3ae7a4-dirty
Subject352,30,0.8088888888888889,0.8333333333333334,0.8333333333333334,lstm,17,8,input_norm,866,b3ae7a4-dirty
Subject376,60,0.7003174603174602,0.7166666666666667,0.7166666666666667,lstm,17,8,none,447,b3ae7a4-dirty
Subject376,60,0.666931216931217,0.6833333333333333,0.6833333333333333,lstm,17,8,input_norm,447,b3ae7a4-dirty
Subject494,60,0.6336182336182337,0.6833333333333333,0.6833333333333333,lstm,17,8,none,506,b3ae7a4-dirty
Subject494,60,0.6098027898027899,0.6666666666666666,0.6666666666666666,lstm,17,8,input_norm,506,b3ae7a4-dirty
Subject741,60,0.6883627483627486,0.7,0.7,lstm,17,8,none,450,b3ae7a4-dirty
Subject741,60,0.7337240537240537,0.75,0.75,lstm,17,8,input_norm,450,b3ae7a4-dirty
Subject819,60,0.8772486772486773,0.9,0.9,lstm,17,8,none,684,b3ae7a4-dirty
Subject819,60,0.7659451659451659,0.8166666666666667,0.8166666666666667,lstm,17,8,input_norm,684,b3ae7a4-dirty
Subject147,31,0.9111111111111111,0.9333333333333333,0.9354838709677419,lstm,17,17,none,537,b3ae7a4-dirty
Subject147,31,0.9111111111111111,0.9333333333333333,0.9354838709677419,lstm,17,17,input_norm,537,b3ae7a4-dirty
Subject352,30,0.7866666666666666,0.8,0.8,lstm,17,17,none,866,b3ae7a4-dirty
Subject352,30,0.7644444444444445,0.7666666666666667,0.7666666666666667,lstm,17,17,input_norm,866,b3ae7a4-dirty
Subject376,60,0.8444444444444444,0.8666666666666667,0.8666666666666667,lstm,17,17,none,447,b3ae7a4-dirty
Subject376,60,0.7528427128427128,0.7833333333333333,0.7833333333333333,lstm,17,17,input_norm,447,b3ae7a4-dirty
Subject494,60,0.7344107744107743,0.75,0.75,lstm,17,17,none,506,b3ae7a4-dirty
Subject494,60,0.7204232804232805,0.75,0.75,lstm,17,17,input_norm,506,b3ae7a4-dirty
Subject741,60,0.8940740740740741,0.9,0.9,lstm,17,17,none,450,b3ae7a4-dirty
Subject741,60,0.9274074074074075,0.9333333333333333,0.9333333333333333,lstm,17,17,input_norm,450,b3ae7a4-dirty
Subject819,60,0.7762829762829763,0.8166666666666667,0.8166666666666667,lstm,17,17,none,684,b3ae7a4-dirty
Subject819,60,0.7902319902319902,0.8333333333333334,0.8333333333333334,lstm,17,17,input_norm,684,b3ae7a4-dirty
Subject139,60,0.3941414141414141,0.45,0.45,lstm,18,2,none,660,b3ae7a4-dirty
Subject139,60,0.4719191919191919,0.5333333333333333,0.5333333333333333,lstm,18,2,input_norm,660,b3ae7a4-dirty
Subject226,30,0.23333333333333334,0.3,0.3,lstm,18,2,none,605,b3ae7a4-dirty
Subject226,30,0.4295238095238095,0.5333333333333333,0.5333333333333333,lstm,18,2,input_norm,605,b3ae7a4-dirty
Subject455,60,0.5551515151515152,0.6166666666666667,0.6166666666666667,lstm,18,2,none,489,b3ae7a4-dirty
Subject455,60,0.5410256410256411,0.6,0.6,lstm,18,2,input_norm,489,b3ae7a4-dirty
Subject867,60,0.5154497354497355,0.5833333333333334,0.5833333333333334,lstm,18,2,none,499,b3ae7a4-dirty
Subject867,60,0.6054700854700855,0.65,0.65,lstm,18,2,input_norm,499,b3ae7a4-dirty
Subject890,30,0.5003174603174604,0.5666666666666667,0.5666666666666667,lstm,18,2,none,581,b3ae7a4-dirty
Subject890,30,0.45999999999999996,0.5333333333333333,0.5333333333333333,lstm,18,2,input_norm,581,b3ae7a4-dirty
Subject969,30,0.2914285714285714,0.4,0.4,lstm,18,2,none,945,b3ae7a4-dirty
Subject969,30,0.4228571428571428,0.5,0.5,lstm,18,2,input_norm,945,b3ae7a4-dirty
Subject139,60,0.8582202982202982,0.8666666666666667,0.8666666666666667,lstm,18,8,none,660,b3ae7a4-dirty
Subject139,60,0.7969167869167868,0.8166666666666667,0.8166666666666667,lstm,18,8,input_norm,660,b3ae7a4-dirty
Subject226,30,0.6511111111111111,0.7333333333333333,0.7333333333333333,lstm,18,8,none,605,b3ae7a4-dirty
Subject226,30,0.6644444444444443,0.7333333333333333,0.7333333333333333,lstm,18,8,input_norm,605,b3ae7a4-dirty
Subject455,60,0.9320634920634921,0.9333333333333333,0.9333333333333333,lstm,18,8,none,489,b3ae7a4-dirty
Subject455,60,0.7711784511784512,0.8166666666666667,0.8166666666666667,lstm,18,8,input_norm,489,b3ae7a4-dirty
Subject867,60,0.8243578643578643,0.85,0.85,lstm,18,8,none,499,b3ae7a4-dirty
Subject867,60,0.7291005291005291,0.7833333333333333,0.7833333333333333,lstm,18,8,input_norm,499,b3ae7a4-dirty
Subject890,30,0.8222222222222223,0.8333333333333334,0.8333333333333334,lstm,18,8,none,581,b3ae7a4-dirty
Subject890,30,0.7866666666666666,0.8333333333333334,0.8333333333333334,lstm,18,8,input_norm,581,b3ae7a4-dirty
Subject969,30,0.5362962962962963,0.6,0.6,lstm,18,8,none,945,b3ae7a4-dirty
Subject969,30,0.4385185185185186,0.5,0.5,lstm,18,8,input_norm,945,b3ae7a4-dirty
Subject139,60,0.8592592592592591,0.8666666666666667,0.8666666666666667,lstm,18,17,none,660,b3ae7a4-dirty
Subject139,60,0.838062678062678,0.85,0.85,lstm,18,17,input_norm,660,b3ae7a4-dirty
Subject226,30,0.9288888888888889,0.9333333333333333,0.9333333333333333,lstm,18,17,none,605,b3ae7a4-dirty
Subject226,30,0.8399999999999999,0.8666666666666667,0.8666666666666667,lstm,18,17,input_norm,605,b3ae7a4-dirty
Subject455,60,0.876031746031746,0.8833333333333333,0.8833333333333333,lstm,18,17,none,489,b3ae7a4-dirty
Subject455,60,0.9830687830687831,0.9833333333333333,0.9833333333333333,lstm,18,17,input_norm,489,b3ae7a4-dirty
Subject867,60,0.8334391534391534,0.8666666666666667,0.8666666666666667,lstm,18,17,none,499,b3ae7a4-dirty
Subject867,60,0.835998075998076,0.8666666666666667,0.8666666666666667,lstm,18,17,input_norm,499,b3ae7a4-dirty
Subject890,30,0.8333333333333334,0.8666666666666667,0.8666666666666667,lstm,18,17,none,581,b3ae7a4-dirty
Subject890,30,0.7977777777777778,0.8333333333333334,0.8333333333333334,lstm,18,17,input_norm,581,b3ae7a4-dirty
Subject969,30,0.7,0.7333333333333333,0.7333333333333333,lstm,18,17,none,945,b3ae7a4-dirty
Subject969,30,0.6803174603174603,0.7333333333333333,0.7333333333333333,lstm,18,17,input_norm,945,b3ae7a4-dirty
Subject147,31,0.5206349206349207,0.5666666666666667,0.5806451612903226,lstm,19,2,none,537,b3ae7a4-dirty
Subject147,31,0.44550264550264546,0.5333333333333333,0.5483870967741935,lstm,19,2,input_norm,537,b3ae7a4-dirty
Subject354,60,0.44026455026455025,0.5,0.5,lstm,19,2,none,485,b3ae7a4-dirty
Subject354,60,0.35062271062271055,0.4,0.4,lstm,19,2,input_norm,485,b3ae7a4-dirty
Subject494,60,0.4308535908535909,0.5333333333333333,0.5333333333333333,lstm,19,2,none,506,b3ae7a4-dirty
Subject494,60,0.3219647019647019,0.4666666666666667,0.4666666666666667,lstm,19,2,input_norm,506,b3ae7a4-dirty
Subject729,60,0.4837229437229438,0.55,0.55,lstm,19,2,none,723,b3ae7a4-dirty
Subject729,60,0.48492544492544487,0.55,0.55,lstm,19,2,input_norm,723,b3ae7a4-dirty
Subject731,30,0.47629629629629633,0.5333333333333333,0.5333333333333333,lstm,19,2,none,645,b3ae7a4-dirty
Subject731,30,0.3904761904761905,0.4666666666666667,0.4666666666666667,lstm,19,2,input_norm,645,b3ae7a4-dirty
Subject890,30,0.6780952380952381,0.7333333333333333,0.7333333333333333,lstm,19,2,none,581,b3ae7a4-dirty
Subject890,30,0.6155555555555555,0.7,0.7,lstm,19,2,input_norm,581,b3ae7a4-dirty
Subject147,31,0.8755555555555555,0.9,0.9032258064516129,lstm,19,8,none,537,b3ae7a4-dirty
Subject147,31,0.8222222222222222,0.8666666666666667,0.8709677419354839,lstm,19,8,input_norm,537,b3ae7a4-dirty
Subject354,60,0.8434006734006734,0.8666666666666667,0.8666666666666667,lstm,19,8,none,485,b3ae7a4-dirty
Subject354,60,0.8600673400673401,0.8833333333333333,0.8833333333333333,lstm,19,8,input_norm,485,b3ae7a4-dirty
Subject494,60,0.5900721500721501,0.6666666666666666,0.6666666666666666,lstm,19,8,none,506,b3ae7a4-dirty
Subject494,60,0.5462626262626262,0.6166666666666667,0.6166666666666667,lstm,19,8,input_norm,506,b3ae7a4-dirty
Subject729,60,0.8941798941798942,0.9166666666666666,0.9166666666666666,lstm,19,8,none,723,b3ae7a4-dirty
Subject729,60,0.8611314611314611,0.8833333333333333,0.8833333333333333,lstm,19,8,input_norm,723,b3ae7a4-dirty
Subject731,30,0.6692063492063492,0.7,0.7,lstm,19,8,none,645,b3ae7a4-dirty
Subject731,30,0.5403174603174603,0.6,0.6,lstm,19,8,input_norm,645,b3ae7a4-dirty
Subject890,30,0.9066666666666666,0.9333333333333333,0.9333333333333333,lstm,19,8,none,581,b3ae7a4-dirty
Subject890,30,0.9288888888888889,0.9333333333333333,0.9333333333333333,lstm,19,8,input_norm,581,b3ae7a4-dirty
Subject147,31,0.9288888888888889,0.9333333333333333,0.9354838709677419,lstm,19,17,none,537,b3ae7a4-dirty
Subject147,31,0.8577777777777776,0.8666666666666667,0.8709677419354839,lstm,19,17,input_norm,537,b3ae7a4-dirty
Subject354,60,0.9494708994708995,0.95,0.95,lstm,19,17,none,485,b3ae7a4-dirty
Subject354,60,0.8588888888888888,0.8833333333333333,0.8833333333333333,lstm,19,17,input_norm,485,b3ae7a4-dirty
Subject494,60,0.6125925925925927,0.6666666666666666,0.6666666666666666,lstm,19,17,none,506,b3ae7a4-dirty
Subject494,60,0.6902837902837902,0.7166666666666667,0.7166666666666667,lstm,19,17,input_norm,506,b3ae7a4-dirty
Subject729,60,0.9104761904761904,0.9166666666666666,0.9166666666666666,lstm,19,17,none,723,b3ae7a4-dirty
Subject729,60,0.8950264550264551,0.9,0.9,lstm,19,17,input_norm,723,b3ae7a4-dirty
Subject731,30,0.8555555555555555,0.8666666666666667,0.8666666666666667,lstm,19,17,none,645,b3ae7a4-dirty
Subject731,30,0.7185185185185186,0.7666666666666667,0.7666666666666667,lstm,19,17,input_norm,645,b3ae7a4-dirty
Subject890,30,0.8755555555555555,0.9,0.9,lstm,19,17,none,581,b3ae7a4-dirty
Subject890,30,0.7400000000000001,0.8,0.8,lstm,19,17,input_norm,581,b3ae7a4-dirty
Subject354,60,0.48910052910052915,0.5666666666666667,0.5666666666666667,lstm,20,2,none,485,b3ae7a4-dirty
Subject354,60,0.519023199023199,0.6,0.6,lstm,20,2,input_norm,485,b3ae7a4-dirty
Subject516,30,0.5844444444444445,0.6666666666666666,0.6666666666666666,lstm,20,2,none,552,b3ae7a4-dirty
Subject516,30,0.5888888888888888,0.6333333333333333,0.6333333333333333,lstm,20,2,input_norm,552,b3ae7a4-dirty
Subject561,60,0.46994190994190993,0.5333333333333333,0.5333333333333333,lstm,20,2,none,695,b3ae7a4-dirty
Subject561,60,0.42847152847152853,0.5166666666666667,0.5166666666666667,lstm,20,2,input_norm,695,b3ae7a4-dirty
Subject571,30,0.5274074074074074,0.6,0.6,lstm,20,2,none,804,b3ae7a4-dirty
Subject571,30,0.5607407407407408,0.6333333333333333,0.6333333333333333,lstm,20,2,input_norm,804,b3ae7a4-dirty
Subject580,90,0.5706549006549008,0.6,0.6,lstm,20,2,none,508,b3ae7a4-dirty
Subject580,90,0.5902334267040149,0.6444444444444445,0.6444444444444445,lstm,20,2,input_norm,508,b3ae7a4-dirty
Subject890,30,0.5603174603174603,0.6333333333333333,0.6333333333333333,lstm,20,2,none,581,b3ae7a4-dirty
Subject890,30,0.5603174603174603,0.6333333333333333,0.6333333333333333,lstm,20,2,input_norm,581,b3ae7a4-dirty
Subject354,60,0.8803174603174604,0.8833333333333333,0.8833333333333333,lstm,20,8,none,485,b3ae7a4-dirty
Subject354,60,0.7263492063492064,0.7666666666666667,0.7666666666666667,lstm,20,8,input_norm,485,b3ae7a4-dirty
Subject516,30,0.7911111111111111,0.8333333333333334,0.8333333333333334,lstm,20,8,none,552,b3ae7a4-dirty
Subject516,30,0.7511111111111111,0.8,0.8,lstm,20,8,input_norm,552,b3ae7a4-dirty
Subject561,60,0.6188744588744589,0.6666666666666666,0.6666666666666666,lstm,20,8,none,695,b3ae7a4-dirty
Subject561,60,0.5415007215007215,0.6166666666666667,0.6166666666666667,lstm,20,8,input_norm,695,b3ae7a4-dirty
Subject571,30,0.7088888888888889,0.7666666666666667,0.7666666666666667,lstm,20,8,none,804,b3ae7a4-dirty
Subject571,30,0.7222222222222221,0.7666666666666667,0.7666666666666667,lstm,20,8,input_norm,804,b3ae7a4-dirty
Subject580,90,0.7704156954156957,0.7777777777777779,0.7777777777777778,lstm,20,8,none,508,b3ae7a4-dirty
Subject580,90,0.5908911350087821,0.6333333333333333,0.6333333333333333,lstm,20,8,input_norm,508,b3ae7a4-dirty
Subject890,30,0.717777777777778,0.7666666666666667,0.7666666666666667,lstm,20,8,none,581,b3ae7a4-dirty
Subject890,30,0.7644444444444445,0.8,0.8,lstm,20,8,input_norm,581,b3ae7a4-dirty
Subject354,60,0.9664021164021165,0.9666666666666667,0.9666666666666667,lstm,20,17,none,485,b3ae7a4-dirty
Subject354,60,0.8393650793650793,0.8666666666666667,0.8666666666666667,lstm,20,17,input_norm,485,b3ae7a4-dirty
Subject516,30,0.8492063492063492,0.8666666666666667,0.8666666666666667,lstm,20,17,none,552,b3ae7a4-dirty
Subject516,30,0.8222222222222222,0.8666666666666667,0.8666666666666667,lstm,20,17,input_norm,552,b3ae7a4-dirty
Subject561,60,0.8626129426129425,0.8833333333333333,0.8833333333333333,lstm,20,17,none,695,b3ae7a4-dirty
Subject561,60,0.8531409331409332,0.8666666666666667,0.8666666666666667,lstm,20,17,input_norm,695,b3ae7a4-dirty
Subject571,30,0.8333333333333334,0.8666666666666667,0.8666666666666667,lstm,20,17,none,804,b3ae7a4-dirty
Subject571,30,0.8333333333333334,0.8666666666666667,0.8666666666666667,lstm,20,17,input_norm,804,b3ae7a4-dirty
Subject580,90,0.9213542013542013,0.9222222222222224,0.9222222222222223,lstm,20,17,none,508,b3ae7a4-dirty
Subject580,90,0.7665289829995712,0.7888888888888889,0.7888888888888889,lstm,20,17,input_norm,508,b3ae7a4-dirty
Subject890,30,0.9111111111111111,0.9333333333333333,0.9333333333333333,lstm,20,17,none,581,b3ae7a4-dirty
Subject890,30,0.9644444444444444,0.9666666666666667,0.9666666666666667,lstm,20,17,input_norm,581,b3ae7a4-dirty
Subject376,60,0.6046764346764347,0.6333333333333333,0.6333333333333333,lstm,21,2,none,447,b3ae7a4-dirty
Subject376,60,0.5610774410774411,0.6166666666666667,0.6166666666666667,lstm,21,2,input_norm,447,b3ae7a4-dirty
Subject494,60,0.6150456950456952,0.65,0.65,lstm,21,2,none,506,b3ae7a4-dirty
Subject494,60,0.6022425722425723,0.6333333333333333,0.6333333333333333,lstm,21,2,input_norm,506,b3ae7a4-dirty
Subject611,60,0.4302675102675103,0.48333333333333334,0.48333333333333334,lstm,21,2,none,578,b3ae7a4-dirty
Subject611,60,0.3844107744107744,0.45,0.45,lstm,21,2,input_norm,578,b3ae7a4-dirty
Subject741,60,0.44190476190476186,0.5,0.5,lstm,21,2,none,450,b3ae7a4-dirty
Subject741,60,0.4555759055759056,0.5333333333333333,0.5333333333333333,lstm,21,2,input_norm,450,b3ae7a4-dirty
Subject819,60,0.4611314611314611,0.55,0.55,lstm,21,2,none,684,b3ae7a4-dirty
Subject819,60,0.4245502645502646,0.48333333333333334,0.48333333333333334,lstm,21,2,input_norm,684,b3ae7a4-dirty
Subject969,30,0.3057142857142857,0.36666666666666664,0.36666666666666664,lstm,21,2,none,945,b3ae7a4-dirty
Subject969,30,0.46698412698412695,0.5333333333333333,0.5333333333333333,lstm,21,2,input_norm,945,b3ae7a4-dirty
Subject376,60,0.6662433862433861,0.7,0.7,lstm,21,8,none,447,b3ae7a4-dirty
Subject376,60,0.6196499796499796,0.6666666666666666,0.6666666666666666,lstm,21,8,input_norm,447,b3ae7a4-dirty
Subject494,60,0.6012890812890812,0.65,0.65,lstm,21,8,none,506,b3ae7a4-dirty
Subject494,60,0.5779568579568579,0.65,0.65,lstm,21,8,input_norm,506,b3ae7a4-dirty
Subject611,60,0.7866666666666667,0.8333333333333334,0.8333333333333334,lstm,21,8,none,578,b3ae7a4-dirty
Subject611,60,0.7866666666666667,0.8333333333333334,0.8333333333333334,lstm,21,8,input_norm,578,b3ae7a4-dirty
Subject741,60,0.6482010582010582,0.6666666666666666,0.6666666666666666,lstm,21,8,none,450,b3ae7a4-dirty
Subject741,60,0.6702260702260702,0.7166666666666667,0.7166666666666667,lstm,21,8,input_norm,450,b3ae7a4-dirty
Subject819,60,0.5972101972101972,0.6666666666666666,0.6666666666666666,lstm,21,8,none,684,b3ae7a4-dirty
Subject819,60,0.6887168387168388,0.75,0.75,lstm,21,8,input_norm,684,b3ae7a4-dirty
Subject969,30,0.4088888888888889,0.5,0.5,lstm,21,8,none,945,b3ae7a4-dirty
Subject969,30,0.5096296296296295,0.5666666666666667,0.5666666666666667,lstm,21,8,input_norm,945,b3ae7a4-dirty
Subject376,60,0.9288888888888888,0.9333333333333333,0.9333333333333333,lstm,21,17,none,447,b3ae7a4-dirty
Subject376,60,0.7722425722425722,0.8,0.8,lstm,21,17,input_norm,447,b3ae7a4-dirty
Subject494,60,0.6083309283309284,0.6666666666666666,0.6666666666666666,lstm,21,17,none,506,b3ae7a4-dirty
Subject494,60,0.5367062567062567,0.6166666666666667,0.6166666666666667,lstm,21,17,input_norm,506,b3ae7a4-dirty
Subject611,60,0.9644444444444444,0.9666666666666667,0.9666666666666667,lstm,21,17,none,578,b3ae7a4-dirty
Subject611,60,0.9644444444444444,0.9666666666666667,0.9666666666666667,lstm,21,17,input_norm,578,b3ae7a4-dirty
Subject741,60,0.8472486772486773,0.85,0.85,lstm,21,17,none,450,b3ae7a4-dirty
Subject741,60,0.9305820105820106,0.9333333333333333,0.9333333333333333,lstm,21,17,input_norm,450,b3ae7a4-dirty
Subject819,60,0.8571428571428571,0.8833333333333333,0.8833333333333333,lstm,21,17,none,684,b3ae7a4-dirty
Subject819,60,0.8755555555555555,0.9,0.9,lstm,21,17,input_norm,684,b3ae7a4-dirty
Subject969,30,0.7603174603174604,0.8,0.8,lstm,21,17,none,945,b3ae7a4-dirty
Subject969,30,0.7580952380952382,0.8,0.8,lstm,21,17,input_norm,945,b3ae7a4-dirty
Subject226,30,0.4822222222222222,0.5666666666666667,0.5666666666666667,lstm,22,2,none,605,b3ae7a4-dirty
Subject226,30,0.5118518518518519,0.6,0.6,lstm,22,2,input_norm,605,b3ae7a4-dirty
Subject561,60,0.48458985458985454,0.55,0.55,lstm,22,2,none,695,b3ae7a4-dirty
Subject561,60,0.621010101010101,0.6666666666666666,0.6666666666666666,lstm,22,2,input_norm,695,b3ae7a4-dirty
Subject731,30,0.2936507936507936,0.3333333333333333,0.3333333333333333,lstm,22,2,none,645,b3ae7a4-dirty
Subject731,30,0.3343915343915344,0.4,0.4,lstm,22,2,input_norm,645,b3ae7a4-dirty
Subject741,60,0.5987301587301588,0.65,0.65,lstm,22,2,none,450,b3ae7a4-dirty
Subject741,60,0.45754689754689754,0.55,0.55,lstm,22,2,input_norm,450,b3ae7a4-dirty
Subject819,60,0.4146204122674711,0.5,0.5,lstm,22,2,none,684,b3ae7a4-dirty
Subject819,60,0.5087179487179487,0.5833333333333334,0.5833333333333334,lstm,22,2,input_norm,684,b3ae7a4-dirty
Subject867,60,0.41190476190476194,0.4666666666666667,0.4666666666666667,lstm,22,2,none,499,b3ae7a4-dirty
Subject867,60,0.3242723942723943,0.36666666666666664,0.36666666666666664,lstm,22,2,input_norm,499,b3ae7a4-dirty
Subject226,30,0.7822222222222222,0.8333333333333334,0.8333333333333334,lstm,22,8,none,605,b3ae7a4-dirty
Subject226,30,0.7222222222222221,0.7666666666666667,0.7666666666666667,lstm,22,8,input_norm,605,b3ae7a4-dirty
Subject561,60,0.6836363636363636,0.75,0.75,lstm,22,8,none,695,b3ae7a4-dirty
Subject561,60,0.6599134199134199,0.7166666666666667,0.7166666666666667,lstm,22,8,input_norm,695,b3ae7a4-dirty
Subject731,30,0.5746031746031746,0.6333333333333333,0.6333333333333333,lstm,22,8,none,645,b3ae7a4-dirty
Subject731,30,0.5966666666666666,0.6333333333333333,0.6333333333333333,lstm,22,8,input_norm,645,b3ae7a4-dirty
Subject741,60,0.6907285307285308,0.7333333333333333,0.7333333333333333,lstm,22,8,none,450,b3ae7a4-dirty
Subject741,60,0.7161375661375662,0.75,0.75,lstm,22,8,input_norm,450,b3ae7a4-dirty
Subject819,60,0.6100203500203502,0.6666666666666666,0.6666666666666666,lstm,22,8,none,684,b3ae7a4-dirty
Subject819,60,0.6186110186110186,0.7,0.7,lstm,22,8,input_norm,684,b3ae7a4-dirty
Subject867,60,0.632029822029822,0.6833333333333333,0.6833333333333333,lstm,22,8,none,499,b3ae7a4-dirty
Subject867,60,0.6654353054353055,0.7,0.7,lstm,22,8,input_norm,499,b3ae7a4-dirty
Subject226,30,0.9644444444444444,0.9666666666666667,0.9666666666666667,lstm,22,17,none,605,b3ae7a4-dirty
Subject226,30,0.9644444444444444,0.9666666666666667,0.9666666666666667,lstm,22,17,input_norm,605,b3ae7a4-dirty
Subject561,60,0.7733333333333333,0.8,0.8,lstm,22,17,none,695,b3ae7a4-dirty
Subject561,60,0.7104628704628705,0.75,0.75,lstm,22,17,input_norm,695,b3ae7a4-dirty
Subject731,30,0.7688888888888888,0.8,0.8,lstm,22,17,none,645,b3ae7a4-dirty
Subject731,30,0.6780952380952381,0.7333333333333333,0.7333333333333333,lstm,22,17,input_norm,645,b3ae7a4-dirty
Subject741,60,0.8611640211640211,0.8666666666666667,0.8666666666666667,lstm,22,17,none,450,b3ae7a4-dirty
Subject741,60,0.8251851851851852,0.85,0.85,lstm,22,17,input_norm,450,b3ae7a4-dirty
Subject819,60,0.5817989417989418,0.65,0.65,lstm,22,17,none,684,b3ae7a4-dirty
Subject819,60,0.5883790283790283,0.65,0.65,lstm,22,17,input_norm,684,b3ae7a4-dirty
Subject867,60,0.9661375661375663,0.9666666666666667,0.9666666666666667,lstm,22,17,none,499,b3ae7a4-dirty
Subject867,60,0.9494708994708995,0.95,0.95,lstm,22,17,input_norm,499,b3ae7a4-dirty
Subject353,60,0.48255892255892263,0.55,0.55,lstm,23,2,none,680,b3ae7a4-dirty
Subject353,60,0.6080615680615681,0.6666666666666666,0.6666666666666666,lstm,23,2,input_norm,680,b3ae7a4-dirty
Subject354,60,0.4582202982202983,0.5,0.5,lstm,23,2,none,485,b3ae7a4-dirty
Subject354,60,0.5626733500417711,0.6,0.6,lstm,23,2,input_norm,485,b3ae7a4-dirty
Subject424,60,0.5273748473748473,0.6166666666666667,0.6166666666666667,lstm,23,2,none,448,b3ae7a4-dirty
Subject424,60,0.5177777777777778,0.6,0.6,lstm,23,2,input_norm,448,b3ae7a4-dirty
Subject455,60,0.5621693121693122,0.6166666666666667,0.6166666666666667,lstm,23,2,none,489,b3ae7a4-dirty
Subject455,60,0.43741147741147746,0.5166666666666667,0.5166666666666667,lstm,23,2,input_norm,489,b3ae7a4-dirty
Subject494,60,0.4736182336182336,0.55,0.55,lstm,23,2,none,506,b3ae7a4-dirty
Subject494,60,0.4313960113960114,0.5166666666666667,0.5166666666666667,lstm,23,2,input_norm,506,b3ae7a4-dirty
Subject731,30,0.711111111111111,0.7333333333333333,0.7333333333333333,lstm,23,2,none,645,b3ae7a4-dirty
Subject731,30,0.49142857142857144,0.5333333333333333,0.5333333333333333,lstm,23,2,input_norm,645,b3ae7a4-dirty
Subject353,60,0.6861664261664262,0.7,0.7,lstm,23,8,none,680,b3ae7a4-dirty
Subject353,60,0.633015873015873,0.6666666666666666,0.6666666666666666,lstm,23,8,input_norm,680,b3ae7a4-dirty
Subject354,60,0.8622414622414621,0.8666666666666667,0.8666666666666667,lstm,23,8,none,485,b3ae7a4-dirty
Subject354,60,0.8347282347282348,0.85,0.85,lstm,23,8,input_norm,485,b3ae7a4-dirty
Subject424,60,0.7783416583416584,0.8166666666666667,0.8166666666666667,lstm,23,8,none,448,b3ae7a4-dirty
Subject424,60,0.7813371813371813,0.8166666666666667,0.8166666666666667,lstm,23,8,input_norm,448,b3ae7a4-dirty
Subject455,60,0.7553439153439154,0.8,0.8,lstm,23,8,none,489,b3ae7a4-dirty
Subject455,60,0.8882539682539683,0.9166666666666666,0.9166666666666666,lstm,23,8,input_norm,489,b3ae7a4-dirty
Subject494,60,0.5866666666666666,0.65,0.65,lstm,23,8,none,506,b3ae7a4-dirty
Subject494,60,0.5651291627762216,0.6333333333333333,0.6333333333333333,lstm,23,8,input_norm,506,b3ae7a4-dirty
Subject731,30,0.6010582010582011,0.6666666666666666,0.6666666666666666,lstm,23,8,none,645,b3ae7a4-dirty
Subject731,30,0.5566137566137567,0.6333333333333333,0.6333333333333333,lstm,23,8,input_norm,645,b3ae7a4-dirty
Subject353,60,0.7559980759980759,0.7666666666666667,0.7666666666666667,lstm,23,17,none,680,b3ae7a4-dirty
Subject353,60,0.8466329966329966,0.85,0.85,lstm,23,17,input_norm,680,b3ae7a4-dirty
Subject354,60,0.9141798941798942,0.9166666666666666,0.9166666666666666,lstm,23,17,none,485,b3ae7a4-dirty
Subject354,60,0.7673737373737375,0.8,0.8,lstm,23,17,input_norm,485,b3ae7a4-dirty
Subject424,60,0.841957671957672,0.8666666666666667,0.8666666666666667,lstm,23,17,none,448,b3ae7a4-dirty
Subject424,60,0.9066666666666667,0.9333333333333333,0.9333333333333333,lstm,23,17,input_norm,448,b3ae7a4-dirty
Subject455,60,0.8981684981684982,0.9166666666666666,0.9166666666666666,lstm,23,17,none,489,b3ae7a4-dirty
Subject455,60,0.9248869648869648,0.9333333333333333,0.9333333333333333,lstm,23,17,input_norm,489,b3ae7a4-dirty
Subject494,60,0.7385917785917786,0.7666666666666667,0.7666666666666667,lstm,23,17,none,506,b3ae7a4-dirty
Subject494,60,0.6992592592592592,0.75,0.75,lstm,23,17,input_norm,506,b3ae7a4-dirty
Subject731,30,0.84,0.8666666666666667,0.8666666666666667,lstm,23,17,none,645,b3ae7a4-dirty
Subject731,30,0.9288888888888889,0.9333333333333333,0.9333333333333333,lstm,23,17,input_norm,645,b3ae7a4-dirty
Subject139,60,0.4832560032560032,0.5,0.5,lstm,24,2,none,660,b3ae7a4-dirty
Subject139,60,0.5042083842083842,0.5833333333333334,0.5833333333333334,lstm,24,2,input_norm,660,b3ae7a4-dirty
Subject352,30,0.4444444444444445,0.5,0.5,lstm,24,2,none,866,b3ae7a4-dirty
Subject352,30,0.4311111111111111,0.5,0.5,lstm,24,2,input_norm,866,b3ae7a4-dirty
Subject353,60,0.3457864357864358,0.4,0.4,lstm,24,2,none,680,b3ae7a4-dirty
Subject353,60,0.3945743145743145,0.45,0.45,lstm,24,2,input_norm,680,b3ae7a4-dirty
Subject611,60,0.5111111111111112,0.6,0.6,lstm,24,2,none,578,b3ae7a4-dirty
Subject611,60,0.48688533688533686,0.5666666666666667,0.5666666666666667,lstm,24,2,input_norm,578,b3ae7a4-dirty
Subject877,60,0.5711710511710513,0.6166666666666667,0.6166666666666667,lstm,24,2,none,646,b3ae7a4-dirty
Subject877,60,0.6122089022089022,0.65,0.65,lstm,24,2,input_norm,646,b3ae7a4-dirty
Subject890,30,0.4758730158730159,0.5666666666666667,0.5666666666666667,lstm,24,2,none,581,b3ae7a4-dirty
Subject890,30,0.5111111111111111,0.6,0.6,lstm,24,2,input_norm,581,b3ae7a4-dirty
Subject139,60,0.9053968253968255,0.9166666666666666,0.9166666666666666,lstm,24,8,none,660,b3ae7a4-dirty
Subject139,60,0.9308465608465608,0.9333333333333333,0.9333333333333333,lstm,24,8,input_norm,660,b3ae7a4-dirty
Subject352,30,0.6247619047619046,0.6666666666666666,0.6666666666666666,lstm,24,8,none,866,b3ae7a4-dirty
Subject352,30,0.5777777777777777,0.6333333333333333,0.6333333333333333,lstm,24,8,input_norm,866,b3ae7a4-dirty
Subject353,60,0.7222943722943723,0.7333333333333333,0.7333333333333333,lstm,24,8,none,680,b3ae7a4-dirty
Subject353,60,0.8313227513227514,0.85,0.85,lstm,24,8,input_norm,680,b3ae7a4-dirty
Subject611,60,0.8922943722943724,0.9,0.9,lstm,24,8,none,578,b3ae7a4-dirty
Subject611,60,0.8228042328042329,0.85,0.85,lstm,24,8,input_norm,578,b3ae7a4-dirty
Subject877,60,0.9644444444444444,0.9666666666666667,0.9666666666666667,lstm,24,8,none,646,b3ae7a4-dirty
Subject877,60,0.9485714285714285,0.95,0.95,lstm,24,8,input_norm,646,b3ae7a4-dirty
Subject890,30,0.8800000000000001,0.9,0.9,lstm,24,8,none,581,b3ae7a4-dirty
Subject890,30,0.8755555555555555,0.9,0.9,lstm,24,8,input_norm,581,b3ae7a4-dirty
Subject139,60,0.874074074074074,0.9,0.9,lstm,24,17,none,660,b3ae7a4-dirty
Subject139,60,0.7965079365079365,0.8166666666666667,0.8166666666666667,lstm,24,17,input_norm,660,b3ae7a4-dirty
Subject352,30,0.8088888888888889,0.8333333333333334,0.8333333333333334,lstm,24,17,none,866,b3ae7a4-dirty
Subject352,30,0.7333333333333333,0.7666666666666667,0.7666666666666667,lstm,24,17,input_norm,866,b3ae7a4-dirty
Subject353,60,0.6744107744107743,0.7166666666666667,0.7166666666666667,lstm,24,17,none,680,b3ae7a4-dirty
Subject353,60,0.7941462241462243,0.8166666666666667,0.8166666666666667,lstm,24,17,input_norm,680,b3ae7a4-dirty
Subject611,60,0.9062626262626262,0.9166666666666666,0.9166666666666666,lstm,24,17,none,578,b3ae7a4-dirty
Subject611,60,0.8950264550264551,0.9,0.9,lstm,24,17,input_norm,578,b3ae7a4-dirty
Subject877,60,0.9830687830687831,0.9833333333333333,0.9833333333333333,lstm,24,17,none,646,b3ae7a4-dirty
Subject877,60,0.9830687830687831,0.9833333333333333,0.9833333333333333,lstm,24,17,input_norm,646,b3ae7a4-dirty
Subject890,30,0.8755555555555555,0.9,0.9,lstm,24,17,none,581,b3ae7a4-dirty
Subject890,30,0.8222222222222222,0.8666666666666667,0.8666666666666667,lstm,24,17,input_norm,581,b3ae7a4-dirty
Subject352,30,0.4149206349206349,0.5,0.5,lstm,25,2,none,866,b3ae7a4-dirty
Subject352,30,0.45555555555555555,0.5,0.5,lstm,25,2,input_norm,866,b3ae7a4-dirty
Subject353,60,0.39714285714285713,0.5,0.5,lstm,25,2,none,680,b3ae7a4-dirty
Subject353,60,0.46218966218966223,0.5333333333333333,0.5333333333333333,lstm,25,2,input_norm,680,b3ae7a4-dirty
Subject354,60,0.4465367965367965,0.5,0.5,lstm,25,2,none,485,b3ae7a4-dirty
Subject354,60,0.4874603174603174,0.5333333333333333,0.5333333333333333,lstm,25,2,input_norm,485,b3ae7a4-dirty
Subject561,60,0.5806926406926407,0.65,0.65,lstm,25,2,none,695,b3ae7a4-dirty
Subject561,60,0.4981144781144781,0.6,0.6,lstm,25,2,input_norm,695,b3ae7a4-dirty
Subject571,30,0.48888888888888893,0.5666666666666667,0.5666666666666667,lstm,25,2,none,804,b3ae7a4-dirty
Subject571,30,0.3877248677248677,0.4666666666666667,0.4666666666666667,lstm,25,2,input_norm,804,b3ae7a4-dirty
Subject611,60,0.5577441077441078,0.6166666666666667,0.6166666666666667,lstm,25,2,none,578,b3ae7a4-dirty
Subject611,60,0.5624001924001923,0.6166666666666667,0.6166666666666667,lstm,25,2,input_norm,578,b3ae7a4-dirty
Subject352,30,0.7866666666666666,0.8,0.8,lstm,25,8,none,866,b3ae7a4-dirty
Subject352,30,0.6355555555555555,0.6666666666666666,0.6666666666666666,lstm,25,8,input_norm,866,b3ae7a4-dirty
Subject353,60,0.6623228623228623,0.7166666666666667,0.7166666666666667,lstm,25,8,none,680,b3ae7a4-dirty
Subject353,60,0.5521356421356421,0.6,0.6,lstm,25,8,input_norm,680,b3ae7a4-dirty
Subject354,60,0.8336507936507936,0.8333333333333334,0.8333333333333334,lstm,25,8,none,485,b3ae7a4-dirty
Subject354,60,0.7166422466422466,0.7333333333333333,0.7333333333333333,lstm,25,8,input_norm,485,b3ae7a4-dirty
Subject561,60,0.59005291005291,0.6666666666666666,0.6666666666666666,lstm,25,8,none,695,b3ae7a4-dirty
Subject561,60,0.5632996632996633,0.6333333333333333,0.6333333333333333,lstm,25,8,input_norm,695,b3ae7a4-dirty
Subject571,30,0.7580952380952382,0.8,0.8,lstm,25,8,none,804,b3ae7a4-dirty
Subject571,30,0.7047619047619047,0.7666666666666667,0.7666666666666667,lstm,25,8,input_norm,804,b3ae7a4-dirty
Subject611,60,0.8055555555555556,0.8333333333333334,0.8333333333333334,lstm,25,8,none,578,b3ae7a4-dirty
Subject611,60,0.7979028379028379,0.8333333333333334,0.8333333333333334,lstm,25,8,input_norm,578,b3ae7a4-dirty
Subject352,30,0.7755555555555556,0.8,0.8,lstm,25,17,none,866,b3ae7a4-dirty
Subject352,30,0.7333333333333333,0.7666666666666667,0.7666666666666667,lstm,25,17,input_norm,866,b3ae7a4-dirty
Subject353,60,0.7160173160173161,0.7666666666666667,0.7666666666666667,lstm,25,17,none,680,b3ae7a4-dirty
Subject353,60,0.8045165945165945,0.8166666666666667,0.8166666666666667,lstm,25,17,input_norm,680,b3ae7a4-dirty
Subject354,60,0.9500721500721501,0.95,0.95,lstm,25,17,none,485,b3ae7a4-dirty
Subject354,60,0.8232478632478633,0.85,0.85,lstm,25,17,input_norm,485,b3ae7a4-dirty
Subject561,60,0.8333333333333334,0.8666666666666667,0.8666666666666667,lstm,25,17,none,695,b3ae7a4-dirty
Subject561,60,0.804040404040404,0.8333333333333334,0.8333333333333334,lstm,25,17,input_norm,695,b3ae7a4-dirty
Subject571,30,0.815873015873016,0.8333333333333334,0.8333333333333334,lstm,25,17,none,804,b3ae7a4-dirty
Subject571,30,0.8555555555555555,0.8666666666666667,0.8666666666666667,lstm,25,17,input_norm,804,b3ae7a4-dirty
Subject611,60,0.9305820105820106,0.9333333333333333,0.9333333333333333,lstm,25,17,none,578,b3ae7a4-dirty
Subject611,60,0.8404425204425205,0.8666666666666667,0.8666666666666667,lstm,25,17,input_norm,578,b3ae7a4-dirty
Subject147,31,0.6733333333333335,0.7333333333333333,0.7419354838709677,lstm,26,2,none,537,b3ae7a4-dirty
Subject147,31,0.6092063492063493,0.6666666666666666,0.6774193548387096,lstm,26,2,input_norm,537,b3ae7a4-dirty
Subject352,30,0.4917460317460317,0.5666666666666667,0.5666666666666667,lstm,26,2,none,866,b3ae7a4-dirty
Subject352,30,0.44253968253968257,0.5,0.5,lstm,26,2,input_norm,866,b3ae7a4-dirty
Subject494,60,0.3617612017612018,0.4666666666666667,0.4666666666666667,lstm,26,2,none,506,b3ae7a4-dirty
Subject494,60,0.5092255892255892,0.5666666666666667,0.5666666666666667,lstm,26,2,input_norm,506,b3ae7a4-dirty
Subject580,90,0.5085699096225411,0.5666666666666667,0.5666666666666667,lstm,26,2,none,508,b3ae7a4-dirty
Subject580,90,0.461029341029341,0.47777777777777775,0.4777777777777778,lstm,26,2,input_norm,508,b3ae7a4-dirty
Subject611,60,0.5875901875901877,0.65,0.65,lstm,26,2,none,578,b3ae7a4-dirty
Subject611,60,0.5564021164021163,0.6166666666666667,0.6166666666666667,lstm,26,2,input_norm,578,b3ae7a4-dirty
Subject969,30,0.26666666666666666,0.36666666666666664,0.36666666666666664,lstm,26,2,none,945,b3ae7a4-dirty
Subject969,30,0.2711111111111111,0.36666666666666664,0.36666666666666664,lstm,26,2,input_norm,945,b3ae7a4-dirty
Subject147,31,0.8711111111111112,0.9,0.9032258064516129,lstm,26,8,none,537,b3ae7a4-dirty
Subject147,31,0.8755555555555555,0.9,0.9032258064516129,lstm,26,8,input_norm,537,b3ae7a4-dirty
Subject352,30,0.7866666666666666,0.8,0.8,lstm,26,8,none,866,b3ae7a4-dirty
Subject352,30,0.7644444444444445,0.7666666666666667,0.7666666666666667,lstm,26,8,input_norm,866,b3ae7a4-dirty
Subject494,60,0.45752765752765756,0.5666666666666667,0.5666666666666667,lstm,26,8,none,506,b3ae7a4-dirty
Subject494,60,0.47661375661375666,0.5666666666666667,0.5666666666666667,lstm,26,8,input_norm,506,b3ae7a4-dirty
Subject580,90,0.8282687682687683,0.8333333333333335,0.8333333333333334,lstm,26,8,none,508,b3ae7a4-dirty
Subject580,90,0.7201515151515153,0.7444444444444444,0.7444444444444445,lstm,26,8,input_norm,508,b3ae7a4-dirty
Subject611,60,0.8503703703703704,0.8833333333333333,0.8833333333333333,lstm,26,8,none,578,b3ae7a4-dirty
Subject611,60,0.8395959595959596,0.8666666666666667,0.8666666666666667,lstm,26,8,input_norm,578,b3ae7a4-dirty
Subject969,30,0.48666666666666664,0.5666666666666667,0.5666666666666667,lstm,26,8,none,945,b3ae7a4-dirty
Subject969,30,0.45111111111111113,0.5333333333333333,0.5333333333333333,lstm,26,8,input_norm,945,b3ae7a4-dirty
Subject147,31,0.9111111111111111,0.9333333333333333,0.9354838709677419,lstm,26,17,none,537,b3ae7a4-dirty
Subject147,31,0.9111111111111111,0.9333333333333333,0.9354838709677419,lstm,26,17,input_norm,537,b3ae7a4-dirty
Subject352,30,0.8088888888888889,0.8333333333333334,0.8333333333333334,lstm,26,17,none,866,b3ae7a4-dirty
Subject352,30,0.7866666666666667,0.8,0.8,lstm,26,17,input_norm,866,b3ae7a4-dirty
Subject494,60,0.7388755688755689,0.75,0.75,lstm,26,17,none,506,b3ae7a4-dirty
Subject494,60,0.742857142857143,0.75,0.75,lstm,26,17,input_norm,506,b3ae7a4-dirty
Subject580,90,0.8860198624904506,0.8888888888888891,0.8888888888888888,lstm,26,17,none,508,b3ae7a4-dirty
Subject580,90,0.7388973599499915,0.7555555555555554,0.7555555555555555,lstm,26,17,input_norm,508,b3ae7a4-dirty
Subject611,60,0.9062626262626262,0.9166666666666666,0.9166666666666666,lstm,26,17,none,578,b3ae7a4-dirty
Subject611,60,0.9500721500721501,0.95,0.95,lstm,26,17,input_norm,578,b3ae7a4-dirty
Subject969,30,0.7777777777777778,0.8,0.8,lstm,26,17,none,945,b3ae7a4-dirty
Subject969,30,0.7466666666666667,0.8,0.8,lstm,26,17,input_norm,945,b3ae7a4-dirty
Subject226,30,0.4955555555555556,0.5666666666666667,0.5666666666666667,lstm,27,2,none,605,b3ae7a4-dirty
Subject226,30,0.5203174603174604,0.5666666666666667,0.5666666666666667,lstm,27,2,input_norm,605,b3ae7a4-dirty
Subject352,30,0.5533333333333333,0.6333333333333333,0.6333333333333333,lstm,27,2,none,866,b3ae7a4-dirty
Subject352,30,0.45142857142857135,0.5333333333333333,0.5333333333333333,lstm,27,2,input_norm,866,b3ae7a4-dirty
Subject611,60,0.5178066378066377,0.5833333333333334,0.5833333333333334,lstm,27,2,none,578,b3ae7a4-dirty
Subject611,60,0.4767388167388168,0.55,0.55,lstm,27,2,input_norm,578,b3ae7a4-dirty
Subject741,60,0.47862433862433856,0.5166666666666667,0.5166666666666667,lstm,27,2,none,450,b3ae7a4-dirty
Subject741,60,0.4887830687830688,0.55,0.55,lstm,27,2,input_norm,450,b3ae7a4-dirty
Subject890,30,0.4896296296296296,0.6,0.6,lstm,27,2,none,581,b3ae7a4-dirty
Subject890,30,0.5,0.6,0.6,lstm,27,2,input_norm,581,b3ae7a4-dirty
Subject969,30,0.3844444444444444,0.43333333333333335,0.43333333333333335,lstm,27,2,none,945,b3ae7a4-dirty
Subject969,30,0.4888888888888889,0.5666666666666667,0.5666666666666667,lstm,27,2,input_norm,945,b3ae7a4-dirty
Subject226,30,0.626984126984127,0.7,0.7,lstm,27,8,none,605,b3ae7a4-dirty
Subject226,30,0.758095238095238,0.8,0.8,lstm,27,8,input_norm,605,b3ae7a4-dirty
Subject352,30,0.8088888888888889,0.8333333333333334,0.8333333333333334,lstm,27,8,none,866,b3ae7a4-dirty
Subject352,30,0.8088888888888889,0.8333333333333334,0.8333333333333334,lstm,27,8,input_norm,866,b3ae7a4-dirty
Subject611,60,0.8975853775853776,0.9,0.9,lstm,27,8,none,578,b3ae7a4-dirty
Subject611,60,0.9107407407407406,0.9166666666666666,0.9166666666666666,lstm,27,8,input_norm,578,b3ae7a4-dirty
Subject741,60,0.6943944943944944,0.7166666666666667,0.7166666666666667,lstm,27,8,none,450,b3ae7a4-dirty
Subject741,60,0.7464550264550264,0.7666666666666667,0.7666666666666667,lstm,27,8,input_norm,450,b3ae7a4-dirty
Subject890,30,0.8158730158730159,0.8333333333333334,0.8333333333333334,lstm,27,8,none,581,b3ae7a4-dirty
Subject890,30,0.7444444444444446,0.8,0.8,lstm,27,8,input_norm,581,b3ae7a4-dirty
Subject969,30,0.4766137566137566,0.5666666666666667,0.5666666666666667,lstm,27,8,none,945,b3ae7a4-dirty
Subject969,30,0.4575661375661376,0.5333333333333333,0.5333333333333333,lstm,27,8,input_norm,945,b3ae7a4-dirty
Subject226,30,0.7866666666666666,0.8333333333333334,0.8333333333333334,lstm,27,17,none,605,b3ae7a4-dirty
Subject226,30,0.8711111111111112,0.9,0.9,lstm,27,17,input_norm,605,b3ae7a4-dirty
Subject352,30,0.8444444444444444,0.8666666666666667,0.8666666666666667,lstm,27,17,none,866,b3ae7a4-dirty
Subject352,30,0.8088888888888889,0.8333333333333334,0.8333333333333334,lstm,27,17,input_norm,866,b3ae7a4-dirty
Subject611,60,0.9274074074074075,0.9333333333333333,0.9333333333333333,lstm,27,17,none,578,b3ae7a4-dirty
Subject611,60,0.9475132275132275,0.95,0.95,lstm,27,17,input_norm,578,b3ae7a4-dirty
Subject741,60,0.8865079365079365,0.8833333333333333,0.8833333333333333,lstm,27,17,none,450,b3ae7a4-dirty
Subject741,60,0.8240944240944241,0.8333333333333334,0.8333333333333334,lstm,27,17,input_norm,450,b3ae7a4-dirty
Subject890,30,0.8755555555555555,0.9,0.9,lstm,27,17,none,581,b3ae7a4-dirty
Subject890,30,0.7936507936507937,0.8333333333333334,0.8333333333333334,lstm,27,17,input_norm,581,b3ae7a4-dirty
Subject969,30,0.6266666666666667,0.6666666666666666,0.6666666666666666,lstm,27,17,none,945,b3ae7a4-dirty
Subject969,30,0.573968253968254,0.6333333333333333,0.6333333333333333,lstm,27,17,input_norm,945,b3ae7a4-dirty
Subject139,60,0.4912811589282178,0.5333333333333333,0.5333333333333333,lstm,28,2,none,660,b3ae7a4-dirty
Subject139,60,0.5469810146280735,0.5666666666666667,0.5666666666666667,lstm,28,2,input_norm,660,b3ae7a4-dirty
Subject352,30,0.3977777777777778,0.4666666666666667,0.4666666666666667,lstm,28,2,none,866,b3ae7a4-dirty
Subject352,30,0.36666666666666664,0.43333333333333335,0.43333333333333335,lstm,28,2,input_norm,866,b3ae7a4-dirty
Subject494,60,0.551019351019351,0.6,0.6,lstm,28,2,none,506,b3ae7a4-dirty
Subject494,60,0.4638702038702039,0.5166666666666667,0.5166666666666667,lstm,28,2,input_norm,506,b3ae7a4-dirty
Subject516,30,0.5496296296296296,0.6,0.6,lstm,28,2,none,552,b3ae7a4-dirty
Subject516,30,0.4955555555555555,0.5666666666666667,0.5666666666666667,lstm,28,2,input_norm,552,b3ae7a4-dirty
Subject729,60,0.635978835978836,0.6666666666666666,0.6666666666666666,lstm,28,2,none,723,b3ae7a4-dirty
Subject729,60,0.62003367003367,0.6666666666666666,0.6666666666666666,lstm,28,2,input_norm,723,b3ae7a4-dirty
Subject877,60,0.4666666666666666,0.5166666666666667,0.5166666666666667,lstm,28,2,none,646,b3ae7a4-dirty
Subject877,60,0.4708719385189973,0.5333333333333333,0.5333333333333333,lstm,28,2,input_norm,646,b3ae7a4-dirty
Subject139,60,0.801058201058201,0.8166666666666667,0.8166666666666667,lstm,28,8,none,660,b3ae7a4-dirty
Subject139,60,0.8211640211640211,0.8333333333333334,0.8333333333333334,lstm,28,8,input_norm,660,b3ae7a4-dirty
Subject352,30,0.62,0.6666666666666666,0.6666666666666666,lstm,28,8,none,866,b3ae7a4-dirty
Subject352,30,0.6088888888888888,0.6666666666666666,0.6666666666666666,lstm,28,8,input_norm,866,b3ae7a4-dirty
Subject494,60,0.6209390609390609,0.6833333333333333,0.6833333333333333,lstm,28,8,none,506,b3ae7a4-dirty
Subject494,60,0.6033670033670033,0.6833333333333333,0.6833333333333333,lstm,28,8,input_norm,506,b3ae7a4-dirty
Subject516,30,0.7866666666666667,0.8,0.8,lstm,28,8,none,552,b3ae7a4-dirty
Subject516,30,0.8222222222222222,0.8666666666666667,0.8666666666666667,lstm,28,8,input_norm,552,b3ae7a4-dirty
Subject729,60,0.8421356421356421,0.85,0.85,lstm,28,8,none,723,b3ae7a4-dirty
Subject729,60,0.8544107744107744,0.8666666666666667,0.8666666666666667,lstm,28,8,input_norm,723,b3ae7a4-dirty
Subject877,60,0.8334391534391533,0.8666666666666667,0.8666666666666667,lstm,28,8,none,646,b3ae7a4-dirty
Subject877,60,0.8334391534391534,0.8666666666666667,0.8666666666666667,lstm,28,8,input_norm,646,b3ae7a4-dirty
Subject139,60,0.8711111111111111,0.9,0.9,lstm,28,17,none,660,b3ae7a4-dirty
Subject139,60,0.8721885521885522,0.9,0.9,lstm,28,17,input_norm,660,b3ae7a4-dirty
Subject352,30,0.6755555555555556,0.7,0.7,lstm,28,17,none,866,b3ae7a4-dirty
Subject352,30,0.6977777777777778,0.7333333333333333,0.7333333333333333,lstm,28,17,input_norm,866,b3ae7a4-dirty
Subject494,60,0.8296296296296296,0.8333333333333334,0.8333333333333334,lstm,28,17,none,506,b3ae7a4-dirty
Subject494,60,0.6972294372294373,0.7333333333333333,0.7333333333333333,lstm,28,17,input_norm,506,b3ae7a4-dirty
Subject516,30,0.9333333333333332,0.9333333333333333,0.9333333333333333,lstm,28,17,none,552,b3ae7a4-dirty
Subject516,30,0.8977777777777778,0.9,0.9,lstm,28,17,input_norm,552,b3ae7a4-dirty
Subject729,60,0.7927080327080327,0.8,0.8,lstm,28,17,none,723,b3ae7a4-dirty
Subject729,60,0.790822510822511,0.8,0.8,lstm,28,17,input_norm,723,b3ae7a4-dirty
Subject877,60,0.9830687830687831,0.9833333333333333,0.9833333333333333,lstm,28,17,none,646,b3ae7a4-dirty
Subject877,60,0.9661375661375662,0.9666666666666667,0.9666666666666667,lstm,28,17,input_norm,646,b3ae7a4-dirty
Subject139,60,0.5480423280423281,0.5666666666666667,0.5666666666666667,lstm,29,2,none,660,b3ae7a4-dirty
Subject139,60,0.4916431716431716,0.5166666666666667,0.5166666666666667,lstm,29,2,input_norm,660,b3ae7a4-dirty
Subject226,30,0.39333333333333337,0.43333333333333335,0.43333333333333335,lstm,29,2,none,605,b3ae7a4-dirty
Subject226,30,0.4666666666666667,0.5333333333333333,0.5333333333333333,lstm,29,2,input_norm,605,b3ae7a4-dirty
Subject353,60,0.48098124098124095,0.5166666666666667,0.5166666666666667,lstm,29,2,none,680,b3ae7a4-dirty
Subject353,60,0.5712613312613313,0.6,0.6,lstm,29,2,input_norm,680,b3ae7a4-dirty
Subject424,60,0.4403620780091369,0.5333333333333333,0.5333333333333333,lstm,29,2,none,448,b3ae7a4-dirty
Subject424,60,0.47367003367003374,0.55,0.55,lstm,29,2,input_norm,448,b3ae7a4-dirty
Subject516,30,0.6025396825396825,0.6666666666666666,0.6666666666666666,lstm,29,2,none,552,b3ae7a4-dirty
Subject516,30,0.5003174603174603,0.5666666666666667,0.5666666666666667,lstm,29,2,input_norm,552,b3ae7a4-dirty
Subject571,30,0.5688888888888889,0.6333333333333333,0.6333333333333333,lstm,29,2,none,804,b3ae7a4-dirty
Subject571,30,0.5755555555555555,0.6333333333333333,0.6333333333333333,lstm,29,2,input_norm,804,b3ae7a4-dirty
Subject139,60,0.6650101750101751,0.7,0.7,lstm,29,8,none,660,b3ae7a4-dirty
Subject139,60,0.6748788248788249,0.7,0.7,lstm,29,8,input_norm,660,b3ae7a4-dirty
Subject226,30,0.5933333333333334,0.6666666666666666,0.6666666666666666,lstm,29,8,none,605,b3ae7a4-dirty
Subject226,30,0.6003174603174602,0.6666666666666666,0.6666666666666666,lstm,29,8,input_norm,605,b3ae7a4-dirty
Subject353,60,0.5702116402116403,0.5833333333333334,0.5833333333333334,lstm,29,8,none,680,b3ae7a4-dirty
Subject353,60,0.7729304029304029,0.7833333333333333,0.7833333333333333,lstm,29,8,input_norm,680,b3ae7a4-dirty
Subject424,60,0.7523483923483922,0.7833333333333333,0.7833333333333333,lstm,29,8,none,448,b3ae7a4-dirty
Subject424,60,0.681025641025641,0.75,0.75,lstm,29,8,input_norm,448,b3ae7a4-dirty
Subject516,30,0.7755555555555556,0.8,0.8,lstm,29,8,none,552,b3ae7a4-dirty
Subject516,30,0.6580952380952382,0.7,0.7,lstm,29,8,input_norm,552,b3ae7a4-dirty
Subject571,30,0.7247619047619048,0.7666666666666667,0.7666666666666667,lstm,29,8,none,804,b3ae7a4-dirty
Subject571,30,0.5888888888888888,0.6666666666666666,0.6666666666666666,lstm,29,8,input_norm,804,b3ae7a4-dirty
Subject139,60,0.8895959595959597,0.9,0.9,lstm,29,17,none,660,b3ae7a4-dirty
Subject139,60,0.8728427128427129,0.8833333333333333,0.8833333333333333,lstm,29,17,input_norm,660,b3ae7a4-dirty
Subject226,30,0.8755555555555555,0.9,0.9,lstm,29,17,none,605,b3ae7a4-dirty
Subject226,30,0.9288888888888889,0.9333333333333333,0.9333333333333333,lstm,29,17,input_norm,605,b3ae7a4-dirty
Subject353,60,0.7333333333333333,0.7666666666666667,0.7666666666666667,lstm,29,17,none,680,b3ae7a4-dirty
Subject353,60,0.8656613756613757,0.8666666666666667,0.8666666666666667,lstm,29,17,input_norm,680,b3ae7a4-dirty
Subject424,60,0.8226647426647429,0.8333333333333334,0.8333333333333334,lstm,29,17,none,448,b3ae7a4-dirty
Subject424,60,0.7226984126984127,0.7666666666666667,0.7666666666666667,lstm,29,17,input_norm,448,b3ae7a4-dirty
Subject516,30,0.8111111111111111,0.8333333333333334,0.8333333333333334,lstm,29,17,none,552,b3ae7a4-dirty
Subject516,30,0.9044444444444444,0.9,0.9,lstm,29,17,input_norm,552,b3ae7a4-dirty
Subject571,30,0.7936507936507936,0.8333333333333334,0.8333333333333334,lstm,29,17,none,804,b3ae7a4-dirty
Subject571,30,0.9111111111111111,0.9333333333333333,0.9333333333333333,lstm,29,17,input_norm,804,b3ae7a4-dirty
