athlete,n_bouts,macro_f1,balanced_acc,accuracy,group,repeat,n_team,arm,model,n_real_windows,n_sim_windows,git
Subject139,60,0.7446464646464646,0.7666666666666667,0.7666666666666667,new,0,2,none,rf,607,0,68d0e5f-dirty
Subject353,60,0.6236171236171235,0.7,0.7,new,0,2,none,rf,607,0,68d0e5f-dirty
Subject424,60,0.6329485329485328,0.6666666666666666,0.6666666666666666,new,0,2,none,rf,607,0,68d0e5f-dirty
Subject455,60,0.7780278980278978,0.7833333333333333,0.7833333333333333,new,0,2,none,rf,607,0,68d0e5f-dirty
Subject731,30,0.6666666666666667,0.7333333333333333,0.7333333333333333,new,0,2,none,rf,607,0,68d0e5f-dirty
Subject890,30,0.6955555555555556,0.7333333333333333,0.7333333333333333,new,0,2,none,rf,607,0,68d0e5f-dirty
Subject147,31,0.8177777777777778,0.8666666666666667,0.8709677419354839,recorded,0,2,none,rf,607,0,68d0e5f-dirty
Subject819,60,0.8452910052910053,0.8666666666666667,0.8666666666666667,recorded,0,2,none,rf,607,0,68d0e5f-dirty
Subject139,60,0.6960683760683761,0.7333333333333333,0.7333333333333333,new,0,2,tempo_intensity,rf,607,2465,68d0e5f-dirty
Subject353,60,0.5545165945165945,0.6166666666666667,0.6166666666666667,new,0,2,tempo_intensity,rf,607,2465,68d0e5f-dirty
Subject424,60,0.6149073149073149,0.6666666666666666,0.6666666666666666,new,0,2,tempo_intensity,rf,607,2465,68d0e5f-dirty
Subject455,60,0.7645177045177045,0.7833333333333333,0.7833333333333333,new,0,2,tempo_intensity,rf,607,2465,68d0e5f-dirty
Subject731,30,0.6711111111111111,0.7333333333333333,0.7333333333333333,new,0,2,tempo_intensity,rf,607,2465,68d0e5f-dirty
Subject890,30,0.6844444444444444,0.7333333333333333,0.7333333333333333,new,0,2,tempo_intensity,rf,607,2465,68d0e5f-dirty
Subject147,31,0.7955555555555556,0.8333333333333334,0.8387096774193549,recorded,0,2,tempo_intensity,rf,607,2465,68d0e5f-dirty
Subject819,60,0.8465608465608465,0.8666666666666667,0.8666666666666667,recorded,0,2,tempo_intensity,rf,607,2465,68d0e5f-dirty
Subject139,60,0.7573737373737373,0.7666666666666667,0.7666666666666667,new,0,2,plus_placement,rf,607,2449,68d0e5f-dirty
Subject353,60,0.5676190476190476,0.6333333333333333,0.6333333333333333,new,0,2,plus_placement,rf,607,2449,68d0e5f-dirty
Subject424,60,0.7292958892958893,0.7333333333333333,0.7333333333333333,new,0,2,plus_placement,rf,607,2449,68d0e5f-dirty
Subject455,60,0.7362097162097162,0.7666666666666667,0.7666666666666667,new,0,2,plus_placement,rf,607,2449,68d0e5f-dirty
Subject731,30,0.6711111111111111,0.7333333333333333,0.7333333333333333,new,0,2,plus_placement,rf,607,2449,68d0e5f-dirty
Subject890,30,0.6088888888888888,0.6666666666666666,0.6666666666666666,new,0,2,plus_placement,rf,607,2449,68d0e5f-dirty
Subject147,31,0.7999999999999999,0.8333333333333334,0.8387096774193549,recorded,0,2,plus_placement,rf,607,2449,68d0e5f-dirty
Subject819,60,0.8281481481481482,0.85,0.85,recorded,0,2,plus_placement,rf,607,2449,68d0e5f-dirty
Subject139,60,0.8055218855218854,0.8333333333333334,0.8333333333333334,new,0,4,none,rf,1451,0,68d0e5f-dirty
Subject353,60,0.6886435786435787,0.7333333333333333,0.7333333333333333,new,0,4,none,rf,1451,0,68d0e5f-dirty
Subject424,60,0.533977873977874,0.5833333333333334,0.5833333333333334,new,0,4,none,rf,1451,0,68d0e5f-dirty
Subject455,60,0.7109187109187107,0.75,0.75,new,0,4,none,rf,1451,0,68d0e5f-dirty
Subject731,30,0.6799999999999999,0.7333333333333333,0.7333333333333333,new,0,4,none,rf,1451,0,68d0e5f-dirty
Subject890,30,0.7288888888888889,0.7666666666666667,0.7666666666666667,new,0,4,none,rf,1451,0,68d0e5f-dirty
Subject147,31,0.7866666666666666,0.8333333333333334,0.8387096774193549,recorded,0,4,none,rf,1451,0,68d0e5f-dirty
Subject561,60,1.0,1.0,1.0,recorded,0,4,none,rf,1451,0,68d0e5f-dirty
Subject819,60,0.8186243386243387,0.85,0.85,recorded,0,4,none,rf,1451,0,68d0e5f-dirty
Subject969,30,0.8755555555555555,0.9,0.9,recorded,0,4,none,rf,1451,0,68d0e5f-dirty
Subject139,60,0.7557731157731158,0.7833333333333333,0.7833333333333333,new,0,4,tempo_intensity,rf,1451,5895,68d0e5f-dirty
Subject353,60,0.7136507936507936,0.7333333333333333,0.7333333333333333,new,0,4,tempo_intensity,rf,1451,5895,68d0e5f-dirty
Subject424,60,0.5755026455026455,0.6,0.6,new,0,4,tempo_intensity,rf,1451,5895,68d0e5f-dirty
Subject455,60,0.5560478736949326,0.6333333333333333,0.6333333333333333,new,0,4,tempo_intensity,rf,1451,5895,68d0e5f-dirty
Subject731,30,0.6088888888888888,0.7,0.7,new,0,4,tempo_intensity,rf,1451,5895,68d0e5f-dirty
Subject890,30,0.6780952380952382,0.7333333333333333,0.7333333333333333,new,0,4,tempo_intensity,rf,1451,5895,68d0e5f-dirty
Subject147,31,0.84,0.8666666666666667,0.8709677419354839,recorded,0,4,tempo_intensity,rf,1451,5895,68d0e5f-dirty
Subject561,60,1.0,1.0,1.0,recorded,0,4,tempo_intensity,rf,1451,5895,68d0e5f-dirty
Subject819,60,0.7200000000000001,0.7666666666666667,0.7666666666666667,recorded,0,4,tempo_intensity,rf,1451,5895,68d0e5f-dirty
Subject969,30,0.9111111111111111,0.9333333333333333,0.9333333333333333,recorded,0,4,tempo_intensity,rf,1451,5895,68d0e5f-dirty
Subject139,60,0.7536507936507936,0.8,0.8,new,0,4,plus_placement,rf,1451,5781,68d0e5f-dirty
Subject353,60,0.7042328042328042,0.75,0.75,new,0,4,plus_placement,rf,1451,5781,68d0e5f-dirty
Subject424,60,0.5409523809523811,0.5666666666666667,0.5666666666666667,new,0,4,plus_placement,rf,1451,5781,68d0e5f-dirty
Subject455,60,0.6780808080808082,0.7166666666666667,0.7166666666666667,new,0,4,plus_placement,rf,1451,5781,68d0e5f-dirty
Subject731,30,0.626984126984127,0.7,0.7,new,0,4,plus_placement,rf,1451,5781,68d0e5f-dirty
Subject890,30,0.6914285714285715,0.7333333333333333,0.7333333333333333,new,0,4,plus_placement,rf,1451,5781,68d0e5f-dirty
Subject147,31,0.7358730158730159,0.8,0.8064516129032258,recorded,0,4,plus_placement,rf,1451,5781,68d0e5f-dirty
Subject561,60,1.0,1.0,1.0,recorded,0,4,plus_placement,rf,1451,5781,68d0e5f-dirty
Subject819,60,0.8037037037037037,0.8333333333333334,0.8333333333333334,recorded,0,4,plus_placement,rf,1451,5781,68d0e5f-dirty
Subject969,30,1.0,1.0,1.0,recorded,0,4,plus_placement,rf,1451,5781,68d0e5f-dirty
Subject139,60,0.9037037037037037,0.9166666666666666,0.9166666666666666,new,0,8,none,rf,2578,0,68d0e5f-dirty
Subject353,60,0.7435113035113035,0.7666666666666667,0.7666666666666667,new,0,8,none,rf,2578,0,68d0e5f-dirty
Subject424,60,0.7357671957671958,0.7666666666666667,0.7666666666666667,new,0,8,none,rf,2578,0,68d0e5f-dirty
Subject455,60,0.9053968253968255,0.9166666666666666,0.9166666666666666,new,0,8,none,rf,2578,0,68d0e5f-dirty
Subject731,30,0.7888888888888889,0.8333333333333334,0.8333333333333334,new,0,8,none,rf,2578,0,68d0e5f-dirty
Subject890,30,0.8222222222222222,0.8666666666666667,0.8666666666666667,new,0,8,none,rf,2578,0,68d0e5f-dirty
Subject147,31,0.8755555555555555,0.9,0.9032258064516129,recorded,0,8,none,rf,2578,0,68d0e5f-dirty
Subject226,30,0.8622222222222222,0.8666666666666667,0.8666666666666667,recorded,0,8,none,rf,2578,0,68d0e5f-dirty
Subject561,60,0.9485714285714286,0.95,0.95,recorded,0,8,none,rf,2578,0,68d0e5f-dirty
Subject729,60,0.9255555555555556,0.9333333333333333,0.9333333333333333,recorded,0,8,none,rf,2578,0,68d0e5f-dirty
Subject741,60,0.9139153439153439,0.9166666666666666,0.9166666666666666,recorded,0,8,none,rf,2578,0,68d0e5f-dirty
Subject819,60,0.835002035002035,0.85,0.85,recorded,0,8,none,rf,2578,0,68d0e5f-dirty
Subject867,60,0.9664021164021165,0.9666666666666667,0.9666666666666667,recorded,0,8,none,rf,2578,0,68d0e5f-dirty
Subject969,30,0.8888888888888888,0.9,0.9,recorded,0,8,none,rf,2578,0,68d0e5f-dirty
Subject139,60,0.835998075998076,0.8666666666666667,0.8666666666666667,new,0,8,tempo_intensity,rf,2578,10481,68d0e5f-dirty
Subject353,60,0.6998075998075998,0.7333333333333333,0.7333333333333333,new,0,8,tempo_intensity,rf,2578,10481,68d0e5f-dirty
Subject424,60,0.6983597883597884,0.7333333333333333,0.7333333333333333,new,0,8,tempo_intensity,rf,2578,10481,68d0e5f-dirty
Subject455,60,0.9139153439153439,0.9166666666666666,0.9166666666666666,new,0,8,tempo_intensity,rf,2578,10481,68d0e5f-dirty
Subject731,30,0.7644444444444445,0.8,0.8,new,0,8,tempo_intensity,rf,2578,10481,68d0e5f-dirty
Subject890,30,0.8222222222222222,0.8666666666666667,0.8666666666666667,new,0,8,tempo_intensity,rf,2578,10481,68d0e5f-dirty
Subject147,31,0.8222222222222222,0.8666666666666667,0.8709677419354839,recorded,0,8,tempo_intensity,rf,2578,10481,68d0e5f-dirty
Subject226,30,0.8977777777777778,0.9,0.9,recorded,0,8,tempo_intensity,rf,2578,10481,68d0e5f-dirty
Subject561,60,0.9494708994708995,0.95,0.95,recorded,0,8,tempo_intensity,rf,2578,10481,68d0e5f-dirty
Subject729,60,0.9157287157287156,0.9166666666666666,0.9166666666666666,recorded,0,8,tempo_intensity,rf,2578,10481,68d0e5f-dirty
Subject741,60,0.9328042328042329,0.9333333333333333,0.9333333333333333,recorded,0,8,tempo_intensity,rf,2578,10481,68d0e5f-dirty
Subject819,60,0.8328042328042329,0.85,0.85,recorded,0,8,tempo_intensity,rf,2578,10481,68d0e5f-dirty
Subject867,60,0.9830687830687831,0.9833333333333333,0.9833333333333333,recorded,0,8,tempo_intensity,rf,2578,10481,68d0e5f-dirty
Subject969,30,0.9111111111111111,0.9333333333333333,0.9333333333333333,recorded,0,8,tempo_intensity,rf,2578,10481,68d0e5f-dirty
Subject139,60,0.8341125541125541,0.8666666666666667,0.8666666666666667,new,0,8,plus_placement,rf,2578,10530,68d0e5f-dirty
Subject353,60,0.7353631553631553,0.7666666666666667,0.7666666666666667,new,0,8,plus_placement,rf,2578,10530,68d0e5f-dirty
Subject424,60,0.6665886939571151,0.7166666666666667,0.7166666666666667,new,0,8,plus_placement,rf,2578,10530,68d0e5f-dirty
Subject455,60,0.8755555555555555,0.9,0.9,new,0,8,plus_placement,rf,2578,10530,68d0e5f-dirty
Subject731,30,0.9288888888888889,0.9333333333333333,0.9333333333333333,new,0,8,plus_placement,rf,2578,10530,68d0e5f-dirty
Subject890,30,0.7666666666666667,0.8,0.8,new,0,8,plus_placement,rf,2578,10530,68d0e5f-dirty
Subject147,31,0.8222222222222222,0.8666666666666667,0.8709677419354839,recorded,0,8,plus_placement,rf,2578,10530,68d0e5f-dirty
Subject226,30,0.8422222222222222,0.8666666666666667,0.8666666666666667,recorded,0,8,plus_placement,rf,2578,10530,68d0e5f-dirty
Subject561,60,0.962962962962963,0.9666666666666667,0.9666666666666667,recorded,0,8,plus_placement,rf,2578,10530,68d0e5f-dirty
Subject729,60,0.9259259259259258,0.9333333333333333,0.9333333333333333,recorded,0,8,plus_placement,rf,2578,10530,68d0e5f-dirty
Subject741,60,0.915873015873016,0.9166666666666666,0.9166666666666666,recorded,0,8,plus_placement,rf,2578,10530,68d0e5f-dirty
Subject819,60,0.851933251933252,0.8666666666666667,0.8666666666666667,recorded,0,8,plus_placement,rf,2578,10530,68d0e5f-dirty
Subject867,60,0.9830687830687831,0.9833333333333333,0.9833333333333333,recorded,0,8,plus_placement,rf,2578,10530,68d0e5f-dirty
Subject969,30,0.9333333333333332,0.9333333333333333,0.9333333333333333,recorded,0,8,plus_placement,rf,2578,10530,68d0e5f-dirty
Subject139,60,0.9288888888888888,0.9333333333333333,0.9333333333333333,new,0,17,none,rf,5270,0,68d0e5f-dirty
Subject353,60,0.8266474266474266,0.85,0.85,new,0,17,none,rf,5270,0,68d0e5f-dirty
Subject424,60,0.8338624338624339,0.85,0.85,new,0,17,none,rf,5270,0,68d0e5f-dirty
Subject455,60,0.9083597883597885,0.9166666666666666,0.9166666666666666,new,0,17,none,rf,5270,0,68d0e5f-dirty
Subject731,30,0.7555555555555556,0.7666666666666667,0.7666666666666667,new,0,17,none,rf,5270,0,68d0e5f-dirty
Subject890,30,0.8755555555555555,0.9,0.9,new,0,17,none,rf,5270,0,68d0e5f-dirty
Subject147,31,0.9644444444444444,0.9666666666666667,0.967741935483871,recorded,0,17,none,rf,5270,0,68d0e5f-dirty
Subject226,30,0.8622222222222222,0.8666666666666667,0.8666666666666667,recorded,0,17,none,rf,5270,0,68d0e5f-dirty
Subject352,30,0.9111111111111111,0.9333333333333333,0.9333333333333333,recorded,0,17,none,rf,5270,0,68d0e5f-dirty
Subject354,60,0.9494708994708996,0.95,0.95,recorded,0,17,none,rf,5270,0,68d0e5f-dirty
Subject376,60,0.8627657527657528,0.8666666666666667,0.8666666666666667,recorded,0,17,none,rf,5270,0,68d0e5f-dirty
Subject494,60,0.8952055352055353,0.9,0.9,recorded,0,17,none,rf,5270,0,68d0e5f-dirty
Subject516,30,0.9644444444444444,0.9666666666666667,0.9666666666666667,recorded,0,17,none,rf,5270,0,68d0e5f-dirty
Subject561,60,0.9664021164021165,0.9666666666666667,0.9666666666666667,recorded,0,17,none,rf,5270,0,68d0e5f-dirty
Subject571,30,1.0,1.0,1.0,recorded,0,17,none,rf,5270,0,68d0e5f-dirty
Subject580,90,0.878001443001443,0.8777777777777779,0.8777777777777778,recorded,0,17,none,rf,5270,0,68d0e5f-dirty
Subject611,60,0.9644444444444444,0.9666666666666667,0.9666666666666667,recorded,0,17,none,rf,5270,0,68d0e5f-dirty
Subject729,60,0.9830687830687831,0.9833333333333333,0.9833333333333333,recorded,0,17,none,rf,5270,0,68d0e5f-dirty
Subject741,60,0.9088888888888889,0.9166666666666666,0.9166666666666666,recorded,0,17,none,rf,5270,0,68d0e5f-dirty
Subject819,60,0.8952055352055353,0.9,0.9,recorded,0,17,none,rf,5270,0,68d0e5f-dirty
Subject867,60,0.8800000000000001,0.9,0.9,recorded,0,17,none,rf,5270,0,68d0e5f-dirty
Subject877,60,1.0,1.0,1.0,recorded,0,17,none,rf,5270,0,68d0e5f-dirty
Subject969,30,0.8825396825396825,0.9,0.9,recorded,0,17,none,rf,5270,0,68d0e5f-dirty
Subject139,60,0.8599134199134201,0.8666666666666667,0.8666666666666667,new,0,17,tempo_intensity,rf,5270,21390,68d0e5f-dirty
Subject353,60,0.8043578643578644,0.8166666666666667,0.8166666666666667,new,0,17,tempo_intensity,rf,5270,21390,68d0e5f-dirty
Subject424,60,0.8164021164021165,0.85,0.85,new,0,17,tempo_intensity,rf,5270,21390,68d0e5f-dirty
Subject455,60,0.8772486772486772,0.9,0.9,new,0,17,tempo_intensity,rf,5270,21390,68d0e5f-dirty
Subject731,30,0.8200000000000001,0.8333333333333334,0.8333333333333334,new,0,17,tempo_intensity,rf,5270,21390,68d0e5f-dirty
Subject890,30,0.8222222222222222,0.8666666666666667,0.8666666666666667,new,0,17,tempo_intensity,rf,5270,21390,68d0e5f-dirty
Subject147,31,0.9111111111111111,0.9333333333333333,0.9354838709677419,recorded,0,17,tempo_intensity,rf,5270,21390,68d0e5f-dirty
Subject226,30,0.8977777777777778,0.9,0.9,recorded,0,17,tempo_intensity,rf,5270,21390,68d0e5f-dirty
Subject352,30,0.8888888888888888,0.9,0.9,recorded,0,17,tempo_intensity,rf,5270,21390,68d0e5f-dirty
Subject354,60,0.9308465608465609,0.9333333333333333,0.9333333333333333,recorded,0,17,tempo_intensity,rf,5270,21390,68d0e5f-dirty
Subject376,60,0.8922751322751323,0.9,0.9,recorded,0,17,tempo_intensity,rf,5270,21390,68d0e5f-dirty
Subject494,60,0.912136752136752,0.9166666666666666,0.9166666666666666,recorded,0,17,tempo_intensity,rf,5270,21390,68d0e5f-dirty
Subject516,30,0.9644444444444444,0.9666666666666667,0.9666666666666667,recorded,0,17,tempo_intensity,rf,5270,21390,68d0e5f-dirty
Subject561,60,0.9664021164021165,0.9666666666666667,0.9666666666666667,recorded,0,17,tempo_intensity,rf,5270,21390,68d0e5f-dirty
Subject571,30,0.8755555555555556,0.9,0.9,recorded,0,17,tempo_intensity,rf,5270,21390,68d0e5f-dirty
Subject580,90,0.878001443001443,0.8777777777777779,0.8777777777777778,recorded,0,17,tempo_intensity,rf,5270,21390,68d0e5f-dirty
Subject611,60,0.9644444444444444,0.9666666666666667,0.9666666666666667,recorded,0,17,tempo_intensity,rf,5270,21390,68d0e5f-dirty
Subject729,60,0.9830687830687831,0.9833333333333333,0.9833333333333333,recorded,0,17,tempo_intensity,rf,5270,21390,68d0e5f-dirty
Subject741,60,0.9259259259259258,0.9333333333333333,0.9333333333333333,recorded,0,17,tempo_intensity,rf,5270,21390,68d0e5f-dirty
Subject819,60,0.8364021164021164,0.85,0.85,recorded,0,17,tempo_intensity,rf,5270,21390,68d0e5f-dirty
Subject867,60,0.8786916786916787,0.9,0.9,recorded,0,17,tempo_intensity,rf,5270,21390,68d0e5f-dirty
Subject877,60,0.9830687830687831,0.9833333333333333,0.9833333333333333,recorded,0,17,tempo_intensity,rf,5270,21390,68d0e5f-dirty
Subject969,30,0.9111111111111111,0.9333333333333333,0.9333333333333333,recorded,0,17,tempo_intensity,rf,5270,21390,68d0e5f-dirty
Subject139,60,0.9475132275132275,0.95,0.95,new,0,17,plus_placement,rf,5270,21443,68d0e5f-dirty
Subject353,60,0.8097546897546898,0.8166666666666667,0.8166666666666667,new,0,17,plus_placement,rf,5270,21443,68d0e5f-dirty
Subject424,60,0.8333333333333334,0.8666666666666667,0.8666666666666667,new,0,17,plus_placement,rf,5270,21443,68d0e5f-dirty
Subject455,60,0.911976911976912,0.9166666666666666,0.9166666666666666,new,0,17,plus_placement,rf,5270,21443,68d0e5f-dirty
Subject731,30,0.7377777777777778,0.7666666666666667,0.7666666666666667,new,0,17,plus_placement,rf,5270,21443,68d0e5f-dirty
Subject890,30,0.8800000000000001,0.9,0.9,new,0,17,plus_placement,rf,5270,21443,68d0e5f-dirty
Subject147,31,0.9644444444444444,0.9666666666666667,0.967741935483871,recorded,0,17,plus_placement,rf,5270,21443,68d0e5f-dirty
Subject226,30,0.8977777777777778,0.9,0.9,recorded,0,17,plus_placement,rf,5270,21443,68d0e5f-dirty
Subject352,30,0.9111111111111111,0.9333333333333333,0.9333333333333333,recorded,0,17,plus_placement,rf,5270,21443,68d0e5f-dirty
Subject354,60,0.862025012025012,0.8833333333333333,0.8833333333333333,recorded,0,17,plus_placement,rf,5270,21443,68d0e5f-dirty
Subject376,60,0.8328856328856329,0.85,0.85,recorded,0,17,plus_placement,rf,5270,21443,68d0e5f-dirty
Subject494,60,0.9282539682539682,0.9333333333333333,0.9333333333333333,recorded,0,17,plus_placement,rf,5270,21443,68d0e5f-dirty
Subject516,30,0.9644444444444444,0.9666666666666667,0.9666666666666667,recorded,0,17,plus_placement,rf,5270,21443,68d0e5f-dirty
Subject561,60,1.0,1.0,1.0,recorded,0,17,plus_placement,rf,5270,21443,68d0e5f-dirty
Subject571,30,0.9111111111111111,0.9333333333333333,0.9333333333333333,recorded,0,17,plus_placement,rf,5270,21443,68d0e5f-dirty
Subject580,90,0.8875999925999927,0.8888888888888891,0.8888888888888888,recorded,0,17,plus_placement,rf,5270,21443,68d0e5f-dirty
Subject611,60,0.9644444444444444,0.9666666666666667,0.9666666666666667,recorded,0,17,plus_placement,rf,5270,21443,68d0e5f-dirty
Subject729,60,1.0,1.0,1.0,recorded,0,17,plus_placement,rf,5270,21443,68d0e5f-dirty
Subject741,60,0.9088888888888889,0.9166666666666666,0.9166666666666666,recorded,0,17,plus_placement,rf,5270,21443,68d0e5f-dirty
Subject819,60,0.9089947089947091,0.9166666666666666,0.9166666666666666,recorded,0,17,plus_placement,rf,5270,21443,68d0e5f-dirty
Subject867,60,0.9096296296296296,0.9166666666666666,0.9166666666666666,recorded,0,17,plus_placement,rf,5270,21443,68d0e5f-dirty
Subject877,60,1.0,1.0,1.0,recorded,0,17,plus_placement,rf,5270,21443,68d0e5f-dirty
Subject969,30,0.9644444444444444,0.9666666666666667,0.9666666666666667,recorded,0,17,plus_placement,rf,5270,21443,68d0e5f-dirty
Subject226,30,0.4955555555555556,0.6,0.6,new,1,2,none,rf,600,0,68d0e5f-dirty
Subject354,60,0.568621226268285,0.6166666666666667,0.6166666666666667,new,1,2,none,rf,600,0,68d0e5f-dirty
Subject455,60,0.7531409331409332,0.7833333333333333,0.7833333333333333,new,1,2,none,rf,600,0,68d0e5f-dirty
Subject580,90,0.528675686198906,0.5666666666666667,0.5666666666666667,new,1,2,none,rf,600,0,68d0e5f-dirty
Subject890,30,0.45809523809523806,0.5666666666666667,0.5666666666666667,new,1,2,none,rf,600,0,68d0e5f-dirty
Subject969,30,0.6511111111111112,0.7333333333333333,0.7333333333333333,new,1,2,none,rf,600,0,68d0e5f-dirty
Subject147,31,0.9311111111111111,0.9333333333333333,0.9354838709677419,recorded,1,2,none,rf,600,0,68d0e5f-dirty
Subject819,60,0.8452910052910053,0.8666666666666667,0.8666666666666667,recorded,1,2,none,rf,600,0,68d0e5f-dirty
Subject226,30,0.4555555555555556,0.5333333333333333,0.5333333333333333,new,1,2,tempo_intensity,rf,600,2414,68d0e5f-dirty
Subject354,60,0.5830687830687832,0.6166666666666667,0.6166666666666667,new,1,2,tempo_intensity,rf,600,2414,68d0e5f-dirty
Subject455,60,0.7912890812890813,0.8166666666666667,0.8166666666666667,new,1,2,tempo_intensity,rf,600,2414,68d0e5f-dirty
Subject580,90,0.5617189781895664,0.5888888888888889,0.5888888888888889,new,1,2,tempo_intensity,rf,600,2414,68d0e5f-dirty
Subject890,30,0.4558730158730159,0.5666666666666667,0.5666666666666667,new,1,2,tempo_intensity,rf,600,2414,68d0e5f-dirty
Subject969,30,0.6296296296296297,0.7,0.7,new,1,2,tempo_intensity,rf,600,2414,68d0e5f-dirty
Subject147,31,0.9288888888888889,0.9333333333333333,0.9354838709677419,recorded,1,2,tempo_intensity,rf,600,2414,68d0e5f-dirty
Subject819,60,0.8452910052910053,0.8666666666666667,0.8666666666666667,recorded,1,2,tempo_intensity,rf,600,2414,68d0e5f-dirty
Subject226,30,0.5158730158730159,0.6,0.6,new,1,2,plus_placement,rf,600,2405,68d0e5f-dirty
Subject354,60,0.6612138188608777,0.7166666666666667,0.7166666666666667,new,1,2,plus_placement,rf,600,2405,68d0e5f-dirty
Subject455,60,0.7525407925407925,0.7833333333333333,0.7833333333333333,new,1,2,plus_placement,rf,600,2405,68d0e5f-dirty
Subject580,90,0.532377953430585,0.5666666666666667,0.5666666666666667,new,1,2,plus_placement,rf,600,2405,68d0e5f-dirty
Subject890,30,0.5380952380952381,0.6333333333333333,0.6333333333333333,new,1,2,plus_placement,rf,600,2405,68d0e5f-dirty
Subject969,30,0.5844444444444444,0.6666666666666666,0.6666666666666666,new,1,2,plus_placement,rf,600,2405,68d0e5f-dirty
Subject147,31,0.9644444444444444,0.9666666666666667,0.967741935483871,recorded,1,2,plus_placement,rf,600,2405,68d0e5f-dirty
Subject819,60,0.8452910052910053,0.8666666666666667,0.8666666666666667,recorded,1,2,plus_placement,rf,600,2405,68d0e5f-dirty
Subject226,30,0.5407407407407407,0.6,0.6,new,1,4,none,rf,1223,0,68d0e5f-dirty
Subject354,60,0.8037037037037036,0.8333333333333334,0.8333333333333334,new,1,4,none,rf,1223,0,68d0e5f-dirty
Subject455,60,0.768080808080808,0.8166666666666667,0.8166666666666667,new,1,4,none,rf,1223,0,68d0e5f-dirty
Subject580,90,0.7469102139690375,0.7666666666666667,0.7666666666666667,new,1,4,none,rf,1223,0,68d0e5f-dirty
Subject890,30,0.5492063492063491,0.6333333333333333,0.6333333333333333,new,1,4,none,rf,1223,0,68d0e5f-dirty
Subject969,30,0.5644444444444443,0.6333333333333333,0.6333333333333333,new,1,4,none,rf,1223,0,68d0e5f-dirty
Subject139,60,0.8703703703703703,0.8833333333333333,0.8833333333333333,recorded,1,4,none,rf,1223,0,68d0e5f-dirty
Subject147,31,0.9644444444444444,0.9666666666666667,0.967741935483871,recorded,1,4,none,rf,1223,0,68d0e5f-dirty
Subject611,60,0.962962962962963,0.9666666666666667,0.9666666666666667,recorded,1,4,none,rf,1223,0,68d0e5f-dirty
Subject819,60,0.8486772486772486,0.8666666666666667,0.8666666666666667,recorded,1,4,none,rf,1223,0,68d0e5f-dirty
Subject226,30,0.4844444444444445,0.5666666666666667,0.5666666666666667,new,1,4,tempo_intensity,rf,1223,4903,68d0e5f-dirty
Subject354,60,0.7479557479557479,0.7833333333333333,0.7833333333333333,new,1,4,tempo_intensity,rf,1223,4903,68d0e5f-dirty
Subject455,60,0.7333333333333332,0.8,0.8,new,1,4,tempo_intensity,rf,1223,4903,68d0e5f-dirty
Subject580,90,0.708049728049728,0.7222222222222222,0.7222222222222222,new,1,4,tempo_intensity,rf,1223,4903,68d0e5f-dirty
Subject890,30,0.5777777777777778,0.6666666666666666,0.6666666666666666,new,1,4,tempo_intensity,rf,1223,4903,68d0e5f-dirty
Subject969,30,0.5985185185185186,0.6666666666666666,0.6666666666666666,new,1,4,tempo_intensity,rf,1223,4903,68d0e5f-dirty
Subject139,60,0.8929100529100528,0.9,0.9,recorded,1,4,tempo_intensity,rf,1223,4903,68d0e5f-dirty
Subject147,31,1.0,1.0,1.0,recorded,1,4,tempo_intensity,rf,1223,4903,68d0e5f-dirty
Subject611,60,0.9830687830687831,0.9833333333333333,0.9833333333333333,recorded,1,4,tempo_intensity,rf,1223,4903,68d0e5f-dirty
Subject819,60,0.8465608465608465,0.8666666666666667,0.8666666666666667,recorded,1,4,tempo_intensity,rf,1223,4903,68d0e5f-dirty
Subject226,30,0.4822222222222222,0.5666666666666667,0.5666666666666667,new,1,4,plus_placement,rf,1223,4929,68d0e5f-dirty
Subject354,60,0.802135642135642,0.8333333333333334,0.8333333333333334,new,1,4,plus_placement,rf,1223,4929,68d0e5f-dirty
Subject455,60,0.8144107744107745,0.85,0.85,new,1,4,plus_placement,rf,1223,4929,68d0e5f-dirty
Subject580,90,0.7193179369649958,0.7333333333333333,0.7333333333333333,new,1,4,plus_placement,rf,1223,4929,68d0e5f-dirty
Subject890,30,0.5492063492063491,0.6333333333333333,0.6333333333333333,new,1,4,plus_placement,rf,1223,4929,68d0e5f-dirty
Subject969,30,0.62,0.7,0.7,new,1,4,plus_placement,rf,1223,4929,68d0e5f-dirty
Subject139,60,0.9475132275132274,0.95,0.95,recorded,1,4,plus_placement,rf,1223,4929,68d0e5f-dirty
Subject147,31,0.9311111111111111,0.9333333333333333,0.9354838709677419,recorded,1,4,plus_placement,rf,1223,4929,68d0e5f-dirty
Subject611,60,0.9830687830687831,0.9833333333333333,0.9833333333333333,recorded,1,4,plus_placement,rf,1223,4929,68d0e5f-dirty
Subject819,60,0.8656084656084656,0.8833333333333333,0.8833333333333333,recorded,1,4,plus_placement,rf,1223,4929,68d0e5f-dirty
Subject226,30,0.7333333333333332,0.7666666666666667,0.7666666666666667,new,1,8,none,rf,2319,0,68d0e5f-dirty
Subject354,60,0.8777777777777778,0.9,0.9,new,1,8,none,rf,2319,0,68d0e5f-dirty
Subject455,60,0.8586243386243385,0.8833333333333333,0.8833333333333333,new,1,8,none,rf,2319,0,68d0e5f-dirty
Subject580,90,0.868018648018648,0.8666666666666668,0.8666666666666667,new,1,8,none,rf,2319,0,68d0e5f-dirty
Subject890,30,0.8444444444444446,0.8666666666666667,0.8666666666666667,new,1,8,none,rf,2319,0,68d0e5f-dirty
Subject969,30,0.7088888888888889,0.7666666666666667,0.7666666666666667,new,1,8,none,rf,2319,0,68d0e5f-dirty
Subject139,60,0.9311111111111111,0.9333333333333333,0.9333333333333333,recorded,1,8,none,rf,2319,0,68d0e5f-dirty
Subject147,31,0.9644444444444444,0.9666666666666667,0.967741935483871,recorded,1,8,none,rf,2319,0,68d0e5f-dirty
Subject376,60,0.8950456950456951,0.9,0.9,recorded,1,8,none,rf,2319,0,68d0e5f-dirty
Subject611,60,0.9676190476190477,0.9666666666666667,0.9666666666666667,recorded,1,8,none,rf,2319,0,68d0e5f-dirty
Subject729,60,0.9475132275132275,0.95,0.95,recorded,1,8,none,rf,2319,0,68d0e5f-dirty
Subject741,60,0.9141798941798942,0.9166666666666666,0.9166666666666666,recorded,1,8,none,rf,2319,0,68d0e5f-dirty
Subject819,60,0.9113227513227514,0.9166666666666666,0.9166666666666666,recorded,1,8,none,rf,2319,0,68d0e5f-dirty
Subject867,60,0.9644444444444444,0.9666666666666667,0.9666666666666667,recorded,1,8,none,rf,2319,0,68d0e5f-dirty
Subject226,30,0.6599999999999999,0.7,0.7,new,1,8,tempo_intensity,rf,2319,9365,68d0e5f-dirty
Subject354,60,0.8724001924001923,0.8833333333333333,0.8833333333333333,new,1,8,tempo_intensity,rf,2319,9365,68d0e5f-dirty
Subject455,60,0.7333333333333332,0.8,0.8,new,1,8,tempo_intensity,rf,2319,9365,68d0e5f-dirty
Subject580,90,0.8375912975912976,0.8333333333333336,0.8333333333333334,new,1,8,tempo_intensity,rf,2319,9365,68d0e5f-dirty
Subject890,30,0.8444444444444446,0.8666666666666667,0.8666666666666667,new,1,8,tempo_intensity,rf,2319,9365,68d0e5f-dirty
Subject969,30,0.5940740740740741,0.6666666666666666,0.6666666666666666,new,1,8,tempo_intensity,rf,2319,9365,68d0e5f-dirty
Subject139,60,0.911957671957672,0.9166666666666666,0.9166666666666666,recorded,1,8,tempo_intensity,rf,2319,9365,68d0e5f-dirty
Subject147,31,0.9644444444444444,0.9666666666666667,0.967741935483871,recorded,1,8,tempo_intensity,rf,2319,9365,68d0e5f-dirty
Subject376,60,0.8888888888888888,0.9,0.9,recorded,1,8,tempo_intensity,rf,2319,9365,68d0e5f-dirty
Subject611,60,1.0,1.0,1.0,recorded,1,8,tempo_intensity,rf,2319,9365,68d0e5f-dirty
Subject729,60,0.9644444444444444,0.9666666666666667,0.9666666666666667,recorded,1,8,tempo_intensity,rf,2319,9365,68d0e5f-dirty
Subject741,60,0.8418903318903317,0.85,0.85,recorded,1,8,tempo_intensity,rf,2319,9365,68d0e5f-dirty
Subject819,60,0.8452910052910053,0.8666666666666667,0.8666666666666667,recorded,1,8,tempo_intensity,rf,2319,9365,68d0e5f-dirty
Subject867,60,0.9475132275132274,0.95,0.95,recorded,1,8,tempo_intensity,rf,2319,9365,68d0e5f-dirty
Subject226,30,0.6777777777777777,0.7333333333333333,0.7333333333333333,new,1,8,plus_placement,rf,2319,9343,68d0e5f-dirty
Subject354,60,0.9305820105820107,0.9333333333333333,0.9333333333333333,new,1,8,plus_placement,rf,2319,9343,68d0e5f-dirty
Subject455,60,0.835998075998076,0.8666666666666667,0.8666666666666667,new,1,8,plus_placement,rf,2319,9343,68d0e5f-dirty
Subject580,90,0.8047027047027046,0.8000000000000002,0.8,new,1,8,plus_placement,rf,2319,9343,68d0e5f-dirty
Subject890,30,0.8444444444444446,0.8666666666666667,0.8666666666666667,new,1,8,plus_placement,rf,2319,9343,68d0e5f-dirty
Subject969,30,0.7444444444444446,0.8,0.8,new,1,8,plus_placement,rf,2319,9343,68d0e5f-dirty
Subject139,60,0.9485714285714286,0.95,0.95,recorded,1,8,plus_placement,rf,2319,9343,68d0e5f-dirty
Subject147,31,0.9644444444444444,0.9666666666666667,0.967741935483871,recorded,1,8,plus_placement,rf,2319,9343,68d0e5f-dirty
Subject376,60,0.872983312983313,0.8833333333333333,0.8833333333333333,recorded,1,8,plus_placement,rf,2319,9343,68d0e5f-dirty
Subject611,60,0.9830687830687831,0.9833333333333333,0.9833333333333333,recorded,1,8,plus_placement,rf,2319,9343,68d0e5f-dirty
Subject729,60,0.9475132275132275,0.95,0.95,recorded,1,8,plus_placement,rf,2319,9343,68d0e5f-dirty
Subject741,60,0.9022751322751323,0.9,0.9,recorded,1,8,plus_placement,rf,2319,9343,68d0e5f-dirty
Subject819,60,0.8744973544973546,0.8833333333333333,0.8833333333333333,recorded,1,8,plus_placement,rf,2319,9343,68d0e5f-dirty
Subject867,60,0.9485714285714286,0.95,0.95,recorded,1,8,plus_placement,rf,2319,9343,68d0e5f-dirty
Subject226,30,0.7644444444444445,0.8,0.8,new,1,17,none,rf,5213,0,68d0e5f-dirty
Subject354,60,0.946031746031746,0.95,0.95,new,1,17,none,rf,5213,0,68d0e5f-dirty
Subject455,60,0.8571428571428571,0.8666666666666667,0.8666666666666667,new,1,17,none,rf,5213,0,68d0e5f-dirty
Subject580,90,0.9012337662337663,0.9,0.9,new,1,17,none,rf,5213,0,68d0e5f-dirty
Subject890,30,0.9288888888888889,0.9333333333333333,0.9333333333333333,new,1,17,none,rf,5213,0,68d0e5f-dirty
Subject969,30,0.8222222222222222,0.8666666666666667,0.8666666666666667,new,1,17,none,rf,5213,0,68d0e5f-dirty
Subject139,60,0.9830687830687831,0.9833333333333333,0.9833333333333333,recorded,1,17,none,rf,5213,0,68d0e5f-dirty
Subject147,31,0.9733333333333334,0.9777777777777777,0.967741935483871,recorded,1,17,none,rf,5213,0,68d0e5f-dirty
Subject352,30,0.9644444444444444,0.9666666666666667,0.9666666666666667,recorded,1,17,none,rf,5213,0,68d0e5f-dirty
Subject353,60,0.8063684463684464,0.8166666666666667,0.8166666666666667,recorded,1,17,none,rf,5213,0,68d0e5f-dirty
Subject376,60,0.8918181818181818,0.9,0.9,recorded,1,17,none,rf,5213,0,68d0e5f-dirty
Subject424,60,0.8283597883597885,0.85,0.85,recorded,1,17,none,rf,5213,0,68d0e5f-dirty
Subject494,60,0.907955747955748,0.9166666666666666,0.9166666666666666,recorded,1,17,none,rf,5213,0,68d0e5f-dirty
Subject516,30,0.8755555555555555,0.9,0.9,recorded,1,17,none,rf,5213,0,68d0e5f-dirty
Subject561,60,0.8667051467051468,0.8833333333333333,0.8833333333333333,recorded,1,17,none,rf,5213,0,68d0e5f-dirty
Subject571,30,0.9644444444444444,0.9666666666666667,0.9666666666666667,recorded,1,17,none,rf,5213,0,68d0e5f-dirty
Subject611,60,0.9644444444444444,0.9666666666666667,0.9666666666666667,recorded,1,17,none,rf,5213,0,68d0e5f-dirty
Subject729,60,0.9644444444444444,0.9666666666666667,0.9666666666666667,recorded,1,17,none,rf,5213,0,68d0e5f-dirty
Subject731,30,0.9288888888888889,0.9333333333333333,0.9333333333333333,recorded,1,17,none,rf,5213,0,68d0e5f-dirty
Subject741,60,0.9330687830687832,0.9333333333333333,0.9333333333333333,recorded,1,17,none,rf,5213,0,68d0e5f-dirty
Subject819,60,0.8941798941798942,0.9166666666666666,0.9166666666666666,recorded,1,17,none,rf,5213,0,68d0e5f-dirty
Subject867,60,0.9141798941798942,0.9166666666666666,0.9166666666666666,recorded,1,17,none,rf,5213,0,68d0e5f-dirty
Subject877,60,1.0,1.0,1.0,recorded,1,17,none,rf,5213,0,68d0e5f-dirty
Subject226,30,0.7533333333333334,0.8,0.8,new,1,17,tempo_intensity,rf,5213,21129,68d0e5f-dirty
Subject354,60,0.9494708994708995,0.95,0.95,new,1,17,tempo_intensity,rf,5213,21129,68d0e5f-dirty
Subject455,60,0.8637037037037038,0.8833333333333333,0.8833333333333333,new,1,17,tempo_intensity,rf,5213,21129,68d0e5f-dirty
Subject580,90,0.8486276296802614,0.8555555555555556,0.8555555555555555,new,1,17,tempo_intensity,rf,5213,21129,68d0e5f-dirty
Subject890,30,0.9288888888888889,0.9333333333333333,0.9333333333333333,new,1,17,tempo_intensity,rf,5213,21129,68d0e5f-dirty
Subject969,30,0.8800000000000001,0.9,0.9,new,1,17,tempo_intensity,rf,5213,21129,68d0e5f-dirty
Subject139,60,0.9418181818181818,0.95,0.95,recorded,1,17,tempo_intensity,rf,5213,21129,68d0e5f-dirty
Subject147,31,0.9644444444444444,0.9666666666666667,0.967741935483871,recorded,1,17,tempo_intensity,rf,5213,21129,68d0e5f-dirty
Subject352,30,0.9644444444444444,0.9666666666666667,0.9666666666666667,recorded,1,17,tempo_intensity,rf,5213,21129,68d0e5f-dirty
Subject353,60,0.8434054834054834,0.85,0.85,recorded,1,17,tempo_intensity,rf,5213,21129,68d0e5f-dirty
Subject376,60,0.8950456950456951,0.9,0.9,recorded,1,17,tempo_intensity,rf,5213,21129,68d0e5f-dirty
Subject424,60,0.8298412698412699,0.85,0.85,recorded,1,17,tempo_intensity,rf,5213,21129,68d0e5f-dirty
Subject494,60,0.8878499278499279,0.9,0.9,recorded,1,17,tempo_intensity,rf,5213,21129,68d0e5f-dirty
Subject516,30,0.9644444444444444,0.9666666666666667,0.9666666666666667,recorded,1,17,tempo_intensity,rf,5213,21129,68d0e5f-dirty
Subject561,60,0.9079557479557481,0.9166666666666666,0.9166666666666666,recorded,1,17,tempo_intensity,rf,5213,21129,68d0e5f-dirty
Subject571,30,0.9644444444444444,0.9666666666666667,0.9666666666666667,recorded,1,17,tempo_intensity,rf,5213,21129,68d0e5f-dirty
Subject611,60,0.9644444444444444,0.9666666666666667,0.9666666666666667,recorded,1,17,tempo_intensity,rf,5213,21129,68d0e5f-dirty
Subject729,60,0.9644444444444444,0.9666666666666667,0.9666666666666667,recorded,1,17,tempo_intensity,rf,5213,21129,68d0e5f-dirty
Subject731,30,0.9311111111111111,0.9333333333333333,0.9333333333333333,recorded,1,17,tempo_intensity,rf,5213,21129,68d0e5f-dirty
Subject741,60,0.9156084656084656,0.9166666666666666,0.9166666666666666,recorded,1,17,tempo_intensity,rf,5213,21129,68d0e5f-dirty
Subject819,60,0.8941798941798942,0.9166666666666666,0.9166666666666666,recorded,1,17,tempo_intensity,rf,5213,21129,68d0e5f-dirty
Subject867,60,0.836863876863877,0.85,0.85,recorded,1,17,tempo_intensity,rf,5213,21129,68d0e5f-dirty
Subject877,60,1.0,1.0,1.0,recorded,1,17,tempo_intensity,rf,5213,21129,68d0e5f-dirty
Subject226,30,0.84,0.8666666666666667,0.8666666666666667,new,1,17,plus_placement,rf,5213,21221,68d0e5f-dirty
Subject354,60,0.962962962962963,0.9666666666666667,0.9666666666666667,new,1,17,plus_placement,rf,5213,21221,68d0e5f-dirty
Subject455,60,0.8637037037037038,0.8833333333333333,0.8833333333333333,new,1,17,plus_placement,rf,5213,21221,68d0e5f-dirty
Subject580,90,0.9214518814518814,0.9222222222222224,0.9222222222222223,new,1,17,plus_placement,rf,5213,21221,68d0e5f-dirty
Subject890,30,0.8688888888888889,0.8666666666666667,0.8666666666666667,new,1,17,plus_placement,rf,5213,21221,68d0e5f-dirty
Subject969,30,0.88,0.9,0.9,new,1,17,plus_placement,rf,5213,21221,68d0e5f-dirty
Subject139,60,1.0,1.0,1.0,recorded,1,17,plus_placement,rf,5213,21221,68d0e5f-dirty
Subject147,31,0.9644444444444444,0.9666666666666667,0.967741935483871,recorded,1,17,plus_placement,rf,5213,21221,68d0e5f-dirty
Subject352,30,0.9644444444444444,0.9666666666666667,0.9666666666666667,recorded,1,17,plus_placement,rf,5213,21221,68d0e5f-dirty
Subject353,60,0.8232996632996632,0.8333333333333334,0.8333333333333334,recorded,1,17,plus_placement,rf,5213,21221,68d0e5f-dirty
Subject376,60,0.8748869648869648,0.8833333333333333,0.8833333333333333,recorded,1,17,plus_placement,rf,5213,21221,68d0e5f-dirty
Subject424,60,0.811957671957672,0.8333333333333334,0.8333333333333334,recorded,1,17,plus_placement,rf,5213,21221,68d0e5f-dirty
Subject494,60,0.9022222222222224,0.9166666666666666,0.9166666666666666,recorded,1,17,plus_placement,rf,5213,21221,68d0e5f-dirty
Subject516,30,0.9111111111111111,0.9333333333333333,0.9333333333333333,recorded,1,17,plus_placement,rf,5213,21221,68d0e5f-dirty
Subject561,60,0.9305820105820106,0.9333333333333333,0.9333333333333333,recorded,1,17,plus_placement,rf,5213,21221,68d0e5f-dirty
Subject571,30,1.0,1.0,1.0,recorded,1,17,plus_placement,rf,5213,21221,68d0e5f-dirty
Subject611,60,0.9644444444444444,0.9666666666666667,0.9666666666666667,recorded,1,17,plus_placement,rf,5213,21221,68d0e5f-dirty
Subject729,60,1.0,1.0,1.0,recorded,1,17,plus_placement,rf,5213,21221,68d0e5f-dirty
Subject731,30,0.9311111111111111,0.9333333333333333,0.9333333333333333,recorded,1,17,plus_placement,rf,5213,21221,68d0e5f-dirty
Subject741,60,0.8756613756613757,0.8833333333333333,0.8833333333333333,recorded,1,17,plus_placement,rf,5213,21221,68d0e5f-dirty
Subject819,60,0.924886964886965,0.9333333333333333,0.9333333333333333,recorded,1,17,plus_placement,rf,5213,21221,68d0e5f-dirty
Subject867,60,0.8748869648869649,0.8833333333333333,0.8833333333333333,recorded,1,17,plus_placement,rf,5213,21221,68d0e5f-dirty
Subject877,60,1.0,1.0,1.0,recorded,1,17,plus_placement,rf,5213,21221,68d0e5f-dirty
Subject376,60,0.5243060643060643,0.5833333333333334,0.5833333333333334,new,2,2,none,rf,632,0,68d0e5f-dirty
Subject424,60,0.5677719551403763,0.6166666666666667,0.6166666666666667,new,2,2,none,rf,632,0,68d0e5f-dirty
Subject494,60,0.39068783068783064,0.48333333333333334,0.48333333333333334,new,2,2,none,rf,632,0,68d0e5f-dirty
Subject571,30,0.4822222222222222,0.6,0.6,new,2,2,none,rf,632,0,68d0e5f-dirty
Subject611,60,0.8586243386243385,0.8833333333333333,0.8833333333333333,new,2,2,none,rf,632,0,68d0e5f-dirty
Subject969,30,0.5777777777777778,0.6333333333333333,0.6333333333333333,new,2,2,none,rf,632,0,68d0e5f-dirty
Subject731,30,0.711111111111111,0.7666666666666667,0.7666666666666667,recorded,2,2,none,rf,632,0,68d0e5f-dirty
Subject877,60,0.8393650793650793,0.8666666666666667,0.8666666666666667,recorded,2,2,none,rf,632,0,68d0e5f-dirty
Subject376,60,0.48902948902948895,0.55,0.55,new,2,2,tempo_intensity,rf,632,2575,68d0e5f-dirty
Subject424,60,0.6599134199134199,0.6833333333333333,0.6833333333333333,new,2,2,tempo_intensity,rf,632,2575,68d0e5f-dirty
Subject494,60,0.36742664742664743,0.4666666666666667,0.4666666666666667,new,2,2,tempo_intensity,rf,632,2575,68d0e5f-dirty
Subject571,30,0.4066666666666666,0.5333333333333333,0.5333333333333333,new,2,2,tempo_intensity,rf,632,2575,68d0e5f-dirty
Subject611,60,0.8475132275132274,0.85,0.85,new,2,2,tempo_intensity,rf,632,2575,68d0e5f-dirty
Subject969,30,0.5111111111111112,0.6,0.6,new,2,2,tempo_intensity,rf,632,2575,68d0e5f-dirty
Subject731,30,0.6555555555555554,0.7333333333333333,0.7333333333333333,recorded,2,2,tempo_intensity,rf,632,2575,68d0e5f-dirty
Subject877,60,0.8334391534391534,0.8666666666666667,0.8666666666666667,recorded,2,2,tempo_intensity,rf,632,2575,68d0e5f-dirty
Subject376,60,0.5156902356902358,0.5833333333333334,0.5833333333333334,new,2,2,plus_placement,rf,632,2565,68d0e5f-dirty
Subject424,60,0.5259126059126059,0.5833333333333334,0.5833333333333334,new,2,2,plus_placement,rf,632,2565,68d0e5f-dirty
Subject494,60,0.3537758537758538,0.45,0.45,new,2,2,plus_placement,rf,632,2565,68d0e5f-dirty
Subject571,30,0.3733333333333333,0.5,0.5,new,2,2,plus_placement,rf,632,2565,68d0e5f-dirty
Subject611,60,0.8186110186110186,0.8333333333333334,0.8333333333333334,new,2,2,plus_placement,rf,632,2565,68d0e5f-dirty
Subject969,30,0.5644444444444444,0.6333333333333333,0.6333333333333333,new,2,2,plus_placement,rf,632,2565,68d0e5f-dirty
Subject731,30,0.6469841269841269,0.7333333333333333,0.7333333333333333,recorded,2,2,plus_placement,rf,632,2565,68d0e5f-dirty
Subject877,60,0.8713227513227514,0.9,0.9,recorded,2,2,plus_placement,rf,632,2565,68d0e5f-dirty
Subject376,60,0.7124531024531026,0.7333333333333333,0.7333333333333333,new,2,4,none,rf,1140,0,68d0e5f-dirty
Subject424,60,0.7923483923483924,0.8333333333333334,0.8333333333333334,new,2,4,none,rf,1140,0,68d0e5f-dirty
Subject494,60,0.555998075998076,0.6333333333333333,0.6333333333333333,new,2,4,none,rf,1140,0,68d0e5f-dirty
Subject571,30,0.7822222222222223,0.8333333333333334,0.8333333333333334,new,2,4,none,rf,1140,0,68d0e5f-dirty
Subject611,60,0.8052910052910055,0.8166666666666667,0.8166666666666667,new,2,4,none,rf,1140,0,68d0e5f-dirty
Subject969,30,0.6,0.6333333333333333,0.6333333333333333,new,2,4,none,rf,1140,0,68d0e5f-dirty
Subject226,30,1.0,1.0,1.0,recorded,2,4,none,rf,1140,0,68d0e5f-dirty
Subject731,30,0.8977777777777777,0.9,0.9,recorded,2,4,none,rf,1140,0,68d0e5f-dirty
Subject741,60,0.9342857142857144,0.9333333333333333,0.9333333333333333,recorded,2,4,none,rf,1140,0,68d0e5f-dirty
Subject877,60,0.9475132275132274,0.95,0.95,recorded,2,4,none,rf,1140,0,68d0e5f-dirty
Subject376,60,0.7576475376475377,0.7666666666666667,0.7666666666666667,new,2,4,tempo_intensity,rf,1140,4637,68d0e5f-dirty
Subject424,60,0.8427513227513227,0.8666666666666667,0.8666666666666667,new,2,4,tempo_intensity,rf,1140,4637,68d0e5f-dirty
Subject494,60,0.5951322751322752,0.6833333333333333,0.6833333333333333,new,2,4,tempo_intensity,rf,1140,4637,68d0e5f-dirty
Subject571,30,0.7466666666666667,0.8,0.8,new,2,4,tempo_intensity,rf,1140,4637,68d0e5f-dirty
Subject611,60,0.8562626262626263,0.8666666666666667,0.8666666666666667,new,2,4,tempo_intensity,rf,1140,4637,68d0e5f-dirty
Subject969,30,0.6044444444444445,0.6666666666666666,0.6666666666666666,new,2,4,tempo_intensity,rf,1140,4637,68d0e5f-dirty
Subject226,30,1.0,1.0,1.0,recorded,2,4,tempo_intensity,rf,1140,4637,68d0e5f-dirty
Subject731,30,0.8333333333333334,0.8666666666666667,0.8666666666666667,recorded,2,4,tempo_intensity,rf,1140,4637,68d0e5f-dirty
Subject741,60,0.9320634920634921,0.9333333333333333,0.9333333333333333,recorded,2,4,tempo_intensity,rf,1140,4637,68d0e5f-dirty
Subject877,60,0.9475132275132274,0.95,0.95,recorded,2,4,tempo_intensity,rf,1140,4637,68d0e5f-dirty
Subject376,60,0.7026647426647427,0.7166666666666667,0.7166666666666667,new,2,4,plus_placement,rf,1140,4655,68d0e5f-dirty
Subject424,60,0.7923483923483924,0.8333333333333334,0.8333333333333334,new,2,4,plus_placement,rf,1140,4655,68d0e5f-dirty
Subject494,60,0.5796825396825397,0.65,0.65,new,2,4,plus_placement,rf,1140,4655,68d0e5f-dirty
Subject571,30,0.7266666666666667,0.7666666666666667,0.7666666666666667,new,2,4,plus_placement,rf,1140,4655,68d0e5f-dirty
Subject611,60,0.8347282347282348,0.85,0.85,new,2,4,plus_placement,rf,1140,4655,68d0e5f-dirty
Subject969,30,0.6666666666666666,0.7,0.7,new,2,4,plus_placement,rf,1140,4655,68d0e5f-dirty
Subject226,30,0.8422222222222222,0.8666666666666667,0.8666666666666667,recorded,2,4,plus_placement,rf,1140,4655,68d0e5f-dirty
Subject731,30,0.9644444444444444,0.9666666666666667,0.9666666666666667,recorded,2,4,plus_placement,rf,1140,4655,68d0e5f-dirty
Subject741,60,0.9661375661375662,0.9666666666666667,0.9666666666666667,recorded,2,4,plus_placement,rf,1140,4655,68d0e5f-dirty
Subject877,60,0.9475132275132274,0.95,0.95,recorded,2,4,plus_placement,rf,1140,4655,68d0e5f-dirty
Subject376,60,0.6642255892255894,0.7,0.7,new,2,8,none,rf,2412,0,68d0e5f-dirty
Subject424,60,0.8812372812372813,0.9,0.9,new,2,8,none,rf,2412,0,68d0e5f-dirty
Subject494,60,0.4244722918407129,0.5333333333333333,0.5333333333333333,new,2,8,none,rf,2412,0,68d0e5f-dirty
Subject571,30,0.7400000000000001,0.8,0.8,new,2,8,none,rf,2412,0,68d0e5f-dirty
Subject611,60,0.9500721500721501,0.95,0.95,new,2,8,none,rf,2412,0,68d0e5f-dirty
Subject969,30,0.5466666666666666,0.6,0.6,new,2,8,none,rf,2412,0,68d0e5f-dirty
Subject139,60,0.9830687830687831,0.9833333333333333,0.9833333333333333,recorded,2,8,none,rf,2412,0,68d0e5f-dirty
Subject147,31,0.9311111111111111,0.9333333333333333,0.9354838709677419,recorded,2,8,none,rf,2412,0,68d0e5f-dirty
Subject226,30,1.0,1.0,1.0,recorded,2,8,none,rf,2412,0,68d0e5f-dirty
Subject352,30,0.9644444444444444,0.9666666666666667,0.9666666666666667,recorded,2,8,none,rf,2412,0,68d0e5f-dirty
Subject455,60,1.0,1.0,1.0,recorded,2,8,none,rf,2412,0,68d0e5f-dirty
Subject731,30,0.9066666666666667,0.9333333333333333,0.9333333333333333,recorded,2,8,none,rf,2412,0,68d0e5f-dirty
Subject741,60,0.9497354497354498,0.95,0.95,recorded,2,8,none,rf,2412,0,68d0e5f-dirty
Subject877,60,0.9475132275132275,0.95,0.95,recorded,2,8,none,rf,2412,0,68d0e5f-dirty
Subject376,60,0.6069348951701893,0.65,0.65,new,2,8,tempo_intensity,rf,2412,9788,68d0e5f-dirty
Subject424,60,0.8677248677248677,0.8833333333333333,0.8833333333333333,new,2,8,tempo_intensity,rf,2412,9788,68d0e5f-dirty
Subject494,60,0.5567928367928368,0.6333333333333333,0.6333333333333333,new,2,8,tempo_intensity,rf,2412,9788,68d0e5f-dirty
Subject571,30,0.7400000000000001,0.8,0.8,new,2,8,tempo_intensity,rf,2412,9788,68d0e5f-dirty
Subject611,60,0.9661375661375662,0.9666666666666667,0.9666666666666667,new,2,8,tempo_intensity,rf,2412,9788,68d0e5f-dirty
Subject969,30,0.5466666666666666,0.6,0.6,new,2,8,tempo_intensity,rf,2412,9788,68d0e5f-dirty
Subject139,60,0.9392592592592592,0.95,0.95,recorded,2,8,tempo_intensity,rf,2412,9788,68d0e5f-dirty
Subject147,31,0.8533333333333334,0.8666666666666667,0.8709677419354839,recorded,2,8,tempo_intensity,rf,2412,9788,68d0e5f-dirty
Subject226,30,0.9644444444444444,0.9666666666666667,0.9666666666666667,recorded,2,8,tempo_intensity,rf,2412,9788,68d0e5f-dirty
Subject352,30,0.9644444444444444,0.9666666666666667,0.9666666666666667,recorded,2,8,tempo_intensity,rf,2412,9788,68d0e5f-dirty
Subject455,60,1.0,1.0,1.0,recorded,2,8,tempo_intensity,rf,2412,9788,68d0e5f-dirty
Subject731,30,0.7936507936507936,0.8333333333333334,0.8333333333333334,recorded,2,8,tempo_intensity,rf,2412,9788,68d0e5f-dirty
Subject741,60,0.9497354497354498,0.95,0.95,recorded,2,8,tempo_intensity,rf,2412,9788,68d0e5f-dirty
Subject877,60,0.9661375661375662,0.9666666666666667,0.9666666666666667,recorded,2,8,tempo_intensity,rf,2412,9788,68d0e5f-dirty
Subject376,60,0.757984237984238,0.7666666666666667,0.7666666666666667,new,2,8,plus_placement,rf,2412,9876,68d0e5f-dirty
Subject424,60,0.7754171754171755,0.8166666666666667,0.8166666666666667,new,2,8,plus_placement,rf,2412,9876,68d0e5f-dirty
Subject494,60,0.5388857765328353,0.6166666666666667,0.6166666666666667,new,2,8,plus_placement,rf,2412,9876,68d0e5f-dirty
Subject571,30,0.6958730158730159,0.7666666666666667,0.7666666666666667,new,2,8,plus_placement,rf,2412,9876,68d0e5f-dirty
Subject611,60,0.9661375661375662,0.9666666666666667,0.9666666666666667,new,2,8,plus_placement,rf,2412,9876,68d0e5f-dirty
Subject969,30,0.6177777777777778,0.6666666666666666,0.6666666666666666,new,2,8,plus_placement,rf,2412,9876,68d0e5f-dirty
Subject139,60,0.9062626262626262,0.9166666666666666,0.9166666666666666,recorded,2,8,plus_placement,rf,2412,9876,68d0e5f-dirty
Subject147,31,0.9311111111111111,0.9333333333333333,0.9354838709677419,recorded,2,8,plus_placement,rf,2412,9876,68d0e5f-dirty
Subject226,30,0.8777777777777778,0.9,0.9,recorded,2,8,plus_placement,rf,2412,9876,68d0e5f-dirty
Subject352,30,0.9644444444444444,0.9666666666666667,0.9666666666666667,recorded,2,8,plus_placement,rf,2412,9876,68d0e5f-dirty
Subject455,60,1.0,1.0,1.0,recorded,2,8,plus_placement,rf,2412,9876,68d0e5f-dirty
Subject731,30,0.9288888888888889,0.9333333333333333,0.9333333333333333,recorded,2,8,plus_placement,rf,2412,9876,68d0e5f-dirty
Subject741,60,0.9666666666666667,0.9666666666666667,0.9666666666666667,recorded,2,8,plus_placement,rf,2412,9876,68d0e5f-dirty
Subject877,60,0.9830687830687831,0.9833333333333333,0.9833333333333333,recorded,2,8,plus_placement,rf,2412,9876,68d0e5f-dirty
Subject376,60,0.8154641654641656,0.8333333333333334,0.8333333333333334,new,2,17,none,rf,5101,0,68d0e5f-dirty
Subject424,60,0.8656084656084656,0.8833333333333333,0.8833333333333333,new,2,17,none,rf,5101,0,68d0e5f-dirty
Subject494,60,0.5622500696184908,0.6333333333333333,0.6333333333333333,new,2,17,none,rf,5101,0,68d0e5f-dirty
Subject571,30,0.7936507936507937,0.8333333333333334,0.8333333333333334,new,2,17,none,rf,5101,0,68d0e5f-dirty
Subject611,60,0.9500721500721501,0.95,0.95,new,2,17,none,rf,5101,0,68d0e5f-dirty
Subject969,30,0.5977777777777777,0.6666666666666666,0.6666666666666666,new,2,17,none,rf,5101,0,68d0e5f-dirty
Subject139,60,0.9644444444444444,0.9666666666666667,0.9666666666666667,recorded,2,17,none,rf,5101,0,68d0e5f-dirty
Subject147,31,0.9644444444444444,0.9666666666666667,0.967741935483871,recorded,2,17,none,rf,5101,0,68d0e5f-dirty
Subject226,30,0.9311111111111111,0.9333333333333333,0.9333333333333333,recorded,2,17,none,rf,5101,0,68d0e5f-dirty
Subject352,30,0.9644444444444444,0.9666666666666667,0.9666666666666667,recorded,2,17,none,rf,5101,0,68d0e5f-dirty
Subject353,60,0.8677441077441077,0.8833333333333333,0.8833333333333333,recorded,2,17,none,rf,5101,0,68d0e5f-dirty
Subject354,60,0.9661375661375663,0.9666666666666667,0.9666666666666667,recorded,2,17,none,rf,5101,0,68d0e5f-dirty
Subject455,60,1.0,1.0,1.0,recorded,2,17,none,rf,5101,0,68d0e5f-dirty
Subject516,30,0.8755555555555555,0.9,0.9,recorded,2,17,none,rf,5101,0,68d0e5f-dirty
Subject561,60,0.913015873015873,0.9166666666666666,0.9166666666666666,recorded,2,17,none,rf,5101,0,68d0e5f-dirty
Subject580,90,0.9330225330225331,0.9333333333333335,0.9333333333333333,recorded,2,17,none,rf,5101,0,68d0e5f-dirty
Subject729,60,0.9830687830687831,0.9833333333333333,0.9833333333333333,recorded,2,17,none,rf,5101,0,68d0e5f-dirty
Subject731,30,0.9644444444444444,0.9666666666666667,0.9666666666666667,recorded,2,17,none,rf,5101,0,68d0e5f-dirty
Subject741,60,0.9139153439153439,0.9166666666666666,0.9166666666666666,recorded,2,17,none,rf,5101,0,68d0e5f-dirty
Subject819,60,0.8941798941798942,0.9166666666666666,0.9166666666666666,recorded,2,17,none,rf,5101,0,68d0e5f-dirty
Subject867,60,0.8632996632996632,0.8833333333333333,0.8833333333333333,recorded,2,17,none,rf,5101,0,68d0e5f-dirty
Subject877,60,1.0,1.0,1.0,recorded,2,17,none,rf,5101,0,68d0e5f-dirty
Subject890,30,0.8333333333333334,0.8666666666666667,0.8666666666666667,recorded,2,17,none,rf,5101,0,68d0e5f-dirty
Subject376,60,0.8464021164021164,0.8666666666666667,0.8666666666666667,new,2,17,tempo_intensity,rf,5101,20666,68d0e5f-dirty
Subject424,60,0.8516076516076516,0.8666666666666667,0.8666666666666667,new,2,17,tempo_intensity,rf,5101,20666,68d0e5f-dirty
Subject494,60,0.5616594516594516,0.6166666666666667,0.6166666666666667,new,2,17,tempo_intensity,rf,5101,20666,68d0e5f-dirty
Subject571,30,0.7936507936507937,0.8333333333333334,0.8333333333333334,new,2,17,tempo_intensity,rf,5101,20666,68d0e5f-dirty
Subject611,60,0.9500721500721501,0.95,0.95,new,2,17,tempo_intensity,rf,5101,20666,68d0e5f-dirty
Subject969,30,0.6296296296296297,0.7,0.7,new,2,17,tempo_intensity,rf,5101,20666,68d0e5f-dirty
Subject139,60,0.9830687830687831,0.9833333333333333,0.9833333333333333,recorded,2,17,tempo_intensity,rf,5101,20666,68d0e5f-dirty
Subject147,31,0.8800000000000001,0.9,0.9032258064516129,recorded,2,17,tempo_intensity,rf,5101,20666,68d0e5f-dirty
Subject226,30,0.9644444444444444,0.9666666666666667,0.9666666666666667,recorded,2,17,tempo_intensity,rf,5101,20666,68d0e5f-dirty
Subject352,30,0.9644444444444444,0.9666666666666667,0.9666666666666667,recorded,2,17,tempo_intensity,rf,5101,20666,68d0e5f-dirty
Subject353,60,0.8055218855218855,0.8333333333333334,0.8333333333333334,recorded,2,17,tempo_intensity,rf,5101,20666,68d0e5f-dirty
Subject354,60,0.9830687830687831,0.9833333333333333,0.9833333333333333,recorded,2,17,tempo_intensity,rf,5101,20666,68d0e5f-dirty
Subject455,60,1.0,1.0,1.0,recorded,2,17,tempo_intensity,rf,5101,20666,68d0e5f-dirty
Subject516,30,0.9111111111111111,0.9333333333333333,0.9333333333333333,recorded,2,17,tempo_intensity,rf,5101,20666,68d0e5f-dirty
Subject561,60,0.9664021164021165,0.9666666666666667,0.9666666666666667,recorded,2,17,tempo_intensity,rf,5101,20666,68d0e5f-dirty
Subject580,90,0.9101165501165501,0.9111111111111112,0.9111111111111111,recorded,2,17,tempo_intensity,rf,5101,20666,68d0e5f-dirty
Subject729,60,1.0,1.0,1.0,recorded,2,17,tempo_intensity,rf,5101,20666,68d0e5f-dirty
Subject731,30,0.9644444444444444,0.9666666666666667,0.9666666666666667,recorded,2,17,tempo_intensity,rf,5101,20666,68d0e5f-dirty
Subject741,60,0.9492063492063493,0.95,0.95,recorded,2,17,tempo_intensity,rf,5101,20666,68d0e5f-dirty
Subject819,60,0.8941798941798942,0.9166666666666666,0.9166666666666666,recorded,2,17,tempo_intensity,rf,5101,20666,68d0e5f-dirty
Subject867,60,0.8632996632996632,0.8833333333333333,0.8833333333333333,recorded,2,17,tempo_intensity,rf,5101,20666,68d0e5f-dirty
Subject877,60,1.0,1.0,1.0,recorded,2,17,tempo_intensity,rf,5101,20666,68d0e5f-dirty
Subject890,30,0.8333333333333334,0.8666666666666667,0.8666666666666667,recorded,2,17,tempo_intensity,rf,5101,20666,68d0e5f-dirty
Subject376,60,0.8199086099086099,0.8333333333333334,0.8333333333333334,new,2,17,plus_placement,rf,5101,20475,68d0e5f-dirty
Subject424,60,0.8486772486772487,0.8666666666666667,0.8666666666666667,new,2,17,plus_placement,rf,5101,20475,68d0e5f-dirty
Subject494,60,0.6163241436925647,0.6666666666666666,0.6666666666666666,new,2,17,plus_placement,rf,5101,20475,68d0e5f-dirty
Subject571,30,0.7936507936507937,0.8333333333333334,0.8333333333333334,new,2,17,plus_placement,rf,5101,20475,68d0e5f-dirty
Subject611,60,0.9500721500721501,0.95,0.95,new,2,17,plus_placement,rf,5101,20475,68d0e5f-dirty
Subject969,30,0.7051851851851852,0.7333333333333333,0.7333333333333333,new,2,17,plus_placement,rf,5101,20475,68d0e5f-dirty
Subject139,60,0.9644444444444444,0.9666666666666667,0.9666666666666667,recorded,2,17,plus_placement,rf,5101,20475,68d0e5f-dirty
Subject147,31,0.8800000000000001,0.9,0.9032258064516129,recorded,2,17,plus_placement,rf,5101,20475,68d0e5f-dirty
Subject226,30,0.9333333333333332,0.9333333333333333,0.9333333333333333,recorded,2,17,plus_placement,rf,5101,20475,68d0e5f-dirty
Subject352,30,0.9644444444444444,0.9666666666666667,0.9666666666666667,recorded,2,17,plus_placement,rf,5101,20475,68d0e5f-dirty
Subject353,60,0.8899663299663298,0.9,0.9,recorded,2,17,plus_placement,rf,5101,20475,68d0e5f-dirty
Subject354,60,0.9830687830687831,0.9833333333333333,0.9833333333333333,recorded,2,17,plus_placement,rf,5101,20475,68d0e5f-dirty
Subject455,60,1.0,1.0,1.0,recorded,2,17,plus_placement,rf,5101,20475,68d0e5f-dirty
Subject516,30,0.9111111111111111,0.9333333333333333,0.9333333333333333,recorded,2,17,plus_placement,rf,5101,20475,68d0e5f-dirty
Subject561,60,0.9661375661375662,0.9666666666666667,0.9666666666666667,recorded,2,17,plus_placement,rf,5101,20475,68d0e5f-dirty
Subject580,90,0.9439338439338439,0.9444444444444445,0.9444444444444444,recorded,2,17,plus_placement,rf,5101,20475,68d0e5f-dirty
Subject729,60,0.9830687830687831,0.9833333333333333,0.9833333333333333,recorded,2,17,plus_placement,rf,5101,20475,68d0e5f-dirty
Subject731,30,0.9644444444444444,0.9666666666666667,0.9666666666666667,recorded,2,17,plus_placement,rf,5101,20475,68d0e5f-dirty
Subject741,60,0.9830687830687831,0.9833333333333333,0.9833333333333333,recorded,2,17,plus_placement,rf,5101,20475,68d0e5f-dirty
Subject819,60,0.8941798941798942,0.9166666666666666,0.9166666666666666,recorded,2,17,plus_placement,rf,5101,20475,68d0e5f-dirty
Subject867,60,0.8918181818181818,0.9,0.9,recorded,2,17,plus_placement,rf,5101,20475,68d0e5f-dirty
Subject877,60,1.0,1.0,1.0,recorded,2,17,plus_placement,rf,5101,20475,68d0e5f-dirty
Subject890,30,0.8825396825396825,0.9,0.9,recorded,2,17,plus_placement,rf,5101,20475,68d0e5f-dirty
Subject226,30,0.5879365079365081,0.6333333333333333,0.6333333333333333,new,3,2,none,rf,675,0,68d0e5f-dirty
Subject354,60,0.7502308802308802,0.7666666666666667,0.7666666666666667,new,3,2,none,rf,675,0,68d0e5f-dirty
Subject376,60,0.6382539682539683,0.6833333333333333,0.6833333333333333,new,3,2,none,rf,675,0,68d0e5f-dirty
Subject424,60,0.5675335775335776,0.6,0.6,new,3,2,none,rf,675,0,68d0e5f-dirty
Subject729,60,0.9109187109187109,0.9166666666666666,0.9166666666666666,new,3,2,none,rf,675,0,68d0e5f-dirty
Subject969,30,0.47555555555555556,0.5666666666666667,0.5666666666666667,new,3,2,none,rf,675,0,68d0e5f-dirty
Subject352,30,0.9111111111111111,0.9333333333333333,0.9333333333333333,recorded,3,2,none,rf,675,0,68d0e5f-dirty
Subject741,60,0.7805820105820106,0.8,0.8,recorded,3,2,none,rf,675,0,68d0e5f-dirty
Subject226,30,0.5044444444444445,0.5666666666666667,0.5666666666666667,new,3,2,tempo_intensity,rf,675,2731,68d0e5f-dirty
Subject354,60,0.7372627372627372,0.75,0.75,new,3,2,tempo_intensity,rf,675,2731,68d0e5f-dirty
Subject376,60,0.5758169934640522,0.6333333333333333,0.6333333333333333,new,3,2,tempo_intensity,rf,675,2731,68d0e5f-dirty
Subject424,60,0.5643734043734042,0.6,0.6,new,3,2,tempo_intensity,rf,675,2731,68d0e5f-dirty
Subject729,60,0.9109187109187109,0.9166666666666666,0.9166666666666666,new,3,2,tempo_intensity,rf,675,2731,68d0e5f-dirty
Subject969,30,0.5155555555555555,0.6,0.6,new,3,2,tempo_intensity,rf,675,2731,68d0e5f-dirty
Subject352,30,0.8755555555555555,0.9,0.9,recorded,3,2,tempo_intensity,rf,675,2731,68d0e5f-dirty
Subject741,60,0.8608465608465609,0.8666666666666667,0.8666666666666667,recorded,3,2,tempo_intensity,rf,675,2731,68d0e5f-dirty
Subject226,30,0.708888888888889,0.7333333333333333,0.7333333333333333,new,3,2,plus_placement,rf,675,2743,68d0e5f-dirty
Subject354,60,0.6884656084656083,0.7,0.7,new,3,2,plus_placement,rf,675,2743,68d0e5f-dirty
Subject376,60,0.7777777777777778,0.8,0.8,new,3,2,plus_placement,rf,675,2743,68d0e5f-dirty
Subject424,60,0.637923187923188,0.6833333333333333,0.6833333333333333,new,3,2,plus_placement,rf,675,2743,68d0e5f-dirty
Subject729,60,0.8324338624338624,0.85,0.85,new,3,2,plus_placement,rf,675,2743,68d0e5f-dirty
Subject969,30,0.5111111111111111,0.6,0.6,new,3,2,plus_placement,rf,675,2743,68d0e5f-dirty
Subject352,30,0.9111111111111111,0.9333333333333333,0.9333333333333333,recorded,3,2,plus_placement,rf,675,2743,68d0e5f-dirty
Subject741,60,0.8808465608465609,0.8833333333333333,0.8833333333333333,recorded,3,2,plus_placement,rf,675,2743,68d0e5f-dirty
Subject226,30,0.6333333333333332,0.7,0.7,new,3,4,none,rf,1275,0,68d0e5f-dirty
Subject354,60,0.7633670033670034,0.8,0.8,new,3,4,none,rf,1275,0,68d0e5f-dirty
Subject376,60,0.7058201058201059,0.7333333333333333,0.7333333333333333,new,3,4,none,rf,1275,0,68d0e5f-dirty
Subject424,60,0.7502405002405003,0.7833333333333333,0.7833333333333333,new,3,4,none,rf,1275,0,68d0e5f-dirty
Subject729,60,0.9661375661375662,0.9666666666666667,0.9666666666666667,new,3,4,none,rf,1275,0,68d0e5f-dirty
Subject969,30,0.7088888888888889,0.7333333333333333,0.7333333333333333,new,3,4,none,rf,1275,0,68d0e5f-dirty
Subject352,30,0.9111111111111111,0.9333333333333333,0.9333333333333333,recorded,3,4,none,rf,1275,0,68d0e5f-dirty
Subject561,60,0.932063492063492,0.9333333333333333,0.9333333333333333,recorded,3,4,none,rf,1275,0,68d0e5f-dirty
Subject741,60,0.8292063492063492,0.85,0.85,recorded,3,4,none,rf,1275,0,68d0e5f-dirty
Subject867,60,0.7722943722943723,0.8,0.8,recorded,3,4,none,rf,1275,0,68d0e5f-dirty
Subject226,30,0.5844444444444445,0.6333333333333333,0.6333333333333333,new,3,4,tempo_intensity,rf,1275,5072,68d0e5f-dirty
Subject354,60,0.7945646945646946,0.8166666666666667,0.8166666666666667,new,3,4,tempo_intensity,rf,1275,5072,68d0e5f-dirty
Subject376,60,0.6791534391534391,0.7166666666666667,0.7166666666666667,new,3,4,tempo_intensity,rf,1275,5072,68d0e5f-dirty
Subject424,60,0.7286387686387686,0.75,0.75,new,3,4,tempo_intensity,rf,1275,5072,68d0e5f-dirty
Subject729,60,0.875026455026455,0.8833333333333333,0.8833333333333333,new,3,4,tempo_intensity,rf,1275,5072,68d0e5f-dirty
Subject969,30,0.7511111111111111,0.8,0.8,new,3,4,tempo_intensity,rf,1275,5072,68d0e5f-dirty
Subject352,30,0.9111111111111111,0.9333333333333333,0.9333333333333333,recorded,3,4,tempo_intensity,rf,1275,5072,68d0e5f-dirty
Subject561,60,0.9089947089947089,0.9166666666666666,0.9166666666666666,recorded,3,4,tempo_intensity,rf,1275,5072,68d0e5f-dirty
Subject741,60,0.8751322751322751,0.8833333333333333,0.8833333333333333,recorded,3,4,tempo_intensity,rf,1275,5072,68d0e5f-dirty
Subject867,60,0.7381866281866282,0.7666666666666667,0.7666666666666667,recorded,3,4,tempo_intensity,rf,1275,5072,68d0e5f-dirty
Subject226,30,0.6888888888888889,0.7333333333333333,0.7333333333333333,new,3,4,plus_placement,rf,1275,5241,68d0e5f-dirty
Subject354,60,0.7798075998075998,0.8,0.8,new,3,4,plus_placement,rf,1275,5241,68d0e5f-dirty
Subject376,60,0.7344444444444443,0.75,0.75,new,3,4,plus_placement,rf,1275,5241,68d0e5f-dirty
Subject424,60,0.7608465608465609,0.7833333333333333,0.7833333333333333,new,3,4,plus_placement,rf,1275,5241,68d0e5f-dirty
Subject729,60,0.8972486772486773,0.9,0.9,new,3,4,plus_placement,rf,1275,5241,68d0e5f-dirty
Subject969,30,0.7755555555555556,0.8,0.8,new,3,4,plus_placement,rf,1275,5241,68d0e5f-dirty
Subject352,30,0.9111111111111111,0.9333333333333333,0.9333333333333333,recorded,3,4,plus_placement,rf,1275,5241,68d0e5f-dirty
Subject561,60,0.962962962962963,0.9666666666666667,0.9666666666666667,recorded,3,4,plus_placement,rf,1275,5241,68d0e5f-dirty
Subject741,60,0.8780952380952383,0.8833333333333333,0.8833333333333333,recorded,3,4,plus_placement,rf,1275,5241,68d0e5f-dirty
Subject867,60,0.7693506493506492,0.8,0.8,recorded,3,4,plus_placement,rf,1275,5241,68d0e5f-dirty
Subject226,30,0.6603174603174602,0.7333333333333333,0.7333333333333333,new,3,8,none,rf,2630,0,68d0e5f-dirty
Subject354,60,0.8617604617604617,0.8833333333333333,0.8833333333333333,new,3,8,none,rf,2630,0,68d0e5f-dirty
Subject376,60,0.731478369125428,0.7666666666666667,0.7666666666666667,new,3,8,none,rf,2630,0,68d0e5f-dirty
Subject424,60,0.7928774928774929,0.8166666666666667,0.8166666666666667,new,3,8,none,rf,2630,0,68d0e5f-dirty
Subject729,60,0.9664021164021165,0.9666666666666667,0.9666666666666667,new,3,8,none,rf,2630,0,68d0e5f-dirty
Subject969,30,0.8755555555555555,0.9,0.9,new,3,8,none,rf,2630,0,68d0e5f-dirty
Subject352,30,0.9111111111111111,0.9333333333333333,0.9333333333333333,recorded,3,8,none,rf,2630,0,68d0e5f-dirty
Subject561,60,0.8707070707070709,0.8833333333333333,0.8833333333333333,recorded,3,8,none,rf,2630,0,68d0e5f-dirty
Subject571,30,1.0,1.0,1.0,recorded,3,8,none,rf,2630,0,68d0e5f-dirty
Subject731,30,1.0,1.0,1.0,recorded,3,8,none,rf,2630,0,68d0e5f-dirty
Subject741,60,0.8920634920634921,0.9,0.9,recorded,3,8,none,rf,2630,0,68d0e5f-dirty
Subject867,60,0.8463684463684463,0.8666666666666667,0.8666666666666667,recorded,3,8,none,rf,2630,0,68d0e5f-dirty
Subject877,60,0.9475132275132275,0.95,0.95,recorded,3,8,none,rf,2630,0,68d0e5f-dirty
Subject890,30,0.9644444444444444,0.9666666666666667,0.9666666666666667,recorded,3,8,none,rf,2630,0,68d0e5f-dirty
Subject226,30,0.6222222222222222,0.6666666666666666,0.6666666666666666,new,3,8,tempo_intensity,rf,2630,10756,68d0e5f-dirty
Subject354,60,0.8444444444444444,0.8666666666666667,0.8666666666666667,new,3,8,tempo_intensity,rf,2630,10756,68d0e5f-dirty
Subject376,60,0.7645502645502645,0.8,0.8,new,3,8,tempo_intensity,rf,2630,10756,68d0e5f-dirty
Subject424,60,0.7415873015873017,0.7666666666666667,0.7666666666666667,new,3,8,tempo_intensity,rf,2630,10756,68d0e5f-dirty
Subject729,60,0.9056613756613757,0.9166666666666666,0.9166666666666666,new,3,8,tempo_intensity,rf,2630,10756,68d0e5f-dirty
Subject969,30,0.8755555555555555,0.9,0.9,new,3,8,tempo_intensity,rf,2630,10756,68d0e5f-dirty
Subject352,30,0.8177777777777777,0.8666666666666667,0.8666666666666667,recorded,3,8,tempo_intensity,rf,2630,10756,68d0e5f-dirty
Subject561,60,0.9830687830687831,0.9833333333333333,0.9833333333333333,recorded,3,8,tempo_intensity,rf,2630,10756,68d0e5f-dirty
Subject571,30,0.9288888888888888,0.9333333333333333,0.9333333333333333,recorded,3,8,tempo_intensity,rf,2630,10756,68d0e5f-dirty
Subject731,30,1.0,1.0,1.0,recorded,3,8,tempo_intensity,rf,2630,10756,68d0e5f-dirty
Subject741,60,0.9305820105820107,0.9333333333333333,0.9333333333333333,recorded,3,8,tempo_intensity,rf,2630,10756,68d0e5f-dirty
Subject867,60,0.8275132275132274,0.85,0.85,recorded,3,8,tempo_intensity,rf,2630,10756,68d0e5f-dirty
Subject877,60,0.9475132275132275,0.95,0.95,recorded,3,8,tempo_intensity,rf,2630,10756,68d0e5f-dirty
Subject890,30,0.9288888888888888,0.9333333333333333,0.9333333333333333,recorded,3,8,tempo_intensity,rf,2630,10756,68d0e5f-dirty
Subject226,30,0.6999999999999998,0.7666666666666667,0.7666666666666667,new,3,8,plus_placement,rf,2630,10589,68d0e5f-dirty
Subject354,60,0.8781144781144781,0.9,0.9,new,3,8,plus_placement,rf,2630,10589,68d0e5f-dirty
Subject376,60,0.7592592592592593,0.8,0.8,new,3,8,plus_placement,rf,2630,10589,68d0e5f-dirty
Subject424,60,0.8444118844118844,0.85,0.85,new,3,8,plus_placement,rf,2630,10589,68d0e5f-dirty
Subject729,60,0.9830687830687831,0.9833333333333333,0.9833333333333333,new,3,8,plus_placement,rf,2630,10589,68d0e5f-dirty
Subject969,30,0.8222222222222222,0.8666666666666667,0.8666666666666667,new,3,8,plus_placement,rf,2630,10589,68d0e5f-dirty
Subject352,30,0.9111111111111111,0.9333333333333333,0.9333333333333333,recorded,3,8,plus_placement,rf,2630,10589,68d0e5f-dirty
Subject561,60,0.9644444444444444,0.9666666666666667,0.9666666666666667,recorded,3,8,plus_placement,rf,2630,10589,68d0e5f-dirty
Subject571,30,1.0,1.0,1.0,recorded,3,8,plus_placement,rf,2630,10589,68d0e5f-dirty
Subject731,30,1.0,1.0,1.0,recorded,3,8,plus_placement,rf,2630,10589,68d0e5f-dirty
Subject741,60,0.9312169312169313,0.9333333333333333,0.9333333333333333,recorded,3,8,plus_placement,rf,2630,10589,68d0e5f-dirty
Subject867,60,0.8632996632996632,0.8833333333333333,0.8833333333333333,recorded,3,8,plus_placement,rf,2630,10589,68d0e5f-dirty
Subject877,60,0.9661375661375662,0.9666666666666667,0.9666666666666667,recorded,3,8,plus_placement,rf,2630,10589,68d0e5f-dirty
Subject890,30,1.0,1.0,1.0,recorded,3,8,plus_placement,rf,2630,10589,68d0e5f-dirty
Subject226,30,0.6999999999999998,0.7666666666666667,0.7666666666666667,new,3,17,none,rf,5237,0,68d0e5f-dirty
Subject354,60,0.9664021164021165,0.9666666666666667,0.9666666666666667,new,3,17,none,rf,5237,0,68d0e5f-dirty
Subject376,60,0.7977777777777777,0.8166666666666667,0.8166666666666667,new,3,17,none,rf,5237,0,68d0e5f-dirty
Subject424,60,0.8286243386243387,0.85,0.85,new,3,17,none,rf,5237,0,68d0e5f-dirty
Subject729,60,0.9664021164021165,0.9666666666666667,0.9666666666666667,new,3,17,none,rf,5237,0,68d0e5f-dirty
Subject969,30,0.6933333333333334,0.7333333333333333,0.7333333333333333,new,3,17,none,rf,5237,0,68d0e5f-dirty
Subject139,60,0.9830687830687831,0.9833333333333333,0.9833333333333333,recorded,3,17,none,rf,5237,0,68d0e5f-dirty
Subject147,31,0.8444444444444446,0.8666666666666667,0.8709677419354839,recorded,3,17,none,rf,5237,0,68d0e5f-dirty
Subject352,30,0.9111111111111111,0.9333333333333333,0.9333333333333333,recorded,3,17,none,rf,5237,0,68d0e5f-dirty
Subject353,60,0.81007215007215,0.8166666666666667,0.8166666666666667,recorded,3,17,none,rf,5237,0,68d0e5f-dirty
Subject455,60,1.0,1.0,1.0,recorded,3,17,none,rf,5237,0,68d0e5f-dirty
Subject494,60,0.8782743182743183,0.8833333333333333,0.8833333333333333,recorded,3,17,none,rf,5237,0,68d0e5f-dirty
Subject516,30,0.8711111111111111,0.9,0.9,recorded,3,17,none,rf,5237,0,68d0e5f-dirty
Subject561,60,0.8836363636363637,0.9,0.9,recorded,3,17,none,rf,5237,0,68d0e5f-dirty
Subject571,30,1.0,1.0,1.0,recorded,3,17,none,rf,5237,0,68d0e5f-dirty
Subject580,90,0.853062493062493,0.8555555555555555,0.8555555555555555,recorded,3,17,none,rf,5237,0,68d0e5f-dirty
Subject611,60,0.9644444444444444,0.9666666666666667,0.9666666666666667,recorded,3,17,none,rf,5237,0,68d0e5f-dirty
Subject731,30,1.0,1.0,1.0,recorded,3,17,none,rf,5237,0,68d0e5f-dirty
Subject741,60,0.9125925925925925,0.9166666666666666,0.9166666666666666,recorded,3,17,none,rf,5237,0,68d0e5f-dirty
Subject819,60,0.9475132275132275,0.95,0.95,recorded,3,17,none,rf,5237,0,68d0e5f-dirty
Subject867,60,0.8711111111111111,0.8833333333333333,0.8833333333333333,recorded,3,17,none,rf,5237,0,68d0e5f-dirty
Subject877,60,1.0,1.0,1.0,recorded,3,17,none,rf,5237,0,68d0e5f-dirty
Subject890,30,1.0,1.0,1.0,recorded,3,17,none,rf,5237,0,68d0e5f-dirty
Subject226,30,0.7866666666666666,0.8333333333333334,0.8333333333333334,new,3,17,tempo_intensity,rf,5237,21293,68d0e5f-dirty
Subject354,60,0.9259259259259258,0.9333333333333333,0.9333333333333333,new,3,17,tempo_intensity,rf,5237,21293,68d0e5f-dirty
Subject376,60,0.7875132275132274,0.8166666666666667,0.8166666666666667,new,3,17,tempo_intensity,rf,5237,21293,68d0e5f-dirty
Subject424,60,0.8016931216931217,0.8333333333333334,0.8333333333333334,new,3,17,tempo_intensity,rf,5237,21293,68d0e5f-dirty
Subject729,60,0.9664021164021165,0.9666666666666667,0.9666666666666667,new,3,17,tempo_intensity,rf,5237,21293,68d0e5f-dirty
Subject969,30,0.7666666666666667,0.8,0.8,new,3,17,tempo_intensity,rf,5237,21293,68d0e5f-dirty
Subject139,60,1.0,1.0,1.0,recorded,3,17,tempo_intensity,rf,5237,21293,68d0e5f-dirty
Subject147,31,0.8800000000000001,0.9,0.9032258064516129,recorded,3,17,tempo_intensity,rf,5237,21293,68d0e5f-dirty
Subject352,30,0.9111111111111111,0.9333333333333333,0.9333333333333333,recorded,3,17,tempo_intensity,rf,5237,21293,68d0e5f-dirty
Subject353,60,0.8086580086580086,0.8166666666666667,0.8166666666666667,recorded,3,17,tempo_intensity,rf,5237,21293,68d0e5f-dirty
Subject455,60,1.0,1.0,1.0,recorded,3,17,tempo_intensity,rf,5237,21293,68d0e5f-dirty
Subject494,60,0.8786243386243388,0.8833333333333333,0.8833333333333333,recorded,3,17,tempo_intensity,rf,5237,21293,68d0e5f-dirty
Subject516,30,0.8400000000000001,0.8666666666666667,0.8666666666666667,recorded,3,17,tempo_intensity,rf,5237,21293,68d0e5f-dirty
Subject561,60,0.9316402116402116,0.9333333333333333,0.9333333333333333,recorded,3,17,tempo_intensity,rf,5237,21293,68d0e5f-dirty
Subject571,30,1.0,1.0,1.0,recorded,3,17,tempo_intensity,rf,5237,21293,68d0e5f-dirty
Subject580,90,0.84998112998113,0.8555555555555556,0.8555555555555555,recorded,3,17,tempo_intensity,rf,5237,21293,68d0e5f-dirty
Subject611,60,0.9644444444444444,0.9666666666666667,0.9666666666666667,recorded,3,17,tempo_intensity,rf,5237,21293,68d0e5f-dirty
Subject731,30,0.9644444444444444,0.9666666666666667,0.9666666666666667,recorded,3,17,tempo_intensity,rf,5237,21293,68d0e5f-dirty
Subject741,60,0.9153439153439155,0.9166666666666666,0.9166666666666666,recorded,3,17,tempo_intensity,rf,5237,21293,68d0e5f-dirty
Subject819,60,0.8941798941798942,0.9166666666666666,0.9166666666666666,recorded,3,17,tempo_intensity,rf,5237,21293,68d0e5f-dirty
Subject867,60,0.8918181818181818,0.9,0.9,recorded,3,17,tempo_intensity,rf,5237,21293,68d0e5f-dirty
Subject877,60,1.0,1.0,1.0,recorded,3,17,tempo_intensity,rf,5237,21293,68d0e5f-dirty
Subject890,30,0.9644444444444444,0.9666666666666667,0.9666666666666667,recorded,3,17,tempo_intensity,rf,5237,21293,68d0e5f-dirty
Subject226,30,0.6603174603174602,0.7333333333333333,0.7333333333333333,new,3,17,plus_placement,rf,5237,21232,68d0e5f-dirty
Subject354,60,0.8956228956228957,0.9166666666666666,0.9166666666666666,new,3,17,plus_placement,rf,5237,21232,68d0e5f-dirty
Subject376,60,0.7982539682539683,0.8166666666666667,0.8166666666666667,new,3,17,plus_placement,rf,5237,21232,68d0e5f-dirty
Subject424,60,0.8186243386243387,0.85,0.85,new,3,17,plus_placement,rf,5237,21232,68d0e5f-dirty
Subject729,60,0.9664021164021165,0.9666666666666667,0.9666666666666667,new,3,17,plus_placement,rf,5237,21232,68d0e5f-dirty
Subject969,30,0.7666666666666667,0.8,0.8,new,3,17,plus_placement,rf,5237,21232,68d0e5f-dirty
Subject139,60,0.9644444444444444,0.9666666666666667,0.9666666666666667,recorded,3,17,plus_placement,rf,5237,21232,68d0e5f-dirty
Subject147,31,0.8444444444444444,0.8666666666666667,0.8709677419354839,recorded,3,17,plus_placement,rf,5237,21232,68d0e5f-dirty
Subject352,30,0.9111111111111111,0.9333333333333333,0.9333333333333333,recorded,3,17,plus_placement,rf,5237,21232,68d0e5f-dirty
Subject353,60,0.8580086580086579,0.8666666666666667,0.8666666666666667,recorded,3,17,plus_placement,rf,5237,21232,68d0e5f-dirty
Subject455,60,1.0,1.0,1.0,recorded,3,17,plus_placement,rf,5237,21232,68d0e5f-dirty
Subject494,60,0.9475132275132275,0.95,0.95,recorded,3,17,plus_placement,rf,5237,21232,68d0e5f-dirty
Subject516,30,0.8400000000000001,0.8666666666666667,0.8666666666666667,recorded,3,17,plus_placement,rf,5237,21232,68d0e5f-dirty
Subject561,60,0.9288888888888888,0.9333333333333333,0.9333333333333333,recorded,3,17,plus_placement,rf,5237,21232,68d0e5f-dirty
Subject571,30,1.0,1.0,1.0,recorded,3,17,plus_placement,rf,5237,21232,68d0e5f-dirty
Subject580,90,0.8505775705775704,0.8555555555555556,0.8555555555555555,recorded,3,17,plus_placement,rf,5237,21232,68d0e5f-dirty
Subject611,60,0.9644444444444444,0.9666666666666667,0.9666666666666667,recorded,3,17,plus_placement,rf,5237,21232,68d0e5f-dirty
Subject731,30,0.9644444444444444,0.9666666666666667,0.9666666666666667,recorded,3,17,plus_placement,rf,5237,21232,68d0e5f-dirty
Subject741,60,0.8968253968253969,0.9,0.9,recorded,3,17,plus_placement,rf,5237,21232,68d0e5f-dirty
Subject819,60,0.924886964886965,0.9333333333333333,0.9333333333333333,recorded,3,17,plus_placement,rf,5237,21232,68d0e5f-dirty
Subject867,60,0.8918181818181818,0.9,0.9,recorded,3,17,plus_placement,rf,5237,21232,68d0e5f-dirty
Subject877,60,1.0,1.0,1.0,recorded,3,17,plus_placement,rf,5237,21232,68d0e5f-dirty
Subject890,30,0.9644444444444444,0.9666666666666667,0.9666666666666667,recorded,3,17,plus_placement,rf,5237,21232,68d0e5f-dirty
Subject424,60,0.4771428571428571,0.5333333333333333,0.5333333333333333,new,4,2,none,rf,639,0,68d0e5f-dirty
Subject455,60,0.8086243386243387,0.8333333333333334,0.8333333333333334,new,4,2,none,rf,639,0,68d0e5f-dirty
Subject561,60,0.5117327117327117,0.6,0.6,new,4,2,none,rf,639,0,68d0e5f-dirty
Subject571,30,0.6933333333333334,0.7666666666666667,0.7666666666666667,new,4,2,none,rf,639,0,68d0e5f-dirty
Subject741,60,0.6556998556998558,0.7,0.7,new,4,2,none,rf,639,0,68d0e5f-dirty
Subject819,60,0.6393314093314094,0.65,0.65,new,4,2,none,rf,639,0,68d0e5f-dirty
Subject353,60,0.7905483405483406,0.8166666666666667,0.8166666666666667,recorded,4,2,none,rf,639,0,68d0e5f-dirty
Subject731,30,0.8933333333333333,0.9,0.9,recorded,4,2,none,rf,639,0,68d0e5f-dirty
Subject424,60,0.4908413808413809,0.5666666666666667,0.5666666666666667,new,4,2,tempo_intensity,rf,639,2597,68d0e5f-dirty
Subject455,60,0.8038095238095238,0.8333333333333334,0.8333333333333334,new,4,2,tempo_intensity,rf,639,2597,68d0e5f-dirty
Subject561,60,0.4910245310245311,0.5833333333333334,0.5833333333333334,new,4,2,tempo_intensity,rf,639,2597,68d0e5f-dirty
Subject571,30,0.5961904761904762,0.6666666666666666,0.6666666666666666,new,4,2,tempo_intensity,rf,639,2597,68d0e5f-dirty
Subject741,60,0.6201443001443002,0.6666666666666666,0.6666666666666666,new,4,2,tempo_intensity,rf,639,2597,68d0e5f-dirty
Subject819,60,0.6290679690679692,0.6666666666666666,0.6666666666666666,new,4,2,tempo_intensity,rf,639,2597,68d0e5f-dirty
Subject353,60,0.7609390609390609,0.7833333333333333,0.7833333333333333,recorded,4,2,tempo_intensity,rf,639,2597,68d0e5f-dirty
Subject731,30,0.7088888888888889,0.7666666666666667,0.7666666666666667,recorded,4,2,tempo_intensity,rf,639,2597,68d0e5f-dirty
Subject424,60,0.45864357864357863,0.5333333333333333,0.5333333333333333,new,4,2,plus_placement,rf,639,2574,68d0e5f-dirty
Subject455,60,0.8455218855218856,0.8666666666666667,0.8666666666666667,new,4,2,plus_placement,rf,639,2574,68d0e5f-dirty
Subject561,60,0.5611832611832611,0.6333333333333333,0.6333333333333333,new,4,2,plus_placement,rf,639,2574,68d0e5f-dirty
Subject571,30,0.6047619047619047,0.6666666666666666,0.6666666666666666,new,4,2,plus_placement,rf,639,2574,68d0e5f-dirty
Subject741,60,0.5742163718634307,0.6333333333333333,0.6333333333333333,new,4,2,plus_placement,rf,639,2574,68d0e5f-dirty
Subject819,60,0.6040944240944242,0.65,0.65,new,4,2,plus_placement,rf,639,2574,68d0e5f-dirty
Subject353,60,0.7118925518925519,0.75,0.75,recorded,4,2,plus_placement,rf,639,2574,68d0e5f-dirty
Subject731,30,0.7866666666666666,0.8333333333333334,0.8333333333333334,recorded,4,2,plus_placement,rf,639,2574,68d0e5f-dirty
Subject424,60,0.7639153439153439,0.8,0.8,new,4,4,none,rf,1112,0,68d0e5f-dirty
Subject455,60,0.7062049062049063,0.75,0.75,new,4,4,none,rf,1112,0,68d0e5f-dirty
Subject561,60,0.6126984126984126,0.6666666666666666,0.6666666666666666,new,4,4,none,rf,1112,0,68d0e5f-dirty
Subject571,30,0.7866666666666667,0.8333333333333334,0.8333333333333334,new,4,4,none,rf,1112,0,68d0e5f-dirty
Subject741,60,0.8185917785917787,0.8333333333333334,0.8333333333333334,new,4,4,none,rf,1112,0,68d0e5f-dirty
Subject819,60,0.6661945461945462,0.7,0.7,new,4,4,none,rf,1112,0,68d0e5f-dirty
Subject353,60,0.8354497354497354,0.85,0.85,recorded,4,4,none,rf,1112,0,68d0e5f-dirty
Subject376,60,0.8266341066341066,0.85,0.85,recorded,4,4,none,rf,1112,0,68d0e5f-dirty
Subject494,60,0.9248869648869648,0.9333333333333333,0.9333333333333333,recorded,4,4,none,rf,1112,0,68d0e5f-dirty
Subject731,30,0.7025396825396826,0.7666666666666667,0.7666666666666667,recorded,4,4,none,rf,1112,0,68d0e5f-dirty
Subject424,60,0.7215873015873017,0.7666666666666667,0.7666666666666667,new,4,4,tempo_intensity,rf,1112,4516,68d0e5f-dirty
Subject455,60,0.7231361231361232,0.7666666666666667,0.7666666666666667,new,4,4,tempo_intensity,rf,1112,4516,68d0e5f-dirty
Subject561,60,0.6244200244200243,0.6833333333333333,0.6833333333333333,new,4,4,tempo_intensity,rf,1112,4516,68d0e5f-dirty
Subject571,30,0.7333333333333333,0.8,0.8,new,4,4,tempo_intensity,rf,1112,4516,68d0e5f-dirty
Subject741,60,0.7882214082214083,0.8,0.8,new,4,4,tempo_intensity,rf,1112,4516,68d0e5f-dirty
Subject819,60,0.6801953601953603,0.7166666666666667,0.7166666666666667,new,4,4,tempo_intensity,rf,1112,4516,68d0e5f-dirty
Subject353,60,0.826031746031746,0.8333333333333334,0.8333333333333334,recorded,4,4,tempo_intensity,rf,1112,4516,68d0e5f-dirty
Subject376,60,0.83005291005291,0.85,0.85,recorded,4,4,tempo_intensity,rf,1112,4516,68d0e5f-dirty
Subject494,60,0.9248869648869648,0.9333333333333333,0.9333333333333333,recorded,4,4,tempo_intensity,rf,1112,4516,68d0e5f-dirty
Subject731,30,0.758095238095238,0.8,0.8,recorded,4,4,tempo_intensity,rf,1112,4516,68d0e5f-dirty
Subject424,60,0.7639153439153439,0.8,0.8,new,4,4,plus_placement,rf,1112,4486,68d0e5f-dirty
Subject455,60,0.7551515151515152,0.7833333333333333,0.7833333333333333,new,4,4,plus_placement,rf,1112,4486,68d0e5f-dirty
Subject561,60,0.673015873015873,0.7333333333333333,0.7333333333333333,new,4,4,plus_placement,rf,1112,4486,68d0e5f-dirty
Subject571,30,0.8399999999999999,0.8666666666666667,0.8666666666666667,new,4,4,plus_placement,rf,1112,4486,68d0e5f-dirty
Subject741,60,0.7551189551189552,0.7666666666666667,0.7666666666666667,new,4,4,plus_placement,rf,1112,4486,68d0e5f-dirty
Subject819,60,0.6577644577644577,0.6833333333333333,0.6833333333333333,new,4,4,plus_placement,rf,1112,4486,68d0e5f-dirty
Subject353,60,0.851933251933252,0.8666666666666667,0.8666666666666667,recorded,4,4,plus_placement,rf,1112,4486,68d0e5f-dirty
Subject376,60,0.7994708994708994,0.8333333333333334,0.8333333333333334,recorded,4,4,plus_placement,rf,1112,4486,68d0e5f-dirty
Subject494,60,0.907955747955748,0.9166666666666666,0.9166666666666666,recorded,4,4,plus_placement,rf,1112,4486,68d0e5f-dirty
Subject731,30,0.84,0.8666666666666667,0.8666666666666667,recorded,4,4,plus_placement,rf,1112,4486,68d0e5f-dirty
Subject424,60,0.7994708994708994,0.8333333333333334,0.8333333333333334,new,4,8,none,rf,2413,0,68d0e5f-dirty
Subject455,60,0.8374410774410775,0.8666666666666667,0.8666666666666667,new,4,8,none,rf,2413,0,68d0e5f-dirty
Subject561,60,0.6718903318903319,0.7166666666666667,0.7166666666666667,new,4,8,none,rf,2413,0,68d0e5f-dirty
Subject571,30,0.8400000000000001,0.8666666666666667,0.8666666666666667,new,4,8,none,rf,2413,0,68d0e5f-dirty
Subject741,60,0.8855218855218855,0.8833333333333333,0.8833333333333333,new,4,8,none,rf,2413,0,68d0e5f-dirty
Subject819,60,0.8630687830687831,0.8833333333333333,0.8833333333333333,new,4,8,none,rf,2413,0,68d0e5f-dirty
Subject226,30,0.9644444444444444,0.9666666666666667,0.9666666666666667,recorded,4,8,none,rf,2413,0,68d0e5f-dirty
Subject352,30,0.9311111111111111,0.9333333333333333,0.9333333333333333,recorded,4,8,none,rf,2413,0,68d0e5f-dirty
Subject353,60,0.8456084656084656,0.85,0.85,recorded,4,8,none,rf,2413,0,68d0e5f-dirty
Subject354,60,0.962962962962963,0.9666666666666667,0.9666666666666667,recorded,4,8,none,rf,2413,0,68d0e5f-dirty
Subject376,60,0.8656084656084656,0.8833333333333333,0.8833333333333333,recorded,4,8,none,rf,2413,0,68d0e5f-dirty
Subject494,60,0.9316402116402116,0.9333333333333333,0.9333333333333333,recorded,4,8,none,rf,2413,0,68d0e5f-dirty
Subject731,30,0.9644444444444444,0.9666666666666667,0.9666666666666667,recorded,4,8,none,rf,2413,0,68d0e5f-dirty
Subject877,60,0.9492063492063493,0.95,0.95,recorded,4,8,none,rf,2413,0,68d0e5f-dirty
Subject424,60,0.7825396825396825,0.8166666666666667,0.8166666666666667,new,4,8,tempo_intensity,rf,2413,9847,68d0e5f-dirty
Subject455,60,0.8374410774410775,0.8666666666666667,0.8666666666666667,new,4,8,tempo_intensity,rf,2413,9847,68d0e5f-dirty
Subject561,60,0.7311111111111112,0.7666666666666667,0.7666666666666667,new,4,8,tempo_intensity,rf,2413,9847,68d0e5f-dirty
Subject571,30,0.8114285714285714,0.8333333333333334,0.8333333333333334,new,4,8,tempo_intensity,rf,2413,9847,68d0e5f-dirty
Subject741,60,0.884021164021164,0.8833333333333333,0.8833333333333333,new,4,8,tempo_intensity,rf,2413,9847,68d0e5f-dirty
Subject819,60,0.7265416065416066,0.7666666666666667,0.7666666666666667,new,4,8,tempo_intensity,rf,2413,9847,68d0e5f-dirty
Subject226,30,0.9644444444444444,0.9666666666666667,0.9666666666666667,recorded,4,8,tempo_intensity,rf,2413,9847,68d0e5f-dirty
Subject352,30,0.9111111111111111,0.9333333333333333,0.9333333333333333,recorded,4,8,tempo_intensity,rf,2413,9847,68d0e5f-dirty
Subject353,60,0.8952055352055353,0.9,0.9,recorded,4,8,tempo_intensity,rf,2413,9847,68d0e5f-dirty
Subject354,60,0.9644444444444444,0.9666666666666667,0.9666666666666667,recorded,4,8,tempo_intensity,rf,2413,9847,68d0e5f-dirty
Subject376,60,0.8812372812372813,0.9,0.9,recorded,4,8,tempo_intensity,rf,2413,9847,68d0e5f-dirty
Subject494,60,0.9485714285714286,0.95,0.95,recorded,4,8,tempo_intensity,rf,2413,9847,68d0e5f-dirty
Subject731,30,0.9644444444444444,0.9666666666666667,0.9666666666666667,recorded,4,8,tempo_intensity,rf,2413,9847,68d0e5f-dirty
Subject877,60,0.9492063492063493,0.95,0.95,recorded,4,8,tempo_intensity,rf,2413,9847,68d0e5f-dirty
Subject424,60,0.8380952380952381,0.8666666666666667,0.8666666666666667,new,4,8,plus_placement,rf,2413,9780,68d0e5f-dirty
Subject455,60,0.7828956228956229,0.8166666666666667,0.8166666666666667,new,4,8,plus_placement,rf,2413,9780,68d0e5f-dirty
Subject561,60,0.7083982683982685,0.75,0.75,new,4,8,plus_placement,rf,2413,9780,68d0e5f-dirty
Subject571,30,0.9111111111111111,0.9333333333333333,0.9333333333333333,new,4,8,plus_placement,rf,2413,9780,68d0e5f-dirty
Subject741,60,0.895064935064935,0.9,0.9,new,4,8,plus_placement,rf,2413,9780,68d0e5f-dirty
Subject819,60,0.8586243386243386,0.8833333333333333,0.8833333333333333,new,4,8,plus_placement,rf,2413,9780,68d0e5f-dirty
Subject226,30,0.9333333333333332,0.9333333333333333,0.9333333333333333,recorded,4,8,plus_placement,rf,2413,9780,68d0e5f-dirty
Subject352,30,0.9644444444444444,0.9666666666666667,0.9666666666666667,recorded,4,8,plus_placement,rf,2413,9780,68d0e5f-dirty
Subject353,60,0.8994708994708993,0.9,0.9,recorded,4,8,plus_placement,rf,2413,9780,68d0e5f-dirty
Subject354,60,0.9111111111111111,0.9333333333333333,0.9333333333333333,recorded,4,8,plus_placement,rf,2413,9780,68d0e5f-dirty
Subject376,60,0.8622222222222222,0.8833333333333333,0.8833333333333333,recorded,4,8,plus_placement,rf,2413,9780,68d0e5f-dirty
Subject494,60,0.9322751322751323,0.9333333333333333,0.9333333333333333,recorded,4,8,plus_placement,rf,2413,9780,68d0e5f-dirty
Subject731,30,1.0,1.0,1.0,recorded,4,8,plus_placement,rf,2413,9780,68d0e5f-dirty
Subject877,60,0.9661375661375662,0.9666666666666667,0.9666666666666667,recorded,4,8,plus_placement,rf,2413,9780,68d0e5f-dirty
Subject424,60,0.8164021164021165,0.85,0.85,new,4,17,none,rf,5216,0,68d0e5f-dirty
Subject455,60,0.8786916786916787,0.9,0.9,new,4,17,none,rf,5216,0,68d0e5f-dirty
Subject561,60,0.7517652717652719,0.7833333333333333,0.7833333333333333,new,4,17,none,rf,5216,0,68d0e5f-dirty
Subject571,30,0.8977777777777777,0.9,0.9,new,4,17,none,rf,5216,0,68d0e5f-dirty
Subject741,60,0.8749206349206349,0.8833333333333333,0.8833333333333333,new,4,17,none,rf,5216,0,68d0e5f-dirty
Subject819,60,0.8489417989417988,0.8666666666666667,0.8666666666666667,new,4,17,none,rf,5216,0,68d0e5f-dirty
Subject139,60,0.924886964886965,0.9333333333333333,0.9333333333333333,recorded,4,17,none,rf,5216,0,68d0e5f-dirty
Subject147,31,0.9644444444444444,0.9666666666666667,0.967741935483871,recorded,4,17,none,rf,5216,0,68d0e5f-dirty
Subject226,30,0.8755555555555555,0.9,0.9,recorded,4,17,none,rf,5216,0,68d0e5f-dirty
Subject352,30,0.8955555555555554,0.9,0.9,recorded,4,17,none,rf,5216,0,68d0e5f-dirty
Subject353,60,0.8121885521885521,0.8333333333333334,0.8333333333333334,recorded,4,17,none,rf,5216,0,68d0e5f-dirty
Subject354,60,0.9492063492063493,0.95,0.95,recorded,4,17,none,rf,5216,0,68d0e5f-dirty
Subject376,60,0.8825396825396825,0.9,0.9,recorded,4,17,none,rf,5216,0,68d0e5f-dirty
Subject494,60,0.8753439153439154,0.8833333333333333,0.8833333333333333,recorded,4,17,none,rf,5216,0,68d0e5f-dirty
Subject516,30,0.9288888888888889,0.9333333333333333,0.9333333333333333,recorded,4,17,none,rf,5216,0,68d0e5f-dirty
Subject580,90,0.8766951566951567,0.8888888888888888,0.8888888888888888,recorded,4,17,none,rf,5216,0,68d0e5f-dirty
Subject611,60,0.9661375661375663,0.9666666666666667,0.9666666666666667,recorded,4,17,none,rf,5216,0,68d0e5f-dirty
Subject729,60,1.0,1.0,1.0,recorded,4,17,none,rf,5216,0,68d0e5f-dirty
Subject731,30,1.0,1.0,1.0,recorded,4,17,none,rf,5216,0,68d0e5f-dirty
Subject867,60,0.8926984126984128,0.9,0.9,recorded,4,17,none,rf,5216,0,68d0e5f-dirty
Subject877,60,1.0,1.0,1.0,recorded,4,17,none,rf,5216,0,68d0e5f-dirty
Subject890,30,0.8755555555555555,0.9,0.9,recorded,4,17,none,rf,5216,0,68d0e5f-dirty
Subject969,30,0.8533333333333334,0.8666666666666667,0.8666666666666667,recorded,4,17,none,rf,5216,0,68d0e5f-dirty
Subject424,60,0.8333333333333334,0.8666666666666667,0.8666666666666667,new,4,17,tempo_intensity,rf,5216,21124,68d0e5f-dirty
Subject455,60,0.8438095238095239,0.8666666666666667,0.8666666666666667,new,4,17,tempo_intensity,rf,5216,21124,68d0e5f-dirty
Subject561,60,0.768167388167388,0.8,0.8,new,4,17,tempo_intensity,rf,5216,21124,68d0e5f-dirty
Subject571,30,0.8977777777777777,0.9,0.9,new,4,17,tempo_intensity,rf,5216,21124,68d0e5f-dirty
Subject741,60,0.8789610389610389,0.8833333333333333,0.8833333333333333,new,4,17,tempo_intensity,rf,5216,21124,68d0e5f-dirty
Subject819,60,0.8656084656084656,0.8833333333333333,0.8833333333333333,new,4,17,tempo_intensity,rf,5216,21124,68d0e5f-dirty
Subject139,60,0.9111111111111111,0.9333333333333333,0.9333333333333333,recorded,4,17,tempo_intensity,rf,5216,21124,68d0e5f-dirty
Subject147,31,0.9644444444444444,0.9666666666666667,0.967741935483871,recorded,4,17,tempo_intensity,rf,5216,21124,68d0e5f-dirty
Subject226,30,0.9333333333333332,0.9333333333333333,0.9333333333333333,recorded,4,17,tempo_intensity,rf,5216,21124,68d0e5f-dirty
Subject352,30,0.8888888888888888,0.9,0.9,recorded,4,17,tempo_intensity,rf,5216,21124,68d0e5f-dirty
Subject353,60,0.8641798941798942,0.8666666666666667,0.8666666666666667,recorded,4,17,tempo_intensity,rf,5216,21124,68d0e5f-dirty
Subject354,60,0.9661375661375662,0.9666666666666667,0.9666666666666667,recorded,4,17,tempo_intensity,rf,5216,21124,68d0e5f-dirty
Subject376,60,0.8622222222222222,0.8833333333333333,0.8833333333333333,recorded,4,17,tempo_intensity,rf,5216,21124,68d0e5f-dirty
Subject494,60,0.9104761904761904,0.9166666666666666,0.9166666666666666,recorded,4,17,tempo_intensity,rf,5216,21124,68d0e5f-dirty
Subject516,30,0.9333333333333333,0.9333333333333333,0.9333333333333333,recorded,4,17,tempo_intensity,rf,5216,21124,68d0e5f-dirty
Subject580,90,0.9040085840085841,0.9111111111111111,0.9111111111111111,recorded,4,17,tempo_intensity,rf,5216,21124,68d0e5f-dirty
Subject611,60,0.9475132275132275,0.95,0.95,recorded,4,17,tempo_intensity,rf,5216,21124,68d0e5f-dirty
Subject729,60,1.0,1.0,1.0,recorded,4,17,tempo_intensity,rf,5216,21124,68d0e5f-dirty
Subject731,30,1.0,1.0,1.0,recorded,4,17,tempo_intensity,rf,5216,21124,68d0e5f-dirty
Subject867,60,0.8594901394901395,0.8666666666666667,0.8666666666666667,recorded,4,17,tempo_intensity,rf,5216,21124,68d0e5f-dirty
Subject877,60,1.0,1.0,1.0,recorded,4,17,tempo_intensity,rf,5216,21124,68d0e5f-dirty
Subject890,30,1.0,1.0,1.0,recorded,4,17,tempo_intensity,rf,5216,21124,68d0e5f-dirty
Subject969,30,0.8800000000000001,0.9,0.9,recorded,4,17,tempo_intensity,rf,5216,21124,68d0e5f-dirty
Subject424,60,0.8164021164021165,0.85,0.85,new,4,17,plus_placement,rf,5216,21249,68d0e5f-dirty
Subject455,60,0.9111111111111111,0.9333333333333333,0.9333333333333333,new,4,17,plus_placement,rf,5216,21249,68d0e5f-dirty
Subject561,60,0.7517652717652719,0.7833333333333333,0.7833333333333333,new,4,17,plus_placement,rf,5216,21249,68d0e5f-dirty
Subject571,30,0.9288888888888888,0.9333333333333333,0.9333333333333333,new,4,17,plus_placement,rf,5216,21249,68d0e5f-dirty
Subject741,60,0.9089947089947089,0.9166666666666666,0.9166666666666666,new,4,17,plus_placement,rf,5216,21249,68d0e5f-dirty
Subject819,60,0.8941798941798942,0.9166666666666666,0.9166666666666666,new,4,17,plus_placement,rf,5216,21249,68d0e5f-dirty
Subject139,60,0.9661375661375663,0.9666666666666667,0.9666666666666667,recorded,4,17,plus_placement,rf,5216,21249,68d0e5f-dirty
Subject147,31,0.9311111111111111,0.9333333333333333,0.9354838709677419,recorded,4,17,plus_placement,rf,5216,21249,68d0e5f-dirty
Subject226,30,0.9333333333333332,0.9333333333333333,0.9333333333333333,recorded,4,17,plus_placement,rf,5216,21249,68d0e5f-dirty
Subject352,30,0.9644444444444444,0.9666666666666667,0.9666666666666667,recorded,4,17,plus_placement,rf,5216,21249,68d0e5f-dirty
Subject353,60,0.901972101972102,0.9,0.9,recorded,4,17,plus_placement,rf,5216,21249,68d0e5f-dirty
Subject354,60,0.9661375661375662,0.9666666666666667,0.9666666666666667,recorded,4,17,plus_placement,rf,5216,21249,68d0e5f-dirty
Subject376,60,0.8981684981684982,0.9166666666666666,0.9166666666666666,recorded,4,17,plus_placement,rf,5216,21249,68d0e5f-dirty
Subject494,60,0.9306878306878307,0.9333333333333333,0.9333333333333333,recorded,4,17,plus_placement,rf,5216,21249,68d0e5f-dirty
Subject516,30,0.9644444444444444,0.9666666666666667,0.9666666666666667,recorded,4,17,plus_placement,rf,5216,21249,68d0e5f-dirty
Subject580,90,0.9199866799866799,0.9222222222222224,0.9222222222222223,recorded,4,17,plus_placement,rf,5216,21249,68d0e5f-dirty
Subject611,60,1.0,1.0,1.0,recorded,4,17,plus_placement,rf,5216,21249,68d0e5f-dirty
Subject729,60,1.0,1.0,1.0,recorded,4,17,plus_placement,rf,5216,21249,68d0e5f-dirty
Subject731,30,1.0,1.0,1.0,recorded,4,17,plus_placement,rf,5216,21249,68d0e5f-dirty
Subject867,60,0.8579557479557479,0.8666666666666667,0.8666666666666667,recorded,4,17,plus_placement,rf,5216,21249,68d0e5f-dirty
Subject877,60,1.0,1.0,1.0,recorded,4,17,plus_placement,rf,5216,21249,68d0e5f-dirty
Subject890,30,1.0,1.0,1.0,recorded,4,17,plus_placement,rf,5216,21249,68d0e5f-dirty
Subject969,30,0.9111111111111111,0.9333333333333333,0.9333333333333333,recorded,4,17,plus_placement,rf,5216,21249,68d0e5f-dirty
Subject226,30,0.5533333333333332,0.6,0.6,new,5,2,none,rf,740,0,68d0e5f-dirty
Subject424,60,0.49222222222222217,0.55,0.55,new,5,2,none,rf,740,0,68d0e5f-dirty
Subject580,90,0.634063159063159,0.6444444444444444,0.6444444444444445,new,5,2,none,rf,740,0,68d0e5f-dirty
Subject819,60,0.722930402930403,0.75,0.75,new,5,2,none,rf,740,0,68d0e5f-dirty
Subject877,60,0.7172486772486774,0.7333333333333333,0.7333333333333333,new,5,2,none,rf,740,0,68d0e5f-dirty
Subject890,30,0.5425396825396825,0.6333333333333333,0.6333333333333333,new,5,2,none,rf,740,0,68d0e5f-dirty
Subject352,30,0.9644444444444444,0.9666666666666667,0.9666666666666667,recorded,5,2,none,rf,740,0,68d0e5f-dirty
Subject731,30,0.846984126984127,0.8666666666666667,0.8666666666666667,recorded,5,2,none,rf,740,0,68d0e5f-dirty
Subject226,30,0.5533333333333332,0.6,0.6,new,5,2,tempo_intensity,rf,740,3002,68d0e5f-dirty
Subject424,60,0.40115635997988935,0.48333333333333334,0.48333333333333334,new,5,2,tempo_intensity,rf,740,3002,68d0e5f-dirty
Subject580,90,0.7090442890442892,0.7222222222222222,0.7222222222222222,new,5,2,tempo_intensity,rf,740,3002,68d0e5f-dirty
Subject819,60,0.7167195767195768,0.75,0.75,new,5,2,tempo_intensity,rf,740,3002,68d0e5f-dirty
Subject877,60,0.6774277574277573,0.7,0.7,new,5,2,tempo_intensity,rf,740,3002,68d0e5f-dirty
Subject890,30,0.5473015873015873,0.6333333333333333,0.6333333333333333,new,5,2,tempo_intensity,rf,740,3002,68d0e5f-dirty
Subject352,30,1.0,1.0,1.0,recorded,5,2,tempo_intensity,rf,740,3002,68d0e5f-dirty
Subject731,30,0.8444444444444443,0.8666666666666667,0.8666666666666667,recorded,5,2,tempo_intensity,rf,740,3002,68d0e5f-dirty
Subject226,30,0.5955555555555556,0.6333333333333333,0.6333333333333333,new,5,2,plus_placement,rf,740,2990,68d0e5f-dirty
Subject424,60,0.45137933961463367,0.5,0.5,new,5,2,plus_placement,rf,740,2990,68d0e5f-dirty
Subject580,90,0.6582165546871431,0.6777777777777778,0.6777777777777778,new,5,2,plus_placement,rf,740,2990,68d0e5f-dirty
Subject819,60,0.7431361231361232,0.7833333333333333,0.7833333333333333,new,5,2,plus_placement,rf,740,2990,68d0e5f-dirty
Subject877,60,0.6742953342953342,0.7,0.7,new,5,2,plus_placement,rf,740,2990,68d0e5f-dirty
Subject890,30,0.5492063492063491,0.6333333333333333,0.6333333333333333,new,5,2,plus_placement,rf,740,2990,68d0e5f-dirty
Subject352,30,1.0,1.0,1.0,recorded,5,2,plus_placement,rf,740,2990,68d0e5f-dirty
Subject731,30,0.8955555555555555,0.9,0.9,recorded,5,2,plus_placement,rf,740,2990,68d0e5f-dirty
Subject226,30,0.5866666666666667,0.6333333333333333,0.6333333333333333,new,5,4,none,rf,1434,0,68d0e5f-dirty
Subject424,60,0.4094709968394179,0.48333333333333334,0.48333333333333334,new,5,4,none,rf,1434,0,68d0e5f-dirty
Subject580,90,0.7408748223454107,0.7555555555555556,0.7555555555555555,new,5,4,none,rf,1434,0,68d0e5f-dirty
Subject819,60,0.924886964886965,0.9333333333333333,0.9333333333333333,new,5,4,none,rf,1434,0,68d0e5f-dirty
Subject877,60,0.871957671957672,0.8666666666666667,0.8666666666666667,new,5,4,none,rf,1434,0,68d0e5f-dirty
Subject890,30,0.5955555555555556,0.6666666666666666,0.6666666666666666,new,5,4,none,rf,1434,0,68d0e5f-dirty
Subject139,60,0.911957671957672,0.9166666666666666,0.9166666666666666,recorded,5,4,none,rf,1434,0,68d0e5f-dirty
Subject352,30,1.0,1.0,1.0,recorded,5,4,none,rf,1434,0,68d0e5f-dirty
Subject729,60,0.9830687830687831,0.9833333333333333,0.9833333333333333,recorded,5,4,none,rf,1434,0,68d0e5f-dirty
Subject731,30,0.846984126984127,0.8666666666666667,0.8666666666666667,recorded,5,4,none,rf,1434,0,68d0e5f-dirty
Subject226,30,0.4666666666666667,0.5333333333333333,0.5333333333333333,new,5,4,tempo_intensity,rf,1434,5820,68d0e5f-dirty
Subject424,60,0.4376966927121726,0.5,0.5,new,5,4,tempo_intensity,rf,1434,5820,68d0e5f-dirty
Subject580,90,0.6450090650090651,0.6666666666666667,0.6666666666666666,new,5,4,tempo_intensity,rf,1434,5820,68d0e5f-dirty
Subject819,60,0.8941798941798942,0.9166666666666666,0.9166666666666666,new,5,4,tempo_intensity,rf,1434,5820,68d0e5f-dirty
Subject877,60,0.8706878306878306,0.8666666666666667,0.8666666666666667,new,5,4,tempo_intensity,rf,1434,5820,68d0e5f-dirty
Subject890,30,0.5496296296296296,0.6333333333333333,0.6333333333333333,new,5,4,tempo_intensity,rf,1434,5820,68d0e5f-dirty
Subject139,60,0.8605291005291006,0.8666666666666667,0.8666666666666667,recorded,5,4,tempo_intensity,rf,1434,5820,68d0e5f-dirty
Subject352,30,0.9644444444444444,0.9666666666666667,0.9666666666666667,recorded,5,4,tempo_intensity,rf,1434,5820,68d0e5f-dirty
Subject729,60,0.9830687830687831,0.9833333333333333,0.9833333333333333,recorded,5,4,tempo_intensity,rf,1434,5820,68d0e5f-dirty
Subject731,30,0.84,0.8666666666666667,0.8666666666666667,recorded,5,4,tempo_intensity,rf,1434,5820,68d0e5f-dirty
Subject226,30,0.4984126984126984,0.5666666666666667,0.5666666666666667,new,5,4,plus_placement,rf,1434,5758,68d0e5f-dirty
Subject424,60,0.3814814814814814,0.4666666666666667,0.4666666666666667,new,5,4,plus_placement,rf,1434,5758,68d0e5f-dirty
Subject580,90,0.7193643393643393,0.7222222222222222,0.7222222222222222,new,5,4,plus_placement,rf,1434,5758,68d0e5f-dirty
Subject819,60,0.9089947089947091,0.9166666666666666,0.9166666666666666,new,5,4,plus_placement,rf,1434,5758,68d0e5f-dirty
Subject877,60,0.8320634920634922,0.8333333333333334,0.8333333333333334,new,5,4,plus_placement,rf,1434,5758,68d0e5f-dirty
Subject890,30,0.47661375661375666,0.5666666666666667,0.5666666666666667,new,5,4,plus_placement,rf,1434,5758,68d0e5f-dirty
Subject139,60,0.8933333333333333,0.9,0.9,recorded,5,4,plus_placement,rf,1434,5758,68d0e5f-dirty
Subject352,30,1.0,1.0,1.0,recorded,5,4,plus_placement,rf,1434,5758,68d0e5f-dirty
Subject729,60,0.9830687830687831,0.9833333333333333,0.9833333333333333,recorded,5,4,plus_placement,rf,1434,5758,68d0e5f-dirty
Subject731,30,0.9288888888888889,0.9333333333333333,0.9333333333333333,recorded,5,4,plus_placement,rf,1434,5758,68d0e5f-dirty
Subject226,30,0.6847619047619047,0.7333333333333333,0.7333333333333333,new,5,8,none,rf,2699,0,68d0e5f-dirty
Subject424,60,0.6199968876439466,0.6833333333333333,0.6833333333333333,new,5,8,none,rf,2699,0,68d0e5f-dirty
Subject580,90,0.7814996114996114,0.7888888888888891,0.7888888888888889,new,5,8,none,rf,2699,0,68d0e5f-dirty
Subject819,60,0.878994708994709,0.9,0.9,new,5,8,none,rf,2699,0,68d0e5f-dirty
Subject877,60,0.907955747955748,0.9166666666666666,0.9166666666666666,new,5,8,none,rf,2699,0,68d0e5f-dirty
Subject890,30,0.7066666666666667,0.7666666666666667,0.7666666666666667,new,5,8,none,rf,2699,0,68d0e5f-dirty
Subject139,60,0.9644444444444444,0.9666666666666667,0.9666666666666667,recorded,5,8,none,rf,2699,0,68d0e5f-dirty
Subject147,31,0.8955555555555555,0.9,0.9032258064516129,recorded,5,8,none,rf,2699,0,68d0e5f-dirty
Subject352,30,0.9288888888888889,0.9333333333333333,0.9333333333333333,recorded,5,8,none,rf,2699,0,68d0e5f-dirty
Subject353,60,0.8540404040404042,0.8666666666666667,0.8666666666666667,recorded,5,8,none,rf,2699,0,68d0e5f-dirty
Subject516,30,0.9644444444444444,0.9666666666666667,0.9666666666666667,recorded,5,8,none,rf,2699,0,68d0e5f-dirty
Subject571,30,0.8222222222222222,0.8666666666666667,0.8666666666666667,recorded,5,8,none,rf,2699,0,68d0e5f-dirty
Subject729,60,1.0,1.0,1.0,recorded,5,8,none,rf,2699,0,68d0e5f-dirty
Subject731,30,0.9311111111111111,0.9333333333333333,0.9333333333333333,recorded,5,8,none,rf,2699,0,68d0e5f-dirty
Subject226,30,0.6025396825396825,0.6666666666666666,0.6666666666666666,new,5,8,tempo_intensity,rf,2699,10938,68d0e5f-dirty
Subject424,60,0.6362595139065729,0.6833333333333333,0.6833333333333333,new,5,8,tempo_intensity,rf,2699,10938,68d0e5f-dirty
Subject580,90,0.7568487068487069,0.7666666666666668,0.7666666666666667,new,5,8,tempo_intensity,rf,2699,10938,68d0e5f-dirty
Subject819,60,0.888908128908129,0.9,0.9,new,5,8,tempo_intensity,rf,2699,10938,68d0e5f-dirty
Subject877,60,0.9305820105820106,0.9333333333333333,0.9333333333333333,new,5,8,tempo_intensity,rf,2699,10938,68d0e5f-dirty
Subject890,30,0.7892063492063491,0.8333333333333334,0.8333333333333334,new,5,8,tempo_intensity,rf,2699,10938,68d0e5f-dirty
Subject139,60,0.9644444444444444,0.9666666666666667,0.9666666666666667,recorded,5,8,tempo_intensity,rf,2699,10938,68d0e5f-dirty
Subject147,31,0.8533333333333333,0.8666666666666667,0.8709677419354839,recorded,5,8,tempo_intensity,rf,2699,10938,68d0e5f-dirty
Subject352,30,0.9644444444444444,0.9666666666666667,0.9666666666666667,recorded,5,8,tempo_intensity,rf,2699,10938,68d0e5f-dirty
Subject353,60,0.8371091871091872,0.85,0.85,recorded,5,8,tempo_intensity,rf,2699,10938,68d0e5f-dirty
Subject516,30,0.9644444444444444,0.9666666666666667,0.9666666666666667,recorded,5,8,tempo_intensity,rf,2699,10938,68d0e5f-dirty
Subject571,30,0.8222222222222222,0.8666666666666667,0.8666666666666667,recorded,5,8,tempo_intensity,rf,2699,10938,68d0e5f-dirty
Subject729,60,1.0,1.0,1.0,recorded,5,8,tempo_intensity,rf,2699,10938,68d0e5f-dirty
Subject731,30,0.9066666666666667,0.9333333333333333,0.9333333333333333,recorded,5,8,tempo_intensity,rf,2699,10938,68d0e5f-dirty
Subject226,30,0.6558730158730158,0.7333333333333333,0.7333333333333333,new,5,8,plus_placement,rf,2699,10982,68d0e5f-dirty
Subject424,60,0.6187580061264272,0.6666666666666666,0.6666666666666666,new,5,8,plus_placement,rf,2699,10982,68d0e5f-dirty
Subject580,90,0.8073773938479819,0.8111111111111111,0.8111111111111111,new,5,8,plus_placement,rf,2699,10982,68d0e5f-dirty
Subject819,60,0.9089947089947091,0.9166666666666666,0.9166666666666666,new,5,8,plus_placement,rf,2699,10982,68d0e5f-dirty
Subject877,60,0.9248869648869648,0.9333333333333333,0.9333333333333333,new,5,8,plus_placement,rf,2699,10982,68d0e5f-dirty
Subject890,30,0.6829629629629629,0.7333333333333333,0.7333333333333333,new,5,8,plus_placement,rf,2699,10982,68d0e5f-dirty
Subject139,60,0.9644444444444444,0.9666666666666667,0.9666666666666667,recorded,5,8,plus_placement,rf,2699,10982,68d0e5f-dirty
Subject147,31,0.846984126984127,0.8666666666666667,0.8709677419354839,recorded,5,8,plus_placement,rf,2699,10982,68d0e5f-dirty
Subject352,30,0.9644444444444444,0.9666666666666667,0.9666666666666667,recorded,5,8,plus_placement,rf,2699,10982,68d0e5f-dirty
Subject353,60,0.8574266474266474,0.8666666666666667,0.8666666666666667,recorded,5,8,plus_placement,rf,2699,10982,68d0e5f-dirty
Subject516,30,1.0,1.0,1.0,recorded,5,8,plus_placement,rf,2699,10982,68d0e5f-dirty
Subject571,30,0.9111111111111111,0.9333333333333333,0.9333333333333333,recorded,5,8,plus_placement,rf,2699,10982,68d0e5f-dirty
Subject729,60,1.0,1.0,1.0,recorded,5,8,plus_placement,rf,2699,10982,68d0e5f-dirty
Subject731,30,0.9311111111111111,0.9333333333333333,0.9333333333333333,recorded,5,8,plus_placement,rf,2699,10982,68d0e5f-dirty
Subject226,30,0.7777777777777778,0.8333333333333334,0.8333333333333334,new,5,17,none,rf,5244,0,68d0e5f-dirty
Subject424,60,0.7862433862433863,0.8166666666666667,0.8166666666666667,new,5,17,none,rf,5244,0,68d0e5f-dirty
Subject580,90,0.9089044289044289,0.9111111111111111,0.9111111111111111,new,5,17,none,rf,5244,0,68d0e5f-dirty
Subject819,60,0.9183068783068784,0.9166666666666666,0.9166666666666666,new,5,17,none,rf,5244,0,68d0e5f-dirty
Subject877,60,1.0,1.0,1.0,new,5,17,none,rf,5244,0,68d0e5f-dirty
Subject890,30,0.8688888888888889,0.8666666666666667,0.8666666666666667,new,5,17,none,rf,5244,0,68d0e5f-dirty
Subject139,60,0.911957671957672,0.9166666666666666,0.9166666666666666,recorded,5,17,none,rf,5244,0,68d0e5f-dirty
Subject147,31,0.9644444444444444,0.9666666666666667,0.967741935483871,recorded,5,17,none,rf,5244,0,68d0e5f-dirty
Subject352,30,0.8222222222222222,0.8666666666666667,0.8666666666666667,recorded,5,17,none,rf,5244,0,68d0e5f-dirty
Subject353,60,0.8539549339549339,0.8666666666666667,0.8666666666666667,recorded,5,17,none,rf,5244,0,68d0e5f-dirty
Subject354,60,0.9661375661375662,0.9666666666666667,0.9666666666666667,recorded,5,17,none,rf,5244,0,68d0e5f-dirty
Subject376,60,0.9008465608465609,0.9,0.9,recorded,5,17,none,rf,5244,0,68d0e5f-dirty
Subject455,60,1.0,1.0,1.0,recorded,5,17,none,rf,5244,0,68d0e5f-dirty
Subject494,60,0.924886964886965,0.9333333333333333,0.9333333333333333,recorded,5,17,none,rf,5244,0,68d0e5f-dirty
Subject516,30,0.9644444444444444,0.9666666666666667,0.9666666666666667,recorded,5,17,none,rf,5244,0,68d0e5f-dirty
Subject561,60,0.9079557479557481,0.9166666666666666,0.9166666666666666,recorded,5,17,none,rf,5244,0,68d0e5f-dirty
Subject571,30,0.9111111111111111,0.9333333333333333,0.9333333333333333,recorded,5,17,none,rf,5244,0,68d0e5f-dirty
Subject611,60,0.9644444444444444,0.9666666666666667,0.9666666666666667,recorded,5,17,none,rf,5244,0,68d0e5f-dirty
Subject729,60,0.9661375661375662,0.9666666666666667,0.9666666666666667,recorded,5,17,none,rf,5244,0,68d0e5f-dirty
Subject731,30,0.9644444444444444,0.9666666666666667,0.9666666666666667,recorded,5,17,none,rf,5244,0,68d0e5f-dirty
Subject741,60,0.9255555555555557,0.9333333333333333,0.9333333333333333,recorded,5,17,none,rf,5244,0,68d0e5f-dirty
Subject867,60,0.8632996632996632,0.8833333333333333,0.8833333333333333,recorded,5,17,none,rf,5244,0,68d0e5f-dirty
Subject969,30,0.8800000000000001,0.9,0.9,recorded,5,17,none,rf,5244,0,68d0e5f-dirty
Subject226,30,0.8755555555555555,0.9,0.9,new,5,17,tempo_intensity,rf,5244,21421,68d0e5f-dirty
Subject424,60,0.832983312983313,0.85,0.85,new,5,17,tempo_intensity,rf,5244,21421,68d0e5f-dirty
Subject580,90,0.8938328338328339,0.9000000000000001,0.9,new,5,17,tempo_intensity,rf,5244,21421,68d0e5f-dirty
Subject819,60,0.9089947089947091,0.9166666666666666,0.9166666666666666,new,5,17,tempo_intensity,rf,5244,21421,68d0e5f-dirty
Subject877,60,1.0,1.0,1.0,new,5,17,tempo_intensity,rf,5244,21421,68d0e5f-dirty
Subject890,30,0.8688888888888889,0.8666666666666667,0.8666666666666667,new,5,17,tempo_intensity,rf,5244,21421,68d0e5f-dirty
Subject139,60,0.9475132275132275,0.95,0.95,recorded,5,17,tempo_intensity,rf,5244,21421,68d0e5f-dirty
Subject147,31,0.9311111111111111,0.9333333333333333,0.9354838709677419,recorded,5,17,tempo_intensity,rf,5244,21421,68d0e5f-dirty
Subject352,30,0.9644444444444444,0.9666666666666667,0.9666666666666667,recorded,5,17,tempo_intensity,rf,5244,21421,68d0e5f-dirty
Subject353,60,0.8607215007215008,0.8666666666666667,0.8666666666666667,recorded,5,17,tempo_intensity,rf,5244,21421,68d0e5f-dirty
Subject354,60,0.931216931216931,0.9333333333333333,0.9333333333333333,recorded,5,17,tempo_intensity,rf,5244,21421,68d0e5f-dirty
Subject376,60,0.901972101972102,0.9,0.9,recorded,5,17,tempo_intensity,rf,5244,21421,68d0e5f-dirty
Subject455,60,1.0,1.0,1.0,recorded,5,17,tempo_intensity,rf,5244,21421,68d0e5f-dirty
Subject494,60,0.9223280423280423,0.9333333333333333,0.9333333333333333,recorded,5,17,tempo_intensity,rf,5244,21421,68d0e5f-dirty
Subject516,30,0.9644444444444444,0.9666666666666667,0.9666666666666667,recorded,5,17,tempo_intensity,rf,5244,21421,68d0e5f-dirty
Subject561,60,0.9644444444444444,0.9666666666666667,0.9666666666666667,recorded,5,17,tempo_intensity,rf,5244,21421,68d0e5f-dirty
Subject571,30,0.8222222222222222,0.8666666666666667,0.8666666666666667,recorded,5,17,tempo_intensity,rf,5244,21421,68d0e5f-dirty
Subject611,60,0.9644444444444444,0.9666666666666667,0.9666666666666667,recorded,5,17,tempo_intensity,rf,5244,21421,68d0e5f-dirty
Subject729,60,0.9830687830687831,0.9833333333333333,0.9833333333333333,recorded,5,17,tempo_intensity,rf,5244,21421,68d0e5f-dirty
Subject731,30,0.9644444444444444,0.9666666666666667,0.9666666666666667,recorded,5,17,tempo_intensity,rf,5244,21421,68d0e5f-dirty
Subject741,60,0.8984126984126984,0.9,0.9,recorded,5,17,tempo_intensity,rf,5244,21421,68d0e5f-dirty
Subject867,60,0.8275132275132275,0.85,0.85,recorded,5,17,tempo_intensity,rf,5244,21421,68d0e5f-dirty
Subject969,30,0.8755555555555555,0.9,0.9,recorded,5,17,tempo_intensity,rf,5244,21421,68d0e5f-dirty
Subject226,30,0.8133333333333332,0.8666666666666667,0.8666666666666667,new,5,17,plus_placement,rf,5244,21283,68d0e5f-dirty
Subject424,60,0.7636171236171236,0.8,0.8,new,5,17,plus_placement,rf,5244,21283,68d0e5f-dirty
Subject580,90,0.9077200577200577,0.9111111111111112,0.9111111111111111,new,5,17,plus_placement,rf,5244,21283,68d0e5f-dirty
Subject819,60,0.9089947089947091,0.9166666666666666,0.9166666666666666,new,5,17,plus_placement,rf,5244,21283,68d0e5f-dirty
Subject877,60,0.9830687830687831,0.9833333333333333,0.9833333333333333,new,5,17,plus_placement,rf,5244,21283,68d0e5f-dirty
Subject890,30,0.846984126984127,0.8666666666666667,0.8666666666666667,new,5,17,plus_placement,rf,5244,21283,68d0e5f-dirty
Subject139,60,0.9644444444444444,0.9666666666666667,0.9666666666666667,recorded,5,17,plus_placement,rf,5244,21283,68d0e5f-dirty
Subject147,31,0.9644444444444444,0.9666666666666667,0.967741935483871,recorded,5,17,plus_placement,rf,5244,21283,68d0e5f-dirty
Subject352,30,0.9288888888888889,0.9333333333333333,0.9333333333333333,recorded,5,17,plus_placement,rf,5244,21283,68d0e5f-dirty
Subject353,60,0.83991341991342,0.85,0.85,recorded,5,17,plus_placement,rf,5244,21283,68d0e5f-dirty
Subject354,60,0.8755555555555555,0.9,0.9,recorded,5,17,plus_placement,rf,5244,21283,68d0e5f-dirty
Subject376,60,0.8794324194324195,0.8833333333333333,0.8833333333333333,recorded,5,17,plus_placement,rf,5244,21283,68d0e5f-dirty
Subject455,60,1.0,1.0,1.0,recorded,5,17,plus_placement,rf,5244,21283,68d0e5f-dirty
Subject494,60,0.924886964886965,0.9333333333333333,0.9333333333333333,recorded,5,17,plus_placement,rf,5244,21283,68d0e5f-dirty
Subject516,30,0.9644444444444444,0.9666666666666667,0.9666666666666667,recorded,5,17,plus_placement,rf,5244,21283,68d0e5f-dirty
Subject561,60,0.9644444444444444,0.9666666666666667,0.9666666666666667,recorded,5,17,plus_placement,rf,5244,21283,68d0e5f-dirty
Subject571,30,0.9111111111111111,0.9333333333333333,0.9333333333333333,recorded,5,17,plus_placement,rf,5244,21283,68d0e5f-dirty
Subject611,60,0.9644444444444444,0.9666666666666667,0.9666666666666667,recorded,5,17,plus_placement,rf,5244,21283,68d0e5f-dirty
Subject729,60,1.0,1.0,1.0,recorded,5,17,plus_placement,rf,5244,21283,68d0e5f-dirty
Subject731,30,0.9311111111111111,0.9333333333333333,0.9333333333333333,recorded,5,17,plus_placement,rf,5244,21283,68d0e5f-dirty
Subject741,60,0.9111111111111111,0.9166666666666666,0.9166666666666666,recorded,5,17,plus_placement,rf,5244,21283,68d0e5f-dirty
Subject867,60,0.8277441077441077,0.85,0.85,recorded,5,17,plus_placement,rf,5244,21283,68d0e5f-dirty
Subject969,30,1.0,1.0,1.0,recorded,5,17,plus_placement,rf,5244,21283,68d0e5f-dirty
Subject424,60,0.6816931216931218,0.7333333333333333,0.7333333333333333,new,6,2,none,rf,502,0,68d0e5f-dirty
Subject455,60,0.8506878306878307,0.8666666666666667,0.8666666666666667,new,6,2,none,rf,502,0,68d0e5f-dirty
Subject571,30,0.7714285714285715,0.8,0.8,new,6,2,none,rf,502,0,68d0e5f-dirty
Subject819,60,0.5258608058608059,0.6,0.6,new,6,2,none,rf,502,0,68d0e5f-dirty
Subject877,60,0.9305820105820106,0.9333333333333333,0.9333333333333333,new,6,2,none,rf,502,0,68d0e5f-dirty
Subject890,30,0.6888888888888889,0.7333333333333333,0.7333333333333333,new,6,2,none,rf,502,0,68d0e5f-dirty
Subject354,60,0.8571428571428572,0.8833333333333333,0.8833333333333333,recorded,6,2,none,rf,502,0,68d0e5f-dirty
Subject580,90,0.8890542790542791,0.888888888888889,0.8888888888888888,recorded,6,2,none,rf,502,0,68d0e5f-dirty
Subject424,60,0.7167869167869169,0.7666666666666667,0.7666666666666667,new,6,2,tempo_intensity,rf,502,2067,68d0e5f-dirty
Subject455,60,0.8035786435786437,0.8333333333333334,0.8333333333333334,new,6,2,tempo_intensity,rf,502,2067,68d0e5f-dirty
Subject571,30,0.735873015873016,0.7666666666666667,0.7666666666666667,new,6,2,tempo_intensity,rf,502,2067,68d0e5f-dirty
Subject819,60,0.5989284789284789,0.6666666666666666,0.6666666666666666,new,6,2,tempo_intensity,rf,502,2067,68d0e5f-dirty
Subject877,60,0.8893314093314095,0.9,0.9,new,6,2,tempo_intensity,rf,502,2067,68d0e5f-dirty
Subject890,30,0.7444444444444444,0.8,0.8,new,6,2,tempo_intensity,rf,502,2067,68d0e5f-dirty
Subject354,60,0.891024531024531,0.9,0.9,recorded,6,2,tempo_intensity,rf,502,2067,68d0e5f-dirty
Subject580,90,0.8219891219891219,0.8333333333333335,0.8333333333333334,recorded,6,2,tempo_intensity,rf,502,2067,68d0e5f-dirty
Subject424,60,0.7386243386243386,0.7833333333333333,0.7833333333333333,new,6,2,plus_placement,rf,502,2004,68d0e5f-dirty
Subject455,60,0.9475132275132274,0.95,0.95,new,6,2,plus_placement,rf,502,2004,68d0e5f-dirty
Subject571,30,0.7444444444444444,0.8,0.8,new,6,2,plus_placement,rf,502,2004,68d0e5f-dirty
Subject819,60,0.63998556998557,0.7,0.7,new,6,2,plus_placement,rf,502,2004,68d0e5f-dirty
Subject877,60,0.9418181818181818,0.95,0.95,new,6,2,plus_placement,rf,502,2004,68d0e5f-dirty
Subject890,30,0.7088888888888889,0.7666666666666667,0.7666666666666667,new,6,2,plus_placement,rf,502,2004,68d0e5f-dirty
Subject354,60,0.8941798941798942,0.9166666666666666,0.9166666666666666,recorded,6,2,plus_placement,rf,502,2004,68d0e5f-dirty
Subject580,90,0.8911544011544011,0.888888888888889,0.8888888888888888,recorded,6,2,plus_placement,rf,502,2004,68d0e5f-dirty
Subject424,60,0.7088888888888889,0.7666666666666667,0.7666666666666667,new,6,4,none,rf,1094,0,68d0e5f-dirty
Subject455,60,0.8391534391534392,0.85,0.85,new,6,4,none,rf,1094,0,68d0e5f-dirty
Subject571,30,0.7650793650793651,0.8,0.8,new,6,4,none,rf,1094,0,68d0e5f-dirty
Subject819,60,0.6087778887778889,0.6666666666666666,0.6666666666666666,new,6,4,none,rf,1094,0,68d0e5f-dirty
Subject877,60,0.8150456950456951,0.8333333333333334,0.8333333333333334,new,6,4,none,rf,1094,0,68d0e5f-dirty
Subject890,30,0.5958730158730159,0.6666666666666666,0.6666666666666666,new,6,4,none,rf,1094,0,68d0e5f-dirty
Subject353,60,0.8926984126984127,0.9,0.9,recorded,6,4,none,rf,1094,0,68d0e5f-dirty
Subject354,60,0.8018855218855218,0.8333333333333334,0.8333333333333334,recorded,6,4,none,rf,1094,0,68d0e5f-dirty
Subject580,90,0.8699089799089799,0.8666666666666667,0.8666666666666667,recorded,6,4,none,rf,1094,0,68d0e5f-dirty
Subject867,60,0.86010582010582,0.8833333333333333,0.8833333333333333,recorded,6,4,none,rf,1094,0,68d0e5f-dirty
Subject424,60,0.7405483405483405,0.7833333333333333,0.7833333333333333,new,6,4,tempo_intensity,rf,1094,4424,68d0e5f-dirty
Subject455,60,0.7979028379028379,0.8166666666666667,0.8166666666666667,new,6,4,tempo_intensity,rf,1094,4424,68d0e5f-dirty
Subject571,30,0.7428571428571428,0.7666666666666667,0.7666666666666667,new,6,4,tempo_intensity,rf,1094,4424,68d0e5f-dirty
Subject819,60,0.5521885521885521,0.6333333333333333,0.6333333333333333,new,6,4,tempo_intensity,rf,1094,4424,68d0e5f-dirty
Subject877,60,0.8266666666666667,0.85,0.85,new,6,4,tempo_intensity,rf,1094,4424,68d0e5f-dirty
Subject890,30,0.5714285714285714,0.6333333333333333,0.6333333333333333,new,6,4,tempo_intensity,rf,1094,4424,68d0e5f-dirty
Subject353,60,0.9113227513227513,0.9166666666666666,0.9166666666666666,recorded,6,4,tempo_intensity,rf,1094,4424,68d0e5f-dirty
Subject354,60,0.8374410774410773,0.8666666666666667,0.8666666666666667,recorded,6,4,tempo_intensity,rf,1094,4424,68d0e5f-dirty
Subject580,90,0.8332389832389833,0.8333333333333334,0.8333333333333334,recorded,6,4,tempo_intensity,rf,1094,4424,68d0e5f-dirty
Subject867,60,0.8405964405964406,0.8666666666666667,0.8666666666666667,recorded,6,4,tempo_intensity,rf,1094,4424,68d0e5f-dirty
Subject424,60,0.7105820105820106,0.7666666666666667,0.7666666666666667,new,6,4,plus_placement,rf,1094,4456,68d0e5f-dirty
Subject455,60,0.8656084656084656,0.8833333333333333,0.8833333333333333,new,6,4,plus_placement,rf,1094,4456,68d0e5f-dirty
Subject571,30,0.8666666666666667,0.8666666666666667,0.8666666666666667,new,6,4,plus_placement,rf,1094,4456,68d0e5f-dirty
Subject819,60,0.6796151996151996,0.7166666666666667,0.7166666666666667,new,6,4,plus_placement,rf,1094,4456,68d0e5f-dirty
Subject877,60,0.8203174603174602,0.8333333333333334,0.8333333333333334,new,6,4,plus_placement,rf,1094,4456,68d0e5f-dirty
Subject890,30,0.6244444444444445,0.7,0.7,new,6,4,plus_placement,rf,1094,4456,68d0e5f-dirty
Subject353,60,0.9830687830687831,0.9833333333333333,0.9833333333333333,recorded,6,4,plus_placement,rf,1094,4456,68d0e5f-dirty
Subject354,60,0.9481481481481481,0.95,0.95,recorded,6,4,plus_placement,rf,1094,4456,68d0e5f-dirty
Subject580,90,0.8902630702630703,0.8888888888888891,0.8888888888888888,recorded,6,4,plus_placement,rf,1094,4456,68d0e5f-dirty
Subject867,60,0.8741462241462242,0.9,0.9,recorded,6,4,plus_placement,rf,1094,4456,68d0e5f-dirty
Subject424,60,0.7725060125060124,0.8,0.8,new,6,8,none,rf,2341,0,68d0e5f-dirty
Subject455,60,0.8941798941798942,0.9166666666666666,0.9166666666666666,new,6,8,none,rf,2341,0,68d0e5f-dirty
Subject571,30,0.7444444444444444,0.8,0.8,new,6,8,none,rf,2341,0,68d0e5f-dirty
Subject819,60,0.7788552188552188,0.8166666666666667,0.8166666666666667,new,6,8,none,rf,2341,0,68d0e5f-dirty
Subject877,60,1.0,1.0,1.0,new,6,8,none,rf,2341,0,68d0e5f-dirty
Subject890,30,0.8333333333333334,0.8666666666666667,0.8666666666666667,new,6,8,none,rf,2341,0,68d0e5f-dirty
Subject353,60,0.8952055352055353,0.9,0.9,recorded,6,8,none,rf,2341,0,68d0e5f-dirty
Subject354,60,0.8600673400673401,0.8833333333333333,0.8833333333333333,recorded,6,8,none,rf,2341,0,68d0e5f-dirty
Subject561,60,0.9485714285714286,0.95,0.95,recorded,6,8,none,rf,2341,0,68d0e5f-dirty
Subject580,90,0.8783438783438782,0.8777777777777779,0.8777777777777778,recorded,6,8,none,rf,2341,0,68d0e5f-dirty
Subject611,60,0.9830687830687831,0.9833333333333333,0.9833333333333333,recorded,6,8,none,rf,2341,0,68d0e5f-dirty
Subject729,60,0.9308465608465609,0.9333333333333333,0.9333333333333333,recorded,6,8,none,rf,2341,0,68d0e5f-dirty
Subject741,60,0.9304232804232805,0.9333333333333333,0.9333333333333333,recorded,6,8,none,rf,2341,0,68d0e5f-dirty
Subject867,60,0.8211111111111111,0.8333333333333334,0.8333333333333334,recorded,6,8,none,rf,2341,0,68d0e5f-dirty
Subject424,60,0.8138095238095239,0.8166666666666667,0.8166666666666667,new,6,8,tempo_intensity,rf,2341,9488,68d0e5f-dirty
Subject455,60,0.9259259259259259,0.9333333333333333,0.9333333333333333,new,6,8,tempo_intensity,rf,2341,9488,68d0e5f-dirty
Subject571,30,0.7444444444444444,0.8,0.8,new,6,8,tempo_intensity,rf,2341,9488,68d0e5f-dirty
Subject819,60,0.7963684463684463,0.8166666666666667,0.8166666666666667,new,6,8,tempo_intensity,rf,2341,9488,68d0e5f-dirty
Subject877,60,0.9830687830687831,0.9833333333333333,0.9833333333333333,new,6,8,tempo_intensity,rf,2341,9488,68d0e5f-dirty
Subject890,30,0.8333333333333334,0.8666666666666667,0.8666666666666667,new,6,8,tempo_intensity,rf,2341,9488,68d0e5f-dirty
Subject353,60,0.912136752136752,0.9166666666666666,0.9166666666666666,recorded,6,8,tempo_intensity,rf,2341,9488,68d0e5f-dirty
Subject354,60,0.8941798941798942,0.9166666666666666,0.9166666666666666,recorded,6,8,tempo_intensity,rf,2341,9488,68d0e5f-dirty
Subject561,60,0.9661375661375662,0.9666666666666667,0.9666666666666667,recorded,6,8,tempo_intensity,rf,2341,9488,68d0e5f-dirty
Subject580,90,0.8516742516742516,0.8555555555555555,0.8555555555555555,recorded,6,8,tempo_intensity,rf,2341,9488,68d0e5f-dirty
Subject611,60,1.0,1.0,1.0,recorded,6,8,tempo_intensity,rf,2341,9488,68d0e5f-dirty
Subject729,60,0.9644444444444444,0.9666666666666667,0.9666666666666667,recorded,6,8,tempo_intensity,rf,2341,9488,68d0e5f-dirty
Subject741,60,0.9308465608465608,0.9333333333333333,0.9333333333333333,recorded,6,8,tempo_intensity,rf,2341,9488,68d0e5f-dirty
Subject867,60,0.8556228956228956,0.8666666666666667,0.8666666666666667,recorded,6,8,tempo_intensity,rf,2341,9488,68d0e5f-dirty
Subject424,60,0.7703896103896104,0.8,0.8,new,6,8,plus_placement,rf,2341,9537,68d0e5f-dirty
Subject455,60,0.962962962962963,0.9666666666666667,0.9666666666666667,new,6,8,plus_placement,rf,2341,9537,68d0e5f-dirty
Subject571,30,0.7936507936507936,0.8333333333333334,0.8333333333333334,new,6,8,plus_placement,rf,2341,9537,68d0e5f-dirty
Subject819,60,0.837037037037037,0.8666666666666667,0.8666666666666667,new,6,8,plus_placement,rf,2341,9537,68d0e5f-dirty
Subject877,60,0.9830687830687831,0.9833333333333333,0.9833333333333333,new,6,8,plus_placement,rf,2341,9537,68d0e5f-dirty
Subject890,30,0.8333333333333334,0.8666666666666667,0.8666666666666667,new,6,8,plus_placement,rf,2341,9537,68d0e5f-dirty
Subject353,60,0.8952055352055353,0.9,0.9,recorded,6,8,plus_placement,rf,2341,9537,68d0e5f-dirty
Subject354,60,0.8772486772486772,0.9,0.9,recorded,6,8,plus_placement,rf,2341,9537,68d0e5f-dirty
Subject561,60,0.9830687830687831,0.9833333333333333,0.9833333333333333,recorded,6,8,plus_placement,rf,2341,9537,68d0e5f-dirty
Subject580,90,0.8466783216783216,0.8555555555555557,0.8555555555555555,recorded,6,8,plus_placement,rf,2341,9537,68d0e5f-dirty
Subject611,60,0.9830687830687831,0.9833333333333333,0.9833333333333333,recorded,6,8,plus_placement,rf,2341,9537,68d0e5f-dirty
Subject729,60,1.0,1.0,1.0,recorded,6,8,plus_placement,rf,2341,9537,68d0e5f-dirty
Subject741,60,0.9664021164021165,0.9666666666666667,0.9666666666666667,recorded,6,8,plus_placement,rf,2341,9537,68d0e5f-dirty
Subject867,60,0.8133333333333334,0.8333333333333334,0.8333333333333334,recorded,6,8,plus_placement,rf,2341,9537,68d0e5f-dirty
Subject424,60,0.8300529100529102,0.85,0.85,new,6,17,none,rf,5252,0,68d0e5f-dirty
Subject455,60,0.834920634920635,0.85,0.85,new,6,17,none,rf,5252,0,68d0e5f-dirty
Subject571,30,0.8977777777777777,0.9,0.9,new,6,17,none,rf,5252,0,68d0e5f-dirty
Subject819,60,0.924886964886965,0.9333333333333333,0.9333333333333333,new,6,17,none,rf,5252,0,68d0e5f-dirty
Subject877,60,1.0,1.0,1.0,new,6,17,none,rf,5252,0,68d0e5f-dirty
Subject890,30,0.9111111111111111,0.9333333333333333,0.9333333333333333,new,6,17,none,rf,5252,0,68d0e5f-dirty
Subject139,60,0.9661375661375663,0.9666666666666667,0.9666666666666667,recorded,6,17,none,rf,5252,0,68d0e5f-dirty
Subject147,31,0.9644444444444444,0.9666666666666667,0.967741935483871,recorded,6,17,none,rf,5252,0,68d0e5f-dirty
Subject226,30,0.9333333333333332,0.9333333333333333,0.9333333333333333,recorded,6,17,none,rf,5252,0,68d0e5f-dirty
Subject352,30,0.8755555555555555,0.9,0.9,recorded,6,17,none,rf,5252,0,68d0e5f-dirty
Subject353,60,0.8410774410774411,0.8666666666666667,0.8666666666666667,recorded,6,17,none,rf,5252,0,68d0e5f-dirty
Subject354,60,0.8941798941798942,0.9166666666666666,0.9166666666666666,recorded,6,17,none,rf,5252,0,68d0e5f-dirty
Subject376,60,0.8433862433862435,0.8666666666666667,0.8666666666666667,recorded,6,17,none,rf,5252,0,68d0e5f-dirty
Subject494,60,0.9053968253968255,0.9166666666666666,0.9166666666666666,recorded,6,17,none,rf,5252,0,68d0e5f-dirty
Subject516,30,0.8933333333333333,0.9,0.9,recorded,6,17,none,rf,5252,0,68d0e5f-dirty
Subject561,60,0.9062626262626262,0.9166666666666666,0.9166666666666666,recorded,6,17,none,rf,5252,0,68d0e5f-dirty
Subject580,90,0.8983960483960484,0.9111111111111111,0.9111111111111111,recorded,6,17,none,rf,5252,0,68d0e5f-dirty
Subject611,60,0.9644444444444444,0.9666666666666667,0.9666666666666667,recorded,6,17,none,rf,5252,0,68d0e5f-dirty
Subject729,60,1.0,1.0,1.0,recorded,6,17,none,rf,5252,0,68d0e5f-dirty
Subject731,30,0.9644444444444444,0.9666666666666667,0.9666666666666667,recorded,6,17,none,rf,5252,0,68d0e5f-dirty
Subject741,60,0.9304232804232804,0.9333333333333333,0.9333333333333333,recorded,6,17,none,rf,5252,0,68d0e5f-dirty
Subject867,60,0.9259259259259258,0.9333333333333333,0.9333333333333333,recorded,6,17,none,rf,5252,0,68d0e5f-dirty
Subject969,30,0.7977777777777777,0.8333333333333334,0.8333333333333334,recorded,6,17,none,rf,5252,0,68d0e5f-dirty
Subject424,60,0.8486772486772487,0.8666666666666667,0.8666666666666667,new,6,17,tempo_intensity,rf,5252,21304,68d0e5f-dirty
Subject455,60,0.8338816738816739,0.85,0.85,new,6,17,tempo_intensity,rf,5252,21304,68d0e5f-dirty
Subject571,30,0.8755555555555555,0.9,0.9,new,6,17,tempo_intensity,rf,5252,21304,68d0e5f-dirty
Subject819,60,0.8941798941798942,0.9166666666666666,0.9166666666666666,new,6,17,tempo_intensity,rf,5252,21304,68d0e5f-dirty
Subject877,60,1.0,1.0,1.0,new,6,17,tempo_intensity,rf,5252,21304,68d0e5f-dirty
Subject890,30,0.8555555555555556,0.8666666666666667,0.8666666666666667,new,6,17,tempo_intensity,rf,5252,21304,68d0e5f-dirty
Subject139,60,1.0,1.0,1.0,recorded,6,17,tempo_intensity,rf,5252,21304,68d0e5f-dirty
Subject147,31,0.9111111111111111,0.9333333333333333,0.9354838709677419,recorded,6,17,tempo_intensity,rf,5252,21304,68d0e5f-dirty
Subject226,30,0.9644444444444444,0.9666666666666667,0.9666666666666667,recorded,6,17,tempo_intensity,rf,5252,21304,68d0e5f-dirty
Subject352,30,0.8755555555555555,0.9,0.9,recorded,6,17,tempo_intensity,rf,5252,21304,68d0e5f-dirty
Subject353,60,0.8484656084656084,0.8666666666666667,0.8666666666666667,recorded,6,17,tempo_intensity,rf,5252,21304,68d0e5f-dirty
Subject354,60,0.8941798941798942,0.9166666666666666,0.9166666666666666,recorded,6,17,tempo_intensity,rf,5252,21304,68d0e5f-dirty
Subject376,60,0.8498168498168499,0.8666666666666667,0.8666666666666667,recorded,6,17,tempo_intensity,rf,5252,21304,68d0e5f-dirty
Subject494,60,0.8852910052910055,0.9,0.9,recorded,6,17,tempo_intensity,rf,5252,21304,68d0e5f-dirty
Subject516,30,0.9333333333333333,0.9333333333333333,0.9333333333333333,recorded,6,17,tempo_intensity,rf,5252,21304,68d0e5f-dirty
Subject561,60,0.9644444444444444,0.9666666666666667,0.9666666666666667,recorded,6,17,tempo_intensity,rf,5252,21304,68d0e5f-dirty
Subject580,90,0.8871631636337517,0.9,0.9,recorded,6,17,tempo_intensity,rf,5252,21304,68d0e5f-dirty
Subject611,60,0.9830687830687831,0.9833333333333333,0.9833333333333333,recorded,6,17,tempo_intensity,rf,5252,21304,68d0e5f-dirty
Subject729,60,1.0,1.0,1.0,recorded,6,17,tempo_intensity,rf,5252,21304,68d0e5f-dirty
Subject731,30,1.0,1.0,1.0,recorded,6,17,tempo_intensity,rf,5252,21304,68d0e5f-dirty
Subject741,60,0.9322751322751323,0.9333333333333333,0.9333333333333333,recorded,6,17,tempo_intensity,rf,5252,21304,68d0e5f-dirty
Subject867,60,0.8748869648869649,0.8833333333333333,0.8833333333333333,recorded,6,17,tempo_intensity,rf,5252,21304,68d0e5f-dirty
Subject969,30,0.8469841269841271,0.8666666666666667,0.8666666666666667,recorded,6,17,tempo_intensity,rf,5252,21304,68d0e5f-dirty
Subject424,60,0.8097354497354499,0.8333333333333334,0.8333333333333334,new,6,17,plus_placement,rf,5252,21229,68d0e5f-dirty
Subject455,60,0.8711111111111111,0.8833333333333333,0.8833333333333333,new,6,17,plus_placement,rf,5252,21229,68d0e5f-dirty
Subject571,30,0.9288888888888888,0.9333333333333333,0.9333333333333333,new,6,17,plus_placement,rf,5252,21229,68d0e5f-dirty
Subject819,60,0.9661375661375662,0.9666666666666667,0.9666666666666667,new,6,17,plus_placement,rf,5252,21229,68d0e5f-dirty
Subject877,60,0.9830687830687831,0.9833333333333333,0.9833333333333333,new,6,17,plus_placement,rf,5252,21229,68d0e5f-dirty
Subject890,30,0.9644444444444444,0.9666666666666667,0.9666666666666667,new,6,17,plus_placement,rf,5252,21229,68d0e5f-dirty
Subject139,60,0.9830687830687831,0.9833333333333333,0.9833333333333333,recorded,6,17,plus_placement,rf,5252,21229,68d0e5f-dirty
Subject147,31,0.9644444444444444,0.9666666666666667,0.967741935483871,recorded,6,17,plus_placement,rf,5252,21229,68d0e5f-dirty
Subject226,30,0.8977777777777778,0.9,0.9,recorded,6,17,plus_placement,rf,5252,21229,68d0e5f-dirty
Subject352,30,0.9111111111111111,0.9333333333333333,0.9333333333333333,recorded,6,17,plus_placement,rf,5252,21229,68d0e5f-dirty
Subject353,60,0.9140933140933141,0.9166666666666666,0.9166666666666666,recorded,6,17,plus_placement,rf,5252,21229,68d0e5f-dirty
Subject354,60,0.8786916786916786,0.9,0.9,recorded,6,17,plus_placement,rf,5252,21229,68d0e5f-dirty
Subject376,60,0.8328856328856329,0.85,0.85,recorded,6,17,plus_placement,rf,5252,21229,68d0e5f-dirty
Subject494,60,0.9223280423280423,0.9333333333333333,0.9333333333333333,recorded,6,17,plus_placement,rf,5252,21229,68d0e5f-dirty
Subject516,30,0.8977777777777778,0.9,0.9,recorded,6,17,plus_placement,rf,5252,21229,68d0e5f-dirty
Subject561,60,0.9830687830687831,0.9833333333333333,0.9833333333333333,recorded,6,17,plus_placement,rf,5252,21229,68d0e5f-dirty
Subject580,90,0.9296296296296297,0.9333333333333335,0.9333333333333333,recorded,6,17,plus_placement,rf,5252,21229,68d0e5f-dirty
Subject611,60,0.9830687830687831,0.9833333333333333,0.9833333333333333,recorded,6,17,plus_placement,rf,5252,21229,68d0e5f-dirty
Subject729,60,1.0,1.0,1.0,recorded,6,17,plus_placement,rf,5252,21229,68d0e5f-dirty
Subject731,30,1.0,1.0,1.0,recorded,6,17,plus_placement,rf,5252,21229,68d0e5f-dirty
Subject741,60,0.9492063492063492,0.95,0.95,recorded,6,17,plus_placement,rf,5252,21229,68d0e5f-dirty
Subject867,60,0.9096296296296296,0.9166666666666666,0.9166666666666666,recorded,6,17,plus_placement,rf,5252,21229,68d0e5f-dirty
Subject969,30,0.8755555555555555,0.9,0.9,recorded,6,17,plus_placement,rf,5252,21229,68d0e5f-dirty
Subject353,60,0.6013949013949013,0.65,0.65,new,7,2,none,rf,498,0,68d0e5f-dirty
Subject354,60,0.7642135642135641,0.7833333333333333,0.7833333333333333,new,7,2,none,rf,498,0,68d0e5f-dirty
Subject455,60,0.7326599326599327,0.7833333333333333,0.7833333333333333,new,7,2,none,rf,498,0,68d0e5f-dirty
Subject561,60,0.5391919191919192,0.6333333333333333,0.6333333333333333,new,7,2,none,rf,498,0,68d0e5f-dirty
Subject729,60,0.6226129426129426,0.6833333333333333,0.6833333333333333,new,7,2,none,rf,498,0,68d0e5f-dirty
Subject819,60,0.4429292929292929,0.55,0.55,new,7,2,none,rf,498,0,68d0e5f-dirty
Subject147,31,0.9644444444444444,0.9666666666666667,0.967741935483871,recorded,7,2,none,rf,498,0,68d0e5f-dirty
Subject741,60,0.9664021164021165,0.9666666666666667,0.9666666666666667,recorded,7,2,none,rf,498,0,68d0e5f-dirty
Subject353,60,0.6207081807081808,0.6666666666666666,0.6666666666666666,new,7,2,tempo_intensity,rf,498,2004,68d0e5f-dirty
Subject354,60,0.7456758056758057,0.7666666666666667,0.7666666666666667,new,7,2,tempo_intensity,rf,498,2004,68d0e5f-dirty
Subject455,60,0.8052910052910053,0.85,0.85,new,7,2,tempo_intensity,rf,498,2004,68d0e5f-dirty
Subject561,60,0.5391919191919192,0.6333333333333333,0.6333333333333333,new,7,2,tempo_intensity,rf,498,2004,68d0e5f-dirty
Subject729,60,0.7032153032153032,0.75,0.75,new,7,2,tempo_intensity,rf,498,2004,68d0e5f-dirty
Subject819,60,0.5257142857142857,0.6166666666666667,0.6166666666666667,new,7,2,tempo_intensity,rf,498,2004,68d0e5f-dirty
Subject147,31,0.9644444444444444,0.9666666666666667,0.967741935483871,recorded,7,2,tempo_intensity,rf,498,2004,68d0e5f-dirty
Subject741,60,0.9500721500721501,0.95,0.95,recorded,7,2,tempo_intensity,rf,498,2004,68d0e5f-dirty
Subject353,60,0.6226262626262626,0.6666666666666666,0.6666666666666666,new,7,2,plus_placement,rf,498,2054,68d0e5f-dirty
Subject354,60,0.7816257816257816,0.8166666666666667,0.8166666666666667,new,7,2,plus_placement,rf,498,2054,68d0e5f-dirty
Subject455,60,0.7866666666666667,0.8333333333333334,0.8333333333333334,new,7,2,plus_placement,rf,498,2054,68d0e5f-dirty
Subject561,60,0.5414141414141415,0.6333333333333333,0.6333333333333333,new,7,2,plus_placement,rf,498,2054,68d0e5f-dirty
Subject729,60,0.6832996632996633,0.7333333333333333,0.7333333333333333,new,7,2,plus_placement,rf,498,2054,68d0e5f-dirty
Subject819,60,0.5921885521885522,0.6666666666666666,0.6666666666666666,new,7,2,plus_placement,rf,498,2054,68d0e5f-dirty
Subject147,31,1.0,1.0,1.0,recorded,7,2,plus_placement,rf,498,2054,68d0e5f-dirty
Subject741,60,0.9330687830687832,0.9333333333333333,0.9333333333333333,recorded,7,2,plus_placement,rf,498,2054,68d0e5f-dirty
Subject353,60,0.7403174603174604,0.7833333333333333,0.7833333333333333,new,7,4,none,rf,1139,0,68d0e5f-dirty
Subject354,60,0.7875132275132274,0.8166666666666667,0.8166666666666667,new,7,4,none,rf,1139,0,68d0e5f-dirty
Subject455,60,0.8052910052910053,0.85,0.85,new,7,4,none,rf,1139,0,68d0e5f-dirty
Subject561,60,0.6352573352573353,0.7166666666666667,0.7166666666666667,new,7,4,none,rf,1139,0,68d0e5f-dirty
Subject729,60,0.8941798941798942,0.9166666666666666,0.9166666666666666,new,7,4,none,rf,1139,0,68d0e5f-dirty
Subject819,60,0.7606734006734006,0.8166666666666667,0.8166666666666667,new,7,4,none,rf,1139,0,68d0e5f-dirty
Subject139,60,0.835998075998076,0.8666666666666667,0.8666666666666667,recorded,7,4,none,rf,1139,0,68d0e5f-dirty
Subject147,31,0.9644444444444444,0.9666666666666667,0.967741935483871,recorded,7,4,none,rf,1139,0,68d0e5f-dirty
Subject611,60,1.0,1.0,1.0,recorded,7,4,none,rf,1139,0,68d0e5f-dirty
Subject741,60,0.911957671957672,0.9166666666666666,0.9166666666666666,recorded,7,4,none,rf,1139,0,68d0e5f-dirty
Subject353,60,0.8124001924001925,0.8333333333333334,0.8333333333333334,new,7,4,tempo_intensity,rf,1139,4534,68d0e5f-dirty
Subject354,60,0.8389081289081288,0.85,0.85,new,7,4,tempo_intensity,rf,1139,4534,68d0e5f-dirty
Subject455,60,0.8052910052910053,0.85,0.85,new,7,4,tempo_intensity,rf,1139,4534,68d0e5f-dirty
Subject561,60,0.6521885521885522,0.7333333333333333,0.7333333333333333,new,7,4,tempo_intensity,rf,1139,4534,68d0e5f-dirty
Subject729,60,0.9111111111111111,0.9333333333333333,0.9333333333333333,new,7,4,tempo_intensity,rf,1139,4534,68d0e5f-dirty
Subject819,60,0.6998808598808599,0.7666666666666667,0.7666666666666667,new,7,4,tempo_intensity,rf,1139,4534,68d0e5f-dirty
Subject139,60,0.8052910052910053,0.85,0.85,recorded,7,4,tempo_intensity,rf,1139,4534,68d0e5f-dirty
Subject147,31,0.9644444444444444,0.9666666666666667,0.967741935483871,recorded,7,4,tempo_intensity,rf,1139,4534,68d0e5f-dirty
Subject611,60,0.9830687830687831,0.9833333333333333,0.9833333333333333,recorded,7,4,tempo_intensity,rf,1139,4534,68d0e5f-dirty
Subject741,60,0.9661375661375662,0.9666666666666667,0.9666666666666667,recorded,7,4,tempo_intensity,rf,1139,4534,68d0e5f-dirty
Subject353,60,0.7714478114478115,0.8,0.8,new,7,4,plus_placement,rf,1139,4603,68d0e5f-dirty
Subject354,60,0.7316209716209716,0.7666666666666667,0.7666666666666667,new,7,4,plus_placement,rf,1139,4603,68d0e5f-dirty
Subject455,60,0.7866666666666666,0.8333333333333334,0.8333333333333334,new,7,4,plus_placement,rf,1139,4603,68d0e5f-dirty
Subject561,60,0.6374795574795574,0.7166666666666667,0.7166666666666667,new,7,4,plus_placement,rf,1139,4603,68d0e5f-dirty
Subject729,60,0.9392592592592592,0.95,0.95,new,7,4,plus_placement,rf,1139,4603,68d0e5f-dirty
Subject819,60,0.7822943722943722,0.8333333333333334,0.8333333333333334,new,7,4,plus_placement,rf,1139,4603,68d0e5f-dirty
Subject139,60,0.835998075998076,0.8666666666666667,0.8666666666666667,recorded,7,4,plus_placement,rf,1139,4603,68d0e5f-dirty
Subject147,31,0.9644444444444444,0.9666666666666667,0.967741935483871,recorded,7,4,plus_placement,rf,1139,4603,68d0e5f-dirty
Subject611,60,0.9830687830687831,0.9833333333333333,0.9833333333333333,recorded,7,4,plus_placement,rf,1139,4603,68d0e5f-dirty
Subject741,60,0.9661375661375662,0.9666666666666667,0.9666666666666667,recorded,7,4,plus_placement,rf,1139,4603,68d0e5f-dirty
Subject353,60,0.788908128908129,0.8166666666666667,0.8166666666666667,new,7,8,none,rf,2570,0,68d0e5f-dirty
Subject354,60,0.7437037037037038,0.7833333333333333,0.7833333333333333,new,7,8,none,rf,2570,0,68d0e5f-dirty
Subject455,60,0.7909187109187109,0.8166666666666667,0.8166666666666667,new,7,8,none,rf,2570,0,68d0e5f-dirty
Subject561,60,0.746936026936027,0.7833333333333333,0.7833333333333333,new,7,8,none,rf,2570,0,68d0e5f-dirty
Subject729,60,0.9130158730158731,0.9166666666666666,0.9166666666666666,new,7,8,none,rf,2570,0,68d0e5f-dirty
Subject819,60,0.8651851851851852,0.8833333333333333,0.8833333333333333,new,7,8,none,rf,2570,0,68d0e5f-dirty
Subject139,60,0.9062626262626262,0.9166666666666666,0.9166666666666666,recorded,7,8,none,rf,2570,0,68d0e5f-dirty
Subject147,31,0.9022222222222224,0.9111111111111111,0.9032258064516129,recorded,7,8,none,rf,2570,0,68d0e5f-dirty
Subject226,30,0.8422222222222222,0.8666666666666667,0.8666666666666667,recorded,7,8,none,rf,2570,0,68d0e5f-dirty
Subject516,30,0.9333333333333333,0.9333333333333333,0.9333333333333333,recorded,7,8,none,rf,2570,0,68d0e5f-dirty
Subject571,30,0.9644444444444444,0.9666666666666667,0.9666666666666667,recorded,7,8,none,rf,2570,0,68d0e5f-dirty
Subject611,60,0.9492063492063493,0.95,0.95,recorded,7,8,none,rf,2570,0,68d0e5f-dirty
Subject741,60,0.8972486772486773,0.9,0.9,recorded,7,8,none,rf,2570,0,68d0e5f-dirty
Subject969,30,0.8222222222222222,0.8333333333333334,0.8333333333333334,recorded,7,8,none,rf,2570,0,68d0e5f-dirty
Subject353,60,0.807003367003367,0.8333333333333334,0.8333333333333334,new,7,8,tempo_intensity,rf,2570,10428,68d0e5f-dirty
Subject354,60,0.7614814814814815,0.7833333333333333,0.7833333333333333,new,7,8,tempo_intensity,rf,2570,10428,68d0e5f-dirty
Subject455,60,0.7697354497354497,0.8166666666666667,0.8166666666666667,new,7,8,tempo_intensity,rf,2570,10428,68d0e5f-dirty
Subject561,60,0.798961038961039,0.8166666666666667,0.8166666666666667,new,7,8,tempo_intensity,rf,2570,10428,68d0e5f-dirty
Subject729,60,0.9661375661375663,0.9666666666666667,0.9666666666666667,new,7,8,tempo_intensity,rf,2570,10428,68d0e5f-dirty
Subject819,60,0.8915536315536314,0.9,0.9,new,7,8,tempo_intensity,rf,2570,10428,68d0e5f-dirty
Subject139,60,0.8527368927368929,0.8666666666666667,0.8666666666666667,recorded,7,8,tempo_intensity,rf,2570,10428,68d0e5f-dirty
Subject147,31,0.8488888888888888,0.8777777777777778,0.8709677419354839,recorded,7,8,tempo_intensity,rf,2570,10428,68d0e5f-dirty
Subject226,30,0.8422222222222222,0.8666666666666667,0.8666666666666667,recorded,7,8,tempo_intensity,rf,2570,10428,68d0e5f-dirty
Subject516,30,0.9333333333333333,0.9333333333333333,0.9333333333333333,recorded,7,8,tempo_intensity,rf,2570,10428,68d0e5f-dirty
Subject571,30,0.846984126984127,0.8666666666666667,0.8666666666666667,recorded,7,8,tempo_intensity,rf,2570,10428,68d0e5f-dirty
Subject611,60,0.9492063492063493,0.95,0.95,recorded,7,8,tempo_intensity,rf,2570,10428,68d0e5f-dirty
Subject741,60,0.932804232804233,0.9333333333333333,0.9333333333333333,recorded,7,8,tempo_intensity,rf,2570,10428,68d0e5f-dirty
Subject969,30,0.8755555555555555,0.9,0.9,recorded,7,8,tempo_intensity,rf,2570,10428,68d0e5f-dirty
Subject353,60,0.7974795574795575,0.8166666666666667,0.8166666666666667,new,7,8,plus_placement,rf,2570,10370,68d0e5f-dirty
Subject354,60,0.8059259259259259,0.8166666666666667,0.8166666666666667,new,7,8,plus_placement,rf,2570,10370,68d0e5f-dirty
Subject455,60,0.7471091871091871,0.8,0.8,new,7,8,plus_placement,rf,2570,10370,68d0e5f-dirty
Subject561,60,0.8956613756613756,0.9,0.9,new,7,8,plus_placement,rf,2570,10370,68d0e5f-dirty
Subject729,60,0.9830687830687831,0.9833333333333333,0.9833333333333333,new,7,8,plus_placement,rf,2570,10370,68d0e5f-dirty
Subject819,60,0.9475132275132275,0.95,0.95,new,7,8,plus_placement,rf,2570,10370,68d0e5f-dirty
Subject139,60,0.9475132275132275,0.95,0.95,recorded,7,8,plus_placement,rf,2570,10370,68d0e5f-dirty
Subject147,31,0.8488888888888888,0.8777777777777778,0.8709677419354839,recorded,7,8,plus_placement,rf,2570,10370,68d0e5f-dirty
Subject226,30,0.8422222222222222,0.8666666666666667,0.8666666666666667,recorded,7,8,plus_placement,rf,2570,10370,68d0e5f-dirty
Subject516,30,0.9644444444444444,0.9666666666666667,0.9666666666666667,recorded,7,8,plus_placement,rf,2570,10370,68d0e5f-dirty
Subject571,30,0.9111111111111111,0.9333333333333333,0.9333333333333333,recorded,7,8,plus_placement,rf,2570,10370,68d0e5f-dirty
Subject611,60,0.9661375661375662,0.9666666666666667,0.9666666666666667,recorded,7,8,plus_placement,rf,2570,10370,68d0e5f-dirty
Subject741,60,0.9082202982202983,0.9166666666666666,0.9166666666666666,recorded,7,8,plus_placement,rf,2570,10370,68d0e5f-dirty
Subject969,30,0.9288888888888889,0.9333333333333333,0.9333333333333333,recorded,7,8,plus_placement,rf,2570,10370,68d0e5f-dirty
Subject353,60,0.7867917267917268,0.8166666666666667,0.8166666666666667,new,7,17,none,rf,5161,0,68d0e5f-dirty
Subject354,60,0.873035113035113,0.8833333333333333,0.8833333333333333,new,7,17,none,rf,5161,0,68d0e5f-dirty
Subject455,60,0.9139153439153439,0.9166666666666666,0.9166666666666666,new,7,17,none,rf,5161,0,68d0e5f-dirty
Subject561,60,0.6893506493506494,0.7333333333333333,0.7333333333333333,new,7,17,none,rf,5161,0,68d0e5f-dirty
Subject729,60,0.9475132275132275,0.95,0.95,new,7,17,none,rf,5161,0,68d0e5f-dirty
Subject819,60,0.924886964886965,0.9333333333333333,0.9333333333333333,new,7,17,none,rf,5161,0,68d0e5f-dirty
Subject139,60,0.9644444444444444,0.9666666666666667,0.9666666666666667,recorded,7,17,none,rf,5161,0,68d0e5f-dirty
Subject147,31,0.9644444444444444,0.9666666666666667,0.967741935483871,recorded,7,17,none,rf,5161,0,68d0e5f-dirty
Subject226,30,0.8977777777777778,0.9,0.9,recorded,7,17,none,rf,5161,0,68d0e5f-dirty
Subject352,30,0.8755555555555555,0.9,0.9,recorded,7,17,none,rf,5161,0,68d0e5f-dirty
Subject376,60,0.8838095238095237,0.8833333333333333,0.8833333333333333,recorded,7,17,none,rf,5161,0,68d0e5f-dirty
Subject424,60,0.8288888888888889,0.85,0.85,recorded,7,17,none,rf,5161,0,68d0e5f-dirty
Subject494,60,0.8922751322751323,0.9,0.9,recorded,7,17,none,rf,5161,0,68d0e5f-dirty
Subject516,30,0.9333333333333333,0.9333333333333333,0.9333333333333333,recorded,7,17,none,rf,5161,0,68d0e5f-dirty
Subject571,30,1.0,1.0,1.0,recorded,7,17,none,rf,5161,0,68d0e5f-dirty
Subject580,90,0.889062049062049,0.888888888888889,0.8888888888888888,recorded,7,17,none,rf,5161,0,68d0e5f-dirty
Subject611,60,0.9492063492063493,0.95,0.95,recorded,7,17,none,rf,5161,0,68d0e5f-dirty
Subject731,30,0.9644444444444444,0.9666666666666667,0.9666666666666667,recorded,7,17,none,rf,5161,0,68d0e5f-dirty
Subject741,60,0.8967195767195766,0.9,0.9,recorded,7,17,none,rf,5161,0,68d0e5f-dirty
Subject867,60,0.9096296296296296,0.9166666666666666,0.9166666666666666,recorded,7,17,none,rf,5161,0,68d0e5f-dirty
Subject877,60,1.0,1.0,1.0,recorded,7,17,none,rf,5161,0,68d0e5f-dirty
Subject890,30,0.9111111111111111,0.9333333333333333,0.9333333333333333,recorded,7,17,none,rf,5161,0,68d0e5f-dirty
Subject969,30,0.8025396825396826,0.8333333333333334,0.8333333333333334,recorded,7,17,none,rf,5161,0,68d0e5f-dirty
Subject353,60,0.7685906685906686,0.8,0.8,new,7,17,tempo_intensity,rf,5161,20829,68d0e5f-dirty
Subject354,60,0.8222222222222222,0.8333333333333334,0.8333333333333334,new,7,17,tempo_intensity,rf,5161,20829,68d0e5f-dirty
Subject455,60,0.896103896103896,0.9,0.9,new,7,17,tempo_intensity,rf,5161,20829,68d0e5f-dirty
Subject561,60,0.7893314093314092,0.8166666666666667,0.8166666666666667,new,7,17,tempo_intensity,rf,5161,20829,68d0e5f-dirty
Subject729,60,0.9475132275132275,0.95,0.95,new,7,17,tempo_intensity,rf,5161,20829,68d0e5f-dirty
Subject819,60,0.8941798941798942,0.9166666666666666,0.9166666666666666,new,7,17,tempo_intensity,rf,5161,20829,68d0e5f-dirty
Subject139,60,0.9015873015873016,0.9166666666666666,0.9166666666666666,recorded,7,17,tempo_intensity,rf,5161,20829,68d0e5f-dirty
Subject147,31,0.9644444444444444,0.9666666666666667,0.967741935483871,recorded,7,17,tempo_intensity,rf,5161,20829,68d0e5f-dirty
Subject226,30,0.8977777777777778,0.9,0.9,recorded,7,17,tempo_intensity,rf,5161,20829,68d0e5f-dirty
Subject352,30,0.8755555555555555,0.9,0.9,recorded,7,17,tempo_intensity,rf,5161,20829,68d0e5f-dirty
Subject376,60,0.9331409331409332,0.9333333333333333,0.9333333333333333,recorded,7,17,tempo_intensity,rf,5161,20829,68d0e5f-dirty
Subject424,60,0.8,0.8333333333333334,0.8333333333333334,recorded,7,17,tempo_intensity,rf,5161,20829,68d0e5f-dirty
Subject494,60,0.931216931216931,0.9333333333333333,0.9333333333333333,recorded,7,17,tempo_intensity,rf,5161,20829,68d0e5f-dirty
Subject516,30,0.9333333333333333,0.9333333333333333,0.9333333333333333,recorded,7,17,tempo_intensity,rf,5161,20829,68d0e5f-dirty
Subject571,30,0.9644444444444444,0.9666666666666667,0.9666666666666667,recorded,7,17,tempo_intensity,rf,5161,20829,68d0e5f-dirty
Subject580,90,0.8675280275280275,0.8666666666666667,0.8666666666666667,recorded,7,17,tempo_intensity,rf,5161,20829,68d0e5f-dirty
Subject611,60,0.9661375661375663,0.9666666666666667,0.9666666666666667,recorded,7,17,tempo_intensity,rf,5161,20829,68d0e5f-dirty
Subject731,30,0.9288888888888889,0.9333333333333333,0.9333333333333333,recorded,7,17,tempo_intensity,rf,5161,20829,68d0e5f-dirty
Subject741,60,0.9136507936507935,0.9166666666666666,0.9166666666666666,recorded,7,17,tempo_intensity,rf,5161,20829,68d0e5f-dirty
Subject867,60,0.8926984126984128,0.9,0.9,recorded,7,17,tempo_intensity,rf,5161,20829,68d0e5f-dirty
Subject877,60,0.9830687830687831,0.9833333333333333,0.9833333333333333,recorded,7,17,tempo_intensity,rf,5161,20829,68d0e5f-dirty
Subject890,30,0.9111111111111111,0.9333333333333333,0.9333333333333333,recorded,7,17,tempo_intensity,rf,5161,20829,68d0e5f-dirty
Subject969,30,0.8755555555555555,0.9,0.9,recorded,7,17,tempo_intensity,rf,5161,20829,68d0e5f-dirty
Subject353,60,0.8088552188552189,0.8333333333333334,0.8333333333333334,new,7,17,plus_placement,rf,5161,20977,68d0e5f-dirty
Subject354,60,0.8962962962962963,0.9,0.9,new,7,17,plus_placement,rf,5161,20977,68d0e5f-dirty
Subject455,60,0.9248869648869648,0.9333333333333333,0.9333333333333333,new,7,17,plus_placement,rf,5161,20977,68d0e5f-dirty
Subject561,60,0.7711784511784512,0.8166666666666667,0.8166666666666667,new,7,17,plus_placement,rf,5161,20977,68d0e5f-dirty
Subject729,60,0.9830687830687831,0.9833333333333333,0.9833333333333333,new,7,17,plus_placement,rf,5161,20977,68d0e5f-dirty
Subject819,60,0.9661375661375662,0.9666666666666667,0.9666666666666667,new,7,17,plus_placement,rf,5161,20977,68d0e5f-dirty
Subject139,60,0.9830687830687831,0.9833333333333333,0.9833333333333333,recorded,7,17,plus_placement,rf,5161,20977,68d0e5f-dirty
Subject147,31,0.9644444444444444,0.9666666666666667,0.967741935483871,recorded,7,17,plus_placement,rf,5161,20977,68d0e5f-dirty
Subject226,30,0.8977777777777778,0.9,0.9,recorded,7,17,plus_placement,rf,5161,20977,68d0e5f-dirty
Subject352,30,0.8755555555555555,0.9,0.9,recorded,7,17,plus_placement,rf,5161,20977,68d0e5f-dirty
Subject376,60,0.9331409331409332,0.9333333333333333,0.9333333333333333,recorded,7,17,plus_placement,rf,5161,20977,68d0e5f-dirty
Subject424,60,0.8452910052910053,0.8666666666666667,0.8666666666666667,recorded,7,17,plus_placement,rf,5161,20977,68d0e5f-dirty
Subject494,60,0.9304232804232805,0.9333333333333333,0.9333333333333333,recorded,7,17,plus_placement,rf,5161,20977,68d0e5f-dirty
Subject516,30,0.9333333333333333,0.9333333333333333,0.9333333333333333,recorded,7,17,plus_placement,rf,5161,20977,68d0e5f-dirty
Subject571,30,1.0,1.0,1.0,recorded,7,17,plus_placement,rf,5161,20977,68d0e5f-dirty
Subject580,90,0.8965401265401265,0.9111111111111112,0.9111111111111111,recorded,7,17,plus_placement,rf,5161,20977,68d0e5f-dirty
Subject611,60,0.9661375661375663,0.9666666666666667,0.9666666666666667,recorded,7,17,plus_placement,rf,5161,20977,68d0e5f-dirty
Subject731,30,1.0,1.0,1.0,recorded,7,17,plus_placement,rf,5161,20977,68d0e5f-dirty
Subject741,60,0.9492063492063492,0.95,0.95,recorded,7,17,plus_placement,rf,5161,20977,68d0e5f-dirty
Subject867,60,0.9259259259259258,0.9333333333333333,0.9333333333333333,recorded,7,17,plus_placement,rf,5161,20977,68d0e5f-dirty
Subject877,60,1.0,1.0,1.0,recorded,7,17,plus_placement,rf,5161,20977,68d0e5f-dirty
Subject890,30,0.9644444444444444,0.9666666666666667,0.9666666666666667,recorded,7,17,plus_placement,rf,5161,20977,68d0e5f-dirty
Subject969,30,0.8444444444444444,0.8666666666666667,0.8666666666666667,recorded,7,17,plus_placement,rf,5161,20977,68d0e5f-dirty
Subject352,30,0.8222222222222222,0.8333333333333334,0.8333333333333334,new,8,2,none,rf,606,0,68d0e5f-dirty
Subject376,60,0.49042328042328037,0.5666666666666667,0.5666666666666667,new,8,2,none,rf,606,0,68d0e5f-dirty
Subject494,60,0.3646492940610587,0.45,0.45,new,8,2,none,rf,606,0,68d0e5f-dirty
Subject561,60,0.6903030303030303,0.75,0.75,new,8,2,none,rf,606,0,68d0e5f-dirty
Subject571,30,0.6355555555555555,0.7,0.7,new,8,2,none,rf,606,0,68d0e5f-dirty
Subject969,30,0.5111111111111112,0.6,0.6,new,8,2,none,rf,606,0,68d0e5f-dirty
Subject455,60,0.9506878306878307,0.95,0.95,recorded,8,2,none,rf,606,0,68d0e5f-dirty
Subject729,60,0.9830687830687831,0.9833333333333333,0.9833333333333333,recorded,8,2,none,rf,606,0,68d0e5f-dirty
Subject352,30,0.8755555555555555,0.9,0.9,new,8,2,tempo_intensity,rf,606,2381,68d0e5f-dirty
Subject376,60,0.4618722018722019,0.55,0.55,new,8,2,tempo_intensity,rf,606,2381,68d0e5f-dirty
Subject494,60,0.37969696969696975,0.45,0.45,new,8,2,tempo_intensity,rf,606,2381,68d0e5f-dirty
Subject561,60,0.6644444444444445,0.7333333333333333,0.7333333333333333,new,8,2,tempo_intensity,rf,606,2381,68d0e5f-dirty
Subject571,30,0.6711111111111111,0.7333333333333333,0.7333333333333333,new,8,2,tempo_intensity,rf,606,2381,68d0e5f-dirty
Subject969,30,0.568888888888889,0.6333333333333333,0.6333333333333333,new,8,2,tempo_intensity,rf,606,2381,68d0e5f-dirty
Subject455,60,0.9331409331409332,0.9333333333333333,0.9333333333333333,recorded,8,2,tempo_intensity,rf,606,2381,68d0e5f-dirty
Subject729,60,1.0,1.0,1.0,recorded,8,2,tempo_intensity,rf,606,2381,68d0e5f-dirty
Subject352,30,0.8222222222222222,0.8666666666666667,0.8666666666666667,new,8,2,plus_placement,rf,606,2447,68d0e5f-dirty
Subject376,60,0.4738491138491138,0.55,0.55,new,8,2,plus_placement,rf,606,2447,68d0e5f-dirty
Subject494,60,0.37969696969696975,0.45,0.45,new,8,2,plus_placement,rf,606,2447,68d0e5f-dirty
Subject561,60,0.6610774410774412,0.7333333333333333,0.7333333333333333,new,8,2,plus_placement,rf,606,2447,68d0e5f-dirty
Subject571,30,0.6355555555555555,0.7,0.7,new,8,2,plus_placement,rf,606,2447,68d0e5f-dirty
Subject969,30,0.5644444444444444,0.6333333333333333,0.6333333333333333,new,8,2,plus_placement,rf,606,2447,68d0e5f-dirty
Subject455,60,0.9492063492063493,0.95,0.95,recorded,8,2,plus_placement,rf,606,2447,68d0e5f-dirty
Subject729,60,1.0,1.0,1.0,recorded,8,2,plus_placement,rf,606,2447,68d0e5f-dirty
Subject352,30,0.8088888888888889,0.8333333333333334,0.8333333333333334,new,8,4,none,rf,1093,0,68d0e5f-dirty
Subject376,60,0.69505291005291,0.7166666666666667,0.7166666666666667,new,8,4,none,rf,1093,0,68d0e5f-dirty
Subject494,60,0.5358730158730158,0.6166666666666667,0.6166666666666667,new,8,4,none,rf,1093,0,68d0e5f-dirty
Subject561,60,0.6521885521885522,0.7333333333333333,0.7333333333333333,new,8,4,none,rf,1093,0,68d0e5f-dirty
Subject571,30,0.7185185185185184,0.7666666666666667,0.7666666666666667,new,8,4,none,rf,1093,0,68d0e5f-dirty
Subject969,30,0.6,0.6666666666666666,0.6666666666666666,new,8,4,none,rf,1093,0,68d0e5f-dirty
Subject455,60,0.9830687830687831,0.9833333333333333,0.9833333333333333,recorded,8,4,none,rf,1093,0,68d0e5f-dirty
Subject729,60,0.9830687830687831,0.9833333333333333,0.9833333333333333,recorded,8,4,none,rf,1093,0,68d0e5f-dirty
Subject741,60,0.897142857142857,0.9,0.9,recorded,8,4,none,rf,1093,0,68d0e5f-dirty
Subject867,60,0.9481481481481481,0.95,0.95,recorded,8,4,none,rf,1093,0,68d0e5f-dirty
Subject352,30,0.8444444444444444,0.8666666666666667,0.8666666666666667,new,8,4,tempo_intensity,rf,1093,4424,68d0e5f-dirty
Subject376,60,0.6602587276271487,0.7,0.7,new,8,4,tempo_intensity,rf,1093,4424,68d0e5f-dirty
Subject494,60,0.4797720797720798,0.55,0.55,new,8,4,tempo_intensity,rf,1093,4424,68d0e5f-dirty
Subject561,60,0.6595959595959596,0.7333333333333333,0.7333333333333333,new,8,4,tempo_intensity,rf,1093,4424,68d0e5f-dirty
Subject571,30,0.7185185185185184,0.7666666666666667,0.7666666666666667,new,8,4,tempo_intensity,rf,1093,4424,68d0e5f-dirty
Subject969,30,0.6,0.6666666666666666,0.6666666666666666,new,8,4,tempo_intensity,rf,1093,4424,68d0e5f-dirty
Subject455,60,0.9676190476190476,0.9666666666666667,0.9666666666666667,recorded,8,4,tempo_intensity,rf,1093,4424,68d0e5f-dirty
Subject729,60,1.0,1.0,1.0,recorded,8,4,tempo_intensity,rf,1093,4424,68d0e5f-dirty
Subject741,60,0.9136507936507937,0.9166666666666666,0.9166666666666666,recorded,8,4,tempo_intensity,rf,1093,4424,68d0e5f-dirty
Subject867,60,0.9418181818181818,0.95,0.95,recorded,8,4,tempo_intensity,rf,1093,4424,68d0e5f-dirty
Subject352,30,0.8444444444444444,0.8666666666666667,0.8666666666666667,new,8,4,plus_placement,rf,1093,4451,68d0e5f-dirty
Subject376,60,0.6522943722943723,0.7,0.7,new,8,4,plus_placement,rf,1093,4451,68d0e5f-dirty
Subject494,60,0.5217429193899783,0.6,0.6,new,8,4,plus_placement,rf,1093,4451,68d0e5f-dirty
Subject561,60,0.6595959595959596,0.7333333333333333,0.7333333333333333,new,8,4,plus_placement,rf,1093,4451,68d0e5f-dirty
Subject571,30,0.8333333333333334,0.8666666666666667,0.8666666666666667,new,8,4,plus_placement,rf,1093,4451,68d0e5f-dirty
Subject969,30,0.6,0.6666666666666666,0.6666666666666666,new,8,4,plus_placement,rf,1093,4451,68d0e5f-dirty
Subject455,60,0.9661375661375663,0.9666666666666667,0.9666666666666667,recorded,8,4,plus_placement,rf,1093,4451,68d0e5f-dirty
Subject729,60,1.0,1.0,1.0,recorded,8,4,plus_placement,rf,1093,4451,68d0e5f-dirty
Subject741,60,0.9331409331409332,0.9333333333333333,0.9333333333333333,recorded,8,4,plus_placement,rf,1093,4451,68d0e5f-dirty
Subject867,60,0.9119769119769121,0.9166666666666666,0.9166666666666666,recorded,8,4,plus_placement,rf,1093,4451,68d0e5f-dirty
Subject352,30,0.7644444444444445,0.8,0.8,new,8,8,none,rf,2407,0,68d0e5f-dirty
Subject376,60,0.7720634920634919,0.8,0.8,new,8,8,none,rf,2407,0,68d0e5f-dirty
Subject494,60,0.43407407407407406,0.5166666666666667,0.5166666666666667,new,8,8,none,rf,2407,0,68d0e5f-dirty
Subject561,60,0.6555555555555554,0.7333333333333333,0.7333333333333333,new,8,8,none,rf,2407,0,68d0e5f-dirty
Subject571,30,0.7444444444444444,0.8,0.8,new,8,8,none,rf,2407,0,68d0e5f-dirty
Subject969,30,0.6,0.6666666666666666,0.6666666666666666,new,8,8,none,rf,2407,0,68d0e5f-dirty
Subject353,60,0.8729292929292929,0.8833333333333333,0.8833333333333333,recorded,8,8,none,rf,2407,0,68d0e5f-dirty
Subject455,60,0.9830687830687831,0.9833333333333333,0.9833333333333333,recorded,8,8,none,rf,2407,0,68d0e5f-dirty
Subject580,90,0.9088755688755689,0.9111111111111112,0.9111111111111111,recorded,8,8,none,rf,2407,0,68d0e5f-dirty
Subject729,60,0.9830687830687831,0.9833333333333333,0.9833333333333333,recorded,8,8,none,rf,2407,0,68d0e5f-dirty
Subject731,30,0.9644444444444444,0.9666666666666667,0.9666666666666667,recorded,8,8,none,rf,2407,0,68d0e5f-dirty
Subject741,60,0.8867724867724868,0.9,0.9,recorded,8,8,none,rf,2407,0,68d0e5f-dirty
Subject819,60,0.8941798941798942,0.9166666666666666,0.9166666666666666,recorded,8,8,none,rf,2407,0,68d0e5f-dirty
Subject867,60,0.9119769119769121,0.9166666666666666,0.9166666666666666,recorded,8,8,none,rf,2407,0,68d0e5f-dirty
Subject352,30,0.7866666666666666,0.8,0.8,new,8,8,tempo_intensity,rf,2407,9640,68d0e5f-dirty
Subject376,60,0.7172486772486771,0.75,0.75,new,8,8,tempo_intensity,rf,2407,9640,68d0e5f-dirty
Subject494,60,0.5324734524734525,0.5833333333333334,0.5833333333333334,new,8,8,tempo_intensity,rf,2407,9640,68d0e5f-dirty
Subject561,60,0.7321019721019721,0.7833333333333333,0.7833333333333333,new,8,8,tempo_intensity,rf,2407,9640,68d0e5f-dirty
Subject571,30,0.7444444444444444,0.8,0.8,new,8,8,tempo_intensity,rf,2407,9640,68d0e5f-dirty
Subject969,30,0.6,0.6666666666666666,0.6666666666666666,new,8,8,tempo_intensity,rf,2407,9640,68d0e5f-dirty
Subject353,60,0.8903896103896103,0.9,0.9,recorded,8,8,tempo_intensity,rf,2407,9640,68d0e5f-dirty
Subject455,60,1.0,1.0,1.0,recorded,8,8,tempo_intensity,rf,2407,9640,68d0e5f-dirty
Subject580,90,0.8773115773115773,0.8777777777777779,0.8777777777777778,recorded,8,8,tempo_intensity,rf,2407,9640,68d0e5f-dirty
Subject729,60,0.9661375661375662,0.9666666666666667,0.9666666666666667,recorded,8,8,tempo_intensity,rf,2407,9640,68d0e5f-dirty
Subject731,30,1.0,1.0,1.0,recorded,8,8,tempo_intensity,rf,2407,9640,68d0e5f-dirty
Subject741,60,0.9322751322751324,0.9333333333333333,0.9333333333333333,recorded,8,8,tempo_intensity,rf,2407,9640,68d0e5f-dirty
Subject819,60,0.8941798941798942,0.9166666666666666,0.9166666666666666,recorded,8,8,tempo_intensity,rf,2407,9640,68d0e5f-dirty
Subject867,60,0.9311111111111111,0.9333333333333333,0.9333333333333333,recorded,8,8,tempo_intensity,rf,2407,9640,68d0e5f-dirty
Subject352,30,0.7777777777777778,0.8,0.8,new,8,8,plus_placement,rf,2407,9805,68d0e5f-dirty
Subject376,60,0.7141798941798941,0.75,0.75,new,8,8,plus_placement,rf,2407,9805,68d0e5f-dirty
Subject494,60,0.43515151515151523,0.5,0.5,new,8,8,plus_placement,rf,2407,9805,68d0e5f-dirty
Subject561,60,0.788981388981389,0.8333333333333334,0.8333333333333334,new,8,8,plus_placement,rf,2407,9805,68d0e5f-dirty
Subject571,30,0.846984126984127,0.8666666666666667,0.8666666666666667,new,8,8,plus_placement,rf,2407,9805,68d0e5f-dirty
Subject969,30,0.6577777777777778,0.7,0.7,new,8,8,plus_placement,rf,2407,9805,68d0e5f-dirty
Subject353,60,0.8729292929292929,0.8833333333333333,0.8833333333333333,recorded,8,8,plus_placement,rf,2407,9805,68d0e5f-dirty
Subject455,60,1.0,1.0,1.0,recorded,8,8,plus_placement,rf,2407,9805,68d0e5f-dirty
Subject580,90,0.869095349095349,0.8666666666666667,0.8666666666666667,recorded,8,8,plus_placement,rf,2407,9805,68d0e5f-dirty
Subject729,60,1.0,1.0,1.0,recorded,8,8,plus_placement,rf,2407,9805,68d0e5f-dirty
Subject731,30,1.0,1.0,1.0,recorded,8,8,plus_placement,rf,2407,9805,68d0e5f-dirty
Subject741,60,0.9291005291005291,0.9333333333333333,0.9333333333333333,recorded,8,8,plus_placement,rf,2407,9805,68d0e5f-dirty
Subject819,60,0.8941798941798942,0.9166666666666666,0.9166666666666666,recorded,8,8,plus_placement,rf,2407,9805,68d0e5f-dirty
Subject867,60,0.8888888888888888,0.9,0.9,recorded,8,8,plus_placement,rf,2407,9805,68d0e5f-dirty
Subject352,30,0.8444444444444444,0.8666666666666667,0.8666666666666667,new,8,17,none,rf,4929,0,68d0e5f-dirty
Subject376,60,0.8062049062049061,0.8166666666666667,0.8166666666666667,new,8,17,none,rf,4929,0,68d0e5f-dirty
Subject494,60,0.47958803723509613,0.5666666666666667,0.5666666666666667,new,8,17,none,rf,4929,0,68d0e5f-dirty
Subject561,60,0.6555555555555554,0.7333333333333333,0.7333333333333333,new,8,17,none,rf,4929,0,68d0e5f-dirty
Subject571,30,0.7444444444444444,0.8,0.8,new,8,17,none,rf,4929,0,68d0e5f-dirty
Subject969,30,0.5733333333333334,0.6333333333333333,0.6333333333333333,new,8,17,none,rf,4929,0,68d0e5f-dirty
Subject139,60,1.0,1.0,1.0,recorded,8,17,none,rf,4929,0,68d0e5f-dirty
Subject147,31,0.9644444444444444,0.9666666666666667,0.967741935483871,recorded,8,17,none,rf,4929,0,68d0e5f-dirty
Subject226,30,0.9111111111111111,0.9333333333333333,0.9333333333333333,recorded,8,17,none,rf,4929,0,68d0e5f-dirty
Subject353,60,0.8173737373737374,0.85,0.85,recorded,8,17,none,rf,4929,0,68d0e5f-dirty
Subject354,60,0.9305820105820106,0.9333333333333333,0.9333333333333333,recorded,8,17,none,rf,4929,0,68d0e5f-dirty
Subject424,60,0.8442002442002443,0.8666666666666667,0.8666666666666667,recorded,8,17,none,rf,4929,0,68d0e5f-dirty
Subject455,60,1.0,1.0,1.0,recorded,8,17,none,rf,4929,0,68d0e5f-dirty
Subject516,30,0.8755555555555555,0.9,0.9,recorded,8,17,none,rf,4929,0,68d0e5f-dirty
Subject580,90,0.9106449106449105,0.9111111111111112,0.9111111111111111,recorded,8,17,none,rf,4929,0,68d0e5f-dirty
Subject611,60,0.9475132275132275,0.95,0.95,recorded,8,17,none,rf,4929,0,68d0e5f-dirty
Subject729,60,0.9830687830687831,0.9833333333333333,0.9833333333333333,recorded,8,17,none,rf,4929,0,68d0e5f-dirty
Subject731,30,0.9644444444444444,0.9666666666666667,0.9666666666666667,recorded,8,17,none,rf,4929,0,68d0e5f-dirty
Subject741,60,0.9492063492063493,0.95,0.95,recorded,8,17,none,rf,4929,0,68d0e5f-dirty
Subject819,60,0.8941798941798942,0.9166666666666666,0.9166666666666666,recorded,8,17,none,rf,4929,0,68d0e5f-dirty
Subject867,60,0.9311111111111111,0.9333333333333333,0.9333333333333333,recorded,8,17,none,rf,4929,0,68d0e5f-dirty
Subject877,60,1.0,1.0,1.0,recorded,8,17,none,rf,4929,0,68d0e5f-dirty
Subject890,30,0.8333333333333334,0.8666666666666667,0.8666666666666667,recorded,8,17,none,rf,4929,0,68d0e5f-dirty
Subject352,30,0.8444444444444444,0.8666666666666667,0.8666666666666667,new,8,17,tempo_intensity,rf,4929,19977,68d0e5f-dirty
Subject376,60,0.8297883597883597,0.8333333333333334,0.8333333333333334,new,8,17,tempo_intensity,rf,4929,19977,68d0e5f-dirty
Subject494,60,0.5100721500721501,0.5666666666666667,0.5666666666666667,new,8,17,tempo_intensity,rf,4929,19977,68d0e5f-dirty
Subject561,60,0.7383993783993784,0.7833333333333333,0.7833333333333333,new,8,17,tempo_intensity,rf,4929,19977,68d0e5f-dirty
Subject571,30,0.7444444444444444,0.8,0.8,new,8,17,tempo_intensity,rf,4929,19977,68d0e5f-dirty
Subject969,30,0.5733333333333334,0.6333333333333333,0.6333333333333333,new,8,17,tempo_intensity,rf,4929,19977,68d0e5f-dirty
Subject139,60,0.9475132275132275,0.95,0.95,recorded,8,17,tempo_intensity,rf,4929,19977,68d0e5f-dirty
Subject147,31,0.9644444444444444,0.9666666666666667,0.967741935483871,recorded,8,17,tempo_intensity,rf,4929,19977,68d0e5f-dirty
Subject226,30,0.9644444444444444,0.9666666666666667,0.9666666666666667,recorded,8,17,tempo_intensity,rf,4929,19977,68d0e5f-dirty
Subject353,60,0.8537950937950939,0.8666666666666667,0.8666666666666667,recorded,8,17,tempo_intensity,rf,4929,19977,68d0e5f-dirty
Subject354,60,0.9644444444444444,0.9666666666666667,0.9666666666666667,recorded,8,17,tempo_intensity,rf,4929,19977,68d0e5f-dirty
Subject424,60,0.8116402116402117,0.8333333333333334,0.8333333333333334,recorded,8,17,tempo_intensity,rf,4929,19977,68d0e5f-dirty
Subject455,60,1.0,1.0,1.0,recorded,8,17,tempo_intensity,rf,4929,19977,68d0e5f-dirty
Subject516,30,0.9644444444444444,0.9666666666666667,0.9666666666666667,recorded,8,17,tempo_intensity,rf,4929,19977,68d0e5f-dirty
Subject580,90,0.8808003108003108,0.8777777777777779,0.8777777777777778,recorded,8,17,tempo_intensity,rf,4929,19977,68d0e5f-dirty
Subject611,60,0.9830687830687831,0.9833333333333333,0.9833333333333333,recorded,8,17,tempo_intensity,rf,4929,19977,68d0e5f-dirty
Subject729,60,0.9830687830687831,0.9833333333333333,0.9833333333333333,recorded,8,17,tempo_intensity,rf,4929,19977,68d0e5f-dirty
Subject731,30,1.0,1.0,1.0,recorded,8,17,tempo_intensity,rf,4929,19977,68d0e5f-dirty
Subject741,60,0.9497354497354498,0.95,0.95,recorded,8,17,tempo_intensity,rf,4929,19977,68d0e5f-dirty
Subject819,60,0.8941798941798942,0.9166666666666666,0.9166666666666666,recorded,8,17,tempo_intensity,rf,4929,19977,68d0e5f-dirty
Subject867,60,0.9481481481481481,0.95,0.95,recorded,8,17,tempo_intensity,rf,4929,19977,68d0e5f-dirty
Subject877,60,1.0,1.0,1.0,recorded,8,17,tempo_intensity,rf,4929,19977,68d0e5f-dirty
Subject890,30,0.8800000000000001,0.9,0.9,recorded,8,17,tempo_intensity,rf,4929,19977,68d0e5f-dirty
Subject352,30,0.8444444444444444,0.8666666666666667,0.8666666666666667,new,8,17,plus_placement,rf,4929,20049,68d0e5f-dirty
Subject376,60,0.9164742664742663,0.9166666666666666,0.9166666666666666,new,8,17,plus_placement,rf,4929,20049,68d0e5f-dirty
Subject494,60,0.4915536315536316,0.55,0.55,new,8,17,plus_placement,rf,4929,20049,68d0e5f-dirty
Subject561,60,0.7076923076923076,0.7666666666666667,0.7666666666666667,new,8,17,plus_placement,rf,4929,20049,68d0e5f-dirty
Subject571,30,0.7936507936507937,0.8333333333333334,0.8333333333333334,new,8,17,plus_placement,rf,4929,20049,68d0e5f-dirty
Subject969,30,0.7066666666666667,0.7666666666666667,0.7666666666666667,new,8,17,plus_placement,rf,4929,20049,68d0e5f-dirty
Subject139,60,0.9661375661375663,0.9666666666666667,0.9666666666666667,recorded,8,17,plus_placement,rf,4929,20049,68d0e5f-dirty
Subject147,31,0.9111111111111111,0.9333333333333333,0.9354838709677419,recorded,8,17,plus_placement,rf,4929,20049,68d0e5f-dirty
Subject226,30,0.9644444444444444,0.9666666666666667,0.9666666666666667,recorded,8,17,plus_placement,rf,4929,20049,68d0e5f-dirty
Subject353,60,0.826060606060606,0.8333333333333334,0.8333333333333334,recorded,8,17,plus_placement,rf,4929,20049,68d0e5f-dirty
Subject354,60,0.9644444444444444,0.9666666666666667,0.9666666666666667,recorded,8,17,plus_placement,rf,4929,20049,68d0e5f-dirty
Subject424,60,0.8116402116402117,0.8333333333333334,0.8333333333333334,recorded,8,17,plus_placement,rf,4929,20049,68d0e5f-dirty
Subject455,60,1.0,1.0,1.0,recorded,8,17,plus_placement,rf,4929,20049,68d0e5f-dirty
Subject516,30,0.9111111111111111,0.9333333333333333,0.9333333333333333,recorded,8,17,plus_placement,rf,4929,20049,68d0e5f-dirty
Subject580,90,0.8782284382284381,0.8777777777777779,0.8777777777777778,recorded,8,17,plus_placement,rf,4929,20049,68d0e5f-dirty
Subject611,60,0.9830687830687831,0.9833333333333333,0.9833333333333333,recorded,8,17,plus_placement,rf,4929,20049,68d0e5f-dirty
Subject729,60,0.9661375661375662,0.9666666666666667,0.9666666666666667,recorded,8,17,plus_placement,rf,4929,20049,68d0e5f-dirty
Subject731,30,1.0,1.0,1.0,recorded,8,17,plus_placement,rf,4929,20049,68d0e5f-dirty
Subject741,60,0.9473544973544974,0.95,0.95,recorded,8,17,plus_placement,rf,4929,20049,68d0e5f-dirty
Subject819,60,0.8941798941798942,0.9166666666666666,0.9166666666666666,recorded,8,17,plus_placement,rf,4929,20049,68d0e5f-dirty
Subject867,60,0.9119769119769121,0.9166666666666666,0.9166666666666666,recorded,8,17,plus_placement,rf,4929,20049,68d0e5f-dirty
Subject877,60,1.0,1.0,1.0,recorded,8,17,plus_placement,rf,4929,20049,68d0e5f-dirty
Subject890,30,0.8800000000000001,0.9,0.9,recorded,8,17,plus_placement,rf,4929,20049,68d0e5f-dirty
Subject139,60,0.641077441077441,0.7333333333333333,0.7333333333333333,new,9,2,none,rf,648,0,68d0e5f-dirty
Subject226,30,0.5444444444444444,0.6333333333333333,0.6333333333333333,new,9,2,none,rf,648,0,68d0e5f-dirty
Subject424,60,0.6351515151515151,0.6666666666666666,0.6666666666666666,new,9,2,none,rf,648,0,68d0e5f-dirty
Subject611,60,0.6334006734006734,0.6666666666666666,0.6666666666666666,new,9,2,none,rf,648,0,68d0e5f-dirty
Subject819,60,0.5413623413623413,0.6333333333333333,0.6333333333333333,new,9,2,none,rf,648,0,68d0e5f-dirty
Subject867,60,0.6740415140415139,0.7,0.7,new,9,2,none,rf,648,0,68d0e5f-dirty
Subject494,60,0.9492063492063493,0.95,0.95,recorded,9,2,none,rf,648,0,68d0e5f-dirty
Subject571,30,0.8755555555555555,0.9,0.9,recorded,9,2,none,rf,648,0,68d0e5f-dirty
Subject139,60,0.6418722018722018,0.7166666666666667,0.7166666666666667,new,9,2,tempo_intensity,rf,648,2632,68d0e5f-dirty
Subject226,30,0.48888888888888893,0.6,0.6,new,9,2,tempo_intensity,rf,648,2632,68d0e5f-dirty
Subject424,60,0.6005483405483406,0.65,0.65,new,9,2,tempo_intensity,rf,648,2632,68d0e5f-dirty
Subject611,60,0.5737758537758537,0.6,0.6,new,9,2,tempo_intensity,rf,648,2632,68d0e5f-dirty
Subject819,60,0.5242459392459392,0.6,0.6,new,9,2,tempo_intensity,rf,648,2632,68d0e5f-dirty
Subject867,60,0.6041798941798942,0.65,0.65,new,9,2,tempo_intensity,rf,648,2632,68d0e5f-dirty
Subject494,60,0.9492063492063493,0.95,0.95,recorded,9,2,tempo_intensity,rf,648,2632,68d0e5f-dirty
Subject571,30,0.8222222222222222,0.8666666666666667,0.8666666666666667,recorded,9,2,tempo_intensity,rf,648,2632,68d0e5f-dirty
Subject139,60,0.6242291042291043,0.6833333333333333,0.6833333333333333,new,9,2,plus_placement,rf,648,2595,68d0e5f-dirty
Subject226,30,0.5158730158730159,0.6,0.6,new,9,2,plus_placement,rf,648,2595,68d0e5f-dirty
Subject424,60,0.6299470899470899,0.6666666666666666,0.6666666666666666,new,9,2,plus_placement,rf,648,2595,68d0e5f-dirty
Subject611,60,0.6088888888888888,0.6666666666666666,0.6666666666666666,new,9,2,plus_placement,rf,648,2595,68d0e5f-dirty
Subject819,60,0.5443650793650793,0.5833333333333334,0.5833333333333334,new,9,2,plus_placement,rf,648,2595,68d0e5f-dirty
Subject867,60,0.577936507936508,0.6333333333333333,0.6333333333333333,new,9,2,plus_placement,rf,648,2595,68d0e5f-dirty
Subject494,60,0.9492063492063493,0.95,0.95,recorded,9,2,plus_placement,rf,648,2595,68d0e5f-dirty
Subject571,30,0.8222222222222222,0.8666666666666667,0.8666666666666667,recorded,9,2,plus_placement,rf,648,2595,68d0e5f-dirty
Subject139,60,0.7282924482924483,0.7666666666666667,0.7666666666666667,new,9,4,none,rf,1360,0,68d0e5f-dirty
Subject226,30,0.6155555555555555,0.7,0.7,new,9,4,none,rf,1360,0,68d0e5f-dirty
Subject424,60,0.7444444444444444,0.8,0.8,new,9,4,none,rf,1360,0,68d0e5f-dirty
Subject611,60,0.6980482480482482,0.75,0.75,new,9,4,none,rf,1360,0,68d0e5f-dirty
Subject819,60,0.6548148148148148,0.7333333333333333,0.7333333333333333,new,9,4,none,rf,1360,0,68d0e5f-dirty
Subject867,60,0.5639501239501239,0.6333333333333333,0.6333333333333333,new,9,4,none,rf,1360,0,68d0e5f-dirty
Subject352,30,0.8755555555555555,0.9,0.9,recorded,9,4,none,rf,1360,0,68d0e5f-dirty
Subject494,60,0.907955747955748,0.9166666666666666,0.9166666666666666,recorded,9,4,none,rf,1360,0,68d0e5f-dirty
Subject516,30,0.8222222222222222,0.8666666666666667,0.8666666666666667,recorded,9,4,none,rf,1360,0,68d0e5f-dirty
Subject571,30,0.8222222222222222,0.8666666666666667,0.8666666666666667,recorded,9,4,none,rf,1360,0,68d0e5f-dirty
Subject139,60,0.6499145299145298,0.7,0.7,new,9,4,tempo_intensity,rf,1360,5536,68d0e5f-dirty
Subject226,30,0.6155555555555555,0.7,0.7,new,9,4,tempo_intensity,rf,1360,5536,68d0e5f-dirty
Subject424,60,0.7444444444444444,0.8,0.8,new,9,4,tempo_intensity,rf,1360,5536,68d0e5f-dirty
Subject611,60,0.6592592592592593,0.7166666666666667,0.7166666666666667,new,9,4,tempo_intensity,rf,1360,5536,68d0e5f-dirty
Subject819,60,0.6666281866281866,0.7166666666666667,0.7166666666666667,new,9,4,tempo_intensity,rf,1360,5536,68d0e5f-dirty
Subject867,60,0.5487445887445886,0.6166666666666667,0.6166666666666667,new,9,4,tempo_intensity,rf,1360,5536,68d0e5f-dirty
Subject352,30,0.8577777777777776,0.8666666666666667,0.8666666666666667,recorded,9,4,tempo_intensity,rf,1360,5536,68d0e5f-dirty
Subject494,60,0.8884656084656086,0.9,0.9,recorded,9,4,tempo_intensity,rf,1360,5536,68d0e5f-dirty
Subject516,30,0.84,0.8666666666666667,0.8666666666666667,recorded,9,4,tempo_intensity,rf,1360,5536,68d0e5f-dirty
Subject571,30,0.8,0.8333333333333334,0.8333333333333334,recorded,9,4,tempo_intensity,rf,1360,5536,68d0e5f-dirty
Subject139,60,0.6608465608465609,0.7166666666666667,0.7166666666666667,new,9,4,plus_placement,rf,1360,5579,68d0e5f-dirty
Subject226,30,0.5844444444444444,0.6666666666666666,0.6666666666666666,new,9,4,plus_placement,rf,1360,5579,68d0e5f-dirty
Subject424,60,0.7241462241462241,0.7833333333333333,0.7833333333333333,new,9,4,plus_placement,rf,1360,5579,68d0e5f-dirty
Subject611,60,0.6607081807081807,0.7166666666666667,0.7166666666666667,new,9,4,plus_placement,rf,1360,5579,68d0e5f-dirty
Subject819,60,0.6541798941798941,0.7166666666666667,0.7166666666666667,new,9,4,plus_placement,rf,1360,5579,68d0e5f-dirty
Subject867,60,0.5565811965811968,0.6333333333333333,0.6333333333333333,new,9,4,plus_placement,rf,1360,5579,68d0e5f-dirty
Subject352,30,0.9288888888888888,0.9333333333333333,0.9333333333333333,recorded,9,4,plus_placement,rf,1360,5579,68d0e5f-dirty
Subject494,60,0.9475132275132275,0.95,0.95,recorded,9,4,plus_placement,rf,1360,5579,68d0e5f-dirty
Subject516,30,0.8755555555555555,0.9,0.9,recorded,9,4,plus_placement,rf,1360,5579,68d0e5f-dirty
Subject571,30,0.8222222222222222,0.8666666666666667,0.8666666666666667,recorded,9,4,plus_placement,rf,1360,5579,68d0e5f-dirty
Subject139,60,0.8162289562289562,0.85,0.85,new,9,8,none,rf,2517,0,68d0e5f-dirty
Subject226,30,0.6888888888888888,0.7666666666666667,0.7666666666666667,new,9,8,none,rf,2517,0,68d0e5f-dirty
Subject424,60,0.7564021164021164,0.8,0.8,new,9,8,none,rf,2517,0,68d0e5f-dirty
Subject611,60,0.8765811965811966,0.8833333333333333,0.8833333333333333,new,9,8,none,rf,2517,0,68d0e5f-dirty
Subject819,60,0.7922751322751324,0.8166666666666667,0.8166666666666667,new,9,8,none,rf,2517,0,68d0e5f-dirty
Subject867,60,0.7498412698412698,0.7833333333333333,0.7833333333333333,new,9,8,none,rf,2517,0,68d0e5f-dirty
Subject352,30,0.9644444444444444,0.9666666666666667,0.9666666666666667,recorded,9,8,none,rf,2517,0,68d0e5f-dirty
Subject455,60,0.9664021164021165,0.9666666666666667,0.9666666666666667,recorded,9,8,none,rf,2517,0,68d0e5f-dirty
Subject494,60,0.9475132275132274,0.95,0.95,recorded,9,8,none,rf,2517,0,68d0e5f-dirty
Subject516,30,0.9644444444444444,0.9666666666666667,0.9666666666666667,recorded,9,8,none,rf,2517,0,68d0e5f-dirty
Subject571,30,0.8755555555555555,0.9,0.9,recorded,9,8,none,rf,2517,0,68d0e5f-dirty
Subject729,60,0.9475132275132275,0.95,0.95,recorded,9,8,none,rf,2517,0,68d0e5f-dirty
Subject731,30,0.9066666666666667,0.9333333333333333,0.9333333333333333,recorded,9,8,none,rf,2517,0,68d0e5f-dirty
Subject741,60,0.9259259259259258,0.9333333333333333,0.9333333333333333,recorded,9,8,none,rf,2517,0,68d0e5f-dirty
Subject139,60,0.7497017797017798,0.8,0.8,new,9,8,tempo_intensity,rf,2517,10133,68d0e5f-dirty
Subject226,30,0.6733333333333335,0.7333333333333333,0.7333333333333333,new,9,8,tempo_intensity,rf,2517,10133,68d0e5f-dirty
Subject424,60,0.7208465608465608,0.7666666666666667,0.7666666666666667,new,9,8,tempo_intensity,rf,2517,10133,68d0e5f-dirty
Subject611,60,0.912136752136752,0.9166666666666666,0.9166666666666666,new,9,8,tempo_intensity,rf,2517,10133,68d0e5f-dirty
Subject819,60,0.7898027898027898,0.8333333333333334,0.8333333333333334,new,9,8,tempo_intensity,rf,2517,10133,68d0e5f-dirty
Subject867,60,0.6787168387168389,0.7166666666666667,0.7166666666666667,new,9,8,tempo_intensity,rf,2517,10133,68d0e5f-dirty
Subject352,30,0.9288888888888889,0.9333333333333333,0.9333333333333333,recorded,9,8,tempo_intensity,rf,2517,10133,68d0e5f-dirty
Subject455,60,0.9664021164021165,0.9666666666666667,0.9666666666666667,recorded,9,8,tempo_intensity,rf,2517,10133,68d0e5f-dirty
Subject494,60,0.9053968253968255,0.9166666666666666,0.9166666666666666,recorded,9,8,tempo_intensity,rf,2517,10133,68d0e5f-dirty
Subject516,30,0.9288888888888889,0.9333333333333333,0.9333333333333333,recorded,9,8,tempo_intensity,rf,2517,10133,68d0e5f-dirty
Subject571,30,0.8755555555555555,0.9,0.9,recorded,9,8,tempo_intensity,rf,2517,10133,68d0e5f-dirty
Subject729,60,0.9644444444444444,0.9666666666666667,0.9666666666666667,recorded,9,8,tempo_intensity,rf,2517,10133,68d0e5f-dirty
Subject731,30,0.8755555555555555,0.9,0.9,recorded,9,8,tempo_intensity,rf,2517,10133,68d0e5f-dirty
Subject741,60,0.9111111111111111,0.9166666666666666,0.9166666666666666,recorded,9,8,tempo_intensity,rf,2517,10133,68d0e5f-dirty
Subject139,60,0.7307070707070707,0.7833333333333333,0.7833333333333333,new,9,8,plus_placement,rf,2517,10120,68d0e5f-dirty
Subject226,30,0.6644444444444445,0.7333333333333333,0.7333333333333333,new,9,8,plus_placement,rf,2517,10120,68d0e5f-dirty
Subject424,60,0.7394708994708996,0.7833333333333333,0.7833333333333333,new,9,8,plus_placement,rf,2517,10120,68d0e5f-dirty
Subject611,60,0.9500721500721501,0.95,0.95,new,9,8,plus_placement,rf,2517,10120,68d0e5f-dirty
Subject819,60,0.8423280423280423,0.8666666666666667,0.8666666666666667,new,9,8,plus_placement,rf,2517,10120,68d0e5f-dirty
Subject867,60,0.7071091871091871,0.75,0.75,new,9,8,plus_placement,rf,2517,10120,68d0e5f-dirty
Subject352,30,0.9644444444444444,0.9666666666666667,0.9666666666666667,recorded,9,8,plus_placement,rf,2517,10120,68d0e5f-dirty
Subject455,60,0.9664021164021165,0.9666666666666667,0.9666666666666667,recorded,9,8,plus_placement,rf,2517,10120,68d0e5f-dirty
Subject494,60,0.962962962962963,0.9666666666666667,0.9666666666666667,recorded,9,8,plus_placement,rf,2517,10120,68d0e5f-dirty
Subject516,30,0.9288888888888889,0.9333333333333333,0.9333333333333333,recorded,9,8,plus_placement,rf,2517,10120,68d0e5f-dirty
Subject571,30,0.9111111111111111,0.9333333333333333,0.9333333333333333,recorded,9,8,plus_placement,rf,2517,10120,68d0e5f-dirty
Subject729,60,0.9644444444444444,0.9666666666666667,0.9666666666666667,recorded,9,8,plus_placement,rf,2517,10120,68d0e5f-dirty
Subject731,30,0.9066666666666667,0.9333333333333333,0.9333333333333333,recorded,9,8,plus_placement,rf,2517,10120,68d0e5f-dirty
Subject741,60,0.9111111111111111,0.9166666666666666,0.9166666666666666,recorded,9,8,plus_placement,rf,2517,10120,68d0e5f-dirty
Subject139,60,0.9492063492063493,0.95,0.95,new,9,17,none,rf,5313,0,68d0e5f-dirty
Subject226,30,0.6914285714285715,0.7333333333333333,0.7333333333333333,new,9,17,none,rf,5313,0,68d0e5f-dirty
Subject424,60,0.7582202982202982,0.8,0.8,new,9,17,none,rf,5313,0,68d0e5f-dirty
Subject611,60,0.9333333333333332,0.9333333333333333,0.9333333333333333,new,9,17,none,rf,5313,0,68d0e5f-dirty
Subject819,60,0.8596499796499797,0.8666666666666667,0.8666666666666667,new,9,17,none,rf,5313,0,68d0e5f-dirty
Subject867,60,0.8372486772486774,0.85,0.85,new,9,17,none,rf,5313,0,68d0e5f-dirty
Subject147,31,0.9644444444444444,0.9666666666666667,0.967741935483871,recorded,9,17,none,rf,5313,0,68d0e5f-dirty
Subject352,30,0.8755555555555555,0.9,0.9,recorded,9,17,none,rf,5313,0,68d0e5f-dirty
Subject353,60,0.8410774410774411,0.8666666666666667,0.8666666666666667,recorded,9,17,none,rf,5313,0,68d0e5f-dirty
Subject354,60,0.9644444444444444,0.9666666666666667,0.9666666666666667,recorded,9,17,none,rf,5313,0,68d0e5f-dirty
Subject376,60,0.8790476190476191,0.8833333333333333,0.8833333333333333,recorded,9,17,none,rf,5313,0,68d0e5f-dirty
Subject455,60,1.0,1.0,1.0,recorded,9,17,none,rf,5313,0,68d0e5f-dirty
Subject494,60,0.9830687830687831,0.9833333333333333,0.9833333333333333,recorded,9,17,none,rf,5313,0,68d0e5f-dirty
Subject516,30,0.9288888888888889,0.9333333333333333,0.9333333333333333,recorded,9,17,none,rf,5313,0,68d0e5f-dirty
Subject561,60,0.9418181818181818,0.95,0.95,recorded,9,17,none,rf,5313,0,68d0e5f-dirty
Subject571,30,1.0,1.0,1.0,recorded,9,17,none,rf,5313,0,68d0e5f-dirty
Subject580,90,0.8842890442890442,0.888888888888889,0.8888888888888888,recorded,9,17,none,rf,5313,0,68d0e5f-dirty
Subject729,60,1.0,1.0,1.0,recorded,9,17,none,rf,5313,0,68d0e5f-dirty
Subject731,30,0.9644444444444444,0.9666666666666667,0.9666666666666667,recorded,9,17,none,rf,5313,0,68d0e5f-dirty
Subject741,60,0.9088888888888889,0.9166666666666666,0.9166666666666666,recorded,9,17,none,rf,5313,0,68d0e5f-dirty
Subject877,60,0.9830687830687831,0.9833333333333333,0.9833333333333333,recorded,9,17,none,rf,5313,0,68d0e5f-dirty
Subject890,30,1.0,1.0,1.0,recorded,9,17,none,rf,5313,0,68d0e5f-dirty
Subject969,30,0.8333333333333334,0.8666666666666667,0.8666666666666667,recorded,9,17,none,rf,5313,0,68d0e5f-dirty
Subject139,60,0.8967195767195768,0.9,0.9,new,9,17,tempo_intensity,rf,5313,21550,68d0e5f-dirty
Subject226,30,0.6733333333333335,0.7333333333333333,0.7333333333333333,new,9,17,tempo_intensity,rf,5313,21550,68d0e5f-dirty
Subject424,60,0.7582202982202982,0.8,0.8,new,9,17,tempo_intensity,rf,5313,21550,68d0e5f-dirty
Subject611,60,0.9500721500721501,0.95,0.95,new,9,17,tempo_intensity,rf,5313,21550,68d0e5f-dirty
Subject819,60,0.8033862433862434,0.8333333333333334,0.8333333333333334,new,9,17,tempo_intensity,rf,5313,21550,68d0e5f-dirty
Subject867,60,0.7386243386243386,0.7833333333333333,0.7833333333333333,new,9,17,tempo_intensity,rf,5313,21550,68d0e5f-dirty
Subject147,31,0.9311111111111111,0.9333333333333333,0.9354838709677419,recorded,9,17,tempo_intensity,rf,5313,21550,68d0e5f-dirty
Subject352,30,0.8755555555555555,0.9,0.9,recorded,9,17,tempo_intensity,rf,5313,21550,68d0e5f-dirty
Subject353,60,0.9164021164021163,0.9166666666666666,0.9166666666666666,recorded,9,17,tempo_intensity,rf,5313,21550,68d0e5f-dirty
Subject354,60,0.9111111111111111,0.9333333333333333,0.9333333333333333,recorded,9,17,tempo_intensity,rf,5313,21550,68d0e5f-dirty
Subject376,60,0.8811640211640211,0.8833333333333333,0.8833333333333333,recorded,9,17,tempo_intensity,rf,5313,21550,68d0e5f-dirty
Subject455,60,1.0,1.0,1.0,recorded,9,17,tempo_intensity,rf,5313,21550,68d0e5f-dirty
Subject494,60,0.9418181818181818,0.95,0.95,recorded,9,17,tempo_intensity,rf,5313,21550,68d0e5f-dirty
Subject516,30,0.9288888888888889,0.9333333333333333,0.9333333333333333,recorded,9,17,tempo_intensity,rf,5313,21550,68d0e5f-dirty
Subject561,60,1.0,1.0,1.0,recorded,9,17,tempo_intensity,rf,5313,21550,68d0e5f-dirty
Subject571,30,0.8755555555555555,0.9,0.9,recorded,9,17,tempo_intensity,rf,5313,21550,68d0e5f-dirty
Subject580,90,0.8844148444148444,0.8888888888888891,0.8888888888888888,recorded,9,17,tempo_intensity,rf,5313,21550,68d0e5f-dirty
Subject729,60,0.9475132275132275,0.95,0.95,recorded,9,17,tempo_intensity,rf,5313,21550,68d0e5f-dirty
Subject731,30,0.9311111111111111,0.9333333333333333,0.9333333333333333,recorded,9,17,tempo_intensity,rf,5313,21550,68d0e5f-dirty
Subject741,60,0.9088888888888889,0.9166666666666666,0.9166666666666666,recorded,9,17,tempo_intensity,rf,5313,21550,68d0e5f-dirty
Subject877,60,1.0,1.0,1.0,recorded,9,17,tempo_intensity,rf,5313,21550,68d0e5f-dirty
Subject890,30,0.8800000000000001,0.9,0.9,recorded,9,17,tempo_intensity,rf,5313,21550,68d0e5f-dirty
Subject969,30,0.9111111111111111,0.9333333333333333,0.9333333333333333,recorded,9,17,tempo_intensity,rf,5313,21550,68d0e5f-dirty
Subject139,60,0.9492063492063493,0.95,0.95,new,9,17,plus_placement,rf,5313,21640,68d0e5f-dirty
Subject226,30,0.7733333333333334,0.8,0.8,new,9,17,plus_placement,rf,5313,21640,68d0e5f-dirty
Subject424,60,0.7751515151515153,0.8166666666666667,0.8166666666666667,new,9,17,plus_placement,rf,5313,21640,68d0e5f-dirty
Subject611,60,0.9333333333333332,0.9333333333333333,0.9333333333333333,new,9,17,plus_placement,rf,5313,21640,68d0e5f-dirty
Subject819,60,0.835998075998076,0.8666666666666667,0.8666666666666667,new,9,17,plus_placement,rf,5313,21640,68d0e5f-dirty
Subject867,60,0.7758922558922557,0.8,0.8,new,9,17,plus_placement,rf,5313,21640,68d0e5f-dirty
Subject147,31,0.9111111111111111,0.9333333333333333,0.9354838709677419,recorded,9,17,plus_placement,rf,5313,21640,68d0e5f-dirty
Subject352,30,0.8755555555555555,0.9,0.9,recorded,9,17,plus_placement,rf,5313,21640,68d0e5f-dirty
Subject353,60,0.9164021164021163,0.9166666666666666,0.9166666666666666,recorded,9,17,plus_placement,rf,5313,21640,68d0e5f-dirty
Subject354,60,0.8956228956228957,0.9166666666666666,0.9166666666666666,recorded,9,17,plus_placement,rf,5313,21640,68d0e5f-dirty
Subject376,60,0.8642328042328042,0.8666666666666667,0.8666666666666667,recorded,9,17,plus_placement,rf,5313,21640,68d0e5f-dirty
Subject455,60,0.9644444444444444,0.9666666666666667,0.9666666666666667,recorded,9,17,plus_placement,rf,5313,21640,68d0e5f-dirty
Subject494,60,0.9830687830687831,0.9833333333333333,0.9833333333333333,recorded,9,17,plus_placement,rf,5313,21640,68d0e5f-dirty
Subject516,30,0.8933333333333333,0.9,0.9,recorded,9,17,plus_placement,rf,5313,21640,68d0e5f-dirty
Subject561,60,1.0,1.0,1.0,recorded,9,17,plus_placement,rf,5313,21640,68d0e5f-dirty
Subject571,30,0.9111111111111111,0.9333333333333333,0.9333333333333333,recorded,9,17,plus_placement,rf,5313,21640,68d0e5f-dirty
Subject580,90,0.8656036556036555,0.8666666666666667,0.8666666666666667,recorded,9,17,plus_placement,rf,5313,21640,68d0e5f-dirty
Subject729,60,1.0,1.0,1.0,recorded,9,17,plus_placement,rf,5313,21640,68d0e5f-dirty
Subject731,30,0.9111111111111111,0.9333333333333333,0.9333333333333333,recorded,9,17,plus_placement,rf,5313,21640,68d0e5f-dirty
Subject741,60,0.87,0.8833333333333333,0.8833333333333333,recorded,9,17,plus_placement,rf,5313,21640,68d0e5f-dirty
Subject877,60,1.0,1.0,1.0,recorded,9,17,plus_placement,rf,5313,21640,68d0e5f-dirty
Subject890,30,0.9333333333333332,0.9333333333333333,0.9333333333333333,recorded,9,17,plus_placement,rf,5313,21640,68d0e5f-dirty
Subject969,30,0.9644444444444444,0.9666666666666667,0.9666666666666667,recorded,9,17,plus_placement,rf,5313,21640,68d0e5f-dirty
Subject147,31,0.5936507936507937,0.6666666666666666,0.6774193548387096,new,10,2,none,rf,705,0,68d0e5f-dirty
Subject353,60,0.6733200133200135,0.7,0.7,new,10,2,none,rf,705,0,68d0e5f-dirty
Subject571,30,0.7844444444444445,0.8333333333333334,0.8333333333333334,new,10,2,none,rf,705,0,68d0e5f-dirty
Subject580,90,0.7215746780452662,0.7333333333333335,0.7333333333333333,new,10,2,none,rf,705,0,68d0e5f-dirty
Subject867,60,0.6247341547341548,0.6666666666666666,0.6666666666666666,new,10,2,none,rf,705,0,68d0e5f-dirty
Subject877,60,0.692063492063492,0.7333333333333333,0.7333333333333333,new,10,2,none,rf,705,0,68d0e5f-dirty
Subject455,60,0.9418181818181818,0.95,0.95,recorded,10,2,none,rf,705,0,68d0e5f-dirty
Subject969,30,0.7977777777777778,0.8333333333333334,0.8333333333333334,recorded,10,2,none,rf,705,0,68d0e5f-dirty
Subject147,31,0.5888888888888888,0.6666666666666666,0.6774193548387096,new,10,2,tempo_intensity,rf,705,2913,68d0e5f-dirty
Subject353,60,0.6983993783993784,0.7166666666666667,0.7166666666666667,new,10,2,tempo_intensity,rf,705,2913,68d0e5f-dirty
Subject571,30,0.6222222222222222,0.7,0.7,new,10,2,tempo_intensity,rf,705,2913,68d0e5f-dirty
Subject580,90,0.6853907095083563,0.7,0.7,new,10,2,tempo_intensity,rf,705,2913,68d0e5f-dirty
Subject867,60,0.59998667998668,0.65,0.65,new,10,2,tempo_intensity,rf,705,2913,68d0e5f-dirty
Subject877,60,0.6146031746031747,0.65,0.65,new,10,2,tempo_intensity,rf,705,2913,68d0e5f-dirty
Subject455,60,0.9418181818181818,0.95,0.95,recorded,10,2,tempo_intensity,rf,705,2913,68d0e5f-dirty
Subject969,30,0.7088888888888889,0.7666666666666667,0.7666666666666667,recorded,10,2,tempo_intensity,rf,705,2913,68d0e5f-dirty
Subject147,31,0.5718518518518518,0.6333333333333333,0.6451612903225806,new,10,2,plus_placement,rf,705,2813,68d0e5f-dirty
Subject353,60,0.6389273689273689,0.6833333333333333,0.6833333333333333,new,10,2,plus_placement,rf,705,2813,68d0e5f-dirty
Subject571,30,0.758095238095238,0.8,0.8,new,10,2,plus_placement,rf,705,2813,68d0e5f-dirty
Subject580,90,0.6831870273975537,0.7000000000000001,0.7,new,10,2,plus_placement,rf,705,2813,68d0e5f-dirty
Subject867,60,0.5872882672882673,0.6166666666666667,0.6166666666666667,new,10,2,plus_placement,rf,705,2813,68d0e5f-dirty
Subject877,60,0.6226647426647427,0.6666666666666666,0.6666666666666666,new,10,2,plus_placement,rf,705,2813,68d0e5f-dirty
Subject455,60,0.9077441077441077,0.9333333333333333,0.9333333333333333,recorded,10,2,plus_placement,rf,705,2813,68d0e5f-dirty
Subject969,30,0.8977777777777778,0.9,0.9,recorded,10,2,plus_placement,rf,705,2813,68d0e5f-dirty
Subject147,31,0.6888888888888888,0.7333333333333333,0.7419354838709677,new,10,4,none,rf,1274,0,68d0e5f-dirty
Subject353,60,0.6114152514152515,0.6666666666666666,0.6666666666666666,new,10,4,none,rf,1274,0,68d0e5f-dirty
Subject571,30,0.8377777777777777,0.8666666666666667,0.8666666666666667,new,10,4,none,rf,1274,0,68d0e5f-dirty
Subject580,90,0.7454160654160653,0.7777777777777779,0.7777777777777778,new,10,4,none,rf,1274,0,68d0e5f-dirty
Subject867,60,0.7167928367928369,0.75,0.75,new,10,4,none,rf,1274,0,68d0e5f-dirty
Subject877,60,0.788134828134828,0.8,0.8,new,10,4,none,rf,1274,0,68d0e5f-dirty
Subject455,60,0.9418181818181818,0.95,0.95,recorded,10,4,none,rf,1274,0,68d0e5f-dirty
Subject516,30,0.9111111111111111,0.9333333333333333,0.9333333333333333,recorded,10,4,none,rf,1274,0,68d0e5f-dirty
Subject890,30,0.84,0.8666666666666667,0.8666666666666667,recorded,10,4,none,rf,1274,0,68d0e5f-dirty
Subject969,30,0.8057142857142857,0.8333333333333334,0.8333333333333334,recorded,10,4,none,rf,1274,0,68d0e5f-dirty
Subject147,31,0.6711111111111111,0.7,0.7096774193548387,new,10,4,tempo_intensity,rf,1274,5099,68d0e5f-dirty
Subject353,60,0.6812565212565214,0.7166666666666667,0.7166666666666667,new,10,4,tempo_intensity,rf,1274,5099,68d0e5f-dirty
Subject571,30,0.7955555555555556,0.8333333333333334,0.8333333333333334,new,10,4,tempo_intensity,rf,1274,5099,68d0e5f-dirty
Subject580,90,0.7605501470207352,0.788888888888889,0.7888888888888889,new,10,4,tempo_intensity,rf,1274,5099,68d0e5f-dirty
Subject867,60,0.6484715284715286,0.7,0.7,new,10,4,tempo_intensity,rf,1274,5099,68d0e5f-dirty
Subject877,60,0.7334258334258335,0.75,0.75,new,10,4,tempo_intensity,rf,1274,5099,68d0e5f-dirty
Subject455,60,0.9418181818181818,0.95,0.95,recorded,10,4,tempo_intensity,rf,1274,5099,68d0e5f-dirty
Subject516,30,0.9111111111111111,0.9333333333333333,0.9333333333333333,recorded,10,4,tempo_intensity,rf,1274,5099,68d0e5f-dirty
Subject890,30,0.9288888888888888,0.9333333333333333,0.9333333333333333,recorded,10,4,tempo_intensity,rf,1274,5099,68d0e5f-dirty
Subject969,30,0.8800000000000001,0.9,0.9,recorded,10,4,tempo_intensity,rf,1274,5099,68d0e5f-dirty
Subject147,31,0.6533333333333334,0.7,0.7096774193548387,new,10,4,plus_placement,rf,1274,5162,68d0e5f-dirty
Subject353,60,0.7122089022089022,0.75,0.75,new,10,4,plus_placement,rf,1274,5162,68d0e5f-dirty
Subject571,30,0.7866666666666667,0.8333333333333334,0.8333333333333334,new,10,4,plus_placement,rf,1274,5162,68d0e5f-dirty
Subject580,90,0.7681325691852009,0.788888888888889,0.7888888888888889,new,10,4,plus_placement,rf,1274,5162,68d0e5f-dirty
Subject867,60,0.681012321012321,0.7333333333333333,0.7333333333333333,new,10,4,plus_placement,rf,1274,5162,68d0e5f-dirty
Subject877,60,0.7825060125060125,0.8,0.8,new,10,4,plus_placement,rf,1274,5162,68d0e5f-dirty
Subject455,60,0.9418181818181818,0.95,0.95,recorded,10,4,plus_placement,rf,1274,5162,68d0e5f-dirty
Subject516,30,0.8755555555555555,0.9,0.9,recorded,10,4,plus_placement,rf,1274,5162,68d0e5f-dirty
Subject890,30,0.8933333333333333,0.9,0.9,recorded,10,4,plus_placement,rf,1274,5162,68d0e5f-dirty
Subject969,30,0.88,0.9,0.9,recorded,10,4,plus_placement,rf,1274,5162,68d0e5f-dirty
Subject147,31,0.7911111111111111,0.8333333333333334,0.8387096774193549,new,10,8,none,rf,2637,0,68d0e5f-dirty
Subject353,60,0.8054834054834055,0.8166666666666667,0.8166666666666667,new,10,8,none,rf,2637,0,68d0e5f-dirty
Subject571,30,0.84,0.8666666666666667,0.8666666666666667,new,10,8,none,rf,2637,0,68d0e5f-dirty
Subject580,90,0.8335730935730935,0.8444444444444446,0.8444444444444444,new,10,8,none,rf,2637,0,68d0e5f-dirty
Subject867,60,0.7015873015873015,0.7333333333333333,0.7333333333333333,new,10,8,none,rf,2637,0,68d0e5f-dirty
Subject877,60,0.8374410774410774,0.8666666666666667,0.8666666666666667,new,10,8,none,rf,2637,0,68d0e5f-dirty
Subject139,60,0.9418181818181818,0.95,0.95,recorded,10,8,none,rf,2637,0,68d0e5f-dirty
Subject226,30,0.8777777777777778,0.9,0.9,recorded,10,8,none,rf,2637,0,68d0e5f-dirty
Subject352,30,0.8222222222222222,0.8666666666666667,0.8666666666666667,recorded,10,8,none,rf,2637,0,68d0e5f-dirty
Subject455,60,0.9494708994708995,0.95,0.95,recorded,10,8,none,rf,2637,0,68d0e5f-dirty
Subject516,30,0.9288888888888889,0.9333333333333333,0.9333333333333333,recorded,10,8,none,rf,2637,0,68d0e5f-dirty
Subject731,30,0.9644444444444444,0.9666666666666667,0.9666666666666667,recorded,10,8,none,rf,2637,0,68d0e5f-dirty
Subject890,30,0.8955555555555555,0.9,0.9,recorded,10,8,none,rf,2637,0,68d0e5f-dirty
Subject969,30,0.8057142857142857,0.8333333333333334,0.8333333333333334,recorded,10,8,none,rf,2637,0,68d0e5f-dirty
Subject147,31,0.7911111111111111,0.8333333333333334,0.8387096774193549,new,10,8,tempo_intensity,rf,2637,10637,68d0e5f-dirty
Subject353,60,0.7826984126984127,0.8,0.8,new,10,8,tempo_intensity,rf,2637,10637,68d0e5f-dirty
Subject571,30,0.8444444444444443,0.8666666666666667,0.8666666666666667,new,10,8,tempo_intensity,rf,2637,10637,68d0e5f-dirty
Subject580,90,0.791053391053391,0.8222222222222223,0.8222222222222222,new,10,8,tempo_intensity,rf,2637,10637,68d0e5f-dirty
Subject867,60,0.6444444444444444,0.6833333333333333,0.6833333333333333,new,10,8,tempo_intensity,rf,2637,10637,68d0e5f-dirty
Subject877,60,0.7941798941798942,0.8333333333333334,0.8333333333333334,new,10,8,tempo_intensity,rf,2637,10637,68d0e5f-dirty
Subject139,60,0.9644444444444444,0.9666666666666667,0.9666666666666667,recorded,10,8,tempo_intensity,rf,2637,10637,68d0e5f-dirty
Subject226,30,0.8777777777777778,0.9,0.9,recorded,10,8,tempo_intensity,rf,2637,10637,68d0e5f-dirty
Subject352,30,0.8088888888888889,0.8333333333333334,0.8333333333333334,recorded,10,8,tempo_intensity,rf,2637,10637,68d0e5f-dirty
Subject455,60,0.9661375661375663,0.9666666666666667,0.9666666666666667,recorded,10,8,tempo_intensity,rf,2637,10637,68d0e5f-dirty
Subject516,30,0.9644444444444444,0.9666666666666667,0.9666666666666667,recorded,10,8,tempo_intensity,rf,2637,10637,68d0e5f-dirty
Subject731,30,1.0,1.0,1.0,recorded,10,8,tempo_intensity,rf,2637,10637,68d0e5f-dirty
Subject890,30,0.8933333333333333,0.9,0.9,recorded,10,8,tempo_intensity,rf,2637,10637,68d0e5f-dirty
Subject969,30,0.8800000000000001,0.9,0.9,recorded,10,8,tempo_intensity,rf,2637,10637,68d0e5f-dirty
Subject147,31,0.7244444444444444,0.7666666666666667,0.7741935483870968,new,10,8,plus_placement,rf,2637,10622,68d0e5f-dirty
Subject353,60,0.7870573870573871,0.8166666666666667,0.8166666666666667,new,10,8,plus_placement,rf,2637,10622,68d0e5f-dirty
Subject571,30,0.8711111111111112,0.9,0.9,new,10,8,plus_placement,rf,2637,10622,68d0e5f-dirty
Subject580,90,0.7901054501054502,0.8222222222222224,0.8222222222222222,new,10,8,plus_placement,rf,2637,10622,68d0e5f-dirty
Subject867,60,0.7451851851851852,0.7666666666666667,0.7666666666666667,new,10,8,plus_placement,rf,2637,10622,68d0e5f-dirty
Subject877,60,0.8067340067340066,0.85,0.85,new,10,8,plus_placement,rf,2637,10622,68d0e5f-dirty
Subject139,60,0.9644444444444444,0.9666666666666667,0.9666666666666667,recorded,10,8,plus_placement,rf,2637,10622,68d0e5f-dirty
Subject226,30,0.8777777777777778,0.9,0.9,recorded,10,8,plus_placement,rf,2637,10622,68d0e5f-dirty
Subject352,30,0.8955555555555554,0.9,0.9,recorded,10,8,plus_placement,rf,2637,10622,68d0e5f-dirty
Subject455,60,0.9830687830687831,0.9833333333333333,0.9833333333333333,recorded,10,8,plus_placement,rf,2637,10622,68d0e5f-dirty
Subject516,30,0.9644444444444444,0.9666666666666667,0.9666666666666667,recorded,10,8,plus_placement,rf,2637,10622,68d0e5f-dirty
Subject731,30,1.0,1.0,1.0,recorded,10,8,plus_placement,rf,2637,10622,68d0e5f-dirty
Subject890,30,0.9288888888888888,0.9333333333333333,0.9333333333333333,recorded,10,8,plus_placement,rf,2637,10622,68d0e5f-dirty
Subject969,30,0.9111111111111111,0.9333333333333333,0.9333333333333333,recorded,10,8,plus_placement,rf,2637,10622,68d0e5f-dirty
Subject147,31,0.9311111111111111,0.9333333333333333,0.9354838709677419,new,10,17,none,rf,5152,0,68d0e5f-dirty
Subject353,60,0.8058393458393458,0.8333333333333334,0.8333333333333334,new,10,17,none,rf,5152,0,68d0e5f-dirty
Subject571,30,0.9333333333333332,0.9333333333333333,0.9333333333333333,new,10,17,none,rf,5152,0,68d0e5f-dirty
Subject580,90,0.8671670921670921,0.8666666666666668,0.8666666666666667,new,10,17,none,rf,5152,0,68d0e5f-dirty
Subject867,60,0.8375132275132275,0.85,0.85,new,10,17,none,rf,5152,0,68d0e5f-dirty
Subject877,60,0.9475132275132275,0.95,0.95,new,10,17,none,rf,5152,0,68d0e5f-dirty
Subject139,60,0.9475132275132275,0.95,0.95,recorded,10,17,none,rf,5152,0,68d0e5f-dirty
Subject226,30,0.9644444444444444,0.9666666666666667,0.9666666666666667,recorded,10,17,none,rf,5152,0,68d0e5f-dirty
Subject352,30,0.9111111111111111,0.9333333333333333,0.9333333333333333,recorded,10,17,none,rf,5152,0,68d0e5f-dirty
Subject354,60,0.9661375661375663,0.9666666666666667,0.9666666666666667,recorded,10,17,none,rf,5152,0,68d0e5f-dirty
Subject376,60,0.912136752136752,0.9166666666666666,0.9166666666666666,recorded,10,17,none,rf,5152,0,68d0e5f-dirty
Subject424,60,0.7773544973544975,0.8166666666666667,0.8166666666666667,recorded,10,17,none,rf,5152,0,68d0e5f-dirty
Subject455,60,0.9830687830687831,0.9833333333333333,0.9833333333333333,recorded,10,17,none,rf,5152,0,68d0e5f-dirty
Subject494,60,0.8748869648869649,0.8833333333333333,0.8833333333333333,recorded,10,17,none,rf,5152,0,68d0e5f-dirty
Subject516,30,0.8755555555555555,0.9,0.9,recorded,10,17,none,rf,5152,0,68d0e5f-dirty
Subject561,60,0.9485714285714286,0.95,0.95,recorded,10,17,none,rf,5152,0,68d0e5f-dirty
Subject611,60,0.8941798941798942,0.9166666666666666,0.9166666666666666,recorded,10,17,none,rf,5152,0,68d0e5f-dirty
Subject729,60,1.0,1.0,1.0,recorded,10,17,none,rf,5152,0,68d0e5f-dirty
Subject731,30,1.0,1.0,1.0,recorded,10,17,none,rf,5152,0,68d0e5f-dirty
Subject741,60,0.9322751322751323,0.9333333333333333,0.9333333333333333,recorded,10,17,none,rf,5152,0,68d0e5f-dirty
Subject819,60,0.8941798941798942,0.9166666666666666,0.9166666666666666,recorded,10,17,none,rf,5152,0,68d0e5f-dirty
Subject890,30,0.9111111111111111,0.9333333333333333,0.9333333333333333,recorded,10,17,none,rf,5152,0,68d0e5f-dirty
Subject969,30,0.7977777777777777,0.8333333333333334,0.8333333333333334,recorded,10,17,none,rf,5152,0,68d0e5f-dirty
Subject147,31,0.8444444444444444,0.8666666666666667,0.8709677419354839,new,10,17,tempo_intensity,rf,5152,20694,68d0e5f-dirty
Subject353,60,0.7963155363155363,0.8166666666666667,0.8166666666666667,new,10,17,tempo_intensity,rf,5152,20694,68d0e5f-dirty
Subject571,30,0.8222222222222222,0.8666666666666667,0.8666666666666667,new,10,17,tempo_intensity,rf,5152,20694,68d0e5f-dirty
Subject580,90,0.8855070419776302,0.888888888888889,0.8888888888888888,new,10,17,tempo_intensity,rf,5152,20694,68d0e5f-dirty
Subject867,60,0.8375132275132275,0.85,0.85,new,10,17,tempo_intensity,rf,5152,20694,68d0e5f-dirty
Subject877,60,0.9644444444444444,0.9666666666666667,0.9666666666666667,new,10,17,tempo_intensity,rf,5152,20694,68d0e5f-dirty
Subject139,60,0.9305820105820106,0.9333333333333333,0.9333333333333333,recorded,10,17,tempo_intensity,rf,5152,20694,68d0e5f-dirty
Subject226,30,0.9333333333333332,0.9333333333333333,0.9333333333333333,recorded,10,17,tempo_intensity,rf,5152,20694,68d0e5f-dirty
Subject352,30,0.9111111111111111,0.9333333333333333,0.9333333333333333,recorded,10,17,tempo_intensity,rf,5152,20694,68d0e5f-dirty
Subject354,60,0.9830687830687831,0.9833333333333333,0.9833333333333333,recorded,10,17,tempo_intensity,rf,5152,20694,68d0e5f-dirty
Subject376,60,0.9333333333333332,0.9333333333333333,0.9333333333333333,recorded,10,17,tempo_intensity,rf,5152,20694,68d0e5f-dirty
Subject424,60,0.8,0.8333333333333334,0.8333333333333334,recorded,10,17,tempo_intensity,rf,5152,20694,68d0e5f-dirty
Subject455,60,0.9830687830687831,0.9833333333333333,0.9833333333333333,recorded,10,17,tempo_intensity,rf,5152,20694,68d0e5f-dirty
Subject494,60,0.9075132275132275,0.9166666666666666,0.9166666666666666,recorded,10,17,tempo_intensity,rf,5152,20694,68d0e5f-dirty
Subject516,30,0.9644444444444444,0.9666666666666667,0.9666666666666667,recorded,10,17,tempo_intensity,rf,5152,20694,68d0e5f-dirty
Subject561,60,0.9485714285714286,0.95,0.95,recorded,10,17,tempo_intensity,rf,5152,20694,68d0e5f-dirty
Subject611,60,0.924886964886965,0.9333333333333333,0.9333333333333333,recorded,10,17,tempo_intensity,rf,5152,20694,68d0e5f-dirty
Subject729,60,1.0,1.0,1.0,recorded,10,17,tempo_intensity,rf,5152,20694,68d0e5f-dirty
Subject731,30,0.9111111111111111,0.9333333333333333,0.9333333333333333,recorded,10,17,tempo_intensity,rf,5152,20694,68d0e5f-dirty
Subject741,60,0.9475132275132275,0.95,0.95,recorded,10,17,tempo_intensity,rf,5152,20694,68d0e5f-dirty
Subject819,60,0.8941798941798942,0.9166666666666666,0.9166666666666666,recorded,10,17,tempo_intensity,rf,5152,20694,68d0e5f-dirty
Subject890,30,0.9111111111111111,0.9333333333333333,0.9333333333333333,recorded,10,17,tempo_intensity,rf,5152,20694,68d0e5f-dirty
Subject969,30,0.8755555555555555,0.9,0.9,recorded,10,17,tempo_intensity,rf,5152,20694,68d0e5f-dirty
Subject147,31,0.9311111111111111,0.9333333333333333,0.9354838709677419,new,10,17,plus_placement,rf,5152,20959,68d0e5f-dirty
Subject353,60,0.7963155363155363,0.8166666666666667,0.8166666666666667,new,10,17,plus_placement,rf,5152,20959,68d0e5f-dirty
Subject571,30,0.9644444444444444,0.9666666666666667,0.9666666666666667,new,10,17,plus_placement,rf,5152,20959,68d0e5f-dirty
Subject580,90,0.8878010878010877,0.8888888888888891,0.8888888888888888,new,10,17,plus_placement,rf,5152,20959,68d0e5f-dirty
Subject867,60,0.8541798941798943,0.8666666666666667,0.8666666666666667,new,10,17,plus_placement,rf,5152,20959,68d0e5f-dirty
Subject877,60,0.9644444444444444,0.9666666666666667,0.9666666666666667,new,10,17,plus_placement,rf,5152,20959,68d0e5f-dirty
Subject139,60,0.9644444444444444,0.9666666666666667,0.9666666666666667,recorded,10,17,plus_placement,rf,5152,20959,68d0e5f-dirty
Subject226,30,0.9333333333333332,0.9333333333333333,0.9333333333333333,recorded,10,17,plus_placement,rf,5152,20959,68d0e5f-dirty
Subject352,30,0.9111111111111111,0.9333333333333333,0.9333333333333333,recorded,10,17,plus_placement,rf,5152,20959,68d0e5f-dirty
Subject354,60,0.9830687830687831,0.9833333333333333,0.9833333333333333,recorded,10,17,plus_placement,rf,5152,20959,68d0e5f-dirty
Subject376,60,0.8811640211640211,0.8833333333333333,0.8833333333333333,recorded,10,17,plus_placement,rf,5152,20959,68d0e5f-dirty
Subject424,60,0.7799134199134199,0.8166666666666667,0.8166666666666667,recorded,10,17,plus_placement,rf,5152,20959,68d0e5f-dirty
Subject455,60,1.0,1.0,1.0,recorded,10,17,plus_placement,rf,5152,20959,68d0e5f-dirty
Subject494,60,0.8915536315536315,0.9,0.9,recorded,10,17,plus_placement,rf,5152,20959,68d0e5f-dirty
Subject516,30,0.9644444444444444,0.9666666666666667,0.9666666666666667,recorded,10,17,plus_placement,rf,5152,20959,68d0e5f-dirty
Subject561,60,0.9485714285714286,0.95,0.95,recorded,10,17,plus_placement,rf,5152,20959,68d0e5f-dirty
Subject611,60,0.9475132275132275,0.95,0.95,recorded,10,17,plus_placement,rf,5152,20959,68d0e5f-dirty
Subject729,60,1.0,1.0,1.0,recorded,10,17,plus_placement,rf,5152,20959,68d0e5f-dirty
Subject731,30,0.9644444444444444,0.9666666666666667,0.9666666666666667,recorded,10,17,plus_placement,rf,5152,20959,68d0e5f-dirty
Subject741,60,0.9492063492063492,0.95,0.95,recorded,10,17,plus_placement,rf,5152,20959,68d0e5f-dirty
Subject819,60,0.8908128908128908,0.9166666666666666,0.9166666666666666,recorded,10,17,plus_placement,rf,5152,20959,68d0e5f-dirty
Subject890,30,0.8333333333333334,0.8666666666666667,0.8666666666666667,recorded,10,17,plus_placement,rf,5152,20959,68d0e5f-dirty
Subject969,30,0.9111111111111111,0.9333333333333333,0.9333333333333333,recorded,10,17,plus_placement,rf,5152,20959,68d0e5f-dirty
Subject139,60,0.6933333333333332,0.75,0.75,new,11,2,none,rf,541,0,68d0e5f-dirty
Subject352,30,0.43587301587301586,0.5,0.5,new,11,2,none,rf,541,0,68d0e5f-dirty
Subject354,60,0.696917896917897,0.75,0.75,new,11,2,none,rf,541,0,68d0e5f-dirty
Subject580,90,0.7323779488485371,0.7444444444444446,0.7444444444444445,new,11,2,none,rf,541,0,68d0e5f-dirty
Subject819,60,0.6421356421356422,0.7,0.7,new,11,2,none,rf,541,0,68d0e5f-dirty
Subject867,60,0.6611784511784511,0.6833333333333333,0.6833333333333333,new,11,2,none,rf,541,0,68d0e5f-dirty
Subject424,60,0.805912605912606,0.85,0.85,recorded,11,2,none,rf,541,0,68d0e5f-dirty
Subject731,30,0.8488888888888888,0.8666666666666667,0.8666666666666667,recorded,11,2,none,rf,541,0,68d0e5f-dirty
Subject139,60,0.7451851851851852,0.7833333333333333,0.7833333333333333,new,11,2,tempo_intensity,rf,541,2210,68d0e5f-dirty
Subject352,30,0.575873015873016,0.6333333333333333,0.6333333333333333,new,11,2,tempo_intensity,rf,541,2210,68d0e5f-dirty
Subject354,60,0.6707070707070708,0.7333333333333333,0.7333333333333333,new,11,2,tempo_intensity,rf,541,2210,68d0e5f-dirty
Subject580,90,0.7501365301365303,0.7555555555555556,0.7555555555555555,new,11,2,tempo_intensity,rf,541,2210,68d0e5f-dirty
Subject819,60,0.7485714285714287,0.8,0.8,new,11,2,tempo_intensity,rf,541,2210,68d0e5f-dirty
Subject867,60,0.6189562289562289,0.65,0.65,new,11,2,tempo_intensity,rf,541,2210,68d0e5f-dirty
Subject424,60,0.805912605912606,0.85,0.85,recorded,11,2,tempo_intensity,rf,541,2210,68d0e5f-dirty
Subject731,30,0.76,0.8,0.8,recorded,11,2,tempo_intensity,rf,541,2210,68d0e5f-dirty
Subject139,60,0.7251515151515151,0.7666666666666667,0.7666666666666667,new,11,2,plus_placement,rf,541,2203,68d0e5f-dirty
Subject352,30,0.5622222222222223,0.6666666666666666,0.6666666666666666,new,11,2,plus_placement,rf,541,2203,68d0e5f-dirty
Subject354,60,0.6751322751322751,0.7166666666666667,0.7166666666666667,new,11,2,plus_placement,rf,541,2203,68d0e5f-dirty
Subject580,90,0.8056443556443555,0.8111111111111112,0.8111111111111111,new,11,2,plus_placement,rf,541,2203,68d0e5f-dirty
Subject819,60,0.7170562770562771,0.7833333333333333,0.7833333333333333,new,11,2,plus_placement,rf,541,2203,68d0e5f-dirty
Subject867,60,0.7193843193843193,0.7333333333333333,0.7333333333333333,new,11,2,plus_placement,rf,541,2203,68d0e5f-dirty
Subject424,60,0.7902837902837904,0.8333333333333334,0.8333333333333334,recorded,11,2,plus_placement,rf,541,2203,68d0e5f-dirty
Subject731,30,0.7866666666666666,0.8333333333333334,0.8333333333333334,recorded,11,2,plus_placement,rf,541,2203,68d0e5f-dirty
Subject139,60,0.7737373737373737,0.8166666666666667,0.8166666666666667,new,11,4,none,rf,1178,0,68d0e5f-dirty
Subject352,30,0.718095238095238,0.7666666666666667,0.7666666666666667,new,11,4,none,rf,1178,0,68d0e5f-dirty
Subject354,60,0.6823280423280423,0.7333333333333333,0.7333333333333333,new,11,4,none,rf,1178,0,68d0e5f-dirty
Subject580,90,0.8025063825063826,0.8,0.8,new,11,4,none,rf,1178,0,68d0e5f-dirty
Subject819,60,0.7685906685906687,0.8166666666666667,0.8166666666666667,new,11,4,none,rf,1178,0,68d0e5f-dirty
Subject867,60,0.7038095238095238,0.7333333333333333,0.7333333333333333,new,11,4,none,rf,1178,0,68d0e5f-dirty
Subject424,60,0.7807599807599808,0.8166666666666667,0.8166666666666667,recorded,11,4,none,rf,1178,0,68d0e5f-dirty
Subject455,60,0.946031746031746,0.95,0.95,recorded,11,4,none,rf,1178,0,68d0e5f-dirty
Subject571,30,0.9288888888888889,0.9333333333333333,0.9333333333333333,recorded,11,4,none,rf,1178,0,68d0e5f-dirty
Subject731,30,0.8825396825396826,0.9,0.9,recorded,11,4,none,rf,1178,0,68d0e5f-dirty
Subject139,60,0.758961038961039,0.8,0.8,new,11,4,tempo_intensity,rf,1178,4712,68d0e5f-dirty
Subject352,30,0.758095238095238,0.8,0.8,new,11,4,tempo_intensity,rf,1178,4712,68d0e5f-dirty
Subject354,60,0.661131461131461,0.7,0.7,new,11,4,tempo_intensity,rf,1178,4712,68d0e5f-dirty
Subject580,90,0.7869541569541568,0.7888888888888889,0.7888888888888889,new,11,4,tempo_intensity,rf,1178,4712,68d0e5f-dirty
Subject819,60,0.7685906685906687,0.8166666666666667,0.8166666666666667,new,11,4,tempo_intensity,rf,1178,4712,68d0e5f-dirty
Subject867,60,0.6785185185185185,0.7,0.7,new,11,4,tempo_intensity,rf,1178,4712,68d0e5f-dirty
Subject424,60,0.7841269841269842,0.8166666666666667,0.8166666666666667,recorded,11,4,tempo_intensity,rf,1178,4712,68d0e5f-dirty
Subject455,60,0.9115343915343915,0.9166666666666666,0.9166666666666666,recorded,11,4,tempo_intensity,rf,1178,4712,68d0e5f-dirty
Subject571,30,0.8400000000000001,0.8666666666666667,0.8666666666666667,recorded,11,4,tempo_intensity,rf,1178,4712,68d0e5f-dirty
Subject731,30,0.8825396825396826,0.9,0.9,recorded,11,4,tempo_intensity,rf,1178,4712,68d0e5f-dirty
Subject139,60,0.7848148148148149,0.8333333333333334,0.8333333333333334,new,11,4,plus_placement,rf,1178,4840,68d0e5f-dirty
Subject352,30,0.7266666666666667,0.7666666666666667,0.7666666666666667,new,11,4,plus_placement,rf,1178,4840,68d0e5f-dirty
Subject354,60,0.6518385318385318,0.7,0.7,new,11,4,plus_placement,rf,1178,4840,68d0e5f-dirty
Subject580,90,0.7880519480519479,0.788888888888889,0.7888888888888889,new,11,4,plus_placement,rf,1178,4840,68d0e5f-dirty
Subject819,60,0.7571428571428572,0.7833333333333333,0.7833333333333333,new,11,4,plus_placement,rf,1178,4840,68d0e5f-dirty
Subject867,60,0.701111111111111,0.7333333333333333,0.7333333333333333,new,11,4,plus_placement,rf,1178,4840,68d0e5f-dirty
Subject424,60,0.7638095238095238,0.8,0.8,recorded,11,4,plus_placement,rf,1178,4840,68d0e5f-dirty
Subject455,60,0.9830687830687831,0.9833333333333333,0.9833333333333333,recorded,11,4,plus_placement,rf,1178,4840,68d0e5f-dirty
Subject571,30,0.8400000000000001,0.8666666666666667,0.8666666666666667,recorded,11,4,plus_placement,rf,1178,4840,68d0e5f-dirty
Subject731,30,0.8825396825396826,0.9,0.9,recorded,11,4,plus_placement,rf,1178,4840,68d0e5f-dirty
Subject139,60,0.8846560846560847,0.9,0.9,new,11,8,none,rf,2537,0,68d0e5f-dirty
Subject352,30,0.7422222222222222,0.7666666666666667,0.7666666666666667,new,11,8,none,rf,2537,0,68d0e5f-dirty
Subject354,60,0.7447293447293447,0.75,0.75,new,11,8,none,rf,2537,0,68d0e5f-dirty
Subject580,90,0.8138616938616938,0.8111111111111111,0.8111111111111111,new,11,8,none,rf,2537,0,68d0e5f-dirty
Subject819,60,0.9223280423280423,0.9333333333333333,0.9333333333333333,new,11,8,none,rf,2537,0,68d0e5f-dirty
Subject867,60,0.7314478114478115,0.75,0.75,new,11,8,none,rf,2537,0,68d0e5f-dirty
Subject424,60,0.7435113035113036,0.7833333333333333,0.7833333333333333,recorded,11,8,none,rf,2537,0,68d0e5f-dirty
Subject455,60,0.9664021164021165,0.9666666666666667,0.9666666666666667,recorded,11,8,none,rf,2537,0,68d0e5f-dirty
Subject516,30,0.9644444444444444,0.9666666666666667,0.9666666666666667,recorded,11,8,none,rf,2537,0,68d0e5f-dirty
Subject571,30,0.9644444444444444,0.9666666666666667,0.9666666666666667,recorded,11,8,none,rf,2537,0,68d0e5f-dirty
Subject731,30,0.9333333333333332,0.9333333333333333,0.9333333333333333,recorded,11,8,none,rf,2537,0,68d0e5f-dirty
Subject877,60,0.9661375661375662,0.9666666666666667,0.9666666666666667,recorded,11,8,none,rf,2537,0,68d0e5f-dirty
Subject890,30,0.8444444444444444,0.8666666666666667,0.8666666666666667,recorded,11,8,none,rf,2537,0,68d0e5f-dirty
Subject969,30,0.8825396825396825,0.9,0.9,recorded,11,8,none,rf,2537,0,68d0e5f-dirty
Subject139,60,0.840846560846561,0.8666666666666667,0.8666666666666667,new,11,8,tempo_intensity,rf,2537,10168,68d0e5f-dirty
Subject352,30,0.8088888888888889,0.8333333333333334,0.8333333333333334,new,11,8,tempo_intensity,rf,2537,10168,68d0e5f-dirty
Subject354,60,0.7446764346764347,0.75,0.75,new,11,8,tempo_intensity,rf,2537,10168,68d0e5f-dirty
Subject580,90,0.8038694638694639,0.8000000000000002,0.8,new,11,8,tempo_intensity,rf,2537,10168,68d0e5f-dirty
Subject819,60,0.825026455026455,0.85,0.85,new,11,8,tempo_intensity,rf,2537,10168,68d0e5f-dirty
Subject867,60,0.7314478114478115,0.75,0.75,new,11,8,tempo_intensity,rf,2537,10168,68d0e5f-dirty
Subject424,60,0.7604425204425205,0.8,0.8,recorded,11,8,tempo_intensity,rf,2537,10168,68d0e5f-dirty
Subject455,60,0.9830687830687831,0.9833333333333333,0.9833333333333333,recorded,11,8,tempo_intensity,rf,2537,10168,68d0e5f-dirty
Subject516,30,0.9644444444444444,0.9666666666666667,0.9666666666666667,recorded,11,8,tempo_intensity,rf,2537,10168,68d0e5f-dirty
Subject571,30,0.8977777777777778,0.9,0.9,recorded,11,8,tempo_intensity,rf,2537,10168,68d0e5f-dirty
Subject731,30,0.8777777777777778,0.9,0.9,recorded,11,8,tempo_intensity,rf,2537,10168,68d0e5f-dirty
Subject877,60,0.9661375661375662,0.9666666666666667,0.9666666666666667,recorded,11,8,tempo_intensity,rf,2537,10168,68d0e5f-dirty
Subject890,30,0.8133333333333332,0.8333333333333334,0.8333333333333334,recorded,11,8,tempo_intensity,rf,2537,10168,68d0e5f-dirty
Subject969,30,0.9111111111111111,0.9333333333333333,0.9333333333333333,recorded,11,8,tempo_intensity,rf,2537,10168,68d0e5f-dirty
Subject139,60,0.8922943722943724,0.9,0.9,new,11,8,plus_placement,rf,2537,10228,68d0e5f-dirty
Subject352,30,0.8088888888888889,0.8333333333333334,0.8333333333333334,new,11,8,plus_placement,rf,2537,10228,68d0e5f-dirty
Subject354,60,0.8370370370370371,0.85,0.85,new,11,8,plus_placement,rf,2537,10228,68d0e5f-dirty
Subject580,90,0.8206387076975312,0.8222222222222222,0.8222222222222222,new,11,8,plus_placement,rf,2537,10228,68d0e5f-dirty
Subject819,60,0.9223280423280423,0.9333333333333333,0.9333333333333333,new,11,8,plus_placement,rf,2537,10228,68d0e5f-dirty
Subject867,60,0.7300721500721501,0.75,0.75,new,11,8,plus_placement,rf,2537,10228,68d0e5f-dirty
Subject424,60,0.7604425204425205,0.8,0.8,recorded,11,8,plus_placement,rf,2537,10228,68d0e5f-dirty
Subject455,60,0.9830687830687831,0.9833333333333333,0.9833333333333333,recorded,11,8,plus_placement,rf,2537,10228,68d0e5f-dirty
Subject516,30,0.9111111111111111,0.9333333333333333,0.9333333333333333,recorded,11,8,plus_placement,rf,2537,10228,68d0e5f-dirty
Subject571,30,1.0,1.0,1.0,recorded,11,8,plus_placement,rf,2537,10228,68d0e5f-dirty
Subject731,30,0.9066666666666667,0.9333333333333333,0.9333333333333333,recorded,11,8,plus_placement,rf,2537,10228,68d0e5f-dirty
Subject877,60,0.9830687830687831,0.9833333333333333,0.9833333333333333,recorded,11,8,plus_placement,rf,2537,10228,68d0e5f-dirty
Subject890,30,0.8777777777777778,0.9,0.9,recorded,11,8,plus_placement,rf,2537,10228,68d0e5f-dirty
Subject969,30,0.9111111111111111,0.9333333333333333,0.9333333333333333,recorded,11,8,plus_placement,rf,2537,10228,68d0e5f-dirty
Subject139,60,0.8977777777777779,0.9,0.9,new,11,17,none,rf,5096,0,68d0e5f-dirty
Subject352,30,0.8088888888888889,0.8333333333333334,0.8333333333333334,new,11,17,none,rf,5096,0,68d0e5f-dirty
Subject354,60,0.8891726791726792,0.9,0.9,new,11,17,none,rf,5096,0,68d0e5f-dirty
Subject580,90,0.8782625653213889,0.8777777777777778,0.8777777777777778,new,11,17,none,rf,5096,0,68d0e5f-dirty
Subject819,60,0.8812372812372813,0.9,0.9,new,11,17,none,rf,5096,0,68d0e5f-dirty
Subject867,60,0.7693314093314093,0.8,0.8,new,11,17,none,rf,5096,0,68d0e5f-dirty
Subject147,31,0.9644444444444444,0.9666666666666667,0.967741935483871,recorded,11,17,none,rf,5096,0,68d0e5f-dirty
Subject226,30,0.9333333333333332,0.9333333333333333,0.9333333333333333,recorded,11,17,none,rf,5096,0,68d0e5f-dirty
Subject353,60,0.791986531986532,0.8166666666666667,0.8166666666666667,recorded,11,17,none,rf,5096,0,68d0e5f-dirty
Subject376,60,0.8861375661375662,0.8833333333333333,0.8833333333333333,recorded,11,17,none,rf,5096,0,68d0e5f-dirty
Subject424,60,0.8344647944647945,0.85,0.85,recorded,11,17,none,rf,5096,0,68d0e5f-dirty
Subject455,60,1.0,1.0,1.0,recorded,11,17,none,rf,5096,0,68d0e5f-dirty
Subject494,60,0.931216931216931,0.9333333333333333,0.9333333333333333,recorded,11,17,none,rf,5096,0,68d0e5f-dirty
Subject516,30,0.9644444444444444,0.9666666666666667,0.9666666666666667,recorded,11,17,none,rf,5096,0,68d0e5f-dirty
Subject561,60,0.8903896103896104,0.9,0.9,recorded,11,17,none,rf,5096,0,68d0e5f-dirty
Subject571,30,1.0,1.0,1.0,recorded,11,17,none,rf,5096,0,68d0e5f-dirty
Subject611,60,0.9830687830687831,0.9833333333333333,0.9833333333333333,recorded,11,17,none,rf,5096,0,68d0e5f-dirty
Subject729,60,1.0,1.0,1.0,recorded,11,17,none,rf,5096,0,68d0e5f-dirty
Subject731,30,0.9066666666666667,0.9333333333333333,0.9333333333333333,recorded,11,17,none,rf,5096,0,68d0e5f-dirty
Subject741,60,0.8738816738816737,0.9,0.9,recorded,11,17,none,rf,5096,0,68d0e5f-dirty
Subject877,60,0.9830687830687831,0.9833333333333333,0.9833333333333333,recorded,11,17,none,rf,5096,0,68d0e5f-dirty
Subject890,30,0.8825396825396825,0.9,0.9,recorded,11,17,none,rf,5096,0,68d0e5f-dirty
Subject969,30,0.8755555555555555,0.9,0.9,recorded,11,17,none,rf,5096,0,68d0e5f-dirty
Subject139,60,0.9147089947089948,0.9166666666666666,0.9166666666666666,new,11,17,tempo_intensity,rf,5096,20696,68d0e5f-dirty
Subject352,30,0.8088888888888889,0.8333333333333334,0.8333333333333334,new,11,17,tempo_intensity,rf,5096,20696,68d0e5f-dirty
Subject354,60,0.8910245310245309,0.9,0.9,new,11,17,tempo_intensity,rf,5096,20696,68d0e5f-dirty
Subject580,90,0.8738498103203985,0.8777777777777778,0.8777777777777778,new,11,17,tempo_intensity,rf,5096,20696,68d0e5f-dirty
Subject819,60,0.784992784992785,0.8333333333333334,0.8333333333333334,new,11,17,tempo_intensity,rf,5096,20696,68d0e5f-dirty
Subject867,60,0.7141125541125543,0.75,0.75,new,11,17,tempo_intensity,rf,5096,20696,68d0e5f-dirty
Subject147,31,0.9288888888888889,0.9333333333333333,0.9354838709677419,recorded,11,17,tempo_intensity,rf,5096,20696,68d0e5f-dirty
Subject226,30,0.9333333333333332,0.9333333333333333,0.9333333333333333,recorded,11,17,tempo_intensity,rf,5096,20696,68d0e5f-dirty
Subject353,60,0.8954689754689754,0.9,0.9,recorded,11,17,tempo_intensity,rf,5096,20696,68d0e5f-dirty
Subject376,60,0.8705820105820106,0.8666666666666667,0.8666666666666667,recorded,11,17,tempo_intensity,rf,5096,20696,68d0e5f-dirty
Subject424,60,0.8074266474266475,0.8333333333333334,0.8333333333333334,recorded,11,17,tempo_intensity,rf,5096,20696,68d0e5f-dirty
Subject455,60,1.0,1.0,1.0,recorded,11,17,tempo_intensity,rf,5096,20696,68d0e5f-dirty
Subject494,60,0.8962962962962961,0.9,0.9,recorded,11,17,tempo_intensity,rf,5096,20696,68d0e5f-dirty
Subject516,30,0.9644444444444444,0.9666666666666667,0.9666666666666667,recorded,11,17,tempo_intensity,rf,5096,20696,68d0e5f-dirty
Subject561,60,1.0,1.0,1.0,recorded,11,17,tempo_intensity,rf,5096,20696,68d0e5f-dirty
Subject571,30,0.8755555555555555,0.9,0.9,recorded,11,17,tempo_intensity,rf,5096,20696,68d0e5f-dirty
Subject611,60,0.9661375661375663,0.9666666666666667,0.9666666666666667,recorded,11,17,tempo_intensity,rf,5096,20696,68d0e5f-dirty
Subject729,60,0.9644444444444444,0.9666666666666667,0.9666666666666667,recorded,11,17,tempo_intensity,rf,5096,20696,68d0e5f-dirty
Subject731,30,0.9066666666666667,0.9333333333333333,0.9333333333333333,recorded,11,17,tempo_intensity,rf,5096,20696,68d0e5f-dirty
Subject741,60,0.8941798941798942,0.9166666666666666,0.9166666666666666,recorded,11,17,tempo_intensity,rf,5096,20696,68d0e5f-dirty
Subject877,60,1.0,1.0,1.0,recorded,11,17,tempo_intensity,rf,5096,20696,68d0e5f-dirty
Subject890,30,0.9644444444444444,0.9666666666666667,0.9666666666666667,recorded,11,17,tempo_intensity,rf,5096,20696,68d0e5f-dirty
Subject969,30,0.9644444444444444,0.9666666666666667,0.9666666666666667,recorded,11,17,tempo_intensity,rf,5096,20696,68d0e5f-dirty
Subject139,60,0.9485714285714286,0.95,0.95,new,11,17,plus_placement,rf,5096,20716,68d0e5f-dirty
Subject352,30,0.84,0.8666666666666667,0.8666666666666667,new,11,17,plus_placement,rf,5096,20716,68d0e5f-dirty
Subject354,60,0.9312169312169313,0.9333333333333333,0.9333333333333333,new,11,17,plus_placement,rf,5096,20716,68d0e5f-dirty
Subject580,90,0.8941791541791542,0.9000000000000001,0.9,new,11,17,plus_placement,rf,5096,20716,68d0e5f-dirty
Subject819,60,0.9223280423280423,0.9333333333333333,0.9333333333333333,new,11,17,plus_placement,rf,5096,20716,68d0e5f-dirty
Subject867,60,0.791957671957672,0.8166666666666667,0.8166666666666667,new,11,17,plus_placement,rf,5096,20716,68d0e5f-dirty
Subject147,31,0.9311111111111111,0.9333333333333333,0.9354838709677419,recorded,11,17,plus_placement,rf,5096,20716,68d0e5f-dirty
Subject226,30,0.9333333333333332,0.9333333333333333,0.9333333333333333,recorded,11,17,plus_placement,rf,5096,20716,68d0e5f-dirty
Subject353,60,0.8755555555555555,0.8833333333333333,0.8833333333333333,recorded,11,17,plus_placement,rf,5096,20716,68d0e5f-dirty
Subject376,60,0.9031746031746032,0.9,0.9,recorded,11,17,plus_placement,rf,5096,20716,68d0e5f-dirty
Subject424,60,0.8825396825396825,0.9,0.9,recorded,11,17,plus_placement,rf,5096,20716,68d0e5f-dirty
Subject455,60,1.0,1.0,1.0,recorded,11,17,plus_placement,rf,5096,20716,68d0e5f-dirty
Subject494,60,0.9340211640211641,0.9333333333333333,0.9333333333333333,recorded,11,17,plus_placement,rf,5096,20716,68d0e5f-dirty
Subject516,30,0.9288888888888889,0.9333333333333333,0.9333333333333333,recorded,11,17,plus_placement,rf,5096,20716,68d0e5f-dirty
Subject561,60,0.9644444444444444,0.9666666666666667,0.9666666666666667,recorded,11,17,plus_placement,rf,5096,20716,68d0e5f-dirty
Subject571,30,1.0,1.0,1.0,recorded,11,17,plus_placement,rf,5096,20716,68d0e5f-dirty
Subject611,60,0.9830687830687831,0.9833333333333333,0.9833333333333333,recorded,11,17,plus_placement,rf,5096,20716,68d0e5f-dirty
Subject729,60,1.0,1.0,1.0,recorded,11,17,plus_placement,rf,5096,20716,68d0e5f-dirty
Subject731,30,0.9066666666666667,0.9333333333333333,0.9333333333333333,recorded,11,17,plus_placement,rf,5096,20716,68d0e5f-dirty
Subject741,60,0.9077441077441077,0.9333333333333333,0.9333333333333333,recorded,11,17,plus_placement,rf,5096,20716,68d0e5f-dirty
Subject877,60,1.0,1.0,1.0,recorded,11,17,plus_placement,rf,5096,20716,68d0e5f-dirty
Subject890,30,0.8777777777777778,0.9,0.9,recorded,11,17,plus_placement,rf,5096,20716,68d0e5f-dirty
Subject969,30,1.0,1.0,1.0,recorded,11,17,plus_placement,rf,5096,20716,68d0e5f-dirty
Subject424,60,0.36793650793650795,0.45,0.45,new,12,2,none,rf,749,0,68d0e5f-dirty
Subject611,60,0.6977777777777778,0.75,0.75,new,12,2,none,rf,749,0,68d0e5f-dirty
Subject731,30,0.48994708994708996,0.5666666666666667,0.5666666666666667,new,12,2,none,rf,749,0,68d0e5f-dirty
Subject867,60,0.5857142857142857,0.6166666666666667,0.6166666666666667,new,12,2,none,rf,749,0,68d0e5f-dirty
Subject890,30,0.4074074074074074,0.4666666666666667,0.4666666666666667,new,12,2,none,rf,749,0,68d0e5f-dirty
Subject969,30,0.6777777777777777,0.7333333333333333,0.7333333333333333,new,12,2,none,rf,749,0,68d0e5f-dirty
Subject571,30,0.9644444444444444,0.9666666666666667,0.9666666666666667,recorded,12,2,none,rf,749,0,68d0e5f-dirty
Subject819,60,0.9475132275132275,0.95,0.95,recorded,12,2,none,rf,749,0,68d0e5f-dirty
Subject424,60,0.3041545893719807,0.38333333333333336,0.38333333333333336,new,12,2,tempo_intensity,rf,749,3070,68d0e5f-dirty
Subject611,60,0.6581230854915066,0.7,0.7,new,12,2,tempo_intensity,rf,749,3070,68d0e5f-dirty
Subject731,30,0.5037037037037038,0.5666666666666667,0.5666666666666667,new,12,2,tempo_intensity,rf,749,3070,68d0e5f-dirty
Subject867,60,0.6092530345471523,0.6333333333333333,0.6333333333333333,new,12,2,tempo_intensity,rf,749,3070,68d0e5f-dirty
Subject890,30,0.4012698412698413,0.4666666666666667,0.4666666666666667,new,12,2,tempo_intensity,rf,749,3070,68d0e5f-dirty
Subject969,30,0.6336507936507937,0.7,0.7,new,12,2,tempo_intensity,rf,749,3070,68d0e5f-dirty
Subject571,30,0.7936507936507936,0.8333333333333334,0.8333333333333334,recorded,12,2,tempo_intensity,rf,749,3070,68d0e5f-dirty
Subject819,60,0.8729833129833131,0.8833333333333333,0.8833333333333333,recorded,12,2,tempo_intensity,rf,749,3070,68d0e5f-dirty
Subject424,60,0.3133927510398099,0.38333333333333336,0.38333333333333336,new,12,2,plus_placement,rf,749,2981,68d0e5f-dirty
Subject611,60,0.7012138188608776,0.7333333333333333,0.7333333333333333,new,12,2,plus_placement,rf,749,2981,68d0e5f-dirty
Subject731,30,0.562962962962963,0.6,0.6,new,12,2,plus_placement,rf,749,2981,68d0e5f-dirty
Subject867,60,0.5831746031746032,0.6166666666666667,0.6166666666666667,new,12,2,plus_placement,rf,749,2981,68d0e5f-dirty
Subject890,30,0.36202020202020196,0.43333333333333335,0.43333333333333335,new,12,2,plus_placement,rf,749,2981,68d0e5f-dirty
Subject969,30,0.6422222222222221,0.7,0.7,new,12,2,plus_placement,rf,749,2981,68d0e5f-dirty
Subject571,30,0.7892063492063491,0.8333333333333334,0.8333333333333334,recorded,12,2,plus_placement,rf,749,2981,68d0e5f-dirty
Subject819,60,0.9113227513227513,0.9166666666666666,0.9166666666666666,recorded,12,2,plus_placement,rf,749,2981,68d0e5f-dirty
Subject424,60,0.6764021164021164,0.7166666666666667,0.7166666666666667,new,12,4,none,rf,1241,0,68d0e5f-dirty
Subject611,60,0.7119576719576719,0.75,0.75,new,12,4,none,rf,1241,0,68d0e5f-dirty
Subject731,30,0.8177777777777778,0.8333333333333334,0.8333333333333334,new,12,4,none,rf,1241,0,68d0e5f-dirty
Subject867,60,0.7873208273208273,0.8,0.8,new,12,4,none,rf,1241,0,68d0e5f-dirty
Subject890,30,0.8755555555555555,0.9,0.9,new,12,4,none,rf,1241,0,68d0e5f-dirty
Subject969,30,0.5674074074074074,0.6333333333333333,0.6333333333333333,new,12,4,none,rf,1241,0,68d0e5f-dirty
Subject516,30,1.0,1.0,1.0,recorded,12,4,none,rf,1241,0,68d0e5f-dirty
Subject571,30,0.9644444444444444,0.9666666666666667,0.9666666666666667,recorded,12,4,none,rf,1241,0,68d0e5f-dirty
Subject741,60,0.8457335257335258,0.8666666666666667,0.8666666666666667,recorded,12,4,none,rf,1241,0,68d0e5f-dirty
Subject819,60,0.9331409331409332,0.9333333333333333,0.9333333333333333,recorded,12,4,none,rf,1241,0,68d0e5f-dirty
Subject424,60,0.7302116402116402,0.7666666666666667,0.7666666666666667,new,12,4,tempo_intensity,rf,1241,5025,68d0e5f-dirty
Subject611,60,0.7136507936507936,0.75,0.75,new,12,4,tempo_intensity,rf,1241,5025,68d0e5f-dirty
Subject731,30,0.7777777777777778,0.8,0.8,new,12,4,tempo_intensity,rf,1241,5025,68d0e5f-dirty
Subject867,60,0.7585377585377585,0.7666666666666667,0.7666666666666667,new,12,4,tempo_intensity,rf,1241,5025,68d0e5f-dirty
Subject890,30,0.8422222222222222,0.8666666666666667,0.8666666666666667,new,12,4,tempo_intensity,rf,1241,5025,68d0e5f-dirty
Subject969,30,0.6558730158730159,0.7,0.7,new,12,4,tempo_intensity,rf,1241,5025,68d0e5f-dirty
Subject516,30,0.9066666666666667,0.9333333333333333,0.9333333333333333,recorded,12,4,tempo_intensity,rf,1241,5025,68d0e5f-dirty
Subject571,30,0.8755555555555555,0.9,0.9,recorded,12,4,tempo_intensity,rf,1241,5025,68d0e5f-dirty
Subject741,60,0.8611832611832612,0.8833333333333333,0.8833333333333333,recorded,12,4,tempo_intensity,rf,1241,5025,68d0e5f-dirty
Subject819,60,0.8732275132275132,0.8833333333333333,0.8833333333333333,recorded,12,4,tempo_intensity,rf,1241,5025,68d0e5f-dirty
Subject424,60,0.6749206349206349,0.7166666666666667,0.7166666666666667,new,12,4,plus_placement,rf,1241,5083,68d0e5f-dirty
Subject611,60,0.7986975986975986,0.8166666666666667,0.8166666666666667,new,12,4,plus_placement,rf,1241,5083,68d0e5f-dirty
Subject731,30,0.7714285714285715,0.8,0.8,new,12,4,plus_placement,rf,1241,5083,68d0e5f-dirty
Subject867,60,0.7364946164946164,0.75,0.75,new,12,4,plus_placement,rf,1241,5083,68d0e5f-dirty
Subject890,30,0.846984126984127,0.8666666666666667,0.8666666666666667,new,12,4,plus_placement,rf,1241,5083,68d0e5f-dirty
Subject969,30,0.8266666666666665,0.8333333333333334,0.8333333333333334,new,12,4,plus_placement,rf,1241,5083,68d0e5f-dirty
Subject516,30,0.9111111111111111,0.9333333333333333,0.9333333333333333,recorded,12,4,plus_placement,rf,1241,5083,68d0e5f-dirty
Subject571,30,1.0,1.0,1.0,recorded,12,4,plus_placement,rf,1241,5083,68d0e5f-dirty
Subject741,60,0.8611832611832612,0.8833333333333333,0.8833333333333333,recorded,12,4,plus_placement,rf,1241,5083,68d0e5f-dirty
Subject819,60,0.9223280423280423,0.9333333333333333,0.9333333333333333,recorded,12,4,plus_placement,rf,1241,5083,68d0e5f-dirty
Subject424,60,0.7389284789284789,0.7666666666666667,0.7666666666666667,new,12,8,none,rf,2439,0,68d0e5f-dirty
Subject611,60,0.846984126984127,0.8666666666666667,0.8666666666666667,new,12,8,none,rf,2439,0,68d0e5f-dirty
Subject731,30,0.7733333333333334,0.8,0.8,new,12,8,none,rf,2439,0,68d0e5f-dirty
Subject867,60,0.8162637362637362,0.8333333333333334,0.8333333333333334,new,12,8,none,rf,2439,0,68d0e5f-dirty
Subject890,30,0.8800000000000001,0.9,0.9,new,12,8,none,rf,2439,0,68d0e5f-dirty
Subject969,30,0.7407407407407407,0.7666666666666667,0.7666666666666667,new,12,8,none,rf,2439,0,68d0e5f-dirty
Subject353,60,0.8811111111111111,0.8833333333333333,0.8833333333333333,recorded,12,8,none,rf,2439,0,68d0e5f-dirty
Subject376,60,0.8498168498168499,0.8666666666666667,0.8666666666666667,recorded,12,8,none,rf,2439,0,68d0e5f-dirty
Subject516,30,1.0,1.0,1.0,recorded,12,8,none,rf,2439,0,68d0e5f-dirty
Subject571,30,0.9644444444444444,0.9666666666666667,0.9666666666666667,recorded,12,8,none,rf,2439,0,68d0e5f-dirty
Subject580,90,0.8988833388833389,0.8999999999999999,0.9,recorded,12,8,none,rf,2439,0,68d0e5f-dirty
Subject729,60,1.0,1.0,1.0,recorded,12,8,none,rf,2439,0,68d0e5f-dirty
Subject741,60,0.8383068783068783,0.85,0.85,recorded,12,8,none,rf,2439,0,68d0e5f-dirty
Subject819,60,0.9141798941798942,0.9166666666666666,0.9166666666666666,recorded,12,8,none,rf,2439,0,68d0e5f-dirty
Subject424,60,0.743902023902024,0.7833333333333333,0.7833333333333333,new,12,8,tempo_intensity,rf,2439,9855,68d0e5f-dirty
Subject611,60,0.8326118326118325,0.85,0.85,new,12,8,tempo_intensity,rf,2439,9855,68d0e5f-dirty
Subject731,30,0.7980952380952381,0.8333333333333334,0.8333333333333334,new,12,8,tempo_intensity,rf,2439,9855,68d0e5f-dirty
Subject867,60,0.8027513227513229,0.8166666666666667,0.8166666666666667,new,12,8,tempo_intensity,rf,2439,9855,68d0e5f-dirty
Subject890,30,0.8800000000000001,0.9,0.9,new,12,8,tempo_intensity,rf,2439,9855,68d0e5f-dirty
Subject969,30,0.7051851851851851,0.7333333333333333,0.7333333333333333,new,12,8,tempo_intensity,rf,2439,9855,68d0e5f-dirty
Subject353,60,0.8811111111111111,0.8833333333333333,0.8833333333333333,recorded,12,8,tempo_intensity,rf,2439,9855,68d0e5f-dirty
Subject376,60,0.8622222222222222,0.8833333333333333,0.8833333333333333,recorded,12,8,tempo_intensity,rf,2439,9855,68d0e5f-dirty
Subject516,30,0.9644444444444444,0.9666666666666667,0.9666666666666667,recorded,12,8,tempo_intensity,rf,2439,9855,68d0e5f-dirty
Subject571,30,0.8444444444444444,0.8666666666666667,0.8666666666666667,recorded,12,8,tempo_intensity,rf,2439,9855,68d0e5f-dirty
Subject580,90,0.8887823287823288,0.888888888888889,0.8888888888888888,recorded,12,8,tempo_intensity,rf,2439,9855,68d0e5f-dirty
Subject729,60,1.0,1.0,1.0,recorded,12,8,tempo_intensity,rf,2439,9855,68d0e5f-dirty
Subject741,60,0.8583597883597884,0.8666666666666667,0.8666666666666667,recorded,12,8,tempo_intensity,rf,2439,9855,68d0e5f-dirty
Subject819,60,0.8441798941798943,0.8666666666666667,0.8666666666666667,recorded,12,8,tempo_intensity,rf,2439,9855,68d0e5f-dirty
Subject424,60,0.757902837902838,0.8,0.8,new,12,8,plus_placement,rf,2439,9839,68d0e5f-dirty
Subject611,60,0.8656084656084656,0.8833333333333333,0.8833333333333333,new,12,8,plus_placement,rf,2439,9839,68d0e5f-dirty
Subject731,30,0.7714285714285715,0.8,0.8,new,12,8,plus_placement,rf,2439,9839,68d0e5f-dirty
Subject867,60,0.8008332408332408,0.8166666666666667,0.8166666666666667,new,12,8,plus_placement,rf,2439,9839,68d0e5f-dirty
Subject890,30,0.8777777777777778,0.9,0.9,new,12,8,plus_placement,rf,2439,9839,68d0e5f-dirty
Subject969,30,0.7066666666666667,0.7333333333333333,0.7333333333333333,new,12,8,plus_placement,rf,2439,9839,68d0e5f-dirty
Subject353,60,0.9175132275132275,0.9166666666666666,0.9166666666666666,recorded,12,8,plus_placement,rf,2439,9839,68d0e5f-dirty
Subject376,60,0.8333333333333334,0.8666666666666667,0.8666666666666667,recorded,12,8,plus_placement,rf,2439,9839,68d0e5f-dirty
Subject516,30,0.9644444444444444,0.9666666666666667,0.9666666666666667,recorded,12,8,plus_placement,rf,2439,9839,68d0e5f-dirty
Subject571,30,1.0,1.0,1.0,recorded,12,8,plus_placement,rf,2439,9839,68d0e5f-dirty
Subject580,90,0.8983472083472085,0.9,0.9,recorded,12,8,plus_placement,rf,2439,9839,68d0e5f-dirty
Subject729,60,1.0,1.0,1.0,recorded,12,8,plus_placement,rf,2439,9839,68d0e5f-dirty
Subject741,60,0.8732275132275134,0.8833333333333333,0.8833333333333333,recorded,12,8,plus_placement,rf,2439,9839,68d0e5f-dirty
Subject819,60,0.9141798941798942,0.9166666666666666,0.9166666666666666,recorded,12,8,plus_placement,rf,2439,9839,68d0e5f-dirty
Subject424,60,0.8825396825396825,0.9,0.9,new,12,17,none,rf,5214,0,68d0e5f-dirty
Subject611,60,0.9333333333333332,0.9333333333333333,0.9333333333333333,new,12,17,none,rf,5214,0,68d0e5f-dirty
Subject731,30,0.7755555555555556,0.8,0.8,new,12,17,none,rf,5214,0,68d0e5f-dirty
Subject867,60,0.8240944240944241,0.85,0.85,new,12,17,none,rf,5214,0,68d0e5f-dirty
Subject890,30,0.8422222222222222,0.8666666666666667,0.8666666666666667,new,12,17,none,rf,5214,0,68d0e5f-dirty
Subject969,30,0.674074074074074,0.7,0.7,new,12,17,none,rf,5214,0,68d0e5f-dirty
Subject139,60,0.9288888888888888,0.9333333333333333,0.9333333333333333,recorded,12,17,none,rf,5214,0,68d0e5f-dirty
Subject147,31,0.8622222222222222,0.8777777777777778,0.8709677419354839,recorded,12,17,none,rf,5214,0,68d0e5f-dirty
Subject226,30,0.8977777777777777,0.9,0.9,recorded,12,17,none,rf,5214,0,68d0e5f-dirty
Subject352,30,0.9111111111111111,0.9333333333333333,0.9333333333333333,recorded,12,17,none,rf,5214,0,68d0e5f-dirty
Subject353,60,0.8058393458393458,0.8333333333333334,0.8333333333333334,recorded,12,17,none,rf,5214,0,68d0e5f-dirty
Subject354,60,0.9664021164021165,0.9666666666666667,0.9666666666666667,recorded,12,17,none,rf,5214,0,68d0e5f-dirty
Subject376,60,0.8476190476190476,0.8666666666666667,0.8666666666666667,recorded,12,17,none,rf,5214,0,68d0e5f-dirty
Subject455,60,0.9830687830687831,0.9833333333333333,0.9833333333333333,recorded,12,17,none,rf,5214,0,68d0e5f-dirty
Subject494,60,0.912136752136752,0.9166666666666666,0.9166666666666666,recorded,12,17,none,rf,5214,0,68d0e5f-dirty
Subject516,30,0.9644444444444444,0.9666666666666667,0.9666666666666667,recorded,12,17,none,rf,5214,0,68d0e5f-dirty
Subject561,60,0.9418181818181818,0.95,0.95,recorded,12,17,none,rf,5214,0,68d0e5f-dirty
Subject571,30,0.9333333333333332,0.9333333333333333,0.9333333333333333,recorded,12,17,none,rf,5214,0,68d0e5f-dirty
Subject580,90,0.8843090243090242,0.8888888888888891,0.8888888888888888,recorded,12,17,none,rf,5214,0,68d0e5f-dirty
Subject729,60,1.0,1.0,1.0,recorded,12,17,none,rf,5214,0,68d0e5f-dirty
Subject741,60,0.8901587301587301,0.9,0.9,recorded,12,17,none,rf,5214,0,68d0e5f-dirty
Subject819,60,0.851933251933252,0.8666666666666667,0.8666666666666667,recorded,12,17,none,rf,5214,0,68d0e5f-dirty
Subject877,60,1.0,1.0,1.0,recorded,12,17,none,rf,5214,0,68d0e5f-dirty
Subject424,60,0.8084656084656084,0.8333333333333334,0.8333333333333334,new,12,17,tempo_intensity,rf,5214,21224,68d0e5f-dirty
Subject611,60,0.9475132275132275,0.95,0.95,new,12,17,tempo_intensity,rf,5214,21224,68d0e5f-dirty
Subject731,30,0.7755555555555556,0.8,0.8,new,12,17,tempo_intensity,rf,5214,21224,68d0e5f-dirty
Subject867,60,0.8275132275132275,0.85,0.85,new,12,17,tempo_intensity,rf,5214,21224,68d0e5f-dirty
Subject890,30,0.9111111111111111,0.9333333333333333,0.9333333333333333,new,12,17,tempo_intensity,rf,5214,21224,68d0e5f-dirty
Subject969,30,0.7666666666666667,0.8,0.8,new,12,17,tempo_intensity,rf,5214,21224,68d0e5f-dirty
Subject139,60,0.8755555555555555,0.9,0.9,recorded,12,17,tempo_intensity,rf,5214,21224,68d0e5f-dirty
Subject147,31,0.8888888888888888,0.9,0.9032258064516129,recorded,12,17,tempo_intensity,rf,5214,21224,68d0e5f-dirty
Subject226,30,0.9333333333333332,0.9333333333333333,0.9333333333333333,recorded,12,17,tempo_intensity,rf,5214,21224,68d0e5f-dirty
Subject352,30,0.9111111111111111,0.9333333333333333,0.9333333333333333,recorded,12,17,tempo_intensity,rf,5214,21224,68d0e5f-dirty
Subject353,60,0.8410774410774411,0.8666666666666667,0.8666666666666667,recorded,12,17,tempo_intensity,rf,5214,21224,68d0e5f-dirty
Subject354,60,0.8956228956228957,0.9166666666666666,0.9166666666666666,recorded,12,17,tempo_intensity,rf,5214,21224,68d0e5f-dirty
Subject376,60,0.8648351648351648,0.8833333333333333,0.8833333333333333,recorded,12,17,tempo_intensity,rf,5214,21224,68d0e5f-dirty
Subject455,60,0.9830687830687831,0.9833333333333333,0.9833333333333333,recorded,12,17,tempo_intensity,rf,5214,21224,68d0e5f-dirty
Subject494,60,0.912136752136752,0.9166666666666666,0.9166666666666666,recorded,12,17,tempo_intensity,rf,5214,21224,68d0e5f-dirty
Subject516,30,0.9288888888888889,0.9333333333333333,0.9333333333333333,recorded,12,17,tempo_intensity,rf,5214,21224,68d0e5f-dirty
Subject561,60,0.9644444444444444,0.9666666666666667,0.9666666666666667,recorded,12,17,tempo_intensity,rf,5214,21224,68d0e5f-dirty
Subject571,30,0.8825396825396825,0.9,0.9,recorded,12,17,tempo_intensity,rf,5214,21224,68d0e5f-dirty
Subject580,90,0.894081474081474,0.9,0.9,recorded,12,17,tempo_intensity,rf,5214,21224,68d0e5f-dirty
Subject729,60,1.0,1.0,1.0,recorded,12,17,tempo_intensity,rf,5214,21224,68d0e5f-dirty
Subject741,60,0.891957671957672,0.9,0.9,recorded,12,17,tempo_intensity,rf,5214,21224,68d0e5f-dirty
Subject819,60,0.8786916786916787,0.9,0.9,recorded,12,17,tempo_intensity,rf,5214,21224,68d0e5f-dirty
Subject877,60,1.0,1.0,1.0,recorded,12,17,tempo_intensity,rf,5214,21224,68d0e5f-dirty
Subject424,60,0.8306878306878306,0.85,0.85,new,12,17,plus_placement,rf,5214,20999,68d0e5f-dirty
Subject611,60,0.9164021164021163,0.9166666666666666,0.9166666666666666,new,12,17,plus_placement,rf,5214,20999,68d0e5f-dirty
Subject731,30,0.7733333333333334,0.8,0.8,new,12,17,plus_placement,rf,5214,20999,68d0e5f-dirty
Subject867,60,0.8444444444444444,0.8666666666666667,0.8666666666666667,new,12,17,plus_placement,rf,5214,20999,68d0e5f-dirty
Subject890,30,0.9111111111111111,0.9333333333333333,0.9333333333333333,new,12,17,plus_placement,rf,5214,20999,68d0e5f-dirty
Subject969,30,0.8158730158730159,0.8333333333333334,0.8333333333333334,new,12,17,plus_placement,rf,5214,20999,68d0e5f-dirty
Subject139,60,0.9644444444444444,0.9666666666666667,0.9666666666666667,recorded,12,17,plus_placement,rf,5214,20999,68d0e5f-dirty
Subject147,31,0.8888888888888888,0.9,0.9032258064516129,recorded,12,17,plus_placement,rf,5214,20999,68d0e5f-dirty
Subject226,30,0.9333333333333332,0.9333333333333333,0.9333333333333333,recorded,12,17,plus_placement,rf,5214,20999,68d0e5f-dirty
Subject352,30,0.9111111111111111,0.9333333333333333,0.9333333333333333,recorded,12,17,plus_placement,rf,5214,20999,68d0e5f-dirty
Subject353,60,0.8725925925925926,0.8833333333333333,0.8833333333333333,recorded,12,17,plus_placement,rf,5214,20999,68d0e5f-dirty
Subject354,60,0.9644444444444444,0.9666666666666667,0.9666666666666667,recorded,12,17,plus_placement,rf,5214,20999,68d0e5f-dirty
Subject376,60,0.8648351648351648,0.8833333333333333,0.8833333333333333,recorded,12,17,plus_placement,rf,5214,20999,68d0e5f-dirty
Subject455,60,1.0,1.0,1.0,recorded,12,17,plus_placement,rf,5214,20999,68d0e5f-dirty
Subject494,60,0.912136752136752,0.9166666666666666,0.9166666666666666,recorded,12,17,plus_placement,rf,5214,20999,68d0e5f-dirty
Subject516,30,0.9288888888888889,0.9333333333333333,0.9333333333333333,recorded,12,17,plus_placement,rf,5214,20999,68d0e5f-dirty
Subject561,60,0.9644444444444444,0.9666666666666667,0.9666666666666667,recorded,12,17,plus_placement,rf,5214,20999,68d0e5f-dirty
Subject571,30,1.0,1.0,1.0,recorded,12,17,plus_placement,rf,5214,20999,68d0e5f-dirty
Subject580,90,0.9283549783549783,0.9333333333333333,0.9333333333333333,recorded,12,17,plus_placement,rf,5214,20999,68d0e5f-dirty
Subject729,60,0.9830687830687831,0.9833333333333333,0.9833333333333333,recorded,12,17,plus_placement,rf,5214,20999,68d0e5f-dirty
Subject741,60,0.9084848484848485,0.9166666666666666,0.9166666666666666,recorded,12,17,plus_placement,rf,5214,20999,68d0e5f-dirty
Subject819,60,0.924886964886965,0.9333333333333333,0.9333333333333333,recorded,12,17,plus_placement,rf,5214,20999,68d0e5f-dirty
Subject877,60,1.0,1.0,1.0,recorded,12,17,plus_placement,rf,5214,20999,68d0e5f-dirty
Subject139,60,0.6894179894179895,0.7166666666666667,0.7166666666666667,new,13,2,none,rf,468,0,68d0e5f-dirty
Subject226,30,0.6999999999999998,0.7333333333333333,0.7333333333333333,new,13,2,none,rf,468,0,68d0e5f-dirty
Subject353,60,0.5882539682539683,0.6333333333333333,0.6333333333333333,new,13,2,none,rf,468,0,68d0e5f-dirty
Subject571,30,0.7177777777777778,0.7666666666666667,0.7666666666666667,new,13,2,none,rf,468,0,68d0e5f-dirty
Subject741,60,0.6403907203907202,0.6666666666666666,0.6666666666666666,new,13,2,none,rf,468,0,68d0e5f-dirty
Subject819,60,0.4812169312169312,0.5333333333333333,0.5333333333333333,new,13,2,none,rf,468,0,68d0e5f-dirty
Subject424,60,0.8941798941798942,0.9166666666666666,0.9166666666666666,recorded,13,2,none,rf,468,0,68d0e5f-dirty
Subject455,60,0.903030303030303,0.9166666666666666,0.9166666666666666,recorded,13,2,none,rf,468,0,68d0e5f-dirty
Subject139,60,0.7415007215007214,0.7833333333333333,0.7833333333333333,new,13,2,tempo_intensity,rf,468,1889,68d0e5f-dirty
Subject226,30,0.7803174603174603,0.8,0.8,new,13,2,tempo_intensity,rf,468,1889,68d0e5f-dirty
Subject353,60,0.660952380952381,0.7,0.7,new,13,2,tempo_intensity,rf,468,1889,68d0e5f-dirty
Subject571,30,0.7888888888888889,0.8333333333333334,0.8333333333333334,new,13,2,tempo_intensity,rf,468,1889,68d0e5f-dirty
Subject741,60,0.7168253968253968,0.75,0.75,new,13,2,tempo_intensity,rf,468,1889,68d0e5f-dirty
Subject819,60,0.7292592592592592,0.7833333333333333,0.7833333333333333,new,13,2,tempo_intensity,rf,468,1889,68d0e5f-dirty
Subject424,60,0.8981684981684982,0.9166666666666666,0.9166666666666666,recorded,13,2,tempo_intensity,rf,468,1889,68d0e5f-dirty
Subject455,60,0.9492063492063492,0.95,0.95,recorded,13,2,tempo_intensity,rf,468,1889,68d0e5f-dirty
Subject139,60,0.7392592592592593,0.7666666666666667,0.7666666666666667,new,13,2,plus_placement,rf,468,1878,68d0e5f-dirty
Subject226,30,0.7190476190476189,0.7333333333333333,0.7333333333333333,new,13,2,plus_placement,rf,468,1878,68d0e5f-dirty
Subject353,60,0.6243578643578644,0.65,0.65,new,13,2,plus_placement,rf,468,1878,68d0e5f-dirty
Subject571,30,0.6555555555555554,0.7333333333333333,0.7333333333333333,new,13,2,plus_placement,rf,468,1878,68d0e5f-dirty
Subject741,60,0.7357671957671957,0.7666666666666667,0.7666666666666667,new,13,2,plus_placement,rf,468,1878,68d0e5f-dirty
Subject819,60,0.5547282347282346,0.6166666666666667,0.6166666666666667,new,13,2,plus_placement,rf,468,1878,68d0e5f-dirty
Subject424,60,0.8812372812372813,0.9,0.9,recorded,13,2,plus_placement,rf,468,1878,68d0e5f-dirty
Subject455,60,0.9666666666666667,0.9666666666666667,0.9666666666666667,recorded,13,2,plus_placement,rf,468,1878,68d0e5f-dirty
Subject139,60,0.7162962962962962,0.75,0.75,new,13,4,none,rf,971,0,68d0e5f-dirty
Subject226,30,0.7580952380952382,0.8,0.8,new,13,4,none,rf,971,0,68d0e5f-dirty
Subject353,60,0.7490139490139491,0.7833333333333333,0.7833333333333333,new,13,4,none,rf,971,0,68d0e5f-dirty
Subject571,30,0.5955555555555556,0.6666666666666666,0.6666666666666666,new,13,4,none,rf,971,0,68d0e5f-dirty
Subject741,60,0.741952491952492,0.7833333333333333,0.7833333333333333,new,13,4,none,rf,971,0,68d0e5f-dirty
Subject819,60,0.4986080586080586,0.5666666666666667,0.5666666666666667,new,13,4,none,rf,971,0,68d0e5f-dirty
Subject354,60,0.9830687830687831,0.9833333333333333,0.9833333333333333,recorded,13,4,none,rf,971,0,68d0e5f-dirty
Subject424,60,0.9119769119769121,0.9166666666666666,0.9166666666666666,recorded,13,4,none,rf,971,0,68d0e5f-dirty
Subject455,60,0.911957671957672,0.9166666666666666,0.9166666666666666,recorded,13,4,none,rf,971,0,68d0e5f-dirty
Subject494,60,0.9418181818181818,0.95,0.95,recorded,13,4,none,rf,971,0,68d0e5f-dirty
Subject139,60,0.6274074074074074,0.6833333333333333,0.6833333333333333,new,13,4,tempo_intensity,rf,971,3903,68d0e5f-dirty
Subject226,30,0.8222222222222223,0.8666666666666667,0.8666666666666667,new,13,4,tempo_intensity,rf,971,3903,68d0e5f-dirty
Subject353,60,0.7659451659451659,0.8,0.8,new,13,4,tempo_intensity,rf,971,3903,68d0e5f-dirty
Subject571,30,0.6317460317460317,0.7,0.7,new,13,4,tempo_intensity,rf,971,3903,68d0e5f-dirty
Subject741,60,0.7204232804232803,0.7666666666666667,0.7666666666666667,new,13,4,tempo_intensity,rf,971,3903,68d0e5f-dirty
Subject819,60,0.5927894327894327,0.65,0.65,new,13,4,tempo_intensity,rf,971,3903,68d0e5f-dirty
Subject354,60,1.0,1.0,1.0,recorded,13,4,tempo_intensity,rf,971,3903,68d0e5f-dirty
Subject424,60,0.8854700854700854,0.9,0.9,recorded,13,4,tempo_intensity,rf,971,3903,68d0e5f-dirty
Subject455,60,0.911957671957672,0.9166666666666666,0.9166666666666666,recorded,13,4,tempo_intensity,rf,971,3903,68d0e5f-dirty
Subject494,60,0.9661375661375662,0.9666666666666667,0.9666666666666667,recorded,13,4,tempo_intensity,rf,971,3903,68d0e5f-dirty
Subject139,60,0.708961038961039,0.7333333333333333,0.7333333333333333,new,13,4,plus_placement,rf,971,3948,68d0e5f-dirty
Subject226,30,0.8222222222222223,0.8666666666666667,0.8666666666666667,new,13,4,plus_placement,rf,971,3948,68d0e5f-dirty
Subject353,60,0.7965367965367965,0.8166666666666667,0.8166666666666667,new,13,4,plus_placement,rf,971,3948,68d0e5f-dirty
Subject571,30,0.638095238095238,0.7,0.7,new,13,4,plus_placement,rf,971,3948,68d0e5f-dirty
Subject741,60,0.7530158730158729,0.8,0.8,new,13,4,plus_placement,rf,971,3948,68d0e5f-dirty
Subject819,60,0.6099663299663299,0.6666666666666666,0.6666666666666666,new,13,4,plus_placement,rf,971,3948,68d0e5f-dirty
Subject354,60,1.0,1.0,1.0,recorded,13,4,plus_placement,rf,971,3948,68d0e5f-dirty
Subject424,60,0.84991452991453,0.8666666666666667,0.8666666666666667,recorded,13,4,plus_placement,rf,971,3948,68d0e5f-dirty
Subject455,60,0.9418181818181818,0.95,0.95,recorded,13,4,plus_placement,rf,971,3948,68d0e5f-dirty
Subject494,60,0.9223280423280423,0.9333333333333333,0.9333333333333333,recorded,13,4,plus_placement,rf,971,3948,68d0e5f-dirty
Subject139,60,0.7337566137566138,0.7833333333333333,0.7833333333333333,new,13,8,none,rf,2347,0,68d0e5f-dirty
Subject226,30,0.6933333333333334,0.7666666666666667,0.7666666666666667,new,13,8,none,rf,2347,0,68d0e5f-dirty
Subject353,60,0.76996632996633,0.8166666666666667,0.8166666666666667,new,13,8,none,rf,2347,0,68d0e5f-dirty
Subject571,30,0.8177777777777778,0.8666666666666667,0.8666666666666667,new,13,8,none,rf,2347,0,68d0e5f-dirty
Subject741,60,0.8424001924001925,0.8666666666666667,0.8666666666666667,new,13,8,none,rf,2347,0,68d0e5f-dirty
Subject819,60,0.7892063492063491,0.8333333333333334,0.8333333333333334,new,13,8,none,rf,2347,0,68d0e5f-dirty
Subject147,31,0.8825396825396825,0.9,0.9032258064516129,recorded,13,8,none,rf,2347,0,68d0e5f-dirty
Subject354,60,1.0,1.0,1.0,recorded,13,8,none,rf,2347,0,68d0e5f-dirty
Subject424,60,0.8656084656084656,0.8833333333333333,0.8833333333333333,recorded,13,8,none,rf,2347,0,68d0e5f-dirty
Subject455,60,0.9830687830687831,0.9833333333333333,0.9833333333333333,recorded,13,8,none,rf,2347,0,68d0e5f-dirty
Subject494,60,0.9053968253968255,0.9166666666666666,0.9166666666666666,recorded,13,8,none,rf,2347,0,68d0e5f-dirty
Subject580,90,0.8802797202797202,0.8777777777777779,0.8777777777777778,recorded,13,8,none,rf,2347,0,68d0e5f-dirty
Subject729,60,0.9418181818181818,0.95,0.95,recorded,13,8,none,rf,2347,0,68d0e5f-dirty
Subject969,30,0.8380952380952381,0.8666666666666667,0.8666666666666667,recorded,13,8,none,rf,2347,0,68d0e5f-dirty
Subject139,60,0.7644636844636845,0.8,0.8,new,13,8,tempo_intensity,rf,2347,9382,68d0e5f-dirty
Subject226,30,0.7466666666666667,0.8,0.8,new,13,8,tempo_intensity,rf,2347,9382,68d0e5f-dirty
Subject353,60,0.7930158730158731,0.8166666666666667,0.8166666666666667,new,13,8,tempo_intensity,rf,2347,9382,68d0e5f-dirty
Subject571,30,0.7866666666666666,0.8333333333333334,0.8333333333333334,new,13,8,tempo_intensity,rf,2347,9382,68d0e5f-dirty
Subject741,60,0.843915343915344,0.8666666666666667,0.8666666666666667,new,13,8,tempo_intensity,rf,2347,9382,68d0e5f-dirty
Subject819,60,0.7568253968253968,0.8,0.8,new,13,8,tempo_intensity,rf,2347,9382,68d0e5f-dirty
Subject147,31,0.8825396825396825,0.9,0.9032258064516129,recorded,13,8,tempo_intensity,rf,2347,9382,68d0e5f-dirty
Subject354,60,0.9830687830687831,0.9833333333333333,0.9833333333333333,recorded,13,8,tempo_intensity,rf,2347,9382,68d0e5f-dirty
Subject424,60,0.8825396825396825,0.9,0.9,recorded,13,8,tempo_intensity,rf,2347,9382,68d0e5f-dirty
Subject455,60,0.9666666666666667,0.9666666666666667,0.9666666666666667,recorded,13,8,tempo_intensity,rf,2347,9382,68d0e5f-dirty
Subject494,60,0.9223280423280423,0.9333333333333333,0.9333333333333333,recorded,13,8,tempo_intensity,rf,2347,9382,68d0e5f-dirty
Subject580,90,0.891004551004551,0.8888888888888891,0.8888888888888888,recorded,13,8,tempo_intensity,rf,2347,9382,68d0e5f-dirty
Subject729,60,0.9418181818181818,0.95,0.95,recorded,13,8,tempo_intensity,rf,2347,9382,68d0e5f-dirty
Subject969,30,0.8825396825396825,0.9,0.9,recorded,13,8,tempo_intensity,rf,2347,9382,68d0e5f-dirty
Subject139,60,0.7341798941798943,0.7833333333333333,0.7833333333333333,new,13,8,plus_placement,rf,2347,9502,68d0e5f-dirty
Subject226,30,0.7155555555555557,0.7666666666666667,0.7666666666666667,new,13,8,plus_placement,rf,2347,9502,68d0e5f-dirty
Subject353,60,0.76996632996633,0.8166666666666667,0.8166666666666667,new,13,8,plus_placement,rf,2347,9502,68d0e5f-dirty
Subject571,30,0.8177777777777778,0.8666666666666667,0.8666666666666667,new,13,8,plus_placement,rf,2347,9502,68d0e5f-dirty
Subject741,60,0.8608465608465609,0.8833333333333333,0.8833333333333333,new,13,8,plus_placement,rf,2347,9502,68d0e5f-dirty
Subject819,60,0.7892063492063491,0.8333333333333334,0.8333333333333334,new,13,8,plus_placement,rf,2347,9502,68d0e5f-dirty
Subject147,31,0.8825396825396825,0.9,0.9032258064516129,recorded,13,8,plus_placement,rf,2347,9502,68d0e5f-dirty
Subject354,60,0.9830687830687831,0.9833333333333333,0.9833333333333333,recorded,13,8,plus_placement,rf,2347,9502,68d0e5f-dirty
Subject424,60,0.8676923076923077,0.8833333333333333,0.8833333333333333,recorded,13,8,plus_placement,rf,2347,9502,68d0e5f-dirty
Subject455,60,0.9666666666666667,0.9666666666666667,0.9666666666666667,recorded,13,8,plus_placement,rf,2347,9502,68d0e5f-dirty
Subject494,60,0.8941798941798942,0.9166666666666666,0.9166666666666666,recorded,13,8,plus_placement,rf,2347,9502,68d0e5f-dirty
Subject580,90,0.9233277833277833,0.9222222222222223,0.9222222222222223,recorded,13,8,plus_placement,rf,2347,9502,68d0e5f-dirty
Subject729,60,0.9830687830687831,0.9833333333333333,0.9833333333333333,recorded,13,8,plus_placement,rf,2347,9502,68d0e5f-dirty
Subject969,30,0.8333333333333334,0.8666666666666667,0.8666666666666667,recorded,13,8,plus_placement,rf,2347,9502,68d0e5f-dirty
Subject139,60,0.9139153439153439,0.9166666666666666,0.9166666666666666,new,13,17,none,rf,5097,0,68d0e5f-dirty
Subject226,30,0.7777777777777778,0.8333333333333334,0.8333333333333334,new,13,17,none,rf,5097,0,68d0e5f-dirty
Subject353,60,0.8207744107744107,0.85,0.85,new,13,17,none,rf,5097,0,68d0e5f-dirty
Subject571,30,0.9644444444444444,0.9666666666666667,0.9666666666666667,new,13,17,none,rf,5097,0,68d0e5f-dirty
Subject741,60,0.8423280423280421,0.8666666666666667,0.8666666666666667,new,13,17,none,rf,5097,0,68d0e5f-dirty
Subject819,60,0.8812372812372813,0.9,0.9,new,13,17,none,rf,5097,0,68d0e5f-dirty
Subject147,31,0.9644444444444444,0.9666666666666667,0.967741935483871,recorded,13,17,none,rf,5097,0,68d0e5f-dirty
Subject352,30,0.8755555555555555,0.9,0.9,recorded,13,17,none,rf,5097,0,68d0e5f-dirty
Subject354,60,0.9830687830687831,0.9833333333333333,0.9833333333333333,recorded,13,17,none,rf,5097,0,68d0e5f-dirty
Subject376,60,0.9185185185185184,0.9166666666666666,0.9166666666666666,recorded,13,17,none,rf,5097,0,68d0e5f-dirty
Subject424,60,0.8656084656084656,0.8833333333333333,0.8833333333333333,recorded,13,17,none,rf,5097,0,68d0e5f-dirty
Subject455,60,0.9830687830687831,0.9833333333333333,0.9833333333333333,recorded,13,17,none,rf,5097,0,68d0e5f-dirty
Subject494,60,0.8887301587301588,0.9,0.9,recorded,13,17,none,rf,5097,0,68d0e5f-dirty
Subject516,30,0.9333333333333333,0.9333333333333333,0.9333333333333333,recorded,13,17,none,rf,5097,0,68d0e5f-dirty
Subject561,60,0.8696681096681097,0.8833333333333333,0.8833333333333333,recorded,13,17,none,rf,5097,0,68d0e5f-dirty
Subject580,90,0.9034848484848486,0.9000000000000001,0.9,recorded,13,17,none,rf,5097,0,68d0e5f-dirty
Subject611,60,0.9830687830687831,0.9833333333333333,0.9833333333333333,recorded,13,17,none,rf,5097,0,68d0e5f-dirty
Subject729,60,0.9223280423280423,0.9333333333333333,0.9333333333333333,recorded,13,17,none,rf,5097,0,68d0e5f-dirty
Subject731,30,0.8800000000000001,0.9,0.9,recorded,13,17,none,rf,5097,0,68d0e5f-dirty
Subject867,60,0.8463684463684463,0.8666666666666667,0.8666666666666667,recorded,13,17,none,rf,5097,0,68d0e5f-dirty
Subject877,60,1.0,1.0,1.0,recorded,13,17,none,rf,5097,0,68d0e5f-dirty
Subject890,30,0.7977777777777778,0.8333333333333334,0.8333333333333334,recorded,13,17,none,rf,5097,0,68d0e5f-dirty
Subject969,30,0.8380952380952381,0.8666666666666667,0.8666666666666667,recorded,13,17,none,rf,5097,0,68d0e5f-dirty
Subject139,60,0.9136507936507937,0.9166666666666666,0.9166666666666666,new,13,17,tempo_intensity,rf,5097,20758,68d0e5f-dirty
Subject226,30,0.8177777777777778,0.8666666666666667,0.8666666666666667,new,13,17,tempo_intensity,rf,5097,20758,68d0e5f-dirty
Subject353,60,0.83991341991342,0.85,0.85,new,13,17,tempo_intensity,rf,5097,20758,68d0e5f-dirty
Subject571,30,0.9644444444444444,0.9666666666666667,0.9666666666666667,new,13,17,tempo_intensity,rf,5097,20758,68d0e5f-dirty
Subject741,60,0.8423280423280421,0.8666666666666667,0.8666666666666667,new,13,17,tempo_intensity,rf,5097,20758,68d0e5f-dirty
Subject819,60,0.8941798941798942,0.9166666666666666,0.9166666666666666,new,13,17,tempo_intensity,rf,5097,20758,68d0e5f-dirty
Subject147,31,0.9311111111111111,0.9333333333333333,0.9354838709677419,recorded,13,17,tempo_intensity,rf,5097,20758,68d0e5f-dirty
Subject352,30,0.8755555555555555,0.9,0.9,recorded,13,17,tempo_intensity,rf,5097,20758,68d0e5f-dirty
Subject354,60,0.9830687830687831,0.9833333333333333,0.9833333333333333,recorded,13,17,tempo_intensity,rf,5097,20758,68d0e5f-dirty
Subject376,60,0.9096296296296297,0.9166666666666666,0.9166666666666666,recorded,13,17,tempo_intensity,rf,5097,20758,68d0e5f-dirty
Subject424,60,0.8656084656084656,0.8833333333333333,0.8833333333333333,recorded,13,17,tempo_intensity,rf,5097,20758,68d0e5f-dirty
Subject455,60,0.9830687830687831,0.9833333333333333,0.9833333333333333,recorded,13,17,tempo_intensity,rf,5097,20758,68d0e5f-dirty
Subject494,60,0.8852910052910054,0.9,0.9,recorded,13,17,tempo_intensity,rf,5097,20758,68d0e5f-dirty
Subject516,30,0.9644444444444444,0.9666666666666667,0.9666666666666667,recorded,13,17,tempo_intensity,rf,5097,20758,68d0e5f-dirty
Subject561,60,0.9664021164021165,0.9666666666666667,0.9666666666666667,recorded,13,17,tempo_intensity,rf,5097,20758,68d0e5f-dirty
Subject580,90,0.8912842712842713,0.888888888888889,0.8888888888888888,recorded,13,17,tempo_intensity,rf,5097,20758,68d0e5f-dirty
Subject611,60,0.9830687830687831,0.9833333333333333,0.9833333333333333,recorded,13,17,tempo_intensity,rf,5097,20758,68d0e5f-dirty
Subject729,60,0.9223280423280423,0.9333333333333333,0.9333333333333333,recorded,13,17,tempo_intensity,rf,5097,20758,68d0e5f-dirty
Subject731,30,0.9047619047619048,0.9,0.9,recorded,13,17,tempo_intensity,rf,5097,20758,68d0e5f-dirty
Subject867,60,0.8105820105820106,0.8333333333333334,0.8333333333333334,recorded,13,17,tempo_intensity,rf,5097,20758,68d0e5f-dirty
Subject877,60,1.0,1.0,1.0,recorded,13,17,tempo_intensity,rf,5097,20758,68d0e5f-dirty
Subject890,30,0.7977777777777778,0.8333333333333334,0.8333333333333334,recorded,13,17,tempo_intensity,rf,5097,20758,68d0e5f-dirty
Subject969,30,0.8444444444444444,0.8666666666666667,0.8666666666666667,recorded,13,17,tempo_intensity,rf,5097,20758,68d0e5f-dirty
Subject139,60,0.9492063492063493,0.95,0.95,new,13,17,plus_placement,rf,5097,20678,68d0e5f-dirty
Subject226,30,0.8355555555555555,0.8666666666666667,0.8666666666666667,new,13,17,plus_placement,rf,5097,20678,68d0e5f-dirty
Subject353,60,0.8836363636363636,0.9,0.9,new,13,17,plus_placement,rf,5097,20678,68d0e5f-dirty
Subject571,30,0.9111111111111111,0.9333333333333333,0.9333333333333333,new,13,17,plus_placement,rf,5097,20678,68d0e5f-dirty
Subject741,60,0.8941798941798942,0.9166666666666666,0.9166666666666666,new,13,17,plus_placement,rf,5097,20678,68d0e5f-dirty
Subject819,60,0.8941798941798942,0.9166666666666666,0.9166666666666666,new,13,17,plus_placement,rf,5097,20678,68d0e5f-dirty
Subject147,31,0.9311111111111111,0.9333333333333333,0.9354838709677419,recorded,13,17,plus_placement,rf,5097,20678,68d0e5f-dirty
Subject352,30,0.9111111111111111,0.9333333333333333,0.9333333333333333,recorded,13,17,plus_placement,rf,5097,20678,68d0e5f-dirty
Subject354,60,0.9111111111111111,0.9333333333333333,0.9333333333333333,recorded,13,17,plus_placement,rf,5097,20678,68d0e5f-dirty
Subject376,60,0.9177248677248677,0.9166666666666666,0.9166666666666666,recorded,13,17,plus_placement,rf,5097,20678,68d0e5f-dirty
Subject424,60,0.8656084656084656,0.8833333333333333,0.8833333333333333,recorded,13,17,plus_placement,rf,5097,20678,68d0e5f-dirty
Subject455,60,0.9830687830687831,0.9833333333333333,0.9833333333333333,recorded,13,17,plus_placement,rf,5097,20678,68d0e5f-dirty
Subject494,60,0.9223280423280423,0.9333333333333333,0.9333333333333333,recorded,13,17,plus_placement,rf,5097,20678,68d0e5f-dirty
Subject516,30,0.9644444444444444,0.9666666666666667,0.9666666666666667,recorded,13,17,plus_placement,rf,5097,20678,68d0e5f-dirty
Subject561,60,0.9485714285714286,0.95,0.95,recorded,13,17,plus_placement,rf,5097,20678,68d0e5f-dirty
Subject580,90,0.9008780108780108,0.9000000000000001,0.9,recorded,13,17,plus_placement,rf,5097,20678,68d0e5f-dirty
Subject611,60,0.9830687830687831,0.9833333333333333,0.9833333333333333,recorded,13,17,plus_placement,rf,5097,20678,68d0e5f-dirty
Subject729,60,0.9830687830687831,0.9833333333333333,0.9833333333333333,recorded,13,17,plus_placement,rf,5097,20678,68d0e5f-dirty
Subject731,30,0.9644444444444444,0.9666666666666667,0.9666666666666667,recorded,13,17,plus_placement,rf,5097,20678,68d0e5f-dirty
Subject867,60,0.8463684463684463,0.8666666666666667,0.8666666666666667,recorded,13,17,plus_placement,rf,5097,20678,68d0e5f-dirty
Subject877,60,1.0,1.0,1.0,recorded,13,17,plus_placement,rf,5097,20678,68d0e5f-dirty
Subject890,30,0.846984126984127,0.8666666666666667,0.8666666666666667,recorded,13,17,plus_placement,rf,5097,20678,68d0e5f-dirty
Subject969,30,0.9311111111111111,0.9333333333333333,0.9333333333333333,recorded,13,17,plus_placement,rf,5097,20678,68d0e5f-dirty
Subject376,60,0.2663310450038139,0.35,0.35,new,14,2,none,rf,815,0,68d0e5f-dirty
Subject516,30,0.6099470899470899,0.6666666666666666,0.6666666666666666,new,14,2,none,rf,815,0,68d0e5f-dirty
Subject571,30,0.48253968253968255,0.5666666666666667,0.5666666666666667,new,14,2,none,rf,815,0,68d0e5f-dirty
Subject731,30,0.5118518518518519,0.5666666666666667,0.5666666666666667,new,14,2,none,rf,815,0,68d0e5f-dirty
Subject890,30,0.32,0.4,0.4,new,14,2,none,rf,815,0,68d0e5f-dirty
Subject969,30,0.5711111111111111,0.6333333333333333,0.6333333333333333,new,14,2,none,rf,815,0,68d0e5f-dirty
Subject352,30,0.8444444444444444,0.8666666666666667,0.8666666666666667,recorded,14,2,none,rf,815,0,68d0e5f-dirty
Subject729,60,1.0,1.0,1.0,recorded,14,2,none,rf,815,0,68d0e5f-dirty
Subject376,60,0.25371813371813373,0.35,0.35,new,14,2,tempo_intensity,rf,815,3288,68d0e5f-dirty
Subject516,30,0.5353535353535352,0.6,0.6,new,14,2,tempo_intensity,rf,815,3288,68d0e5f-dirty
Subject571,30,0.47460317460317464,0.5333333333333333,0.5333333333333333,new,14,2,tempo_intensity,rf,815,3288,68d0e5f-dirty
Subject731,30,0.4822222222222222,0.5666666666666667,0.5666666666666667,new,14,2,tempo_intensity,rf,815,3288,68d0e5f-dirty
Subject890,30,0.3316239316239316,0.4,0.4,new,14,2,tempo_intensity,rf,815,3288,68d0e5f-dirty
Subject969,30,0.5155555555555555,0.6,0.6,new,14,2,tempo_intensity,rf,815,3288,68d0e5f-dirty
Subject352,30,0.84,0.8666666666666667,0.8666666666666667,recorded,14,2,tempo_intensity,rf,815,3288,68d0e5f-dirty
Subject729,60,0.9830687830687831,0.9833333333333333,0.9833333333333333,recorded,14,2,tempo_intensity,rf,815,3288,68d0e5f-dirty
Subject376,60,0.24656084656084654,0.31666666666666665,0.31666666666666665,new,14,2,plus_placement,rf,815,3309,68d0e5f-dirty
Subject516,30,0.7158730158730158,0.7333333333333333,0.7333333333333333,new,14,2,plus_placement,rf,815,3309,68d0e5f-dirty
Subject571,30,0.5380952380952381,0.6,0.6,new,14,2,plus_placement,rf,815,3309,68d0e5f-dirty
Subject731,30,0.43703703703703706,0.5333333333333333,0.5333333333333333,new,14,2,plus_placement,rf,815,3309,68d0e5f-dirty
Subject890,30,0.29162393162393163,0.36666666666666664,0.36666666666666664,new,14,2,plus_placement,rf,815,3309,68d0e5f-dirty
Subject969,30,0.5888888888888888,0.6666666666666666,0.6666666666666666,new,14,2,plus_placement,rf,815,3309,68d0e5f-dirty
Subject352,30,0.871111111111111,0.9,0.9,recorded,14,2,plus_placement,rf,815,3309,68d0e5f-dirty
Subject729,60,0.9830687830687831,0.9833333333333333,0.9833333333333333,recorded,14,2,plus_placement,rf,815,3309,68d0e5f-dirty
Subject376,60,0.6004292004292004,0.65,0.65,new,14,4,none,rf,1339,0,68d0e5f-dirty
Subject516,30,0.7666666666666665,0.8,0.8,new,14,4,none,rf,1339,0,68d0e5f-dirty
Subject571,30,0.638095238095238,0.7,0.7,new,14,4,none,rf,1339,0,68d0e5f-dirty
Subject731,30,0.6377777777777778,0.7,0.7,new,14,4,none,rf,1339,0,68d0e5f-dirty
Subject890,30,0.5736507936507936,0.6333333333333333,0.6333333333333333,new,14,4,none,rf,1339,0,68d0e5f-dirty
Subject969,30,0.5111111111111111,0.6,0.6,new,14,4,none,rf,1339,0,68d0e5f-dirty
Subject147,31,0.8222222222222222,0.8666666666666667,0.8709677419354839,recorded,14,4,none,rf,1339,0,68d0e5f-dirty
Subject352,30,0.9111111111111111,0.9333333333333333,0.9333333333333333,recorded,14,4,none,rf,1339,0,68d0e5f-dirty
Subject729,60,0.9830687830687831,0.9833333333333333,0.9833333333333333,recorded,14,4,none,rf,1339,0,68d0e5f-dirty
Subject867,60,0.8755555555555555,0.9,0.9,recorded,14,4,none,rf,1339,0,68d0e5f-dirty
Subject376,60,0.6043253043253043,0.6333333333333333,0.6333333333333333,new,14,4,tempo_intensity,rf,1339,5457,68d0e5f-dirty
Subject516,30,0.7866666666666666,0.8333333333333334,0.8333333333333334,new,14,4,tempo_intensity,rf,1339,5457,68d0e5f-dirty
Subject571,30,0.5888888888888888,0.6666666666666666,0.6666666666666666,new,14,4,tempo_intensity,rf,1339,5457,68d0e5f-dirty
Subject731,30,0.6199999999999999,0.7,0.7,new,14,4,tempo_intensity,rf,1339,5457,68d0e5f-dirty
Subject890,30,0.5155555555555555,0.5666666666666667,0.5666666666666667,new,14,4,tempo_intensity,rf,1339,5457,68d0e5f-dirty
Subject969,30,0.5155555555555555,0.6,0.6,new,14,4,tempo_intensity,rf,1339,5457,68d0e5f-dirty
Subject147,31,0.7999999999999999,0.8333333333333334,0.8387096774193549,recorded,14,4,tempo_intensity,rf,1339,5457,68d0e5f-dirty
Subject352,30,0.9066666666666666,0.9333333333333333,0.9333333333333333,recorded,14,4,tempo_intensity,rf,1339,5457,68d0e5f-dirty
Subject729,60,0.9644444444444444,0.9666666666666667,0.9666666666666667,recorded,14,4,tempo_intensity,rf,1339,5457,68d0e5f-dirty
Subject867,60,0.866031746031746,0.8833333333333333,0.8833333333333333,recorded,14,4,tempo_intensity,rf,1339,5457,68d0e5f-dirty
Subject376,60,0.6755374255374256,0.7,0.7,new,14,4,plus_placement,rf,1339,5339,68d0e5f-dirty
Subject516,30,0.7866666666666666,0.8333333333333334,0.8333333333333334,new,14,4,plus_placement,rf,1339,5339,68d0e5f-dirty
Subject571,30,0.6736507936507936,0.7333333333333333,0.7333333333333333,new,14,4,plus_placement,rf,1339,5339,68d0e5f-dirty
Subject731,30,0.751111111111111,0.8,0.8,new,14,4,plus_placement,rf,1339,5339,68d0e5f-dirty
Subject890,30,0.5825396825396825,0.6333333333333333,0.6333333333333333,new,14,4,plus_placement,rf,1339,5339,68d0e5f-dirty
Subject969,30,0.5644444444444443,0.6333333333333333,0.6333333333333333,new,14,4,plus_placement,rf,1339,5339,68d0e5f-dirty
Subject147,31,0.8533333333333333,0.8666666666666667,0.8709677419354839,recorded,14,4,plus_placement,rf,1339,5339,68d0e5f-dirty
Subject352,30,0.9066666666666666,0.9333333333333333,0.9333333333333333,recorded,14,4,plus_placement,rf,1339,5339,68d0e5f-dirty
Subject729,60,1.0,1.0,1.0,recorded,14,4,plus_placement,rf,1339,5339,68d0e5f-dirty
Subject867,60,0.8719576719576719,0.8833333333333333,0.8833333333333333,recorded,14,4,plus_placement,rf,1339,5339,68d0e5f-dirty
Subject376,60,0.6802175602175601,0.7333333333333333,0.7333333333333333,new,14,8,none,rf,2565,0,68d0e5f-dirty
Subject516,30,0.8399999999999999,0.8666666666666667,0.8666666666666667,new,14,8,none,rf,2565,0,68d0e5f-dirty
Subject571,30,0.8222222222222222,0.8666666666666667,0.8666666666666667,new,14,8,none,rf,2565,0,68d0e5f-dirty
Subject731,30,0.8,0.8333333333333334,0.8333333333333334,new,14,8,none,rf,2565,0,68d0e5f-dirty
Subject890,30,0.7088888888888889,0.7666666666666667,0.7666666666666667,new,14,8,none,rf,2565,0,68d0e5f-dirty
Subject969,30,0.5733333333333334,0.6333333333333333,0.6333333333333333,new,14,8,none,rf,2565,0,68d0e5f-dirty
Subject147,31,0.8825396825396825,0.9,0.9032258064516129,recorded,14,8,none,rf,2565,0,68d0e5f-dirty
Subject226,30,0.9288888888888889,0.9333333333333333,0.9333333333333333,recorded,14,8,none,rf,2565,0,68d0e5f-dirty
Subject352,30,0.9111111111111111,0.9333333333333333,0.9333333333333333,recorded,14,8,none,rf,2565,0,68d0e5f-dirty
Subject353,60,0.8527368927368928,0.8666666666666667,0.8666666666666667,recorded,14,8,none,rf,2565,0,68d0e5f-dirty
Subject424,60,0.7074042950513539,0.75,0.75,recorded,14,8,none,rf,2565,0,68d0e5f-dirty
Subject729,60,1.0,1.0,1.0,recorded,14,8,none,rf,2565,0,68d0e5f-dirty
Subject819,60,0.924886964886965,0.9333333333333333,0.9333333333333333,recorded,14,8,none,rf,2565,0,68d0e5f-dirty
Subject867,60,0.8275132275132275,0.85,0.85,recorded,14,8,none,rf,2565,0,68d0e5f-dirty
Subject376,60,0.7623280423280423,0.7833333333333333,0.7833333333333333,new,14,8,tempo_intensity,rf,2565,10329,68d0e5f-dirty
Subject516,30,0.8088888888888889,0.8333333333333334,0.8333333333333334,new,14,8,tempo_intensity,rf,2565,10329,68d0e5f-dirty
Subject571,30,0.6977777777777778,0.7666666666666667,0.7666666666666667,new,14,8,tempo_intensity,rf,2565,10329,68d0e5f-dirty
Subject731,30,0.7511111111111113,0.8,0.8,new,14,8,tempo_intensity,rf,2565,10329,68d0e5f-dirty
Subject890,30,0.6555555555555554,0.7333333333333333,0.7333333333333333,new,14,8,tempo_intensity,rf,2565,10329,68d0e5f-dirty
Subject969,30,0.7051851851851852,0.7333333333333333,0.7333333333333333,new,14,8,tempo_intensity,rf,2565,10329,68d0e5f-dirty
Subject147,31,0.8825396825396825,0.9,0.9032258064516129,recorded,14,8,tempo_intensity,rf,2565,10329,68d0e5f-dirty
Subject226,30,0.9288888888888889,0.9333333333333333,0.9333333333333333,recorded,14,8,tempo_intensity,rf,2565,10329,68d0e5f-dirty
Subject352,30,0.9111111111111111,0.9333333333333333,0.9333333333333333,recorded,14,8,tempo_intensity,rf,2565,10329,68d0e5f-dirty
Subject353,60,0.8201058201058201,0.85,0.85,recorded,14,8,tempo_intensity,rf,2565,10329,68d0e5f-dirty
Subject424,60,0.7145502645502647,0.7666666666666667,0.7666666666666667,recorded,14,8,tempo_intensity,rf,2565,10329,68d0e5f-dirty
Subject729,60,0.9830687830687831,0.9833333333333333,0.9833333333333333,recorded,14,8,tempo_intensity,rf,2565,10329,68d0e5f-dirty
Subject819,60,0.8786916786916787,0.9,0.9,recorded,14,8,tempo_intensity,rf,2565,10329,68d0e5f-dirty
Subject867,60,0.8275132275132275,0.85,0.85,recorded,14,8,tempo_intensity,rf,2565,10329,68d0e5f-dirty
Subject376,60,0.6967724867724868,0.7333333333333333,0.7333333333333333,new,14,8,plus_placement,rf,2565,10448,68d0e5f-dirty
Subject516,30,0.7688888888888887,0.8,0.8,new,14,8,plus_placement,rf,2565,10448,68d0e5f-dirty
Subject571,30,0.8222222222222222,0.8666666666666667,0.8666666666666667,new,14,8,plus_placement,rf,2565,10448,68d0e5f-dirty
Subject731,30,0.7866666666666666,0.8333333333333334,0.8333333333333334,new,14,8,plus_placement,rf,2565,10448,68d0e5f-dirty
Subject890,30,0.7088888888888889,0.7666666666666667,0.7666666666666667,new,14,8,plus_placement,rf,2565,10448,68d0e5f-dirty
Subject969,30,0.6962962962962963,0.7333333333333333,0.7333333333333333,new,14,8,plus_placement,rf,2565,10448,68d0e5f-dirty
Subject147,31,0.8469841269841271,0.8666666666666667,0.8709677419354839,recorded,14,8,plus_placement,rf,2565,10448,68d0e5f-dirty
Subject226,30,0.8977777777777778,0.9,0.9,recorded,14,8,plus_placement,rf,2565,10448,68d0e5f-dirty
Subject352,30,0.9111111111111111,0.9333333333333333,0.9333333333333333,recorded,14,8,plus_placement,rf,2565,10448,68d0e5f-dirty
Subject353,60,0.8667051467051468,0.8833333333333333,0.8833333333333333,recorded,14,8,plus_placement,rf,2565,10448,68d0e5f-dirty
Subject424,60,0.7074042950513539,0.75,0.75,recorded,14,8,plus_placement,rf,2565,10448,68d0e5f-dirty
Subject729,60,0.9830687830687831,0.9833333333333333,0.9833333333333333,recorded,14,8,plus_placement,rf,2565,10448,68d0e5f-dirty
Subject819,60,0.9089947089947091,0.9166666666666666,0.9166666666666666,recorded,14,8,plus_placement,rf,2565,10448,68d0e5f-dirty
Subject867,60,0.8541798941798943,0.8666666666666667,0.8666666666666667,recorded,14,8,plus_placement,rf,2565,10448,68d0e5f-dirty
Subject376,60,0.8646224146224145,0.8833333333333333,0.8833333333333333,new,14,17,none,rf,5076,0,68d0e5f-dirty
Subject516,30,0.7822222222222222,0.8333333333333334,0.8333333333333334,new,14,17,none,rf,5076,0,68d0e5f-dirty
Subject571,30,0.7936507936507937,0.8333333333333334,0.8333333333333334,new,14,17,none,rf,5076,0,68d0e5f-dirty
Subject731,30,0.7866666666666666,0.8333333333333334,0.8333333333333334,new,14,17,none,rf,5076,0,68d0e5f-dirty
Subject890,30,0.8266666666666667,0.8333333333333334,0.8333333333333334,new,14,17,none,rf,5076,0,68d0e5f-dirty
Subject969,30,0.5466666666666666,0.6,0.6,new,14,17,none,rf,5076,0,68d0e5f-dirty
Subject139,60,0.9305820105820106,0.9333333333333333,0.9333333333333333,recorded,14,17,none,rf,5076,0,68d0e5f-dirty
Subject147,31,0.9644444444444444,0.9666666666666667,0.967741935483871,recorded,14,17,none,rf,5076,0,68d0e5f-dirty
Subject226,30,0.9288888888888889,0.9333333333333333,0.9333333333333333,recorded,14,17,none,rf,5076,0,68d0e5f-dirty
Subject352,30,0.9111111111111111,0.9333333333333333,0.9333333333333333,recorded,14,17,none,rf,5076,0,68d0e5f-dirty
Subject353,60,0.8198808598808598,0.85,0.85,recorded,14,17,none,rf,5076,0,68d0e5f-dirty
Subject354,60,0.9830687830687831,0.9833333333333333,0.9833333333333333,recorded,14,17,none,rf,5076,0,68d0e5f-dirty
Subject424,60,0.8622222222222222,0.8833333333333333,0.8833333333333333,recorded,14,17,none,rf,5076,0,68d0e5f-dirty
Subject455,60,1.0,1.0,1.0,recorded,14,17,none,rf,5076,0,68d0e5f-dirty
Subject494,60,0.9022222222222224,0.9166666666666666,0.9166666666666666,recorded,14,17,none,rf,5076,0,68d0e5f-dirty
Subject561,60,0.9082202982202983,0.9166666666666666,0.9166666666666666,recorded,14,17,none,rf,5076,0,68d0e5f-dirty
Subject580,90,0.8574234044822281,0.8555555555555556,0.8555555555555555,recorded,14,17,none,rf,5076,0,68d0e5f-dirty
Subject611,60,1.0,1.0,1.0,recorded,14,17,none,rf,5076,0,68d0e5f-dirty
Subject729,60,1.0,1.0,1.0,recorded,14,17,none,rf,5076,0,68d0e5f-dirty
Subject741,60,0.9666666666666667,0.9666666666666667,0.9666666666666667,recorded,14,17,none,rf,5076,0,68d0e5f-dirty
Subject819,60,0.8656084656084656,0.8833333333333333,0.8833333333333333,recorded,14,17,none,rf,5076,0,68d0e5f-dirty
Subject867,60,0.8444444444444444,0.8666666666666667,0.8666666666666667,recorded,14,17,none,rf,5076,0,68d0e5f-dirty
Subject877,60,1.0,1.0,1.0,recorded,14,17,none,rf,5076,0,68d0e5f-dirty
Subject376,60,0.9115343915343916,0.9166666666666666,0.9166666666666666,new,14,17,tempo_intensity,rf,5076,20605,68d0e5f-dirty
Subject516,30,0.9288888888888888,0.9333333333333333,0.9333333333333333,new,14,17,tempo_intensity,rf,5076,20605,68d0e5f-dirty
Subject571,30,0.7444444444444444,0.8,0.8,new,14,17,tempo_intensity,rf,5076,20605,68d0e5f-dirty
Subject731,30,0.7866666666666666,0.8333333333333334,0.8333333333333334,new,14,17,tempo_intensity,rf,5076,20605,68d0e5f-dirty
Subject890,30,0.8200000000000001,0.8333333333333334,0.8333333333333334,new,14,17,tempo_intensity,rf,5076,20605,68d0e5f-dirty
Subject969,30,0.6607407407407407,0.7,0.7,new,14,17,tempo_intensity,rf,5076,20605,68d0e5f-dirty
Subject139,60,0.9305820105820106,0.9333333333333333,0.9333333333333333,recorded,14,17,tempo_intensity,rf,5076,20605,68d0e5f-dirty
Subject147,31,0.9111111111111111,0.9333333333333333,0.9354838709677419,recorded,14,17,tempo_intensity,rf,5076,20605,68d0e5f-dirty
Subject226,30,0.9288888888888889,0.9333333333333333,0.9333333333333333,recorded,14,17,tempo_intensity,rf,5076,20605,68d0e5f-dirty
Subject352,30,0.8888888888888888,0.9,0.9,recorded,14,17,tempo_intensity,rf,5076,20605,68d0e5f-dirty
Subject353,60,0.8410774410774411,0.8666666666666667,0.8666666666666667,recorded,14,17,tempo_intensity,rf,5076,20605,68d0e5f-dirty
Subject354,60,0.9644444444444444,0.9666666666666667,0.9666666666666667,recorded,14,17,tempo_intensity,rf,5076,20605,68d0e5f-dirty
Subject424,60,0.7871091871091871,0.8166666666666667,0.8166666666666667,recorded,14,17,tempo_intensity,rf,5076,20605,68d0e5f-dirty
Subject455,60,1.0,1.0,1.0,recorded,14,17,tempo_intensity,rf,5076,20605,68d0e5f-dirty
Subject494,60,0.8852910052910054,0.9,0.9,recorded,14,17,tempo_intensity,rf,5076,20605,68d0e5f-dirty
Subject561,60,0.9661375661375663,0.9666666666666667,0.9666666666666667,recorded,14,17,tempo_intensity,rf,5076,20605,68d0e5f-dirty
Subject580,90,0.8467318737906974,0.8444444444444446,0.8444444444444444,recorded,14,17,tempo_intensity,rf,5076,20605,68d0e5f-dirty
Subject611,60,0.9830687830687831,0.9833333333333333,0.9833333333333333,recorded,14,17,tempo_intensity,rf,5076,20605,68d0e5f-dirty
Subject729,60,0.9661375661375662,0.9666666666666667,0.9666666666666667,recorded,14,17,tempo_intensity,rf,5076,20605,68d0e5f-dirty
Subject741,60,0.9492063492063492,0.95,0.95,recorded,14,17,tempo_intensity,rf,5076,20605,68d0e5f-dirty
Subject819,60,0.8656084656084656,0.8833333333333333,0.8833333333333333,recorded,14,17,tempo_intensity,rf,5076,20605,68d0e5f-dirty
Subject867,60,0.8444444444444444,0.8666666666666667,0.8666666666666667,recorded,14,17,tempo_intensity,rf,5076,20605,68d0e5f-dirty
Subject877,60,1.0,1.0,1.0,recorded,14,17,tempo_intensity,rf,5076,20605,68d0e5f-dirty
Subject376,60,0.8626647426647426,0.8833333333333333,0.8833333333333333,new,14,17,plus_placement,rf,5076,20778,68d0e5f-dirty
Subject516,30,0.9333333333333333,0.9333333333333333,0.9333333333333333,new,14,17,plus_placement,rf,5076,20778,68d0e5f-dirty
Subject571,30,0.8755555555555555,0.9,0.9,new,14,17,plus_placement,rf,5076,20778,68d0e5f-dirty
Subject731,30,0.8111111111111111,0.8333333333333334,0.8333333333333334,new,14,17,plus_placement,rf,5076,20778,68d0e5f-dirty
Subject890,30,0.8555555555555556,0.8666666666666667,0.8666666666666667,new,14,17,plus_placement,rf,5076,20778,68d0e5f-dirty
Subject969,30,0.6407407407407407,0.6666666666666666,0.6666666666666666,new,14,17,plus_placement,rf,5076,20778,68d0e5f-dirty
Subject139,60,0.9288888888888889,0.9333333333333333,0.9333333333333333,recorded,14,17,plus_placement,rf,5076,20778,68d0e5f-dirty
Subject147,31,0.9111111111111111,0.9333333333333333,0.9354838709677419,recorded,14,17,plus_placement,rf,5076,20778,68d0e5f-dirty
Subject226,30,0.8977777777777778,0.9,0.9,recorded,14,17,plus_placement,rf,5076,20778,68d0e5f-dirty
Subject352,30,0.9111111111111111,0.9333333333333333,0.9333333333333333,recorded,14,17,plus_placement,rf,5076,20778,68d0e5f-dirty
Subject353,60,0.7991726791726792,0.8333333333333334,0.8333333333333334,recorded,14,17,plus_placement,rf,5076,20778,68d0e5f-dirty
Subject354,60,0.9475132275132275,0.95,0.95,recorded,14,17,plus_placement,rf,5076,20778,68d0e5f-dirty
Subject424,60,0.8097354497354498,0.8333333333333334,0.8333333333333334,recorded,14,17,plus_placement,rf,5076,20778,68d0e5f-dirty
Subject455,60,1.0,1.0,1.0,recorded,14,17,plus_placement,rf,5076,20778,68d0e5f-dirty
Subject494,60,0.9022222222222224,0.9166666666666666,0.9166666666666666,recorded,14,17,plus_placement,rf,5076,20778,68d0e5f-dirty
Subject561,60,0.9830687830687831,0.9833333333333333,0.9833333333333333,recorded,14,17,plus_placement,rf,5076,20778,68d0e5f-dirty
Subject580,90,0.8659349909349909,0.8666666666666668,0.8666666666666667,recorded,14,17,plus_placement,rf,5076,20778,68d0e5f-dirty
Subject611,60,0.9830687830687831,0.9833333333333333,0.9833333333333333,recorded,14,17,plus_placement,rf,5076,20778,68d0e5f-dirty
Subject729,60,1.0,1.0,1.0,recorded,14,17,plus_placement,rf,5076,20778,68d0e5f-dirty
Subject741,60,0.9664021164021165,0.9666666666666667,0.9666666666666667,recorded,14,17,plus_placement,rf,5076,20778,68d0e5f-dirty
Subject819,60,0.8812372812372813,0.9,0.9,recorded,14,17,plus_placement,rf,5076,20778,68d0e5f-dirty
Subject867,60,0.8275132275132275,0.85,0.85,recorded,14,17,plus_placement,rf,5076,20778,68d0e5f-dirty
Subject877,60,1.0,1.0,1.0,recorded,14,17,plus_placement,rf,5076,20778,68d0e5f-dirty
Subject226,30,0.6158730158730158,0.7,0.7,new,15,2,none,rf,471,0,68d0e5f-dirty
Subject353,60,0.7085388685388686,0.75,0.75,new,15,2,none,rf,471,0,68d0e5f-dirty
Subject455,60,0.7003367003367004,0.75,0.75,new,15,2,none,rf,471,0,68d0e5f-dirty
Subject516,30,0.8825396825396825,0.9,0.9,new,15,2,none,rf,471,0,68d0e5f-dirty
Subject580,90,0.7220109084814966,0.7555555555555556,0.7555555555555555,new,15,2,none,rf,471,0,68d0e5f-dirty
Subject969,30,0.4222222222222222,0.5333333333333333,0.5333333333333333,new,15,2,none,rf,471,0,68d0e5f-dirty
Subject354,60,1.0,1.0,1.0,recorded,15,2,none,rf,471,0,68d0e5f-dirty
Subject424,60,0.8224338624338625,0.8333333333333334,0.8333333333333334,recorded,15,2,none,rf,471,0,68d0e5f-dirty
Subject226,30,0.7822222222222222,0.8333333333333334,0.8333333333333334,new,15,2,tempo_intensity,rf,471,1901,68d0e5f-dirty
Subject353,60,0.7477248677248678,0.75,0.75,new,15,2,tempo_intensity,rf,471,1901,68d0e5f-dirty
Subject455,60,0.7362962962962963,0.7666666666666667,0.7666666666666667,new,15,2,tempo_intensity,rf,471,1901,68d0e5f-dirty
Subject516,30,0.8825396825396825,0.9,0.9,new,15,2,tempo_intensity,rf,471,1901,68d0e5f-dirty
Subject580,90,0.7073837273837273,0.7333333333333333,0.7333333333333333,new,15,2,tempo_intensity,rf,471,1901,68d0e5f-dirty
Subject969,30,0.5111111111111112,0.6,0.6,new,15,2,tempo_intensity,rf,471,1901,68d0e5f-dirty
Subject354,60,0.9661375661375663,0.9666666666666667,0.9666666666666667,recorded,15,2,tempo_intensity,rf,471,1901,68d0e5f-dirty
Subject424,60,0.7917327117327118,0.8166666666666667,0.8166666666666667,recorded,15,2,tempo_intensity,rf,471,1901,68d0e5f-dirty
Subject226,30,0.7866666666666667,0.8333333333333334,0.8333333333333334,new,15,2,plus_placement,rf,471,1904,68d0e5f-dirty
Subject353,60,0.7468783068783068,0.7666666666666667,0.7666666666666667,new,15,2,plus_placement,rf,471,1904,68d0e5f-dirty
Subject455,60,0.7664021164021164,0.7833333333333333,0.7833333333333333,new,15,2,plus_placement,rf,471,1904,68d0e5f-dirty
Subject516,30,0.9644444444444444,0.9666666666666667,0.9666666666666667,new,15,2,plus_placement,rf,471,1904,68d0e5f-dirty
Subject580,90,0.7528443778443779,0.777777777777778,0.7777777777777778,new,15,2,plus_placement,rf,471,1904,68d0e5f-dirty
Subject969,30,0.48666666666666664,0.5666666666666667,0.5666666666666667,new,15,2,plus_placement,rf,471,1904,68d0e5f-dirty
Subject354,60,0.9418181818181818,0.95,0.95,recorded,15,2,plus_placement,rf,471,1904,68d0e5f-dirty
Subject424,60,0.8160520960520959,0.8333333333333334,0.8333333333333334,recorded,15,2,plus_placement,rf,471,1904,68d0e5f-dirty
Subject226,30,0.7822222222222223,0.8333333333333334,0.8333333333333334,new,15,4,none,rf,1083,0,68d0e5f-dirty
Subject353,60,0.7085388685388685,0.75,0.75,new,15,4,none,rf,1083,0,68d0e5f-dirty
Subject455,60,0.7966329966329967,0.8166666666666667,0.8166666666666667,new,15,4,none,rf,1083,0,68d0e5f-dirty
Subject516,30,0.9644444444444444,0.9666666666666667,0.9666666666666667,new,15,4,none,rf,1083,0,68d0e5f-dirty
Subject580,90,0.8177489177489179,0.8333333333333334,0.8333333333333334,new,15,4,none,rf,1083,0,68d0e5f-dirty
Subject969,30,0.5666666666666667,0.6666666666666666,0.6666666666666666,new,15,4,none,rf,1083,0,68d0e5f-dirty
Subject354,60,0.9248869648869648,0.9333333333333333,0.9333333333333333,recorded,15,4,none,rf,1083,0,68d0e5f-dirty
Subject424,60,0.8346764346764348,0.85,0.85,recorded,15,4,none,rf,1083,0,68d0e5f-dirty
Subject877,60,0.9475132275132274,0.95,0.95,recorded,15,4,none,rf,1083,0,68d0e5f-dirty
Subject890,30,0.8800000000000001,0.9,0.9,recorded,15,4,none,rf,1083,0,68d0e5f-dirty
Subject226,30,0.7844444444444444,0.8333333333333334,0.8333333333333334,new,15,4,tempo_intensity,rf,1083,4460,68d0e5f-dirty
Subject353,60,0.8293314093314094,0.8333333333333334,0.8333333333333334,new,15,4,tempo_intensity,rf,1083,4460,68d0e5f-dirty
Subject455,60,0.7911495911495912,0.8166666666666667,0.8166666666666667,new,15,4,tempo_intensity,rf,1083,4460,68d0e5f-dirty
Subject516,30,0.8380952380952381,0.8666666666666667,0.8666666666666667,new,15,4,tempo_intensity,rf,1083,4460,68d0e5f-dirty
Subject580,90,0.7779886779886778,0.8,0.8,new,15,4,tempo_intensity,rf,1083,4460,68d0e5f-dirty
Subject969,30,0.6692063492063492,0.7333333333333333,0.7333333333333333,new,15,4,tempo_intensity,rf,1083,4460,68d0e5f-dirty
Subject354,60,0.9305820105820107,0.9333333333333333,0.9333333333333333,recorded,15,4,tempo_intensity,rf,1083,4460,68d0e5f-dirty
Subject424,60,0.8516076516076516,0.8666666666666667,0.8666666666666667,recorded,15,4,tempo_intensity,rf,1083,4460,68d0e5f-dirty
Subject877,60,0.9305820105820106,0.9333333333333333,0.9333333333333333,recorded,15,4,tempo_intensity,rf,1083,4460,68d0e5f-dirty
Subject890,30,0.8800000000000001,0.9,0.9,recorded,15,4,tempo_intensity,rf,1083,4460,68d0e5f-dirty
Subject226,30,0.7844444444444444,0.8333333333333334,0.8333333333333334,new,15,4,plus_placement,rf,1083,4446,68d0e5f-dirty
Subject353,60,0.771976911976912,0.7833333333333333,0.7833333333333333,new,15,4,plus_placement,rf,1083,4446,68d0e5f-dirty
Subject455,60,0.8466666666666666,0.8666666666666667,0.8666666666666667,new,15,4,plus_placement,rf,1083,4446,68d0e5f-dirty
Subject516,30,0.9333333333333332,0.9333333333333333,0.9333333333333333,new,15,4,plus_placement,rf,1083,4446,68d0e5f-dirty
Subject580,90,0.855322455322455,0.877777777777778,0.8777777777777778,new,15,4,plus_placement,rf,1083,4446,68d0e5f-dirty
Subject969,30,0.5466666666666666,0.6333333333333333,0.6333333333333333,new,15,4,plus_placement,rf,1083,4446,68d0e5f-dirty
Subject354,60,0.9475132275132275,0.95,0.95,recorded,15,4,plus_placement,rf,1083,4446,68d0e5f-dirty
Subject424,60,0.8071632071632072,0.8333333333333334,0.8333333333333334,recorded,15,4,plus_placement,rf,1083,4446,68d0e5f-dirty
Subject877,60,0.9661375661375662,0.9666666666666667,0.9666666666666667,recorded,15,4,plus_placement,rf,1083,4446,68d0e5f-dirty
Subject890,30,0.8800000000000001,0.9,0.9,recorded,15,4,plus_placement,rf,1083,4446,68d0e5f-dirty
Subject226,30,0.6511111111111112,0.7333333333333333,0.7333333333333333,new,15,8,none,rf,2281,0,68d0e5f-dirty
Subject353,60,0.753002553002553,0.7833333333333333,0.7833333333333333,new,15,8,none,rf,2281,0,68d0e5f-dirty
Subject455,60,0.7955747955747956,0.8166666666666667,0.8166666666666667,new,15,8,none,rf,2281,0,68d0e5f-dirty
Subject516,30,0.8444444444444443,0.8666666666666667,0.8666666666666667,new,15,8,none,rf,2281,0,68d0e5f-dirty
Subject580,90,0.7992822863411099,0.8222222222222224,0.8222222222222222,new,15,8,none,rf,2281,0,68d0e5f-dirty
Subject969,30,0.5822222222222223,0.6333333333333333,0.6333333333333333,new,15,8,none,rf,2281,0,68d0e5f-dirty
Subject139,60,0.9661375661375662,0.9666666666666667,0.9666666666666667,recorded,15,8,none,rf,2281,0,68d0e5f-dirty
Subject354,60,0.9418181818181818,0.95,0.95,recorded,15,8,none,rf,2281,0,68d0e5f-dirty
Subject424,60,0.8186243386243387,0.8333333333333334,0.8333333333333334,recorded,15,8,none,rf,2281,0,68d0e5f-dirty
Subject611,60,0.9062626262626262,0.9166666666666666,0.9166666666666666,recorded,15,8,none,rf,2281,0,68d0e5f-dirty
Subject819,60,0.9661375661375662,0.9666666666666667,0.9666666666666667,recorded,15,8,none,rf,2281,0,68d0e5f-dirty
Subject867,60,0.8757671957671959,0.8833333333333333,0.8833333333333333,recorded,15,8,none,rf,2281,0,68d0e5f-dirty
Subject877,60,0.9830687830687831,0.9833333333333333,0.9833333333333333,recorded,15,8,none,rf,2281,0,68d0e5f-dirty
Subject890,30,0.8955555555555555,0.9,0.9,recorded,15,8,none,rf,2281,0,68d0e5f-dirty
Subject226,30,0.6555555555555554,0.7333333333333333,0.7333333333333333,new,15,8,tempo_intensity,rf,2281,9236,68d0e5f-dirty
Subject353,60,0.7627380027380027,0.7833333333333333,0.7833333333333333,new,15,8,tempo_intensity,rf,2281,9236,68d0e5f-dirty
Subject455,60,0.8013227513227513,0.8166666666666667,0.8166666666666667,new,15,8,tempo_intensity,rf,2281,9236,68d0e5f-dirty
Subject516,30,0.8825396825396825,0.9,0.9,new,15,8,tempo_intensity,rf,2281,9236,68d0e5f-dirty
Subject580,90,0.800420037478861,0.8222222222222224,0.8222222222222222,new,15,8,tempo_intensity,rf,2281,9236,68d0e5f-dirty
Subject969,30,0.5377777777777778,0.5666666666666667,0.5666666666666667,new,15,8,tempo_intensity,rf,2281,9236,68d0e5f-dirty
Subject139,60,0.9475132275132274,0.95,0.95,recorded,15,8,tempo_intensity,rf,2281,9236,68d0e5f-dirty
Subject354,60,0.891024531024531,0.9,0.9,recorded,15,8,tempo_intensity,rf,2281,9236,68d0e5f-dirty
Subject424,60,0.8046560846560845,0.8166666666666667,0.8166666666666667,recorded,15,8,tempo_intensity,rf,2281,9236,68d0e5f-dirty
Subject611,60,0.9661375661375662,0.9666666666666667,0.9666666666666667,recorded,15,8,tempo_intensity,rf,2281,9236,68d0e5f-dirty
Subject819,60,0.8941798941798942,0.9166666666666666,0.9166666666666666,recorded,15,8,tempo_intensity,rf,2281,9236,68d0e5f-dirty
Subject867,60,0.8393314093314094,0.85,0.85,recorded,15,8,tempo_intensity,rf,2281,9236,68d0e5f-dirty
Subject877,60,0.9475132275132275,0.95,0.95,recorded,15,8,tempo_intensity,rf,2281,9236,68d0e5f-dirty
Subject890,30,0.9288888888888888,0.9333333333333333,0.9333333333333333,recorded,15,8,tempo_intensity,rf,2281,9236,68d0e5f-dirty
Subject226,30,0.7044444444444444,0.7666666666666667,0.7666666666666667,new,15,8,plus_placement,rf,2281,9322,68d0e5f-dirty
Subject353,60,0.744107744107744,0.7833333333333333,0.7833333333333333,new,15,8,plus_placement,rf,2281,9322,68d0e5f-dirty
Subject455,60,0.825925925925926,0.85,0.85,new,15,8,plus_placement,rf,2281,9322,68d0e5f-dirty
Subject516,30,0.8825396825396825,0.9,0.9,new,15,8,plus_placement,rf,2281,9322,68d0e5f-dirty
Subject580,90,0.8203212473800708,0.8444444444444446,0.8444444444444444,new,15,8,plus_placement,rf,2281,9322,68d0e5f-dirty
Subject969,30,0.568888888888889,0.6333333333333333,0.6333333333333333,new,15,8,plus_placement,rf,2281,9322,68d0e5f-dirty
Subject139,60,0.9661375661375663,0.9666666666666667,0.9666666666666667,recorded,15,8,plus_placement,rf,2281,9322,68d0e5f-dirty
Subject354,60,0.9830687830687831,0.9833333333333333,0.9833333333333333,recorded,15,8,plus_placement,rf,2281,9322,68d0e5f-dirty
Subject424,60,0.7602116402116402,0.7833333333333333,0.7833333333333333,recorded,15,8,plus_placement,rf,2281,9322,68d0e5f-dirty
Subject611,60,0.9223280423280424,0.9333333333333333,0.9333333333333333,recorded,15,8,plus_placement,rf,2281,9322,68d0e5f-dirty
Subject819,60,0.9475132275132275,0.95,0.95,recorded,15,8,plus_placement,rf,2281,9322,68d0e5f-dirty
Subject867,60,0.8781144781144781,0.8833333333333333,0.8833333333333333,recorded,15,8,plus_placement,rf,2281,9322,68d0e5f-dirty
Subject877,60,0.9830687830687831,0.9833333333333333,0.9833333333333333,recorded,15,8,plus_placement,rf,2281,9322,68d0e5f-dirty
Subject890,30,0.8977777777777778,0.9,0.9,recorded,15,8,plus_placement,rf,2281,9322,68d0e5f-dirty
Subject226,30,0.708888888888889,0.7666666666666667,0.7666666666666667,new,15,17,none,rf,5099,0,68d0e5f-dirty
Subject353,60,0.785998075998076,0.8166666666666667,0.8166666666666667,new,15,17,none,rf,5099,0,68d0e5f-dirty
Subject455,60,0.8728234728234727,0.8833333333333333,0.8833333333333333,new,15,17,none,rf,5099,0,68d0e5f-dirty
Subject516,30,0.9288888888888888,0.9333333333333333,0.9333333333333333,new,15,17,none,rf,5099,0,68d0e5f-dirty
Subject580,90,0.8546275946275945,0.8555555555555557,0.8555555555555555,new,15,17,none,rf,5099,0,68d0e5f-dirty
Subject969,30,0.6933333333333334,0.7333333333333333,0.7333333333333333,new,15,17,none,rf,5099,0,68d0e5f-dirty
Subject139,60,0.9644444444444444,0.9666666666666667,0.9666666666666667,recorded,15,17,none,rf,5099,0,68d0e5f-dirty
Subject147,31,0.9644444444444444,0.9666666666666667,0.967741935483871,recorded,15,17,none,rf,5099,0,68d0e5f-dirty
Subject352,30,0.9111111111111111,0.9333333333333333,0.9333333333333333,recorded,15,17,none,rf,5099,0,68d0e5f-dirty
Subject354,60,0.9475132275132275,0.95,0.95,recorded,15,17,none,rf,5099,0,68d0e5f-dirty
Subject376,60,0.8582010582010582,0.8666666666666667,0.8666666666666667,recorded,15,17,none,rf,5099,0,68d0e5f-dirty
Subject424,60,0.8719576719576719,0.8833333333333333,0.8833333333333333,recorded,15,17,none,rf,5099,0,68d0e5f-dirty
Subject494,60,0.911957671957672,0.9166666666666666,0.9166666666666666,recorded,15,17,none,rf,5099,0,68d0e5f-dirty
Subject561,60,0.852929292929293,0.8666666666666667,0.8666666666666667,recorded,15,17,none,rf,5099,0,68d0e5f-dirty
Subject571,30,0.9644444444444444,0.9666666666666667,0.9666666666666667,recorded,15,17,none,rf,5099,0,68d0e5f-dirty
Subject611,60,0.9830687830687831,0.9833333333333333,0.9833333333333333,recorded,15,17,none,rf,5099,0,68d0e5f-dirty
Subject729,60,1.0,1.0,1.0,recorded,15,17,none,rf,5099,0,68d0e5f-dirty
Subject731,30,1.0,1.0,1.0,recorded,15,17,none,rf,5099,0,68d0e5f-dirty
Subject741,60,0.9153439153439152,0.9166666666666666,0.9166666666666666,recorded,15,17,none,rf,5099,0,68d0e5f-dirty
Subject819,60,0.924886964886965,0.9333333333333333,0.9333333333333333,recorded,15,17,none,rf,5099,0,68d0e5f-dirty
Subject867,60,0.9311111111111111,0.9333333333333333,0.9333333333333333,recorded,15,17,none,rf,5099,0,68d0e5f-dirty
Subject877,60,0.9661375661375662,0.9666666666666667,0.9666666666666667,recorded,15,17,none,rf,5099,0,68d0e5f-dirty
Subject890,30,0.9311111111111111,0.9333333333333333,0.9333333333333333,recorded,15,17,none,rf,5099,0,68d0e5f-dirty
Subject226,30,0.8177777777777778,0.8666666666666667,0.8666666666666667,new,15,17,tempo_intensity,rf,5099,20711,68d0e5f-dirty
Subject353,60,0.7784223184223185,0.8,0.8,new,15,17,tempo_intensity,rf,5099,20711,68d0e5f-dirty
Subject455,60,0.8484848484848484,0.8666666666666667,0.8666666666666667,new,15,17,tempo_intensity,rf,5099,20711,68d0e5f-dirty
Subject516,30,0.9644444444444444,0.9666666666666667,0.9666666666666667,new,15,17,tempo_intensity,rf,5099,20711,68d0e5f-dirty
Subject580,90,0.8586591186591187,0.8555555555555556,0.8555555555555555,new,15,17,tempo_intensity,rf,5099,20711,68d0e5f-dirty
Subject969,30,0.6933333333333334,0.7333333333333333,0.7333333333333333,new,15,17,tempo_intensity,rf,5099,20711,68d0e5f-dirty
Subject139,60,0.9079557479557481,0.9166666666666666,0.9166666666666666,recorded,15,17,tempo_intensity,rf,5099,20711,68d0e5f-dirty
Subject147,31,0.9644444444444444,0.9666666666666667,0.967741935483871,recorded,15,17,tempo_intensity,rf,5099,20711,68d0e5f-dirty
Subject352,30,0.9111111111111111,0.9333333333333333,0.9333333333333333,recorded,15,17,tempo_intensity,rf,5099,20711,68d0e5f-dirty
Subject354,60,0.9305820105820106,0.9333333333333333,0.9333333333333333,recorded,15,17,tempo_intensity,rf,5099,20711,68d0e5f-dirty
Subject376,60,0.876031746031746,0.8833333333333333,0.8833333333333333,recorded,15,17,tempo_intensity,rf,5099,20711,68d0e5f-dirty
Subject424,60,0.8719576719576719,0.8833333333333333,0.8833333333333333,recorded,15,17,tempo_intensity,rf,5099,20711,68d0e5f-dirty
Subject494,60,0.9248869648869648,0.9333333333333333,0.9333333333333333,recorded,15,17,tempo_intensity,rf,5099,20711,68d0e5f-dirty
Subject561,60,0.9644444444444444,0.9666666666666667,0.9666666666666667,recorded,15,17,tempo_intensity,rf,5099,20711,68d0e5f-dirty
Subject571,30,0.9644444444444444,0.9666666666666667,0.9666666666666667,recorded,15,17,tempo_intensity,rf,5099,20711,68d0e5f-dirty
Subject611,60,1.0,1.0,1.0,recorded,15,17,tempo_intensity,rf,5099,20711,68d0e5f-dirty
Subject729,60,1.0,1.0,1.0,recorded,15,17,tempo_intensity,rf,5099,20711,68d0e5f-dirty
Subject731,30,1.0,1.0,1.0,recorded,15,17,tempo_intensity,rf,5099,20711,68d0e5f-dirty
Subject741,60,0.9111111111111111,0.9333333333333333,0.9333333333333333,recorded,15,17,tempo_intensity,rf,5099,20711,68d0e5f-dirty
Subject819,60,0.924886964886965,0.9333333333333333,0.9333333333333333,recorded,15,17,tempo_intensity,rf,5099,20711,68d0e5f-dirty
Subject867,60,0.8956228956228957,0.9166666666666666,0.9166666666666666,recorded,15,17,tempo_intensity,rf,5099,20711,68d0e5f-dirty
Subject877,60,0.9460317460317461,0.95,0.95,recorded,15,17,tempo_intensity,rf,5099,20711,68d0e5f-dirty
Subject890,30,0.9333333333333333,0.9333333333333333,0.9333333333333333,recorded,15,17,tempo_intensity,rf,5099,20711,68d0e5f-dirty
Subject226,30,0.788888888888889,0.8333333333333334,0.8333333333333334,new,15,17,plus_placement,rf,5099,20734,68d0e5f-dirty
Subject353,60,0.7824627224627225,0.8,0.8,new,15,17,plus_placement,rf,5099,20734,68d0e5f-dirty
Subject455,60,0.888994708994709,0.9,0.9,new,15,17,plus_placement,rf,5099,20734,68d0e5f-dirty
Subject516,30,0.9288888888888888,0.9333333333333333,0.9333333333333333,new,15,17,plus_placement,rf,5099,20734,68d0e5f-dirty
Subject580,90,0.8678787878787878,0.8666666666666667,0.8666666666666667,new,15,17,plus_placement,rf,5099,20734,68d0e5f-dirty
Subject969,30,0.6933333333333334,0.7333333333333333,0.7333333333333333,new,15,17,plus_placement,rf,5099,20734,68d0e5f-dirty
Subject139,60,0.9661375661375662,0.9666666666666667,0.9666666666666667,recorded,15,17,plus_placement,rf,5099,20734,68d0e5f-dirty
Subject147,31,1.0,1.0,1.0,recorded,15,17,plus_placement,rf,5099,20734,68d0e5f-dirty
Subject352,30,0.9111111111111111,0.9333333333333333,0.9333333333333333,recorded,15,17,plus_placement,rf,5099,20734,68d0e5f-dirty
Subject354,60,0.9661375661375663,0.9666666666666667,0.9666666666666667,recorded,15,17,plus_placement,rf,5099,20734,68d0e5f-dirty
Subject376,60,0.8786916786916787,0.9,0.9,recorded,15,17,plus_placement,rf,5099,20734,68d0e5f-dirty
Subject424,60,0.8240944240944241,0.85,0.85,recorded,15,17,plus_placement,rf,5099,20734,68d0e5f-dirty
Subject494,60,0.9475132275132275,0.95,0.95,recorded,15,17,plus_placement,rf,5099,20734,68d0e5f-dirty
Subject561,60,0.9485714285714286,0.95,0.95,recorded,15,17,plus_placement,rf,5099,20734,68d0e5f-dirty
Subject571,30,1.0,1.0,1.0,recorded,15,17,plus_placement,rf,5099,20734,68d0e5f-dirty
Subject611,60,0.9392592592592593,0.95,0.95,recorded,15,17,plus_placement,rf,5099,20734,68d0e5f-dirty
Subject729,60,1.0,1.0,1.0,recorded,15,17,plus_placement,rf,5099,20734,68d0e5f-dirty
Subject731,30,0.9644444444444444,0.9666666666666667,0.9666666666666667,recorded,15,17,plus_placement,rf,5099,20734,68d0e5f-dirty
Subject741,60,0.9644444444444444,0.9666666666666667,0.9666666666666667,recorded,15,17,plus_placement,rf,5099,20734,68d0e5f-dirty
Subject819,60,0.9475132275132275,0.95,0.95,recorded,15,17,plus_placement,rf,5099,20734,68d0e5f-dirty
Subject867,60,0.8956228956228957,0.9166666666666666,0.9166666666666666,recorded,15,17,plus_placement,rf,5099,20734,68d0e5f-dirty
Subject877,60,0.9661375661375662,0.9666666666666667,0.9666666666666667,recorded,15,17,plus_placement,rf,5099,20734,68d0e5f-dirty
Subject890,30,1.0,1.0,1.0,recorded,15,17,plus_placement,rf,5099,20734,68d0e5f-dirty
Subject139,60,0.5945165945165946,0.6833333333333333,0.6833333333333333,new,16,2,none,rf,578,0,68d0e5f-dirty
Subject226,30,0.506984126984127,0.5666666666666667,0.5666666666666667,new,16,2,none,rf,578,0,68d0e5f-dirty
Subject424,60,0.5820512820512821,0.6166666666666667,0.6166666666666667,new,16,2,none,rf,578,0,68d0e5f-dirty
Subject729,60,0.5901838901838902,0.65,0.65,new,16,2,none,rf,578,0,68d0e5f-dirty
Subject731,30,0.4047619047619048,0.5,0.5,new,16,2,none,rf,578,0,68d0e5f-dirty
Subject867,60,0.5073737373737374,0.55,0.55,new,16,2,none,rf,578,0,68d0e5f-dirty
Subject376,60,0.8452910052910053,0.8666666666666667,0.8666666666666667,recorded,16,2,none,rf,578,0,68d0e5f-dirty
Subject561,60,0.9830687830687831,0.9833333333333333,0.9833333333333333,recorded,16,2,none,rf,578,0,68d0e5f-dirty
Subject139,60,0.6376334776334776,0.7,0.7,new,16,2,tempo_intensity,rf,578,2391,68d0e5f-dirty
Subject226,30,0.486984126984127,0.5666666666666667,0.5666666666666667,new,16,2,tempo_intensity,rf,578,2391,68d0e5f-dirty
Subject424,60,0.5083444659915248,0.5666666666666667,0.5666666666666667,new,16,2,tempo_intensity,rf,578,2391,68d0e5f-dirty
Subject729,60,0.4729159729159729,0.55,0.55,new,16,2,tempo_intensity,rf,578,2391,68d0e5f-dirty
Subject731,30,0.33407407407407413,0.43333333333333335,0.43333333333333335,new,16,2,tempo_intensity,rf,578,2391,68d0e5f-dirty
Subject867,60,0.462010582010582,0.5,0.5,new,16,2,tempo_intensity,rf,578,2391,68d0e5f-dirty
Subject376,60,0.8622222222222222,0.8833333333333333,0.8833333333333333,recorded,16,2,tempo_intensity,rf,578,2391,68d0e5f-dirty
Subject561,60,0.9830687830687831,0.9833333333333333,0.9833333333333333,recorded,16,2,tempo_intensity,rf,578,2391,68d0e5f-dirty
Subject139,60,0.7056228956228956,0.75,0.75,new,16,2,plus_placement,rf,578,2344,68d0e5f-dirty
Subject226,30,0.5,0.5666666666666667,0.5666666666666667,new,16,2,plus_placement,rf,578,2344,68d0e5f-dirty
Subject424,60,0.4781479957950546,0.5333333333333333,0.5333333333333333,new,16,2,plus_placement,rf,578,2344,68d0e5f-dirty
Subject729,60,0.5695104895104895,0.6333333333333333,0.6333333333333333,new,16,2,plus_placement,rf,578,2344,68d0e5f-dirty
Subject731,30,0.3518518518518519,0.43333333333333335,0.43333333333333335,new,16,2,plus_placement,rf,578,2344,68d0e5f-dirty
Subject867,60,0.49451659451659447,0.5333333333333333,0.5333333333333333,new,16,2,plus_placement,rf,578,2344,68d0e5f-dirty
Subject376,60,0.8452910052910053,0.8666666666666667,0.8666666666666667,recorded,16,2,plus_placement,rf,578,2344,68d0e5f-dirty
Subject561,60,0.9644444444444444,0.9666666666666667,0.9666666666666667,recorded,16,2,plus_placement,rf,578,2344,68d0e5f-dirty
Subject139,60,0.794094424094424,0.8166666666666667,0.8166666666666667,new,16,4,none,rf,1157,0,68d0e5f-dirty
Subject226,30,0.5492063492063493,0.6333333333333333,0.6333333333333333,new,16,4,none,rf,1157,0,68d0e5f-dirty
Subject424,60,0.5959991859991861,0.6333333333333333,0.6333333333333333,new,16,4,none,rf,1157,0,68d0e5f-dirty
Subject729,60,0.8541798941798944,0.8833333333333333,0.8833333333333333,new,16,4,none,rf,1157,0,68d0e5f-dirty
Subject731,30,0.5136507936507936,0.6,0.6,new,16,4,none,rf,1157,0,68d0e5f-dirty
Subject867,60,0.7185388685388685,0.7666666666666667,0.7666666666666667,new,16,4,none,rf,1157,0,68d0e5f-dirty
Subject354,60,0.9130158730158731,0.9166666666666666,0.9166666666666666,recorded,16,4,none,rf,1157,0,68d0e5f-dirty
Subject376,60,0.8292063492063492,0.85,0.85,recorded,16,4,none,rf,1157,0,68d0e5f-dirty
Subject561,60,0.9661375661375663,0.9666666666666667,0.9666666666666667,recorded,16,4,none,rf,1157,0,68d0e5f-dirty
Subject819,60,0.8164021164021165,0.85,0.85,recorded,16,4,none,rf,1157,0,68d0e5f-dirty
Subject139,60,0.8107610907610907,0.8333333333333334,0.8333333333333334,new,16,4,tempo_intensity,rf,1157,4695,68d0e5f-dirty
Subject226,30,0.6199999999999999,0.7,0.7,new,16,4,tempo_intensity,rf,1157,4695,68d0e5f-dirty
Subject424,60,0.5322100122100122,0.6,0.6,new,16,4,tempo_intensity,rf,1157,4695,68d0e5f-dirty
Subject729,60,0.8177777777777778,0.8666666666666667,0.8666666666666667,new,16,4,tempo_intensity,rf,1157,4695,68d0e5f-dirty
Subject731,30,0.5073015873015873,0.6,0.6,new,16,4,tempo_intensity,rf,1157,4695,68d0e5f-dirty
Subject867,60,0.6756613756613756,0.7166666666666667,0.7166666666666667,new,16,4,tempo_intensity,rf,1157,4695,68d0e5f-dirty
Subject354,60,0.9316402116402116,0.9333333333333333,0.9333333333333333,recorded,16,4,tempo_intensity,rf,1157,4695,68d0e5f-dirty
Subject376,60,0.8292063492063492,0.85,0.85,recorded,16,4,tempo_intensity,rf,1157,4695,68d0e5f-dirty
Subject561,60,0.9475132275132275,0.95,0.95,recorded,16,4,tempo_intensity,rf,1157,4695,68d0e5f-dirty
Subject819,60,0.8164021164021165,0.85,0.85,recorded,16,4,tempo_intensity,rf,1157,4695,68d0e5f-dirty
Subject139,60,0.792136752136752,0.8166666666666667,0.8166666666666667,new,16,4,plus_placement,rf,1157,4747,68d0e5f-dirty
Subject226,30,0.6117460317460318,0.6666666666666666,0.6666666666666666,new,16,4,plus_placement,rf,1157,4747,68d0e5f-dirty
Subject424,60,0.5959462759462759,0.6333333333333333,0.6333333333333333,new,16,4,plus_placement,rf,1157,4747,68d0e5f-dirty
Subject729,60,0.8711111111111112,0.9,0.9,new,16,4,plus_placement,rf,1157,4747,68d0e5f-dirty
Subject731,30,0.5073015873015873,0.6,0.6,new,16,4,plus_placement,rf,1157,4747,68d0e5f-dirty
Subject867,60,0.7055962555962555,0.75,0.75,new,16,4,plus_placement,rf,1157,4747,68d0e5f-dirty
Subject354,60,0.9316402116402116,0.9333333333333333,0.9333333333333333,recorded,16,4,plus_placement,rf,1157,4747,68d0e5f-dirty
Subject376,60,0.8245177045177046,0.85,0.85,recorded,16,4,plus_placement,rf,1157,4747,68d0e5f-dirty
Subject561,60,0.9661375661375663,0.9666666666666667,0.9666666666666667,recorded,16,4,plus_placement,rf,1157,4747,68d0e5f-dirty
Subject819,60,0.8164021164021165,0.85,0.85,recorded,16,4,plus_placement,rf,1157,4747,68d0e5f-dirty
Subject139,60,0.8605291005291006,0.8666666666666667,0.8666666666666667,new,16,8,none,rf,2431,0,68d0e5f-dirty
Subject226,30,0.7444444444444446,0.8,0.8,new,16,8,none,rf,2431,0,68d0e5f-dirty
Subject424,60,0.7566859066859066,0.8,0.8,new,16,8,none,rf,2431,0,68d0e5f-dirty
Subject729,60,0.8941798941798942,0.9166666666666666,0.9166666666666666,new,16,8,none,rf,2431,0,68d0e5f-dirty
Subject731,30,0.7066666666666668,0.7333333333333333,0.7333333333333333,new,16,8,none,rf,2431,0,68d0e5f-dirty
Subject867,60,0.7733333333333333,0.8,0.8,new,16,8,none,rf,2431,0,68d0e5f-dirty
Subject147,31,0.9311111111111111,0.9333333333333333,0.9354838709677419,recorded,16,8,none,rf,2431,0,68d0e5f-dirty
Subject354,60,0.9661375661375663,0.9666666666666667,0.9666666666666667,recorded,16,8,none,rf,2431,0,68d0e5f-dirty
Subject376,60,0.8543589743589745,0.8666666666666667,0.8666666666666667,recorded,16,8,none,rf,2431,0,68d0e5f-dirty
Subject561,60,0.9830687830687831,0.9833333333333333,0.9833333333333333,recorded,16,8,none,rf,2431,0,68d0e5f-dirty
Subject741,60,0.8642520442520443,0.8666666666666667,0.8666666666666667,recorded,16,8,none,rf,2431,0,68d0e5f-dirty
Subject819,60,0.8230687830687831,0.8333333333333334,0.8333333333333334,recorded,16,8,none,rf,2431,0,68d0e5f-dirty
Subject890,30,0.9111111111111111,0.9333333333333333,0.9333333333333333,recorded,16,8,none,rf,2431,0,68d0e5f-dirty
Subject969,30,0.7977777777777777,0.8333333333333334,0.8333333333333334,recorded,16,8,none,rf,2431,0,68d0e5f-dirty
Subject139,60,0.8609908609908611,0.8666666666666667,0.8666666666666667,new,16,8,tempo_intensity,rf,2431,9929,68d0e5f-dirty
Subject226,30,0.6444444444444445,0.7,0.7,new,16,8,tempo_intensity,rf,2431,9929,68d0e5f-dirty
Subject424,60,0.7610256410256411,0.8,0.8,new,16,8,tempo_intensity,rf,2431,9929,68d0e5f-dirty
Subject729,60,0.8941798941798942,0.9166666666666666,0.9166666666666666,new,16,8,tempo_intensity,rf,2431,9929,68d0e5f-dirty
Subject731,30,0.6469841269841271,0.7,0.7,new,16,8,tempo_intensity,rf,2431,9929,68d0e5f-dirty
Subject867,60,0.7267724867724868,0.7666666666666667,0.7666666666666667,new,16,8,tempo_intensity,rf,2431,9929,68d0e5f-dirty
Subject147,31,0.8088888888888889,0.8333333333333334,0.8387096774193549,recorded,16,8,tempo_intensity,rf,2431,9929,68d0e5f-dirty
Subject354,60,0.8941798941798942,0.9166666666666666,0.9166666666666666,recorded,16,8,tempo_intensity,rf,2431,9929,68d0e5f-dirty
Subject376,60,0.8622222222222222,0.8833333333333333,0.8833333333333333,recorded,16,8,tempo_intensity,rf,2431,9929,68d0e5f-dirty
Subject561,60,1.0,1.0,1.0,recorded,16,8,tempo_intensity,rf,2431,9929,68d0e5f-dirty
Subject741,60,0.8638287638287637,0.8666666666666667,0.8666666666666667,recorded,16,8,tempo_intensity,rf,2431,9929,68d0e5f-dirty
Subject819,60,0.8221260221260221,0.8333333333333334,0.8333333333333334,recorded,16,8,tempo_intensity,rf,2431,9929,68d0e5f-dirty
Subject890,30,0.8755555555555555,0.9,0.9,recorded,16,8,tempo_intensity,rf,2431,9929,68d0e5f-dirty
Subject969,30,0.8755555555555555,0.9,0.9,recorded,16,8,tempo_intensity,rf,2431,9929,68d0e5f-dirty
Subject139,60,0.8401058201058201,0.85,0.85,new,16,8,plus_placement,rf,2431,9770,68d0e5f-dirty
Subject226,30,0.6977777777777779,0.7333333333333333,0.7333333333333333,new,16,8,plus_placement,rf,2431,9770,68d0e5f-dirty
Subject424,60,0.7130891330891331,0.75,0.75,new,16,8,plus_placement,rf,2431,9770,68d0e5f-dirty
Subject729,60,0.9111111111111111,0.9333333333333333,0.9333333333333333,new,16,8,plus_placement,rf,2431,9770,68d0e5f-dirty
Subject731,30,0.7358730158730159,0.7666666666666667,0.7666666666666667,new,16,8,plus_placement,rf,2431,9770,68d0e5f-dirty
Subject867,60,0.8423483923483924,0.85,0.85,new,16,8,plus_placement,rf,2431,9770,68d0e5f-dirty
Subject147,31,0.9111111111111111,0.9333333333333333,0.9354838709677419,recorded,16,8,plus_placement,rf,2431,9770,68d0e5f-dirty
Subject354,60,0.9475132275132275,0.95,0.95,recorded,16,8,plus_placement,rf,2431,9770,68d0e5f-dirty
Subject376,60,0.8825396825396825,0.9,0.9,recorded,16,8,plus_placement,rf,2431,9770,68d0e5f-dirty
Subject561,60,1.0,1.0,1.0,recorded,16,8,plus_placement,rf,2431,9770,68d0e5f-dirty
Subject741,60,0.9223280423280423,0.9333333333333333,0.9333333333333333,recorded,16,8,plus_placement,rf,2431,9770,68d0e5f-dirty
Subject819,60,0.8608465608465609,0.8833333333333333,0.8833333333333333,recorded,16,8,plus_placement,rf,2431,9770,68d0e5f-dirty
Subject890,30,0.8777777777777778,0.9,0.9,recorded,16,8,plus_placement,rf,2431,9770,68d0e5f-dirty
Subject969,30,0.9644444444444444,0.9666666666666667,0.9666666666666667,recorded,16,8,plus_placement,rf,2431,9770,68d0e5f-dirty
Subject139,60,0.9661375661375663,0.9666666666666667,0.9666666666666667,new,16,17,none,rf,5200,0,68d0e5f-dirty
Subject226,30,0.7155555555555556,0.7666666666666667,0.7666666666666667,new,16,17,none,rf,5200,0,68d0e5f-dirty
Subject424,60,0.8300529100529102,0.85,0.85,new,16,17,none,rf,5200,0,68d0e5f-dirty
Subject729,60,0.9475132275132275,0.95,0.95,new,16,17,none,rf,5200,0,68d0e5f-dirty
Subject731,30,0.74,0.7666666666666667,0.7666666666666667,new,16,17,none,rf,5200,0,68d0e5f-dirty
Subject867,60,0.8541798941798943,0.8666666666666667,0.8666666666666667,new,16,17,none,rf,5200,0,68d0e5f-dirty
Subject147,31,0.8800000000000001,0.9,0.9032258064516129,recorded,16,17,none,rf,5200,0,68d0e5f-dirty
Subject352,30,0.9288888888888889,0.9333333333333333,0.9333333333333333,recorded,16,17,none,rf,5200,0,68d0e5f-dirty
Subject353,60,0.8241462241462242,0.85,0.85,recorded,16,17,none,rf,5200,0,68d0e5f-dirty
Subject354,60,0.9644444444444444,0.9666666666666667,0.9666666666666667,recorded,16,17,none,rf,5200,0,68d0e5f-dirty
Subject376,60,0.8952055352055353,0.9,0.9,recorded,16,17,none,rf,5200,0,68d0e5f-dirty
Subject455,60,1.0,1.0,1.0,recorded,16,17,none,rf,5200,0,68d0e5f-dirty
Subject494,60,0.8756084656084656,0.8833333333333333,0.8833333333333333,recorded,16,17,none,rf,5200,0,68d0e5f-dirty
Subject516,30,0.9644444444444444,0.9666666666666667,0.9666666666666667,recorded,16,17,none,rf,5200,0,68d0e5f-dirty
Subject561,60,1.0,1.0,1.0,recorded,16,17,none,rf,5200,0,68d0e5f-dirty
Subject571,30,1.0,1.0,1.0,recorded,16,17,none,rf,5200,0,68d0e5f-dirty
Subject580,90,0.9026210826210826,0.9111111111111111,0.9111111111111111,recorded,16,17,none,rf,5200,0,68d0e5f-dirty
Subject611,60,0.9830687830687831,0.9833333333333333,0.9833333333333333,recorded,16,17,none,rf,5200,0,68d0e5f-dirty
Subject741,60,0.9156084656084656,0.9166666666666666,0.9166666666666666,recorded,16,17,none,rf,5200,0,68d0e5f-dirty
Subject819,60,0.9089947089947091,0.9166666666666666,0.9166666666666666,recorded,16,17,none,rf,5200,0,68d0e5f-dirty
Subject877,60,1.0,1.0,1.0,recorded,16,17,none,rf,5200,0,68d0e5f-dirty
Subject890,30,0.9644444444444444,0.9666666666666667,0.9666666666666667,recorded,16,17,none,rf,5200,0,68d0e5f-dirty
Subject969,30,0.7444444444444446,0.8,0.8,recorded,16,17,none,rf,5200,0,68d0e5f-dirty
Subject139,60,0.9492063492063493,0.95,0.95,new,16,17,tempo_intensity,rf,5200,21092,68d0e5f-dirty
Subject226,30,0.7533333333333334,0.8,0.8,new,16,17,tempo_intensity,rf,5200,21092,68d0e5f-dirty
Subject424,60,0.8300529100529099,0.85,0.85,new,16,17,tempo_intensity,rf,5200,21092,68d0e5f-dirty
Subject729,60,0.9248869648869648,0.9333333333333333,0.9333333333333333,new,16,17,tempo_intensity,rf,5200,21092,68d0e5f-dirty
Subject731,30,0.7047619047619047,0.7333333333333333,0.7333333333333333,new,16,17,tempo_intensity,rf,5200,21092,68d0e5f-dirty
Subject867,60,0.8088888888888889,0.8333333333333334,0.8333333333333334,new,16,17,tempo_intensity,rf,5200,21092,68d0e5f-dirty
Subject147,31,0.8800000000000001,0.9,0.9032258064516129,recorded,16,17,tempo_intensity,rf,5200,21092,68d0e5f-dirty
Subject352,30,0.9288888888888889,0.9333333333333333,0.9333333333333333,recorded,16,17,tempo_intensity,rf,5200,21092,68d0e5f-dirty
Subject353,60,0.8749591149591149,0.8833333333333333,0.8833333333333333,recorded,16,17,tempo_intensity,rf,5200,21092,68d0e5f-dirty
Subject354,60,0.9111111111111111,0.9333333333333333,0.9333333333333333,recorded,16,17,tempo_intensity,rf,5200,21092,68d0e5f-dirty
Subject376,60,0.912136752136752,0.9166666666666666,0.9166666666666666,recorded,16,17,tempo_intensity,rf,5200,21092,68d0e5f-dirty
Subject455,60,1.0,1.0,1.0,recorded,16,17,tempo_intensity,rf,5200,21092,68d0e5f-dirty
Subject494,60,0.8584330484330486,0.8666666666666667,0.8666666666666667,recorded,16,17,tempo_intensity,rf,5200,21092,68d0e5f-dirty
Subject516,30,0.9644444444444444,0.9666666666666667,0.9666666666666667,recorded,16,17,tempo_intensity,rf,5200,21092,68d0e5f-dirty
Subject561,60,0.9830687830687831,0.9833333333333333,0.9833333333333333,recorded,16,17,tempo_intensity,rf,5200,21092,68d0e5f-dirty
Subject571,30,0.9288888888888889,0.9333333333333333,0.9333333333333333,recorded,16,17,tempo_intensity,rf,5200,21092,68d0e5f-dirty
Subject580,90,0.8972072372072372,0.9,0.9,recorded,16,17,tempo_intensity,rf,5200,21092,68d0e5f-dirty
Subject611,60,0.9661375661375663,0.9666666666666667,0.9666666666666667,recorded,16,17,tempo_intensity,rf,5200,21092,68d0e5f-dirty
Subject741,60,0.9322751322751323,0.9333333333333333,0.9333333333333333,recorded,16,17,tempo_intensity,rf,5200,21092,68d0e5f-dirty
Subject819,60,0.8926984126984129,0.9,0.9,recorded,16,17,tempo_intensity,rf,5200,21092,68d0e5f-dirty
Subject877,60,0.9830687830687831,0.9833333333333333,0.9833333333333333,recorded,16,17,tempo_intensity,rf,5200,21092,68d0e5f-dirty
Subject890,30,0.9644444444444444,0.9666666666666667,0.9666666666666667,recorded,16,17,tempo_intensity,rf,5200,21092,68d0e5f-dirty
Subject969,30,0.7936507936507937,0.8333333333333334,0.8333333333333334,recorded,16,17,tempo_intensity,rf,5200,21092,68d0e5f-dirty
Subject139,60,0.9494708994708996,0.95,0.95,new,16,17,plus_placement,rf,5200,21070,68d0e5f-dirty
Subject226,30,0.7533333333333334,0.8,0.8,new,16,17,plus_placement,rf,5200,21070,68d0e5f-dirty
Subject424,60,0.8171102971102971,0.8333333333333334,0.8333333333333334,new,16,17,plus_placement,rf,5200,21070,68d0e5f-dirty
Subject729,60,0.9248869648869648,0.9333333333333333,0.9333333333333333,new,16,17,plus_placement,rf,5200,21070,68d0e5f-dirty
Subject731,30,0.7714285714285715,0.8,0.8,new,16,17,plus_placement,rf,5200,21070,68d0e5f-dirty
Subject867,60,0.8355555555555555,0.85,0.85,new,16,17,plus_placement,rf,5200,21070,68d0e5f-dirty
Subject147,31,0.8444444444444444,0.8666666666666667,0.8709677419354839,recorded,16,17,plus_placement,rf,5200,21070,68d0e5f-dirty
Subject352,30,0.8755555555555555,0.9,0.9,recorded,16,17,plus_placement,rf,5200,21070,68d0e5f-dirty
Subject353,60,0.9500721500721501,0.95,0.95,recorded,16,17,plus_placement,rf,5200,21070,68d0e5f-dirty
Subject354,60,0.9830687830687831,0.9833333333333333,0.9833333333333333,recorded,16,17,plus_placement,rf,5200,21070,68d0e5f-dirty
Subject376,60,0.8825396825396825,0.9,0.9,recorded,16,17,plus_placement,rf,5200,21070,68d0e5f-dirty
Subject455,60,1.0,1.0,1.0,recorded,16,17,plus_placement,rf,5200,21070,68d0e5f-dirty
Subject494,60,0.8915536315536315,0.9,0.9,recorded,16,17,plus_placement,rf,5200,21070,68d0e5f-dirty
Subject516,30,0.9644444444444444,0.9666666666666667,0.9666666666666667,recorded,16,17,plus_placement,rf,5200,21070,68d0e5f-dirty
Subject561,60,0.9830687830687831,0.9833333333333333,0.9833333333333333,recorded,16,17,plus_placement,rf,5200,21070,68d0e5f-dirty
Subject571,30,1.0,1.0,1.0,recorded,16,17,plus_placement,rf,5200,21070,68d0e5f-dirty
Subject580,90,0.9098934398934398,0.9111111111111112,0.9111111111111111,recorded,16,17,plus_placement,rf,5200,21070,68d0e5f-dirty
Subject611,60,0.9830687830687831,0.9833333333333333,0.9833333333333333,recorded,16,17,plus_placement,rf,5200,21070,68d0e5f-dirty
Subject741,60,0.9136507936507936,0.9166666666666666,0.9166666666666666,recorded,16,17,plus_placement,rf,5200,21070,68d0e5f-dirty
Subject819,60,0.9089947089947091,0.9166666666666666,0.9166666666666666,recorded,16,17,plus_placement,rf,5200,21070,68d0e5f-dirty
Subject877,60,0.9830687830687831,0.9833333333333333,0.9833333333333333,recorded,16,17,plus_placement,rf,5200,21070,68d0e5f-dirty
Subject890,30,0.9644444444444444,0.9666666666666667,0.9666666666666667,recorded,16,17,plus_placement,rf,5200,21070,68d0e5f-dirty
Subject969,30,0.8755555555555555,0.9,0.9,recorded,16,17,plus_placement,rf,5200,21070,68d0e5f-dirty
Subject147,31,0.7092063492063493,0.7666666666666667,0.7741935483870968,new,17,2,none,rf,553,0,68d0e5f-dirty
Subject352,30,0.6,0.6666666666666666,0.6666666666666666,new,17,2,none,rf,553,0,68d0e5f-dirty
Subject376,60,0.7107407407407408,0.7333333333333333,0.7333333333333333,new,17,2,none,rf,553,0,68d0e5f-dirty
Subject494,60,0.4176439464674758,0.45,0.45,new,17,2,none,rf,553,0,68d0e5f-dirty
Subject741,60,0.5616546416546415,0.6333333333333333,0.6333333333333333,new,17,2,none,rf,553,0,68d0e5f-dirty
Subject819,60,0.6464550264550264,0.7,0.7,new,17,2,none,rf,553,0,68d0e5f-dirty
Subject226,30,0.8755555555555555,0.9,0.9,recorded,17,2,none,rf,553,0,68d0e5f-dirty
Subject580,90,0.7930417295123178,0.8333333333333334,0.8333333333333334,recorded,17,2,none,rf,553,0,68d0e5f-dirty
Subject147,31,0.7168253968253969,0.7666666666666667,0.7741935483870968,new,17,2,tempo_intensity,rf,553,2260,68d0e5f-dirty
Subject352,30,0.6533333333333334,0.7,0.7,new,17,2,tempo_intensity,rf,553,2260,68d0e5f-dirty
Subject376,60,0.6722222222222224,0.7166666666666667,0.7166666666666667,new,17,2,tempo_intensity,rf,553,2260,68d0e5f-dirty
Subject494,60,0.425952380952381,0.4666666666666667,0.4666666666666667,new,17,2,tempo_intensity,rf,553,2260,68d0e5f-dirty
Subject741,60,0.5281104081104081,0.6,0.6,new,17,2,tempo_intensity,rf,553,2260,68d0e5f-dirty
Subject819,60,0.5761253561253561,0.6333333333333333,0.6333333333333333,new,17,2,tempo_intensity,rf,553,2260,68d0e5f-dirty
Subject226,30,0.8177777777777778,0.8666666666666667,0.8666666666666667,recorded,17,2,tempo_intensity,rf,553,2260,68d0e5f-dirty
Subject580,90,0.7844947209653093,0.8222222222222222,0.8222222222222222,recorded,17,2,tempo_intensity,rf,553,2260,68d0e5f-dirty
Subject147,31,0.7333333333333333,0.8,0.8064516129032258,new,17,2,plus_placement,rf,553,2256,68d0e5f-dirty
Subject352,30,0.6533333333333334,0.7,0.7,new,17,2,plus_placement,rf,553,2256,68d0e5f-dirty
Subject376,60,0.7097354497354498,0.7333333333333333,0.7333333333333333,new,17,2,plus_placement,rf,553,2256,68d0e5f-dirty
Subject494,60,0.4386507936507937,0.5,0.5,new,17,2,plus_placement,rf,553,2256,68d0e5f-dirty
Subject741,60,0.6226070226070225,0.6666666666666666,0.6666666666666666,new,17,2,plus_placement,rf,553,2256,68d0e5f-dirty
Subject819,60,0.5373411773411774,0.65,0.65,new,17,2,plus_placement,rf,553,2256,68d0e5f-dirty
Subject226,30,0.8177777777777778,0.8666666666666667,0.8666666666666667,recorded,17,2,plus_placement,rf,553,2256,68d0e5f-dirty
Subject580,90,0.833234134286766,0.8555555555555556,0.8555555555555555,recorded,17,2,plus_placement,rf,553,2256,68d0e5f-dirty
Subject147,31,0.7311111111111112,0.7666666666666667,0.7741935483870968,new,17,4,none,rf,1173,0,68d0e5f-dirty
Subject352,30,0.7422222222222222,0.7666666666666667,0.7666666666666667,new,17,4,none,rf,1173,0,68d0e5f-dirty
Subject376,60,0.7561183261183262,0.7666666666666667,0.7666666666666667,new,17,4,none,rf,1173,0,68d0e5f-dirty
Subject494,60,0.3202923976608187,0.4166666666666667,0.4166666666666667,new,17,4,none,rf,1173,0,68d0e5f-dirty
Subject741,60,0.522020202020202,0.6,0.6,new,17,4,none,rf,1173,0,68d0e5f-dirty
Subject819,60,0.8300721500721501,0.8666666666666667,0.8666666666666667,new,17,4,none,rf,1173,0,68d0e5f-dirty
Subject139,60,0.8416931216931217,0.8666666666666667,0.8666666666666667,recorded,17,4,none,rf,1173,0,68d0e5f-dirty
Subject226,30,0.9066666666666667,0.9333333333333333,0.9333333333333333,recorded,17,4,none,rf,1173,0,68d0e5f-dirty
Subject516,30,0.9644444444444444,0.9666666666666667,0.9666666666666667,recorded,17,4,none,rf,1173,0,68d0e5f-dirty
Subject580,90,0.8508949873655757,0.8666666666666667,0.8666666666666667,recorded,17,4,none,rf,1173,0,68d0e5f-dirty
Subject147,31,0.6244444444444445,0.6666666666666666,0.6774193548387096,new,17,4,tempo_intensity,rf,1173,4773,68d0e5f-dirty
Subject352,30,0.7422222222222222,0.7666666666666667,0.7666666666666667,new,17,4,tempo_intensity,rf,1173,4773,68d0e5f-dirty
Subject376,60,0.7163347763347764,0.7333333333333333,0.7333333333333333,new,17,4,tempo_intensity,rf,1173,4773,68d0e5f-dirty
Subject494,60,0.36864357864357866,0.45,0.45,new,17,4,tempo_intensity,rf,1173,4773,68d0e5f-dirty
Subject741,60,0.5640211640211642,0.6166666666666667,0.6166666666666667,new,17,4,tempo_intensity,rf,1173,4773,68d0e5f-dirty
Subject819,60,0.7340067340067339,0.7833333333333333,0.7833333333333333,new,17,4,tempo_intensity,rf,1173,4773,68d0e5f-dirty
Subject139,60,0.7164021164021164,0.7833333333333333,0.7833333333333333,recorded,17,4,tempo_intensity,rf,1173,4773,68d0e5f-dirty
Subject226,30,0.8933333333333333,0.9,0.9,recorded,17,4,tempo_intensity,rf,1173,4773,68d0e5f-dirty
Subject516,30,0.9644444444444444,0.9666666666666667,0.9666666666666667,recorded,17,4,tempo_intensity,rf,1173,4773,68d0e5f-dirty
Subject580,90,0.8096642246642248,0.8333333333333333,0.8333333333333334,recorded,17,4,tempo_intensity,rf,1173,4773,68d0e5f-dirty
Subject147,31,0.6777777777777777,0.7333333333333333,0.7419354838709677,new,17,4,plus_placement,rf,1173,4688,68d0e5f-dirty
Subject352,30,0.7777777777777778,0.8,0.8,new,17,4,plus_placement,rf,1173,4688,68d0e5f-dirty
Subject376,60,0.757864357864358,0.7666666666666667,0.7666666666666667,new,17,4,plus_placement,rf,1173,4688,68d0e5f-dirty
Subject494,60,0.4198883572567783,0.48333333333333334,0.48333333333333334,new,17,4,plus_placement,rf,1173,4688,68d0e5f-dirty
Subject741,60,0.6103703703703705,0.6666666666666666,0.6666666666666666,new,17,4,plus_placement,rf,1173,4688,68d0e5f-dirty
Subject819,60,0.8175853775853776,0.85,0.85,new,17,4,plus_placement,rf,1173,4688,68d0e5f-dirty
Subject139,60,0.8004425204425203,0.8333333333333334,0.8333333333333334,recorded,17,4,plus_placement,rf,1173,4688,68d0e5f-dirty
Subject226,30,0.9066666666666667,0.9333333333333333,0.9333333333333333,recorded,17,4,plus_placement,rf,1173,4688,68d0e5f-dirty
Subject516,30,0.9644444444444444,0.9666666666666667,0.9666666666666667,recorded,17,4,plus_placement,rf,1173,4688,68d0e5f-dirty
Subject580,90,0.8505982905982907,0.8777777777777779,0.8777777777777778,recorded,17,4,plus_placement,rf,1173,4688,68d0e5f-dirty
Subject147,31,0.8158730158730159,0.8333333333333334,0.8387096774193549,new,17,8,none,rf,2473,0,68d0e5f-dirty
Subject352,30,0.7866666666666666,0.8,0.8,new,17,8,none,rf,2473,0,68d0e5f-dirty
Subject376,60,0.7281673881673882,0.75,0.75,new,17,8,none,rf,2473,0,68d0e5f-dirty
Subject494,60,0.314040404040404,0.4,0.4,new,17,8,none,rf,2473,0,68d0e5f-dirty
Subject741,60,0.6421548821548823,0.7,0.7,new,17,8,none,rf,2473,0,68d0e5f-dirty
Subject819,60,0.8603174603174603,0.8833333333333333,0.8833333333333333,new,17,8,none,rf,2473,0,68d0e5f-dirty
Subject139,60,0.8586243386243386,0.8833333333333333,0.8833333333333333,recorded,17,8,none,rf,2473,0,68d0e5f-dirty
Subject226,30,0.9644444444444444,0.9666666666666667,0.9666666666666667,recorded,17,8,none,rf,2473,0,68d0e5f-dirty
Subject516,30,0.9288888888888889,0.9333333333333333,0.9333333333333333,recorded,17,8,none,rf,2473,0,68d0e5f-dirty
Subject561,60,0.9830687830687831,0.9833333333333333,0.9833333333333333,recorded,17,8,none,rf,2473,0,68d0e5f-dirty
Subject580,90,0.8857009657009657,0.9000000000000001,0.9,recorded,17,8,none,rf,2473,0,68d0e5f-dirty
Subject729,60,0.9661375661375663,0.9666666666666667,0.9666666666666667,recorded,17,8,none,rf,2473,0,68d0e5f-dirty
Subject867,60,0.824094424094424,0.85,0.85,recorded,17,8,none,rf,2473,0,68d0e5f-dirty
Subject877,60,0.9830687830687831,0.9833333333333333,0.9833333333333333,recorded,17,8,none,rf,2473,0,68d0e5f-dirty
Subject147,31,0.8088888888888889,0.8333333333333334,0.8387096774193549,new,17,8,tempo_intensity,rf,2473,9986,68d0e5f-dirty
Subject352,30,0.8088888888888889,0.8333333333333334,0.8333333333333334,new,17,8,tempo_intensity,rf,2473,9986,68d0e5f-dirty
Subject376,60,0.772929292929293,0.7833333333333333,0.7833333333333333,new,17,8,tempo_intensity,rf,2473,9986,68d0e5f-dirty
Subject494,60,0.3669253942938154,0.4666666666666667,0.4666666666666667,new,17,8,tempo_intensity,rf,2473,9986,68d0e5f-dirty
Subject741,60,0.7004580604580606,0.7333333333333333,0.7333333333333333,new,17,8,tempo_intensity,rf,2473,9986,68d0e5f-dirty
Subject819,60,0.8786916786916787,0.9,0.9,new,17,8,tempo_intensity,rf,2473,9986,68d0e5f-dirty
Subject139,60,0.8359980759980761,0.8666666666666667,0.8666666666666667,recorded,17,8,tempo_intensity,rf,2473,9986,68d0e5f-dirty
Subject226,30,0.9644444444444444,0.9666666666666667,0.9666666666666667,recorded,17,8,tempo_intensity,rf,2473,9986,68d0e5f-dirty
Subject516,30,0.9644444444444444,0.9666666666666667,0.9666666666666667,recorded,17,8,tempo_intensity,rf,2473,9986,68d0e5f-dirty
Subject561,60,0.9830687830687831,0.9833333333333333,0.9833333333333333,recorded,17,8,tempo_intensity,rf,2473,9986,68d0e5f-dirty
Subject580,90,0.8647300412006295,0.8888888888888891,0.8888888888888888,recorded,17,8,tempo_intensity,rf,2473,9986,68d0e5f-dirty
Subject729,60,0.9830687830687831,0.9833333333333333,0.9833333333333333,recorded,17,8,tempo_intensity,rf,2473,9986,68d0e5f-dirty
Subject867,60,0.8463684463684463,0.8666666666666667,0.8666666666666667,recorded,17,8,tempo_intensity,rf,2473,9986,68d0e5f-dirty
Subject877,60,0.9661375661375662,0.9666666666666667,0.9666666666666667,recorded,17,8,tempo_intensity,rf,2473,9986,68d0e5f-dirty
Subject147,31,0.8158730158730159,0.8333333333333334,0.8387096774193549,new,17,8,plus_placement,rf,2473,10033,68d0e5f-dirty
Subject352,30,0.7866666666666666,0.8,0.8,new,17,8,plus_placement,rf,2473,10033,68d0e5f-dirty
Subject376,60,0.7338572538572539,0.75,0.75,new,17,8,plus_placement,rf,2473,10033,68d0e5f-dirty
Subject494,60,0.35107272844114945,0.45,0.45,new,17,8,plus_placement,rf,2473,10033,68d0e5f-dirty
Subject741,60,0.7011255411255413,0.7333333333333333,0.7333333333333333,new,17,8,plus_placement,rf,2473,10033,68d0e5f-dirty
Subject819,60,0.861183261183261,0.8833333333333333,0.8833333333333333,new,17,8,plus_placement,rf,2473,10033,68d0e5f-dirty
Subject139,60,0.8359980759980761,0.8666666666666667,0.8666666666666667,recorded,17,8,plus_placement,rf,2473,10033,68d0e5f-dirty
Subject226,30,0.8777777777777778,0.9,0.9,recorded,17,8,plus_placement,rf,2473,10033,68d0e5f-dirty
Subject516,30,0.9333333333333333,0.9333333333333333,0.9333333333333333,recorded,17,8,plus_placement,rf,2473,10033,68d0e5f-dirty
Subject561,60,0.9830687830687831,0.9833333333333333,0.9833333333333333,recorded,17,8,plus_placement,rf,2473,10033,68d0e5f-dirty
Subject580,90,0.8782772782772782,0.9,0.9,recorded,17,8,plus_placement,rf,2473,10033,68d0e5f-dirty
Subject729,60,0.9830687830687831,0.9833333333333333,0.9833333333333333,recorded,17,8,plus_placement,rf,2473,10033,68d0e5f-dirty
Subject867,60,0.8275132275132274,0.85,0.85,recorded,17,8,plus_placement,rf,2473,10033,68d0e5f-dirty
Subject877,60,0.9661375661375662,0.9666666666666667,0.9666666666666667,recorded,17,8,plus_placement,rf,2473,10033,68d0e5f-dirty
Subject147,31,0.8444444444444444,0.8666666666666667,0.8709677419354839,new,17,17,none,rf,5300,0,68d0e5f-dirty
Subject352,30,0.7866666666666666,0.8,0.8,new,17,17,none,rf,5300,0,68d0e5f-dirty
Subject376,60,0.8475853775853776,0.85,0.85,new,17,17,none,rf,5300,0,68d0e5f-dirty
Subject494,60,0.525465863112922,0.6,0.6,new,17,17,none,rf,5300,0,68d0e5f-dirty
Subject741,60,0.8341798941798942,0.85,0.85,new,17,17,none,rf,5300,0,68d0e5f-dirty
Subject819,60,0.913015873015873,0.9166666666666666,0.9166666666666666,new,17,17,none,rf,5300,0,68d0e5f-dirty
Subject139,60,0.9288888888888888,0.9333333333333333,0.9333333333333333,recorded,17,17,none,rf,5300,0,68d0e5f-dirty
Subject226,30,0.9288888888888889,0.9333333333333333,0.9333333333333333,recorded,17,17,none,rf,5300,0,68d0e5f-dirty
Subject353,60,0.825007215007215,0.8333333333333334,0.8333333333333334,recorded,17,17,none,rf,5300,0,68d0e5f-dirty
Subject354,60,0.9475132275132275,0.95,0.95,recorded,17,17,none,rf,5300,0,68d0e5f-dirty
Subject424,60,0.8685388685388685,0.8833333333333333,0.8833333333333333,recorded,17,17,none,rf,5300,0,68d0e5f-dirty
Subject455,60,0.9830687830687831,0.9833333333333333,0.9833333333333333,recorded,17,17,none,rf,5300,0,68d0e5f-dirty
Subject516,30,0.9111111111111111,0.9333333333333333,0.9333333333333333,recorded,17,17,none,rf,5300,0,68d0e5f-dirty
Subject561,60,0.9475132275132274,0.95,0.95,recorded,17,17,none,rf,5300,0,68d0e5f-dirty
Subject571,30,0.9644444444444444,0.9666666666666667,0.9666666666666667,recorded,17,17,none,rf,5300,0,68d0e5f-dirty
Subject580,90,0.885920745920746,0.8888888888888891,0.8888888888888888,recorded,17,17,none,rf,5300,0,68d0e5f-dirty
Subject611,60,0.9830687830687831,0.9833333333333333,0.9833333333333333,recorded,17,17,none,rf,5300,0,68d0e5f-dirty
Subject729,60,0.9475132275132274,0.95,0.95,recorded,17,17,none,rf,5300,0,68d0e5f-dirty
Subject731,30,1.0,1.0,1.0,recorded,17,17,none,rf,5300,0,68d0e5f-dirty
Subject867,60,0.8463684463684463,0.8666666666666667,0.8666666666666667,recorded,17,17,none,rf,5300,0,68d0e5f-dirty
Subject877,60,0.9644444444444444,0.9666666666666667,0.9666666666666667,recorded,17,17,none,rf,5300,0,68d0e5f-dirty
Subject890,30,0.851111111111111,0.8666666666666667,0.8666666666666667,recorded,17,17,none,rf,5300,0,68d0e5f-dirty
Subject969,30,0.9111111111111111,0.9333333333333333,0.9333333333333333,recorded,17,17,none,rf,5300,0,68d0e5f-dirty
Subject147,31,0.8444444444444444,0.8666666666666667,0.8709677419354839,new,17,17,tempo_intensity,rf,5300,21456,68d0e5f-dirty
Subject352,30,0.7866666666666667,0.8,0.8,new,17,17,tempo_intensity,rf,5300,21456,68d0e5f-dirty
Subject376,60,0.8960846560846562,0.9,0.9,new,17,17,tempo_intensity,rf,5300,21456,68d0e5f-dirty
Subject494,60,0.5626647426647426,0.6166666666666667,0.6166666666666667,new,17,17,tempo_intensity,rf,5300,21456,68d0e5f-dirty
Subject741,60,0.7699278499278499,0.7833333333333333,0.7833333333333333,new,17,17,tempo_intensity,rf,5300,21456,68d0e5f-dirty
Subject819,60,0.8941798941798942,0.9166666666666666,0.9166666666666666,new,17,17,tempo_intensity,rf,5300,21456,68d0e5f-dirty
Subject139,60,0.924886964886965,0.9333333333333333,0.9333333333333333,recorded,17,17,tempo_intensity,rf,5300,21456,68d0e5f-dirty
Subject226,30,0.8711111111111111,0.9,0.9,recorded,17,17,tempo_intensity,rf,5300,21456,68d0e5f-dirty
Subject353,60,0.8308802308802309,0.8333333333333334,0.8333333333333334,recorded,17,17,tempo_intensity,rf,5300,21456,68d0e5f-dirty
Subject354,60,0.9830687830687831,0.9833333333333333,0.9833333333333333,recorded,17,17,tempo_intensity,rf,5300,21456,68d0e5f-dirty
Subject424,60,0.8854700854700854,0.9,0.9,recorded,17,17,tempo_intensity,rf,5300,21456,68d0e5f-dirty
Subject455,60,1.0,1.0,1.0,recorded,17,17,tempo_intensity,rf,5300,21456,68d0e5f-dirty
Subject516,30,0.9333333333333333,0.9333333333333333,0.9333333333333333,recorded,17,17,tempo_intensity,rf,5300,21456,68d0e5f-dirty
Subject561,60,0.9418181818181818,0.95,0.95,recorded,17,17,tempo_intensity,rf,5300,21456,68d0e5f-dirty
Subject571,30,0.9644444444444444,0.9666666666666667,0.9666666666666667,recorded,17,17,tempo_intensity,rf,5300,21456,68d0e5f-dirty
Subject580,90,0.8585259185259184,0.8666666666666667,0.8666666666666667,recorded,17,17,tempo_intensity,rf,5300,21456,68d0e5f-dirty
Subject611,60,0.9661375661375663,0.9666666666666667,0.9666666666666667,recorded,17,17,tempo_intensity,rf,5300,21456,68d0e5f-dirty
Subject729,60,0.9644444444444444,0.9666666666666667,0.9666666666666667,recorded,17,17,tempo_intensity,rf,5300,21456,68d0e5f-dirty
Subject731,30,0.9644444444444444,0.9666666666666667,0.9666666666666667,recorded,17,17,tempo_intensity,rf,5300,21456,68d0e5f-dirty
Subject867,60,0.8444444444444444,0.8666666666666667,0.8666666666666667,recorded,17,17,tempo_intensity,rf,5300,21456,68d0e5f-dirty
Subject877,60,0.9644444444444444,0.9666666666666667,0.9666666666666667,recorded,17,17,tempo_intensity,rf,5300,21456,68d0e5f-dirty
Subject890,30,0.9288888888888889,0.9333333333333333,0.9333333333333333,recorded,17,17,tempo_intensity,rf,5300,21456,68d0e5f-dirty
Subject969,30,0.9111111111111111,0.9333333333333333,0.9333333333333333,recorded,17,17,tempo_intensity,rf,5300,21456,68d0e5f-dirty
Subject147,31,0.8088888888888889,0.8333333333333334,0.8387096774193549,new,17,17,plus_placement,rf,5300,21422,68d0e5f-dirty
Subject352,30,0.7822222222222222,0.8333333333333334,0.8333333333333334,new,17,17,plus_placement,rf,5300,21422,68d0e5f-dirty
Subject376,60,0.911957671957672,0.9166666666666666,0.9166666666666666,new,17,17,plus_placement,rf,5300,21422,68d0e5f-dirty
Subject494,60,0.5108744082428293,0.5666666666666667,0.5666666666666667,new,17,17,plus_placement,rf,5300,21422,68d0e5f-dirty
Subject741,60,0.794920634920635,0.8166666666666667,0.8166666666666667,new,17,17,plus_placement,rf,5300,21422,68d0e5f-dirty
Subject819,60,0.924886964886965,0.9333333333333333,0.9333333333333333,new,17,17,plus_placement,rf,5300,21422,68d0e5f-dirty
Subject139,60,0.9475132275132274,0.95,0.95,recorded,17,17,plus_placement,rf,5300,21422,68d0e5f-dirty
Subject226,30,0.9288888888888889,0.9333333333333333,0.9333333333333333,recorded,17,17,plus_placement,rf,5300,21422,68d0e5f-dirty
Subject353,60,0.8453102453102452,0.85,0.85,recorded,17,17,plus_placement,rf,5300,21422,68d0e5f-dirty
Subject354,60,0.9661375661375663,0.9666666666666667,0.9666666666666667,recorded,17,17,plus_placement,rf,5300,21422,68d0e5f-dirty
Subject424,60,0.84991452991453,0.8666666666666667,0.8666666666666667,recorded,17,17,plus_placement,rf,5300,21422,68d0e5f-dirty
Subject455,60,1.0,1.0,1.0,recorded,17,17,plus_placement,rf,5300,21422,68d0e5f-dirty
Subject516,30,0.9333333333333333,0.9333333333333333,0.9333333333333333,recorded,17,17,plus_placement,rf,5300,21422,68d0e5f-dirty
Subject561,60,0.9661375661375662,0.9666666666666667,0.9666666666666667,recorded,17,17,plus_placement,rf,5300,21422,68d0e5f-dirty
Subject571,30,0.9644444444444444,0.9666666666666667,0.9666666666666667,recorded,17,17,plus_placement,rf,5300,21422,68d0e5f-dirty
Subject580,90,0.9088328338328338,0.9111111111111112,0.9111111111111111,recorded,17,17,plus_placement,rf,5300,21422,68d0e5f-dirty
Subject611,60,0.9830687830687831,0.9833333333333333,0.9833333333333333,recorded,17,17,plus_placement,rf,5300,21422,68d0e5f-dirty
Subject729,60,0.9830687830687831,0.9833333333333333,0.9833333333333333,recorded,17,17,plus_placement,rf,5300,21422,68d0e5f-dirty
Subject731,30,1.0,1.0,1.0,recorded,17,17,plus_placement,rf,5300,21422,68d0e5f-dirty
Subject867,60,0.8444444444444444,0.8666666666666667,0.8666666666666667,recorded,17,17,plus_placement,rf,5300,21422,68d0e5f-dirty
Subject877,60,0.9830687830687831,0.9833333333333333,0.9833333333333333,recorded,17,17,plus_placement,rf,5300,21422,68d0e5f-dirty
Subject890,30,0.8711111111111111,0.9,0.9,recorded,17,17,plus_placement,rf,5300,21422,68d0e5f-dirty
Subject969,30,0.9111111111111111,0.9333333333333333,0.9333333333333333,recorded,17,17,plus_placement,rf,5300,21422,68d0e5f-dirty
Subject139,60,0.8268986568986568,0.85,0.85,new,18,2,none,rf,589,0,68d0e5f-dirty
Subject226,30,0.6977777777777777,0.7666666666666667,0.7666666666666667,new,18,2,none,rf,589,0,68d0e5f-dirty
Subject455,60,0.7326984126984128,0.7666666666666667,0.7666666666666667,new,18,2,none,rf,589,0,68d0e5f-dirty
Subject867,60,0.7367195767195767,0.7666666666666667,0.7666666666666667,new,18,2,none,rf,589,0,68d0e5f-dirty
Subject890,30,0.45015873015873015,0.5333333333333333,0.5333333333333333,new,18,2,none,rf,589,0,68d0e5f-dirty
Subject969,30,0.5111111111111111,0.5666666666666667,0.5666666666666667,new,18,2,none,rf,589,0,68d0e5f-dirty
Subject354,60,0.9830687830687831,0.9833333333333333,0.9833333333333333,recorded,18,2,none,rf,589,0,68d0e5f-dirty
Subject819,60,0.8643060643060643,0.8833333333333333,0.8833333333333333,recorded,18,2,none,rf,589,0,68d0e5f-dirty
Subject139,60,0.856984126984127,0.8666666666666667,0.8666666666666667,new,18,2,tempo_intensity,rf,589,2390,68d0e5f-dirty
Subject226,30,0.6044444444444445,0.6666666666666666,0.6666666666666666,new,18,2,tempo_intensity,rf,589,2390,68d0e5f-dirty
Subject455,60,0.741957671957672,0.7833333333333333,0.7833333333333333,new,18,2,tempo_intensity,rf,589,2390,68d0e5f-dirty
Subject867,60,0.6667724867724868,0.7,0.7,new,18,2,tempo_intensity,rf,589,2390,68d0e5f-dirty
Subject890,30,0.4492063492063492,0.5333333333333333,0.5333333333333333,new,18,2,tempo_intensity,rf,589,2390,68d0e5f-dirty
Subject969,30,0.5155555555555555,0.6,0.6,new,18,2,tempo_intensity,rf,589,2390,68d0e5f-dirty
Subject354,60,0.9661375661375663,0.9666666666666667,0.9666666666666667,recorded,18,2,tempo_intensity,rf,589,2390,68d0e5f-dirty
Subject819,60,0.8016931216931218,0.8333333333333334,0.8333333333333334,recorded,18,2,tempo_intensity,rf,589,2390,68d0e5f-dirty
Subject139,60,0.826878306878307,0.85,0.85,new,18,2,plus_placement,rf,589,2403,68d0e5f-dirty
Subject226,30,0.6010582010582011,0.6666666666666666,0.6666666666666666,new,18,2,plus_placement,rf,589,2403,68d0e5f-dirty
Subject455,60,0.8573544973544974,0.8833333333333333,0.8833333333333333,new,18,2,plus_placement,rf,589,2403,68d0e5f-dirty
Subject867,60,0.6884330484330483,0.7333333333333333,0.7333333333333333,new,18,2,plus_placement,rf,589,2403,68d0e5f-dirty
Subject890,30,0.4936507936507936,0.5666666666666667,0.5666666666666667,new,18,2,plus_placement,rf,589,2403,68d0e5f-dirty
Subject969,30,0.47111111111111115,0.5333333333333333,0.5333333333333333,new,18,2,plus_placement,rf,589,2403,68d0e5f-dirty
Subject354,60,1.0,1.0,1.0,recorded,18,2,plus_placement,rf,589,2403,68d0e5f-dirty
Subject819,60,0.8764021164021165,0.9,0.9,recorded,18,2,plus_placement,rf,589,2403,68d0e5f-dirty
Subject139,60,0.8463166463166463,0.8666666666666667,0.8666666666666667,new,18,4,none,rf,1144,0,68d0e5f-dirty
Subject226,30,0.7200000000000001,0.7666666666666667,0.7666666666666667,new,18,4,none,rf,1144,0,68d0e5f-dirty
Subject455,60,0.8317460317460317,0.85,0.85,new,18,4,none,rf,1144,0,68d0e5f-dirty
Subject867,60,0.7925925925925926,0.8166666666666667,0.8166666666666667,new,18,4,none,rf,1144,0,68d0e5f-dirty
Subject890,30,0.6580952380952382,0.7333333333333333,0.7333333333333333,new,18,4,none,rf,1144,0,68d0e5f-dirty
Subject969,30,0.56,0.6,0.6,new,18,4,none,rf,1144,0,68d0e5f-dirty
Subject354,60,0.9830687830687831,0.9833333333333333,0.9833333333333333,recorded,18,4,none,rf,1144,0,68d0e5f-dirty
Subject580,90,0.8798951048951049,0.8777777777777779,0.8777777777777778,recorded,18,4,none,rf,1144,0,68d0e5f-dirty
Subject611,60,1.0,1.0,1.0,recorded,18,4,none,rf,1144,0,68d0e5f-dirty
Subject819,60,0.7911111111111111,0.8166666666666667,0.8166666666666667,recorded,18,4,none,rf,1144,0,68d0e5f-dirty
Subject139,60,0.8764021164021165,0.8833333333333333,0.8833333333333333,new,18,4,tempo_intensity,rf,1144,4664,68d0e5f-dirty
Subject226,30,0.7377777777777778,0.7666666666666667,0.7666666666666667,new,18,4,tempo_intensity,rf,1144,4664,68d0e5f-dirty
Subject455,60,0.777056277056277,0.8,0.8,new,18,4,tempo_intensity,rf,1144,4664,68d0e5f-dirty
Subject867,60,0.7758922558922559,0.8,0.8,new,18,4,tempo_intensity,rf,1144,4664,68d0e5f-dirty
Subject890,30,0.58,0.6666666666666666,0.6666666666666666,new,18,4,tempo_intensity,rf,1144,4664,68d0e5f-dirty
Subject969,30,0.56,0.6,0.6,new,18,4,tempo_intensity,rf,1144,4664,68d0e5f-dirty
Subject354,60,0.9830687830687831,0.9833333333333333,0.9833333333333333,recorded,18,4,tempo_intensity,rf,1144,4664,68d0e5f-dirty
Subject580,90,0.8324741924741927,0.8333333333333335,0.8333333333333334,recorded,18,4,tempo_intensity,rf,1144,4664,68d0e5f-dirty
Subject611,60,1.0,1.0,1.0,recorded,18,4,tempo_intensity,rf,1144,4664,68d0e5f-dirty
Subject819,60,0.7644444444444445,0.8,0.8,recorded,18,4,tempo_intensity,rf,1144,4664,68d0e5f-dirty
Subject139,60,0.8933333333333333,0.9,0.9,new,18,4,plus_placement,rf,1144,4681,68d0e5f-dirty
Subject226,30,0.7044444444444444,0.7666666666666667,0.7666666666666667,new,18,4,plus_placement,rf,1144,4681,68d0e5f-dirty
Subject455,60,0.8608465608465609,0.8833333333333333,0.8833333333333333,new,18,4,plus_placement,rf,1144,4681,68d0e5f-dirty
Subject867,60,0.8186243386243387,0.8333333333333334,0.8333333333333334,new,18,4,plus_placement,rf,1144,4681,68d0e5f-dirty
Subject890,30,0.7444444444444444,0.8,0.8,new,18,4,plus_placement,rf,1144,4681,68d0e5f-dirty
Subject969,30,0.56,0.6,0.6,new,18,4,plus_placement,rf,1144,4681,68d0e5f-dirty
Subject354,60,1.0,1.0,1.0,recorded,18,4,plus_placement,rf,1144,4681,68d0e5f-dirty
Subject580,90,0.8311444111444113,0.8333333333333335,0.8333333333333334,recorded,18,4,plus_placement,rf,1144,4681,68d0e5f-dirty
Subject611,60,0.9830687830687831,0.9833333333333333,0.9833333333333333,recorded,18,4,plus_placement,rf,1144,4681,68d0e5f-dirty
Subject819,60,0.8025396825396826,0.8333333333333334,0.8333333333333334,recorded,18,4,plus_placement,rf,1144,4681,68d0e5f-dirty
Subject139,60,0.9311111111111111,0.9333333333333333,0.9333333333333333,new,18,8,none,rf,2549,0,68d0e5f-dirty
Subject226,30,0.6555555555555554,0.7,0.7,new,18,8,none,rf,2549,0,68d0e5f-dirty
Subject455,60,0.8653642653642654,0.8666666666666667,0.8666666666666667,new,18,8,none,rf,2549,0,68d0e5f-dirty
Subject867,60,0.6973737373737373,0.75,0.75,new,18,8,none,rf,2549,0,68d0e5f-dirty
Subject890,30,0.6555555555555554,0.7333333333333333,0.7333333333333333,new,18,8,none,rf,2549,0,68d0e5f-dirty
Subject969,30,0.6474074074074074,0.7,0.7,new,18,8,none,rf,2549,0,68d0e5f-dirty
Subject353,60,0.8407070707070707,0.85,0.85,recorded,18,8,none,rf,2549,0,68d0e5f-dirty
Subject354,60,0.9830687830687831,0.9833333333333333,0.9833333333333333,recorded,18,8,none,rf,2549,0,68d0e5f-dirty
Subject571,30,0.8755555555555555,0.9,0.9,recorded,18,8,none,rf,2549,0,68d0e5f-dirty
Subject580,90,0.8544744144744143,0.8555555555555556,0.8555555555555555,recorded,18,8,none,rf,2549,0,68d0e5f-dirty
Subject611,60,1.0,1.0,1.0,recorded,18,8,none,rf,2549,0,68d0e5f-dirty
Subject729,60,0.9223280423280423,0.9333333333333333,0.9333333333333333,recorded,18,8,none,rf,2549,0,68d0e5f-dirty
Subject731,30,0.8955555555555554,0.9,0.9,recorded,18,8,none,rf,2549,0,68d0e5f-dirty
Subject819,60,0.8734391534391536,0.8833333333333333,0.8833333333333333,recorded,18,8,none,rf,2549,0,68d0e5f-dirty
Subject139,60,0.8247619047619047,0.85,0.85,new,18,8,tempo_intensity,rf,2549,10240,68d0e5f-dirty
Subject226,30,0.6155555555555555,0.6666666666666666,0.6666666666666666,new,18,8,tempo_intensity,rf,2549,10240,68d0e5f-dirty
Subject455,60,0.83998667998668,0.8666666666666667,0.8666666666666667,new,18,8,tempo_intensity,rf,2549,10240,68d0e5f-dirty
Subject867,60,0.6571428571428571,0.7166666666666667,0.7166666666666667,new,18,8,tempo_intensity,rf,2549,10240,68d0e5f-dirty
Subject890,30,0.6225396825396826,0.7,0.7,new,18,8,tempo_intensity,rf,2549,10240,68d0e5f-dirty
Subject969,30,0.6844444444444445,0.7333333333333333,0.7333333333333333,new,18,8,tempo_intensity,rf,2549,10240,68d0e5f-dirty
Subject353,60,0.8641798941798943,0.8666666666666667,0.8666666666666667,recorded,18,8,tempo_intensity,rf,2549,10240,68d0e5f-dirty
Subject354,60,0.9661375661375663,0.9666666666666667,0.9666666666666667,recorded,18,8,tempo_intensity,rf,2549,10240,68d0e5f-dirty
Subject571,30,0.7533333333333333,0.8,0.8,recorded,18,8,tempo_intensity,rf,2549,10240,68d0e5f-dirty
Subject580,90,0.8420868020868023,0.8444444444444444,0.8444444444444444,recorded,18,8,tempo_intensity,rf,2549,10240,68d0e5f-dirty
Subject611,60,0.9830687830687831,0.9833333333333333,0.9833333333333333,recorded,18,8,tempo_intensity,rf,2549,10240,68d0e5f-dirty
Subject729,60,0.9037037037037038,0.9166666666666666,0.9166666666666666,recorded,18,8,tempo_intensity,rf,2549,10240,68d0e5f-dirty
Subject731,30,0.8355555555555555,0.8666666666666667,0.8666666666666667,recorded,18,8,tempo_intensity,rf,2549,10240,68d0e5f-dirty
Subject819,60,0.7898027898027898,0.8333333333333334,0.8333333333333334,recorded,18,8,tempo_intensity,rf,2549,10240,68d0e5f-dirty
Subject139,60,0.8422222222222222,0.8666666666666667,0.8666666666666667,new,18,8,plus_placement,rf,2549,10259,68d0e5f-dirty
Subject226,30,0.6555555555555554,0.7,0.7,new,18,8,plus_placement,rf,2549,10259,68d0e5f-dirty
Subject455,60,0.8059126059126059,0.8333333333333334,0.8333333333333334,new,18,8,plus_placement,rf,2549,10259,68d0e5f-dirty
Subject867,60,0.6059259259259259,0.6666666666666666,0.6666666666666666,new,18,8,plus_placement,rf,2549,10259,68d0e5f-dirty
Subject890,30,0.6269841269841269,0.7,0.7,new,18,8,plus_placement,rf,2549,10259,68d0e5f-dirty
Subject969,30,0.6736507936507936,0.7,0.7,new,18,8,plus_placement,rf,2549,10259,68d0e5f-dirty
Subject353,60,0.9308465608465609,0.9333333333333333,0.9333333333333333,recorded,18,8,plus_placement,rf,2549,10259,68d0e5f-dirty
Subject354,60,0.9830687830687831,0.9833333333333333,0.9833333333333333,recorded,18,8,plus_placement,rf,2549,10259,68d0e5f-dirty
Subject571,30,0.9111111111111111,0.9333333333333333,0.9333333333333333,recorded,18,8,plus_placement,rf,2549,10259,68d0e5f-dirty
Subject580,90,0.865720945720946,0.8666666666666668,0.8666666666666667,recorded,18,8,plus_placement,rf,2549,10259,68d0e5f-dirty
Subject611,60,0.9644444444444444,0.9666666666666667,0.9666666666666667,recorded,18,8,plus_placement,rf,2549,10259,68d0e5f-dirty
Subject729,60,0.9037037037037038,0.9166666666666666,0.9166666666666666,recorded,18,8,plus_placement,rf,2549,10259,68d0e5f-dirty
Subject731,30,0.8644444444444445,0.8666666666666667,0.8666666666666667,recorded,18,8,plus_placement,rf,2549,10259,68d0e5f-dirty
Subject819,60,0.8423280423280423,0.8666666666666667,0.8666666666666667,recorded,18,8,plus_placement,rf,2549,10259,68d0e5f-dirty
Subject139,60,0.9305820105820107,0.9333333333333333,0.9333333333333333,new,18,17,none,rf,5141,0,68d0e5f-dirty
Subject226,30,0.7888888888888889,0.8333333333333334,0.8333333333333334,new,18,17,none,rf,5141,0,68d0e5f-dirty
Subject455,60,0.8685906685906686,0.8833333333333333,0.8833333333333333,new,18,17,none,rf,5141,0,68d0e5f-dirty
Subject867,60,0.72,0.7666666666666667,0.7666666666666667,new,18,17,none,rf,5141,0,68d0e5f-dirty
Subject890,30,0.8333333333333334,0.8666666666666667,0.8666666666666667,new,18,17,none,rf,5141,0,68d0e5f-dirty
Subject969,30,0.7051851851851851,0.7333333333333333,0.7333333333333333,new,18,17,none,rf,5141,0,68d0e5f-dirty
Subject147,31,0.9311111111111111,0.9333333333333333,0.9354838709677419,recorded,18,17,none,rf,5141,0,68d0e5f-dirty
Subject352,30,0.9111111111111111,0.9333333333333333,0.9333333333333333,recorded,18,17,none,rf,5141,0,68d0e5f-dirty
Subject353,60,0.8749591149591149,0.8833333333333333,0.8833333333333333,recorded,18,17,none,rf,5141,0,68d0e5f-dirty
Subject354,60,1.0,1.0,1.0,recorded,18,17,none,rf,5141,0,68d0e5f-dirty
Subject376,60,0.818835978835979,0.8333333333333334,0.8333333333333334,recorded,18,17,none,rf,5141,0,68d0e5f-dirty
Subject424,60,0.8981684981684982,0.9166666666666666,0.9166666666666666,recorded,18,17,none,rf,5141,0,68d0e5f-dirty
Subject494,60,0.9223280423280423,0.9333333333333333,0.9333333333333333,recorded,18,17,none,rf,5141,0,68d0e5f-dirty
Subject516,30,0.9644444444444444,0.9666666666666667,0.9666666666666667,recorded,18,17,none,rf,5141,0,68d0e5f-dirty
Subject561,60,0.9082202982202983,0.9166666666666666,0.9166666666666666,recorded,18,17,none,rf,5141,0,68d0e5f-dirty
Subject571,30,0.8755555555555555,0.9,0.9,recorded,18,17,none,rf,5141,0,68d0e5f-dirty
Subject580,90,0.9134923899629782,0.9111111111111111,0.9111111111111111,recorded,18,17,none,rf,5141,0,68d0e5f-dirty
Subject611,60,1.0,1.0,1.0,recorded,18,17,none,rf,5141,0,68d0e5f-dirty
Subject729,60,0.9830687830687831,0.9833333333333333,0.9833333333333333,recorded,18,17,none,rf,5141,0,68d0e5f-dirty
Subject731,30,0.9644444444444444,0.9666666666666667,0.9666666666666667,recorded,18,17,none,rf,5141,0,68d0e5f-dirty
Subject741,60,0.911957671957672,0.9166666666666666,0.9166666666666666,recorded,18,17,none,rf,5141,0,68d0e5f-dirty
Subject819,60,0.8082202982202982,0.8333333333333334,0.8333333333333334,recorded,18,17,none,rf,5141,0,68d0e5f-dirty
Subject877,60,0.9644444444444444,0.9666666666666667,0.9666666666666667,recorded,18,17,none,rf,5141,0,68d0e5f-dirty
Subject139,60,0.7515536315536315,0.7833333333333333,0.7833333333333333,new,18,17,tempo_intensity,rf,5141,20810,68d0e5f-dirty
Subject226,30,0.7533333333333334,0.8,0.8,new,18,17,tempo_intensity,rf,5141,20810,68d0e5f-dirty
Subject455,60,0.8552910052910053,0.8666666666666667,0.8666666666666667,new,18,17,tempo_intensity,rf,5141,20810,68d0e5f-dirty
Subject867,60,0.6973737373737374,0.75,0.75,new,18,17,tempo_intensity,rf,5141,20810,68d0e5f-dirty
Subject890,30,0.7977777777777778,0.8333333333333334,0.8333333333333334,new,18,17,tempo_intensity,rf,5141,20810,68d0e5f-dirty
Subject969,30,0.7051851851851851,0.7333333333333333,0.7333333333333333,new,18,17,tempo_intensity,rf,5141,20810,68d0e5f-dirty
Subject147,31,0.9311111111111111,0.9333333333333333,0.9354838709677419,recorded,18,17,tempo_intensity,rf,5141,20810,68d0e5f-dirty
Subject352,30,0.9111111111111111,0.9333333333333333,0.9333333333333333,recorded,18,17,tempo_intensity,rf,5141,20810,68d0e5f-dirty
Subject353,60,0.8728427128427129,0.8833333333333333,0.8833333333333333,recorded,18,17,tempo_intensity,rf,5141,20810,68d0e5f-dirty
Subject354,60,1.0,1.0,1.0,recorded,18,17,tempo_intensity,rf,5141,20810,68d0e5f-dirty
Subject376,60,0.7648869648869648,0.8,0.8,recorded,18,17,tempo_intensity,rf,5141,20810,68d0e5f-dirty
Subject424,60,0.8656084656084656,0.8833333333333333,0.8833333333333333,recorded,18,17,tempo_intensity,rf,5141,20810,68d0e5f-dirty
Subject494,60,0.924886964886965,0.9333333333333333,0.9333333333333333,recorded,18,17,tempo_intensity,rf,5141,20810,68d0e5f-dirty
Subject516,30,0.9644444444444444,0.9666666666666667,0.9666666666666667,recorded,18,17,tempo_intensity,rf,5141,20810,68d0e5f-dirty
Subject561,60,0.9475132275132275,0.95,0.95,recorded,18,17,tempo_intensity,rf,5141,20810,68d0e5f-dirty
Subject571,30,0.8422222222222223,0.8666666666666667,0.8666666666666667,recorded,18,17,tempo_intensity,rf,5141,20810,68d0e5f-dirty
Subject580,90,0.8853146853146854,0.8888888888888891,0.8888888888888888,recorded,18,17,tempo_intensity,rf,5141,20810,68d0e5f-dirty
Subject611,60,0.9830687830687831,0.9833333333333333,0.9833333333333333,recorded,18,17,tempo_intensity,rf,5141,20810,68d0e5f-dirty
Subject729,60,0.9475132275132275,0.95,0.95,recorded,18,17,tempo_intensity,rf,5141,20810,68d0e5f-dirty
Subject731,30,0.9644444444444444,0.9666666666666667,0.9666666666666667,recorded,18,17,tempo_intensity,rf,5141,20810,68d0e5f-dirty
Subject741,60,0.9111111111111111,0.9333333333333333,0.9333333333333333,recorded,18,17,tempo_intensity,rf,5141,20810,68d0e5f-dirty
Subject819,60,0.7898027898027898,0.8333333333333334,0.8333333333333334,recorded,18,17,tempo_intensity,rf,5141,20810,68d0e5f-dirty
Subject877,60,0.9830687830687831,0.9833333333333333,0.9833333333333333,recorded,18,17,tempo_intensity,rf,5141,20810,68d0e5f-dirty
Subject139,60,0.9142857142857144,0.9166666666666666,0.9166666666666666,new,18,17,plus_placement,rf,5141,20977,68d0e5f-dirty
Subject226,30,0.7888888888888889,0.8333333333333334,0.8333333333333334,new,18,17,plus_placement,rf,5141,20977,68d0e5f-dirty
Subject455,60,0.8723280423280424,0.8833333333333333,0.8833333333333333,new,18,17,plus_placement,rf,5141,20977,68d0e5f-dirty
Subject867,60,0.8105820105820106,0.8333333333333334,0.8333333333333334,new,18,17,plus_placement,rf,5141,20977,68d0e5f-dirty
Subject890,30,0.8333333333333334,0.8666666666666667,0.8666666666666667,new,18,17,plus_placement,rf,5141,20977,68d0e5f-dirty
Subject969,30,0.7407407407407407,0.7666666666666667,0.7666666666666667,new,18,17,plus_placement,rf,5141,20977,68d0e5f-dirty
Subject147,31,0.8888888888888888,0.9,0.9032258064516129,recorded,18,17,plus_placement,rf,5141,20977,68d0e5f-dirty
Subject352,30,0.9111111111111111,0.9333333333333333,0.9333333333333333,recorded,18,17,plus_placement,rf,5141,20977,68d0e5f-dirty
Subject353,60,0.8428763828763829,0.85,0.85,recorded,18,17,plus_placement,rf,5141,20977,68d0e5f-dirty
Subject354,60,0.9830687830687831,0.9833333333333333,0.9833333333333333,recorded,18,17,plus_placement,rf,5141,20977,68d0e5f-dirty
Subject376,60,0.8815536315536315,0.9,0.9,recorded,18,17,plus_placement,rf,5141,20977,68d0e5f-dirty
Subject424,60,0.8825396825396825,0.9,0.9,recorded,18,17,plus_placement,rf,5141,20977,68d0e5f-dirty
Subject494,60,0.9418181818181818,0.95,0.95,recorded,18,17,plus_placement,rf,5141,20977,68d0e5f-dirty
Subject516,30,0.9288888888888888,0.9333333333333333,0.9333333333333333,recorded,18,17,plus_placement,rf,5141,20977,68d0e5f-dirty
Subject561,60,0.9644444444444444,0.9666666666666667,0.9666666666666667,recorded,18,17,plus_placement,rf,5141,20977,68d0e5f-dirty
Subject571,30,0.9111111111111111,0.9333333333333333,0.9333333333333333,recorded,18,17,plus_placement,rf,5141,20977,68d0e5f-dirty
Subject580,90,0.9309557109557111,0.9333333333333333,0.9333333333333333,recorded,18,17,plus_placement,rf,5141,20977,68d0e5f-dirty
Subject611,60,0.9830687830687831,0.9833333333333333,0.9833333333333333,recorded,18,17,plus_placement,rf,5141,20977,68d0e5f-dirty
Subject729,60,0.9830687830687831,0.9833333333333333,0.9833333333333333,recorded,18,17,plus_placement,rf,5141,20977,68d0e5f-dirty
Subject731,30,0.9333333333333332,0.9333333333333333,0.9333333333333333,recorded,18,17,plus_placement,rf,5141,20977,68d0e5f-dirty
Subject741,60,0.8941798941798942,0.9166666666666666,0.9166666666666666,recorded,18,17,plus_placement,rf,5141,20977,68d0e5f-dirty
Subject819,60,0.8230554630554631,0.85,0.85,recorded,18,17,plus_placement,rf,5141,20977,68d0e5f-dirty
Subject877,60,1.0,1.0,1.0,recorded,18,17,plus_placement,rf,5141,20977,68d0e5f-dirty
Subject147,31,0.7377777777777778,0.7666666666666667,0.7741935483870968,new,19,2,none,rf,570,0,68d0e5f-dirty
Subject354,60,0.6734006734006733,0.7333333333333333,0.7333333333333333,new,19,2,none,rf,570,0,68d0e5f-dirty
Subject494,60,0.3794901394901395,0.48333333333333334,0.48333333333333334,new,19,2,none,rf,570,0,68d0e5f-dirty
Subject729,60,0.7172353572353573,0.7666666666666667,0.7666666666666667,new,19,2,none,rf,570,0,68d0e5f-dirty
Subject731,30,0.6096296296296297,0.6666666666666666,0.6666666666666666,new,19,2,none,rf,570,0,68d0e5f-dirty
Subject890,30,0.6447619047619048,0.7,0.7,new,19,2,none,rf,570,0,68d0e5f-dirty
Subject561,60,0.9492063492063492,0.95,0.95,recorded,19,2,none,rf,570,0,68d0e5f-dirty
Subject741,60,0.789100529100529,0.8166666666666667,0.8166666666666667,recorded,19,2,none,rf,570,0,68d0e5f-dirty
Subject147,31,0.7892063492063492,0.8333333333333334,0.8387096774193549,new,19,2,tempo_intensity,rf,570,2285,68d0e5f-dirty
Subject354,60,0.7009139009139009,0.7666666666666667,0.7666666666666667,new,19,2,tempo_intensity,rf,570,2285,68d0e5f-dirty
Subject494,60,0.35726791726791723,0.45,0.45,new,19,2,tempo_intensity,rf,570,2285,68d0e5f-dirty
Subject729,60,0.6833536833536834,0.7166666666666667,0.7166666666666667,new,19,2,tempo_intensity,rf,570,2285,68d0e5f-dirty
Subject731,30,0.5651851851851852,0.6333333333333333,0.6333333333333333,new,19,2,tempo_intensity,rf,570,2285,68d0e5f-dirty
Subject890,30,0.6136507936507936,0.6666666666666666,0.6666666666666666,new,19,2,tempo_intensity,rf,570,2285,68d0e5f-dirty
Subject561,60,0.9288888888888888,0.9333333333333333,0.9333333333333333,recorded,19,2,tempo_intensity,rf,570,2285,68d0e5f-dirty
Subject741,60,0.8452776852776851,0.85,0.85,recorded,19,2,tempo_intensity,rf,570,2285,68d0e5f-dirty
Subject147,31,0.808888888888889,0.8333333333333334,0.8387096774193549,new,19,2,plus_placement,rf,570,2258,68d0e5f-dirty
Subject354,60,0.6904761904761905,0.7333333333333333,0.7333333333333333,new,19,2,plus_placement,rf,570,2258,68d0e5f-dirty
Subject494,60,0.41269841269841273,0.4666666666666667,0.4666666666666667,new,19,2,plus_placement,rf,570,2258,68d0e5f-dirty
Subject729,60,0.6634728234728234,0.7166666666666667,0.7166666666666667,new,19,2,plus_placement,rf,570,2258,68d0e5f-dirty
Subject731,30,0.6029629629629629,0.6666666666666666,0.6666666666666666,new,19,2,plus_placement,rf,570,2258,68d0e5f-dirty
Subject890,30,0.5888888888888888,0.6333333333333333,0.6333333333333333,new,19,2,plus_placement,rf,570,2258,68d0e5f-dirty
Subject561,60,0.9288888888888888,0.9333333333333333,0.9333333333333333,recorded,19,2,plus_placement,rf,570,2258,68d0e5f-dirty
Subject741,60,0.9170899470899472,0.9166666666666666,0.9166666666666666,recorded,19,2,plus_placement,rf,570,2258,68d0e5f-dirty
Subject147,31,0.7244444444444444,0.7444444444444444,0.7419354838709677,new,19,4,none,rf,1326,0,68d0e5f-dirty
Subject354,60,0.6771043771043771,0.7333333333333333,0.7333333333333333,new,19,4,none,rf,1326,0,68d0e5f-dirty
Subject494,60,0.4477527151211362,0.5,0.5,new,19,4,none,rf,1326,0,68d0e5f-dirty
Subject729,60,0.8370370370370371,0.85,0.85,new,19,4,none,rf,1326,0,68d0e5f-dirty
Subject731,30,0.7803174603174604,0.8,0.8,new,19,4,none,rf,1326,0,68d0e5f-dirty
Subject890,30,0.7580952380952382,0.8,0.8,new,19,4,none,rf,1326,0,68d0e5f-dirty
Subject139,60,0.8941798941798942,0.9166666666666666,0.9166666666666666,recorded,19,4,none,rf,1326,0,68d0e5f-dirty
Subject561,60,0.9676190476190477,0.9666666666666667,0.9666666666666667,recorded,19,4,none,rf,1326,0,68d0e5f-dirty
Subject571,30,0.711111111111111,0.7666666666666667,0.7666666666666667,recorded,19,4,none,rf,1326,0,68d0e5f-dirty
Subject741,60,0.8014814814814815,0.8166666666666667,0.8166666666666667,recorded,19,4,none,rf,1326,0,68d0e5f-dirty
Subject147,31,0.6533333333333334,0.7,0.7096774193548387,new,19,4,tempo_intensity,rf,1326,5392,68d0e5f-dirty
Subject354,60,0.6170370370370369,0.6833333333333333,0.6833333333333333,new,19,4,tempo_intensity,rf,1326,5392,68d0e5f-dirty
Subject494,60,0.3847031720715932,0.45,0.45,new,19,4,tempo_intensity,rf,1326,5392,68d0e5f-dirty
Subject729,60,0.7168975468975468,0.75,0.75,new,19,4,tempo_intensity,rf,1326,5392,68d0e5f-dirty
Subject731,30,0.7755555555555556,0.8,0.8,new,19,4,tempo_intensity,rf,1326,5392,68d0e5f-dirty
Subject890,30,0.7088888888888889,0.7666666666666667,0.7666666666666667,new,19,4,tempo_intensity,rf,1326,5392,68d0e5f-dirty
Subject139,60,0.8052910052910053,0.85,0.85,recorded,19,4,tempo_intensity,rf,1326,5392,68d0e5f-dirty
Subject561,60,0.9676190476190477,0.9666666666666667,0.9666666666666667,recorded,19,4,tempo_intensity,rf,1326,5392,68d0e5f-dirty
Subject571,30,0.711111111111111,0.7666666666666667,0.7666666666666667,recorded,19,4,tempo_intensity,rf,1326,5392,68d0e5f-dirty
Subject741,60,0.7567195767195767,0.7833333333333333,0.7833333333333333,recorded,19,4,tempo_intensity,rf,1326,5392,68d0e5f-dirty
Subject147,31,0.638095238095238,0.7,0.7096774193548387,new,19,4,plus_placement,rf,1326,5422,68d0e5f-dirty
Subject354,60,0.5281481481481481,0.6166666666666667,0.6166666666666667,new,19,4,plus_placement,rf,1326,5422,68d0e5f-dirty
Subject494,60,0.39697535579888515,0.43333333333333335,0.43333333333333335,new,19,4,plus_placement,rf,1326,5422,68d0e5f-dirty
Subject729,60,0.7845117845117844,0.8166666666666667,0.8166666666666667,new,19,4,plus_placement,rf,1326,5422,68d0e5f-dirty
Subject731,30,0.7666666666666667,0.8,0.8,new,19,4,plus_placement,rf,1326,5422,68d0e5f-dirty
Subject890,30,0.7580952380952382,0.8,0.8,new,19,4,plus_placement,rf,1326,5422,68d0e5f-dirty
Subject139,60,0.835998075998076,0.8666666666666667,0.8666666666666667,recorded,19,4,plus_placement,rf,1326,5422,68d0e5f-dirty
Subject561,60,0.9830687830687831,0.9833333333333333,0.9833333333333333,recorded,19,4,plus_placement,rf,1326,5422,68d0e5f-dirty
Subject571,30,0.8222222222222222,0.8666666666666667,0.8666666666666667,recorded,19,4,plus_placement,rf,1326,5422,68d0e5f-dirty
Subject741,60,0.7877441077441077,0.8,0.8,recorded,19,4,plus_placement,rf,1326,5422,68d0e5f-dirty
Subject147,31,0.8444444444444444,0.8666666666666667,0.8709677419354839,new,19,8,none,rf,2453,0,68d0e5f-dirty
Subject354,60,0.9320634920634921,0.9333333333333333,0.9333333333333333,new,19,8,none,rf,2453,0,68d0e5f-dirty
Subject494,60,0.3737758537758538,0.43333333333333335,0.43333333333333335,new,19,8,none,rf,2453,0,68d0e5f-dirty
Subject729,60,0.8723809523809525,0.8833333333333333,0.8833333333333333,new,19,8,none,rf,2453,0,68d0e5f-dirty
Subject731,30,0.8200000000000001,0.8333333333333334,0.8333333333333334,new,19,8,none,rf,2453,0,68d0e5f-dirty
Subject890,30,0.7622222222222222,0.8,0.8,new,19,8,none,rf,2453,0,68d0e5f-dirty
Subject139,60,0.9661375661375663,0.9666666666666667,0.9666666666666667,recorded,19,8,none,rf,2453,0,68d0e5f-dirty
Subject353,60,0.8264021164021165,0.8333333333333334,0.8333333333333334,recorded,19,8,none,rf,2453,0,68d0e5f-dirty
Subject376,60,0.895045695045695,0.9,0.9,recorded,19,8,none,rf,2453,0,68d0e5f-dirty
Subject561,60,0.9830687830687831,0.9833333333333333,0.9833333333333333,recorded,19,8,none,rf,2453,0,68d0e5f-dirty
Subject571,30,0.9288888888888889,0.9333333333333333,0.9333333333333333,recorded,19,8,none,rf,2453,0,68d0e5f-dirty
Subject741,60,0.8169504569504569,0.8333333333333334,0.8333333333333334,recorded,19,8,none,rf,2453,0,68d0e5f-dirty
Subject867,60,0.8463684463684463,0.8666666666666667,0.8666666666666667,recorded,19,8,none,rf,2453,0,68d0e5f-dirty
Subject877,60,0.9830687830687831,0.9833333333333333,0.9833333333333333,recorded,19,8,none,rf,2453,0,68d0e5f-dirty
Subject147,31,0.8444444444444444,0.8666666666666667,0.8709677419354839,new,19,8,tempo_intensity,rf,2453,9929,68d0e5f-dirty
Subject354,60,0.8956228956228957,0.9166666666666666,0.9166666666666666,new,19,8,tempo_intensity,rf,2453,9929,68d0e5f-dirty
Subject494,60,0.43422558922558924,0.5333333333333333,0.5333333333333333,new,19,8,tempo_intensity,rf,2453,9929,68d0e5f-dirty
Subject729,60,0.8723809523809525,0.8833333333333333,0.8833333333333333,new,19,8,tempo_intensity,rf,2453,9929,68d0e5f-dirty
Subject731,30,0.8603174603174604,0.8666666666666667,0.8666666666666667,new,19,8,tempo_intensity,rf,2453,9929,68d0e5f-dirty
Subject890,30,0.7580952380952382,0.8,0.8,new,19,8,tempo_intensity,rf,2453,9929,68d0e5f-dirty
Subject139,60,0.9143578643578643,0.9166666666666666,0.9166666666666666,recorded,19,8,tempo_intensity,rf,2453,9929,68d0e5f-dirty
Subject353,60,0.8427513227513227,0.85,0.85,recorded,19,8,tempo_intensity,rf,2453,9929,68d0e5f-dirty
Subject376,60,0.8696488696488697,0.8833333333333333,0.8833333333333333,recorded,19,8,tempo_intensity,rf,2453,9929,68d0e5f-dirty
Subject561,60,0.9830687830687831,0.9833333333333333,0.9833333333333333,recorded,19,8,tempo_intensity,rf,2453,9929,68d0e5f-dirty
Subject571,30,0.8222222222222222,0.8666666666666667,0.8666666666666667,recorded,19,8,tempo_intensity,rf,2453,9929,68d0e5f-dirty
Subject741,60,0.8395767195767195,0.85,0.85,recorded,19,8,tempo_intensity,rf,2453,9929,68d0e5f-dirty
Subject867,60,0.8297354497354497,0.85,0.85,recorded,19,8,tempo_intensity,rf,2453,9929,68d0e5f-dirty
Subject877,60,0.9661375661375662,0.9666666666666667,0.9666666666666667,recorded,19,8,tempo_intensity,rf,2453,9929,68d0e5f-dirty
Subject147,31,0.8088888888888889,0.8333333333333334,0.8387096774193549,new,19,8,plus_placement,rf,2453,9988,68d0e5f-dirty
Subject354,60,0.8786916786916786,0.9,0.9,new,19,8,plus_placement,rf,2453,9988,68d0e5f-dirty
Subject494,60,0.402689641513171,0.48333333333333334,0.48333333333333334,new,19,8,plus_placement,rf,2453,9988,68d0e5f-dirty
Subject729,60,0.9096296296296297,0.9166666666666666,0.9166666666666666,new,19,8,plus_placement,rf,2453,9988,68d0e5f-dirty
Subject731,30,0.7666666666666667,0.8,0.8,new,19,8,plus_placement,rf,2453,9988,68d0e5f-dirty
Subject890,30,0.7977777777777778,0.8333333333333334,0.8333333333333334,new,19,8,plus_placement,rf,2453,9988,68d0e5f-dirty
Subject139,60,0.9500721500721501,0.95,0.95,recorded,19,8,plus_placement,rf,2453,9988,68d0e5f-dirty
Subject353,60,0.8586243386243385,0.8666666666666667,0.8666666666666667,recorded,19,8,plus_placement,rf,2453,9988,68d0e5f-dirty
Subject376,60,0.8783790283790284,0.8833333333333333,0.8833333333333333,recorded,19,8,plus_placement,rf,2453,9988,68d0e5f-dirty
Subject561,60,1.0,1.0,1.0,recorded,19,8,plus_placement,rf,2453,9988,68d0e5f-dirty
Subject571,30,0.9111111111111111,0.9333333333333333,0.9333333333333333,recorded,19,8,plus_placement,rf,2453,9988,68d0e5f-dirty
Subject741,60,0.8565079365079366,0.8666666666666667,0.8666666666666667,recorded,19,8,plus_placement,rf,2453,9988,68d0e5f-dirty
Subject867,60,0.8463684463684463,0.8666666666666667,0.8666666666666667,recorded,19,8,plus_placement,rf,2453,9988,68d0e5f-dirty
Subject877,60,0.9830687830687831,0.9833333333333333,0.9833333333333333,recorded,19,8,plus_placement,rf,2453,9988,68d0e5f-dirty
Subject147,31,0.8444444444444444,0.8666666666666667,0.8709677419354839,new,19,17,none,rf,5314,0,68d0e5f-dirty
Subject354,60,0.9830687830687831,0.9833333333333333,0.9833333333333333,new,19,17,none,rf,5314,0,68d0e5f-dirty
Subject494,60,0.5257335257335257,0.5833333333333334,0.5833333333333334,new,19,17,none,rf,5314,0,68d0e5f-dirty
Subject729,60,0.9308465608465609,0.9333333333333333,0.9333333333333333,new,19,17,none,rf,5314,0,68d0e5f-dirty
Subject731,30,0.8111111111111112,0.8333333333333334,0.8333333333333334,new,19,17,none,rf,5314,0,68d0e5f-dirty
Subject890,30,0.7977777777777778,0.8333333333333334,0.8333333333333334,new,19,17,none,rf,5314,0,68d0e5f-dirty
Subject139,60,0.9661375661375662,0.9666666666666667,0.9666666666666667,recorded,19,17,none,rf,5314,0,68d0e5f-dirty
Subject226,30,0.8599999999999999,0.8666666666666667,0.8666666666666667,recorded,19,17,none,rf,5314,0,68d0e5f-dirty
Subject352,30,0.8755555555555555,0.9,0.9,recorded,19,17,none,rf,5314,0,68d0e5f-dirty
Subject353,60,0.8764213564213565,0.8833333333333333,0.8833333333333333,recorded,19,17,none,rf,5314,0,68d0e5f-dirty
Subject376,60,0.9325396825396824,0.9333333333333333,0.9333333333333333,recorded,19,17,none,rf,5314,0,68d0e5f-dirty
Subject424,60,0.8452910052910053,0.8666666666666667,0.8666666666666667,recorded,19,17,none,rf,5314,0,68d0e5f-dirty
Subject455,60,1.0,1.0,1.0,recorded,19,17,none,rf,5314,0,68d0e5f-dirty
Subject516,30,0.9111111111111111,0.9333333333333333,0.9333333333333333,recorded,19,17,none,rf,5314,0,68d0e5f-dirty
Subject561,60,0.9830687830687831,0.9833333333333333,0.9833333333333333,recorded,19,17,none,rf,5314,0,68d0e5f-dirty
Subject571,30,1.0,1.0,1.0,recorded,19,17,none,rf,5314,0,68d0e5f-dirty
Subject580,90,0.8778243978243978,0.8777777777777779,0.8777777777777778,recorded,19,17,none,rf,5314,0,68d0e5f-dirty
Subject611,60,0.9661375661375662,0.9666666666666667,0.9666666666666667,recorded,19,17,none,rf,5314,0,68d0e5f-dirty
Subject741,60,0.9494708994708995,0.95,0.95,recorded,19,17,none,rf,5314,0,68d0e5f-dirty
Subject819,60,0.9288888888888889,0.9333333333333333,0.9333333333333333,recorded,19,17,none,rf,5314,0,68d0e5f-dirty
Subject867,60,0.8275132275132275,0.85,0.85,recorded,19,17,none,rf,5314,0,68d0e5f-dirty
Subject877,60,1.0,1.0,1.0,recorded,19,17,none,rf,5314,0,68d0e5f-dirty
Subject969,30,0.9111111111111111,0.9333333333333333,0.9333333333333333,recorded,19,17,none,rf,5314,0,68d0e5f-dirty
Subject147,31,0.8444444444444444,0.8666666666666667,0.8709677419354839,new,19,17,tempo_intensity,rf,5314,21488,68d0e5f-dirty
Subject354,60,0.9830687830687831,0.9833333333333333,0.9833333333333333,new,19,17,tempo_intensity,rf,5314,21488,68d0e5f-dirty
Subject494,60,0.583697881066302,0.65,0.65,new,19,17,tempo_intensity,rf,5314,21488,68d0e5f-dirty
Subject729,60,0.9418181818181818,0.95,0.95,new,19,17,tempo_intensity,rf,5314,21488,68d0e5f-dirty
Subject731,30,0.7955555555555556,0.8333333333333334,0.8333333333333334,new,19,17,tempo_intensity,rf,5314,21488,68d0e5f-dirty
Subject890,30,0.7977777777777778,0.8333333333333334,0.8333333333333334,new,19,17,tempo_intensity,rf,5314,21488,68d0e5f-dirty
Subject139,60,0.911957671957672,0.9166666666666666,0.9166666666666666,recorded,19,17,tempo_intensity,rf,5314,21488,68d0e5f-dirty
Subject226,30,0.8933333333333333,0.9,0.9,recorded,19,17,tempo_intensity,rf,5314,21488,68d0e5f-dirty
Subject352,30,0.8400000000000001,0.8666666666666667,0.8666666666666667,recorded,19,17,tempo_intensity,rf,5314,21488,68d0e5f-dirty
Subject353,60,0.8836363636363636,0.9,0.9,recorded,19,17,tempo_intensity,rf,5314,21488,68d0e5f-dirty
Subject376,60,0.9185185185185184,0.9166666666666666,0.9166666666666666,recorded,19,17,tempo_intensity,rf,5314,21488,68d0e5f-dirty
Subject424,60,0.8283597883597884,0.85,0.85,recorded,19,17,tempo_intensity,rf,5314,21488,68d0e5f-dirty
Subject455,60,1.0,1.0,1.0,recorded,19,17,tempo_intensity,rf,5314,21488,68d0e5f-dirty
Subject516,30,0.8933333333333333,0.9,0.9,recorded,19,17,tempo_intensity,rf,5314,21488,68d0e5f-dirty
Subject561,60,0.9830687830687831,0.9833333333333333,0.9833333333333333,recorded,19,17,tempo_intensity,rf,5314,21488,68d0e5f-dirty
Subject571,30,0.9111111111111111,0.9333333333333333,0.9333333333333333,recorded,19,17,tempo_intensity,rf,5314,21488,68d0e5f-dirty
Subject580,90,0.8626609991315873,0.8666666666666667,0.8666666666666667,recorded,19,17,tempo_intensity,rf,5314,21488,68d0e5f-dirty
Subject611,60,0.9644444444444444,0.9666666666666667,0.9666666666666667,recorded,19,17,tempo_intensity,rf,5314,21488,68d0e5f-dirty
Subject741,60,0.9661375661375662,0.9666666666666667,0.9666666666666667,recorded,19,17,tempo_intensity,rf,5314,21488,68d0e5f-dirty
Subject819,60,0.8941798941798942,0.9166666666666666,0.9166666666666666,recorded,19,17,tempo_intensity,rf,5314,21488,68d0e5f-dirty
Subject867,60,0.8461375661375662,0.8666666666666667,0.8666666666666667,recorded,19,17,tempo_intensity,rf,5314,21488,68d0e5f-dirty
Subject877,60,0.9830687830687831,0.9833333333333333,0.9833333333333333,recorded,19,17,tempo_intensity,rf,5314,21488,68d0e5f-dirty
Subject969,30,1.0,1.0,1.0,recorded,19,17,tempo_intensity,rf,5314,21488,68d0e5f-dirty
Subject147,31,0.8088888888888889,0.8333333333333334,0.8387096774193549,new,19,17,plus_placement,rf,5314,21499,68d0e5f-dirty
Subject354,60,0.9830687830687831,0.9833333333333333,0.9833333333333333,new,19,17,plus_placement,rf,5314,21499,68d0e5f-dirty
Subject494,60,0.5619545596016184,0.6333333333333333,0.6333333333333333,new,19,17,plus_placement,rf,5314,21499,68d0e5f-dirty
Subject729,60,0.9830687830687831,0.9833333333333333,0.9833333333333333,new,19,17,plus_placement,rf,5314,21499,68d0e5f-dirty
Subject731,30,0.7777777777777779,0.8,0.8,new,19,17,plus_placement,rf,5314,21499,68d0e5f-dirty
Subject890,30,0.7977777777777778,0.8333333333333334,0.8333333333333334,new,19,17,plus_placement,rf,5314,21499,68d0e5f-dirty
Subject139,60,0.9331409331409332,0.9333333333333333,0.9333333333333333,recorded,19,17,plus_placement,rf,5314,21499,68d0e5f-dirty
Subject226,30,0.8599999999999999,0.8666666666666667,0.8666666666666667,recorded,19,17,plus_placement,rf,5314,21499,68d0e5f-dirty
Subject352,30,0.8755555555555555,0.9,0.9,recorded,19,17,plus_placement,rf,5314,21499,68d0e5f-dirty
Subject353,60,0.8677441077441077,0.8833333333333333,0.8833333333333333,recorded,19,17,plus_placement,rf,5314,21499,68d0e5f-dirty
Subject376,60,0.9109187109187109,0.9166666666666666,0.9166666666666666,recorded,19,17,plus_placement,rf,5314,21499,68d0e5f-dirty
Subject424,60,0.8452910052910053,0.8666666666666667,0.8666666666666667,recorded,19,17,plus_placement,rf,5314,21499,68d0e5f-dirty
Subject455,60,1.0,1.0,1.0,recorded,19,17,plus_placement,rf,5314,21499,68d0e5f-dirty
Subject516,30,0.9333333333333333,0.9333333333333333,0.9333333333333333,recorded,19,17,plus_placement,rf,5314,21499,68d0e5f-dirty
Subject561,60,0.9661375661375662,0.9666666666666667,0.9666666666666667,recorded,19,17,plus_placement,rf,5314,21499,68d0e5f-dirty
Subject571,30,0.9111111111111111,0.9333333333333333,0.9333333333333333,recorded,19,17,plus_placement,rf,5314,21499,68d0e5f-dirty
Subject580,90,0.9127505827505827,0.9111111111111111,0.9111111111111111,recorded,19,17,plus_placement,rf,5314,21499,68d0e5f-dirty
Subject611,60,0.9661375661375662,0.9666666666666667,0.9666666666666667,recorded,19,17,plus_placement,rf,5314,21499,68d0e5f-dirty
Subject741,60,0.9494708994708995,0.95,0.95,recorded,19,17,plus_placement,rf,5314,21499,68d0e5f-dirty
Subject819,60,0.9661375661375662,0.9666666666666667,0.9666666666666667,recorded,19,17,plus_placement,rf,5314,21499,68d0e5f-dirty
Subject867,60,0.8275132275132275,0.85,0.85,recorded,19,17,plus_placement,rf,5314,21499,68d0e5f-dirty
Subject877,60,1.0,1.0,1.0,recorded,19,17,plus_placement,rf,5314,21499,68d0e5f-dirty
Subject969,30,1.0,1.0,1.0,recorded,19,17,plus_placement,rf,5314,21499,68d0e5f-dirty
Subject354,60,0.6884848484848484,0.7166666666666667,0.7166666666666667,new,20,2,none,rf,682,0,68d0e5f-dirty
Subject516,30,0.6666666666666665,0.7333333333333333,0.7333333333333333,new,20,2,none,rf,682,0,68d0e5f-dirty
Subject561,60,0.5773737373737374,0.6333333333333333,0.6333333333333333,new,20,2,none,rf,682,0,68d0e5f-dirty
Subject571,30,0.7247619047619048,0.7666666666666667,0.7666666666666667,new,20,2,none,rf,682,0,68d0e5f-dirty
Subject580,90,0.7730999501587738,0.788888888888889,0.7888888888888889,new,20,2,none,rf,682,0,68d0e5f-dirty
Subject890,30,0.4311111111111111,0.5333333333333333,0.5333333333333333,new,20,2,none,rf,682,0,68d0e5f-dirty
Subject352,30,0.8044444444444444,0.8333333333333334,0.8333333333333334,recorded,20,2,none,rf,682,0,68d0e5f-dirty
Subject376,60,0.8351515151515152,0.85,0.85,recorded,20,2,none,rf,682,0,68d0e5f-dirty
Subject354,60,0.5858067858067858,0.6666666666666666,0.6666666666666666,new,20,2,tempo_intensity,rf,682,2815,68d0e5f-dirty
Subject516,30,0.5977777777777777,0.6666666666666666,0.6666666666666666,new,20,2,tempo_intensity,rf,682,2815,68d0e5f-dirty
Subject561,60,0.5395959595959596,0.6166666666666667,0.6166666666666667,new,20,2,tempo_intensity,rf,682,2815,68d0e5f-dirty
Subject571,30,0.6158730158730159,0.6666666666666666,0.6666666666666666,new,20,2,tempo_intensity,rf,682,2815,68d0e5f-dirty
Subject580,90,0.7359040134272334,0.7555555555555556,0.7555555555555555,new,20,2,tempo_intensity,rf,682,2815,68d0e5f-dirty
Subject890,30,0.4488888888888889,0.5,0.5,new,20,2,tempo_intensity,rf,682,2815,68d0e5f-dirty
Subject352,30,0.7555555555555554,0.8,0.8,recorded,20,2,tempo_intensity,rf,682,2815,68d0e5f-dirty
Subject376,60,0.8015536315536316,0.8166666666666667,0.8166666666666667,recorded,20,2,tempo_intensity,rf,682,2815,68d0e5f-dirty
Subject354,60,0.6080290080290082,0.6833333333333333,0.6833333333333333,new,20,2,plus_placement,rf,682,2765,68d0e5f-dirty
Subject516,30,0.7047619047619046,0.7666666666666667,0.7666666666666667,new,20,2,plus_placement,rf,682,2765,68d0e5f-dirty
Subject561,60,0.6036748436748436,0.65,0.65,new,20,2,plus_placement,rf,682,2765,68d0e5f-dirty
Subject571,30,0.6526984126984128,0.7,0.7,new,20,2,plus_placement,rf,682,2765,68d0e5f-dirty
Subject580,90,0.7588614653320537,0.7777777777777778,0.7777777777777778,new,20,2,plus_placement,rf,682,2765,68d0e5f-dirty
Subject890,30,0.4733333333333334,0.5333333333333333,0.5333333333333333,new,20,2,plus_placement,rf,682,2765,68d0e5f-dirty
Subject352,30,0.8222222222222222,0.8666666666666667,0.8666666666666667,recorded,20,2,plus_placement,rf,682,2765,68d0e5f-dirty
Subject376,60,0.8461375661375662,0.8666666666666667,0.8666666666666667,recorded,20,2,plus_placement,rf,682,2765,68d0e5f-dirty
Subject354,60,0.7197173197173198,0.75,0.75,new,20,4,none,rf,1399,0,68d0e5f-dirty
Subject516,30,0.6622222222222223,0.7333333333333333,0.7333333333333333,new,20,4,none,rf,1399,0,68d0e5f-dirty
Subject561,60,0.7327176527176528,0.7666666666666667,0.7666666666666667,new,20,4,none,rf,1399,0,68d0e5f-dirty
Subject571,30,0.8711111111111112,0.9,0.9,new,20,4,none,rf,1399,0,68d0e5f-dirty
Subject580,90,0.7310334110334112,0.7444444444444444,0.7444444444444445,new,20,4,none,rf,1399,0,68d0e5f-dirty
Subject890,30,0.6044444444444445,0.6666666666666666,0.6666666666666666,new,20,4,none,rf,1399,0,68d0e5f-dirty
Subject147,31,0.7488888888888889,0.8,0.8064516129032258,recorded,20,4,none,rf,1399,0,68d0e5f-dirty
Subject352,30,0.8044444444444444,0.8333333333333334,0.8333333333333334,recorded,20,4,none,rf,1399,0,68d0e5f-dirty
Subject376,60,0.7921885521885521,0.8166666666666667,0.8166666666666667,recorded,20,4,none,rf,1399,0,68d0e5f-dirty
Subject969,30,0.8057142857142857,0.8333333333333334,0.8333333333333334,recorded,20,4,none,rf,1399,0,68d0e5f-dirty
Subject354,60,0.6686580086580086,0.7166666666666667,0.7166666666666667,new,20,4,tempo_intensity,rf,1399,5638,68d0e5f-dirty
Subject516,30,0.7155555555555556,0.7666666666666667,0.7666666666666667,new,20,4,tempo_intensity,rf,1399,5638,68d0e5f-dirty
Subject561,60,0.7421019721019722,0.7833333333333333,0.7833333333333333,new,20,4,tempo_intensity,rf,1399,5638,68d0e5f-dirty
Subject571,30,0.8114285714285714,0.8333333333333334,0.8333333333333334,new,20,4,tempo_intensity,rf,1399,5638,68d0e5f-dirty
Subject580,90,0.6907388907388908,0.7,0.7,new,20,4,tempo_intensity,rf,1399,5638,68d0e5f-dirty
Subject890,30,0.6022222222222223,0.6666666666666666,0.6666666666666666,new,20,4,tempo_intensity,rf,1399,5638,68d0e5f-dirty
Subject147,31,0.7622222222222222,0.8,0.8064516129032258,recorded,20,4,tempo_intensity,rf,1399,5638,68d0e5f-dirty
Subject352,30,0.7777777777777778,0.8,0.8,recorded,20,4,tempo_intensity,rf,1399,5638,68d0e5f-dirty
Subject376,60,0.7921885521885521,0.8166666666666667,0.8166666666666667,recorded,20,4,tempo_intensity,rf,1399,5638,68d0e5f-dirty
Subject969,30,0.8422222222222222,0.8666666666666667,0.8666666666666667,recorded,20,4,tempo_intensity,rf,1399,5638,68d0e5f-dirty
Subject354,60,0.6669167869167869,0.7166666666666667,0.7166666666666667,new,20,4,plus_placement,rf,1399,5766,68d0e5f-dirty
Subject516,30,0.8136507936507936,0.8333333333333334,0.8333333333333334,new,20,4,plus_placement,rf,1399,5766,68d0e5f-dirty
Subject561,60,0.7513756613756614,0.7833333333333333,0.7833333333333333,new,20,4,plus_placement,rf,1399,5766,68d0e5f-dirty
Subject571,30,0.846984126984127,0.8666666666666667,0.8666666666666667,new,20,4,plus_placement,rf,1399,5766,68d0e5f-dirty
Subject580,90,0.7506301106301106,0.7555555555555554,0.7555555555555555,new,20,4,plus_placement,rf,1399,5766,68d0e5f-dirty
Subject890,30,0.6692063492063492,0.7333333333333333,0.7333333333333333,new,20,4,plus_placement,rf,1399,5766,68d0e5f-dirty
Subject147,31,0.8044444444444445,0.8333333333333334,0.8387096774193549,recorded,20,4,plus_placement,rf,1399,5766,68d0e5f-dirty
Subject352,30,0.8755555555555555,0.9,0.9,recorded,20,4,plus_placement,rf,1399,5766,68d0e5f-dirty
Subject376,60,0.8275132275132275,0.85,0.85,recorded,20,4,plus_placement,rf,1399,5766,68d0e5f-dirty
Subject969,30,0.8977777777777778,0.9,0.9,recorded,20,4,plus_placement,rf,1399,5766,68d0e5f-dirty
Subject354,60,0.8605820105820107,0.8833333333333333,0.8833333333333333,new,20,8,none,rf,2628,0,68d0e5f-dirty
Subject516,30,0.7803174603174603,0.8,0.8,new,20,8,none,rf,2628,0,68d0e5f-dirty
Subject561,60,0.8061242461242462,0.8333333333333334,0.8333333333333334,new,20,8,none,rf,2628,0,68d0e5f-dirty
Subject571,30,0.8755555555555555,0.9,0.9,new,20,8,none,rf,2628,0,68d0e5f-dirty
Subject580,90,0.8092218892218892,0.8111111111111111,0.8111111111111111,new,20,8,none,rf,2628,0,68d0e5f-dirty
Subject890,30,0.8222222222222222,0.8666666666666667,0.8666666666666667,new,20,8,none,rf,2628,0,68d0e5f-dirty
Subject147,31,0.9644444444444444,0.9666666666666667,0.967741935483871,recorded,20,8,none,rf,2628,0,68d0e5f-dirty
Subject226,30,0.8380952380952381,0.8666666666666667,0.8666666666666667,recorded,20,8,none,rf,2628,0,68d0e5f-dirty
Subject352,30,0.8044444444444444,0.8333333333333334,0.8333333333333334,recorded,20,8,none,rf,2628,0,68d0e5f-dirty
Subject376,60,0.8294372294372294,0.85,0.85,recorded,20,8,none,rf,2628,0,68d0e5f-dirty
Subject494,60,0.9418181818181818,0.95,0.95,recorded,20,8,none,rf,2628,0,68d0e5f-dirty
Subject731,30,0.8333333333333334,0.8666666666666667,0.8666666666666667,recorded,20,8,none,rf,2628,0,68d0e5f-dirty
Subject819,60,0.8656084656084656,0.8833333333333333,0.8833333333333333,recorded,20,8,none,rf,2628,0,68d0e5f-dirty
Subject969,30,0.8333333333333334,0.8666666666666667,0.8666666666666667,recorded,20,8,none,rf,2628,0,68d0e5f-dirty
Subject354,60,0.7935449735449736,0.8166666666666667,0.8166666666666667,new,20,8,tempo_intensity,rf,2628,10750,68d0e5f-dirty
Subject516,30,0.7403174603174603,0.7666666666666667,0.7666666666666667,new,20,8,tempo_intensity,rf,2628,10750,68d0e5f-dirty
Subject561,60,0.852929292929293,0.8833333333333333,0.8833333333333333,new,20,8,tempo_intensity,rf,2628,10750,68d0e5f-dirty
Subject571,30,0.8444444444444444,0.8666666666666667,0.8666666666666667,new,20,8,tempo_intensity,rf,2628,10750,68d0e5f-dirty
Subject580,90,0.76941881647764,0.7777777777777779,0.7777777777777778,new,20,8,tempo_intensity,rf,2628,10750,68d0e5f-dirty
Subject890,30,0.8222222222222222,0.8666666666666667,0.8666666666666667,new,20,8,tempo_intensity,rf,2628,10750,68d0e5f-dirty
Subject147,31,0.9644444444444444,0.9666666666666667,0.967741935483871,recorded,20,8,tempo_intensity,rf,2628,10750,68d0e5f-dirty
Subject226,30,0.8977777777777777,0.9,0.9,recorded,20,8,tempo_intensity,rf,2628,10750,68d0e5f-dirty
Subject352,30,0.8044444444444444,0.8333333333333334,0.8333333333333334,recorded,20,8,tempo_intensity,rf,2628,10750,68d0e5f-dirty
Subject376,60,0.813987493987494,0.8333333333333334,0.8333333333333334,recorded,20,8,tempo_intensity,rf,2628,10750,68d0e5f-dirty
Subject494,60,0.9418181818181818,0.95,0.95,recorded,20,8,tempo_intensity,rf,2628,10750,68d0e5f-dirty
Subject731,30,0.8333333333333334,0.8666666666666667,0.8666666666666667,recorded,20,8,tempo_intensity,rf,2628,10750,68d0e5f-dirty
Subject819,60,0.8656084656084656,0.8833333333333333,0.8833333333333333,recorded,20,8,tempo_intensity,rf,2628,10750,68d0e5f-dirty
Subject969,30,0.9111111111111111,0.9333333333333333,0.9333333333333333,recorded,20,8,tempo_intensity,rf,2628,10750,68d0e5f-dirty
Subject354,60,0.8573544973544975,0.8666666666666667,0.8666666666666667,new,20,8,plus_placement,rf,2628,10629,68d0e5f-dirty
Subject516,30,0.7844444444444444,0.8,0.8,new,20,8,plus_placement,rf,2628,10629,68d0e5f-dirty
Subject561,60,0.8205098605098605,0.85,0.85,new,20,8,plus_placement,rf,2628,10629,68d0e5f-dirty
Subject571,30,0.7822222222222223,0.8333333333333334,0.8333333333333334,new,20,8,plus_placement,rf,2628,10629,68d0e5f-dirty
Subject580,90,0.7595865245865246,0.7666666666666668,0.7666666666666667,new,20,8,plus_placement,rf,2628,10629,68d0e5f-dirty
Subject890,30,0.7911111111111111,0.8333333333333334,0.8333333333333334,new,20,8,plus_placement,rf,2628,10629,68d0e5f-dirty
Subject147,31,0.9644444444444444,0.9666666666666667,0.967741935483871,recorded,20,8,plus_placement,rf,2628,10629,68d0e5f-dirty
Subject226,30,0.8777777777777778,0.9,0.9,recorded,20,8,plus_placement,rf,2628,10629,68d0e5f-dirty
Subject352,30,0.8755555555555555,0.9,0.9,recorded,20,8,plus_placement,rf,2628,10629,68d0e5f-dirty
Subject376,60,0.8275132275132276,0.85,0.85,recorded,20,8,plus_placement,rf,2628,10629,68d0e5f-dirty
Subject494,60,0.9418181818181818,0.95,0.95,recorded,20,8,plus_placement,rf,2628,10629,68d0e5f-dirty
Subject731,30,0.9333333333333332,0.9333333333333333,0.9333333333333333,recorded,20,8,plus_placement,rf,2628,10629,68d0e5f-dirty
Subject819,60,0.8812372812372813,0.9,0.9,recorded,20,8,plus_placement,rf,2628,10629,68d0e5f-dirty
Subject969,30,0.9644444444444444,0.9666666666666667,0.9666666666666667,recorded,20,8,plus_placement,rf,2628,10629,68d0e5f-dirty
Subject354,60,0.9661375661375662,0.9666666666666667,0.9666666666666667,new,20,17,none,rf,5231,0,68d0e5f-dirty
Subject516,30,0.8622222222222221,0.8666666666666667,0.8666666666666667,new,20,17,none,rf,5231,0,68d0e5f-dirty
Subject561,60,0.7510977910977911,0.8,0.8,new,20,17,none,rf,5231,0,68d0e5f-dirty
Subject571,30,0.8333333333333334,0.8666666666666667,0.8666666666666667,new,20,17,none,rf,5231,0,68d0e5f-dirty
Subject580,90,0.9232556332556333,0.9222222222222223,0.9222222222222223,new,20,17,none,rf,5231,0,68d0e5f-dirty
Subject890,30,0.7834920634920635,0.8,0.8,new,20,17,none,rf,5231,0,68d0e5f-dirty
Subject139,60,0.9661375661375663,0.9666666666666667,0.9666666666666667,recorded,20,17,none,rf,5231,0,68d0e5f-dirty
Subject147,31,0.9644444444444444,0.9666666666666667,0.967741935483871,recorded,20,17,none,rf,5231,0,68d0e5f-dirty
Subject226,30,0.8977777777777777,0.9,0.9,recorded,20,17,none,rf,5231,0,68d0e5f-dirty
Subject352,30,0.8755555555555555,0.9,0.9,recorded,20,17,none,rf,5231,0,68d0e5f-dirty
Subject353,60,0.8434054834054834,0.8666666666666667,0.8666666666666667,recorded,20,17,none,rf,5231,0,68d0e5f-dirty
Subject376,60,0.8582202982202981,0.8666666666666667,0.8666666666666667,recorded,20,17,none,rf,5231,0,68d0e5f-dirty
Subject424,60,0.8074266474266475,0.8333333333333334,0.8333333333333334,recorded,20,17,none,rf,5231,0,68d0e5f-dirty
Subject455,60,0.9830687830687831,0.9833333333333333,0.9833333333333333,recorded,20,17,none,rf,5231,0,68d0e5f-dirty
Subject494,60,0.9082202982202983,0.9166666666666666,0.9166666666666666,recorded,20,17,none,rf,5231,0,68d0e5f-dirty
Subject611,60,0.8484848484848485,0.8833333333333333,0.8833333333333333,recorded,20,17,none,rf,5231,0,68d0e5f-dirty
Subject729,60,1.0,1.0,1.0,recorded,20,17,none,rf,5231,0,68d0e5f-dirty
Subject731,30,0.9644444444444444,0.9666666666666667,0.9666666666666667,recorded,20,17,none,rf,5231,0,68d0e5f-dirty
Subject741,60,0.9666666666666667,0.9666666666666667,0.9666666666666667,recorded,20,17,none,rf,5231,0,68d0e5f-dirty
Subject819,60,0.8656084656084656,0.8833333333333333,0.8833333333333333,recorded,20,17,none,rf,5231,0,68d0e5f-dirty
Subject867,60,0.9311111111111111,0.9333333333333333,0.9333333333333333,recorded,20,17,none,rf,5231,0,68d0e5f-dirty
Subject877,60,0.9830687830687831,0.9833333333333333,0.9833333333333333,recorded,20,17,none,rf,5231,0,68d0e5f-dirty
Subject969,30,0.8333333333333334,0.8666666666666667,0.8666666666666667,recorded,20,17,none,rf,5231,0,68d0e5f-dirty
Subject354,60,0.9148148148148147,0.9166666666666666,0.9166666666666666,new,20,17,tempo_intensity,rf,5231,21146,68d0e5f-dirty
Subject516,30,0.8666666666666666,0.8666666666666667,0.8666666666666667,new,20,17,tempo_intensity,rf,5231,21146,68d0e5f-dirty
Subject561,60,0.8085233285233286,0.8333333333333334,0.8333333333333334,new,20,17,tempo_intensity,rf,5231,21146,68d0e5f-dirty
Subject571,30,0.8825396825396825,0.9,0.9,new,20,17,tempo_intensity,rf,5231,21146,68d0e5f-dirty
Subject580,90,0.8555205905205906,0.8555555555555556,0.8555555555555555,new,20,17,tempo_intensity,rf,5231,21146,68d0e5f-dirty
Subject890,30,0.7977777777777778,0.8333333333333334,0.8333333333333334,new,20,17,tempo_intensity,rf,5231,21146,68d0e5f-dirty
Subject139,60,0.9291005291005291,0.9333333333333333,0.9333333333333333,recorded,20,17,tempo_intensity,rf,5231,21146,68d0e5f-dirty
Subject147,31,0.9644444444444444,0.9666666666666667,0.967741935483871,recorded,20,17,tempo_intensity,rf,5231,21146,68d0e5f-dirty
Subject226,30,0.9333333333333332,0.9333333333333333,0.9333333333333333,recorded,20,17,tempo_intensity,rf,5231,21146,68d0e5f-dirty
Subject352,30,0.8755555555555555,0.9,0.9,recorded,20,17,tempo_intensity,rf,5231,21146,68d0e5f-dirty
Subject353,60,0.8576911976911977,0.8666666666666667,0.8666666666666667,recorded,20,17,tempo_intensity,rf,5231,21146,68d0e5f-dirty
Subject376,60,0.8926984126984128,0.9,0.9,recorded,20,17,tempo_intensity,rf,5231,21146,68d0e5f-dirty
Subject424,60,0.8090872090872092,0.8333333333333334,0.8333333333333334,recorded,20,17,tempo_intensity,rf,5231,21146,68d0e5f-dirty
Subject455,60,1.0,1.0,1.0,recorded,20,17,tempo_intensity,rf,5231,21146,68d0e5f-dirty
Subject494,60,0.9248869648869648,0.9333333333333333,0.9333333333333333,recorded,20,17,tempo_intensity,rf,5231,21146,68d0e5f-dirty
Subject611,60,0.9288888888888888,0.9333333333333333,0.9333333333333333,recorded,20,17,tempo_intensity,rf,5231,21146,68d0e5f-dirty
Subject729,60,1.0,1.0,1.0,recorded,20,17,tempo_intensity,rf,5231,21146,68d0e5f-dirty
Subject731,30,0.9644444444444444,0.9666666666666667,0.9666666666666667,recorded,20,17,tempo_intensity,rf,5231,21146,68d0e5f-dirty
Subject741,60,0.9497354497354498,0.95,0.95,recorded,20,17,tempo_intensity,rf,5231,21146,68d0e5f-dirty
Subject819,60,0.8656084656084656,0.8833333333333333,0.8833333333333333,recorded,20,17,tempo_intensity,rf,5231,21146,68d0e5f-dirty
Subject867,60,0.9311111111111111,0.9333333333333333,0.9333333333333333,recorded,20,17,tempo_intensity,rf,5231,21146,68d0e5f-dirty
Subject877,60,0.9830687830687831,0.9833333333333333,0.9833333333333333,recorded,20,17,tempo_intensity,rf,5231,21146,68d0e5f-dirty
Subject969,30,0.8380952380952381,0.8666666666666667,0.8666666666666667,recorded,20,17,tempo_intensity,rf,5231,21146,68d0e5f-dirty
Subject354,60,0.9475132275132274,0.95,0.95,new,20,17,plus_placement,rf,5231,21137,68d0e5f-dirty
Subject516,30,0.8755555555555555,0.9,0.9,new,20,17,plus_placement,rf,5231,21137,68d0e5f-dirty
Subject561,60,0.7947474747474748,0.8333333333333334,0.8333333333333334,new,20,17,plus_placement,rf,5231,21137,68d0e5f-dirty
Subject571,30,0.8825396825396825,0.9,0.9,new,20,17,plus_placement,rf,5231,21137,68d0e5f-dirty
Subject580,90,0.9238328338328337,0.9222222222222223,0.9222222222222223,new,20,17,plus_placement,rf,5231,21137,68d0e5f-dirty
Subject890,30,0.8977777777777778,0.9,0.9,new,20,17,plus_placement,rf,5231,21137,68d0e5f-dirty
Subject139,60,1.0,1.0,1.0,recorded,20,17,plus_placement,rf,5231,21137,68d0e5f-dirty
Subject147,31,0.9644444444444444,0.9666666666666667,0.967741935483871,recorded,20,17,plus_placement,rf,5231,21137,68d0e5f-dirty
Subject226,30,0.9288888888888889,0.9333333333333333,0.9333333333333333,recorded,20,17,plus_placement,rf,5231,21137,68d0e5f-dirty
Subject352,30,0.9111111111111111,0.9333333333333333,0.9333333333333333,recorded,20,17,plus_placement,rf,5231,21137,68d0e5f-dirty
Subject353,60,0.8355940355940356,0.8666666666666667,0.8666666666666667,recorded,20,17,plus_placement,rf,5231,21137,68d0e5f-dirty
Subject376,60,0.8541798941798942,0.8666666666666667,0.8666666666666667,recorded,20,17,plus_placement,rf,5231,21137,68d0e5f-dirty
Subject424,60,0.8074266474266475,0.8333333333333334,0.8333333333333334,recorded,20,17,plus_placement,rf,5231,21137,68d0e5f-dirty
Subject455,60,1.0,1.0,1.0,recorded,20,17,plus_placement,rf,5231,21137,68d0e5f-dirty
Subject494,60,0.9248869648869648,0.9333333333333333,0.9333333333333333,recorded,20,17,plus_placement,rf,5231,21137,68d0e5f-dirty
Subject611,60,0.8897354497354498,0.9166666666666666,0.9166666666666666,recorded,20,17,plus_placement,rf,5231,21137,68d0e5f-dirty
Subject729,60,1.0,1.0,1.0,recorded,20,17,plus_placement,rf,5231,21137,68d0e5f-dirty
Subject731,30,0.9644444444444444,0.9666666666666667,0.9666666666666667,recorded,20,17,plus_placement,rf,5231,21137,68d0e5f-dirty
Subject741,60,0.9666666666666667,0.9666666666666667,0.9666666666666667,recorded,20,17,plus_placement,rf,5231,21137,68d0e5f-dirty
Subject819,60,0.8941798941798942,0.9166666666666666,0.9166666666666666,recorded,20,17,plus_placement,rf,5231,21137,68d0e5f-dirty
Subject867,60,0.9311111111111111,0.9333333333333333,0.9333333333333333,recorded,20,17,plus_placement,rf,5231,21137,68d0e5f-dirty
Subject877,60,1.0,1.0,1.0,recorded,20,17,plus_placement,rf,5231,21137,68d0e5f-dirty
Subject969,30,0.8888888888888888,0.9,0.9,recorded,20,17,plus_placement,rf,5231,21137,68d0e5f-dirty
Subject376,60,0.6000721500721501,0.65,0.65,new,21,2,none,rf,579,0,68d0e5f-dirty
Subject494,60,0.4345414933650228,0.5,0.5,new,21,2,none,rf,579,0,68d0e5f-dirty
Subject611,60,0.6870033670033671,0.7333333333333333,0.7333333333333333,new,21,2,none,rf,579,0,68d0e5f-dirty
Subject741,60,0.5607692307692307,0.6,0.6,new,21,2,none,rf,579,0,68d0e5f-dirty
Subject819,60,0.730991970991971,0.7833333333333333,0.7833333333333333,new,21,2,none,rf,579,0,68d0e5f-dirty
Subject969,30,0.526984126984127,0.6,0.6,new,21,2,none,rf,579,0,68d0e5f-dirty
Subject226,30,0.8777777777777778,0.9,0.9,recorded,21,2,none,rf,579,0,68d0e5f-dirty
Subject516,30,0.9288888888888889,0.9333333333333333,0.9333333333333333,recorded,21,2,none,rf,579,0,68d0e5f-dirty
Subject376,60,0.6105954279638491,0.6666666666666666,0.6666666666666666,new,21,2,tempo_intensity,rf,579,2333,68d0e5f-dirty
Subject494,60,0.42701703754335335,0.5,0.5,new,21,2,tempo_intensity,rf,579,2333,68d0e5f-dirty
Subject611,60,0.6993650793650794,0.7333333333333333,0.7333333333333333,new,21,2,tempo_intensity,rf,579,2333,68d0e5f-dirty
Subject741,60,0.5504617604617604,0.6,0.6,new,21,2,tempo_intensity,rf,579,2333,68d0e5f-dirty
Subject819,60,0.6625925925925925,0.7,0.7,new,21,2,tempo_intensity,rf,579,2333,68d0e5f-dirty
Subject969,30,0.5577777777777778,0.6333333333333333,0.6333333333333333,new,21,2,tempo_intensity,rf,579,2333,68d0e5f-dirty
Subject226,30,0.8777777777777778,0.9,0.9,recorded,21,2,tempo_intensity,rf,579,2333,68d0e5f-dirty
Subject516,30,0.9644444444444444,0.9666666666666667,0.9666666666666667,recorded,21,2,tempo_intensity,rf,579,2333,68d0e5f-dirty
Subject376,60,0.6218518518518519,0.6666666666666666,0.6666666666666666,new,21,2,plus_placement,rf,579,2358,68d0e5f-dirty
Subject494,60,0.4369590643274854,0.5333333333333333,0.5333333333333333,new,21,2,plus_placement,rf,579,2358,68d0e5f-dirty
Subject611,60,0.7373544973544973,0.7666666666666667,0.7666666666666667,new,21,2,plus_placement,rf,579,2358,68d0e5f-dirty
Subject741,60,0.5952380952380952,0.6333333333333333,0.6333333333333333,new,21,2,plus_placement,rf,579,2358,68d0e5f-dirty
Subject819,60,0.7363684463684464,0.7833333333333333,0.7833333333333333,new,21,2,plus_placement,rf,579,2358,68d0e5f-dirty
Subject969,30,0.5822222222222222,0.6333333333333333,0.6333333333333333,new,21,2,plus_placement,rf,579,2358,68d0e5f-dirty
Subject226,30,0.8777777777777778,0.9,0.9,recorded,21,2,plus_placement,rf,579,2358,68d0e5f-dirty
Subject516,30,0.9644444444444444,0.9666666666666667,0.9666666666666667,recorded,21,2,plus_placement,rf,579,2358,68d0e5f-dirty
Subject376,60,0.6591812865497076,0.7166666666666667,0.7166666666666667,new,21,4,none,rf,1232,0,68d0e5f-dirty
Subject494,60,0.31671080553433495,0.4,0.4,new,21,4,none,rf,1232,0,68d0e5f-dirty
Subject611,60,0.8596825396825397,0.8833333333333333,0.8833333333333333,new,21,4,none,rf,1232,0,68d0e5f-dirty
Subject741,60,0.5841125541125541,0.65,0.65,new,21,4,none,rf,1232,0,68d0e5f-dirty
Subject819,60,0.6862626262626262,0.75,0.75,new,21,4,none,rf,1232,0,68d0e5f-dirty
Subject969,30,0.6377777777777778,0.6666666666666666,0.6666666666666666,new,21,4,none,rf,1232,0,68d0e5f-dirty
Subject226,30,0.8422222222222222,0.8666666666666667,0.8666666666666667,recorded,21,4,none,rf,1232,0,68d0e5f-dirty
Subject516,30,0.9644444444444444,0.9666666666666667,0.9666666666666667,recorded,21,4,none,rf,1232,0,68d0e5f-dirty
Subject561,60,0.9062626262626262,0.9166666666666666,0.9166666666666666,recorded,21,4,none,rf,1232,0,68d0e5f-dirty
Subject877,60,0.9661375661375662,0.9666666666666667,0.9666666666666667,recorded,21,4,none,rf,1232,0,68d0e5f-dirty
Subject376,60,0.6677441077441078,0.7333333333333333,0.7333333333333333,new,21,4,tempo_intensity,rf,1232,4983,68d0e5f-dirty
Subject494,60,0.35992202729044837,0.45,0.45,new,21,4,tempo_intensity,rf,1232,4983,68d0e5f-dirty
Subject611,60,0.8427513227513227,0.8666666666666667,0.8666666666666667,new,21,4,tempo_intensity,rf,1232,4983,68d0e5f-dirty
Subject741,60,0.5578499278499278,0.6333333333333333,0.6333333333333333,new,21,4,tempo_intensity,rf,1232,4983,68d0e5f-dirty
Subject819,60,0.6743915343915344,0.7333333333333333,0.7333333333333333,new,21,4,tempo_intensity,rf,1232,4983,68d0e5f-dirty
Subject969,30,0.6999999999999998,0.7,0.7,new,21,4,tempo_intensity,rf,1232,4983,68d0e5f-dirty
Subject226,30,0.8422222222222222,0.8666666666666667,0.8666666666666667,recorded,21,4,tempo_intensity,rf,1232,4983,68d0e5f-dirty
Subject516,30,0.9111111111111111,0.9333333333333333,0.9333333333333333,recorded,21,4,tempo_intensity,rf,1232,4983,68d0e5f-dirty
Subject561,60,1.0,1.0,1.0,recorded,21,4,tempo_intensity,rf,1232,4983,68d0e5f-dirty
Subject877,60,0.9305820105820106,0.9333333333333333,0.9333333333333333,recorded,21,4,tempo_intensity,rf,1232,4983,68d0e5f-dirty
Subject376,60,0.6499220272904483,0.7166666666666667,0.7166666666666667,new,21,4,plus_placement,rf,1232,5048,68d0e5f-dirty
Subject494,60,0.37013071895424837,0.4166666666666667,0.4166666666666667,new,21,4,plus_placement,rf,1232,5048,68d0e5f-dirty
Subject611,60,0.8422222222222222,0.8666666666666667,0.8666666666666667,new,21,4,plus_placement,rf,1232,5048,68d0e5f-dirty
Subject741,60,0.6484126984126984,0.6833333333333333,0.6833333333333333,new,21,4,plus_placement,rf,1232,5048,68d0e5f-dirty
Subject819,60,0.6480808080808079,0.7166666666666667,0.7166666666666667,new,21,4,plus_placement,rf,1232,5048,68d0e5f-dirty
Subject969,30,0.7511111111111111,0.7666666666666667,0.7666666666666667,new,21,4,plus_placement,rf,1232,5048,68d0e5f-dirty
Subject226,30,0.8422222222222222,0.8666666666666667,0.8666666666666667,recorded,21,4,plus_placement,rf,1232,5048,68d0e5f-dirty
Subject516,30,0.9644444444444444,0.9666666666666667,0.9666666666666667,recorded,21,4,plus_placement,rf,1232,5048,68d0e5f-dirty
Subject561,60,0.9830687830687831,0.9833333333333333,0.9833333333333333,recorded,21,4,plus_placement,rf,1232,5048,68d0e5f-dirty
Subject877,60,0.9661375661375662,0.9666666666666667,0.9666666666666667,recorded,21,4,plus_placement,rf,1232,5048,68d0e5f-dirty
Subject376,60,0.8128245828245828,0.8166666666666667,0.8166666666666667,new,21,8,none,rf,2483,0,68d0e5f-dirty
Subject494,60,0.4132938406622617,0.5,0.5,new,21,8,none,rf,2483,0,68d0e5f-dirty
Subject611,60,0.9305820105820106,0.9333333333333333,0.9333333333333333,new,21,8,none,rf,2483,0,68d0e5f-dirty
Subject741,60,0.6759259259259259,0.7166666666666667,0.7166666666666667,new,21,8,none,rf,2483,0,68d0e5f-dirty
Subject819,60,0.8374410774410774,0.8666666666666667,0.8666666666666667,new,21,8,none,rf,2483,0,68d0e5f-dirty
Subject969,30,0.7999999999999999,0.8333333333333334,0.8333333333333334,new,21,8,none,rf,2483,0,68d0e5f-dirty
Subject226,30,0.8422222222222222,0.8666666666666667,0.8666666666666667,recorded,21,8,none,rf,2483,0,68d0e5f-dirty
Subject352,30,0.9111111111111111,0.9333333333333333,0.9333333333333333,recorded,21,8,none,rf,2483,0,68d0e5f-dirty
Subject353,60,0.8601250601250602,0.8666666666666667,0.8666666666666667,recorded,21,8,none,rf,2483,0,68d0e5f-dirty
Subject424,60,0.7344107744107744,0.7833333333333333,0.7833333333333333,recorded,21,8,none,rf,2483,0,68d0e5f-dirty
Subject455,60,0.9661375661375663,0.9666666666666667,0.9666666666666667,recorded,21,8,none,rf,2483,0,68d0e5f-dirty
Subject516,30,0.9644444444444444,0.9666666666666667,0.9666666666666667,recorded,21,8,none,rf,2483,0,68d0e5f-dirty
Subject561,60,0.9079557479557481,0.9166666666666666,0.9166666666666666,recorded,21,8,none,rf,2483,0,68d0e5f-dirty
Subject877,60,0.8772486772486771,0.9,0.9,recorded,21,8,none,rf,2483,0,68d0e5f-dirty
Subject376,60,0.7406685906685906,0.7666666666666667,0.7666666666666667,new,21,8,tempo_intensity,rf,2483,10156,68d0e5f-dirty
Subject494,60,0.4380055456526044,0.5333333333333333,0.5333333333333333,new,21,8,tempo_intensity,rf,2483,10156,68d0e5f-dirty
Subject611,60,0.8586243386243385,0.8833333333333333,0.8833333333333333,new,21,8,tempo_intensity,rf,2483,10156,68d0e5f-dirty
Subject741,60,0.6759259259259259,0.7166666666666667,0.7166666666666667,new,21,8,tempo_intensity,rf,2483,10156,68d0e5f-dirty
Subject819,60,0.7778162578162578,0.8,0.8,new,21,8,tempo_intensity,rf,2483,10156,68d0e5f-dirty
Subject969,30,0.7007407407407408,0.7333333333333333,0.7333333333333333,new,21,8,tempo_intensity,rf,2483,10156,68d0e5f-dirty
Subject226,30,0.8422222222222222,0.8666666666666667,0.8666666666666667,recorded,21,8,tempo_intensity,rf,2483,10156,68d0e5f-dirty
Subject352,30,0.9111111111111111,0.9333333333333333,0.9333333333333333,recorded,21,8,tempo_intensity,rf,2483,10156,68d0e5f-dirty
Subject353,60,0.8453102453102452,0.85,0.85,recorded,21,8,tempo_intensity,rf,2483,10156,68d0e5f-dirty
Subject424,60,0.7344107744107744,0.7833333333333333,0.7833333333333333,recorded,21,8,tempo_intensity,rf,2483,10156,68d0e5f-dirty
Subject455,60,0.9830687830687831,0.9833333333333333,0.9833333333333333,recorded,21,8,tempo_intensity,rf,2483,10156,68d0e5f-dirty
Subject516,30,0.8825396825396825,0.9,0.9,recorded,21,8,tempo_intensity,rf,2483,10156,68d0e5f-dirty
Subject561,60,0.9830687830687831,0.9833333333333333,0.9833333333333333,recorded,21,8,tempo_intensity,rf,2483,10156,68d0e5f-dirty
Subject877,60,0.8724001924001923,0.8833333333333333,0.8833333333333333,recorded,21,8,tempo_intensity,rf,2483,10156,68d0e5f-dirty
Subject376,60,0.7732275132275134,0.7833333333333333,0.7833333333333333,new,21,8,plus_placement,rf,2483,10010,68d0e5f-dirty
Subject494,60,0.37951659451659453,0.43333333333333335,0.43333333333333335,new,21,8,plus_placement,rf,2483,10010,68d0e5f-dirty
Subject611,60,0.8586243386243385,0.8833333333333333,0.8833333333333333,new,21,8,plus_placement,rf,2483,10010,68d0e5f-dirty
Subject741,60,0.7434920634920634,0.7666666666666667,0.7666666666666667,new,21,8,plus_placement,rf,2483,10010,68d0e5f-dirty
Subject819,60,0.7173892773892774,0.75,0.75,new,21,8,plus_placement,rf,2483,10010,68d0e5f-dirty
Subject969,30,0.8999999999999999,0.9,0.9,new,21,8,plus_placement,rf,2483,10010,68d0e5f-dirty
Subject226,30,0.8777777777777778,0.9,0.9,recorded,21,8,plus_placement,rf,2483,10010,68d0e5f-dirty
Subject352,30,0.9111111111111111,0.9333333333333333,0.9333333333333333,recorded,21,8,plus_placement,rf,2483,10010,68d0e5f-dirty
Subject353,60,0.8764213564213565,0.8833333333333333,0.8833333333333333,recorded,21,8,plus_placement,rf,2483,10010,68d0e5f-dirty
Subject424,60,0.7530351130351131,0.8,0.8,recorded,21,8,plus_placement,rf,2483,10010,68d0e5f-dirty
Subject455,60,0.9830687830687831,0.9833333333333333,0.9833333333333333,recorded,21,8,plus_placement,rf,2483,10010,68d0e5f-dirty
Subject516,30,0.9644444444444444,0.9666666666666667,0.9666666666666667,recorded,21,8,plus_placement,rf,2483,10010,68d0e5f-dirty
Subject561,60,1.0,1.0,1.0,recorded,21,8,plus_placement,rf,2483,10010,68d0e5f-dirty
Subject877,60,0.9830687830687831,0.9833333333333333,0.9833333333333333,recorded,21,8,plus_placement,rf,2483,10010,68d0e5f-dirty
Subject376,60,0.8828042328042328,0.8833333333333333,0.8833333333333333,new,21,17,none,rf,5213,0,68d0e5f-dirty
Subject494,60,0.5326984126984127,0.6,0.6,new,21,17,none,rf,5213,0,68d0e5f-dirty
Subject611,60,0.9333333333333332,0.9333333333333333,0.9333333333333333,new,21,17,none,rf,5213,0,68d0e5f-dirty
Subject741,60,0.8377441077441078,0.85,0.85,new,21,17,none,rf,5213,0,68d0e5f-dirty
Subject819,60,0.924886964886965,0.9333333333333333,0.9333333333333333,new,21,17,none,rf,5213,0,68d0e5f-dirty
Subject969,30,0.8825396825396825,0.9,0.9,new,21,17,none,rf,5213,0,68d0e5f-dirty
Subject139,60,0.9305820105820106,0.9333333333333333,0.9333333333333333,recorded,21,17,none,rf,5213,0,68d0e5f-dirty
Subject147,31,0.9644444444444444,0.9666666666666667,0.967741935483871,recorded,21,17,none,rf,5213,0,68d0e5f-dirty
Subject226,30,0.8422222222222222,0.8666666666666667,0.8666666666666667,recorded,21,17,none,rf,5213,0,68d0e5f-dirty
Subject352,30,0.9111111111111111,0.9333333333333333,0.9333333333333333,recorded,21,17,none,rf,5213,0,68d0e5f-dirty
Subject353,60,0.875998075998076,0.8833333333333333,0.8833333333333333,recorded,21,17,none,rf,5213,0,68d0e5f-dirty
Subject354,60,0.9475132275132275,0.95,0.95,recorded,21,17,none,rf,5213,0,68d0e5f-dirty
Subject424,60,0.7248869648869649,0.7666666666666667,0.7666666666666667,recorded,21,17,none,rf,5213,0,68d0e5f-dirty
Subject455,60,0.9494708994708995,0.95,0.95,recorded,21,17,none,rf,5213,0,68d0e5f-dirty
Subject516,30,0.9333333333333332,0.9333333333333333,0.9333333333333333,recorded,21,17,none,rf,5213,0,68d0e5f-dirty
Subject561,60,0.9062626262626262,0.9166666666666666,0.9166666666666666,recorded,21,17,none,rf,5213,0,68d0e5f-dirty
Subject571,30,0.9644444444444444,0.9666666666666667,0.9666666666666667,recorded,21,17,none,rf,5213,0,68d0e5f-dirty
Subject580,90,0.8258741258741258,0.8333333333333334,0.8333333333333334,recorded,21,17,none,rf,5213,0,68d0e5f-dirty
Subject729,60,0.9661375661375662,0.9666666666666667,0.9666666666666667,recorded,21,17,none,rf,5213,0,68d0e5f-dirty
Subject731,30,0.9644444444444444,0.9666666666666667,0.9666666666666667,recorded,21,17,none,rf,5213,0,68d0e5f-dirty
Subject867,60,0.8918181818181818,0.9,0.9,recorded,21,17,none,rf,5213,0,68d0e5f-dirty
Subject877,60,0.9830687830687831,0.9833333333333333,0.9833333333333333,recorded,21,17,none,rf,5213,0,68d0e5f-dirty
Subject890,30,0.9311111111111111,0.9333333333333333,0.9333333333333333,recorded,21,17,none,rf,5213,0,68d0e5f-dirty
Subject376,60,0.9016402116402116,0.9,0.9,new,21,17,tempo_intensity,rf,5213,21218,68d0e5f-dirty
Subject494,60,0.44036565773407876,0.5166666666666667,0.5166666666666667,new,21,17,tempo_intensity,rf,5213,21218,68d0e5f-dirty
Subject611,60,0.9644444444444444,0.9666666666666667,0.9666666666666667,new,21,17,tempo_intensity,rf,5213,21218,68d0e5f-dirty
Subject741,60,0.8430687830687832,0.85,0.85,new,21,17,tempo_intensity,rf,5213,21218,68d0e5f-dirty
Subject819,60,0.8786916786916787,0.9,0.9,new,21,17,tempo_intensity,rf,5213,21218,68d0e5f-dirty
Subject969,30,0.8333333333333334,0.8666666666666667,0.8666666666666667,new,21,17,tempo_intensity,rf,5213,21218,68d0e5f-dirty
Subject139,60,0.9316402116402117,0.9333333333333333,0.9333333333333333,recorded,21,17,tempo_intensity,rf,5213,21218,68d0e5f-dirty
Subject147,31,0.9644444444444444,0.9666666666666667,0.967741935483871,recorded,21,17,tempo_intensity,rf,5213,21218,68d0e5f-dirty
Subject226,30,0.8422222222222222,0.8666666666666667,0.8666666666666667,recorded,21,17,tempo_intensity,rf,5213,21218,68d0e5f-dirty
Subject352,30,0.9111111111111111,0.9333333333333333,0.9333333333333333,recorded,21,17,tempo_intensity,rf,5213,21218,68d0e5f-dirty
Subject353,60,0.8467532467532466,0.85,0.85,recorded,21,17,tempo_intensity,rf,5213,21218,68d0e5f-dirty
Subject354,60,0.9644444444444444,0.9666666666666667,0.9666666666666667,recorded,21,17,tempo_intensity,rf,5213,21218,68d0e5f-dirty
Subject424,60,0.79007215007215,0.8166666666666667,0.8166666666666667,recorded,21,17,tempo_intensity,rf,5213,21218,68d0e5f-dirty
Subject455,60,0.9664021164021165,0.9666666666666667,0.9666666666666667,recorded,21,17,tempo_intensity,rf,5213,21218,68d0e5f-dirty
Subject516,30,0.9333333333333332,0.9333333333333333,0.9333333333333333,recorded,21,17,tempo_intensity,rf,5213,21218,68d0e5f-dirty
Subject561,60,0.9475132275132274,0.95,0.95,recorded,21,17,tempo_intensity,rf,5213,21218,68d0e5f-dirty
Subject571,30,0.8955555555555555,0.9,0.9,recorded,21,17,tempo_intensity,rf,5213,21218,68d0e5f-dirty
Subject580,90,0.8874458874458874,0.888888888888889,0.8888888888888888,recorded,21,17,tempo_intensity,rf,5213,21218,68d0e5f-dirty
Subject729,60,0.9664021164021165,0.9666666666666667,0.9666666666666667,recorded,21,17,tempo_intensity,rf,5213,21218,68d0e5f-dirty
Subject731,30,0.9644444444444444,0.9666666666666667,0.9666666666666667,recorded,21,17,tempo_intensity,rf,5213,21218,68d0e5f-dirty
Subject867,60,0.8632996632996632,0.8833333333333333,0.8833333333333333,recorded,21,17,tempo_intensity,rf,5213,21218,68d0e5f-dirty
Subject877,60,0.9830687830687831,0.9833333333333333,0.9833333333333333,recorded,21,17,tempo_intensity,rf,5213,21218,68d0e5f-dirty
Subject890,30,0.9311111111111111,0.9333333333333333,0.9333333333333333,recorded,21,17,tempo_intensity,rf,5213,21218,68d0e5f-dirty
Subject376,60,0.8283597883597884,0.85,0.85,new,21,17,plus_placement,rf,5213,21220,68d0e5f-dirty
Subject494,60,0.5316931216931217,0.5833333333333334,0.5833333333333334,new,21,17,plus_placement,rf,5213,21220,68d0e5f-dirty
Subject611,60,0.9341798941798942,0.9333333333333333,0.9333333333333333,new,21,17,plus_placement,rf,5213,21220,68d0e5f-dirty
Subject741,60,0.862029822029822,0.8666666666666667,0.8666666666666667,new,21,17,plus_placement,rf,5213,21220,68d0e5f-dirty
Subject819,60,0.924886964886965,0.9333333333333333,0.9333333333333333,new,21,17,plus_placement,rf,5213,21220,68d0e5f-dirty
Subject969,30,0.8755555555555555,0.9,0.9,new,21,17,plus_placement,rf,5213,21220,68d0e5f-dirty
Subject139,60,0.9830687830687831,0.9833333333333333,0.9833333333333333,recorded,21,17,plus_placement,rf,5213,21220,68d0e5f-dirty
Subject147,31,0.9111111111111111,0.9333333333333333,0.9354838709677419,recorded,21,17,plus_placement,rf,5213,21220,68d0e5f-dirty
Subject226,30,0.8422222222222222,0.8666666666666667,0.8666666666666667,recorded,21,17,plus_placement,rf,5213,21220,68d0e5f-dirty
Subject352,30,0.9111111111111111,0.9333333333333333,0.9333333333333333,recorded,21,17,plus_placement,rf,5213,21220,68d0e5f-dirty
Subject353,60,0.8539549339549339,0.8666666666666667,0.8666666666666667,recorded,21,17,plus_placement,rf,5213,21220,68d0e5f-dirty
Subject354,60,0.9661375661375662,0.9666666666666667,0.9666666666666667,recorded,21,17,plus_placement,rf,5213,21220,68d0e5f-dirty
Subject424,60,0.836060236060236,0.85,0.85,recorded,21,17,plus_placement,rf,5213,21220,68d0e5f-dirty
Subject455,60,0.9830687830687831,0.9833333333333333,0.9833333333333333,recorded,21,17,plus_placement,rf,5213,21220,68d0e5f-dirty
Subject516,30,0.9644444444444444,0.9666666666666667,0.9666666666666667,recorded,21,17,plus_placement,rf,5213,21220,68d0e5f-dirty
Subject561,60,0.9664021164021165,0.9666666666666667,0.9666666666666667,recorded,21,17,plus_placement,rf,5213,21220,68d0e5f-dirty
Subject571,30,0.9644444444444444,0.9666666666666667,0.9666666666666667,recorded,21,17,plus_placement,rf,5213,21220,68d0e5f-dirty
Subject580,90,0.9201420801420801,0.9222222222222223,0.9222222222222223,recorded,21,17,plus_placement,rf,5213,21220,68d0e5f-dirty
Subject729,60,0.9830687830687831,0.9833333333333333,0.9833333333333333,recorded,21,17,plus_placement,rf,5213,21220,68d0e5f-dirty
Subject731,30,0.9644444444444444,0.9666666666666667,0.9666666666666667,recorded,21,17,plus_placement,rf,5213,21220,68d0e5f-dirty
Subject867,60,0.8918181818181818,0.9,0.9,recorded,21,17,plus_placement,rf,5213,21220,68d0e5f-dirty
Subject877,60,0.9830687830687831,0.9833333333333333,0.9833333333333333,recorded,21,17,plus_placement,rf,5213,21220,68d0e5f-dirty
Subject890,30,0.9311111111111111,0.9333333333333333,0.9333333333333333,recorded,21,17,plus_placement,rf,5213,21220,68d0e5f-dirty
Subject226,30,0.6622222222222222,0.7,0.7,new,22,2,none,rf,552,0,68d0e5f-dirty
Subject561,60,0.6043689643689644,0.6666666666666666,0.6666666666666666,new,22,2,none,rf,552,0,68d0e5f-dirty
Subject731,30,0.6844444444444445,0.7333333333333333,0.7333333333333333,new,22,2,none,rf,552,0,68d0e5f-dirty
Subject741,60,0.6056613756613757,0.65,0.65,new,22,2,none,rf,552,0,68d0e5f-dirty
Subject819,60,0.6470033670033669,0.7166666666666667,0.7166666666666667,new,22,2,none,rf,552,0,68d0e5f-dirty
Subject867,60,0.6998412698412699,0.7166666666666667,0.7166666666666667,new,22,2,none,rf,552,0,68d0e5f-dirty
Subject516,30,0.9644444444444444,0.9666666666666667,0.9666666666666667,recorded,22,2,none,rf,552,0,68d0e5f-dirty
Subject611,60,0.8188552188552188,0.8666666666666667,0.8666666666666667,recorded,22,2,none,rf,552,0,68d0e5f-dirty
Subject226,30,0.7088888888888888,0.7666666666666667,0.7666666666666667,new,22,2,tempo_intensity,rf,552,2216,68d0e5f-dirty
Subject561,60,0.7288755688755689,0.7666666666666667,0.7666666666666667,new,22,2,tempo_intensity,rf,552,2216,68d0e5f-dirty
Subject731,30,0.5803174603174602,0.6333333333333333,0.6333333333333333,new,22,2,tempo_intensity,rf,552,2216,68d0e5f-dirty
Subject741,60,0.6622943722943724,0.7,0.7,new,22,2,tempo_intensity,rf,552,2216,68d0e5f-dirty
Subject819,60,0.5876586376586377,0.6666666666666666,0.6666666666666666,new,22,2,tempo_intensity,rf,552,2216,68d0e5f-dirty
Subject867,60,0.7009908609908609,0.7166666666666667,0.7166666666666667,new,22,2,tempo_intensity,rf,552,2216,68d0e5f-dirty
Subject516,30,0.8755555555555555,0.9,0.9,recorded,22,2,tempo_intensity,rf,552,2216,68d0e5f-dirty
Subject611,60,0.8711111111111111,0.9,0.9,recorded,22,2,tempo_intensity,rf,552,2216,68d0e5f-dirty
Subject226,30,0.6533333333333332,0.7,0.7,new,22,2,plus_placement,rf,552,2289,68d0e5f-dirty
Subject561,60,0.6516594516594516,0.7,0.7,new,22,2,plus_placement,rf,552,2289,68d0e5f-dirty
Subject731,30,0.6222222222222221,0.7,0.7,new,22,2,plus_placement,rf,552,2289,68d0e5f-dirty
Subject741,60,0.5847822547822548,0.6333333333333333,0.6333333333333333,new,22,2,plus_placement,rf,552,2289,68d0e5f-dirty
Subject819,60,0.696103896103896,0.7666666666666667,0.7666666666666667,new,22,2,plus_placement,rf,552,2289,68d0e5f-dirty
Subject867,60,0.7595959595959596,0.7666666666666667,0.7666666666666667,new,22,2,plus_placement,rf,552,2289,68d0e5f-dirty
Subject516,30,0.8755555555555555,0.9,0.9,recorded,22,2,plus_placement,rf,552,2289,68d0e5f-dirty
Subject611,60,0.9037037037037038,0.9166666666666666,0.9166666666666666,recorded,22,2,plus_placement,rf,552,2289,68d0e5f-dirty
Subject226,30,0.7225396825396826,0.7666666666666667,0.7666666666666667,new,22,4,none,rf,1341,0,68d0e5f-dirty
Subject561,60,0.8315873015873017,0.85,0.85,new,22,4,none,rf,1341,0,68d0e5f-dirty
Subject731,30,0.5777777777777777,0.6,0.6,new,22,4,none,rf,1341,0,68d0e5f-dirty
Subject741,60,0.5403762903762903,0.6,0.6,new,22,4,none,rf,1341,0,68d0e5f-dirty
Subject819,60,0.6247293447293447,0.7,0.7,new,22,4,none,rf,1341,0,68d0e5f-dirty
Subject867,60,0.6347619047619049,0.65,0.65,new,22,4,none,rf,1341,0,68d0e5f-dirty
Subject516,30,0.9644444444444444,0.9666666666666667,0.9666666666666667,recorded,22,4,none,rf,1341,0,68d0e5f-dirty
Subject611,60,0.9147089947089948,0.9166666666666666,0.9166666666666666,recorded,22,4,none,rf,1341,0,68d0e5f-dirty
Subject877,60,0.9830687830687831,0.9833333333333333,0.9833333333333333,recorded,22,4,none,rf,1341,0,68d0e5f-dirty
Subject969,30,0.8044444444444444,0.8333333333333334,0.8333333333333334,recorded,22,4,none,rf,1341,0,68d0e5f-dirty
Subject226,30,0.7003174603174603,0.7333333333333333,0.7333333333333333,new,22,4,tempo_intensity,rf,1341,5509,68d0e5f-dirty
Subject561,60,0.8119240019240019,0.8333333333333334,0.8333333333333334,new,22,4,tempo_intensity,rf,1341,5509,68d0e5f-dirty
Subject731,30,0.5177777777777777,0.5666666666666667,0.5666666666666667,new,22,4,tempo_intensity,rf,1341,5509,68d0e5f-dirty
Subject741,60,0.5146764346764346,0.5666666666666667,0.5666666666666667,new,22,4,tempo_intensity,rf,1341,5509,68d0e5f-dirty
Subject819,60,0.6247293447293447,0.7,0.7,new,22,4,tempo_intensity,rf,1341,5509,68d0e5f-dirty
Subject867,60,0.6467724867724869,0.6666666666666666,0.6666666666666666,new,22,4,tempo_intensity,rf,1341,5509,68d0e5f-dirty
Subject516,30,0.8933333333333333,0.9,0.9,recorded,22,4,tempo_intensity,rf,1341,5509,68d0e5f-dirty
Subject611,60,0.8734391534391535,0.8833333333333333,0.8833333333333333,recorded,22,4,tempo_intensity,rf,1341,5509,68d0e5f-dirty
Subject877,60,0.9830687830687831,0.9833333333333333,0.9833333333333333,recorded,22,4,tempo_intensity,rf,1341,5509,68d0e5f-dirty
Subject969,30,0.8755555555555555,0.9,0.9,recorded,22,4,tempo_intensity,rf,1341,5509,68d0e5f-dirty
Subject226,30,0.6647619047619049,0.7333333333333333,0.7333333333333333,new,22,4,plus_placement,rf,1341,5427,68d0e5f-dirty
Subject561,60,0.9259259259259259,0.9333333333333333,0.9333333333333333,new,22,4,plus_placement,rf,1341,5427,68d0e5f-dirty
Subject731,30,0.5666666666666667,0.6,0.6,new,22,4,plus_placement,rf,1341,5427,68d0e5f-dirty
Subject741,60,0.572092352092352,0.65,0.65,new,22,4,plus_placement,rf,1341,5427,68d0e5f-dirty
Subject819,60,0.7504761904761904,0.8,0.8,new,22,4,plus_placement,rf,1341,5427,68d0e5f-dirty
Subject867,60,0.7342083842083843,0.75,0.75,new,22,4,plus_placement,rf,1341,5427,68d0e5f-dirty
Subject516,30,0.8933333333333333,0.9,0.9,recorded,22,4,plus_placement,rf,1341,5427,68d0e5f-dirty
Subject611,60,0.9147089947089948,0.9166666666666666,0.9166666666666666,recorded,22,4,plus_placement,rf,1341,5427,68d0e5f-dirty
Subject877,60,0.9644444444444444,0.9666666666666667,0.9666666666666667,recorded,22,4,plus_placement,rf,1341,5427,68d0e5f-dirty
Subject969,30,1.0,1.0,1.0,recorded,22,4,plus_placement,rf,1341,5427,68d0e5f-dirty
Subject226,30,0.7177777777777778,0.7666666666666667,0.7666666666666667,new,22,8,none,rf,2610,0,68d0e5f-dirty
Subject561,60,0.7251178451178452,0.7833333333333333,0.7833333333333333,new,22,8,none,rf,2610,0,68d0e5f-dirty
Subject731,30,0.711111111111111,0.7666666666666667,0.7666666666666667,new,22,8,none,rf,2610,0,68d0e5f-dirty
Subject741,60,0.7037229437229438,0.7333333333333333,0.7333333333333333,new,22,8,none,rf,2610,0,68d0e5f-dirty
Subject819,60,0.8355555555555555,0.85,0.85,new,22,8,none,rf,2610,0,68d0e5f-dirty
Subject867,60,0.7682539682539683,0.7833333333333333,0.7833333333333333,new,22,8,none,rf,2610,0,68d0e5f-dirty
Subject352,30,0.8755555555555555,0.9,0.9,recorded,22,8,none,rf,2610,0,68d0e5f-dirty
Subject353,60,0.8626647426647428,0.8666666666666667,0.8666666666666667,recorded,22,8,none,rf,2610,0,68d0e5f-dirty
Subject354,60,0.9248869648869648,0.9333333333333333,0.9333333333333333,recorded,22,8,none,rf,2610,0,68d0e5f-dirty
Subject424,60,0.8114285714285714,0.8333333333333334,0.8333333333333334,recorded,22,8,none,rf,2610,0,68d0e5f-dirty
Subject516,30,0.9644444444444444,0.9666666666666667,0.9666666666666667,recorded,22,8,none,rf,2610,0,68d0e5f-dirty
Subject611,60,0.9079557479557481,0.9166666666666666,0.9166666666666666,recorded,22,8,none,rf,2610,0,68d0e5f-dirty
Subject877,60,0.9676190476190476,0.9666666666666667,0.9666666666666667,recorded,22,8,none,rf,2610,0,68d0e5f-dirty
Subject969,30,0.8333333333333334,0.8666666666666667,0.8666666666666667,recorded,22,8,none,rf,2610,0,68d0e5f-dirty
Subject226,30,0.8066666666666668,0.8333333333333334,0.8333333333333334,new,22,8,tempo_intensity,rf,2610,10556,68d0e5f-dirty
Subject561,60,0.7437421837421837,0.8,0.8,new,22,8,tempo_intensity,rf,2610,10556,68d0e5f-dirty
Subject731,30,0.6714285714285714,0.7333333333333333,0.7333333333333333,new,22,8,tempo_intensity,rf,2610,10556,68d0e5f-dirty
Subject741,60,0.6915007215007215,0.7166666666666667,0.7166666666666667,new,22,8,tempo_intensity,rf,2610,10556,68d0e5f-dirty
Subject819,60,0.7462433862433862,0.7833333333333333,0.7833333333333333,new,22,8,tempo_intensity,rf,2610,10556,68d0e5f-dirty
Subject867,60,0.7311111111111113,0.75,0.75,new,22,8,tempo_intensity,rf,2610,10556,68d0e5f-dirty
Subject352,30,0.8311111111111111,0.8333333333333334,0.8333333333333334,recorded,22,8,tempo_intensity,rf,2610,10556,68d0e5f-dirty
Subject353,60,0.8781144781144782,0.8833333333333333,0.8833333333333333,recorded,22,8,tempo_intensity,rf,2610,10556,68d0e5f-dirty
Subject354,60,0.9661375661375662,0.9666666666666667,0.9666666666666667,recorded,22,8,tempo_intensity,rf,2610,10556,68d0e5f-dirty
Subject424,60,0.8854700854700854,0.9,0.9,recorded,22,8,tempo_intensity,rf,2610,10556,68d0e5f-dirty
Subject516,30,0.9644444444444444,0.9666666666666667,0.9666666666666667,recorded,22,8,tempo_intensity,rf,2610,10556,68d0e5f-dirty
Subject611,60,0.9830687830687831,0.9833333333333333,0.9833333333333333,recorded,22,8,tempo_intensity,rf,2610,10556,68d0e5f-dirty
Subject877,60,0.9274074074074073,0.9333333333333333,0.9333333333333333,recorded,22,8,tempo_intensity,rf,2610,10556,68d0e5f-dirty
Subject969,30,0.8825396825396825,0.9,0.9,recorded,22,8,tempo_intensity,rf,2610,10556,68d0e5f-dirty
Subject226,30,0.8266666666666667,0.8333333333333334,0.8333333333333334,new,22,8,plus_placement,rf,2610,10527,68d0e5f-dirty
Subject561,60,0.7921885521885522,0.8333333333333334,0.8333333333333334,new,22,8,plus_placement,rf,2610,10527,68d0e5f-dirty
Subject731,30,0.6422222222222221,0.7,0.7,new,22,8,plus_placement,rf,2610,10527,68d0e5f-dirty
Subject741,60,0.7409523809523809,0.7666666666666667,0.7666666666666667,new,22,8,plus_placement,rf,2610,10527,68d0e5f-dirty
Subject819,60,0.690991970991971,0.7333333333333333,0.7333333333333333,new,22,8,plus_placement,rf,2610,10527,68d0e5f-dirty
Subject867,60,0.8355555555555555,0.85,0.85,new,22,8,plus_placement,rf,2610,10527,68d0e5f-dirty
Subject352,30,0.8533333333333333,0.8666666666666667,0.8666666666666667,recorded,22,8,plus_placement,rf,2610,10527,68d0e5f-dirty
Subject353,60,0.907955747955748,0.9166666666666666,0.9166666666666666,recorded,22,8,plus_placement,rf,2610,10527,68d0e5f-dirty
Subject354,60,0.9305820105820106,0.9333333333333333,0.9333333333333333,recorded,22,8,plus_placement,rf,2610,10527,68d0e5f-dirty
Subject424,60,0.834940984940985,0.85,0.85,recorded,22,8,plus_placement,rf,2610,10527,68d0e5f-dirty
Subject516,30,0.9644444444444444,0.9666666666666667,0.9666666666666667,recorded,22,8,plus_placement,rf,2610,10527,68d0e5f-dirty
Subject611,60,0.9223280423280424,0.9333333333333333,0.9333333333333333,recorded,22,8,plus_placement,rf,2610,10527,68d0e5f-dirty
Subject877,60,0.9094372294372295,0.9166666666666666,0.9166666666666666,recorded,22,8,plus_placement,rf,2610,10527,68d0e5f-dirty
Subject969,30,0.8333333333333334,0.8666666666666667,0.8666666666666667,recorded,22,8,plus_placement,rf,2610,10527,68d0e5f-dirty
Subject226,30,0.6999999999999998,0.7666666666666667,0.7666666666666667,new,22,17,none,rf,5255,0,68d0e5f-dirty
Subject561,60,0.7947474747474748,0.8333333333333334,0.8333333333333334,new,22,17,none,rf,5255,0,68d0e5f-dirty
Subject731,30,0.8955555555555555,0.9,0.9,new,22,17,none,rf,5255,0,68d0e5f-dirty
Subject741,60,0.8279365079365079,0.8333333333333334,0.8333333333333334,new,22,17,none,rf,5255,0,68d0e5f-dirty
Subject819,60,0.9308465608465608,0.9333333333333333,0.9333333333333333,new,22,17,none,rf,5255,0,68d0e5f-dirty
Subject867,60,0.8547811447811448,0.8666666666666667,0.8666666666666667,new,22,17,none,rf,5255,0,68d0e5f-dirty
Subject139,60,0.9475132275132275,0.95,0.95,recorded,22,17,none,rf,5255,0,68d0e5f-dirty
Subject147,31,1.0,1.0,1.0,recorded,22,17,none,rf,5255,0,68d0e5f-dirty
Subject352,30,0.8755555555555555,0.9,0.9,recorded,22,17,none,rf,5255,0,68d0e5f-dirty
Subject353,60,0.8578162578162577,0.8833333333333333,0.8833333333333333,recorded,22,17,none,rf,5255,0,68d0e5f-dirty
Subject354,60,0.9418181818181818,0.95,0.95,recorded,22,17,none,rf,5255,0,68d0e5f-dirty
Subject376,60,0.8765811965811967,0.8833333333333333,0.8833333333333333,recorded,22,17,none,rf,5255,0,68d0e5f-dirty
Subject424,60,0.8825396825396825,0.9,0.9,recorded,22,17,none,rf,5255,0,68d0e5f-dirty
Subject455,60,0.9830687830687831,0.9833333333333333,0.9833333333333333,recorded,22,17,none,rf,5255,0,68d0e5f-dirty
Subject494,60,0.9418181818181818,0.95,0.95,recorded,22,17,none,rf,5255,0,68d0e5f-dirty
Subject516,30,0.9288888888888888,0.9333333333333333,0.9333333333333333,recorded,22,17,none,rf,5255,0,68d0e5f-dirty
Subject571,30,1.0,1.0,1.0,recorded,22,17,none,rf,5255,0,68d0e5f-dirty
Subject580,90,0.8810537610537612,0.8888888888888891,0.8888888888888888,recorded,22,17,none,rf,5255,0,68d0e5f-dirty
Subject611,60,0.9830687830687831,0.9833333333333333,0.9833333333333333,recorded,22,17,none,rf,5255,0,68d0e5f-dirty
Subject729,60,1.0,1.0,1.0,recorded,22,17,none,rf,5255,0,68d0e5f-dirty
Subject877,60,1.0,1.0,1.0,recorded,22,17,none,rf,5255,0,68d0e5f-dirty
Subject890,30,0.8955555555555555,0.9,0.9,recorded,22,17,none,rf,5255,0,68d0e5f-dirty
Subject969,30,0.7977777777777777,0.8333333333333334,0.8333333333333334,recorded,22,17,none,rf,5255,0,68d0e5f-dirty
Subject226,30,0.7580952380952383,0.8,0.8,new,22,17,tempo_intensity,rf,5255,21318,68d0e5f-dirty
Subject561,60,0.7947474747474748,0.8333333333333334,0.8333333333333334,new,22,17,tempo_intensity,rf,5255,21318,68d0e5f-dirty
Subject731,30,0.8133333333333334,0.8666666666666667,0.8666666666666667,new,22,17,tempo_intensity,rf,5255,21318,68d0e5f-dirty
Subject741,60,0.8612698412698412,0.8666666666666667,0.8666666666666667,new,22,17,tempo_intensity,rf,5255,21318,68d0e5f-dirty
Subject819,60,0.8741462241462242,0.9,0.9,new,22,17,tempo_intensity,rf,5255,21318,68d0e5f-dirty
Subject867,60,0.8749398749398749,0.8833333333333333,0.8833333333333333,new,22,17,tempo_intensity,rf,5255,21318,68d0e5f-dirty
Subject139,60,0.9334054834054833,0.9333333333333333,0.9333333333333333,recorded,22,17,tempo_intensity,rf,5255,21318,68d0e5f-dirty
Subject147,31,1.0,1.0,1.0,recorded,22,17,tempo_intensity,rf,5255,21318,68d0e5f-dirty
Subject352,30,0.8400000000000001,0.8666666666666667,0.8666666666666667,recorded,22,17,tempo_intensity,rf,5255,21318,68d0e5f-dirty
Subject353,60,0.8878499278499279,0.9,0.9,recorded,22,17,tempo_intensity,rf,5255,21318,68d0e5f-dirty
Subject354,60,0.9644444444444444,0.9666666666666667,0.9666666666666667,recorded,22,17,tempo_intensity,rf,5255,21318,68d0e5f-dirty
Subject376,60,0.8926984126984128,0.9,0.9,recorded,22,17,tempo_intensity,rf,5255,21318,68d0e5f-dirty
Subject424,60,0.8685388685388685,0.8833333333333333,0.8833333333333333,recorded,22,17,tempo_intensity,rf,5255,21318,68d0e5f-dirty
Subject455,60,0.9830687830687831,0.9833333333333333,0.9833333333333333,recorded,22,17,tempo_intensity,rf,5255,21318,68d0e5f-dirty
Subject494,60,0.9418181818181818,0.95,0.95,recorded,22,17,tempo_intensity,rf,5255,21318,68d0e5f-dirty
Subject516,30,1.0,1.0,1.0,recorded,22,17,tempo_intensity,rf,5255,21318,68d0e5f-dirty
Subject571,30,0.9644444444444444,0.9666666666666667,0.9666666666666667,recorded,22,17,tempo_intensity,rf,5255,21318,68d0e5f-dirty
Subject580,90,0.9201420801420801,0.9222222222222223,0.9222222222222223,recorded,22,17,tempo_intensity,rf,5255,21318,68d0e5f-dirty
Subject611,60,0.9661375661375663,0.9666666666666667,0.9666666666666667,recorded,22,17,tempo_intensity,rf,5255,21318,68d0e5f-dirty
Subject729,60,1.0,1.0,1.0,recorded,22,17,tempo_intensity,rf,5255,21318,68d0e5f-dirty
Subject877,60,1.0,1.0,1.0,recorded,22,17,tempo_intensity,rf,5255,21318,68d0e5f-dirty
Subject890,30,0.9311111111111111,0.9333333333333333,0.9333333333333333,recorded,22,17,tempo_intensity,rf,5255,21318,68d0e5f-dirty
Subject969,30,0.8469841269841271,0.8666666666666667,0.8666666666666667,recorded,22,17,tempo_intensity,rf,5255,21318,68d0e5f-dirty
Subject226,30,0.7580952380952382,0.8,0.8,new,22,17,plus_placement,rf,5255,21254,68d0e5f-dirty
Subject561,60,0.7947474747474748,0.8333333333333334,0.8333333333333334,new,22,17,plus_placement,rf,5255,21254,68d0e5f-dirty
Subject731,30,0.7866666666666667,0.8333333333333334,0.8333333333333334,new,22,17,plus_placement,rf,5255,21254,68d0e5f-dirty
Subject741,60,0.8597883597883598,0.8666666666666667,0.8666666666666667,new,22,17,plus_placement,rf,5255,21254,68d0e5f-dirty
Subject819,60,0.8941798941798942,0.9166666666666666,0.9166666666666666,new,22,17,plus_placement,rf,5255,21254,68d0e5f-dirty
Subject867,60,0.8888888888888888,0.9,0.9,new,22,17,plus_placement,rf,5255,21254,68d0e5f-dirty
Subject139,60,0.9331409331409332,0.9333333333333333,0.9333333333333333,recorded,22,17,plus_placement,rf,5255,21254,68d0e5f-dirty
Subject147,31,1.0,1.0,1.0,recorded,22,17,plus_placement,rf,5255,21254,68d0e5f-dirty
Subject352,30,0.9111111111111111,0.9333333333333333,0.9333333333333333,recorded,22,17,plus_placement,rf,5255,21254,68d0e5f-dirty
Subject353,60,0.8753631553631555,0.9,0.9,recorded,22,17,plus_placement,rf,5255,21254,68d0e5f-dirty
Subject354,60,0.9644444444444444,0.9666666666666667,0.9666666666666667,recorded,22,17,plus_placement,rf,5255,21254,68d0e5f-dirty
Subject376,60,0.8374277574277575,0.85,0.85,recorded,22,17,plus_placement,rf,5255,21254,68d0e5f-dirty
Subject424,60,0.8622222222222222,0.8833333333333333,0.8833333333333333,recorded,22,17,plus_placement,rf,5255,21254,68d0e5f-dirty
Subject455,60,1.0,1.0,1.0,recorded,22,17,plus_placement,rf,5255,21254,68d0e5f-dirty
Subject494,60,0.9830687830687831,0.9833333333333333,0.9833333333333333,recorded,22,17,plus_placement,rf,5255,21254,68d0e5f-dirty
Subject516,30,0.9644444444444444,0.9666666666666667,0.9666666666666667,recorded,22,17,plus_placement,rf,5255,21254,68d0e5f-dirty
Subject571,30,1.0,1.0,1.0,recorded,22,17,plus_placement,rf,5255,21254,68d0e5f-dirty
Subject580,90,0.9205283605283605,0.9222222222222222,0.9222222222222223,recorded,22,17,plus_placement,rf,5255,21254,68d0e5f-dirty
Subject611,60,0.9830687830687831,0.9833333333333333,0.9833333333333333,recorded,22,17,plus_placement,rf,5255,21254,68d0e5f-dirty
Subject729,60,1.0,1.0,1.0,recorded,22,17,plus_placement,rf,5255,21254,68d0e5f-dirty
Subject877,60,1.0,1.0,1.0,recorded,22,17,plus_placement,rf,5255,21254,68d0e5f-dirty
Subject890,30,0.9111111111111111,0.9333333333333333,0.9333333333333333,recorded,22,17,plus_placement,rf,5255,21254,68d0e5f-dirty
Subject969,30,0.8755555555555555,0.9,0.9,recorded,22,17,plus_placement,rf,5255,21254,68d0e5f-dirty
Subject353,60,0.6904761904761905,0.7166666666666667,0.7166666666666667,new,23,2,none,rf,682,0,68d0e5f-dirty
Subject354,60,0.5331601731601733,0.5833333333333334,0.5833333333333334,new,23,2,none,rf,682,0,68d0e5f-dirty
Subject424,60,0.6245791245791246,0.7,0.7,new,23,2,none,rf,682,0,68d0e5f-dirty
Subject455,60,0.7230351130351131,0.7333333333333333,0.7333333333333333,new,23,2,none,rf,682,0,68d0e5f-dirty
Subject494,60,0.3891812865497076,0.5166666666666667,0.5166666666666667,new,23,2,none,rf,682,0,68d0e5f-dirty
Subject731,30,0.7066666666666668,0.7333333333333333,0.7333333333333333,new,23,2,none,rf,682,0,68d0e5f-dirty
Subject516,30,1.0,1.0,1.0,recorded,23,2,none,rf,682,0,68d0e5f-dirty
Subject571,30,0.7866666666666665,0.8333333333333334,0.8333333333333334,recorded,23,2,none,rf,682,0,68d0e5f-dirty
Subject353,60,0.6677489177489178,0.6666666666666666,0.6666666666666666,new,23,2,tempo_intensity,rf,682,2766,68d0e5f-dirty
Subject354,60,0.5595767195767196,0.5833333333333334,0.5833333333333334,new,23,2,tempo_intensity,rf,682,2766,68d0e5f-dirty
Subject424,60,0.6245791245791246,0.7,0.7,new,23,2,tempo_intensity,rf,682,2766,68d0e5f-dirty
Subject455,60,0.6997017797017797,0.7333333333333333,0.7333333333333333,new,23,2,tempo_intensity,rf,682,2766,68d0e5f-dirty
Subject494,60,0.40499278499278496,0.5,0.5,new,23,2,tempo_intensity,rf,682,2766,68d0e5f-dirty
Subject731,30,0.6333333333333333,0.6666666666666666,0.6666666666666666,new,23,2,tempo_intensity,rf,682,2766,68d0e5f-dirty
Subject516,30,0.9644444444444444,0.9666666666666667,0.9666666666666667,recorded,23,2,tempo_intensity,rf,682,2766,68d0e5f-dirty
Subject571,30,0.7999999999999999,0.8333333333333334,0.8333333333333334,recorded,23,2,tempo_intensity,rf,682,2766,68d0e5f-dirty
Subject353,60,0.7004181004181004,0.7166666666666667,0.7166666666666667,new,23,2,plus_placement,rf,682,2716,68d0e5f-dirty
Subject354,60,0.5237037037037037,0.5666666666666667,0.5666666666666667,new,23,2,plus_placement,rf,682,2716,68d0e5f-dirty
Subject424,60,0.6326877800562012,0.7,0.7,new,23,2,plus_placement,rf,682,2716,68d0e5f-dirty
Subject455,60,0.6937421837421839,0.75,0.75,new,23,2,plus_placement,rf,682,2716,68d0e5f-dirty
Subject494,60,0.3985569985569986,0.5,0.5,new,23,2,plus_placement,rf,682,2716,68d0e5f-dirty
Subject731,30,0.7003174603174604,0.7333333333333333,0.7333333333333333,new,23,2,plus_placement,rf,682,2716,68d0e5f-dirty
Subject516,30,0.9111111111111111,0.9333333333333333,0.9333333333333333,recorded,23,2,plus_placement,rf,682,2716,68d0e5f-dirty
Subject571,30,0.7866666666666666,0.8333333333333334,0.8333333333333334,recorded,23,2,plus_placement,rf,682,2716,68d0e5f-dirty
Subject353,60,0.7182924482924484,0.7166666666666667,0.7166666666666667,new,23,4,none,rf,1249,0,68d0e5f-dirty
Subject354,60,0.7697546897546897,0.7833333333333333,0.7833333333333333,new,23,4,none,rf,1249,0,68d0e5f-dirty
Subject424,60,0.6751515151515153,0.7333333333333333,0.7333333333333333,new,23,4,none,rf,1249,0,68d0e5f-dirty
Subject455,60,0.8131746031746032,0.8333333333333334,0.8333333333333334,new,23,4,none,rf,1249,0,68d0e5f-dirty
Subject494,60,0.3862962962962963,0.48333333333333334,0.48333333333333334,new,23,4,none,rf,1249,0,68d0e5f-dirty
Subject731,30,0.7333333333333332,0.7666666666666667,0.7666666666666667,new,23,4,none,rf,1249,0,68d0e5f-dirty
Subject226,30,0.9066666666666667,0.9333333333333333,0.9333333333333333,recorded,23,4,none,rf,1249,0,68d0e5f-dirty
Subject516,30,0.9644444444444444,0.9666666666666667,0.9666666666666667,recorded,23,4,none,rf,1249,0,68d0e5f-dirty
Subject571,30,1.0,1.0,1.0,recorded,23,4,none,rf,1249,0,68d0e5f-dirty
Subject867,60,0.8415536315536315,0.85,0.85,recorded,23,4,none,rf,1249,0,68d0e5f-dirty
Subject353,60,0.7276382876382876,0.7333333333333333,0.7333333333333333,new,23,4,tempo_intensity,rf,1249,5141,68d0e5f-dirty
Subject354,60,0.7258922558922559,0.75,0.75,new,23,4,tempo_intensity,rf,1249,5141,68d0e5f-dirty
Subject424,60,0.684886964886965,0.7333333333333333,0.7333333333333333,new,23,4,tempo_intensity,rf,1249,5141,68d0e5f-dirty
Subject455,60,0.7720779220779221,0.8,0.8,new,23,4,tempo_intensity,rf,1249,5141,68d0e5f-dirty
Subject494,60,0.46037518037518044,0.55,0.55,new,23,4,tempo_intensity,rf,1249,5141,68d0e5f-dirty
Subject731,30,0.7288888888888889,0.7666666666666667,0.7666666666666667,new,23,4,tempo_intensity,rf,1249,5141,68d0e5f-dirty
Subject226,30,0.9066666666666667,0.9333333333333333,0.9333333333333333,recorded,23,4,tempo_intensity,rf,1249,5141,68d0e5f-dirty
Subject516,30,1.0,1.0,1.0,recorded,23,4,tempo_intensity,rf,1249,5141,68d0e5f-dirty
Subject571,30,0.84,0.8666666666666667,0.8666666666666667,recorded,23,4,tempo_intensity,rf,1249,5141,68d0e5f-dirty
Subject867,60,0.8203174603174602,0.8333333333333334,0.8333333333333334,recorded,23,4,tempo_intensity,rf,1249,5141,68d0e5f-dirty
Subject353,60,0.7172679172679172,0.7166666666666667,0.7166666666666667,new,23,4,plus_placement,rf,1249,5046,68d0e5f-dirty
Subject354,60,0.768148148148148,0.8,0.8,new,23,4,plus_placement,rf,1249,5046,68d0e5f-dirty
Subject424,60,0.6941798941798943,0.7333333333333333,0.7333333333333333,new,23,4,plus_placement,rf,1249,5046,68d0e5f-dirty
Subject455,60,0.723915343915344,0.75,0.75,new,23,4,plus_placement,rf,1249,5046,68d0e5f-dirty
Subject494,60,0.37273689273689276,0.48333333333333334,0.48333333333333334,new,23,4,plus_placement,rf,1249,5046,68d0e5f-dirty
Subject731,30,0.7269841269841268,0.7666666666666667,0.7666666666666667,new,23,4,plus_placement,rf,1249,5046,68d0e5f-dirty
Subject226,30,0.8777777777777778,0.9,0.9,recorded,23,4,plus_placement,rf,1249,5046,68d0e5f-dirty
Subject516,30,0.9644444444444444,0.9666666666666667,0.9666666666666667,recorded,23,4,plus_placement,rf,1249,5046,68d0e5f-dirty
Subject571,30,0.9111111111111111,0.9333333333333333,0.9333333333333333,recorded,23,4,plus_placement,rf,1249,5046,68d0e5f-dirty
Subject867,60,0.8152055352055352,0.8333333333333334,0.8333333333333334,recorded,23,4,plus_placement,rf,1249,5046,68d0e5f-dirty
Subject353,60,0.7286435786435786,0.7333333333333333,0.7333333333333333,new,23,8,none,rf,2528,0,68d0e5f-dirty
Subject354,60,0.852929292929293,0.8666666666666667,0.8666666666666667,new,23,8,none,rf,2528,0,68d0e5f-dirty
Subject424,60,0.7253968253968254,0.7666666666666667,0.7666666666666667,new,23,8,none,rf,2528,0,68d0e5f-dirty
Subject455,60,0.83012506012506,0.85,0.85,new,23,8,none,rf,2528,0,68d0e5f-dirty
Subject494,60,0.5055497329181541,0.6,0.6,new,23,8,none,rf,2528,0,68d0e5f-dirty
Subject731,30,0.7333333333333332,0.7666666666666667,0.7666666666666667,new,23,8,none,rf,2528,0,68d0e5f-dirty
Subject226,30,0.8422222222222222,0.8666666666666667,0.8666666666666667,recorded,23,8,none,rf,2528,0,68d0e5f-dirty
Subject376,60,0.8002645502645503,0.8166666666666667,0.8166666666666667,recorded,23,8,none,rf,2528,0,68d0e5f-dirty
Subject516,30,1.0,1.0,1.0,recorded,23,8,none,rf,2528,0,68d0e5f-dirty
Subject561,60,1.0,1.0,1.0,recorded,23,8,none,rf,2528,0,68d0e5f-dirty
Subject571,30,0.9111111111111111,0.9333333333333333,0.9333333333333333,recorded,23,8,none,rf,2528,0,68d0e5f-dirty
Subject729,60,0.9460317460317461,0.95,0.95,recorded,23,8,none,rf,2528,0,68d0e5f-dirty
Subject867,60,0.8240944240944241,0.85,0.85,recorded,23,8,none,rf,2528,0,68d0e5f-dirty
Subject877,60,0.9506878306878307,0.95,0.95,recorded,23,8,none,rf,2528,0,68d0e5f-dirty
Subject353,60,0.7437229437229438,0.75,0.75,new,23,8,tempo_intensity,rf,2528,10235,68d0e5f-dirty
Subject354,60,0.8283261183261182,0.8333333333333334,0.8333333333333334,new,23,8,tempo_intensity,rf,2528,10235,68d0e5f-dirty
Subject424,60,0.7491005291005292,0.7833333333333333,0.7833333333333333,new,23,8,tempo_intensity,rf,2528,10235,68d0e5f-dirty
Subject455,60,0.8455747955747955,0.8666666666666667,0.8666666666666667,new,23,8,tempo_intensity,rf,2528,10235,68d0e5f-dirty
Subject494,60,0.5403116376800587,0.6,0.6,new,23,8,tempo_intensity,rf,2528,10235,68d0e5f-dirty
Subject731,30,0.7333333333333332,0.7666666666666667,0.7666666666666667,new,23,8,tempo_intensity,rf,2528,10235,68d0e5f-dirty
Subject226,30,0.8711111111111111,0.9,0.9,recorded,23,8,tempo_intensity,rf,2528,10235,68d0e5f-dirty
Subject376,60,0.816931216931217,0.8333333333333334,0.8333333333333334,recorded,23,8,tempo_intensity,rf,2528,10235,68d0e5f-dirty
Subject516,30,0.9644444444444444,0.9666666666666667,0.9666666666666667,recorded,23,8,tempo_intensity,rf,2528,10235,68d0e5f-dirty
Subject561,60,0.9830687830687831,0.9833333333333333,0.9833333333333333,recorded,23,8,tempo_intensity,rf,2528,10235,68d0e5f-dirty
Subject571,30,0.8755555555555555,0.9,0.9,recorded,23,8,tempo_intensity,rf,2528,10235,68d0e5f-dirty
Subject729,60,0.9248869648869648,0.9333333333333333,0.9333333333333333,recorded,23,8,tempo_intensity,rf,2528,10235,68d0e5f-dirty
Subject867,60,0.861111111111111,0.8833333333333333,0.8833333333333333,recorded,23,8,tempo_intensity,rf,2528,10235,68d0e5f-dirty
Subject877,60,0.9661375661375662,0.9666666666666667,0.9666666666666667,recorded,23,8,tempo_intensity,rf,2528,10235,68d0e5f-dirty
Subject353,60,0.761924001924002,0.7833333333333333,0.7833333333333333,new,23,8,plus_placement,rf,2528,10251,68d0e5f-dirty
Subject354,60,0.8005483405483407,0.8166666666666667,0.8166666666666667,new,23,8,plus_placement,rf,2528,10251,68d0e5f-dirty
Subject424,60,0.6864742664742666,0.7333333333333333,0.7333333333333333,new,23,8,plus_placement,rf,2528,10251,68d0e5f-dirty
Subject455,60,0.8242183742183742,0.85,0.85,new,23,8,plus_placement,rf,2528,10251,68d0e5f-dirty
Subject494,60,0.5262327536011746,0.6166666666666667,0.6166666666666667,new,23,8,plus_placement,rf,2528,10251,68d0e5f-dirty
Subject731,30,0.7333333333333332,0.7666666666666667,0.7666666666666667,new,23,8,plus_placement,rf,2528,10251,68d0e5f-dirty
Subject226,30,0.8711111111111111,0.9,0.9,recorded,23,8,plus_placement,rf,2528,10251,68d0e5f-dirty
Subject376,60,0.7840211640211641,0.8166666666666667,0.8166666666666667,recorded,23,8,plus_placement,rf,2528,10251,68d0e5f-dirty
Subject516,30,1.0,1.0,1.0,recorded,23,8,plus_placement,rf,2528,10251,68d0e5f-dirty
Subject561,60,0.9830687830687831,0.9833333333333333,0.9833333333333333,recorded,23,8,plus_placement,rf,2528,10251,68d0e5f-dirty
Subject571,30,0.8755555555555555,0.9,0.9,recorded,23,8,plus_placement,rf,2528,10251,68d0e5f-dirty
Subject729,60,0.9322751322751323,0.9333333333333333,0.9333333333333333,recorded,23,8,plus_placement,rf,2528,10251,68d0e5f-dirty
Subject867,60,0.8711111111111111,0.8833333333333333,0.8833333333333333,recorded,23,8,plus_placement,rf,2528,10251,68d0e5f-dirty
Subject877,60,0.9830687830687831,0.9833333333333333,0.9833333333333333,recorded,23,8,plus_placement,rf,2528,10251,68d0e5f-dirty
Subject353,60,0.7554689754689755,0.7666666666666667,0.7666666666666667,new,23,17,none,rf,5431,0,68d0e5f-dirty
Subject354,60,0.8563684463684463,0.8666666666666667,0.8666666666666667,new,23,17,none,rf,5431,0,68d0e5f-dirty
Subject424,60,0.7612313612313613,0.8,0.8,new,23,17,none,rf,5431,0,68d0e5f-dirty
Subject455,60,0.8405483405483405,0.8666666666666667,0.8666666666666667,new,23,17,none,rf,5431,0,68d0e5f-dirty
Subject494,60,0.567507404875826,0.6166666666666667,0.6166666666666667,new,23,17,none,rf,5431,0,68d0e5f-dirty
Subject731,30,0.7955555555555556,0.8333333333333334,0.8333333333333334,new,23,17,none,rf,5431,0,68d0e5f-dirty
Subject139,60,0.9288888888888888,0.9333333333333333,0.9333333333333333,recorded,23,17,none,rf,5431,0,68d0e5f-dirty
Subject147,31,0.8533333333333334,0.8666666666666667,0.8709677419354839,recorded,23,17,none,rf,5431,0,68d0e5f-dirty
Subject226,30,0.8422222222222222,0.8666666666666667,0.8666666666666667,recorded,23,17,none,rf,5431,0,68d0e5f-dirty
Subject352,30,0.9111111111111111,0.9333333333333333,0.9333333333333333,recorded,23,17,none,rf,5431,0,68d0e5f-dirty
Subject376,60,0.8621896621896622,0.8833333333333333,0.8833333333333333,recorded,23,17,none,rf,5431,0,68d0e5f-dirty
Subject516,30,1.0,1.0,1.0,recorded,23,17,none,rf,5431,0,68d0e5f-dirty
Subject561,60,0.9312169312169313,0.9333333333333333,0.9333333333333333,recorded,23,17,none,rf,5431,0,68d0e5f-dirty
Subject571,30,1.0,1.0,1.0,recorded,23,17,none,rf,5431,0,68d0e5f-dirty
Subject580,90,0.8773729973729972,0.8777777777777778,0.8777777777777778,recorded,23,17,none,rf,5431,0,68d0e5f-dirty
Subject611,60,0.9830687830687831,0.9833333333333333,0.9833333333333333,recorded,23,17,none,rf,5431,0,68d0e5f-dirty
Subject729,60,0.9830687830687831,0.9833333333333333,0.9833333333333333,recorded,23,17,none,rf,5431,0,68d0e5f-dirty
Subject741,60,0.8719576719576719,0.8833333333333333,0.8833333333333333,recorded,23,17,none,rf,5431,0,68d0e5f-dirty
Subject819,60,0.924886964886965,0.9333333333333333,0.9333333333333333,recorded,23,17,none,rf,5431,0,68d0e5f-dirty
Subject867,60,0.8541798941798943,0.8666666666666667,0.8666666666666667,recorded,23,17,none,rf,5431,0,68d0e5f-dirty
Subject877,60,1.0,1.0,1.0,recorded,23,17,none,rf,5431,0,68d0e5f-dirty
Subject890,30,0.8755555555555555,0.9,0.9,recorded,23,17,none,rf,5431,0,68d0e5f-dirty
Subject969,30,0.7977777777777777,0.8333333333333334,0.8333333333333334,recorded,23,17,none,rf,5431,0,68d0e5f-dirty
Subject353,60,0.7752044252044252,0.7833333333333333,0.7833333333333333,new,23,17,tempo_intensity,rf,5431,22025,68d0e5f-dirty
Subject354,60,0.8518518518518517,0.8666666666666667,0.8666666666666667,new,23,17,tempo_intensity,rf,5431,22025,68d0e5f-dirty
Subject424,60,0.7574603174603175,0.7833333333333333,0.7833333333333333,new,23,17,tempo_intensity,rf,5431,22025,68d0e5f-dirty
Subject455,60,0.8264224664224664,0.85,0.85,new,23,17,tempo_intensity,rf,5431,22025,68d0e5f-dirty
Subject494,60,0.6283213083213083,0.6666666666666666,0.6666666666666666,new,23,17,tempo_intensity,rf,5431,22025,68d0e5f-dirty
Subject731,30,0.7955555555555556,0.8333333333333334,0.8333333333333334,new,23,17,tempo_intensity,rf,5431,22025,68d0e5f-dirty
Subject139,60,0.8446560846560848,0.8666666666666667,0.8666666666666667,recorded,23,17,tempo_intensity,rf,5431,22025,68d0e5f-dirty
Subject147,31,0.8444444444444444,0.8666666666666667,0.8709677419354839,recorded,23,17,tempo_intensity,rf,5431,22025,68d0e5f-dirty
Subject226,30,0.8422222222222222,0.8666666666666667,0.8666666666666667,recorded,23,17,tempo_intensity,rf,5431,22025,68d0e5f-dirty
Subject352,30,0.9111111111111111,0.9333333333333333,0.9333333333333333,recorded,23,17,tempo_intensity,rf,5431,22025,68d0e5f-dirty
Subject376,60,0.8825396825396825,0.9,0.9,recorded,23,17,tempo_intensity,rf,5431,22025,68d0e5f-dirty
Subject516,30,1.0,1.0,1.0,recorded,23,17,tempo_intensity,rf,5431,22025,68d0e5f-dirty
Subject561,60,0.9661375661375663,0.9666666666666667,0.9666666666666667,recorded,23,17,tempo_intensity,rf,5431,22025,68d0e5f-dirty
Subject571,30,0.8755555555555555,0.9,0.9,recorded,23,17,tempo_intensity,rf,5431,22025,68d0e5f-dirty
Subject580,90,0.8966122766122765,0.9000000000000001,0.9,recorded,23,17,tempo_intensity,rf,5431,22025,68d0e5f-dirty
Subject611,60,0.9661375661375663,0.9666666666666667,0.9666666666666667,recorded,23,17,tempo_intensity,rf,5431,22025,68d0e5f-dirty
Subject729,60,0.9830687830687831,0.9833333333333333,0.9833333333333333,recorded,23,17,tempo_intensity,rf,5431,22025,68d0e5f-dirty
Subject741,60,0.8751322751322752,0.8833333333333333,0.8833333333333333,recorded,23,17,tempo_intensity,rf,5431,22025,68d0e5f-dirty
Subject819,60,0.8941798941798942,0.9166666666666666,0.9166666666666666,recorded,23,17,tempo_intensity,rf,5431,22025,68d0e5f-dirty
Subject867,60,0.8372486772486772,0.85,0.85,recorded,23,17,tempo_intensity,rf,5431,22025,68d0e5f-dirty
Subject877,60,0.9644444444444444,0.9666666666666667,0.9666666666666667,recorded,23,17,tempo_intensity,rf,5431,22025,68d0e5f-dirty
Subject890,30,0.9644444444444444,0.9666666666666667,0.9666666666666667,recorded,23,17,tempo_intensity,rf,5431,22025,68d0e5f-dirty
Subject969,30,0.9111111111111111,0.9333333333333333,0.9333333333333333,recorded,23,17,tempo_intensity,rf,5431,22025,68d0e5f-dirty
Subject353,60,0.7852044252044251,0.8,0.8,new,23,17,plus_placement,rf,5431,22059,68d0e5f-dirty
Subject354,60,0.8374410774410773,0.8666666666666667,0.8666666666666667,new,23,17,plus_placement,rf,5431,22059,68d0e5f-dirty
Subject424,60,0.7551515151515151,0.7833333333333333,0.7833333333333333,new,23,17,plus_placement,rf,5431,22059,68d0e5f-dirty
Subject455,60,0.8719769119769121,0.8833333333333333,0.8833333333333333,new,23,17,plus_placement,rf,5431,22059,68d0e5f-dirty
Subject494,60,0.5640245913930124,0.6166666666666667,0.6166666666666667,new,23,17,plus_placement,rf,5431,22059,68d0e5f-dirty
Subject731,30,0.7177777777777778,0.7666666666666667,0.7666666666666667,new,23,17,plus_placement,rf,5431,22059,68d0e5f-dirty
Subject139,60,0.8867724867724868,0.9,0.9,recorded,23,17,plus_placement,rf,5431,22059,68d0e5f-dirty
Subject147,31,0.7866666666666666,0.8,0.8064516129032258,recorded,23,17,plus_placement,rf,5431,22059,68d0e5f-dirty
Subject226,30,0.8422222222222222,0.8666666666666667,0.8666666666666667,recorded,23,17,plus_placement,rf,5431,22059,68d0e5f-dirty
Subject352,30,0.9111111111111111,0.9333333333333333,0.9333333333333333,recorded,23,17,plus_placement,rf,5431,22059,68d0e5f-dirty
Subject376,60,0.8332275132275133,0.85,0.85,recorded,23,17,plus_placement,rf,5431,22059,68d0e5f-dirty
Subject516,30,1.0,1.0,1.0,recorded,23,17,plus_placement,rf,5431,22059,68d0e5f-dirty
Subject561,60,1.0,1.0,1.0,recorded,23,17,plus_placement,rf,5431,22059,68d0e5f-dirty
Subject571,30,0.9111111111111111,0.9333333333333333,0.9333333333333333,recorded,23,17,plus_placement,rf,5431,22059,68d0e5f-dirty
Subject580,90,0.9074317839023719,0.9111111111111112,0.9111111111111111,recorded,23,17,plus_placement,rf,5431,22059,68d0e5f-dirty
Subject611,60,0.9830687830687831,0.9833333333333333,0.9833333333333333,recorded,23,17,plus_placement,rf,5431,22059,68d0e5f-dirty
Subject729,60,0.9830687830687831,0.9833333333333333,0.9833333333333333,recorded,23,17,plus_placement,rf,5431,22059,68d0e5f-dirty
Subject741,60,0.8617604617604616,0.8833333333333333,0.8833333333333333,recorded,23,17,plus_placement,rf,5431,22059,68d0e5f-dirty
Subject819,60,0.8941798941798942,0.9166666666666666,0.9166666666666666,recorded,23,17,plus_placement,rf,5431,22059,68d0e5f-dirty
Subject867,60,0.8444444444444444,0.8666666666666667,0.8666666666666667,recorded,23,17,plus_placement,rf,5431,22059,68d0e5f-dirty
Subject877,60,0.9644444444444444,0.9666666666666667,0.9666666666666667,recorded,23,17,plus_placement,rf,5431,22059,68d0e5f-dirty
Subject890,30,0.8825396825396825,0.9,0.9,recorded,23,17,plus_placement,rf,5431,22059,68d0e5f-dirty
Subject969,30,1.0,1.0,1.0,recorded,23,17,plus_placement,rf,5431,22059,68d0e5f-dirty
Subject139,60,0.8944107744107743,0.9,0.9,new,24,2,none,rf,609,0,68d0e5f-dirty
Subject352,30,0.7892063492063492,0.8333333333333334,0.8333333333333334,new,24,2,none,rf,609,0,68d0e5f-dirty
Subject353,60,0.555983645983646,0.5833333333333334,0.5833333333333334,new,24,2,none,rf,609,0,68d0e5f-dirty
Subject611,60,0.8109187109187109,0.8333333333333334,0.8333333333333334,new,24,2,none,rf,609,0,68d0e5f-dirty
Subject877,60,0.7913419913419912,0.8333333333333334,0.8333333333333334,new,24,2,none,rf,609,0,68d0e5f-dirty
Subject890,30,0.6314285714285715,0.7,0.7,new,24,2,none,rf,609,0,68d0e5f-dirty
Subject516,30,0.8755555555555555,0.9,0.9,recorded,24,2,none,rf,609,0,68d0e5f-dirty
Subject819,60,0.9248869648869648,0.9333333333333333,0.9333333333333333,recorded,24,2,none,rf,609,0,68d0e5f-dirty
Subject139,60,0.9331409331409332,0.9333333333333333,0.9333333333333333,new,24,2,tempo_intensity,rf,609,2447,68d0e5f-dirty
Subject352,30,0.7866666666666666,0.8333333333333334,0.8333333333333334,new,24,2,tempo_intensity,rf,609,2447,68d0e5f-dirty
Subject353,60,0.5427657527657528,0.5666666666666667,0.5666666666666667,new,24,2,tempo_intensity,rf,609,2447,68d0e5f-dirty
Subject611,60,0.8252910052910052,0.85,0.85,new,24,2,tempo_intensity,rf,609,2447,68d0e5f-dirty
Subject877,60,0.7744107744107744,0.8166666666666667,0.8166666666666667,new,24,2,tempo_intensity,rf,609,2447,68d0e5f-dirty
Subject890,30,0.5980952380952381,0.6666666666666666,0.6666666666666666,new,24,2,tempo_intensity,rf,609,2447,68d0e5f-dirty
Subject516,30,0.9111111111111111,0.9333333333333333,0.9333333333333333,recorded,24,2,tempo_intensity,rf,609,2447,68d0e5f-dirty
Subject819,60,0.8218181818181818,0.85,0.85,recorded,24,2,tempo_intensity,rf,609,2447,68d0e5f-dirty
Subject139,60,0.8918903318903318,0.9,0.9,new,24,2,plus_placement,rf,609,2445,68d0e5f-dirty
Subject352,30,0.8333333333333334,0.8666666666666667,0.8666666666666667,new,24,2,plus_placement,rf,609,2445,68d0e5f-dirty
Subject353,60,0.6100721500721501,0.6166666666666667,0.6166666666666667,new,24,2,plus_placement,rf,609,2445,68d0e5f-dirty
Subject611,60,0.8283790283790284,0.85,0.85,new,24,2,plus_placement,rf,609,2445,68d0e5f-dirty
Subject877,60,0.7791630591630592,0.8166666666666667,0.8166666666666667,new,24,2,plus_placement,rf,609,2445,68d0e5f-dirty
Subject890,30,0.5961904761904762,0.6666666666666666,0.6666666666666666,new,24,2,plus_placement,rf,609,2445,68d0e5f-dirty
Subject516,30,0.9111111111111111,0.9333333333333333,0.9333333333333333,recorded,24,2,plus_placement,rf,609,2445,68d0e5f-dirty
Subject819,60,0.9248869648869648,0.9333333333333333,0.9333333333333333,recorded,24,2,plus_placement,rf,609,2445,68d0e5f-dirty
Subject139,60,0.8414814814814815,0.85,0.85,new,24,4,none,rf,1077,0,68d0e5f-dirty
Subject352,30,0.7333333333333332,0.8,0.8,new,24,4,none,rf,1077,0,68d0e5f-dirty
Subject353,60,0.6927080327080328,0.7166666666666667,0.7166666666666667,new,24,4,none,rf,1077,0,68d0e5f-dirty
Subject611,60,0.9475132275132275,0.95,0.95,new,24,4,none,rf,1077,0,68d0e5f-dirty
Subject877,60,0.9305820105820106,0.9333333333333333,0.9333333333333333,new,24,4,none,rf,1077,0,68d0e5f-dirty
Subject890,30,0.7977777777777778,0.8333333333333334,0.8333333333333334,new,24,4,none,rf,1077,0,68d0e5f-dirty
Subject354,60,0.9830687830687831,0.9833333333333333,0.9833333333333333,recorded,24,4,none,rf,1077,0,68d0e5f-dirty
Subject516,30,0.9066666666666667,0.9333333333333333,0.9333333333333333,recorded,24,4,none,rf,1077,0,68d0e5f-dirty
Subject741,60,0.8755555555555556,0.8833333333333333,0.8833333333333333,recorded,24,4,none,rf,1077,0,68d0e5f-dirty
Subject819,60,0.8677441077441077,0.8833333333333333,0.8833333333333333,recorded,24,4,none,rf,1077,0,68d0e5f-dirty
Subject139,60,0.8626647426647427,0.8666666666666667,0.8666666666666667,new,24,4,tempo_intensity,rf,1077,4386,68d0e5f-dirty
Subject352,30,0.7333333333333332,0.8,0.8,new,24,4,tempo_intensity,rf,1077,4386,68d0e5f-dirty
Subject353,60,0.7118710918710919,0.75,0.75,new,24,4,tempo_intensity,rf,1077,4386,68d0e5f-dirty
Subject611,60,0.9475132275132275,0.95,0.95,new,24,4,tempo_intensity,rf,1077,4386,68d0e5f-dirty
Subject877,60,0.9830687830687831,0.9833333333333333,0.9833333333333333,new,24,4,tempo_intensity,rf,1077,4386,68d0e5f-dirty
Subject890,30,0.7444444444444444,0.8,0.8,new,24,4,tempo_intensity,rf,1077,4386,68d0e5f-dirty
Subject354,60,0.9418181818181818,0.95,0.95,recorded,24,4,tempo_intensity,rf,1077,4386,68d0e5f-dirty
Subject516,30,0.9644444444444444,0.9666666666666667,0.9666666666666667,recorded,24,4,tempo_intensity,rf,1077,4386,68d0e5f-dirty
Subject741,60,0.8452910052910052,0.85,0.85,recorded,24,4,tempo_intensity,rf,1077,4386,68d0e5f-dirty
Subject819,60,0.805117845117845,0.8333333333333334,0.8333333333333334,recorded,24,4,tempo_intensity,rf,1077,4386,68d0e5f-dirty
Subject139,60,0.877037037037037,0.8833333333333333,0.8833333333333333,new,24,4,plus_placement,rf,1077,4418,68d0e5f-dirty
Subject352,30,0.7333333333333332,0.8,0.8,new,24,4,plus_placement,rf,1077,4418,68d0e5f-dirty
Subject353,60,0.7405579605579606,0.7666666666666667,0.7666666666666667,new,24,4,plus_placement,rf,1077,4418,68d0e5f-dirty
Subject611,60,0.9830687830687831,0.9833333333333333,0.9833333333333333,new,24,4,plus_placement,rf,1077,4418,68d0e5f-dirty
Subject877,60,0.9661375661375662,0.9666666666666667,0.9666666666666667,new,24,4,plus_placement,rf,1077,4418,68d0e5f-dirty
Subject890,30,0.8444444444444443,0.8666666666666667,0.8666666666666667,new,24,4,plus_placement,rf,1077,4418,68d0e5f-dirty
Subject354,60,0.9418181818181818,0.95,0.95,recorded,24,4,plus_placement,rf,1077,4418,68d0e5f-dirty
Subject516,30,0.9066666666666667,0.9333333333333333,0.9333333333333333,recorded,24,4,plus_placement,rf,1077,4418,68d0e5f-dirty
Subject741,60,0.8811832611832612,0.8833333333333333,0.8833333333333333,recorded,24,4,plus_placement,rf,1077,4418,68d0e5f-dirty
Subject819,60,0.8751515151515151,0.8833333333333333,0.8833333333333333,recorded,24,4,plus_placement,rf,1077,4418,68d0e5f-dirty
Subject139,60,0.8941798941798942,0.9166666666666666,0.9166666666666666,new,24,8,none,rf,2481,0,68d0e5f-dirty
Subject352,30,0.7866666666666666,0.8333333333333334,0.8333333333333334,new,24,8,none,rf,2481,0,68d0e5f-dirty
Subject353,60,0.6806216006216007,0.6833333333333333,0.6833333333333333,new,24,8,none,rf,2481,0,68d0e5f-dirty
Subject611,60,0.9661375661375662,0.9666666666666667,0.9666666666666667,new,24,8,none,rf,2481,0,68d0e5f-dirty
Subject877,60,0.9830687830687831,0.9833333333333333,0.9833333333333333,new,24,8,none,rf,2481,0,68d0e5f-dirty
Subject890,30,0.758095238095238,0.8,0.8,new,24,8,none,rf,2481,0,68d0e5f-dirty
Subject354,60,0.9661375661375662,0.9666666666666667,0.9666666666666667,recorded,24,8,none,rf,2481,0,68d0e5f-dirty
Subject516,30,0.9644444444444444,0.9666666666666667,0.9666666666666667,recorded,24,8,none,rf,2481,0,68d0e5f-dirty
Subject561,60,0.9079557479557481,0.9166666666666666,0.9166666666666666,recorded,24,8,none,rf,2481,0,68d0e5f-dirty
Subject731,30,0.8825396825396826,0.9,0.9,recorded,24,8,none,rf,2481,0,68d0e5f-dirty
Subject741,60,0.8823472823472823,0.8833333333333333,0.8833333333333333,recorded,24,8,none,rf,2481,0,68d0e5f-dirty
Subject819,60,0.8517556517556517,0.8666666666666667,0.8666666666666667,recorded,24,8,none,rf,2481,0,68d0e5f-dirty
Subject867,60,0.8926984126984128,0.9,0.9,recorded,24,8,none,rf,2481,0,68d0e5f-dirty
Subject969,30,0.8755555555555555,0.9,0.9,recorded,24,8,none,rf,2481,0,68d0e5f-dirty
Subject139,60,0.8603174603174605,0.8833333333333333,0.8833333333333333,new,24,8,tempo_intensity,rf,2481,10123,68d0e5f-dirty
Subject352,30,0.84,0.8666666666666667,0.8666666666666667,new,24,8,tempo_intensity,rf,2481,10123,68d0e5f-dirty
Subject353,60,0.7153823953823955,0.7166666666666667,0.7166666666666667,new,24,8,tempo_intensity,rf,2481,10123,68d0e5f-dirty
Subject611,60,0.9661375661375662,0.9666666666666667,0.9666666666666667,new,24,8,tempo_intensity,rf,2481,10123,68d0e5f-dirty
Subject877,60,0.9830687830687831,0.9833333333333333,0.9833333333333333,new,24,8,tempo_intensity,rf,2481,10123,68d0e5f-dirty
Subject890,30,0.8114285714285715,0.8333333333333334,0.8333333333333334,new,24,8,tempo_intensity,rf,2481,10123,68d0e5f-dirty
Subject354,60,0.9661375661375662,0.9666666666666667,0.9666666666666667,recorded,24,8,tempo_intensity,rf,2481,10123,68d0e5f-dirty
Subject516,30,0.9644444444444444,0.9666666666666667,0.9666666666666667,recorded,24,8,tempo_intensity,rf,2481,10123,68d0e5f-dirty
Subject561,60,0.9661375661375662,0.9666666666666667,0.9666666666666667,recorded,24,8,tempo_intensity,rf,2481,10123,68d0e5f-dirty
Subject731,30,0.8333333333333334,0.8666666666666667,0.8666666666666667,recorded,24,8,tempo_intensity,rf,2481,10123,68d0e5f-dirty
Subject741,60,0.907955747955748,0.9166666666666666,0.9166666666666666,recorded,24,8,tempo_intensity,rf,2481,10123,68d0e5f-dirty
Subject819,60,0.8517556517556517,0.8666666666666667,0.8666666666666667,recorded,24,8,tempo_intensity,rf,2481,10123,68d0e5f-dirty
Subject867,60,0.9089947089947089,0.9166666666666666,0.9166666666666666,recorded,24,8,tempo_intensity,rf,2481,10123,68d0e5f-dirty
Subject969,30,0.8888888888888888,0.9,0.9,recorded,24,8,tempo_intensity,rf,2481,10123,68d0e5f-dirty
Subject139,60,0.9111111111111111,0.9333333333333333,0.9333333333333333,new,24,8,plus_placement,rf,2481,10186,68d0e5f-dirty
Subject352,30,0.8755555555555555,0.9,0.9,new,24,8,plus_placement,rf,2481,10186,68d0e5f-dirty
Subject353,60,0.7653102453102453,0.7666666666666667,0.7666666666666667,new,24,8,plus_placement,rf,2481,10186,68d0e5f-dirty
Subject611,60,0.9830687830687831,0.9833333333333333,0.9833333333333333,new,24,8,plus_placement,rf,2481,10186,68d0e5f-dirty
Subject877,60,1.0,1.0,1.0,new,24,8,plus_placement,rf,2481,10186,68d0e5f-dirty
Subject890,30,0.8114285714285715,0.8333333333333334,0.8333333333333334,new,24,8,plus_placement,rf,2481,10186,68d0e5f-dirty
Subject354,60,0.9475132275132275,0.95,0.95,recorded,24,8,plus_placement,rf,2481,10186,68d0e5f-dirty
Subject516,30,0.9644444444444444,0.9666666666666667,0.9666666666666667,recorded,24,8,plus_placement,rf,2481,10186,68d0e5f-dirty
Subject561,60,0.9305820105820106,0.9333333333333333,0.9333333333333333,recorded,24,8,plus_placement,rf,2481,10186,68d0e5f-dirty
Subject731,30,0.9333333333333332,0.9333333333333333,0.9333333333333333,recorded,24,8,plus_placement,rf,2481,10186,68d0e5f-dirty
Subject741,60,0.9661375661375662,0.9666666666666667,0.9666666666666667,recorded,24,8,plus_placement,rf,2481,10186,68d0e5f-dirty
Subject819,60,0.8812372812372813,0.9,0.9,recorded,24,8,plus_placement,rf,2481,10186,68d0e5f-dirty
Subject867,60,0.8918181818181818,0.9,0.9,recorded,24,8,plus_placement,rf,2481,10186,68d0e5f-dirty
Subject969,30,0.9644444444444444,0.9666666666666667,0.9666666666666667,recorded,24,8,plus_placement,rf,2481,10186,68d0e5f-dirty
Subject139,60,0.8565271765271766,0.8666666666666667,0.8666666666666667,new,24,17,none,rf,5023,0,68d0e5f-dirty
Subject352,30,0.8088888888888889,0.8333333333333334,0.8333333333333334,new,24,17,none,rf,5023,0,68d0e5f-dirty
Subject353,60,0.791986531986532,0.8166666666666667,0.8166666666666667,new,24,17,none,rf,5023,0,68d0e5f-dirty
Subject611,60,0.9676190476190477,0.9666666666666667,0.9666666666666667,new,24,17,none,rf,5023,0,68d0e5f-dirty
Subject877,60,1.0,1.0,1.0,new,24,17,none,rf,5023,0,68d0e5f-dirty
Subject890,30,0.9111111111111111,0.9333333333333333,0.9333333333333333,new,24,17,none,rf,5023,0,68d0e5f-dirty
Subject147,31,0.9311111111111111,0.9333333333333333,0.9354838709677419,recorded,24,17,none,rf,5023,0,68d0e5f-dirty
Subject226,30,0.9288888888888889,0.9333333333333333,0.9333333333333333,recorded,24,17,none,rf,5023,0,68d0e5f-dirty
Subject354,60,0.9830687830687831,0.9833333333333333,0.9833333333333333,recorded,24,17,none,rf,5023,0,68d0e5f-dirty
Subject376,60,0.8797557997557999,0.8833333333333333,0.8833333333333333,recorded,24,17,none,rf,5023,0,68d0e5f-dirty
Subject424,60,0.8243578643578644,0.85,0.85,recorded,24,17,none,rf,5023,0,68d0e5f-dirty
Subject455,60,0.9830687830687831,0.9833333333333333,0.9833333333333333,recorded,24,17,none,rf,5023,0,68d0e5f-dirty
Subject494,60,0.924886964886965,0.9333333333333333,0.9333333333333333,recorded,24,17,none,rf,5023,0,68d0e5f-dirty
Subject516,30,0.9333333333333332,0.9333333333333333,0.9333333333333333,recorded,24,17,none,rf,5023,0,68d0e5f-dirty
Subject561,60,0.9082202982202983,0.9166666666666666,0.9166666666666666,recorded,24,17,none,rf,5023,0,68d0e5f-dirty
Subject571,30,1.0,1.0,1.0,recorded,24,17,none,rf,5023,0,68d0e5f-dirty
Subject580,90,0.875151515151515,0.8777777777777778,0.8777777777777778,recorded,24,17,none,rf,5023,0,68d0e5f-dirty
Subject729,60,0.9644444444444444,0.9666666666666667,0.9666666666666667,recorded,24,17,none,rf,5023,0,68d0e5f-dirty
Subject731,30,0.8825396825396826,0.9,0.9,recorded,24,17,none,rf,5023,0,68d0e5f-dirty
Subject741,60,0.9248869648869648,0.9333333333333333,0.9333333333333333,recorded,24,17,none,rf,5023,0,68d0e5f-dirty
Subject819,60,0.8952055352055353,0.9,0.9,recorded,24,17,none,rf,5023,0,68d0e5f-dirty
Subject867,60,0.8926984126984128,0.9,0.9,recorded,24,17,none,rf,5023,0,68d0e5f-dirty
Subject969,30,0.8825396825396825,0.9,0.9,recorded,24,17,none,rf,5023,0,68d0e5f-dirty
Subject139,60,0.875839345839346,0.8833333333333333,0.8833333333333333,new,24,17,tempo_intensity,rf,5023,20441,68d0e5f-dirty
Subject352,30,0.8088888888888889,0.8333333333333334,0.8333333333333334,new,24,17,tempo_intensity,rf,5023,20441,68d0e5f-dirty
Subject353,60,0.791986531986532,0.8166666666666667,0.8166666666666667,new,24,17,tempo_intensity,rf,5023,20441,68d0e5f-dirty
Subject611,60,0.9830687830687831,0.9833333333333333,0.9833333333333333,new,24,17,tempo_intensity,rf,5023,20441,68d0e5f-dirty
Subject877,60,1.0,1.0,1.0,new,24,17,tempo_intensity,rf,5023,20441,68d0e5f-dirty
Subject890,30,0.9111111111111111,0.9333333333333333,0.9333333333333333,new,24,17,tempo_intensity,rf,5023,20441,68d0e5f-dirty
Subject147,31,0.9644444444444444,0.9666666666666667,0.967741935483871,recorded,24,17,tempo_intensity,rf,5023,20441,68d0e5f-dirty
Subject226,30,0.9288888888888889,0.9333333333333333,0.9333333333333333,recorded,24,17,tempo_intensity,rf,5023,20441,68d0e5f-dirty
Subject354,60,0.9830687830687831,0.9833333333333333,0.9833333333333333,recorded,24,17,tempo_intensity,rf,5023,20441,68d0e5f-dirty
Subject376,60,0.9164021164021163,0.9166666666666666,0.9166666666666666,recorded,24,17,tempo_intensity,rf,5023,20441,68d0e5f-dirty
Subject424,60,0.804040404040404,0.8333333333333334,0.8333333333333334,recorded,24,17,tempo_intensity,rf,5023,20441,68d0e5f-dirty
Subject455,60,0.9830687830687831,0.9833333333333333,0.9833333333333333,recorded,24,17,tempo_intensity,rf,5023,20441,68d0e5f-dirty
Subject494,60,0.924886964886965,0.9333333333333333,0.9333333333333333,recorded,24,17,tempo_intensity,rf,5023,20441,68d0e5f-dirty
Subject516,30,0.9333333333333332,0.9333333333333333,0.9333333333333333,recorded,24,17,tempo_intensity,rf,5023,20441,68d0e5f-dirty
Subject561,60,0.9082202982202983,0.9166666666666666,0.9166666666666666,recorded,24,17,tempo_intensity,rf,5023,20441,68d0e5f-dirty
Subject571,30,1.0,1.0,1.0,recorded,24,17,tempo_intensity,rf,5023,20441,68d0e5f-dirty
Subject580,90,0.8857867622573504,0.888888888888889,0.8888888888888888,recorded,24,17,tempo_intensity,rf,5023,20441,68d0e5f-dirty
Subject729,60,0.9392592592592592,0.95,0.95,recorded,24,17,tempo_intensity,rf,5023,20441,68d0e5f-dirty
Subject731,30,0.8555555555555555,0.8666666666666667,0.8666666666666667,recorded,24,17,tempo_intensity,rf,5023,20441,68d0e5f-dirty
Subject741,60,0.9418181818181818,0.95,0.95,recorded,24,17,tempo_intensity,rf,5023,20441,68d0e5f-dirty
Subject819,60,0.8506445406445408,0.85,0.85,recorded,24,17,tempo_intensity,rf,5023,20441,68d0e5f-dirty
Subject867,60,0.9096296296296296,0.9166666666666666,0.9166666666666666,recorded,24,17,tempo_intensity,rf,5023,20441,68d0e5f-dirty
Subject969,30,0.9111111111111111,0.9333333333333333,0.9333333333333333,recorded,24,17,tempo_intensity,rf,5023,20441,68d0e5f-dirty
Subject139,60,0.9079557479557481,0.9166666666666666,0.9166666666666666,new,24,17,plus_placement,rf,5023,20239,68d0e5f-dirty
Subject352,30,0.8222222222222222,0.8333333333333334,0.8333333333333334,new,24,17,plus_placement,rf,5023,20239,68d0e5f-dirty
Subject353,60,0.7773737373737374,0.8,0.8,new,24,17,plus_placement,rf,5023,20239,68d0e5f-dirty
Subject611,60,0.9830687830687831,0.9833333333333333,0.9833333333333333,new,24,17,plus_placement,rf,5023,20239,68d0e5f-dirty
Subject877,60,1.0,1.0,1.0,new,24,17,plus_placement,rf,5023,20239,68d0e5f-dirty
Subject890,30,0.8333333333333334,0.8666666666666667,0.8666666666666667,new,24,17,plus_placement,rf,5023,20239,68d0e5f-dirty
Subject147,31,0.9644444444444444,0.9666666666666667,0.967741935483871,recorded,24,17,plus_placement,rf,5023,20239,68d0e5f-dirty
Subject226,30,0.8711111111111111,0.9,0.9,recorded,24,17,plus_placement,rf,5023,20239,68d0e5f-dirty
Subject354,60,0.9830687830687831,0.9833333333333333,0.9833333333333333,recorded,24,17,plus_placement,rf,5023,20239,68d0e5f-dirty
Subject376,60,0.8922751322751323,0.9,0.9,recorded,24,17,plus_placement,rf,5023,20239,68d0e5f-dirty
Subject424,60,0.8452910052910052,0.8666666666666667,0.8666666666666667,recorded,24,17,plus_placement,rf,5023,20239,68d0e5f-dirty
Subject455,60,1.0,1.0,1.0,recorded,24,17,plus_placement,rf,5023,20239,68d0e5f-dirty
Subject494,60,0.924886964886965,0.9333333333333333,0.9333333333333333,recorded,24,17,plus_placement,rf,5023,20239,68d0e5f-dirty
Subject516,30,1.0,1.0,1.0,recorded,24,17,plus_placement,rf,5023,20239,68d0e5f-dirty
Subject561,60,0.924886964886965,0.9333333333333333,0.9333333333333333,recorded,24,17,plus_placement,rf,5023,20239,68d0e5f-dirty
Subject571,30,1.0,1.0,1.0,recorded,24,17,plus_placement,rf,5023,20239,68d0e5f-dirty
Subject580,90,0.906055056055056,0.9111111111111112,0.9111111111111111,recorded,24,17,plus_placement,rf,5023,20239,68d0e5f-dirty
Subject729,60,0.9830687830687831,0.9833333333333333,0.9833333333333333,recorded,24,17,plus_placement,rf,5023,20239,68d0e5f-dirty
Subject731,30,0.9644444444444444,0.9666666666666667,0.9666666666666667,recorded,24,17,plus_placement,rf,5023,20239,68d0e5f-dirty
Subject741,60,0.9418181818181818,0.95,0.95,recorded,24,17,plus_placement,rf,5023,20239,68d0e5f-dirty
Subject819,60,0.8952055352055353,0.9,0.9,recorded,24,17,plus_placement,rf,5023,20239,68d0e5f-dirty
Subject867,60,0.8918181818181818,0.9,0.9,recorded,24,17,plus_placement,rf,5023,20239,68d0e5f-dirty
Subject969,30,1.0,1.0,1.0,recorded,24,17,plus_placement,rf,5023,20239,68d0e5f-dirty
Subject352,30,0.6822222222222223,0.7333333333333333,0.7333333333333333,new,25,2,none,rf,604,0,68d0e5f-dirty
Subject353,60,0.59001924001924,0.6666666666666666,0.6666666666666666,new,25,2,none,rf,604,0,68d0e5f-dirty
Subject354,60,0.6590476190476191,0.7,0.7,new,25,2,none,rf,604,0,68d0e5f-dirty
Subject561,60,0.687109187109187,0.7333333333333333,0.7333333333333333,new,25,2,none,rf,604,0,68d0e5f-dirty
Subject571,30,0.6066666666666668,0.6666666666666666,0.6666666666666666,new,25,2,none,rf,604,0,68d0e5f-dirty
Subject611,60,0.7688023088023088,0.7833333333333333,0.7833333333333333,new,25,2,none,rf,604,0,68d0e5f-dirty
Subject147,31,0.9311111111111111,0.9333333333333333,0.9354838709677419,recorded,25,2,none,rf,604,0,68d0e5f-dirty
Subject877,60,0.9830687830687831,0.9833333333333333,0.9833333333333333,recorded,25,2,none,rf,604,0,68d0e5f-dirty
Subject352,30,0.6844444444444444,0.7333333333333333,0.7333333333333333,new,25,2,tempo_intensity,rf,604,2481,68d0e5f-dirty
Subject353,60,0.6529292929292929,0.7,0.7,new,25,2,tempo_intensity,rf,604,2481,68d0e5f-dirty
Subject354,60,0.6390404040404041,0.6833333333333333,0.6833333333333333,new,25,2,tempo_intensity,rf,604,2481,68d0e5f-dirty
Subject561,60,0.7439153439153439,0.7666666666666667,0.7666666666666667,new,25,2,tempo_intensity,rf,604,2481,68d0e5f-dirty
Subject571,30,0.6866666666666666,0.7333333333333333,0.7333333333333333,new,25,2,tempo_intensity,rf,604,2481,68d0e5f-dirty
Subject611,60,0.7730351130351131,0.8,0.8,new,25,2,tempo_intensity,rf,604,2481,68d0e5f-dirty
Subject147,31,0.9644444444444444,0.9666666666666667,0.967741935483871,recorded,25,2,tempo_intensity,rf,604,2481,68d0e5f-dirty
Subject877,60,0.8987301587301587,0.9,0.9,recorded,25,2,tempo_intensity,rf,604,2481,68d0e5f-dirty
Subject352,30,0.72,0.7666666666666667,0.7666666666666667,new,25,2,plus_placement,rf,604,2449,68d0e5f-dirty
Subject353,60,0.6488755688755689,0.7166666666666667,0.7166666666666667,new,25,2,plus_placement,rf,604,2449,68d0e5f-dirty
Subject354,60,0.6541798941798941,0.6833333333333333,0.6833333333333333,new,25,2,plus_placement,rf,604,2449,68d0e5f-dirty
Subject561,60,0.7460509860509862,0.7833333333333333,0.7833333333333333,new,25,2,plus_placement,rf,604,2449,68d0e5f-dirty
Subject571,30,0.6844444444444445,0.7333333333333333,0.7333333333333333,new,25,2,plus_placement,rf,604,2449,68d0e5f-dirty
Subject611,60,0.8147811447811449,0.8166666666666667,0.8166666666666667,new,25,2,plus_placement,rf,604,2449,68d0e5f-dirty
Subject147,31,0.9311111111111111,0.9333333333333333,0.9354838709677419,recorded,25,2,plus_placement,rf,604,2449,68d0e5f-dirty
Subject877,60,0.9506878306878307,0.95,0.95,recorded,25,2,plus_placement,rf,604,2449,68d0e5f-dirty
Subject352,30,0.6888888888888888,0.7333333333333333,0.7333333333333333,new,25,4,none,rf,1182,0,68d0e5f-dirty
Subject353,60,0.6592977392977394,0.7,0.7,new,25,4,none,rf,1182,0,68d0e5f-dirty
Subject354,60,0.829015059015059,0.85,0.85,new,25,4,none,rf,1182,0,68d0e5f-dirty
Subject561,60,0.6783261183261184,0.7333333333333333,0.7333333333333333,new,25,4,none,rf,1182,0,68d0e5f-dirty
Subject571,30,0.7577777777777778,0.8,0.8,new,25,4,none,rf,1182,0,68d0e5f-dirty
Subject611,60,0.8071957671957671,0.8333333333333334,0.8333333333333334,new,25,4,none,rf,1182,0,68d0e5f-dirty
Subject147,31,0.9288888888888889,0.9333333333333333,0.9354838709677419,recorded,25,4,none,rf,1182,0,68d0e5f-dirty
Subject226,30,0.8955555555555555,0.9,0.9,recorded,25,4,none,rf,1182,0,68d0e5f-dirty
Subject516,30,0.9288888888888888,0.9333333333333333,0.9333333333333333,recorded,25,4,none,rf,1182,0,68d0e5f-dirty
Subject877,60,0.9475132275132274,0.95,0.95,recorded,25,4,none,rf,1182,0,68d0e5f-dirty
Subject352,30,0.7866666666666666,0.8,0.8,new,25,4,tempo_intensity,rf,1182,4816,68d0e5f-dirty
Subject353,60,0.7274266474266473,0.75,0.75,new,25,4,tempo_intensity,rf,1182,4816,68d0e5f-dirty
Subject354,60,0.7458008658008658,0.7666666666666667,0.7666666666666667,new,25,4,tempo_intensity,rf,1182,4816,68d0e5f-dirty
Subject561,60,0.7396114996114994,0.7833333333333333,0.7833333333333333,new,25,4,tempo_intensity,rf,1182,4816,68d0e5f-dirty
Subject571,30,0.7822222222222223,0.8333333333333334,0.8333333333333334,new,25,4,tempo_intensity,rf,1182,4816,68d0e5f-dirty
Subject611,60,0.8038298738298739,0.8333333333333334,0.8333333333333334,new,25,4,tempo_intensity,rf,1182,4816,68d0e5f-dirty
Subject147,31,0.9288888888888889,0.9333333333333333,0.9354838709677419,recorded,25,4,tempo_intensity,rf,1182,4816,68d0e5f-dirty
Subject226,30,0.8977777777777778,0.9,0.9,recorded,25,4,tempo_intensity,rf,1182,4816,68d0e5f-dirty
Subject516,30,0.9644444444444444,0.9666666666666667,0.9666666666666667,recorded,25,4,tempo_intensity,rf,1182,4816,68d0e5f-dirty
Subject877,60,0.9492063492063493,0.95,0.95,recorded,25,4,tempo_intensity,rf,1182,4816,68d0e5f-dirty
Subject352,30,0.7777777777777778,0.8,0.8,new,25,4,plus_placement,rf,1182,4786,68d0e5f-dirty
Subject353,60,0.65983645983646,0.7,0.7,new,25,4,plus_placement,rf,1182,4786,68d0e5f-dirty
Subject354,60,0.8146031746031746,0.8333333333333334,0.8333333333333334,new,25,4,plus_placement,rf,1182,4786,68d0e5f-dirty
Subject561,60,0.7165367965367965,0.75,0.75,new,25,4,plus_placement,rf,1182,4786,68d0e5f-dirty
Subject571,30,0.7577777777777778,0.8,0.8,new,25,4,plus_placement,rf,1182,4786,68d0e5f-dirty
Subject611,60,0.7850120250120249,0.8,0.8,new,25,4,plus_placement,rf,1182,4786,68d0e5f-dirty
Subject147,31,0.9644444444444444,0.9666666666666667,0.967741935483871,recorded,25,4,plus_placement,rf,1182,4786,68d0e5f-dirty
Subject226,30,0.9288888888888889,0.9333333333333333,0.9333333333333333,recorded,25,4,plus_placement,rf,1182,4786,68d0e5f-dirty
Subject516,30,0.8755555555555555,0.9,0.9,recorded,25,4,plus_placement,rf,1182,4786,68d0e5f-dirty
Subject877,60,0.9475132275132274,0.95,0.95,recorded,25,4,plus_placement,rf,1182,4786,68d0e5f-dirty
Subject352,30,0.7422222222222222,0.7666666666666667,0.7666666666666667,new,25,8,none,rf,2273,0,68d0e5f-dirty
Subject353,60,0.7283790283790285,0.7666666666666667,0.7666666666666667,new,25,8,none,rf,2273,0,68d0e5f-dirty
Subject354,60,0.9062626262626261,0.9166666666666666,0.9166666666666666,new,25,8,none,rf,2273,0,68d0e5f-dirty
Subject561,60,0.6862626262626262,0.75,0.75,new,25,8,none,rf,2273,0,68d0e5f-dirty
Subject571,30,0.9288888888888888,0.9333333333333333,0.9333333333333333,new,25,8,none,rf,2273,0,68d0e5f-dirty
Subject611,60,0.7908994708994709,0.8333333333333334,0.8333333333333334,new,25,8,none,rf,2273,0,68d0e5f-dirty
Subject139,60,0.8548340548340551,0.8666666666666667,0.8666666666666667,recorded,25,8,none,rf,2273,0,68d0e5f-dirty
Subject147,31,0.8933333333333334,0.9,0.9032258064516129,recorded,25,8,none,rf,2273,0,68d0e5f-dirty
Subject226,30,0.8422222222222222,0.8666666666666667,0.8666666666666667,recorded,25,8,none,rf,2273,0,68d0e5f-dirty
Subject376,60,0.8308609908609909,0.8333333333333334,0.8333333333333334,recorded,25,8,none,rf,2273,0,68d0e5f-dirty
Subject516,30,0.9288888888888888,0.9333333333333333,0.9333333333333333,recorded,25,8,none,rf,2273,0,68d0e5f-dirty
Subject867,60,0.8781144781144782,0.8833333333333333,0.8833333333333333,recorded,25,8,none,rf,2273,0,68d0e5f-dirty
Subject877,60,0.9644444444444444,0.9666666666666667,0.9666666666666667,recorded,25,8,none,rf,2273,0,68d0e5f-dirty
Subject890,30,0.9644444444444444,0.9666666666666667,0.9666666666666667,recorded,25,8,none,rf,2273,0,68d0e5f-dirty
Subject352,30,0.7866666666666666,0.8,0.8,new,25,8,tempo_intensity,rf,2273,9189,68d0e5f-dirty
Subject353,60,0.71991341991342,0.7666666666666667,0.7666666666666667,new,25,8,tempo_intensity,rf,2273,9189,68d0e5f-dirty
Subject354,60,0.874074074074074,0.8833333333333333,0.8833333333333333,new,25,8,tempo_intensity,rf,2273,9189,68d0e5f-dirty
Subject561,60,0.5907070707070707,0.6666666666666666,0.6666666666666666,new,25,8,tempo_intensity,rf,2273,9189,68d0e5f-dirty
Subject571,30,0.9333333333333332,0.9333333333333333,0.9333333333333333,new,25,8,tempo_intensity,rf,2273,9189,68d0e5f-dirty
Subject611,60,0.7908994708994709,0.8333333333333334,0.8333333333333334,new,25,8,tempo_intensity,rf,2273,9189,68d0e5f-dirty
Subject139,60,0.8734583934583936,0.8833333333333333,0.8833333333333333,recorded,25,8,tempo_intensity,rf,2273,9189,68d0e5f-dirty
Subject147,31,0.8955555555555555,0.9,0.9032258064516129,recorded,25,8,tempo_intensity,rf,2273,9189,68d0e5f-dirty
Subject226,30,0.9311111111111111,0.9333333333333333,0.9333333333333333,recorded,25,8,tempo_intensity,rf,2273,9189,68d0e5f-dirty
Subject376,60,0.8286772486772487,0.8333333333333334,0.8333333333333334,recorded,25,8,tempo_intensity,rf,2273,9189,68d0e5f-dirty
Subject516,30,0.8755555555555555,0.9,0.9,recorded,25,8,tempo_intensity,rf,2273,9189,68d0e5f-dirty
Subject867,60,0.8781144781144781,0.8833333333333333,0.8833333333333333,recorded,25,8,tempo_intensity,rf,2273,9189,68d0e5f-dirty
Subject877,60,0.9644444444444444,0.9666666666666667,0.9666666666666667,recorded,25,8,tempo_intensity,rf,2273,9189,68d0e5f-dirty
Subject890,30,1.0,1.0,1.0,recorded,25,8,tempo_intensity,rf,2273,9189,68d0e5f-dirty
Subject352,30,0.7777777777777778,0.8,0.8,new,25,8,plus_placement,rf,2273,9185,68d0e5f-dirty
Subject353,60,0.6962626262626262,0.75,0.75,new,25,8,plus_placement,rf,2273,9185,68d0e5f-dirty
Subject354,60,0.8755555555555555,0.9,0.9,new,25,8,plus_placement,rf,2273,9185,68d0e5f-dirty
Subject561,60,0.6693314093314093,0.7333333333333333,0.7333333333333333,new,25,8,plus_placement,rf,2273,9185,68d0e5f-dirty
Subject571,30,0.8755555555555555,0.9,0.9,new,25,8,plus_placement,rf,2273,9185,68d0e5f-dirty
Subject611,60,0.8505820105820107,0.8666666666666667,0.8666666666666667,new,25,8,plus_placement,rf,2273,9185,68d0e5f-dirty
Subject139,60,0.9305820105820106,0.9333333333333333,0.9333333333333333,recorded,25,8,plus_placement,rf,2273,9185,68d0e5f-dirty
Subject147,31,0.9111111111111111,0.9333333333333333,0.9354838709677419,recorded,25,8,plus_placement,rf,2273,9185,68d0e5f-dirty
Subject226,30,0.9311111111111111,0.9333333333333333,0.9333333333333333,recorded,25,8,plus_placement,rf,2273,9185,68d0e5f-dirty
Subject376,60,0.8452910052910052,0.85,0.85,recorded,25,8,plus_placement,rf,2273,9185,68d0e5f-dirty
Subject516,30,0.8755555555555555,0.9,0.9,recorded,25,8,plus_placement,rf,2273,9185,68d0e5f-dirty
Subject867,60,0.9119769119769121,0.9166666666666666,0.9166666666666666,recorded,25,8,plus_placement,rf,2273,9185,68d0e5f-dirty
Subject877,60,0.9475132275132274,0.95,0.95,recorded,25,8,plus_placement,rf,2273,9185,68d0e5f-dirty
Subject890,30,1.0,1.0,1.0,recorded,25,8,plus_placement,rf,2273,9185,68d0e5f-dirty
Subject352,30,0.8088888888888889,0.8333333333333334,0.8333333333333334,new,25,17,none,rf,4965,0,68d0e5f-dirty
Subject353,60,0.7174469974469974,0.75,0.75,new,25,17,none,rf,4965,0,68d0e5f-dirty
Subject354,60,0.9830687830687831,0.9833333333333333,0.9833333333333333,new,25,17,none,rf,4965,0,68d0e5f-dirty
Subject561,60,0.716969696969697,0.7666666666666667,0.7666666666666667,new,25,17,none,rf,4965,0,68d0e5f-dirty
Subject571,30,0.9644444444444444,0.9666666666666667,0.9666666666666667,new,25,17,none,rf,4965,0,68d0e5f-dirty
Subject611,60,0.8747474747474747,0.9,0.9,new,25,17,none,rf,4965,0,68d0e5f-dirty
Subject139,60,0.9308465608465609,0.9333333333333333,0.9333333333333333,recorded,25,17,none,rf,4965,0,68d0e5f-dirty
Subject147,31,0.9644444444444444,0.9666666666666667,0.967741935483871,recorded,25,17,none,rf,4965,0,68d0e5f-dirty
Subject226,30,0.9644444444444444,0.9666666666666667,0.9666666666666667,recorded,25,17,none,rf,4965,0,68d0e5f-dirty
Subject376,60,0.8853054353054353,0.8833333333333333,0.8833333333333333,recorded,25,17,none,rf,4965,0,68d0e5f-dirty
Subject424,60,0.8981684981684982,0.9166666666666666,0.9166666666666666,recorded,25,17,none,rf,4965,0,68d0e5f-dirty
Subject455,60,0.9830687830687831,0.9833333333333333,0.9833333333333333,recorded,25,17,none,rf,4965,0,68d0e5f-dirty
Subject494,60,0.9223280423280423,0.9333333333333333,0.9333333333333333,recorded,25,17,none,rf,4965,0,68d0e5f-dirty
Subject516,30,0.8977777777777778,0.9,0.9,recorded,25,17,none,rf,4965,0,68d0e5f-dirty
Subject580,90,0.9000388500388501,0.9,0.9,recorded,25,17,none,rf,4965,0,68d0e5f-dirty
Subject729,60,0.9293650793650794,0.9333333333333333,0.9333333333333333,recorded,25,17,none,rf,4965,0,68d0e5f-dirty
Subject731,30,1.0,1.0,1.0,recorded,25,17,none,rf,4965,0,68d0e5f-dirty
Subject741,60,0.9497354497354498,0.95,0.95,recorded,25,17,none,rf,4965,0,68d0e5f-dirty
Subject819,60,0.8941798941798942,0.9166666666666666,0.9166666666666666,recorded,25,17,none,rf,4965,0,68d0e5f-dirty
Subject867,60,0.9311111111111111,0.9333333333333333,0.9333333333333333,recorded,25,17,none,rf,4965,0,68d0e5f-dirty
Subject877,60,1.0,1.0,1.0,recorded,25,17,none,rf,4965,0,68d0e5f-dirty
Subject890,30,0.9644444444444444,0.9666666666666667,0.9666666666666667,recorded,25,17,none,rf,4965,0,68d0e5f-dirty
Subject969,30,0.8825396825396825,0.9,0.9,recorded,25,17,none,rf,4965,0,68d0e5f-dirty
Subject352,30,0.8088888888888889,0.8333333333333334,0.8333333333333334,new,25,17,tempo_intensity,rf,4965,20084,68d0e5f-dirty
Subject353,60,0.7682395382395382,0.7833333333333333,0.7833333333333333,new,25,17,tempo_intensity,rf,4965,20084,68d0e5f-dirty
Subject354,60,0.9830687830687831,0.9833333333333333,0.9833333333333333,new,25,17,tempo_intensity,rf,4965,20084,68d0e5f-dirty
Subject561,60,0.7604425204425205,0.8,0.8,new,25,17,tempo_intensity,rf,4965,20084,68d0e5f-dirty
Subject571,30,0.9111111111111111,0.9333333333333333,0.9333333333333333,new,25,17,tempo_intensity,rf,4965,20084,68d0e5f-dirty
Subject611,60,0.9331409331409332,0.9333333333333333,0.9333333333333333,new,25,17,tempo_intensity,rf,4965,20084,68d0e5f-dirty
Subject139,60,0.9082202982202983,0.9166666666666666,0.9166666666666666,recorded,25,17,tempo_intensity,rf,4965,20084,68d0e5f-dirty
Subject147,31,0.8622222222222222,0.8666666666666667,0.8709677419354839,recorded,25,17,tempo_intensity,rf,4965,20084,68d0e5f-dirty
Subject226,30,0.9311111111111111,0.9333333333333333,0.9333333333333333,recorded,25,17,tempo_intensity,rf,4965,20084,68d0e5f-dirty
Subject376,60,0.901972101972102,0.9,0.9,recorded,25,17,tempo_intensity,rf,4965,20084,68d0e5f-dirty
Subject424,60,0.8981684981684982,0.9166666666666666,0.9166666666666666,recorded,25,17,tempo_intensity,rf,4965,20084,68d0e5f-dirty
Subject455,60,1.0,1.0,1.0,recorded,25,17,tempo_intensity,rf,4965,20084,68d0e5f-dirty
Subject494,60,0.8943915343915344,0.9,0.9,recorded,25,17,tempo_intensity,rf,4965,20084,68d0e5f-dirty
Subject516,30,0.8111111111111111,0.8,0.8,recorded,25,17,tempo_intensity,rf,4965,20084,68d0e5f-dirty
Subject580,90,0.8801515151515151,0.8777777777777779,0.8777777777777778,recorded,25,17,tempo_intensity,rf,4965,20084,68d0e5f-dirty
Subject729,60,0.88996632996633,0.9,0.9,recorded,25,17,tempo_intensity,rf,4965,20084,68d0e5f-dirty
Subject731,30,1.0,1.0,1.0,recorded,25,17,tempo_intensity,rf,4965,20084,68d0e5f-dirty
Subject741,60,0.9497354497354498,0.95,0.95,recorded,25,17,tempo_intensity,rf,4965,20084,68d0e5f-dirty
Subject819,60,0.8786916786916787,0.9,0.9,recorded,25,17,tempo_intensity,rf,4965,20084,68d0e5f-dirty
Subject867,60,0.9311111111111111,0.9333333333333333,0.9333333333333333,recorded,25,17,tempo_intensity,rf,4965,20084,68d0e5f-dirty
Subject877,60,1.0,1.0,1.0,recorded,25,17,tempo_intensity,rf,4965,20084,68d0e5f-dirty
Subject890,30,0.9644444444444444,0.9666666666666667,0.9666666666666667,recorded,25,17,tempo_intensity,rf,4965,20084,68d0e5f-dirty
Subject969,30,0.8825396825396825,0.9,0.9,recorded,25,17,tempo_intensity,rf,4965,20084,68d0e5f-dirty
Subject352,30,0.8755555555555555,0.9,0.9,new,25,17,plus_placement,rf,4965,20091,68d0e5f-dirty
Subject353,60,0.7689610389610391,0.8,0.8,new,25,17,plus_placement,rf,4965,20091,68d0e5f-dirty
Subject354,60,0.9830687830687831,0.9833333333333333,0.9833333333333333,new,25,17,plus_placement,rf,4965,20091,68d0e5f-dirty
Subject561,60,0.7604425204425205,0.8,0.8,new,25,17,plus_placement,rf,4965,20091,68d0e5f-dirty
Subject571,30,0.9644444444444444,0.9666666666666667,0.9666666666666667,new,25,17,plus_placement,rf,4965,20091,68d0e5f-dirty
Subject611,60,0.9333333333333332,0.9333333333333333,0.9333333333333333,new,25,17,plus_placement,rf,4965,20091,68d0e5f-dirty
Subject139,60,0.9492063492063493,0.95,0.95,recorded,25,17,plus_placement,rf,4965,20091,68d0e5f-dirty
Subject147,31,0.9111111111111111,0.9333333333333333,0.9354838709677419,recorded,25,17,plus_placement,rf,4965,20091,68d0e5f-dirty
Subject226,30,0.9644444444444444,0.9666666666666667,0.9666666666666667,recorded,25,17,plus_placement,rf,4965,20091,68d0e5f-dirty
Subject376,60,0.885925925925926,0.8833333333333333,0.8833333333333333,recorded,25,17,plus_placement,rf,4965,20091,68d0e5f-dirty
Subject424,60,0.8656084656084656,0.8833333333333333,0.8833333333333333,recorded,25,17,plus_placement,rf,4965,20091,68d0e5f-dirty
Subject455,60,1.0,1.0,1.0,recorded,25,17,plus_placement,rf,4965,20091,68d0e5f-dirty
Subject494,60,0.9223280423280423,0.9333333333333333,0.9333333333333333,recorded,25,17,plus_placement,rf,4965,20091,68d0e5f-dirty
Subject516,30,0.846984126984127,0.8666666666666667,0.8666666666666667,recorded,25,17,plus_placement,rf,4965,20091,68d0e5f-dirty
Subject580,90,0.9097635697635698,0.9111111111111112,0.9111111111111111,recorded,25,17,plus_placement,rf,4965,20091,68d0e5f-dirty
Subject729,60,0.9308465608465608,0.9333333333333333,0.9333333333333333,recorded,25,17,plus_placement,rf,4965,20091,68d0e5f-dirty
Subject731,30,1.0,1.0,1.0,recorded,25,17,plus_placement,rf,4965,20091,68d0e5f-dirty
Subject741,60,0.9497354497354498,0.95,0.95,recorded,25,17,plus_placement,rf,4965,20091,68d0e5f-dirty
Subject819,60,0.8941798941798942,0.9166666666666666,0.9166666666666666,recorded,25,17,plus_placement,rf,4965,20091,68d0e5f-dirty
Subject867,60,0.9119769119769121,0.9166666666666666,0.9166666666666666,recorded,25,17,plus_placement,rf,4965,20091,68d0e5f-dirty
Subject877,60,1.0,1.0,1.0,recorded,25,17,plus_placement,rf,4965,20091,68d0e5f-dirty
Subject890,30,1.0,1.0,1.0,recorded,25,17,plus_placement,rf,4965,20091,68d0e5f-dirty
Subject969,30,0.8825396825396825,0.9,0.9,recorded,25,17,plus_placement,rf,4965,20091,68d0e5f-dirty
Subject147,31,0.7247619047619047,0.7666666666666667,0.7741935483870968,new,26,2,none,rf,590,0,68d0e5f-dirty
Subject352,30,0.6422222222222221,0.7,0.7,new,26,2,none,rf,590,0,68d0e5f-dirty
Subject494,60,0.31622895622895625,0.36666666666666664,0.36666666666666664,new,26,2,none,rf,590,0,68d0e5f-dirty
Subject580,90,0.634611662846957,0.6444444444444444,0.6444444444444445,new,26,2,none,rf,590,0,68d0e5f-dirty
Subject611,60,0.8372679172679174,0.8666666666666667,0.8666666666666667,new,26,2,none,rf,590,0,68d0e5f-dirty
Subject969,30,0.5536507936507937,0.6333333333333333,0.6333333333333333,new,26,2,none,rf,590,0,68d0e5f-dirty
Subject819,60,0.837023717023717,0.85,0.85,recorded,26,2,none,rf,590,0,68d0e5f-dirty
Subject867,60,0.9305820105820106,0.9333333333333333,0.9333333333333333,recorded,26,2,none,rf,590,0,68d0e5f-dirty
Subject147,31,0.7025396825396826,0.7333333333333333,0.7419354838709677,new,26,2,tempo_intensity,rf,590,2387,68d0e5f-dirty
Subject352,30,0.598095238095238,0.6333333333333333,0.6333333333333333,new,26,2,tempo_intensity,rf,590,2387,68d0e5f-dirty
Subject494,60,0.23400673400673402,0.3,0.3,new,26,2,tempo_intensity,rf,590,2387,68d0e5f-dirty
Subject580,90,0.5434508136056123,0.5777777777777777,0.5777777777777777,new,26,2,tempo_intensity,rf,590,2387,68d0e5f-dirty
Subject611,60,0.682135642135642,0.7333333333333333,0.7333333333333333,new,26,2,tempo_intensity,rf,590,2387,68d0e5f-dirty
Subject969,30,0.5536507936507937,0.6333333333333333,0.6333333333333333,new,26,2,tempo_intensity,rf,590,2387,68d0e5f-dirty
Subject819,60,0.8163155363155364,0.8333333333333334,0.8333333333333334,recorded,26,2,tempo_intensity,rf,590,2387,68d0e5f-dirty
Subject867,60,0.8988359788359789,0.9,0.9,recorded,26,2,tempo_intensity,rf,590,2387,68d0e5f-dirty
Subject147,31,0.6136507936507936,0.6666666666666666,0.6774193548387096,new,26,2,plus_placement,rf,590,2378,68d0e5f-dirty
Subject352,30,0.6469841269841269,0.7,0.7,new,26,2,plus_placement,rf,590,2378,68d0e5f-dirty
Subject494,60,0.23900543900543897,0.31666666666666665,0.31666666666666665,new,26,2,plus_placement,rf,590,2378,68d0e5f-dirty
Subject580,90,0.6261005661005662,0.6333333333333333,0.6333333333333333,new,26,2,plus_placement,rf,590,2378,68d0e5f-dirty
Subject611,60,0.8194708994708997,0.85,0.85,new,26,2,plus_placement,rf,590,2378,68d0e5f-dirty
Subject969,30,0.5688888888888889,0.6333333333333333,0.6333333333333333,new,26,2,plus_placement,rf,590,2378,68d0e5f-dirty
Subject819,60,0.9079557479557481,0.9166666666666666,0.9166666666666666,recorded,26,2,plus_placement,rf,590,2378,68d0e5f-dirty
Subject867,60,0.8773208273208275,0.8833333333333333,0.8833333333333333,recorded,26,2,plus_placement,rf,590,2378,68d0e5f-dirty
Subject147,31,0.8488888888888889,0.8666666666666667,0.8709677419354839,new,26,4,none,rf,1233,0,68d0e5f-dirty
Subject352,30,0.8222222222222222,0.8333333333333334,0.8333333333333334,new,26,4,none,rf,1233,0,68d0e5f-dirty
Subject494,60,0.29333333333333333,0.38333333333333336,0.38333333333333336,new,26,4,none,rf,1233,0,68d0e5f-dirty
Subject580,90,0.6872489601901367,0.7111111111111111,0.7111111111111111,new,26,4,none,rf,1233,0,68d0e5f-dirty
Subject611,60,0.911957671957672,0.9166666666666666,0.9166666666666666,new,26,4,none,rf,1233,0,68d0e5f-dirty
Subject969,30,0.6577777777777778,0.7,0.7,new,26,4,none,rf,1233,0,68d0e5f-dirty
Subject139,60,0.9316402116402116,0.9333333333333333,0.9333333333333333,recorded,26,4,none,rf,1233,0,68d0e5f-dirty
Subject819,60,0.8893314093314094,0.9,0.9,recorded,26,4,none,rf,1233,0,68d0e5f-dirty
Subject867,60,0.8584319384319384,0.8666666666666667,0.8666666666666667,recorded,26,4,none,rf,1233,0,68d0e5f-dirty
Subject877,60,0.9506878306878307,0.95,0.95,recorded,26,4,none,rf,1233,0,68d0e5f-dirty
Subject147,31,0.811111111111111,0.8333333333333334,0.8387096774193549,new,26,4,tempo_intensity,rf,1233,5028,68d0e5f-dirty
Subject352,30,0.8088888888888889,0.8333333333333334,0.8333333333333334,new,26,4,tempo_intensity,rf,1233,5028,68d0e5f-dirty
Subject494,60,0.32338772338772337,0.36666666666666664,0.36666666666666664,new,26,4,tempo_intensity,rf,1233,5028,68d0e5f-dirty
Subject580,90,0.7273685573685573,0.7444444444444446,0.7444444444444445,new,26,4,tempo_intensity,rf,1233,5028,68d0e5f-dirty
Subject611,60,0.8933333333333332,0.9,0.9,new,26,4,tempo_intensity,rf,1233,5028,68d0e5f-dirty
Subject969,30,0.5807407407407407,0.6333333333333333,0.6333333333333333,new,26,4,tempo_intensity,rf,1233,5028,68d0e5f-dirty
Subject139,60,0.9475132275132274,0.95,0.95,recorded,26,4,tempo_intensity,rf,1233,5028,68d0e5f-dirty
Subject819,60,0.8283597883597884,0.85,0.85,recorded,26,4,tempo_intensity,rf,1233,5028,68d0e5f-dirty
Subject867,60,0.8603896103896105,0.8666666666666667,0.8666666666666667,recorded,26,4,tempo_intensity,rf,1233,5028,68d0e5f-dirty
Subject877,60,0.9506878306878307,0.95,0.95,recorded,26,4,tempo_intensity,rf,1233,5028,68d0e5f-dirty
Subject147,31,0.8155555555555556,0.8333333333333334,0.8387096774193549,new,26,4,plus_placement,rf,1233,5104,68d0e5f-dirty
Subject352,30,0.7333333333333332,0.7666666666666667,0.7666666666666667,new,26,4,plus_placement,rf,1233,5104,68d0e5f-dirty
Subject494,60,0.32090872090872086,0.38333333333333336,0.38333333333333336,new,26,4,plus_placement,rf,1233,5104,68d0e5f-dirty
Subject580,90,0.7265800865800865,0.7444444444444446,0.7444444444444445,new,26,4,plus_placement,rf,1233,5104,68d0e5f-dirty
Subject611,60,0.9288888888888888,0.9333333333333333,0.9333333333333333,new,26,4,plus_placement,rf,1233,5104,68d0e5f-dirty
Subject969,30,0.5866666666666666,0.6666666666666666,0.6666666666666666,new,26,4,plus_placement,rf,1233,5104,68d0e5f-dirty
Subject139,60,0.9830687830687831,0.9833333333333333,0.9833333333333333,recorded,26,4,plus_placement,rf,1233,5104,68d0e5f-dirty
Subject819,60,0.8486772486772487,0.8666666666666667,0.8666666666666667,recorded,26,4,plus_placement,rf,1233,5104,68d0e5f-dirty
Subject867,60,0.8939874939874941,0.9,0.9,recorded,26,4,plus_placement,rf,1233,5104,68d0e5f-dirty
Subject877,60,0.9661375661375662,0.9666666666666667,0.9666666666666667,recorded,26,4,plus_placement,rf,1233,5104,68d0e5f-dirty
Subject147,31,0.7866666666666666,0.8333333333333334,0.8387096774193549,new,26,8,none,rf,2441,0,68d0e5f-dirty
Subject352,30,0.8222222222222222,0.8333333333333334,0.8333333333333334,new,26,8,none,rf,2441,0,68d0e5f-dirty
Subject494,60,0.24584795321637423,0.35,0.35,new,26,8,none,rf,2441,0,68d0e5f-dirty
Subject580,90,0.7733843933843934,0.788888888888889,0.7888888888888889,new,26,8,none,rf,2441,0,68d0e5f-dirty
Subject611,60,0.8707070707070705,0.8833333333333333,0.8833333333333333,new,26,8,none,rf,2441,0,68d0e5f-dirty
Subject969,30,0.6444444444444444,0.7,0.7,new,26,8,none,rf,2441,0,68d0e5f-dirty
Subject139,60,0.9418181818181818,0.95,0.95,recorded,26,8,none,rf,2441,0,68d0e5f-dirty
Subject226,30,0.9288888888888889,0.9333333333333333,0.9333333333333333,recorded,26,8,none,rf,2441,0,68d0e5f-dirty
Subject353,60,0.7966329966329967,0.8166666666666667,0.8166666666666667,recorded,26,8,none,rf,2441,0,68d0e5f-dirty
Subject354,60,0.9340211640211642,0.9333333333333333,0.9333333333333333,recorded,26,8,none,rf,2441,0,68d0e5f-dirty
Subject731,30,1.0,1.0,1.0,recorded,26,8,none,rf,2441,0,68d0e5f-dirty
Subject819,60,0.9104761904761904,0.9166666666666666,0.9166666666666666,recorded,26,8,none,rf,2441,0,68d0e5f-dirty
Subject867,60,0.8428234728234728,0.85,0.85,recorded,26,8,none,rf,2441,0,68d0e5f-dirty
Subject877,60,0.8941798941798942,0.9166666666666666,0.9166666666666666,recorded,26,8,none,rf,2441,0,68d0e5f-dirty
Subject147,31,0.7555555555555554,0.8,0.8064516129032258,new,26,8,tempo_intensity,rf,2441,9934,68d0e5f-dirty
Subject352,30,0.8088888888888889,0.8333333333333334,0.8333333333333334,new,26,8,tempo_intensity,rf,2441,9934,68d0e5f-dirty
Subject494,60,0.2874074074074074,0.38333333333333336,0.38333333333333336,new,26,8,tempo_intensity,rf,2441,9934,68d0e5f-dirty
Subject580,90,0.7357553557553557,0.7444444444444446,0.7444444444444445,new,26,8,tempo_intensity,rf,2441,9934,68d0e5f-dirty
Subject611,60,0.8399999999999999,0.8666666666666667,0.8666666666666667,new,26,8,tempo_intensity,rf,2441,9934,68d0e5f-dirty
Subject969,30,0.6488888888888888,0.7,0.7,new,26,8,tempo_intensity,rf,2441,9934,68d0e5f-dirty
Subject139,60,0.9062626262626262,0.9166666666666666,0.9166666666666666,recorded,26,8,tempo_intensity,rf,2441,9934,68d0e5f-dirty
Subject226,30,0.8755555555555555,0.9,0.9,recorded,26,8,tempo_intensity,rf,2441,9934,68d0e5f-dirty
Subject353,60,0.7814093314093314,0.8,0.8,recorded,26,8,tempo_intensity,rf,2441,9934,68d0e5f-dirty
Subject354,60,0.9492063492063494,0.95,0.95,recorded,26,8,tempo_intensity,rf,2441,9934,68d0e5f-dirty
Subject731,30,1.0,1.0,1.0,recorded,26,8,tempo_intensity,rf,2441,9934,68d0e5f-dirty
Subject819,60,0.9079557479557481,0.9166666666666666,0.9166666666666666,recorded,26,8,tempo_intensity,rf,2441,9934,68d0e5f-dirty
Subject867,60,0.8594901394901395,0.8666666666666667,0.8666666666666667,recorded,26,8,tempo_intensity,rf,2441,9934,68d0e5f-dirty
Subject877,60,0.8941798941798942,0.9166666666666666,0.9166666666666666,recorded,26,8,tempo_intensity,rf,2441,9934,68d0e5f-dirty
Subject147,31,0.8444444444444444,0.8666666666666667,0.8709677419354839,new,26,8,plus_placement,rf,2441,9913,68d0e5f-dirty
Subject352,30,0.8222222222222222,0.8333333333333334,0.8333333333333334,new,26,8,plus_placement,rf,2441,9913,68d0e5f-dirty
Subject494,60,0.3244444444444444,0.4,0.4,new,26,8,plus_placement,rf,2441,9913,68d0e5f-dirty
Subject580,90,0.7940840640840641,0.8,0.8,new,26,8,plus_placement,rf,2441,9913,68d0e5f-dirty
Subject611,60,0.8933333333333332,0.9,0.9,new,26,8,plus_placement,rf,2441,9913,68d0e5f-dirty
Subject969,30,0.6474074074074074,0.7,0.7,new,26,8,plus_placement,rf,2441,9913,68d0e5f-dirty
Subject139,60,0.9644444444444444,0.9666666666666667,0.9666666666666667,recorded,26,8,plus_placement,rf,2441,9913,68d0e5f-dirty
Subject226,30,0.8755555555555555,0.9,0.9,recorded,26,8,plus_placement,rf,2441,9913,68d0e5f-dirty
Subject353,60,0.7966329966329967,0.8166666666666667,0.8166666666666667,recorded,26,8,plus_placement,rf,2441,9913,68d0e5f-dirty
Subject354,60,1.0,1.0,1.0,recorded,26,8,plus_placement,rf,2441,9913,68d0e5f-dirty
Subject731,30,1.0,1.0,1.0,recorded,26,8,plus_placement,rf,2441,9913,68d0e5f-dirty
Subject819,60,0.9079557479557481,0.9166666666666666,0.9166666666666666,recorded,26,8,plus_placement,rf,2441,9913,68d0e5f-dirty
Subject867,60,0.8764213564213564,0.8833333333333333,0.8833333333333333,recorded,26,8,plus_placement,rf,2441,9913,68d0e5f-dirty
Subject877,60,0.8941798941798942,0.9166666666666666,0.9166666666666666,recorded,26,8,plus_placement,rf,2441,9913,68d0e5f-dirty
Subject147,31,0.9311111111111111,0.9333333333333333,0.9354838709677419,new,26,17,none,rf,5038,0,68d0e5f-dirty
Subject352,30,0.8444444444444444,0.8666666666666667,0.8666666666666667,new,26,17,none,rf,5038,0,68d0e5f-dirty
Subject494,60,0.5417402091086302,0.6166666666666667,0.6166666666666667,new,26,17,none,rf,5038,0,68d0e5f-dirty
Subject580,90,0.90997890997891,0.9111111111111112,0.9111111111111111,new,26,17,none,rf,5038,0,68d0e5f-dirty
Subject611,60,0.861183261183261,0.8833333333333333,0.8833333333333333,new,26,17,none,rf,5038,0,68d0e5f-dirty
Subject969,30,0.6533333333333334,0.7,0.7,new,26,17,none,rf,5038,0,68d0e5f-dirty
Subject139,60,0.9644444444444444,0.9666666666666667,0.9666666666666667,recorded,26,17,none,rf,5038,0,68d0e5f-dirty
Subject226,30,0.8711111111111111,0.9,0.9,recorded,26,17,none,rf,5038,0,68d0e5f-dirty
Subject353,60,0.8262626262626263,0.85,0.85,recorded,26,17,none,rf,5038,0,68d0e5f-dirty
Subject354,60,0.9830687830687831,0.9833333333333333,0.9833333333333333,recorded,26,17,none,rf,5038,0,68d0e5f-dirty
Subject376,60,0.9175132275132275,0.9166666666666666,0.9166666666666666,recorded,26,17,none,rf,5038,0,68d0e5f-dirty
Subject424,60,0.8486772486772487,0.8666666666666667,0.8666666666666667,recorded,26,17,none,rf,5038,0,68d0e5f-dirty
Subject455,60,0.9830687830687831,0.9833333333333333,0.9833333333333333,recorded,26,17,none,rf,5038,0,68d0e5f-dirty
Subject516,30,0.9311111111111111,0.9333333333333333,0.9333333333333333,recorded,26,17,none,rf,5038,0,68d0e5f-dirty
Subject561,60,0.9644444444444444,0.9666666666666667,0.9666666666666667,recorded,26,17,none,rf,5038,0,68d0e5f-dirty
Subject571,30,0.846984126984127,0.8666666666666667,0.8666666666666667,recorded,26,17,none,rf,5038,0,68d0e5f-dirty
Subject729,60,0.9644444444444444,0.9666666666666667,0.9666666666666667,recorded,26,17,none,rf,5038,0,68d0e5f-dirty
Subject731,30,0.9644444444444444,0.9666666666666667,0.9666666666666667,recorded,26,17,none,rf,5038,0,68d0e5f-dirty
Subject741,60,0.8912890812890812,0.9,0.9,recorded,26,17,none,rf,5038,0,68d0e5f-dirty
Subject819,60,0.9079557479557481,0.9166666666666666,0.9166666666666666,recorded,26,17,none,rf,5038,0,68d0e5f-dirty
Subject867,60,0.8582202982202981,0.8666666666666667,0.8666666666666667,recorded,26,17,none,rf,5038,0,68d0e5f-dirty
Subject877,60,0.9830687830687831,0.9833333333333333,0.9833333333333333,recorded,26,17,none,rf,5038,0,68d0e5f-dirty
Subject890,30,0.8933333333333333,0.9,0.9,recorded,26,17,none,rf,5038,0,68d0e5f-dirty
Subject147,31,0.8800000000000001,0.9,0.9032258064516129,new,26,17,tempo_intensity,rf,5038,20367,68d0e5f-dirty
Subject352,30,0.8444444444444444,0.8666666666666667,0.8666666666666667,new,26,17,tempo_intensity,rf,5038,20367,68d0e5f-dirty
Subject494,60,0.6416931216931218,0.6833333333333333,0.6833333333333333,new,26,17,tempo_intensity,rf,5038,20367,68d0e5f-dirty
Subject580,90,0.9318104118104118,0.9333333333333335,0.9333333333333333,new,26,17,tempo_intensity,rf,5038,20367,68d0e5f-dirty
Subject611,60,0.861183261183261,0.8833333333333333,0.8833333333333333,new,26,17,tempo_intensity,rf,5038,20367,68d0e5f-dirty
Subject969,30,0.774074074074074,0.8,0.8,new,26,17,tempo_intensity,rf,5038,20367,68d0e5f-dirty
Subject139,60,0.9062626262626262,0.9166666666666666,0.9166666666666666,recorded,26,17,tempo_intensity,rf,5038,20367,68d0e5f-dirty
Subject226,30,0.8711111111111111,0.9,0.9,recorded,26,17,tempo_intensity,rf,5038,20367,68d0e5f-dirty
Subject353,60,0.822982202982203,0.8333333333333334,0.8333333333333334,recorded,26,17,tempo_intensity,rf,5038,20367,68d0e5f-dirty
Subject354,60,0.9475132275132275,0.95,0.95,recorded,26,17,tempo_intensity,rf,5038,20367,68d0e5f-dirty
Subject376,60,0.9344444444444444,0.9333333333333333,0.9333333333333333,recorded,26,17,tempo_intensity,rf,5038,20367,68d0e5f-dirty
Subject424,60,0.8317460317460319,0.85,0.85,recorded,26,17,tempo_intensity,rf,5038,20367,68d0e5f-dirty
Subject455,60,1.0,1.0,1.0,recorded,26,17,tempo_intensity,rf,5038,20367,68d0e5f-dirty
Subject516,30,0.9044444444444444,0.9,0.9,recorded,26,17,tempo_intensity,rf,5038,20367,68d0e5f-dirty
Subject561,60,0.9664021164021165,0.9666666666666667,0.9666666666666667,recorded,26,17,tempo_intensity,rf,5038,20367,68d0e5f-dirty
Subject571,30,0.758095238095238,0.8,0.8,recorded,26,17,tempo_intensity,rf,5038,20367,68d0e5f-dirty
Subject729,60,0.9288888888888889,0.9333333333333333,0.9333333333333333,recorded,26,17,tempo_intensity,rf,5038,20367,68d0e5f-dirty
Subject731,30,0.9644444444444444,0.9666666666666667,0.9666666666666667,recorded,26,17,tempo_intensity,rf,5038,20367,68d0e5f-dirty
Subject741,60,0.8667051467051466,0.8833333333333333,0.8833333333333333,recorded,26,17,tempo_intensity,rf,5038,20367,68d0e5f-dirty
Subject819,60,0.8617604617604618,0.8833333333333333,0.8833333333333333,recorded,26,17,tempo_intensity,rf,5038,20367,68d0e5f-dirty
Subject867,60,0.8108465608465608,0.8333333333333334,0.8333333333333334,recorded,26,17,tempo_intensity,rf,5038,20367,68d0e5f-dirty
Subject877,60,0.9830687830687831,0.9833333333333333,0.9833333333333333,recorded,26,17,tempo_intensity,rf,5038,20367,68d0e5f-dirty
Subject890,30,0.8577777777777779,0.8666666666666667,0.8666666666666667,recorded,26,17,tempo_intensity,rf,5038,20367,68d0e5f-dirty
Subject147,31,0.8800000000000001,0.9,0.9032258064516129,new,26,17,plus_placement,rf,5038,20488,68d0e5f-dirty
Subject352,30,0.8444444444444444,0.8666666666666667,0.8666666666666667,new,26,17,plus_placement,rf,5038,20488,68d0e5f-dirty
Subject494,60,0.5002587276271486,0.5666666666666667,0.5666666666666667,new,26,17,plus_placement,rf,5038,20488,68d0e5f-dirty
Subject580,90,0.9526695526695527,0.9555555555555556,0.9555555555555556,new,26,17,plus_placement,rf,5038,20488,68d0e5f-dirty
Subject611,60,0.9331409331409332,0.9333333333333333,0.9333333333333333,new,26,17,plus_placement,rf,5038,20488,68d0e5f-dirty
Subject969,30,0.774074074074074,0.8,0.8,new,26,17,plus_placement,rf,5038,20488,68d0e5f-dirty
Subject139,60,0.9830687830687831,0.9833333333333333,0.9833333333333333,recorded,26,17,plus_placement,rf,5038,20488,68d0e5f-dirty
Subject226,30,0.8711111111111111,0.9,0.9,recorded,26,17,plus_placement,rf,5038,20488,68d0e5f-dirty
Subject353,60,0.8552573352573353,0.8833333333333333,0.8833333333333333,recorded,26,17,plus_placement,rf,5038,20488,68d0e5f-dirty
Subject354,60,0.9830687830687831,0.9833333333333333,0.9833333333333333,recorded,26,17,plus_placement,rf,5038,20488,68d0e5f-dirty
Subject376,60,0.9145502645502646,0.9166666666666666,0.9166666666666666,recorded,26,17,plus_placement,rf,5038,20488,68d0e5f-dirty
Subject424,60,0.8300529100529102,0.85,0.85,recorded,26,17,plus_placement,rf,5038,20488,68d0e5f-dirty
Subject455,60,1.0,1.0,1.0,recorded,26,17,plus_placement,rf,5038,20488,68d0e5f-dirty
Subject516,30,0.9333333333333333,0.9333333333333333,0.9333333333333333,recorded,26,17,plus_placement,rf,5038,20488,68d0e5f-dirty
Subject561,60,0.9830687830687831,0.9833333333333333,0.9833333333333333,recorded,26,17,plus_placement,rf,5038,20488,68d0e5f-dirty
Subject571,30,0.8399999999999999,0.8666666666666667,0.8666666666666667,recorded,26,17,plus_placement,rf,5038,20488,68d0e5f-dirty
Subject729,60,0.9661375661375663,0.9666666666666667,0.9666666666666667,recorded,26,17,plus_placement,rf,5038,20488,68d0e5f-dirty
Subject731,30,0.9644444444444444,0.9666666666666667,0.9666666666666667,recorded,26,17,plus_placement,rf,5038,20488,68d0e5f-dirty
Subject741,60,0.8617604617604616,0.8833333333333333,0.8833333333333333,recorded,26,17,plus_placement,rf,5038,20488,68d0e5f-dirty
Subject819,60,0.8786916786916787,0.9,0.9,recorded,26,17,plus_placement,rf,5038,20488,68d0e5f-dirty
Subject867,60,0.8108465608465608,0.8333333333333334,0.8333333333333334,recorded,26,17,plus_placement,rf,5038,20488,68d0e5f-dirty
Subject877,60,0.9830687830687831,0.9833333333333333,0.9833333333333333,recorded,26,17,plus_placement,rf,5038,20488,68d0e5f-dirty
Subject890,30,0.9111111111111111,0.9333333333333333,0.9333333333333333,recorded,26,17,plus_placement,rf,5038,20488,68d0e5f-dirty
Subject226,30,0.5718518518518518,0.6666666666666666,0.6666666666666666,new,27,2,none,rf,619,0,68d0e5f-dirty
Subject352,30,0.9111111111111111,0.9333333333333333,0.9333333333333333,new,27,2,none,rf,619,0,68d0e5f-dirty
Subject611,60,0.7883597883597883,0.8333333333333334,0.8333333333333334,new,27,2,none,rf,619,0,68d0e5f-dirty
Subject741,60,0.4532372306056517,0.5333333333333333,0.5333333333333333,new,27,2,none,rf,619,0,68d0e5f-dirty
Subject890,30,0.6469841269841269,0.7,0.7,new,27,2,none,rf,619,0,68d0e5f-dirty
Subject969,30,0.6644444444444445,0.7333333333333333,0.7333333333333333,new,27,2,none,rf,619,0,68d0e5f-dirty
Subject516,30,0.8422222222222222,0.8666666666666667,0.8666666666666667,recorded,27,2,none,rf,619,0,68d0e5f-dirty
Subject819,60,0.9113227513227513,0.9166666666666666,0.9166666666666666,recorded,27,2,none,rf,619,0,68d0e5f-dirty
Subject226,30,0.5496296296296297,0.6333333333333333,0.6333333333333333,new,27,2,tempo_intensity,rf,619,2487,68d0e5f-dirty
Subject352,30,0.84,0.8666666666666667,0.8666666666666667,new,27,2,tempo_intensity,rf,619,2487,68d0e5f-dirty
Subject611,60,0.7342857142857143,0.7666666666666667,0.7666666666666667,new,27,2,tempo_intensity,rf,619,2487,68d0e5f-dirty
Subject741,60,0.41775271512113615,0.5,0.5,new,27,2,tempo_intensity,rf,619,2487,68d0e5f-dirty
Subject890,30,0.47629629629629633,0.5666666666666667,0.5666666666666667,new,27,2,tempo_intensity,rf,619,2487,68d0e5f-dirty
Subject969,30,0.6644444444444445,0.7333333333333333,0.7333333333333333,new,27,2,tempo_intensity,rf,619,2487,68d0e5f-dirty
Subject516,30,0.8422222222222222,0.8666666666666667,0.8666666666666667,recorded,27,2,tempo_intensity,rf,619,2487,68d0e5f-dirty
Subject819,60,0.8211640211640212,0.85,0.85,recorded,27,2,tempo_intensity,rf,619,2487,68d0e5f-dirty
Subject226,30,0.5422222222222222,0.6333333333333333,0.6333333333333333,new,27,2,plus_placement,rf,619,2456,68d0e5f-dirty
Subject352,30,0.9111111111111111,0.9333333333333333,0.9333333333333333,new,27,2,plus_placement,rf,619,2456,68d0e5f-dirty
Subject611,60,0.8044311244311243,0.8333333333333334,0.8333333333333334,new,27,2,plus_placement,rf,619,2456,68d0e5f-dirty
Subject741,60,0.4780952380952381,0.55,0.55,new,27,2,plus_placement,rf,619,2456,68d0e5f-dirty
Subject890,30,0.6010582010582011,0.6666666666666666,0.6666666666666666,new,27,2,plus_placement,rf,619,2456,68d0e5f-dirty
Subject969,30,0.6644444444444445,0.7333333333333333,0.7333333333333333,new,27,2,plus_placement,rf,619,2456,68d0e5f-dirty
Subject516,30,0.8755555555555555,0.9,0.9,recorded,27,2,plus_placement,rf,619,2456,68d0e5f-dirty
Subject819,60,0.8836363636363636,0.9,0.9,recorded,27,2,plus_placement,rf,619,2456,68d0e5f-dirty
Subject226,30,0.5888888888888889,0.6666666666666666,0.6666666666666666,new,27,4,none,rf,1321,0,68d0e5f-dirty
Subject352,30,0.9111111111111111,0.9333333333333333,0.9333333333333333,new,27,4,none,rf,1321,0,68d0e5f-dirty
Subject611,60,0.7074352548036758,0.75,0.75,new,27,4,none,rf,1321,0,68d0e5f-dirty
Subject741,60,0.5553113553113553,0.6166666666666667,0.6166666666666667,new,27,4,none,rf,1321,0,68d0e5f-dirty
Subject890,30,0.4688888888888888,0.5333333333333333,0.5333333333333333,new,27,4,none,rf,1321,0,68d0e5f-dirty
Subject969,30,0.7311111111111112,0.7666666666666667,0.7666666666666667,new,27,4,none,rf,1321,0,68d0e5f-dirty
Subject516,30,0.8755555555555555,0.9,0.9,recorded,27,4,none,rf,1321,0,68d0e5f-dirty
Subject561,60,0.9288888888888888,0.9333333333333333,0.9333333333333333,recorded,27,4,none,rf,1321,0,68d0e5f-dirty
Subject729,60,0.9644444444444444,0.9666666666666667,0.9666666666666667,recorded,27,4,none,rf,1321,0,68d0e5f-dirty
Subject819,60,0.8431420431420431,0.8666666666666667,0.8666666666666667,recorded,27,4,none,rf,1321,0,68d0e5f-dirty
Subject226,30,0.5533333333333333,0.6333333333333333,0.6333333333333333,new,27,4,tempo_intensity,rf,1321,5337,68d0e5f-dirty
Subject352,30,0.9111111111111111,0.9333333333333333,0.9333333333333333,new,27,4,tempo_intensity,rf,1321,5337,68d0e5f-dirty
Subject611,60,0.7322943722943723,0.7666666666666667,0.7666666666666667,new,27,4,tempo_intensity,rf,1321,5337,68d0e5f-dirty
Subject741,60,0.5351820728291317,0.5833333333333334,0.5833333333333334,new,27,4,tempo_intensity,rf,1321,5337,68d0e5f-dirty
Subject890,30,0.4688888888888888,0.5333333333333333,0.5333333333333333,new,27,4,tempo_intensity,rf,1321,5337,68d0e5f-dirty
Subject969,30,0.7311111111111112,0.7666666666666667,0.7666666666666667,new,27,4,tempo_intensity,rf,1321,5337,68d0e5f-dirty
Subject516,30,0.8399999999999999,0.8666666666666667,0.8666666666666667,recorded,27,4,tempo_intensity,rf,1321,5337,68d0e5f-dirty
Subject561,60,0.9644444444444444,0.9666666666666667,0.9666666666666667,recorded,27,4,tempo_intensity,rf,1321,5337,68d0e5f-dirty
Subject729,60,0.9830687830687831,0.9833333333333333,0.9833333333333333,recorded,27,4,tempo_intensity,rf,1321,5337,68d0e5f-dirty
Subject819,60,0.8262108262108262,0.85,0.85,recorded,27,4,tempo_intensity,rf,1321,5337,68d0e5f-dirty
Subject226,30,0.5007407407407408,0.5666666666666667,0.5666666666666667,new,27,4,plus_placement,rf,1321,5485,68d0e5f-dirty
Subject352,30,0.9111111111111111,0.9333333333333333,0.9333333333333333,new,27,4,plus_placement,rf,1321,5485,68d0e5f-dirty
Subject611,60,0.7074352548036758,0.75,0.75,new,27,4,plus_placement,rf,1321,5485,68d0e5f-dirty
Subject741,60,0.5296969696969697,0.6,0.6,new,27,4,plus_placement,rf,1321,5485,68d0e5f-dirty
Subject890,30,0.4625396825396825,0.5333333333333333,0.5333333333333333,new,27,4,plus_placement,rf,1321,5485,68d0e5f-dirty
Subject969,30,0.7422222222222223,0.7666666666666667,0.7666666666666667,new,27,4,plus_placement,rf,1321,5485,68d0e5f-dirty
Subject516,30,0.8177777777777777,0.8666666666666667,0.8666666666666667,recorded,27,4,plus_placement,rf,1321,5485,68d0e5f-dirty
Subject561,60,0.9644444444444444,0.9666666666666667,0.9666666666666667,recorded,27,4,plus_placement,rf,1321,5485,68d0e5f-dirty
Subject729,60,1.0,1.0,1.0,recorded,27,4,plus_placement,rf,1321,5485,68d0e5f-dirty
Subject819,60,0.8630687830687831,0.8833333333333333,0.8833333333333333,recorded,27,4,plus_placement,rf,1321,5485,68d0e5f-dirty
Subject226,30,0.6777777777777777,0.7333333333333333,0.7333333333333333,new,27,8,none,rf,2476,0,68d0e5f-dirty
Subject352,30,0.8666666666666666,0.8666666666666667,0.8666666666666667,new,27,8,none,rf,2476,0,68d0e5f-dirty
Subject611,60,0.8513960113960114,0.8666666666666667,0.8666666666666667,new,27,8,none,rf,2476,0,68d0e5f-dirty
Subject741,60,0.7116065416065415,0.7333333333333333,0.7333333333333333,new,27,8,none,rf,2476,0,68d0e5f-dirty
Subject890,30,0.7025396825396826,0.7666666666666667,0.7666666666666667,new,27,8,none,rf,2476,0,68d0e5f-dirty
Subject969,30,0.7666666666666667,0.8,0.8,new,27,8,none,rf,2476,0,68d0e5f-dirty
Subject139,60,0.9644444444444444,0.9666666666666667,0.9666666666666667,recorded,27,8,none,rf,2476,0,68d0e5f-dirty
Subject516,30,0.8222222222222222,0.8666666666666667,0.8666666666666667,recorded,27,8,none,rf,2476,0,68d0e5f-dirty
Subject561,60,0.8836363636363637,0.9,0.9,recorded,27,8,none,rf,2476,0,68d0e5f-dirty
Subject580,90,0.818984348984349,0.8222222222222223,0.8222222222222222,recorded,27,8,none,rf,2476,0,68d0e5f-dirty
Subject729,60,0.9830687830687831,0.9833333333333333,0.9833333333333333,recorded,27,8,none,rf,2476,0,68d0e5f-dirty
Subject819,60,0.8941798941798942,0.9166666666666666,0.9166666666666666,recorded,27,8,none,rf,2476,0,68d0e5f-dirty
Subject867,60,0.8152055352055353,0.8333333333333334,0.8333333333333334,recorded,27,8,none,rf,2476,0,68d0e5f-dirty
Subject877,60,1.0,1.0,1.0,recorded,27,8,none,rf,2476,0,68d0e5f-dirty
Subject226,30,0.6069841269841271,0.6666666666666666,0.6666666666666666,new,27,8,tempo_intensity,rf,2476,9915,68d0e5f-dirty
Subject352,30,0.9111111111111111,0.9333333333333333,0.9333333333333333,new,27,8,tempo_intensity,rf,2476,9915,68d0e5f-dirty
Subject611,60,0.8656084656084656,0.8833333333333333,0.8833333333333333,new,27,8,tempo_intensity,rf,2476,9915,68d0e5f-dirty
Subject741,60,0.6794372294372295,0.7,0.7,new,27,8,tempo_intensity,rf,2476,9915,68d0e5f-dirty
Subject890,30,0.7025396825396826,0.7666666666666667,0.7666666666666667,new,27,8,tempo_intensity,rf,2476,9915,68d0e5f-dirty
Subject969,30,0.7311111111111112,0.7666666666666667,0.7666666666666667,new,27,8,tempo_intensity,rf,2476,9915,68d0e5f-dirty
Subject139,60,0.9644444444444444,0.9666666666666667,0.9666666666666667,recorded,27,8,tempo_intensity,rf,2476,9915,68d0e5f-dirty
Subject516,30,0.7936507936507936,0.8333333333333334,0.8333333333333334,recorded,27,8,tempo_intensity,rf,2476,9915,68d0e5f-dirty
Subject561,60,1.0,1.0,1.0,recorded,27,8,tempo_intensity,rf,2476,9915,68d0e5f-dirty
Subject580,90,0.8426928626928626,0.8444444444444444,0.8444444444444444,recorded,27,8,tempo_intensity,rf,2476,9915,68d0e5f-dirty
Subject729,60,0.9830687830687831,0.9833333333333333,0.9833333333333333,recorded,27,8,tempo_intensity,rf,2476,9915,68d0e5f-dirty
Subject819,60,0.8941798941798942,0.9166666666666666,0.9166666666666666,recorded,27,8,tempo_intensity,rf,2476,9915,68d0e5f-dirty
Subject867,60,0.8685388685388685,0.8833333333333333,0.8833333333333333,recorded,27,8,tempo_intensity,rf,2476,9915,68d0e5f-dirty
Subject877,60,1.0,1.0,1.0,recorded,27,8,tempo_intensity,rf,2476,9915,68d0e5f-dirty
Subject226,30,0.6333333333333332,0.7,0.7,new,27,8,plus_placement,rf,2476,9992,68d0e5f-dirty
Subject352,30,0.9111111111111111,0.9333333333333333,0.9333333333333333,new,27,8,plus_placement,rf,2476,9992,68d0e5f-dirty
Subject611,60,0.9333333333333332,0.9333333333333333,0.9333333333333333,new,27,8,plus_placement,rf,2476,9992,68d0e5f-dirty
Subject741,60,0.6881673881673881,0.7166666666666667,0.7166666666666667,new,27,8,plus_placement,rf,2476,9992,68d0e5f-dirty
Subject890,30,0.7025396825396826,0.7666666666666667,0.7666666666666667,new,27,8,plus_placement,rf,2476,9992,68d0e5f-dirty
Subject969,30,0.7555555555555554,0.8,0.8,new,27,8,plus_placement,rf,2476,9992,68d0e5f-dirty
Subject139,60,0.9418181818181818,0.95,0.95,recorded,27,8,plus_placement,rf,2476,9992,68d0e5f-dirty
Subject516,30,0.7936507936507936,0.8333333333333334,0.8333333333333334,recorded,27,8,plus_placement,rf,2476,9992,68d0e5f-dirty
Subject561,60,1.0,1.0,1.0,recorded,27,8,plus_placement,rf,2476,9992,68d0e5f-dirty
Subject580,90,0.8862226662226663,0.888888888888889,0.8888888888888888,recorded,27,8,plus_placement,rf,2476,9992,68d0e5f-dirty
Subject729,60,0.9830687830687831,0.9833333333333333,0.9833333333333333,recorded,27,8,plus_placement,rf,2476,9992,68d0e5f-dirty
Subject819,60,0.8941798941798942,0.9166666666666666,0.9166666666666666,recorded,27,8,plus_placement,rf,2476,9992,68d0e5f-dirty
Subject867,60,0.8395767195767196,0.85,0.85,recorded,27,8,plus_placement,rf,2476,9992,68d0e5f-dirty
Subject877,60,0.9644444444444444,0.9666666666666667,0.9666666666666667,recorded,27,8,plus_placement,rf,2476,9992,68d0e5f-dirty
Subject226,30,0.7533333333333334,0.8,0.8,new,27,17,none,rf,4975,0,68d0e5f-dirty
Subject352,30,0.8088888888888889,0.8333333333333334,0.8333333333333334,new,27,17,none,rf,4975,0,68d0e5f-dirty
Subject611,60,0.9081481481481481,0.9166666666666666,0.9166666666666666,new,27,17,none,rf,4975,0,68d0e5f-dirty
Subject741,60,0.9139153439153439,0.9166666666666666,0.9166666666666666,new,27,17,none,rf,4975,0,68d0e5f-dirty
Subject890,30,0.8666666666666667,0.8666666666666667,0.8666666666666667,new,27,17,none,rf,4975,0,68d0e5f-dirty
Subject969,30,0.7711111111111111,0.8,0.8,new,27,17,none,rf,4975,0,68d0e5f-dirty
Subject139,60,0.9644444444444444,0.9666666666666667,0.9666666666666667,recorded,27,17,none,rf,4975,0,68d0e5f-dirty
Subject147,31,1.0,1.0,1.0,recorded,27,17,none,rf,4975,0,68d0e5f-dirty
Subject353,60,0.842929292929293,0.85,0.85,recorded,27,17,none,rf,4975,0,68d0e5f-dirty
Subject354,60,1.0,1.0,1.0,recorded,27,17,none,rf,4975,0,68d0e5f-dirty
Subject376,60,0.862049062049062,0.8666666666666667,0.8666666666666667,recorded,27,17,none,rf,4975,0,68d0e5f-dirty
Subject424,60,0.8478306878306879,0.8666666666666667,0.8666666666666667,recorded,27,17,none,rf,4975,0,68d0e5f-dirty
Subject455,60,0.9830687830687831,0.9833333333333333,0.9833333333333333,recorded,27,17,none,rf,4975,0,68d0e5f-dirty
Subject494,60,0.8686243386243386,0.8833333333333333,0.8833333333333333,recorded,27,17,none,rf,4975,0,68d0e5f-dirty
Subject516,30,0.8977777777777778,0.9,0.9,recorded,27,17,none,rf,4975,0,68d0e5f-dirty
Subject561,60,0.8836363636363637,0.9,0.9,recorded,27,17,none,rf,4975,0,68d0e5f-dirty
Subject571,30,0.9644444444444444,0.9666666666666667,0.9666666666666667,recorded,27,17,none,rf,4975,0,68d0e5f-dirty
Subject580,90,0.8753313353313353,0.877777777777778,0.8777777777777778,recorded,27,17,none,rf,4975,0,68d0e5f-dirty
Subject729,60,0.9830687830687831,0.9833333333333333,0.9833333333333333,recorded,27,17,none,rf,4975,0,68d0e5f-dirty
Subject731,30,1.0,1.0,1.0,recorded,27,17,none,rf,4975,0,68d0e5f-dirty
Subject819,60,0.8941798941798942,0.9166666666666666,0.9166666666666666,recorded,27,17,none,rf,4975,0,68d0e5f-dirty
Subject867,60,0.8632996632996632,0.8833333333333333,0.8833333333333333,recorded,27,17,none,rf,4975,0,68d0e5f-dirty
Subject877,60,1.0,1.0,1.0,recorded,27,17,none,rf,4975,0,68d0e5f-dirty
Subject226,30,0.7936507936507937,0.8333333333333334,0.8333333333333334,new,27,17,tempo_intensity,rf,4975,20122,68d0e5f-dirty
Subject352,30,0.8088888888888889,0.8333333333333334,0.8333333333333334,new,27,17,tempo_intensity,rf,4975,20122,68d0e5f-dirty
Subject611,60,0.9392592592592593,0.95,0.95,new,27,17,tempo_intensity,rf,4975,20122,68d0e5f-dirty
Subject741,60,0.9325396825396826,0.9333333333333333,0.9333333333333333,new,27,17,tempo_intensity,rf,4975,20122,68d0e5f-dirty
Subject890,30,0.8533333333333334,0.8666666666666667,0.8666666666666667,new,27,17,tempo_intensity,rf,4975,20122,68d0e5f-dirty
Subject969,30,0.7980952380952381,0.8333333333333334,0.8333333333333334,new,27,17,tempo_intensity,rf,4975,20122,68d0e5f-dirty
Subject139,60,0.9062626262626262,0.9166666666666666,0.9166666666666666,recorded,27,17,tempo_intensity,rf,4975,20122,68d0e5f-dirty
Subject147,31,0.9644444444444444,0.9666666666666667,0.967741935483871,recorded,27,17,tempo_intensity,rf,4975,20122,68d0e5f-dirty
Subject353,60,0.8452573352573353,0.85,0.85,recorded,27,17,tempo_intensity,rf,4975,20122,68d0e5f-dirty
Subject354,60,1.0,1.0,1.0,recorded,27,17,tempo_intensity,rf,4975,20122,68d0e5f-dirty
Subject376,60,0.8625396825396824,0.8666666666666667,0.8666666666666667,recorded,27,17,tempo_intensity,rf,4975,20122,68d0e5f-dirty
Subject424,60,0.8622222222222222,0.8833333333333333,0.8833333333333333,recorded,27,17,tempo_intensity,rf,4975,20122,68d0e5f-dirty
Subject455,60,1.0,1.0,1.0,recorded,27,17,tempo_intensity,rf,4975,20122,68d0e5f-dirty
Subject494,60,0.8881144781144781,0.9,0.9,recorded,27,17,tempo_intensity,rf,4975,20122,68d0e5f-dirty
Subject516,30,0.8555555555555555,0.8666666666666667,0.8666666666666667,recorded,27,17,tempo_intensity,rf,4975,20122,68d0e5f-dirty
Subject561,60,1.0,1.0,1.0,recorded,27,17,tempo_intensity,rf,4975,20122,68d0e5f-dirty
Subject571,30,0.9644444444444444,0.9666666666666667,0.9666666666666667,recorded,27,17,tempo_intensity,rf,4975,20122,68d0e5f-dirty
Subject580,90,0.874985014985015,0.8777777777777779,0.8777777777777778,recorded,27,17,tempo_intensity,rf,4975,20122,68d0e5f-dirty
Subject729,60,1.0,1.0,1.0,recorded,27,17,tempo_intensity,rf,4975,20122,68d0e5f-dirty
Subject731,30,1.0,1.0,1.0,recorded,27,17,tempo_intensity,rf,4975,20122,68d0e5f-dirty
Subject819,60,0.8941798941798942,0.9166666666666666,0.9166666666666666,recorded,27,17,tempo_intensity,rf,4975,20122,68d0e5f-dirty
Subject867,60,0.9096296296296296,0.9166666666666666,0.9166666666666666,recorded,27,17,tempo_intensity,rf,4975,20122,68d0e5f-dirty
Subject877,60,0.9830687830687831,0.9833333333333333,0.9833333333333333,recorded,27,17,tempo_intensity,rf,4975,20122,68d0e5f-dirty
Subject226,30,0.7936507936507937,0.8333333333333334,0.8333333333333334,new,27,17,plus_placement,rf,4975,20358,68d0e5f-dirty
Subject352,30,0.8444444444444444,0.8666666666666667,0.8666666666666667,new,27,17,plus_placement,rf,4975,20358,68d0e5f-dirty
Subject611,60,0.9066666666666666,0.9333333333333333,0.9333333333333333,new,27,17,plus_placement,rf,4975,20358,68d0e5f-dirty
Subject741,60,0.9494708994708996,0.95,0.95,new,27,17,plus_placement,rf,4975,20358,68d0e5f-dirty
Subject890,30,0.8422222222222222,0.8666666666666667,0.8666666666666667,new,27,17,plus_placement,rf,4975,20358,68d0e5f-dirty
Subject969,30,0.7911111111111111,0.8333333333333334,0.8333333333333334,new,27,17,plus_placement,rf,4975,20358,68d0e5f-dirty
Subject139,60,0.9644444444444444,0.9666666666666667,0.9666666666666667,recorded,27,17,plus_placement,rf,4975,20358,68d0e5f-dirty
Subject147,31,0.9644444444444444,0.9666666666666667,0.967741935483871,recorded,27,17,plus_placement,rf,4975,20358,68d0e5f-dirty
Subject353,60,0.852929292929293,0.8666666666666667,0.8666666666666667,recorded,27,17,plus_placement,rf,4975,20358,68d0e5f-dirty
Subject354,60,0.9830687830687831,0.9833333333333333,0.9833333333333333,recorded,27,17,plus_placement,rf,4975,20358,68d0e5f-dirty
Subject376,60,0.9282539682539682,0.9333333333333333,0.9333333333333333,recorded,27,17,plus_placement,rf,4975,20358,68d0e5f-dirty
Subject424,60,0.8478306878306879,0.8666666666666667,0.8666666666666667,recorded,27,17,plus_placement,rf,4975,20358,68d0e5f-dirty
Subject455,60,0.9830687830687831,0.9833333333333333,0.9833333333333333,recorded,27,17,plus_placement,rf,4975,20358,68d0e5f-dirty
Subject494,60,0.8238768638768639,0.85,0.85,recorded,27,17,plus_placement,rf,4975,20358,68d0e5f-dirty
Subject516,30,0.9111111111111111,0.9333333333333333,0.9333333333333333,recorded,27,17,plus_placement,rf,4975,20358,68d0e5f-dirty
Subject561,60,0.9644444444444444,0.9666666666666667,0.9666666666666667,recorded,27,17,plus_placement,rf,4975,20358,68d0e5f-dirty
Subject571,30,1.0,1.0,1.0,recorded,27,17,plus_placement,rf,4975,20358,68d0e5f-dirty
Subject580,90,0.9329292929292928,0.9333333333333335,0.9333333333333333,recorded,27,17,plus_placement,rf,4975,20358,68d0e5f-dirty
Subject729,60,1.0,1.0,1.0,recorded,27,17,plus_placement,rf,4975,20358,68d0e5f-dirty
Subject731,30,1.0,1.0,1.0,recorded,27,17,plus_placement,rf,4975,20358,68d0e5f-dirty
Subject819,60,0.9475132275132275,0.95,0.95,recorded,27,17,plus_placement,rf,4975,20358,68d0e5f-dirty
Subject867,60,0.8918181818181818,0.9,0.9,recorded,27,17,plus_placement,rf,4975,20358,68d0e5f-dirty
Subject877,60,1.0,1.0,1.0,recorded,27,17,plus_placement,rf,4975,20358,68d0e5f-dirty
Subject139,60,0.7170237170237171,0.7833333333333333,0.7833333333333333,new,28,2,none,rf,714,0,68d0e5f-dirty
Subject352,30,0.7688888888888888,0.8,0.8,new,28,2,none,rf,714,0,68d0e5f-dirty
Subject494,60,0.47705738705738704,0.55,0.55,new,28,2,none,rf,714,0,68d0e5f-dirty
Subject516,30,0.8088888888888889,0.8333333333333334,0.8333333333333334,new,28,2,none,rf,714,0,68d0e5f-dirty
Subject729,60,0.7381684981684982,0.7833333333333333,0.7833333333333333,new,28,2,none,rf,714,0,68d0e5f-dirty
Subject877,60,0.7898412698412699,0.8,0.8,new,28,2,none,rf,714,0,68d0e5f-dirty
Subject455,60,0.9644444444444444,0.9666666666666667,0.9666666666666667,recorded,28,2,none,rf,714,0,68d0e5f-dirty
Subject969,30,0.8333333333333334,0.8666666666666667,0.8666666666666667,recorded,28,2,none,rf,714,0,68d0e5f-dirty
Subject139,60,0.72996632996633,0.8,0.8,new,28,2,tempo_intensity,rf,714,2903,68d0e5f-dirty
Subject352,30,0.7155555555555556,0.7666666666666667,0.7666666666666667,new,28,2,tempo_intensity,rf,714,2903,68d0e5f-dirty
Subject494,60,0.4198691172375383,0.5166666666666667,0.5166666666666667,new,28,2,tempo_intensity,rf,714,2903,68d0e5f-dirty
Subject516,30,0.7755555555555556,0.8,0.8,new,28,2,tempo_intensity,rf,714,2903,68d0e5f-dirty
Subject729,60,0.7511111111111111,0.8,0.8,new,28,2,tempo_intensity,rf,714,2903,68d0e5f-dirty
Subject877,60,0.6711111111111111,0.7,0.7,new,28,2,tempo_intensity,rf,714,2903,68d0e5f-dirty
Subject455,60,0.962962962962963,0.9666666666666667,0.9666666666666667,recorded,28,2,tempo_intensity,rf,714,2903,68d0e5f-dirty
Subject969,30,0.8755555555555555,0.9,0.9,recorded,28,2,tempo_intensity,rf,714,2903,68d0e5f-dirty
Subject139,60,0.7011314611314611,0.7666666666666667,0.7666666666666667,new,28,2,plus_placement,rf,714,2881,68d0e5f-dirty
Subject352,30,0.7688888888888888,0.8,0.8,new,28,2,plus_placement,rf,714,2881,68d0e5f-dirty
Subject494,60,0.4103174603174603,0.5166666666666667,0.5166666666666667,new,28,2,plus_placement,rf,714,2881,68d0e5f-dirty
Subject516,30,0.7555555555555554,0.8,0.8,new,28,2,plus_placement,rf,714,2881,68d0e5f-dirty
Subject729,60,0.7608465608465609,0.8,0.8,new,28,2,plus_placement,rf,714,2881,68d0e5f-dirty
Subject877,60,0.651924001924002,0.7,0.7,new,28,2,plus_placement,rf,714,2881,68d0e5f-dirty
Subject455,60,0.9392592592592592,0.95,0.95,recorded,28,2,plus_placement,rf,714,2881,68d0e5f-dirty
Subject969,30,1.0,1.0,1.0,recorded,28,2,plus_placement,rf,714,2881,68d0e5f-dirty
Subject139,60,0.8040211640211641,0.8333333333333334,0.8333333333333334,new,28,4,none,rf,1338,0,68d0e5f-dirty
Subject352,30,0.8088888888888889,0.8333333333333334,0.8333333333333334,new,28,4,none,rf,1338,0,68d0e5f-dirty
Subject494,60,0.45732943469785586,0.55,0.55,new,28,4,none,rf,1338,0,68d0e5f-dirty
Subject516,30,0.8755555555555555,0.9,0.9,new,28,4,none,rf,1338,0,68d0e5f-dirty
Subject729,60,0.775026455026455,0.8,0.8,new,28,4,none,rf,1338,0,68d0e5f-dirty
Subject877,60,0.8275132275132275,0.85,0.85,new,28,4,none,rf,1338,0,68d0e5f-dirty
Subject226,30,0.9333333333333332,0.9333333333333333,0.9333333333333333,recorded,28,4,none,rf,1338,0,68d0e5f-dirty
Subject455,60,1.0,1.0,1.0,recorded,28,4,none,rf,1338,0,68d0e5f-dirty
Subject731,30,0.9111111111111111,0.9333333333333333,0.9333333333333333,recorded,28,4,none,rf,1338,0,68d0e5f-dirty
Subject969,30,0.8380952380952381,0.8666666666666667,0.8666666666666667,recorded,28,4,none,rf,1338,0,68d0e5f-dirty
Subject139,60,0.817989417989418,0.85,0.85,new,28,4,tempo_intensity,rf,1338,5447,68d0e5f-dirty
Subject352,30,0.8088888888888889,0.8333333333333334,0.8333333333333334,new,28,4,tempo_intensity,rf,1338,5447,68d0e5f-dirty
Subject494,60,0.3861654135338346,0.5,0.5,new,28,4,tempo_intensity,rf,1338,5447,68d0e5f-dirty
Subject516,30,0.84,0.8666666666666667,0.8666666666666667,new,28,4,tempo_intensity,rf,1338,5447,68d0e5f-dirty
Subject729,60,0.8016931216931217,0.8166666666666667,0.8166666666666667,new,28,4,tempo_intensity,rf,1338,5447,68d0e5f-dirty
Subject877,60,0.8105820105820105,0.8333333333333334,0.8333333333333334,new,28,4,tempo_intensity,rf,1338,5447,68d0e5f-dirty
Subject226,30,0.9333333333333332,0.9333333333333333,0.9333333333333333,recorded,28,4,tempo_intensity,rf,1338,5447,68d0e5f-dirty
Subject455,60,0.9830687830687831,0.9833333333333333,0.9833333333333333,recorded,28,4,tempo_intensity,rf,1338,5447,68d0e5f-dirty
Subject731,30,0.8825396825396826,0.9,0.9,recorded,28,4,tempo_intensity,rf,1338,5447,68d0e5f-dirty
Subject969,30,0.8825396825396825,0.9,0.9,recorded,28,4,tempo_intensity,rf,1338,5447,68d0e5f-dirty
Subject139,60,0.8755555555555555,0.9,0.9,new,28,4,plus_placement,rf,1338,5330,68d0e5f-dirty
Subject352,30,0.7866666666666666,0.8,0.8,new,28,4,plus_placement,rf,1338,5330,68d0e5f-dirty
Subject494,60,0.48336118072960177,0.5666666666666667,0.5666666666666667,new,28,4,plus_placement,rf,1338,5330,68d0e5f-dirty
Subject516,30,0.9644444444444444,0.9666666666666667,0.9666666666666667,new,28,4,plus_placement,rf,1338,5330,68d0e5f-dirty
Subject729,60,0.8016931216931218,0.8166666666666667,0.8166666666666667,new,28,4,plus_placement,rf,1338,5330,68d0e5f-dirty
Subject877,60,0.8463684463684463,0.8666666666666667,0.8666666666666667,new,28,4,plus_placement,rf,1338,5330,68d0e5f-dirty
Subject226,30,0.9333333333333332,0.9333333333333333,0.9333333333333333,recorded,28,4,plus_placement,rf,1338,5330,68d0e5f-dirty
Subject455,60,1.0,1.0,1.0,recorded,28,4,plus_placement,rf,1338,5330,68d0e5f-dirty
Subject731,30,0.9111111111111111,0.9333333333333333,0.9333333333333333,recorded,28,4,plus_placement,rf,1338,5330,68d0e5f-dirty
Subject969,30,0.8888888888888888,0.9,0.9,recorded,28,4,plus_placement,rf,1338,5330,68d0e5f-dirty
Subject139,60,0.7807792207792209,0.8166666666666667,0.8166666666666667,new,28,8,none,rf,2451,0,68d0e5f-dirty
Subject352,30,0.7555555555555554,0.7666666666666667,0.7666666666666667,new,28,8,none,rf,2451,0,68d0e5f-dirty
Subject494,60,0.6136786410470622,0.6833333333333333,0.6833333333333333,new,28,8,none,rf,2451,0,68d0e5f-dirty
Subject516,30,0.8825396825396825,0.9,0.9,new,28,8,none,rf,2451,0,68d0e5f-dirty
Subject729,60,0.9305820105820106,0.9333333333333333,0.9333333333333333,new,28,8,none,rf,2451,0,68d0e5f-dirty
Subject877,60,1.0,1.0,1.0,new,28,8,none,rf,2451,0,68d0e5f-dirty
Subject147,31,0.9288888888888889,0.9333333333333333,0.9354838709677419,recorded,28,8,none,rf,2451,0,68d0e5f-dirty
Subject226,30,0.8422222222222222,0.8666666666666667,0.8666666666666667,recorded,28,8,none,rf,2451,0,68d0e5f-dirty
Subject455,60,0.9830687830687831,0.9833333333333333,0.9833333333333333,recorded,28,8,none,rf,2451,0,68d0e5f-dirty
Subject561,60,0.9494708994708995,0.95,0.95,recorded,28,8,none,rf,2451,0,68d0e5f-dirty
Subject580,90,0.9319080919080918,0.9333333333333335,0.9333333333333333,recorded,28,8,none,rf,2451,0,68d0e5f-dirty
Subject731,30,0.9644444444444444,0.9666666666666667,0.9666666666666667,recorded,28,8,none,rf,2451,0,68d0e5f-dirty
Subject741,60,0.9331409331409332,0.9333333333333333,0.9333333333333333,recorded,28,8,none,rf,2451,0,68d0e5f-dirty
Subject969,30,0.8333333333333334,0.8666666666666667,0.8666666666666667,recorded,28,8,none,rf,2451,0,68d0e5f-dirty
Subject139,60,0.8364021164021164,0.8666666666666667,0.8666666666666667,new,28,8,tempo_intensity,rf,2451,9890,68d0e5f-dirty
Subject352,30,0.7555555555555554,0.7666666666666667,0.7666666666666667,new,28,8,tempo_intensity,rf,2451,9890,68d0e5f-dirty
Subject494,60,0.5470119743803955,0.6166666666666667,0.6166666666666667,new,28,8,tempo_intensity,rf,2451,9890,68d0e5f-dirty
Subject516,30,0.8311111111111111,0.8333333333333334,0.8333333333333334,new,28,8,tempo_intensity,rf,2451,9890,68d0e5f-dirty
Subject729,60,0.913915343915344,0.9166666666666666,0.9166666666666666,new,28,8,tempo_intensity,rf,2451,9890,68d0e5f-dirty
Subject877,60,0.9830687830687831,0.9833333333333333,0.9833333333333333,new,28,8,tempo_intensity,rf,2451,9890,68d0e5f-dirty
Subject147,31,0.9288888888888889,0.9333333333333333,0.9354838709677419,recorded,28,8,tempo_intensity,rf,2451,9890,68d0e5f-dirty
Subject226,30,0.8422222222222222,0.8666666666666667,0.8666666666666667,recorded,28,8,tempo_intensity,rf,2451,9890,68d0e5f-dirty
Subject455,60,0.9830687830687831,0.9833333333333333,0.9833333333333333,recorded,28,8,tempo_intensity,rf,2451,9890,68d0e5f-dirty
Subject561,60,0.9661375661375663,0.9666666666666667,0.9666666666666667,recorded,28,8,tempo_intensity,rf,2451,9890,68d0e5f-dirty
Subject580,90,0.9277000777000777,0.9333333333333333,0.9333333333333333,recorded,28,8,tempo_intensity,rf,2451,9890,68d0e5f-dirty
Subject731,30,1.0,1.0,1.0,recorded,28,8,tempo_intensity,rf,2451,9890,68d0e5f-dirty
Subject741,60,0.9139153439153439,0.9166666666666666,0.9166666666666666,recorded,28,8,tempo_intensity,rf,2451,9890,68d0e5f-dirty
Subject969,30,1.0,1.0,1.0,recorded,28,8,tempo_intensity,rf,2451,9890,68d0e5f-dirty
Subject139,60,0.8960846560846562,0.9,0.9,new,28,8,plus_placement,rf,2451,9873,68d0e5f-dirty
Subject352,30,0.7866666666666666,0.8,0.8,new,28,8,plus_placement,rf,2451,9873,68d0e5f-dirty
Subject494,60,0.5772428546112757,0.65,0.65,new,28,8,plus_placement,rf,2451,9873,68d0e5f-dirty
Subject516,30,0.8933333333333333,0.9,0.9,new,28,8,plus_placement,rf,2451,9873,68d0e5f-dirty
Subject729,60,0.9322751322751323,0.9333333333333333,0.9333333333333333,new,28,8,plus_placement,rf,2451,9873,68d0e5f-dirty
Subject877,60,1.0,1.0,1.0,new,28,8,plus_placement,rf,2451,9873,68d0e5f-dirty
Subject147,31,0.9288888888888889,0.9333333333333333,0.9354838709677419,recorded,28,8,plus_placement,rf,2451,9873,68d0e5f-dirty
Subject226,30,0.8422222222222222,0.8666666666666667,0.8666666666666667,recorded,28,8,plus_placement,rf,2451,9873,68d0e5f-dirty
Subject455,60,0.9830687830687831,0.9833333333333333,0.9833333333333333,recorded,28,8,plus_placement,rf,2451,9873,68d0e5f-dirty
Subject561,60,0.9830687830687831,0.9833333333333333,0.9833333333333333,recorded,28,8,plus_placement,rf,2451,9873,68d0e5f-dirty
Subject580,90,0.919095719095719,0.9222222222222223,0.9222222222222223,recorded,28,8,plus_placement,rf,2451,9873,68d0e5f-dirty
Subject731,30,1.0,1.0,1.0,recorded,28,8,plus_placement,rf,2451,9873,68d0e5f-dirty
Subject741,60,0.9500721500721501,0.95,0.95,recorded,28,8,plus_placement,rf,2451,9873,68d0e5f-dirty
Subject969,30,0.9644444444444444,0.9666666666666667,0.9666666666666667,recorded,28,8,plus_placement,rf,2451,9873,68d0e5f-dirty
Subject139,60,0.8772486772486773,0.9,0.9,new,28,17,none,rf,5096,0,68d0e5f-dirty
Subject352,30,0.8088888888888889,0.8333333333333334,0.8333333333333334,new,28,17,none,rf,5096,0,68d0e5f-dirty
Subject494,60,0.6315093288777499,0.7,0.7,new,28,17,none,rf,5096,0,68d0e5f-dirty
Subject516,30,0.9044444444444444,0.9,0.9,new,28,17,none,rf,5096,0,68d0e5f-dirty
Subject729,60,0.9308465608465609,0.9333333333333333,0.9333333333333333,new,28,17,none,rf,5096,0,68d0e5f-dirty
Subject877,60,0.9830687830687831,0.9833333333333333,0.9833333333333333,new,28,17,none,rf,5096,0,68d0e5f-dirty
Subject147,31,0.9644444444444444,0.9666666666666667,0.967741935483871,recorded,28,17,none,rf,5096,0,68d0e5f-dirty
Subject226,30,0.8088888888888888,0.8333333333333334,0.8333333333333334,recorded,28,17,none,rf,5096,0,68d0e5f-dirty
Subject353,60,0.8539549339549339,0.8666666666666667,0.8666666666666667,recorded,28,17,none,rf,5096,0,68d0e5f-dirty
Subject354,60,0.9248869648869648,0.9333333333333333,0.9333333333333333,recorded,28,17,none,rf,5096,0,68d0e5f-dirty
Subject376,60,0.8647619047619047,0.8666666666666667,0.8666666666666667,recorded,28,17,none,rf,5096,0,68d0e5f-dirty
Subject424,60,0.8452910052910053,0.8666666666666667,0.8666666666666667,recorded,28,17,none,rf,5096,0,68d0e5f-dirty
Subject455,60,1.0,1.0,1.0,recorded,28,17,none,rf,5096,0,68d0e5f-dirty
Subject561,60,0.9485714285714286,0.95,0.95,recorded,28,17,none,rf,5096,0,68d0e5f-dirty
Subject571,30,1.0,1.0,1.0,recorded,28,17,none,rf,5096,0,68d0e5f-dirty
Subject580,90,0.907174307174307,0.9111111111111112,0.9111111111111111,recorded,28,17,none,rf,5096,0,68d0e5f-dirty
Subject611,60,0.9644444444444444,0.9666666666666667,0.9666666666666667,recorded,28,17,none,rf,5096,0,68d0e5f-dirty
Subject731,30,1.0,1.0,1.0,recorded,28,17,none,rf,5096,0,68d0e5f-dirty
Subject741,60,0.9325396825396826,0.9333333333333333,0.9333333333333333,recorded,28,17,none,rf,5096,0,68d0e5f-dirty
Subject819,60,0.8812372812372813,0.9,0.9,recorded,28,17,none,rf,5096,0,68d0e5f-dirty
Subject867,60,0.8632996632996632,0.8833333333333333,0.8833333333333333,recorded,28,17,none,rf,5096,0,68d0e5f-dirty
Subject890,30,0.9644444444444444,0.9666666666666667,0.9666666666666667,recorded,28,17,none,rf,5096,0,68d0e5f-dirty
Subject969,30,0.8333333333333334,0.8666666666666667,0.8666666666666667,recorded,28,17,none,rf,5096,0,68d0e5f-dirty
Subject139,60,0.8726647426647427,0.8833333333333333,0.8833333333333333,new,28,17,tempo_intensity,rf,5096,20754,68d0e5f-dirty
Subject352,30,0.8088888888888889,0.8333333333333334,0.8333333333333334,new,28,17,tempo_intensity,rf,5096,20754,68d0e5f-dirty
Subject494,60,0.5862626262626262,0.65,0.65,new,28,17,tempo_intensity,rf,5096,20754,68d0e5f-dirty
Subject516,30,0.9333333333333333,0.9333333333333333,0.9333333333333333,new,28,17,tempo_intensity,rf,5096,20754,68d0e5f-dirty
Subject729,60,0.8950264550264551,0.9,0.9,new,28,17,tempo_intensity,rf,5096,20754,68d0e5f-dirty
Subject877,60,0.9830687830687831,0.9833333333333333,0.9833333333333333,new,28,17,tempo_intensity,rf,5096,20754,68d0e5f-dirty
Subject147,31,0.9111111111111111,0.9333333333333333,0.9354838709677419,recorded,28,17,tempo_intensity,rf,5096,20754,68d0e5f-dirty
Subject226,30,0.8977777777777778,0.9,0.9,recorded,28,17,tempo_intensity,rf,5096,20754,68d0e5f-dirty
Subject353,60,0.8728427128427129,0.8833333333333333,0.8833333333333333,recorded,28,17,tempo_intensity,rf,5096,20754,68d0e5f-dirty
Subject354,60,0.9418181818181818,0.95,0.95,recorded,28,17,tempo_intensity,rf,5096,20754,68d0e5f-dirty
Subject376,60,0.913015873015873,0.9166666666666666,0.9166666666666666,recorded,28,17,tempo_intensity,rf,5096,20754,68d0e5f-dirty
Subject424,60,0.8452910052910053,0.8666666666666667,0.8666666666666667,recorded,28,17,tempo_intensity,rf,5096,20754,68d0e5f-dirty
Subject455,60,1.0,1.0,1.0,recorded,28,17,tempo_intensity,rf,5096,20754,68d0e5f-dirty
Subject561,60,0.9830687830687831,0.9833333333333333,0.9833333333333333,recorded,28,17,tempo_intensity,rf,5096,20754,68d0e5f-dirty
Subject571,30,1.0,1.0,1.0,recorded,28,17,tempo_intensity,rf,5096,20754,68d0e5f-dirty
Subject580,90,0.8958411523117406,0.9,0.9,recorded,28,17,tempo_intensity,rf,5096,20754,68d0e5f-dirty
Subject611,60,1.0,1.0,1.0,recorded,28,17,tempo_intensity,rf,5096,20754,68d0e5f-dirty
Subject731,30,1.0,1.0,1.0,recorded,28,17,tempo_intensity,rf,5096,20754,68d0e5f-dirty
Subject741,60,0.9661375661375662,0.9666666666666667,0.9666666666666667,recorded,28,17,tempo_intensity,rf,5096,20754,68d0e5f-dirty
Subject819,60,0.8656084656084656,0.8833333333333333,0.8833333333333333,recorded,28,17,tempo_intensity,rf,5096,20754,68d0e5f-dirty
Subject867,60,0.8444444444444444,0.8666666666666667,0.8666666666666667,recorded,28,17,tempo_intensity,rf,5096,20754,68d0e5f-dirty
Subject890,30,0.9644444444444444,0.9666666666666667,0.9666666666666667,recorded,28,17,tempo_intensity,rf,5096,20754,68d0e5f-dirty
Subject969,30,0.9111111111111111,0.9333333333333333,0.9333333333333333,recorded,28,17,tempo_intensity,rf,5096,20754,68d0e5f-dirty
Subject139,60,0.9830687830687831,0.9833333333333333,0.9833333333333333,new,28,17,plus_placement,rf,5096,20630,68d0e5f-dirty
Subject352,30,0.8088888888888889,0.8333333333333334,0.8333333333333334,new,28,17,plus_placement,rf,5096,20630,68d0e5f-dirty
Subject494,60,0.6155834029518241,0.6666666666666666,0.6666666666666666,new,28,17,plus_placement,rf,5096,20630,68d0e5f-dirty
Subject516,30,0.8933333333333333,0.9,0.9,new,28,17,plus_placement,rf,5096,20630,68d0e5f-dirty
Subject729,60,0.9830687830687831,0.9833333333333333,0.9833333333333333,new,28,17,plus_placement,rf,5096,20630,68d0e5f-dirty
Subject877,60,1.0,1.0,1.0,new,28,17,plus_placement,rf,5096,20630,68d0e5f-dirty
Subject147,31,0.9111111111111111,0.9333333333333333,0.9354838709677419,recorded,28,17,plus_placement,rf,5096,20630,68d0e5f-dirty
Subject226,30,0.8422222222222222,0.8666666666666667,0.8666666666666667,recorded,28,17,plus_placement,rf,5096,20630,68d0e5f-dirty
Subject353,60,0.8539549339549339,0.8666666666666667,0.8666666666666667,recorded,28,17,plus_placement,rf,5096,20630,68d0e5f-dirty
Subject354,60,0.8941798941798942,0.9166666666666666,0.9166666666666666,recorded,28,17,plus_placement,rf,5096,20630,68d0e5f-dirty
Subject376,60,0.9161904761904761,0.9166666666666666,0.9166666666666666,recorded,28,17,plus_placement,rf,5096,20630,68d0e5f-dirty
Subject424,60,0.8452910052910053,0.8666666666666667,0.8666666666666667,recorded,28,17,plus_placement,rf,5096,20630,68d0e5f-dirty
Subject455,60,1.0,1.0,1.0,recorded,28,17,plus_placement,rf,5096,20630,68d0e5f-dirty
Subject561,60,1.0,1.0,1.0,recorded,28,17,plus_placement,rf,5096,20630,68d0e5f-dirty
Subject571,30,1.0,1.0,1.0,recorded,28,17,plus_placement,rf,5096,20630,68d0e5f-dirty
Subject580,90,0.9165112665112665,0.9222222222222224,0.9222222222222223,recorded,28,17,plus_placement,rf,5096,20630,68d0e5f-dirty
Subject611,60,0.9830687830687831,0.9833333333333333,0.9833333333333333,recorded,28,17,plus_placement,rf,5096,20630,68d0e5f-dirty
Subject731,30,1.0,1.0,1.0,recorded,28,17,plus_placement,rf,5096,20630,68d0e5f-dirty
Subject741,60,0.9477777777777778,0.95,0.95,recorded,28,17,plus_placement,rf,5096,20630,68d0e5f-dirty
Subject819,60,0.9661375661375662,0.9666666666666667,0.9666666666666667,recorded,28,17,plus_placement,rf,5096,20630,68d0e5f-dirty
Subject867,60,0.8444444444444444,0.8666666666666667,0.8666666666666667,recorded,28,17,plus_placement,rf,5096,20630,68d0e5f-dirty
Subject890,30,0.9644444444444444,0.9666666666666667,0.9666666666666667,recorded,28,17,plus_placement,rf,5096,20630,68d0e5f-dirty
Subject969,30,0.9333333333333332,0.9333333333333333,0.9333333333333333,recorded,28,17,plus_placement,rf,5096,20630,68d0e5f-dirty
Subject139,60,0.6241269841269842,0.6666666666666666,0.6666666666666666,new,29,2,none,rf,580,0,68d0e5f-dirty
Subject226,30,0.5377777777777778,0.6,0.6,new,29,2,none,rf,580,0,68d0e5f-dirty
Subject353,60,0.7282539682539683,0.75,0.75,new,29,2,none,rf,580,0,68d0e5f-dirty
Subject424,60,0.7224531024531025,0.75,0.75,new,29,2,none,rf,580,0,68d0e5f-dirty
Subject516,30,0.6977777777777777,0.7333333333333333,0.7333333333333333,new,29,2,none,rf,580,0,68d0e5f-dirty
Subject571,30,0.6962962962962962,0.7333333333333333,0.7333333333333333,new,29,2,none,rf,580,0,68d0e5f-dirty
Subject729,60,1.0,1.0,1.0,recorded,29,2,none,rf,580,0,68d0e5f-dirty
Subject741,60,0.9053968253968255,0.9166666666666666,0.9166666666666666,recorded,29,2,none,rf,580,0,68d0e5f-dirty
Subject139,60,0.546031746031746,0.6,0.6,new,29,2,tempo_intensity,rf,580,2336,68d0e5f-dirty
Subject226,30,0.5022222222222222,0.5666666666666667,0.5666666666666667,new,29,2,tempo_intensity,rf,580,2336,68d0e5f-dirty
Subject353,60,0.7389417989417989,0.7666666666666667,0.7666666666666667,new,29,2,tempo_intensity,rf,580,2336,68d0e5f-dirty
Subject424,60,0.730846560846561,0.7666666666666667,0.7666666666666667,new,29,2,tempo_intensity,rf,580,2336,68d0e5f-dirty
Subject516,30,0.6888888888888888,0.7333333333333333,0.7333333333333333,new,29,2,tempo_intensity,rf,580,2336,68d0e5f-dirty
Subject571,30,0.6711111111111111,0.7333333333333333,0.7333333333333333,new,29,2,tempo_intensity,rf,580,2336,68d0e5f-dirty
Subject729,60,1.0,1.0,1.0,recorded,29,2,tempo_intensity,rf,580,2336,68d0e5f-dirty
Subject741,60,0.9311111111111111,0.9333333333333333,0.9333333333333333,recorded,29,2,tempo_intensity,rf,580,2336,68d0e5f-dirty
Subject139,60,0.7125925925925927,0.75,0.75,new,29,2,plus_placement,rf,580,2366,68d0e5f-dirty
Subject226,30,0.5333333333333333,0.5666666666666667,0.5666666666666667,new,29,2,plus_placement,rf,580,2366,68d0e5f-dirty
Subject353,60,0.6526984126984128,0.6833333333333333,0.6833333333333333,new,29,2,plus_placement,rf,580,2366,68d0e5f-dirty
Subject424,60,0.6941798941798942,0.7333333333333333,0.7333333333333333,new,29,2,plus_placement,rf,580,2366,68d0e5f-dirty
Subject516,30,0.6666666666666666,0.7,0.7,new,29,2,plus_placement,rf,580,2366,68d0e5f-dirty
Subject571,30,0.5666666666666667,0.6333333333333333,0.6333333333333333,new,29,2,plus_placement,rf,580,2366,68d0e5f-dirty
Subject729,60,1.0,1.0,1.0,recorded,29,2,plus_placement,rf,580,2366,68d0e5f-dirty
Subject741,60,0.847903947903948,0.8666666666666667,0.8666666666666667,recorded,29,2,plus_placement,rf,580,2366,68d0e5f-dirty
Subject139,60,0.8264550264550266,0.85,0.85,new,29,4,none,rf,1204,0,68d0e5f-dirty
Subject226,30,0.6999999999999998,0.7666666666666667,0.7666666666666667,new,29,4,none,rf,1204,0,68d0e5f-dirty
Subject353,60,0.6429170829170829,0.7,0.7,new,29,4,none,rf,1204,0,68d0e5f-dirty
Subject424,60,0.6674795574795576,0.7166666666666667,0.7166666666666667,new,29,4,none,rf,1204,0,68d0e5f-dirty
Subject516,30,0.8825396825396825,0.9,0.9,new,29,4,none,rf,1204,0,68d0e5f-dirty
Subject571,30,0.6777777777777777,0.7333333333333333,0.7333333333333333,new,29,4,none,rf,1204,0,68d0e5f-dirty
Subject729,60,1.0,1.0,1.0,recorded,29,4,none,rf,1204,0,68d0e5f-dirty
Subject741,60,0.9325396825396826,0.9333333333333333,0.9333333333333333,recorded,29,4,none,rf,1204,0,68d0e5f-dirty
Subject819,60,0.8941798941798942,0.9166666666666666,0.9166666666666666,recorded,29,4,none,rf,1204,0,68d0e5f-dirty
Subject890,30,1.0,1.0,1.0,recorded,29,4,none,rf,1204,0,68d0e5f-dirty
Subject139,60,0.8178499278499279,0.8333333333333334,0.8333333333333334,new,29,4,tempo_intensity,rf,1204,4805,68d0e5f-dirty
Subject226,30,0.669206349206349,0.7333333333333333,0.7333333333333333,new,29,4,tempo_intensity,rf,1204,4805,68d0e5f-dirty
Subject353,60,0.6334162134162133,0.6833333333333333,0.6833333333333333,new,29,4,tempo_intensity,rf,1204,4805,68d0e5f-dirty
Subject424,60,0.6425263625263625,0.7,0.7,new,29,4,tempo_intensity,rf,1204,4805,68d0e5f-dirty
Subject516,30,0.8114285714285714,0.8333333333333334,0.8333333333333334,new,29,4,tempo_intensity,rf,1204,4805,68d0e5f-dirty
Subject571,30,0.6777777777777777,0.7333333333333333,0.7333333333333333,new,29,4,tempo_intensity,rf,1204,4805,68d0e5f-dirty
Subject729,60,1.0,1.0,1.0,recorded,29,4,tempo_intensity,rf,1204,4805,68d0e5f-dirty
Subject741,60,0.9492063492063493,0.95,0.95,recorded,29,4,tempo_intensity,rf,1204,4805,68d0e5f-dirty
Subject819,60,0.8656084656084656,0.8833333333333333,0.8833333333333333,recorded,29,4,tempo_intensity,rf,1204,4805,68d0e5f-dirty
Subject890,30,0.9111111111111111,0.9333333333333333,0.9333333333333333,recorded,29,4,tempo_intensity,rf,1204,4805,68d0e5f-dirty
Subject139,60,0.8423280423280424,0.8666666666666667,0.8666666666666667,new,29,4,plus_placement,rf,1204,4856,68d0e5f-dirty
Subject226,30,0.6600000000000001,0.7333333333333333,0.7333333333333333,new,29,4,plus_placement,rf,1204,4856,68d0e5f-dirty
Subject353,60,0.6844263144263144,0.7333333333333333,0.7333333333333333,new,29,4,plus_placement,rf,1204,4856,68d0e5f-dirty
Subject424,60,0.653935693935694,0.7166666666666667,0.7166666666666667,new,29,4,plus_placement,rf,1204,4856,68d0e5f-dirty
Subject516,30,0.8711111111111111,0.9,0.9,new,29,4,plus_placement,rf,1204,4856,68d0e5f-dirty
Subject571,30,0.7444444444444444,0.8,0.8,new,29,4,plus_placement,rf,1204,4856,68d0e5f-dirty
Subject729,60,1.0,1.0,1.0,recorded,29,4,plus_placement,rf,1204,4856,68d0e5f-dirty
Subject741,60,0.8912890812890814,0.9,0.9,recorded,29,4,plus_placement,rf,1204,4856,68d0e5f-dirty
Subject819,60,0.8908128908128908,0.9166666666666666,0.9166666666666666,recorded,29,4,plus_placement,rf,1204,4856,68d0e5f-dirty
Subject890,30,1.0,1.0,1.0,recorded,29,4,plus_placement,rf,1204,4856,68d0e5f-dirty
Subject139,60,0.7949206349206349,0.8166666666666667,0.8166666666666667,new,29,8,none,rf,2426,0,68d0e5f-dirty
Subject226,30,0.711111111111111,0.7333333333333333,0.7333333333333333,new,29,8,none,rf,2426,0,68d0e5f-dirty
Subject353,60,0.6946031746031748,0.7333333333333333,0.7333333333333333,new,29,8,none,rf,2426,0,68d0e5f-dirty
Subject424,60,0.793068783068783,0.8166666666666667,0.8166666666666667,new,29,8,none,rf,2426,0,68d0e5f-dirty
Subject516,30,0.8422222222222222,0.8666666666666667,0.8666666666666667,new,29,8,none,rf,2426,0,68d0e5f-dirty
Subject571,30,0.8755555555555555,0.9,0.9,new,29,8,none,rf,2426,0,68d0e5f-dirty
Subject147,31,0.8755555555555555,0.9,0.9032258064516129,recorded,29,8,none,rf,2426,0,68d0e5f-dirty
Subject376,60,0.8933333333333333,0.9,0.9,recorded,29,8,none,rf,2426,0,68d0e5f-dirty
Subject494,60,0.8994708994708994,0.9,0.9,recorded,29,8,none,rf,2426,0,68d0e5f-dirty
Subject729,60,0.9830687830687831,0.9833333333333333,0.9833333333333333,recorded,29,8,none,rf,2426,0,68d0e5f-dirty
Subject741,60,0.9094372294372295,0.9166666666666666,0.9166666666666666,recorded,29,8,none,rf,2426,0,68d0e5f-dirty
Subject819,60,0.8656084656084656,0.8833333333333333,0.8833333333333333,recorded,29,8,none,rf,2426,0,68d0e5f-dirty
Subject890,30,1.0,1.0,1.0,recorded,29,8,none,rf,2426,0,68d0e5f-dirty
Subject969,30,0.8469841269841271,0.8666666666666667,0.8666666666666667,recorded,29,8,none,rf,2426,0,68d0e5f-dirty
Subject139,60,0.7718710918710918,0.8,0.8,new,29,8,tempo_intensity,rf,2426,9907,68d0e5f-dirty
Subject226,30,0.6755555555555556,0.7,0.7,new,29,8,tempo_intensity,rf,2426,9907,68d0e5f-dirty
Subject353,60,0.7008465608465608,0.75,0.75,new,29,8,tempo_intensity,rf,2426,9907,68d0e5f-dirty
Subject424,60,0.8108465608465608,0.8333333333333334,0.8333333333333334,new,29,8,tempo_intensity,rf,2426,9907,68d0e5f-dirty
Subject516,30,0.7933333333333333,0.8,0.8,new,29,8,tempo_intensity,rf,2426,9907,68d0e5f-dirty
Subject571,30,0.9111111111111111,0.9333333333333333,0.9333333333333333,new,29,8,tempo_intensity,rf,2426,9907,68d0e5f-dirty
Subject147,31,0.9111111111111111,0.9333333333333333,0.9354838709677419,recorded,29,8,tempo_intensity,rf,2426,9907,68d0e5f-dirty
Subject376,60,0.9322751322751323,0.9333333333333333,0.9333333333333333,recorded,29,8,tempo_intensity,rf,2426,9907,68d0e5f-dirty
Subject494,60,0.8063492063492064,0.8333333333333334,0.8333333333333334,recorded,29,8,tempo_intensity,rf,2426,9907,68d0e5f-dirty
Subject729,60,0.9830687830687831,0.9833333333333333,0.9833333333333333,recorded,29,8,tempo_intensity,rf,2426,9907,68d0e5f-dirty
Subject741,60,0.9322751322751323,0.9333333333333333,0.9333333333333333,recorded,29,8,tempo_intensity,rf,2426,9907,68d0e5f-dirty
Subject819,60,0.8621896621896622,0.8833333333333333,0.8833333333333333,recorded,29,8,tempo_intensity,rf,2426,9907,68d0e5f-dirty
Subject890,30,1.0,1.0,1.0,recorded,29,8,tempo_intensity,rf,2426,9907,68d0e5f-dirty
Subject969,30,0.8533333333333334,0.8666666666666667,0.8666666666666667,recorded,29,8,tempo_intensity,rf,2426,9907,68d0e5f-dirty
Subject139,60,0.8182395382395383,0.8333333333333334,0.8333333333333334,new,29,8,plus_placement,rf,2426,9899,68d0e5f-dirty
Subject226,30,0.7711111111111111,0.8,0.8,new,29,8,plus_placement,rf,2426,9899,68d0e5f-dirty
Subject353,60,0.7526118326118326,0.7833333333333333,0.7833333333333333,new,29,8,plus_placement,rf,2426,9899,68d0e5f-dirty
Subject424,60,0.8393854293854294,0.85,0.85,new,29,8,plus_placement,rf,2426,9899,68d0e5f-dirty
Subject516,30,0.9288888888888888,0.9333333333333333,0.9333333333333333,new,29,8,plus_placement,rf,2426,9899,68d0e5f-dirty
Subject571,30,0.8469841269841271,0.8666666666666667,0.8666666666666667,new,29,8,plus_placement,rf,2426,9899,68d0e5f-dirty
Subject147,31,0.9111111111111111,0.9333333333333333,0.9354838709677419,recorded,29,8,plus_placement,rf,2426,9899,68d0e5f-dirty
Subject376,60,0.8992592592592594,0.9,0.9,recorded,29,8,plus_placement,rf,2426,9899,68d0e5f-dirty
Subject494,60,0.8867724867724868,0.9,0.9,recorded,29,8,plus_placement,rf,2426,9899,68d0e5f-dirty
Subject729,60,1.0,1.0,1.0,recorded,29,8,plus_placement,rf,2426,9899,68d0e5f-dirty
Subject741,60,0.9322751322751323,0.9333333333333333,0.9333333333333333,recorded,29,8,plus_placement,rf,2426,9899,68d0e5f-dirty
Subject819,60,0.8656084656084656,0.8833333333333333,0.8833333333333333,recorded,29,8,plus_placement,rf,2426,9899,68d0e5f-dirty
Subject890,30,1.0,1.0,1.0,recorded,29,8,plus_placement,rf,2426,9899,68d0e5f-dirty
Subject969,30,0.8533333333333334,0.8666666666666667,0.8666666666666667,recorded,29,8,plus_placement,rf,2426,9899,68d0e5f-dirty
Subject139,60,0.9475132275132275,0.95,0.95,new,29,17,none,rf,5147,0,68d0e5f-dirty
Subject226,30,0.7822222222222223,0.8333333333333334,0.8333333333333334,new,29,17,none,rf,5147,0,68d0e5f-dirty
Subject353,60,0.7515536315536316,0.7666666666666667,0.7666666666666667,new,29,17,none,rf,5147,0,68d0e5f-dirty
Subject424,60,0.8240944240944241,0.85,0.85,new,29,17,none,rf,5147,0,68d0e5f-dirty
Subject516,30,0.9644444444444444,0.9666666666666667,0.9666666666666667,new,29,17,none,rf,5147,0,68d0e5f-dirty
Subject571,30,0.9111111111111111,0.9333333333333333,0.9333333333333333,new,29,17,none,rf,5147,0,68d0e5f-dirty
Subject147,31,0.9311111111111111,0.9333333333333333,0.9354838709677419,recorded,29,17,none,rf,5147,0,68d0e5f-dirty
Subject352,30,0.8755555555555555,0.9,0.9,recorded,29,17,none,rf,5147,0,68d0e5f-dirty
Subject354,60,0.9644444444444444,0.9666666666666667,0.9666666666666667,recorded,29,17,none,rf,5147,0,68d0e5f-dirty
Subject376,60,0.8435786435786436,0.85,0.85,recorded,29,17,none,rf,5147,0,68d0e5f-dirty
Subject455,60,1.0,1.0,1.0,recorded,29,17,none,rf,5147,0,68d0e5f-dirty
Subject494,60,0.8874074074074074,0.9,0.9,recorded,29,17,none,rf,5147,0,68d0e5f-dirty
Subject561,60,0.8899145299145299,0.9,0.9,recorded,29,17,none,rf,5147,0,68d0e5f-dirty
Subject580,90,0.885925185925186,0.888888888888889,0.8888888888888888,recorded,29,17,none,rf,5147,0,68d0e5f-dirty
Subject611,60,0.9830687830687831,0.9833333333333333,0.9833333333333333,recorded,29,17,none,rf,5147,0,68d0e5f-dirty
Subject729,60,0.9830687830687831,0.9833333333333333,0.9833333333333333,recorded,29,17,none,rf,5147,0,68d0e5f-dirty
Subject731,30,1.0,1.0,1.0,recorded,29,17,none,rf,5147,0,68d0e5f-dirty
Subject741,60,0.9661375661375662,0.9666666666666667,0.9666666666666667,recorded,29,17,none,rf,5147,0,68d0e5f-dirty
Subject819,60,0.8952055352055353,0.9,0.9,recorded,29,17,none,rf,5147,0,68d0e5f-dirty
Subject867,60,0.8888888888888888,0.9,0.9,recorded,29,17,none,rf,5147,0,68d0e5f-dirty
Subject877,60,1.0,1.0,1.0,recorded,29,17,none,rf,5147,0,68d0e5f-dirty
Subject890,30,0.9111111111111111,0.9333333333333333,0.9333333333333333,recorded,29,17,none,rf,5147,0,68d0e5f-dirty
Subject969,30,0.8469841269841271,0.8666666666666667,0.8666666666666667,recorded,29,17,none,rf,5147,0,68d0e5f-dirty
Subject139,60,0.9475132275132274,0.95,0.95,new,29,17,tempo_intensity,rf,5147,21023,68d0e5f-dirty
Subject226,30,0.7866666666666667,0.8333333333333334,0.8333333333333334,new,29,17,tempo_intensity,rf,5147,21023,68d0e5f-dirty
Subject353,60,0.7515536315536316,0.7666666666666667,0.7666666666666667,new,29,17,tempo_intensity,rf,5147,21023,68d0e5f-dirty
Subject424,60,0.841025641025641,0.8666666666666667,0.8666666666666667,new,29,17,tempo_intensity,rf,5147,21023,68d0e5f-dirty
Subject516,30,0.8933333333333332,0.9,0.9,new,29,17,tempo_intensity,rf,5147,21023,68d0e5f-dirty
Subject571,30,0.8825396825396825,0.9,0.9,new,29,17,tempo_intensity,rf,5147,21023,68d0e5f-dirty
Subject147,31,0.9311111111111111,0.9333333333333333,0.9354838709677419,recorded,29,17,tempo_intensity,rf,5147,21023,68d0e5f-dirty
Subject352,30,0.8755555555555555,0.9,0.9,recorded,29,17,tempo_intensity,rf,5147,21023,68d0e5f-dirty
Subject354,60,0.9644444444444444,0.9666666666666667,0.9666666666666667,recorded,29,17,tempo_intensity,rf,5147,21023,68d0e5f-dirty
Subject376,60,0.9156084656084656,0.9166666666666666,0.9166666666666666,recorded,29,17,tempo_intensity,rf,5147,21023,68d0e5f-dirty
Subject455,60,1.0,1.0,1.0,recorded,29,17,tempo_intensity,rf,5147,21023,68d0e5f-dirty
Subject494,60,0.8936507936507937,0.9,0.9,recorded,29,17,tempo_intensity,rf,5147,21023,68d0e5f-dirty
Subject561,60,0.9096296296296296,0.9166666666666666,0.9166666666666666,recorded,29,17,tempo_intensity,rf,5147,21023,68d0e5f-dirty
Subject580,90,0.9105283605283605,0.9111111111111111,0.9111111111111111,recorded,29,17,tempo_intensity,rf,5147,21023,68d0e5f-dirty
Subject611,60,1.0,1.0,1.0,recorded,29,17,tempo_intensity,rf,5147,21023,68d0e5f-dirty
Subject729,60,1.0,1.0,1.0,recorded,29,17,tempo_intensity,rf,5147,21023,68d0e5f-dirty
Subject731,30,0.9644444444444444,0.9666666666666667,0.9666666666666667,recorded,29,17,tempo_intensity,rf,5147,21023,68d0e5f-dirty
Subject741,60,0.9830687830687831,0.9833333333333333,0.9833333333333333,recorded,29,17,tempo_intensity,rf,5147,21023,68d0e5f-dirty
Subject819,60,0.8656084656084656,0.8833333333333333,0.8833333333333333,recorded,29,17,tempo_intensity,rf,5147,21023,68d0e5f-dirty
Subject867,60,0.8719576719576719,0.8833333333333333,0.8833333333333333,recorded,29,17,tempo_intensity,rf,5147,21023,68d0e5f-dirty
Subject877,60,1.0,1.0,1.0,recorded,29,17,tempo_intensity,rf,5147,21023,68d0e5f-dirty
Subject890,30,0.9111111111111111,0.9333333333333333,0.9333333333333333,recorded,29,17,tempo_intensity,rf,5147,21023,68d0e5f-dirty
Subject969,30,0.7914285714285715,0.8,0.8,recorded,29,17,tempo_intensity,rf,5147,21023,68d0e5f-dirty
Subject139,60,0.9830687830687831,0.9833333333333333,0.9833333333333333,new,29,17,plus_placement,rf,5147,20964,68d0e5f-dirty
Subject226,30,0.7822222222222223,0.8333333333333334,0.8333333333333334,new,29,17,plus_placement,rf,5147,20964,68d0e5f-dirty
Subject353,60,0.7773737373737374,0.8,0.8,new,29,17,plus_placement,rf,5147,20964,68d0e5f-dirty
Subject424,60,0.8054700854700855,0.8333333333333334,0.8333333333333334,new,29,17,plus_placement,rf,5147,20964,68d0e5f-dirty
Subject516,30,0.9288888888888888,0.9333333333333333,0.9333333333333333,new,29,17,plus_placement,rf,5147,20964,68d0e5f-dirty
Subject571,30,0.9111111111111111,0.9333333333333333,0.9333333333333333,new,29,17,plus_placement,rf,5147,20964,68d0e5f-dirty
Subject147,31,0.9311111111111111,0.9333333333333333,0.9354838709677419,recorded,29,17,plus_placement,rf,5147,20964,68d0e5f-dirty
Subject352,30,0.9111111111111111,0.9333333333333333,0.9333333333333333,recorded,29,17,plus_placement,rf,5147,20964,68d0e5f-dirty
Subject354,60,0.9418181818181818,0.95,0.95,recorded,29,17,plus_placement,rf,5147,20964,68d0e5f-dirty
Subject376,60,0.9183068783068784,0.9166666666666666,0.9166666666666666,recorded,29,17,plus_placement,rf,5147,20964,68d0e5f-dirty
Subject455,60,1.0,1.0,1.0,recorded,29,17,plus_placement,rf,5147,20964,68d0e5f-dirty
Subject494,60,0.9047811447811448,0.9166666666666666,0.9166666666666666,recorded,29,17,plus_placement,rf,5147,20964,68d0e5f-dirty
Subject561,60,0.9485714285714286,0.95,0.95,recorded,29,17,plus_placement,rf,5147,20964,68d0e5f-dirty
Subject580,90,0.9113053613053612,0.9111111111111111,0.9111111111111111,recorded,29,17,plus_placement,rf,5147,20964,68d0e5f-dirty
Subject611,60,0.9830687830687831,0.9833333333333333,0.9833333333333333,recorded,29,17,plus_placement,rf,5147,20964,68d0e5f-dirty
Subject729,60,1.0,1.0,1.0,recorded,29,17,plus_placement,rf,5147,20964,68d0e5f-dirty
Subject731,30,0.9644444444444444,0.9666666666666667,0.9666666666666667,recorded,29,17,plus_placement,rf,5147,20964,68d0e5f-dirty
Subject741,60,0.9664021164021165,0.9666666666666667,0.9666666666666667,recorded,29,17,plus_placement,rf,5147,20964,68d0e5f-dirty
Subject819,60,0.9164021164021163,0.9166666666666666,0.9166666666666666,recorded,29,17,plus_placement,rf,5147,20964,68d0e5f-dirty
Subject867,60,0.8711111111111111,0.8833333333333333,0.8833333333333333,recorded,29,17,plus_placement,rf,5147,20964,68d0e5f-dirty
Subject877,60,1.0,1.0,1.0,recorded,29,17,plus_placement,rf,5147,20964,68d0e5f-dirty
Subject890,30,0.9111111111111111,0.9333333333333333,0.9333333333333333,recorded,29,17,plus_placement,rf,5147,20964,68d0e5f-dirty
Subject969,30,0.8888888888888888,0.9,0.9,recorded,29,17,plus_placement,rf,5147,20964,68d0e5f-dirty
