athlete,n_bouts,macro_f1,balanced_acc,accuracy,group,repeat,n_team,arm,model,n_real_windows,n_sim_windows,git
Subject139,60,0.6055218855218855,0.65,0.65,new,0,2,none,cnn,607,0,68d0e5f-dirty
Subject353,60,0.5495622895622897,0.6166666666666667,0.6166666666666667,new,0,2,none,cnn,607,0,68d0e5f-dirty
Subject424,60,0.6333333333333333,0.6833333333333333,0.6833333333333333,new,0,2,none,cnn,607,0,68d0e5f-dirty
Subject455,60,0.6349398749398749,0.7,0.7,new,0,2,none,cnn,607,0,68d0e5f-dirty
Subject731,30,0.5536507936507937,0.6333333333333333,0.6333333333333333,new,0,2,none,cnn,607,0,68d0e5f-dirty
Subject890,30,0.6555555555555554,0.7333333333333333,0.7333333333333333,new,0,2,none,cnn,607,0,68d0e5f-dirty
Subject147,31,0.8755555555555555,0.9,0.9032258064516129,recorded,0,2,none,cnn,607,0,68d0e5f-dirty
Subject819,60,0.6892592592592592,0.75,0.75,recorded,0,2,none,cnn,607,0,68d0e5f-dirty
Subject139,60,0.6107610907610908,0.65,0.65,new,0,2,tempo_intensity,cnn,607,2465,68d0e5f-dirty
Subject353,60,0.5744647944647945,0.65,0.65,new,0,2,tempo_intensity,cnn,607,2465,68d0e5f-dirty
Subject424,60,0.6475132275132276,0.6833333333333333,0.6833333333333333,new,0,2,tempo_intensity,cnn,607,2465,68d0e5f-dirty
Subject455,60,0.5456469456469456,0.6333333333333333,0.6333333333333333,new,0,2,tempo_intensity,cnn,607,2465,68d0e5f-dirty
Subject731,30,0.5822222222222222,0.6666666666666666,0.6666666666666666,new,0,2,tempo_intensity,cnn,607,2465,68d0e5f-dirty
Subject890,30,0.62,0.7,0.7,new,0,2,tempo_intensity,cnn,607,2465,68d0e5f-dirty
Subject147,31,0.8955555555555555,0.9,0.9032258064516129,recorded,0,2,tempo_intensity,cnn,607,2465,68d0e5f-dirty
Subject819,60,0.7147474747474747,0.7666666666666667,0.7666666666666667,recorded,0,2,tempo_intensity,cnn,607,2465,68d0e5f-dirty
Subject139,60,0.6725925925925925,0.7166666666666667,0.7166666666666667,new,0,2,plus_placement,cnn,607,2449,68d0e5f-dirty
Subject353,60,0.6121885521885523,0.6833333333333333,0.6833333333333333,new,0,2,plus_placement,cnn,607,2449,68d0e5f-dirty
Subject424,60,0.6111111111111112,0.6666666666666666,0.6666666666666666,new,0,2,plus_placement,cnn,607,2449,68d0e5f-dirty
Subject455,60,0.6612698412698413,0.7,0.7,new,0,2,plus_placement,cnn,607,2449,68d0e5f-dirty
Subject731,30,0.6355555555555555,0.7,0.7,new,0,2,plus_placement,cnn,607,2449,68d0e5f-dirty
Subject890,30,0.6066666666666667,0.6666666666666666,0.6666666666666666,new,0,2,plus_placement,cnn,607,2449,68d0e5f-dirty
Subject147,31,0.8955555555555555,0.9,0.9032258064516129,recorded,0,2,plus_placement,cnn,607,2449,68d0e5f-dirty
Subject819,60,0.7392592592592593,0.7833333333333333,0.7833333333333333,recorded,0,2,plus_placement,cnn,607,2449,68d0e5f-dirty
Subject139,60,0.7358730158730159,0.7833333333333333,0.7833333333333333,new,0,4,none,cnn,1451,0,68d0e5f-dirty
Subject353,60,0.6926984126984127,0.7333333333333333,0.7333333333333333,new,0,4,none,cnn,1451,0,68d0e5f-dirty
Subject424,60,0.6381818181818183,0.6833333333333333,0.6833333333333333,new,0,4,none,cnn,1451,0,68d0e5f-dirty
Subject455,60,0.7649062049062049,0.8,0.8,new,0,4,none,cnn,1451,0,68d0e5f-dirty
Subject731,30,0.6133333333333333,0.7,0.7,new,0,4,none,cnn,1451,0,68d0e5f-dirty
Subject890,30,0.7555555555555556,0.8,0.8,new,0,4,none,cnn,1451,0,68d0e5f-dirty
Subject147,31,0.7844444444444444,0.8333333333333334,0.8387096774193549,recorded,0,4,none,cnn,1451,0,68d0e5f-dirty
Subject561,60,0.9644444444444444,0.9666666666666667,0.9666666666666667,recorded,0,4,none,cnn,1451,0,68d0e5f-dirty
Subject819,60,0.761827801827802,0.7833333333333333,0.7833333333333333,recorded,0,4,none,cnn,1451,0,68d0e5f-dirty
Subject969,30,0.7977777777777777,0.8333333333333334,0.8333333333333334,recorded,0,4,none,cnn,1451,0,68d0e5f-dirty
Subject139,60,0.8148351648351647,0.8333333333333334,0.8333333333333334,new,0,4,tempo_intensity,cnn,1451,5895,68d0e5f-dirty
Subject353,60,0.6888023088023087,0.7166666666666667,0.7166666666666667,new,0,4,tempo_intensity,cnn,1451,5895,68d0e5f-dirty
Subject424,60,0.5081481481481481,0.5666666666666667,0.5666666666666667,new,0,4,tempo_intensity,cnn,1451,5895,68d0e5f-dirty
Subject455,60,0.7979028379028378,0.8333333333333334,0.8333333333333334,new,0,4,tempo_intensity,cnn,1451,5895,68d0e5f-dirty
Subject731,30,0.6666666666666666,0.7333333333333333,0.7333333333333333,new,0,4,tempo_intensity,cnn,1451,5895,68d0e5f-dirty
Subject890,30,0.8488888888888888,0.8666666666666667,0.8666666666666667,new,0,4,tempo_intensity,cnn,1451,5895,68d0e5f-dirty
Subject147,31,0.7866666666666666,0.8333333333333334,0.8387096774193549,recorded,0,4,tempo_intensity,cnn,1451,5895,68d0e5f-dirty
Subject561,60,0.9664021164021165,0.9666666666666667,0.9666666666666667,recorded,0,4,tempo_intensity,cnn,1451,5895,68d0e5f-dirty
Subject819,60,0.741957671957672,0.75,0.75,recorded,0,4,tempo_intensity,cnn,1451,5895,68d0e5f-dirty
Subject969,30,0.7980952380952381,0.8333333333333334,0.8333333333333334,recorded,0,4,tempo_intensity,cnn,1451,5895,68d0e5f-dirty
Subject139,60,0.7737240537240537,0.8166666666666667,0.8166666666666667,new,0,4,plus_placement,cnn,1451,5781,68d0e5f-dirty
Subject353,60,0.7091930291930292,0.7333333333333333,0.7333333333333333,new,0,4,plus_placement,cnn,1451,5781,68d0e5f-dirty
Subject424,60,0.5615873015873016,0.6166666666666667,0.6166666666666667,new,0,4,plus_placement,cnn,1451,5781,68d0e5f-dirty
Subject455,60,0.7627705627705628,0.8,0.8,new,0,4,plus_placement,cnn,1451,5781,68d0e5f-dirty
Subject731,30,0.6622222222222223,0.7333333333333333,0.7333333333333333,new,0,4,plus_placement,cnn,1451,5781,68d0e5f-dirty
Subject890,30,0.7066666666666667,0.7333333333333333,0.7333333333333333,new,0,4,plus_placement,cnn,1451,5781,68d0e5f-dirty
Subject147,31,0.8755555555555555,0.9,0.9032258064516129,recorded,0,4,plus_placement,cnn,1451,5781,68d0e5f-dirty
Subject561,60,0.9830687830687831,0.9833333333333333,0.9833333333333333,recorded,0,4,plus_placement,cnn,1451,5781,68d0e5f-dirty
Subject819,60,0.7968253968253968,0.8166666666666667,0.8166666666666667,recorded,0,4,plus_placement,cnn,1451,5781,68d0e5f-dirty
Subject969,30,0.8825396825396825,0.9,0.9,recorded,0,4,plus_placement,cnn,1451,5781,68d0e5f-dirty
Subject139,60,0.7851851851851852,0.8166666666666667,0.8166666666666667,new,0,8,none,cnn,2578,0,68d0e5f-dirty
Subject353,60,0.7134258334258337,0.75,0.75,new,0,8,none,cnn,2578,0,68d0e5f-dirty
Subject424,60,0.7344413320883909,0.7666666666666667,0.7666666666666667,new,0,8,none,cnn,2578,0,68d0e5f-dirty
Subject455,60,0.8755555555555555,0.9,0.9,new,0,8,none,cnn,2578,0,68d0e5f-dirty
Subject731,30,0.8555555555555555,0.8666666666666667,0.8666666666666667,new,0,8,none,cnn,2578,0,68d0e5f-dirty
Subject890,30,0.8355555555555557,0.8666666666666667,0.8666666666666667,new,0,8,none,cnn,2578,0,68d0e5f-dirty
Subject147,31,0.9644444444444444,0.9666666666666667,0.967741935483871,recorded,0,8,none,cnn,2578,0,68d0e5f-dirty
Subject226,30,0.9644444444444444,0.9666666666666667,0.9666666666666667,recorded,0,8,none,cnn,2578,0,68d0e5f-dirty
Subject561,60,0.9644444444444444,0.9666666666666667,0.9666666666666667,recorded,0,8,none,cnn,2578,0,68d0e5f-dirty
Subject729,60,0.8796825396825396,0.8833333333333333,0.8833333333333333,recorded,0,8,none,cnn,2578,0,68d0e5f-dirty
Subject741,60,0.9305820105820106,0.9333333333333333,0.9333333333333333,recorded,0,8,none,cnn,2578,0,68d0e5f-dirty
Subject819,60,0.7622751322751323,0.7833333333333333,0.7833333333333333,recorded,0,8,none,cnn,2578,0,68d0e5f-dirty
Subject867,60,0.9644444444444444,0.9666666666666667,0.9666666666666667,recorded,0,8,none,cnn,2578,0,68d0e5f-dirty
Subject969,30,0.8469841269841271,0.8666666666666667,0.8666666666666667,recorded,0,8,none,cnn,2578,0,68d0e5f-dirty
Subject139,60,0.7968061568061569,0.8166666666666667,0.8166666666666667,new,0,8,tempo_intensity,cnn,2578,10481,68d0e5f-dirty
Subject353,60,0.7406060606060605,0.7666666666666667,0.7666666666666667,new,0,8,tempo_intensity,cnn,2578,10481,68d0e5f-dirty
Subject424,60,0.6965550239234449,0.7333333333333333,0.7333333333333333,new,0,8,tempo_intensity,cnn,2578,10481,68d0e5f-dirty
Subject455,60,0.8014489214489215,0.8333333333333334,0.8333333333333334,new,0,8,tempo_intensity,cnn,2578,10481,68d0e5f-dirty
Subject731,30,0.7669841269841271,0.8,0.8,new,0,8,tempo_intensity,cnn,2578,10481,68d0e5f-dirty
Subject890,30,0.7580952380952382,0.8,0.8,new,0,8,tempo_intensity,cnn,2578,10481,68d0e5f-dirty
Subject147,31,0.8755555555555555,0.9,0.9032258064516129,recorded,0,8,tempo_intensity,cnn,2578,10481,68d0e5f-dirty
Subject226,30,0.9288888888888889,0.9333333333333333,0.9333333333333333,recorded,0,8,tempo_intensity,cnn,2578,10481,68d0e5f-dirty
Subject561,60,0.8755555555555555,0.9,0.9,recorded,0,8,tempo_intensity,cnn,2578,10481,68d0e5f-dirty
Subject729,60,0.9322751322751323,0.9333333333333333,0.9333333333333333,recorded,0,8,tempo_intensity,cnn,2578,10481,68d0e5f-dirty
Subject741,60,0.9644444444444444,0.9666666666666667,0.9666666666666667,recorded,0,8,tempo_intensity,cnn,2578,10481,68d0e5f-dirty
Subject819,60,0.7774358974358974,0.8,0.8,recorded,0,8,tempo_intensity,cnn,2578,10481,68d0e5f-dirty
Subject867,60,0.9830687830687831,0.9833333333333333,0.9833333333333333,recorded,0,8,tempo_intensity,cnn,2578,10481,68d0e5f-dirty
Subject969,30,0.826984126984127,0.8333333333333334,0.8333333333333334,recorded,0,8,tempo_intensity,cnn,2578,10481,68d0e5f-dirty
Subject139,60,0.7475132275132276,0.7833333333333333,0.7833333333333333,new,0,8,plus_placement,cnn,2578,10530,68d0e5f-dirty
Subject353,60,0.7440404040404041,0.7666666666666667,0.7666666666666667,new,0,8,plus_placement,cnn,2578,10530,68d0e5f-dirty
Subject424,60,0.7131313131313131,0.75,0.75,new,0,8,plus_placement,cnn,2578,10530,68d0e5f-dirty
Subject455,60,0.8755555555555555,0.9,0.9,new,0,8,plus_placement,cnn,2578,10530,68d0e5f-dirty
Subject731,30,0.7977777777777778,0.8333333333333334,0.8333333333333334,new,0,8,plus_placement,cnn,2578,10530,68d0e5f-dirty
Subject890,30,0.7780952380952381,0.8,0.8,new,0,8,plus_placement,cnn,2578,10530,68d0e5f-dirty
Subject147,31,1.0,1.0,1.0,recorded,0,8,plus_placement,cnn,2578,10530,68d0e5f-dirty
Subject226,30,0.8422222222222222,0.8666666666666667,0.8666666666666667,recorded,0,8,plus_placement,cnn,2578,10530,68d0e5f-dirty
Subject561,60,0.8222222222222222,0.8666666666666667,0.8666666666666667,recorded,0,8,plus_placement,cnn,2578,10530,68d0e5f-dirty
Subject729,60,0.9316402116402117,0.9333333333333333,0.9333333333333333,recorded,0,8,plus_placement,cnn,2578,10530,68d0e5f-dirty
Subject741,60,0.9475132275132274,0.95,0.95,recorded,0,8,plus_placement,cnn,2578,10530,68d0e5f-dirty
Subject819,60,0.7955555555555555,0.8166666666666667,0.8166666666666667,recorded,0,8,plus_placement,cnn,2578,10530,68d0e5f-dirty
Subject867,60,0.9418181818181818,0.95,0.95,recorded,0,8,plus_placement,cnn,2578,10530,68d0e5f-dirty
Subject969,30,0.84,0.8666666666666667,0.8666666666666667,recorded,0,8,plus_placement,cnn,2578,10530,68d0e5f-dirty
Subject139,60,0.9830687830687831,0.9833333333333333,0.9833333333333333,new,0,17,none,cnn,5270,0,68d0e5f-dirty
Subject353,60,0.8393854293854294,0.85,0.85,new,0,17,none,cnn,5270,0,68d0e5f-dirty
Subject424,60,0.8825396825396825,0.9,0.9,new,0,17,none,cnn,5270,0,68d0e5f-dirty
Subject455,60,0.924886964886965,0.9333333333333333,0.9333333333333333,new,0,17,none,cnn,5270,0,68d0e5f-dirty
Subject731,30,0.8977777777777778,0.9,0.9,new,0,17,none,cnn,5270,0,68d0e5f-dirty
Subject890,30,0.846984126984127,0.8666666666666667,0.8666666666666667,new,0,17,none,cnn,5270,0,68d0e5f-dirty
Subject147,31,1.0,1.0,1.0,recorded,0,17,none,cnn,5270,0,68d0e5f-dirty
Subject226,30,0.8755555555555555,0.9,0.9,recorded,0,17,none,cnn,5270,0,68d0e5f-dirty
Subject352,30,0.8755555555555555,0.9,0.9,recorded,0,17,none,cnn,5270,0,68d0e5f-dirty
Subject354,60,0.962962962962963,0.9666666666666667,0.9666666666666667,recorded,0,17,none,cnn,5270,0,68d0e5f-dirty
Subject376,60,0.901058201058201,0.9,0.9,recorded,0,17,none,cnn,5270,0,68d0e5f-dirty
Subject494,60,0.9084848484848485,0.9166666666666666,0.9166666666666666,recorded,0,17,none,cnn,5270,0,68d0e5f-dirty
Subject516,30,0.9644444444444444,0.9666666666666667,0.9666666666666667,recorded,0,17,none,cnn,5270,0,68d0e5f-dirty
Subject561,60,1.0,1.0,1.0,recorded,0,17,none,cnn,5270,0,68d0e5f-dirty
Subject571,30,0.9333333333333332,0.9333333333333333,0.9333333333333333,recorded,0,17,none,cnn,5270,0,68d0e5f-dirty
Subject580,90,0.9164095164095163,0.9222222222222223,0.9222222222222223,recorded,0,17,none,cnn,5270,0,68d0e5f-dirty
Subject611,60,0.9147089947089947,0.9166666666666666,0.9166666666666666,recorded,0,17,none,cnn,5270,0,68d0e5f-dirty
Subject729,60,0.9223280423280423,0.9333333333333333,0.9333333333333333,recorded,0,17,none,cnn,5270,0,68d0e5f-dirty
Subject741,60,0.9333333333333333,0.9333333333333333,0.9333333333333333,recorded,0,17,none,cnn,5270,0,68d0e5f-dirty
Subject819,60,0.8538720538720539,0.8666666666666667,0.8666666666666667,recorded,0,17,none,cnn,5270,0,68d0e5f-dirty
Subject867,60,0.924886964886965,0.9333333333333333,0.9333333333333333,recorded,0,17,none,cnn,5270,0,68d0e5f-dirty
Subject877,60,1.0,1.0,1.0,recorded,0,17,none,cnn,5270,0,68d0e5f-dirty
Subject969,30,0.8955555555555555,0.9,0.9,recorded,0,17,none,cnn,5270,0,68d0e5f-dirty
Subject139,60,0.962962962962963,0.9666666666666667,0.9666666666666667,new,0,17,tempo_intensity,cnn,5270,21390,68d0e5f-dirty
Subject353,60,0.782982202982203,0.8,0.8,new,0,17,tempo_intensity,cnn,5270,21390,68d0e5f-dirty
Subject424,60,0.8952055352055353,0.9,0.9,new,0,17,tempo_intensity,cnn,5270,21390,68d0e5f-dirty
Subject455,60,0.924886964886965,0.9333333333333333,0.9333333333333333,new,0,17,tempo_intensity,cnn,5270,21390,68d0e5f-dirty
Subject731,30,0.9333333333333332,0.9333333333333333,0.9333333333333333,new,0,17,tempo_intensity,cnn,5270,21390,68d0e5f-dirty
Subject890,30,0.7977777777777778,0.8333333333333334,0.8333333333333334,new,0,17,tempo_intensity,cnn,5270,21390,68d0e5f-dirty
Subject147,31,0.9111111111111111,0.9333333333333333,0.9354838709677419,recorded,0,17,tempo_intensity,cnn,5270,21390,68d0e5f-dirty
Subject226,30,0.8177777777777778,0.8666666666666667,0.8666666666666667,recorded,0,17,tempo_intensity,cnn,5270,21390,68d0e5f-dirty
Subject352,30,0.8088888888888889,0.8333333333333334,0.8333333333333334,recorded,0,17,tempo_intensity,cnn,5270,21390,68d0e5f-dirty
Subject354,60,0.9676190476190477,0.9666666666666667,0.9666666666666667,recorded,0,17,tempo_intensity,cnn,5270,21390,68d0e5f-dirty
Subject376,60,0.9158730158730158,0.9166666666666666,0.9166666666666666,recorded,0,17,tempo_intensity,cnn,5270,21390,68d0e5f-dirty
Subject494,60,0.8955555555555554,0.9,0.9,recorded,0,17,tempo_intensity,cnn,5270,21390,68d0e5f-dirty
Subject516,30,0.9111111111111111,0.9333333333333333,0.9333333333333333,recorded,0,17,tempo_intensity,cnn,5270,21390,68d0e5f-dirty
Subject561,60,0.9830687830687831,0.9833333333333333,0.9833333333333333,recorded,0,17,tempo_intensity,cnn,5270,21390,68d0e5f-dirty
Subject571,30,0.8533333333333333,0.8666666666666667,0.8666666666666667,recorded,0,17,tempo_intensity,cnn,5270,21390,68d0e5f-dirty
Subject580,90,0.9061771561771561,0.9111111111111111,0.9111111111111111,recorded,0,17,tempo_intensity,cnn,5270,21390,68d0e5f-dirty
Subject611,60,0.8952910052910052,0.9,0.9,recorded,0,17,tempo_intensity,cnn,5270,21390,68d0e5f-dirty
Subject729,60,0.9460317460317461,0.95,0.95,recorded,0,17,tempo_intensity,cnn,5270,21390,68d0e5f-dirty
Subject741,60,0.924886964886965,0.9333333333333333,0.9333333333333333,recorded,0,17,tempo_intensity,cnn,5270,21390,68d0e5f-dirty
Subject819,60,0.8555555555555555,0.8666666666666667,0.8666666666666667,recorded,0,17,tempo_intensity,cnn,5270,21390,68d0e5f-dirty
Subject867,60,0.9418181818181818,0.95,0.95,recorded,0,17,tempo_intensity,cnn,5270,21390,68d0e5f-dirty
Subject877,60,1.0,1.0,1.0,recorded,0,17,tempo_intensity,cnn,5270,21390,68d0e5f-dirty
Subject969,30,0.8755555555555555,0.9,0.9,recorded,0,17,tempo_intensity,cnn,5270,21390,68d0e5f-dirty
Subject139,60,1.0,1.0,1.0,new,0,17,plus_placement,cnn,5270,21443,68d0e5f-dirty
Subject353,60,0.8618710918710918,0.8666666666666667,0.8666666666666667,new,0,17,plus_placement,cnn,5270,21443,68d0e5f-dirty
Subject424,60,0.8186243386243387,0.85,0.85,new,0,17,plus_placement,cnn,5270,21443,68d0e5f-dirty
Subject455,60,0.9418181818181818,0.95,0.95,new,0,17,plus_placement,cnn,5270,21443,68d0e5f-dirty
Subject731,30,0.9644444444444444,0.9666666666666667,0.9666666666666667,new,0,17,plus_placement,cnn,5270,21443,68d0e5f-dirty
Subject890,30,0.8755555555555555,0.9,0.9,new,0,17,plus_placement,cnn,5270,21443,68d0e5f-dirty
Subject147,31,0.9644444444444444,0.9666666666666667,0.967741935483871,recorded,0,17,plus_placement,cnn,5270,21443,68d0e5f-dirty
Subject226,30,0.8422222222222222,0.8666666666666667,0.8666666666666667,recorded,0,17,plus_placement,cnn,5270,21443,68d0e5f-dirty
Subject352,30,0.8222222222222222,0.8666666666666667,0.8666666666666667,recorded,0,17,plus_placement,cnn,5270,21443,68d0e5f-dirty
Subject354,60,0.9830687830687831,0.9833333333333333,0.9833333333333333,recorded,0,17,plus_placement,cnn,5270,21443,68d0e5f-dirty
Subject376,60,0.8511784511784513,0.8666666666666667,0.8666666666666667,recorded,0,17,plus_placement,cnn,5270,21443,68d0e5f-dirty
Subject494,60,0.8425589225589225,0.8666666666666667,0.8666666666666667,recorded,0,17,plus_placement,cnn,5270,21443,68d0e5f-dirty
Subject516,30,0.9644444444444444,0.9666666666666667,0.9666666666666667,recorded,0,17,plus_placement,cnn,5270,21443,68d0e5f-dirty
Subject561,60,0.9830687830687831,0.9833333333333333,0.9833333333333333,recorded,0,17,plus_placement,cnn,5270,21443,68d0e5f-dirty
Subject571,30,0.9333333333333332,0.9333333333333333,0.9333333333333333,recorded,0,17,plus_placement,cnn,5270,21443,68d0e5f-dirty
Subject580,90,0.9482051282051283,0.9555555555555555,0.9555555555555556,recorded,0,17,plus_placement,cnn,5270,21443,68d0e5f-dirty
Subject611,60,0.9485714285714286,0.95,0.95,recorded,0,17,plus_placement,cnn,5270,21443,68d0e5f-dirty
Subject729,60,0.9830687830687831,0.9833333333333333,0.9833333333333333,recorded,0,17,plus_placement,cnn,5270,21443,68d0e5f-dirty
Subject741,60,0.9288888888888888,0.9333333333333333,0.9333333333333333,recorded,0,17,plus_placement,cnn,5270,21443,68d0e5f-dirty
Subject819,60,0.8956228956228957,0.9166666666666666,0.9166666666666666,recorded,0,17,plus_placement,cnn,5270,21443,68d0e5f-dirty
Subject867,60,0.9418181818181818,0.95,0.95,recorded,0,17,plus_placement,cnn,5270,21443,68d0e5f-dirty
Subject877,60,1.0,1.0,1.0,recorded,0,17,plus_placement,cnn,5270,21443,68d0e5f-dirty
Subject969,30,0.9111111111111111,0.9333333333333333,0.9333333333333333,recorded,0,17,plus_placement,cnn,5270,21443,68d0e5f-dirty
Subject226,30,0.6777777777777777,0.7333333333333333,0.7333333333333333,new,1,2,none,cnn,600,0,68d0e5f-dirty
Subject354,60,0.5277777777777778,0.5833333333333334,0.5833333333333334,new,1,2,none,cnn,600,0,68d0e5f-dirty
Subject455,60,0.6863299663299663,0.7166666666666667,0.7166666666666667,new,1,2,none,cnn,600,0,68d0e5f-dirty
Subject580,90,0.730314831367463,0.7444444444444444,0.7444444444444445,new,1,2,none,cnn,600,0,68d0e5f-dirty
Subject890,30,0.6555555555555554,0.7333333333333333,0.7333333333333333,new,1,2,none,cnn,600,0,68d0e5f-dirty
Subject969,30,0.4162962962962963,0.5333333333333333,0.5333333333333333,new,1,2,none,cnn,600,0,68d0e5f-dirty
Subject147,31,0.9022222222222224,0.9111111111111111,0.9032258064516129,recorded,1,2,none,cnn,600,0,68d0e5f-dirty
Subject819,60,0.7504761904761905,0.7833333333333333,0.7833333333333333,recorded,1,2,none,cnn,600,0,68d0e5f-dirty
Subject226,30,0.6844444444444445,0.7333333333333333,0.7333333333333333,new,1,2,tempo_intensity,cnn,600,2414,68d0e5f-dirty
Subject354,60,0.5044444444444445,0.55,0.55,new,1,2,tempo_intensity,cnn,600,2414,68d0e5f-dirty
Subject455,60,0.6169504569504569,0.65,0.65,new,1,2,tempo_intensity,cnn,600,2414,68d0e5f-dirty
Subject580,90,0.6858097458097457,0.7,0.7,new,1,2,tempo_intensity,cnn,600,2414,68d0e5f-dirty
Subject890,30,0.6199999999999999,0.7,0.7,new,1,2,tempo_intensity,cnn,600,2414,68d0e5f-dirty
Subject969,30,0.4622222222222222,0.5666666666666667,0.5666666666666667,new,1,2,tempo_intensity,cnn,600,2414,68d0e5f-dirty
Subject147,31,0.8803174603174603,0.8888888888888888,0.8709677419354839,recorded,1,2,tempo_intensity,cnn,600,2414,68d0e5f-dirty
Subject819,60,0.7358922558922559,0.7833333333333333,0.7833333333333333,recorded,1,2,tempo_intensity,cnn,600,2414,68d0e5f-dirty
Subject226,30,0.5888888888888888,0.6333333333333333,0.6333333333333333,new,1,2,plus_placement,cnn,600,2405,68d0e5f-dirty
Subject354,60,0.5061873638344226,0.5666666666666667,0.5666666666666667,new,1,2,plus_placement,cnn,600,2405,68d0e5f-dirty
Subject455,60,0.7085329485329486,0.75,0.75,new,1,2,plus_placement,cnn,600,2405,68d0e5f-dirty
Subject580,90,0.6628615828615828,0.6777777777777777,0.6777777777777778,new,1,2,plus_placement,cnn,600,2405,68d0e5f-dirty
Subject890,30,0.7088888888888889,0.7666666666666667,0.7666666666666667,new,1,2,plus_placement,cnn,600,2405,68d0e5f-dirty
Subject969,30,0.39883597883597877,0.5,0.5,new,1,2,plus_placement,cnn,600,2405,68d0e5f-dirty
Subject147,31,0.9644444444444444,0.9666666666666667,0.967741935483871,recorded,1,2,plus_placement,cnn,600,2405,68d0e5f-dirty
Subject819,60,0.7147474747474747,0.7666666666666667,0.7666666666666667,recorded,1,2,plus_placement,cnn,600,2405,68d0e5f-dirty
Subject226,30,0.6755555555555556,0.7333333333333333,0.7333333333333333,new,1,4,none,cnn,1223,0,68d0e5f-dirty
Subject354,60,0.671944351944352,0.7166666666666667,0.7166666666666667,new,1,4,none,cnn,1223,0,68d0e5f-dirty
Subject455,60,0.7097017797017797,0.75,0.75,new,1,4,none,cnn,1223,0,68d0e5f-dirty
Subject580,90,0.7977115041820924,0.8222222222222224,0.8222222222222222,new,1,4,none,cnn,1223,0,68d0e5f-dirty
Subject890,30,0.6866666666666668,0.7333333333333333,0.7333333333333333,new,1,4,none,cnn,1223,0,68d0e5f-dirty
Subject969,30,0.5274074074074073,0.6,0.6,new,1,4,none,cnn,1223,0,68d0e5f-dirty
Subject139,60,0.7546764346764346,0.8,0.8,recorded,1,4,none,cnn,1223,0,68d0e5f-dirty
Subject147,31,0.9311111111111111,0.9333333333333333,0.9354838709677419,recorded,1,4,none,cnn,1223,0,68d0e5f-dirty
Subject611,60,0.8924867724867726,0.9,0.9,recorded,1,4,none,cnn,1223,0,68d0e5f-dirty
Subject819,60,0.7985185185185184,0.8333333333333334,0.8333333333333334,recorded,1,4,none,cnn,1223,0,68d0e5f-dirty
Subject226,30,0.6755555555555556,0.7333333333333333,0.7333333333333333,new,1,4,tempo_intensity,cnn,1223,4903,68d0e5f-dirty
Subject354,60,0.723035113035113,0.75,0.75,new,1,4,tempo_intensity,cnn,1223,4903,68d0e5f-dirty
Subject455,60,0.7506878306878306,0.8,0.8,new,1,4,tempo_intensity,cnn,1223,4903,68d0e5f-dirty
Subject580,90,0.8098856698856698,0.8333333333333334,0.8333333333333334,new,1,4,tempo_intensity,cnn,1223,4903,68d0e5f-dirty
Subject890,30,0.7133333333333334,0.7666666666666667,0.7666666666666667,new,1,4,tempo_intensity,cnn,1223,4903,68d0e5f-dirty
Subject969,30,0.42,0.5333333333333333,0.5333333333333333,new,1,4,tempo_intensity,cnn,1223,4903,68d0e5f-dirty
Subject139,60,0.8171813371813373,0.8333333333333334,0.8333333333333334,recorded,1,4,tempo_intensity,cnn,1223,4903,68d0e5f-dirty
Subject147,31,0.9733333333333334,0.9777777777777777,0.967741935483871,recorded,1,4,tempo_intensity,cnn,1223,4903,68d0e5f-dirty
Subject611,60,0.8423280423280423,0.8666666666666667,0.8666666666666667,recorded,1,4,tempo_intensity,cnn,1223,4903,68d0e5f-dirty
Subject819,60,0.8040404040404041,0.8333333333333334,0.8333333333333334,recorded,1,4,tempo_intensity,cnn,1223,4903,68d0e5f-dirty
Subject226,30,0.7222222222222224,0.7666666666666667,0.7666666666666667,new,1,4,plus_placement,cnn,1223,4929,68d0e5f-dirty
Subject354,60,0.737023717023717,0.7666666666666667,0.7666666666666667,new,1,4,plus_placement,cnn,1223,4929,68d0e5f-dirty
Subject455,60,0.7153439153439153,0.7666666666666667,0.7666666666666667,new,1,4,plus_placement,cnn,1223,4929,68d0e5f-dirty
Subject580,90,0.8375413475413475,0.8666666666666667,0.8666666666666667,new,1,4,plus_placement,cnn,1223,4929,68d0e5f-dirty
Subject890,30,0.7444444444444444,0.8,0.8,new,1,4,plus_placement,cnn,1223,4929,68d0e5f-dirty
Subject969,30,0.5674074074074074,0.6333333333333333,0.6333333333333333,new,1,4,plus_placement,cnn,1223,4929,68d0e5f-dirty
Subject139,60,0.8281481481481482,0.8666666666666667,0.8666666666666667,recorded,1,4,plus_placement,cnn,1223,4929,68d0e5f-dirty
Subject147,31,0.8955555555555555,0.9,0.9032258064516129,recorded,1,4,plus_placement,cnn,1223,4929,68d0e5f-dirty
Subject611,60,0.9392592592592593,0.95,0.95,recorded,1,4,plus_placement,cnn,1223,4929,68d0e5f-dirty
Subject819,60,0.8164021164021165,0.85,0.85,recorded,1,4,plus_placement,cnn,1223,4929,68d0e5f-dirty
Subject226,30,0.84,0.8666666666666667,0.8666666666666667,new,1,8,none,cnn,2319,0,68d0e5f-dirty
Subject354,60,0.8812698412698412,0.8833333333333333,0.8833333333333333,new,1,8,none,cnn,2319,0,68d0e5f-dirty
Subject455,60,0.787037037037037,0.8166666666666667,0.8166666666666667,new,1,8,none,cnn,2319,0,68d0e5f-dirty
Subject580,90,0.8708380508380508,0.8777777777777778,0.8777777777777778,new,1,8,none,cnn,2319,0,68d0e5f-dirty
Subject890,30,0.8400000000000001,0.8666666666666667,0.8666666666666667,new,1,8,none,cnn,2319,0,68d0e5f-dirty
Subject969,30,0.6340740740740741,0.7,0.7,new,1,8,none,cnn,2319,0,68d0e5f-dirty
Subject139,60,0.835998075998076,0.85,0.85,recorded,1,8,none,cnn,2319,0,68d0e5f-dirty
Subject147,31,1.0,1.0,1.0,recorded,1,8,none,cnn,2319,0,68d0e5f-dirty
Subject376,60,0.8788888888888888,0.8833333333333333,0.8833333333333333,recorded,1,8,none,cnn,2319,0,68d0e5f-dirty
Subject611,60,0.8564021164021166,0.8833333333333333,0.8833333333333333,recorded,1,8,none,cnn,2319,0,68d0e5f-dirty
Subject729,60,0.8800000000000001,0.9,0.9,recorded,1,8,none,cnn,2319,0,68d0e5f-dirty
Subject741,60,0.9274074074074075,0.9333333333333333,0.9333333333333333,recorded,1,8,none,cnn,2319,0,68d0e5f-dirty
Subject819,60,0.8333333333333334,0.8666666666666667,0.8666666666666667,recorded,1,8,none,cnn,2319,0,68d0e5f-dirty
Subject867,60,0.9664021164021165,0.9666666666666667,0.9666666666666667,recorded,1,8,none,cnn,2319,0,68d0e5f-dirty
Subject226,30,0.8711111111111111,0.9,0.9,new,1,8,tempo_intensity,cnn,2319,9365,68d0e5f-dirty
Subject354,60,0.9153968253968254,0.9166666666666666,0.9166666666666666,new,1,8,tempo_intensity,cnn,2319,9365,68d0e5f-dirty
Subject455,60,0.7265993265993266,0.8,0.8,new,1,8,tempo_intensity,cnn,2319,9365,68d0e5f-dirty
Subject580,90,0.8866999666999668,0.8888888888888888,0.8888888888888888,new,1,8,tempo_intensity,cnn,2319,9365,68d0e5f-dirty
Subject890,30,0.7244444444444444,0.7666666666666667,0.7666666666666667,new,1,8,tempo_intensity,cnn,2319,9365,68d0e5f-dirty
Subject969,30,0.6340740740740741,0.7,0.7,new,1,8,tempo_intensity,cnn,2319,9365,68d0e5f-dirty
Subject139,60,0.8667051467051469,0.8833333333333333,0.8833333333333333,recorded,1,8,tempo_intensity,cnn,2319,9365,68d0e5f-dirty
Subject147,31,1.0,1.0,1.0,recorded,1,8,tempo_intensity,cnn,2319,9365,68d0e5f-dirty
Subject376,60,0.8981684981684982,0.9166666666666666,0.9166666666666666,recorded,1,8,tempo_intensity,cnn,2319,9365,68d0e5f-dirty
Subject611,60,0.8926984126984128,0.9,0.9,recorded,1,8,tempo_intensity,cnn,2319,9365,68d0e5f-dirty
Subject729,60,0.8772486772486773,0.9,0.9,recorded,1,8,tempo_intensity,cnn,2319,9365,68d0e5f-dirty
Subject741,60,0.9274074074074075,0.9333333333333333,0.9333333333333333,recorded,1,8,tempo_intensity,cnn,2319,9365,68d0e5f-dirty
Subject819,60,0.7977777777777778,0.8333333333333334,0.8333333333333334,recorded,1,8,tempo_intensity,cnn,2319,9365,68d0e5f-dirty
Subject867,60,0.9071428571428571,0.9166666666666666,0.9166666666666666,recorded,1,8,tempo_intensity,cnn,2319,9365,68d0e5f-dirty
Subject226,30,0.7311111111111112,0.7666666666666667,0.7666666666666667,new,1,8,plus_placement,cnn,2319,9343,68d0e5f-dirty
Subject354,60,0.8804761904761905,0.8833333333333333,0.8833333333333333,new,1,8,plus_placement,cnn,2319,9343,68d0e5f-dirty
Subject455,60,0.9111111111111111,0.9166666666666666,0.9166666666666666,new,1,8,plus_placement,cnn,2319,9343,68d0e5f-dirty
Subject580,90,0.923962703962704,0.9222222222222223,0.9222222222222223,new,1,8,plus_placement,cnn,2319,9343,68d0e5f-dirty
Subject890,30,0.7911111111111111,0.8333333333333334,0.8333333333333334,new,1,8,plus_placement,cnn,2319,9343,68d0e5f-dirty
Subject969,30,0.5985185185185186,0.6666666666666666,0.6666666666666666,new,1,8,plus_placement,cnn,2319,9343,68d0e5f-dirty
Subject139,60,0.8366329966329966,0.85,0.85,recorded,1,8,plus_placement,cnn,2319,9343,68d0e5f-dirty
Subject147,31,1.0,1.0,1.0,recorded,1,8,plus_placement,cnn,2319,9343,68d0e5f-dirty
Subject376,60,0.852991452991453,0.8666666666666667,0.8666666666666667,recorded,1,8,plus_placement,cnn,2319,9343,68d0e5f-dirty
Subject611,60,1.0,1.0,1.0,recorded,1,8,plus_placement,cnn,2319,9343,68d0e5f-dirty
Subject729,60,0.9079557479557481,0.9166666666666666,0.9166666666666666,recorded,1,8,plus_placement,cnn,2319,9343,68d0e5f-dirty
Subject741,60,0.9153439153439155,0.9166666666666666,0.9166666666666666,recorded,1,8,plus_placement,cnn,2319,9343,68d0e5f-dirty
Subject819,60,0.8251851851851851,0.85,0.85,recorded,1,8,plus_placement,cnn,2319,9343,68d0e5f-dirty
Subject867,60,0.9331409331409332,0.9333333333333333,0.9333333333333333,recorded,1,8,plus_placement,cnn,2319,9343,68d0e5f-dirty
Subject226,30,0.9111111111111112,0.9333333333333333,0.9333333333333333,new,1,17,none,cnn,5213,0,68d0e5f-dirty
Subject354,60,0.9081481481481481,0.9166666666666666,0.9166666666666666,new,1,17,none,cnn,5213,0,68d0e5f-dirty
Subject455,60,0.8814814814814814,0.9,0.9,new,1,17,none,cnn,5213,0,68d0e5f-dirty
Subject580,90,0.877011877011877,0.888888888888889,0.8888888888888888,new,1,17,none,cnn,5213,0,68d0e5f-dirty
Subject890,30,0.8755555555555555,0.9,0.9,new,1,17,none,cnn,5213,0,68d0e5f-dirty
Subject969,30,0.7936507936507937,0.8333333333333334,0.8333333333333334,new,1,17,none,cnn,5213,0,68d0e5f-dirty
Subject139,60,0.9062626262626262,0.9166666666666666,0.9166666666666666,recorded,1,17,none,cnn,5213,0,68d0e5f-dirty
Subject147,31,0.9644444444444444,0.9666666666666667,0.967741935483871,recorded,1,17,none,cnn,5213,0,68d0e5f-dirty
Subject352,30,0.9288888888888889,0.9333333333333333,0.9333333333333333,recorded,1,17,none,cnn,5213,0,68d0e5f-dirty
Subject353,60,0.8685388685388685,0.8833333333333333,0.8833333333333333,recorded,1,17,none,cnn,5213,0,68d0e5f-dirty
Subject376,60,0.9089947089947089,0.9166666666666666,0.9166666666666666,recorded,1,17,none,cnn,5213,0,68d0e5f-dirty
Subject424,60,0.9644444444444444,0.9666666666666667,0.9666666666666667,recorded,1,17,none,cnn,5213,0,68d0e5f-dirty
Subject494,60,0.9111111111111111,0.9333333333333333,0.9333333333333333,recorded,1,17,none,cnn,5213,0,68d0e5f-dirty
Subject516,30,0.8888888888888888,0.9,0.9,recorded,1,17,none,cnn,5213,0,68d0e5f-dirty
Subject561,60,0.8836363636363637,0.9,0.9,recorded,1,17,none,cnn,5213,0,68d0e5f-dirty
Subject571,30,0.8825396825396825,0.9,0.9,recorded,1,17,none,cnn,5213,0,68d0e5f-dirty
Subject611,60,0.9392592592592593,0.95,0.95,recorded,1,17,none,cnn,5213,0,68d0e5f-dirty
Subject729,60,1.0,1.0,1.0,recorded,1,17,none,cnn,5213,0,68d0e5f-dirty
Subject731,30,0.9333333333333333,0.9333333333333333,0.9333333333333333,recorded,1,17,none,cnn,5213,0,68d0e5f-dirty
Subject741,60,0.9661375661375662,0.9666666666666667,0.9666666666666667,recorded,1,17,none,cnn,5213,0,68d0e5f-dirty
Subject819,60,0.9111111111111111,0.9333333333333333,0.9333333333333333,recorded,1,17,none,cnn,5213,0,68d0e5f-dirty
Subject867,60,0.9062626262626263,0.9166666666666666,0.9166666666666666,recorded,1,17,none,cnn,5213,0,68d0e5f-dirty
Subject877,60,1.0,1.0,1.0,recorded,1,17,none,cnn,5213,0,68d0e5f-dirty
Subject226,30,0.8755555555555555,0.9,0.9,new,1,17,tempo_intensity,cnn,5213,21129,68d0e5f-dirty
Subject354,60,0.8662626262626263,0.8833333333333333,0.8833333333333333,new,1,17,tempo_intensity,cnn,5213,21129,68d0e5f-dirty
Subject455,60,0.9077441077441076,0.9166666666666666,0.9166666666666666,new,1,17,tempo_intensity,cnn,5213,21129,68d0e5f-dirty
Subject580,90,0.8994172494172494,0.9111111111111112,0.9111111111111111,new,1,17,tempo_intensity,cnn,5213,21129,68d0e5f-dirty
Subject890,30,0.9644444444444444,0.9666666666666667,0.9666666666666667,new,1,17,tempo_intensity,cnn,5213,21129,68d0e5f-dirty
Subject969,30,0.7711111111111111,0.8,0.8,new,1,17,tempo_intensity,cnn,5213,21129,68d0e5f-dirty
Subject139,60,0.9661375661375662,0.9666666666666667,0.9666666666666667,recorded,1,17,tempo_intensity,cnn,5213,21129,68d0e5f-dirty
Subject147,31,1.0,1.0,1.0,recorded,1,17,tempo_intensity,cnn,5213,21129,68d0e5f-dirty
Subject352,30,0.9644444444444444,0.9666666666666667,0.9666666666666667,recorded,1,17,tempo_intensity,cnn,5213,21129,68d0e5f-dirty
Subject353,60,0.8786916786916786,0.9,0.9,recorded,1,17,tempo_intensity,cnn,5213,21129,68d0e5f-dirty
Subject376,60,0.8764213564213564,0.8833333333333333,0.8833333333333333,recorded,1,17,tempo_intensity,cnn,5213,21129,68d0e5f-dirty
Subject424,60,0.8656084656084656,0.8833333333333333,0.8833333333333333,recorded,1,17,tempo_intensity,cnn,5213,21129,68d0e5f-dirty
Subject494,60,0.9310245310245311,0.9333333333333333,0.9333333333333333,recorded,1,17,tempo_intensity,cnn,5213,21129,68d0e5f-dirty
Subject516,30,0.9111111111111111,0.9333333333333333,0.9333333333333333,recorded,1,17,tempo_intensity,cnn,5213,21129,68d0e5f-dirty
Subject561,60,0.8755555555555555,0.9,0.9,recorded,1,17,tempo_intensity,cnn,5213,21129,68d0e5f-dirty
Subject571,30,0.8755555555555555,0.9,0.9,recorded,1,17,tempo_intensity,cnn,5213,21129,68d0e5f-dirty
Subject611,60,0.8711111111111111,0.9,0.9,recorded,1,17,tempo_intensity,cnn,5213,21129,68d0e5f-dirty
Subject729,60,0.9460317460317461,0.95,0.95,recorded,1,17,tempo_intensity,cnn,5213,21129,68d0e5f-dirty
Subject731,30,0.9288888888888889,0.9333333333333333,0.9333333333333333,recorded,1,17,tempo_intensity,cnn,5213,21129,68d0e5f-dirty
Subject741,60,0.8893314093314093,0.9,0.9,recorded,1,17,tempo_intensity,cnn,5213,21129,68d0e5f-dirty
Subject819,60,0.8812372812372813,0.9,0.9,recorded,1,17,tempo_intensity,cnn,5213,21129,68d0e5f-dirty
Subject867,60,0.9661375661375663,0.9666666666666667,0.9666666666666667,recorded,1,17,tempo_intensity,cnn,5213,21129,68d0e5f-dirty
Subject877,60,1.0,1.0,1.0,recorded,1,17,tempo_intensity,cnn,5213,21129,68d0e5f-dirty
Subject226,30,0.7888888888888889,0.8333333333333334,0.8333333333333334,new,1,17,plus_placement,cnn,5213,21221,68d0e5f-dirty
Subject354,60,0.962962962962963,0.9666666666666667,0.9666666666666667,new,1,17,plus_placement,cnn,5213,21221,68d0e5f-dirty
Subject455,60,0.9111111111111111,0.9333333333333333,0.9333333333333333,new,1,17,plus_placement,cnn,5213,21221,68d0e5f-dirty
Subject580,90,0.9116394716394716,0.9111111111111112,0.9111111111111111,new,1,17,plus_placement,cnn,5213,21221,68d0e5f-dirty
Subject890,30,0.9111111111111111,0.9333333333333333,0.9333333333333333,new,1,17,plus_placement,cnn,5213,21221,68d0e5f-dirty
Subject969,30,0.7822222222222222,0.8,0.8,new,1,17,plus_placement,cnn,5213,21221,68d0e5f-dirty
Subject139,60,1.0,1.0,1.0,recorded,1,17,plus_placement,cnn,5213,21221,68d0e5f-dirty
Subject147,31,0.8800000000000001,0.9,0.9032258064516129,recorded,1,17,plus_placement,cnn,5213,21221,68d0e5f-dirty
Subject352,30,0.9288888888888889,0.9333333333333333,0.9333333333333333,recorded,1,17,plus_placement,cnn,5213,21221,68d0e5f-dirty
Subject353,60,0.9494708994708995,0.95,0.95,recorded,1,17,plus_placement,cnn,5213,21221,68d0e5f-dirty
Subject376,60,0.8981684981684982,0.9166666666666666,0.9166666666666666,recorded,1,17,plus_placement,cnn,5213,21221,68d0e5f-dirty
Subject424,60,0.8164021164021165,0.85,0.85,recorded,1,17,plus_placement,cnn,5213,21221,68d0e5f-dirty
Subject494,60,0.9418181818181818,0.95,0.95,recorded,1,17,plus_placement,cnn,5213,21221,68d0e5f-dirty
Subject516,30,0.9111111111111111,0.9333333333333333,0.9333333333333333,recorded,1,17,plus_placement,cnn,5213,21221,68d0e5f-dirty
Subject561,60,0.9119576719576721,0.9166666666666666,0.9166666666666666,recorded,1,17,plus_placement,cnn,5213,21221,68d0e5f-dirty
Subject571,30,0.8825396825396825,0.9,0.9,recorded,1,17,plus_placement,cnn,5213,21221,68d0e5f-dirty
Subject611,60,0.9316402116402117,0.9333333333333333,0.9333333333333333,recorded,1,17,plus_placement,cnn,5213,21221,68d0e5f-dirty
Subject729,60,0.9830687830687831,0.9833333333333333,0.9833333333333333,recorded,1,17,plus_placement,cnn,5213,21221,68d0e5f-dirty
Subject731,30,0.9644444444444444,0.9666666666666667,0.9666666666666667,recorded,1,17,plus_placement,cnn,5213,21221,68d0e5f-dirty
Subject741,60,0.9473544973544974,0.95,0.95,recorded,1,17,plus_placement,cnn,5213,21221,68d0e5f-dirty
Subject819,60,0.8941798941798942,0.9166666666666666,0.9166666666666666,recorded,1,17,plus_placement,cnn,5213,21221,68d0e5f-dirty
Subject867,60,0.8393314093314093,0.85,0.85,recorded,1,17,plus_placement,cnn,5213,21221,68d0e5f-dirty
Subject877,60,1.0,1.0,1.0,recorded,1,17,plus_placement,cnn,5213,21221,68d0e5f-dirty
Subject376,60,0.5355555555555556,0.5666666666666667,0.5666666666666667,new,2,2,none,cnn,632,0,68d0e5f-dirty
Subject424,60,0.6326984126984129,0.6833333333333333,0.6833333333333333,new,2,2,none,cnn,632,0,68d0e5f-dirty
Subject494,60,0.5795981795981795,0.6333333333333333,0.6333333333333333,new,2,2,none,cnn,632,0,68d0e5f-dirty
Subject571,30,0.4,0.5333333333333333,0.5333333333333333,new,2,2,none,cnn,632,0,68d0e5f-dirty
Subject611,60,0.726993746993747,0.7333333333333333,0.7333333333333333,new,2,2,none,cnn,632,0,68d0e5f-dirty
Subject969,30,0.2518518518518518,0.3333333333333333,0.3333333333333333,new,2,2,none,cnn,632,0,68d0e5f-dirty
Subject731,30,0.6385185185185185,0.7,0.7,recorded,2,2,none,cnn,632,0,68d0e5f-dirty
Subject877,60,0.9053968253968255,0.9166666666666666,0.9166666666666666,recorded,2,2,none,cnn,632,0,68d0e5f-dirty
Subject376,60,0.4993650793650794,0.5333333333333333,0.5333333333333333,new,2,2,tempo_intensity,cnn,632,2575,68d0e5f-dirty
Subject424,60,0.6768426344896933,0.7166666666666667,0.7166666666666667,new,2,2,tempo_intensity,cnn,632,2575,68d0e5f-dirty
Subject494,60,0.44217893217893217,0.5166666666666667,0.5166666666666667,new,2,2,tempo_intensity,cnn,632,2575,68d0e5f-dirty
Subject571,30,0.42222222222222233,0.5333333333333333,0.5333333333333333,new,2,2,tempo_intensity,cnn,632,2575,68d0e5f-dirty
Subject611,60,0.7397883597883598,0.75,0.75,new,2,2,tempo_intensity,cnn,632,2575,68d0e5f-dirty
Subject969,30,0.2385185185185185,0.3333333333333333,0.3333333333333333,new,2,2,tempo_intensity,cnn,632,2575,68d0e5f-dirty
Subject731,30,0.6918518518518518,0.7333333333333333,0.7333333333333333,recorded,2,2,tempo_intensity,cnn,632,2575,68d0e5f-dirty
Subject877,60,0.9022222222222224,0.9166666666666666,0.9166666666666666,recorded,2,2,tempo_intensity,cnn,632,2575,68d0e5f-dirty
Subject376,60,0.5995441595441595,0.6333333333333333,0.6333333333333333,new,2,2,plus_placement,cnn,632,2565,68d0e5f-dirty
Subject424,60,0.5614391534391534,0.6166666666666667,0.6166666666666667,new,2,2,plus_placement,cnn,632,2565,68d0e5f-dirty
Subject494,60,0.5126204399888611,0.6,0.6,new,2,2,plus_placement,cnn,632,2565,68d0e5f-dirty
Subject571,30,0.4644444444444444,0.5666666666666667,0.5666666666666667,new,2,2,plus_placement,cnn,632,2565,68d0e5f-dirty
Subject611,60,0.6365271765271765,0.6333333333333333,0.6333333333333333,new,2,2,plus_placement,cnn,632,2565,68d0e5f-dirty
Subject969,30,0.246984126984127,0.3333333333333333,0.3333333333333333,new,2,2,plus_placement,cnn,632,2565,68d0e5f-dirty
Subject731,30,0.6733333333333333,0.7333333333333333,0.7333333333333333,recorded,2,2,plus_placement,cnn,632,2565,68d0e5f-dirty
Subject877,60,0.9223280423280423,0.9333333333333333,0.9333333333333333,recorded,2,2,plus_placement,cnn,632,2565,68d0e5f-dirty
Subject376,60,0.7391005291005291,0.75,0.75,new,2,4,none,cnn,1140,0,68d0e5f-dirty
Subject424,60,0.7730832130832131,0.8,0.8,new,2,4,none,cnn,1140,0,68d0e5f-dirty
Subject494,60,0.7024205424205424,0.7333333333333333,0.7333333333333333,new,2,4,none,cnn,1140,0,68d0e5f-dirty
Subject571,30,0.7444444444444444,0.8,0.8,new,2,4,none,cnn,1140,0,68d0e5f-dirty
Subject611,60,0.7693314093314093,0.8,0.8,new,2,4,none,cnn,1140,0,68d0e5f-dirty
Subject969,30,0.3580952380952381,0.43333333333333335,0.43333333333333335,new,2,4,none,cnn,1140,0,68d0e5f-dirty
Subject226,30,0.9111111111111111,0.9333333333333333,0.9333333333333333,recorded,2,4,none,cnn,1140,0,68d0e5f-dirty
Subject731,30,0.8333333333333334,0.8666666666666667,0.8666666666666667,recorded,2,4,none,cnn,1140,0,68d0e5f-dirty
Subject741,60,0.9664021164021165,0.9666666666666667,0.9666666666666667,recorded,2,4,none,cnn,1140,0,68d0e5f-dirty
Subject877,60,1.0,1.0,1.0,recorded,2,4,none,cnn,1140,0,68d0e5f-dirty
Subject376,60,0.7831746031746031,0.7833333333333333,0.7833333333333333,new,2,4,tempo_intensity,cnn,1140,4637,68d0e5f-dirty
Subject424,60,0.7359259259259259,0.7666666666666667,0.7666666666666667,new,2,4,tempo_intensity,cnn,1140,4637,68d0e5f-dirty
Subject494,60,0.601885521885522,0.6666666666666666,0.6666666666666666,new,2,4,tempo_intensity,cnn,1140,4637,68d0e5f-dirty
Subject571,30,0.606984126984127,0.6666666666666666,0.6666666666666666,new,2,4,tempo_intensity,cnn,1140,4637,68d0e5f-dirty
Subject611,60,0.6949879749879749,0.7333333333333333,0.7333333333333333,new,2,4,tempo_intensity,cnn,1140,4637,68d0e5f-dirty
Subject969,30,0.4155555555555555,0.5,0.5,new,2,4,tempo_intensity,cnn,1140,4637,68d0e5f-dirty
Subject226,30,0.9111111111111111,0.9333333333333333,0.9333333333333333,recorded,2,4,tempo_intensity,cnn,1140,4637,68d0e5f-dirty
Subject731,30,0.7892063492063491,0.8333333333333334,0.8333333333333334,recorded,2,4,tempo_intensity,cnn,1140,4637,68d0e5f-dirty
Subject741,60,0.9337566137566138,0.9333333333333333,0.9333333333333333,recorded,2,4,tempo_intensity,cnn,1140,4637,68d0e5f-dirty
Subject877,60,0.9661375661375662,0.9666666666666667,0.9666666666666667,recorded,2,4,tempo_intensity,cnn,1140,4637,68d0e5f-dirty
Subject376,60,0.6964306064306064,0.7166666666666667,0.7166666666666667,new,2,4,plus_placement,cnn,1140,4655,68d0e5f-dirty
Subject424,60,0.7403367003367004,0.7833333333333333,0.7833333333333333,new,2,4,plus_placement,cnn,1140,4655,68d0e5f-dirty
Subject494,60,0.6998808598808599,0.75,0.75,new,2,4,plus_placement,cnn,1140,4655,68d0e5f-dirty
Subject571,30,0.758095238095238,0.8,0.8,new,2,4,plus_placement,cnn,1140,4655,68d0e5f-dirty
Subject611,60,0.7312169312169312,0.7666666666666667,0.7666666666666667,new,2,4,plus_placement,cnn,1140,4655,68d0e5f-dirty
Subject969,30,0.3977777777777778,0.4666666666666667,0.4666666666666667,new,2,4,plus_placement,cnn,1140,4655,68d0e5f-dirty
Subject226,30,0.8955555555555554,0.9,0.9,recorded,2,4,plus_placement,cnn,1140,4655,68d0e5f-dirty
Subject731,30,0.7866666666666666,0.8333333333333334,0.8333333333333334,recorded,2,4,plus_placement,cnn,1140,4655,68d0e5f-dirty
Subject741,60,0.9661375661375662,0.9666666666666667,0.9666666666666667,recorded,2,4,plus_placement,cnn,1140,4655,68d0e5f-dirty
Subject877,60,0.9475132275132274,0.95,0.95,recorded,2,4,plus_placement,cnn,1140,4655,68d0e5f-dirty
Subject376,60,0.6715873015873016,0.6833333333333333,0.6833333333333333,new,2,8,none,cnn,2412,0,68d0e5f-dirty
Subject424,60,0.8366666666666667,0.8666666666666667,0.8666666666666667,new,2,8,none,cnn,2412,0,68d0e5f-dirty
Subject494,60,0.7134006734006735,0.7833333333333333,0.7833333333333333,new,2,8,none,cnn,2412,0,68d0e5f-dirty
Subject571,30,0.7977777777777778,0.8333333333333334,0.8333333333333334,new,2,8,none,cnn,2412,0,68d0e5f-dirty
Subject611,60,0.7626647426647427,0.7833333333333333,0.7833333333333333,new,2,8,none,cnn,2412,0,68d0e5f-dirty
Subject969,30,0.5022222222222222,0.5666666666666667,0.5666666666666667,new,2,8,none,cnn,2412,0,68d0e5f-dirty
Subject139,60,0.8175661375661375,0.8333333333333334,0.8333333333333334,recorded,2,8,none,cnn,2412,0,68d0e5f-dirty
Subject147,31,0.8755555555555555,0.9,0.9032258064516129,recorded,2,8,none,cnn,2412,0,68d0e5f-dirty
Subject226,30,0.8755555555555555,0.9,0.9,recorded,2,8,none,cnn,2412,0,68d0e5f-dirty
Subject352,30,0.8222222222222222,0.8666666666666667,0.8666666666666667,recorded,2,8,none,cnn,2412,0,68d0e5f-dirty
Subject455,60,1.0,1.0,1.0,recorded,2,8,none,cnn,2412,0,68d0e5f-dirty
Subject731,30,0.7666666666666667,0.8,0.8,recorded,2,8,none,cnn,2412,0,68d0e5f-dirty
Subject741,60,0.9506878306878307,0.95,0.95,recorded,2,8,none,cnn,2412,0,68d0e5f-dirty
Subject877,60,0.9830687830687831,0.9833333333333333,0.9833333333333333,recorded,2,8,none,cnn,2412,0,68d0e5f-dirty
Subject376,60,0.6834054834054835,0.7333333333333333,0.7333333333333333,new,2,8,tempo_intensity,cnn,2412,9788,68d0e5f-dirty
Subject424,60,0.8256277056277057,0.85,0.85,new,2,8,tempo_intensity,cnn,2412,9788,68d0e5f-dirty
Subject494,60,0.6900876900876901,0.7333333333333333,0.7333333333333333,new,2,8,tempo_intensity,cnn,2412,9788,68d0e5f-dirty
Subject571,30,0.6362962962962962,0.7,0.7,new,2,8,tempo_intensity,cnn,2412,9788,68d0e5f-dirty
Subject611,60,0.7502401302401303,0.7833333333333333,0.7833333333333333,new,2,8,tempo_intensity,cnn,2412,9788,68d0e5f-dirty
Subject969,30,0.5022222222222222,0.5666666666666667,0.5666666666666667,new,2,8,tempo_intensity,cnn,2412,9788,68d0e5f-dirty
Subject139,60,0.7701027077497665,0.7833333333333333,0.7833333333333333,recorded,2,8,tempo_intensity,cnn,2412,9788,68d0e5f-dirty
Subject147,31,0.9288888888888889,0.9333333333333333,0.9354838709677419,recorded,2,8,tempo_intensity,cnn,2412,9788,68d0e5f-dirty
Subject226,30,0.8977777777777777,0.9,0.9,recorded,2,8,tempo_intensity,cnn,2412,9788,68d0e5f-dirty
Subject352,30,0.8755555555555555,0.9,0.9,recorded,2,8,tempo_intensity,cnn,2412,9788,68d0e5f-dirty
Subject455,60,1.0,1.0,1.0,recorded,2,8,tempo_intensity,cnn,2412,9788,68d0e5f-dirty
Subject731,30,0.7666666666666667,0.8,0.8,recorded,2,8,tempo_intensity,cnn,2412,9788,68d0e5f-dirty
Subject741,60,0.9506878306878307,0.95,0.95,recorded,2,8,tempo_intensity,cnn,2412,9788,68d0e5f-dirty
Subject877,60,1.0,1.0,1.0,recorded,2,8,tempo_intensity,cnn,2412,9788,68d0e5f-dirty
Subject376,60,0.7380423280423279,0.7666666666666667,0.7666666666666667,new,2,8,plus_placement,cnn,2412,9876,68d0e5f-dirty
Subject424,60,0.7858585858585858,0.8333333333333334,0.8333333333333334,new,2,8,plus_placement,cnn,2412,9876,68d0e5f-dirty
Subject494,60,0.6851851851851852,0.7333333333333333,0.7333333333333333,new,2,8,plus_placement,cnn,2412,9876,68d0e5f-dirty
Subject571,30,0.8333333333333334,0.8666666666666667,0.8666666666666667,new,2,8,plus_placement,cnn,2412,9876,68d0e5f-dirty
Subject611,60,0.8941798941798942,0.9166666666666666,0.9166666666666666,new,2,8,plus_placement,cnn,2412,9876,68d0e5f-dirty
Subject969,30,0.4133333333333334,0.4666666666666667,0.4666666666666667,new,2,8,plus_placement,cnn,2412,9876,68d0e5f-dirty
Subject139,60,0.9077441077441077,0.9333333333333333,0.9333333333333333,recorded,2,8,plus_placement,cnn,2412,9876,68d0e5f-dirty
Subject147,31,0.9644444444444444,0.9666666666666667,0.967741935483871,recorded,2,8,plus_placement,cnn,2412,9876,68d0e5f-dirty
Subject226,30,1.0,1.0,1.0,recorded,2,8,plus_placement,cnn,2412,9876,68d0e5f-dirty
Subject352,30,0.9644444444444444,0.9666666666666667,0.9666666666666667,recorded,2,8,plus_placement,cnn,2412,9876,68d0e5f-dirty
Subject455,60,1.0,1.0,1.0,recorded,2,8,plus_placement,cnn,2412,9876,68d0e5f-dirty
Subject731,30,0.8533333333333334,0.8666666666666667,0.8666666666666667,recorded,2,8,plus_placement,cnn,2412,9876,68d0e5f-dirty
Subject741,60,0.9497354497354498,0.95,0.95,recorded,2,8,plus_placement,cnn,2412,9876,68d0e5f-dirty
Subject877,60,1.0,1.0,1.0,recorded,2,8,plus_placement,cnn,2412,9876,68d0e5f-dirty
Subject376,60,0.8040048840048839,0.8166666666666667,0.8166666666666667,new,2,17,none,cnn,5101,0,68d0e5f-dirty
Subject424,60,0.9333333333333332,0.9333333333333333,0.9333333333333333,new,2,17,none,cnn,5101,0,68d0e5f-dirty
Subject494,60,0.650535608182667,0.7,0.7,new,2,17,none,cnn,5101,0,68d0e5f-dirty
Subject571,30,0.8825396825396825,0.9,0.9,new,2,17,none,cnn,5101,0,68d0e5f-dirty
Subject611,60,1.0,1.0,1.0,new,2,17,none,cnn,5101,0,68d0e5f-dirty
Subject969,30,0.5888888888888888,0.6333333333333333,0.6333333333333333,new,2,17,none,cnn,5101,0,68d0e5f-dirty
Subject139,60,0.9830687830687831,0.9833333333333333,0.9833333333333333,recorded,2,17,none,cnn,5101,0,68d0e5f-dirty
Subject147,31,1.0,1.0,1.0,recorded,2,17,none,cnn,5101,0,68d0e5f-dirty
Subject226,30,0.9644444444444444,0.9666666666666667,0.9666666666666667,recorded,2,17,none,cnn,5101,0,68d0e5f-dirty
Subject352,30,0.9311111111111111,0.9333333333333333,0.9333333333333333,recorded,2,17,none,cnn,5101,0,68d0e5f-dirty
Subject353,60,0.9305820105820106,0.9333333333333333,0.9333333333333333,recorded,2,17,none,cnn,5101,0,68d0e5f-dirty
Subject354,60,0.9830687830687831,0.9833333333333333,0.9833333333333333,recorded,2,17,none,cnn,5101,0,68d0e5f-dirty
Subject455,60,1.0,1.0,1.0,recorded,2,17,none,cnn,5101,0,68d0e5f-dirty
Subject516,30,0.8074074074074074,0.8333333333333334,0.8333333333333334,recorded,2,17,none,cnn,5101,0,68d0e5f-dirty
Subject561,60,0.9661375661375663,0.9666666666666667,0.9666666666666667,recorded,2,17,none,cnn,5101,0,68d0e5f-dirty
Subject580,90,0.9120027684733566,0.9111111111111112,0.9111111111111111,recorded,2,17,none,cnn,5101,0,68d0e5f-dirty
Subject729,60,1.0,1.0,1.0,recorded,2,17,none,cnn,5101,0,68d0e5f-dirty
Subject731,30,0.8825396825396825,0.9,0.9,recorded,2,17,none,cnn,5101,0,68d0e5f-dirty
Subject741,60,0.9661375661375662,0.9666666666666667,0.9666666666666667,recorded,2,17,none,cnn,5101,0,68d0e5f-dirty
Subject819,60,0.8941798941798942,0.9166666666666666,0.9166666666666666,recorded,2,17,none,cnn,5101,0,68d0e5f-dirty
Subject867,60,0.9418181818181818,0.95,0.95,recorded,2,17,none,cnn,5101,0,68d0e5f-dirty
Subject877,60,0.9830687830687831,0.9833333333333333,0.9833333333333333,recorded,2,17,none,cnn,5101,0,68d0e5f-dirty
Subject890,30,0.8333333333333334,0.8666666666666667,0.8666666666666667,recorded,2,17,none,cnn,5101,0,68d0e5f-dirty
Subject376,60,0.8222222222222222,0.8333333333333334,0.8333333333333334,new,2,17,tempo_intensity,cnn,5101,20666,68d0e5f-dirty
Subject424,60,0.8777777777777778,0.9,0.9,new,2,17,tempo_intensity,cnn,5101,20666,68d0e5f-dirty
Subject494,60,0.6936507936507936,0.7333333333333333,0.7333333333333333,new,2,17,tempo_intensity,cnn,5101,20666,68d0e5f-dirty
Subject571,30,0.7444444444444444,0.8,0.8,new,2,17,tempo_intensity,cnn,5101,20666,68d0e5f-dirty
Subject611,60,0.9830687830687831,0.9833333333333333,0.9833333333333333,new,2,17,tempo_intensity,cnn,5101,20666,68d0e5f-dirty
Subject969,30,0.62,0.6666666666666666,0.6666666666666666,new,2,17,tempo_intensity,cnn,5101,20666,68d0e5f-dirty
Subject139,60,0.9664021164021165,0.9666666666666667,0.9666666666666667,recorded,2,17,tempo_intensity,cnn,5101,20666,68d0e5f-dirty
Subject147,31,1.0,1.0,1.0,recorded,2,17,tempo_intensity,cnn,5101,20666,68d0e5f-dirty
Subject226,30,0.9644444444444444,0.9666666666666667,0.9666666666666667,recorded,2,17,tempo_intensity,cnn,5101,20666,68d0e5f-dirty
Subject352,30,0.9311111111111111,0.9333333333333333,0.9333333333333333,recorded,2,17,tempo_intensity,cnn,5101,20666,68d0e5f-dirty
Subject353,60,0.9278499278499279,0.9333333333333333,0.9333333333333333,recorded,2,17,tempo_intensity,cnn,5101,20666,68d0e5f-dirty
Subject354,60,0.9288888888888889,0.9333333333333333,0.9333333333333333,recorded,2,17,tempo_intensity,cnn,5101,20666,68d0e5f-dirty
Subject455,60,1.0,1.0,1.0,recorded,2,17,tempo_intensity,cnn,5101,20666,68d0e5f-dirty
Subject516,30,0.8333333333333334,0.8666666666666667,0.8666666666666667,recorded,2,17,tempo_intensity,cnn,5101,20666,68d0e5f-dirty
Subject561,60,0.9418181818181818,0.95,0.95,recorded,2,17,tempo_intensity,cnn,5101,20666,68d0e5f-dirty
Subject580,90,0.9104506604506603,0.9111111111111112,0.9111111111111111,recorded,2,17,tempo_intensity,cnn,5101,20666,68d0e5f-dirty
Subject729,60,0.9830687830687831,0.9833333333333333,0.9833333333333333,recorded,2,17,tempo_intensity,cnn,5101,20666,68d0e5f-dirty
Subject731,30,0.8074074074074074,0.8333333333333334,0.8333333333333334,recorded,2,17,tempo_intensity,cnn,5101,20666,68d0e5f-dirty
Subject741,60,0.9644444444444444,0.9666666666666667,0.9666666666666667,recorded,2,17,tempo_intensity,cnn,5101,20666,68d0e5f-dirty
Subject819,60,0.874074074074074,0.9,0.9,recorded,2,17,tempo_intensity,cnn,5101,20666,68d0e5f-dirty
Subject867,60,0.9644444444444444,0.9666666666666667,0.9666666666666667,recorded,2,17,tempo_intensity,cnn,5101,20666,68d0e5f-dirty
Subject877,60,1.0,1.0,1.0,recorded,2,17,tempo_intensity,cnn,5101,20666,68d0e5f-dirty
Subject890,30,0.8755555555555555,0.9,0.9,recorded,2,17,tempo_intensity,cnn,5101,20666,68d0e5f-dirty
Subject376,60,0.8266666666666665,0.85,0.85,new,2,17,plus_placement,cnn,5101,20475,68d0e5f-dirty
Subject424,60,0.8656084656084656,0.8833333333333333,0.8833333333333333,new,2,17,plus_placement,cnn,5101,20475,68d0e5f-dirty
Subject494,60,0.6634140907825118,0.7166666666666667,0.7166666666666667,new,2,17,plus_placement,cnn,5101,20475,68d0e5f-dirty
Subject571,30,0.7977777777777778,0.8333333333333334,0.8333333333333334,new,2,17,plus_placement,cnn,5101,20475,68d0e5f-dirty
Subject611,60,0.9062626262626262,0.9166666666666666,0.9166666666666666,new,2,17,plus_placement,cnn,5101,20475,68d0e5f-dirty
Subject969,30,0.6733333333333335,0.7333333333333333,0.7333333333333333,new,2,17,plus_placement,cnn,5101,20475,68d0e5f-dirty
Subject139,60,0.9664021164021165,0.9666666666666667,0.9666666666666667,recorded,2,17,plus_placement,cnn,5101,20475,68d0e5f-dirty
Subject147,31,0.9644444444444444,0.9666666666666667,0.967741935483871,recorded,2,17,plus_placement,cnn,5101,20475,68d0e5f-dirty
Subject226,30,0.9333333333333332,0.9333333333333333,0.9333333333333333,recorded,2,17,plus_placement,cnn,5101,20475,68d0e5f-dirty
Subject352,30,1.0,1.0,1.0,recorded,2,17,plus_placement,cnn,5101,20475,68d0e5f-dirty
Subject353,60,0.9119769119769121,0.9166666666666666,0.9166666666666666,recorded,2,17,plus_placement,cnn,5101,20475,68d0e5f-dirty
Subject354,60,0.9830687830687831,0.9833333333333333,0.9833333333333333,recorded,2,17,plus_placement,cnn,5101,20475,68d0e5f-dirty
Subject455,60,1.0,1.0,1.0,recorded,2,17,plus_placement,cnn,5101,20475,68d0e5f-dirty
Subject516,30,0.8825396825396825,0.9,0.9,recorded,2,17,plus_placement,cnn,5101,20475,68d0e5f-dirty
Subject561,60,0.9418181818181818,0.95,0.95,recorded,2,17,plus_placement,cnn,5101,20475,68d0e5f-dirty
Subject580,90,0.9561616161616161,0.9555555555555556,0.9555555555555556,recorded,2,17,plus_placement,cnn,5101,20475,68d0e5f-dirty
Subject729,60,0.9644444444444444,0.9666666666666667,0.9666666666666667,recorded,2,17,plus_placement,cnn,5101,20475,68d0e5f-dirty
Subject731,30,0.9288888888888888,0.9333333333333333,0.9333333333333333,recorded,2,17,plus_placement,cnn,5101,20475,68d0e5f-dirty
Subject741,60,0.8908128908128908,0.9166666666666666,0.9166666666666666,recorded,2,17,plus_placement,cnn,5101,20475,68d0e5f-dirty
Subject819,60,0.9111111111111111,0.9333333333333333,0.9333333333333333,recorded,2,17,plus_placement,cnn,5101,20475,68d0e5f-dirty
Subject867,60,0.9119769119769121,0.9166666666666666,0.9166666666666666,recorded,2,17,plus_placement,cnn,5101,20475,68d0e5f-dirty
Subject877,60,1.0,1.0,1.0,recorded,2,17,plus_placement,cnn,5101,20475,68d0e5f-dirty
Subject890,30,0.9644444444444444,0.9666666666666667,0.9666666666666667,recorded,2,17,plus_placement,cnn,5101,20475,68d0e5f-dirty
Subject226,30,0.5333333333333333,0.6,0.6,new,3,2,none,cnn,675,0,68d0e5f-dirty
Subject354,60,0.6152910052910053,0.65,0.65,new,3,2,none,cnn,675,0,68d0e5f-dirty
Subject376,60,0.5367639767639768,0.5666666666666667,0.5666666666666667,new,3,2,none,cnn,675,0,68d0e5f-dirty
Subject424,60,0.6122751322751322,0.6833333333333333,0.6833333333333333,new,3,2,none,cnn,675,0,68d0e5f-dirty
Subject729,60,0.7117652717652718,0.7333333333333333,0.7333333333333333,new,3,2,none,cnn,675,0,68d0e5f-dirty
Subject969,30,0.43174603174603177,0.5333333333333333,0.5333333333333333,new,3,2,none,cnn,675,0,68d0e5f-dirty
Subject352,30,0.82,0.8333333333333334,0.8333333333333334,recorded,3,2,none,cnn,675,0,68d0e5f-dirty
Subject741,60,0.8424001924001924,0.8666666666666667,0.8666666666666667,recorded,3,2,none,cnn,675,0,68d0e5f-dirty
Subject226,30,0.44994708994709,0.5,0.5,new,3,2,tempo_intensity,cnn,675,2731,68d0e5f-dirty
Subject354,60,0.5278306878306878,0.5833333333333334,0.5833333333333334,new,3,2,tempo_intensity,cnn,675,2731,68d0e5f-dirty
Subject376,60,0.5140404040404041,0.55,0.55,new,3,2,tempo_intensity,cnn,675,2731,68d0e5f-dirty
Subject424,60,0.5902319902319901,0.65,0.65,new,3,2,tempo_intensity,cnn,675,2731,68d0e5f-dirty
Subject729,60,0.7202116402116403,0.75,0.75,new,3,2,tempo_intensity,cnn,675,2731,68d0e5f-dirty
Subject969,30,0.3121693121693122,0.4,0.4,new,3,2,tempo_intensity,cnn,675,2731,68d0e5f-dirty
Subject352,30,0.7999999999999999,0.8,0.8,recorded,3,2,tempo_intensity,cnn,675,2731,68d0e5f-dirty
Subject741,60,0.7965608465608465,0.8,0.8,recorded,3,2,tempo_intensity,cnn,675,2731,68d0e5f-dirty
Subject226,30,0.4777777777777778,0.5666666666666667,0.5666666666666667,new,3,2,plus_placement,cnn,675,2743,68d0e5f-dirty
Subject354,60,0.4795631383866678,0.5333333333333333,0.5333333333333333,new,3,2,plus_placement,cnn,675,2743,68d0e5f-dirty
Subject376,60,0.4898412698412698,0.5333333333333333,0.5333333333333333,new,3,2,plus_placement,cnn,675,2743,68d0e5f-dirty
Subject424,60,0.5587168387168387,0.6333333333333333,0.6333333333333333,new,3,2,plus_placement,cnn,675,2743,68d0e5f-dirty
Subject729,60,0.5100144300144299,0.5666666666666667,0.5666666666666667,new,3,2,plus_placement,cnn,675,2743,68d0e5f-dirty
Subject969,30,0.4225396825396825,0.5333333333333333,0.5333333333333333,new,3,2,plus_placement,cnn,675,2743,68d0e5f-dirty
Subject352,30,0.7555555555555556,0.8,0.8,recorded,3,2,plus_placement,cnn,675,2743,68d0e5f-dirty
Subject741,60,0.8406349206349206,0.85,0.85,recorded,3,2,plus_placement,cnn,675,2743,68d0e5f-dirty
Subject226,30,0.6666666666666665,0.7333333333333333,0.7333333333333333,new,3,4,none,cnn,1275,0,68d0e5f-dirty
Subject354,60,0.6464646464646465,0.6666666666666666,0.6666666666666666,new,3,4,none,cnn,1275,0,68d0e5f-dirty
Subject376,60,0.7041558441558442,0.7166666666666667,0.7166666666666667,new,3,4,none,cnn,1275,0,68d0e5f-dirty
Subject424,60,0.8275132275132275,0.85,0.85,new,3,4,none,cnn,1275,0,68d0e5f-dirty
Subject729,60,0.7479365079365079,0.7666666666666667,0.7666666666666667,new,3,4,none,cnn,1275,0,68d0e5f-dirty
Subject969,30,0.4444444444444444,0.5333333333333333,0.5333333333333333,new,3,4,none,cnn,1275,0,68d0e5f-dirty
Subject352,30,0.7866666666666667,0.8,0.8,recorded,3,4,none,cnn,1275,0,68d0e5f-dirty
Subject561,60,0.7311111111111112,0.75,0.75,recorded,3,4,none,cnn,1275,0,68d0e5f-dirty
Subject741,60,0.7637037037037037,0.7833333333333333,0.7833333333333333,recorded,3,4,none,cnn,1275,0,68d0e5f-dirty
Subject867,60,0.8508128908128909,0.8666666666666667,0.8666666666666667,recorded,3,4,none,cnn,1275,0,68d0e5f-dirty
Subject226,30,0.7444444444444446,0.8,0.8,new,3,4,tempo_intensity,cnn,1275,5072,68d0e5f-dirty
Subject354,60,0.6792540792540792,0.7166666666666667,0.7166666666666667,new,3,4,tempo_intensity,cnn,1275,5072,68d0e5f-dirty
Subject376,60,0.700952380952381,0.7166666666666667,0.7166666666666667,new,3,4,tempo_intensity,cnn,1275,5072,68d0e5f-dirty
Subject424,60,0.791111111111111,0.8333333333333334,0.8333333333333334,new,3,4,tempo_intensity,cnn,1275,5072,68d0e5f-dirty
Subject729,60,0.6812506012506013,0.7,0.7,new,3,4,tempo_intensity,cnn,1275,5072,68d0e5f-dirty
Subject969,30,0.49777777777777776,0.5666666666666667,0.5666666666666667,new,3,4,tempo_intensity,cnn,1275,5072,68d0e5f-dirty
Subject352,30,0.8222222222222222,0.8666666666666667,0.8666666666666667,recorded,3,4,tempo_intensity,cnn,1275,5072,68d0e5f-dirty
Subject561,60,0.8418181818181818,0.85,0.85,recorded,3,4,tempo_intensity,cnn,1275,5072,68d0e5f-dirty
Subject741,60,0.8972486772486774,0.9,0.9,recorded,3,4,tempo_intensity,cnn,1275,5072,68d0e5f-dirty
Subject867,60,0.8508128908128909,0.8666666666666667,0.8666666666666667,recorded,3,4,tempo_intensity,cnn,1275,5072,68d0e5f-dirty
Subject226,30,0.6380952380952382,0.7,0.7,new,3,4,plus_placement,cnn,1275,5241,68d0e5f-dirty
Subject354,60,0.7695238095238095,0.8,0.8,new,3,4,plus_placement,cnn,1275,5241,68d0e5f-dirty
Subject376,60,0.7208465608465607,0.75,0.75,new,3,4,plus_placement,cnn,1275,5241,68d0e5f-dirty
Subject424,60,0.8433862433862435,0.8666666666666667,0.8666666666666667,new,3,4,plus_placement,cnn,1275,5241,68d0e5f-dirty
Subject729,60,0.7749206349206349,0.8,0.8,new,3,4,plus_placement,cnn,1275,5241,68d0e5f-dirty
Subject969,30,0.5803174603174602,0.6666666666666666,0.6666666666666666,new,3,4,plus_placement,cnn,1275,5241,68d0e5f-dirty
Subject352,30,0.8222222222222222,0.8333333333333334,0.8333333333333334,recorded,3,4,plus_placement,cnn,1275,5241,68d0e5f-dirty
Subject561,60,0.8044444444444444,0.85,0.85,recorded,3,4,plus_placement,cnn,1275,5241,68d0e5f-dirty
Subject741,60,0.8766137566137567,0.8833333333333333,0.8833333333333333,recorded,3,4,plus_placement,cnn,1275,5241,68d0e5f-dirty
Subject867,60,0.8893314093314094,0.9,0.9,recorded,3,4,plus_placement,cnn,1275,5241,68d0e5f-dirty
Subject226,30,0.8177777777777778,0.8666666666666667,0.8666666666666667,new,3,8,none,cnn,2630,0,68d0e5f-dirty
Subject354,60,0.8525396825396825,0.8666666666666667,0.8666666666666667,new,3,8,none,cnn,2630,0,68d0e5f-dirty
Subject376,60,0.7664742664742665,0.8,0.8,new,3,8,none,cnn,2630,0,68d0e5f-dirty
Subject424,60,0.8600732600732601,0.8833333333333333,0.8833333333333333,new,3,8,none,cnn,2630,0,68d0e5f-dirty
Subject729,60,0.8345502645502645,0.85,0.85,new,3,8,none,cnn,2630,0,68d0e5f-dirty
Subject969,30,0.726984126984127,0.7666666666666667,0.7666666666666667,new,3,8,none,cnn,2630,0,68d0e5f-dirty
Subject352,30,0.8222222222222222,0.8666666666666667,0.8666666666666667,recorded,3,8,none,cnn,2630,0,68d0e5f-dirty
Subject561,60,0.868994708994709,0.8833333333333333,0.8833333333333333,recorded,3,8,none,cnn,2630,0,68d0e5f-dirty
Subject571,30,0.9644444444444444,0.9666666666666667,0.9666666666666667,recorded,3,8,none,cnn,2630,0,68d0e5f-dirty
Subject731,30,0.9644444444444444,0.9666666666666667,0.9666666666666667,recorded,3,8,none,cnn,2630,0,68d0e5f-dirty
Subject741,60,0.89989417989418,0.9,0.9,recorded,3,8,none,cnn,2630,0,68d0e5f-dirty
Subject867,60,0.9062626262626263,0.9166666666666666,0.9166666666666666,recorded,3,8,none,cnn,2630,0,68d0e5f-dirty
Subject877,60,0.9644444444444444,0.9666666666666667,0.9666666666666667,recorded,3,8,none,cnn,2630,0,68d0e5f-dirty
Subject890,30,0.9288888888888888,0.9333333333333333,0.9333333333333333,recorded,3,8,none,cnn,2630,0,68d0e5f-dirty
Subject226,30,0.8177777777777778,0.8666666666666667,0.8666666666666667,new,3,8,tempo_intensity,cnn,2630,10756,68d0e5f-dirty
Subject354,60,0.8192592592592592,0.85,0.85,new,3,8,tempo_intensity,cnn,2630,10756,68d0e5f-dirty
Subject376,60,0.7653968253968254,0.8,0.8,new,3,8,tempo_intensity,cnn,2630,10756,68d0e5f-dirty
Subject424,60,0.8431420431420432,0.8666666666666667,0.8666666666666667,new,3,8,tempo_intensity,cnn,2630,10756,68d0e5f-dirty
Subject729,60,0.8125252525252527,0.8333333333333334,0.8333333333333334,new,3,8,tempo_intensity,cnn,2630,10756,68d0e5f-dirty
Subject969,30,0.6977777777777777,0.7333333333333333,0.7333333333333333,new,3,8,tempo_intensity,cnn,2630,10756,68d0e5f-dirty
Subject352,30,0.8222222222222222,0.8666666666666667,0.8666666666666667,recorded,3,8,tempo_intensity,cnn,2630,10756,68d0e5f-dirty
Subject561,60,0.8751515151515151,0.8833333333333333,0.8833333333333333,recorded,3,8,tempo_intensity,cnn,2630,10756,68d0e5f-dirty
Subject571,30,0.9288888888888888,0.9333333333333333,0.9333333333333333,recorded,3,8,tempo_intensity,cnn,2630,10756,68d0e5f-dirty
Subject731,30,0.9644444444444444,0.9666666666666667,0.9666666666666667,recorded,3,8,tempo_intensity,cnn,2630,10756,68d0e5f-dirty
Subject741,60,0.8950264550264551,0.9,0.9,recorded,3,8,tempo_intensity,cnn,2630,10756,68d0e5f-dirty
Subject867,60,0.873035113035113,0.8833333333333333,0.8833333333333333,recorded,3,8,tempo_intensity,cnn,2630,10756,68d0e5f-dirty
Subject877,60,0.9830687830687831,0.9833333333333333,0.9833333333333333,recorded,3,8,tempo_intensity,cnn,2630,10756,68d0e5f-dirty
Subject890,30,0.846984126984127,0.8666666666666667,0.8666666666666667,recorded,3,8,tempo_intensity,cnn,2630,10756,68d0e5f-dirty
Subject226,30,0.8177777777777778,0.8666666666666667,0.8666666666666667,new,3,8,plus_placement,cnn,2630,10589,68d0e5f-dirty
Subject354,60,0.881077441077441,0.9,0.9,new,3,8,plus_placement,cnn,2630,10589,68d0e5f-dirty
Subject376,60,0.7475324675324675,0.7833333333333333,0.7833333333333333,new,3,8,plus_placement,cnn,2630,10589,68d0e5f-dirty
Subject424,60,0.7613756613756614,0.8,0.8,new,3,8,plus_placement,cnn,2630,10589,68d0e5f-dirty
Subject729,60,0.8341125541125541,0.85,0.85,new,3,8,plus_placement,cnn,2630,10589,68d0e5f-dirty
Subject969,30,0.6822222222222223,0.7333333333333333,0.7333333333333333,new,3,8,plus_placement,cnn,2630,10589,68d0e5f-dirty
Subject352,30,0.8222222222222222,0.8666666666666667,0.8666666666666667,recorded,3,8,plus_placement,cnn,2630,10589,68d0e5f-dirty
Subject561,60,0.8444444444444444,0.8666666666666667,0.8666666666666667,recorded,3,8,plus_placement,cnn,2630,10589,68d0e5f-dirty
Subject571,30,0.9111111111111111,0.9333333333333333,0.9333333333333333,recorded,3,8,plus_placement,cnn,2630,10589,68d0e5f-dirty
Subject731,30,1.0,1.0,1.0,recorded,3,8,plus_placement,cnn,2630,10589,68d0e5f-dirty
Subject741,60,0.9126984126984128,0.9166666666666666,0.9166666666666666,recorded,3,8,plus_placement,cnn,2630,10589,68d0e5f-dirty
Subject867,60,0.9326984126984127,0.9333333333333333,0.9333333333333333,recorded,3,8,plus_placement,cnn,2630,10589,68d0e5f-dirty
Subject877,60,0.9830687830687831,0.9833333333333333,0.9833333333333333,recorded,3,8,plus_placement,cnn,2630,10589,68d0e5f-dirty
Subject890,30,0.9111111111111111,0.9333333333333333,0.9333333333333333,recorded,3,8,plus_placement,cnn,2630,10589,68d0e5f-dirty
Subject226,30,0.8177777777777778,0.8666666666666667,0.8666666666666667,new,3,17,none,cnn,5237,0,68d0e5f-dirty
Subject354,60,1.0,1.0,1.0,new,3,17,none,cnn,5237,0,68d0e5f-dirty
Subject376,60,0.7730891330891331,0.8,0.8,new,3,17,none,cnn,5237,0,68d0e5f-dirty
Subject424,60,0.8899145299145299,0.9,0.9,new,3,17,none,cnn,5237,0,68d0e5f-dirty
Subject729,60,0.9305820105820106,0.9333333333333333,0.9333333333333333,new,3,17,none,cnn,5237,0,68d0e5f-dirty
Subject969,30,0.7407407407407407,0.7666666666666667,0.7666666666666667,new,3,17,none,cnn,5237,0,68d0e5f-dirty
Subject139,60,0.9661375661375662,0.9666666666666667,0.9666666666666667,recorded,3,17,none,cnn,5237,0,68d0e5f-dirty
Subject147,31,0.9644444444444444,0.9666666666666667,0.967741935483871,recorded,3,17,none,cnn,5237,0,68d0e5f-dirty
Subject352,30,0.9111111111111111,0.9333333333333333,0.9333333333333333,recorded,3,17,none,cnn,5237,0,68d0e5f-dirty
Subject353,60,0.8244444444444444,0.8333333333333334,0.8333333333333334,recorded,3,17,none,cnn,5237,0,68d0e5f-dirty
Subject455,60,1.0,1.0,1.0,recorded,3,17,none,cnn,5237,0,68d0e5f-dirty
Subject494,60,0.911976911976912,0.9166666666666666,0.9166666666666666,recorded,3,17,none,cnn,5237,0,68d0e5f-dirty
Subject516,30,0.9111111111111111,0.9333333333333333,0.9333333333333333,recorded,3,17,none,cnn,5237,0,68d0e5f-dirty
Subject561,60,0.9062626262626262,0.9166666666666666,0.9166666666666666,recorded,3,17,none,cnn,5237,0,68d0e5f-dirty
Subject571,30,0.9644444444444444,0.9666666666666667,0.9666666666666667,recorded,3,17,none,cnn,5237,0,68d0e5f-dirty
Subject580,90,0.8965967365967366,0.9000000000000001,0.9,recorded,3,17,none,cnn,5237,0,68d0e5f-dirty
Subject611,60,0.9830687830687831,0.9833333333333333,0.9833333333333333,recorded,3,17,none,cnn,5237,0,68d0e5f-dirty
Subject731,30,1.0,1.0,1.0,recorded,3,17,none,cnn,5237,0,68d0e5f-dirty
Subject741,60,0.9497354497354498,0.95,0.95,recorded,3,17,none,cnn,5237,0,68d0e5f-dirty
Subject819,60,0.9062626262626262,0.9166666666666666,0.9166666666666666,recorded,3,17,none,cnn,5237,0,68d0e5f-dirty
Subject867,60,0.9481481481481481,0.95,0.95,recorded,3,17,none,cnn,5237,0,68d0e5f-dirty
Subject877,60,1.0,1.0,1.0,recorded,3,17,none,cnn,5237,0,68d0e5f-dirty
Subject890,30,1.0,1.0,1.0,recorded,3,17,none,cnn,5237,0,68d0e5f-dirty
Subject226,30,0.7444444444444446,0.8,0.8,new,3,17,tempo_intensity,cnn,5237,21293,68d0e5f-dirty
Subject354,60,0.9492063492063492,0.95,0.95,new,3,17,tempo_intensity,cnn,5237,21293,68d0e5f-dirty
Subject376,60,0.762962962962963,0.8,0.8,new,3,17,tempo_intensity,cnn,5237,21293,68d0e5f-dirty
Subject424,60,0.8380952380952381,0.8666666666666667,0.8666666666666667,new,3,17,tempo_intensity,cnn,5237,21293,68d0e5f-dirty
Subject729,60,0.9139153439153439,0.9166666666666666,0.9166666666666666,new,3,17,tempo_intensity,cnn,5237,21293,68d0e5f-dirty
Subject969,30,0.7666666666666667,0.8,0.8,new,3,17,tempo_intensity,cnn,5237,21293,68d0e5f-dirty
Subject139,60,0.9644444444444444,0.9666666666666667,0.9666666666666667,recorded,3,17,tempo_intensity,cnn,5237,21293,68d0e5f-dirty
Subject147,31,0.9111111111111111,0.9333333333333333,0.9354838709677419,recorded,3,17,tempo_intensity,cnn,5237,21293,68d0e5f-dirty
Subject352,30,0.9111111111111111,0.9333333333333333,0.9333333333333333,recorded,3,17,tempo_intensity,cnn,5237,21293,68d0e5f-dirty
Subject353,60,0.861957671957672,0.8666666666666667,0.8666666666666667,recorded,3,17,tempo_intensity,cnn,5237,21293,68d0e5f-dirty
Subject455,60,1.0,1.0,1.0,recorded,3,17,tempo_intensity,cnn,5237,21293,68d0e5f-dirty
Subject494,60,0.8914285714285715,0.9,0.9,recorded,3,17,tempo_intensity,cnn,5237,21293,68d0e5f-dirty
Subject516,30,0.9111111111111111,0.9333333333333333,0.9333333333333333,recorded,3,17,tempo_intensity,cnn,5237,21293,68d0e5f-dirty
Subject561,60,0.9830687830687831,0.9833333333333333,0.9833333333333333,recorded,3,17,tempo_intensity,cnn,5237,21293,68d0e5f-dirty
Subject571,30,0.8755555555555555,0.9,0.9,recorded,3,17,tempo_intensity,cnn,5237,21293,68d0e5f-dirty
Subject580,90,0.9081818181818181,0.9111111111111111,0.9111111111111111,recorded,3,17,tempo_intensity,cnn,5237,21293,68d0e5f-dirty
Subject611,60,0.9644444444444444,0.9666666666666667,0.9666666666666667,recorded,3,17,tempo_intensity,cnn,5237,21293,68d0e5f-dirty
Subject731,30,0.8825396825396825,0.9,0.9,recorded,3,17,tempo_intensity,cnn,5237,21293,68d0e5f-dirty
Subject741,60,0.875998075998076,0.9,0.9,recorded,3,17,tempo_intensity,cnn,5237,21293,68d0e5f-dirty
Subject819,60,0.8941798941798942,0.9166666666666666,0.9166666666666666,recorded,3,17,tempo_intensity,cnn,5237,21293,68d0e5f-dirty
Subject867,60,0.8888888888888888,0.9,0.9,recorded,3,17,tempo_intensity,cnn,5237,21293,68d0e5f-dirty
Subject877,60,1.0,1.0,1.0,recorded,3,17,tempo_intensity,cnn,5237,21293,68d0e5f-dirty
Subject890,30,0.9333333333333333,0.9333333333333333,0.9333333333333333,recorded,3,17,tempo_intensity,cnn,5237,21293,68d0e5f-dirty
Subject226,30,0.8755555555555555,0.9,0.9,new,3,17,plus_placement,cnn,5237,21232,68d0e5f-dirty
Subject354,60,0.8752136752136752,0.8833333333333333,0.8833333333333333,new,3,17,plus_placement,cnn,5237,21232,68d0e5f-dirty
Subject376,60,0.8248196248196249,0.8333333333333334,0.8333333333333334,new,3,17,plus_placement,cnn,5237,21232,68d0e5f-dirty
Subject424,60,0.8634920634920635,0.8833333333333333,0.8833333333333333,new,3,17,plus_placement,cnn,5237,21232,68d0e5f-dirty
Subject729,60,0.9830687830687831,0.9833333333333333,0.9833333333333333,new,3,17,plus_placement,cnn,5237,21232,68d0e5f-dirty
Subject969,30,0.6933333333333334,0.7333333333333333,0.7333333333333333,new,3,17,plus_placement,cnn,5237,21232,68d0e5f-dirty
Subject139,60,1.0,1.0,1.0,recorded,3,17,plus_placement,cnn,5237,21232,68d0e5f-dirty
Subject147,31,0.9111111111111111,0.9333333333333333,0.9354838709677419,recorded,3,17,plus_placement,cnn,5237,21232,68d0e5f-dirty
Subject352,30,0.9111111111111111,0.9333333333333333,0.9333333333333333,recorded,3,17,plus_placement,cnn,5237,21232,68d0e5f-dirty
Subject353,60,0.8497354497354497,0.8666666666666667,0.8666666666666667,recorded,3,17,plus_placement,cnn,5237,21232,68d0e5f-dirty
Subject455,60,1.0,1.0,1.0,recorded,3,17,plus_placement,cnn,5237,21232,68d0e5f-dirty
Subject494,60,0.9164021164021164,0.9166666666666666,0.9166666666666666,recorded,3,17,plus_placement,cnn,5237,21232,68d0e5f-dirty
Subject516,30,0.9111111111111111,0.9333333333333333,0.9333333333333333,recorded,3,17,plus_placement,cnn,5237,21232,68d0e5f-dirty
Subject561,60,0.9830687830687831,0.9833333333333333,0.9833333333333333,recorded,3,17,plus_placement,cnn,5237,21232,68d0e5f-dirty
Subject571,30,0.9333333333333332,0.9333333333333333,0.9333333333333333,recorded,3,17,plus_placement,cnn,5237,21232,68d0e5f-dirty
Subject580,90,0.9370851370851371,0.9333333333333333,0.9333333333333333,recorded,3,17,plus_placement,cnn,5237,21232,68d0e5f-dirty
Subject611,60,0.9664021164021165,0.9666666666666667,0.9666666666666667,recorded,3,17,plus_placement,cnn,5237,21232,68d0e5f-dirty
Subject731,30,0.9644444444444444,0.9666666666666667,0.9666666666666667,recorded,3,17,plus_placement,cnn,5237,21232,68d0e5f-dirty
Subject741,60,0.9322751322751323,0.9333333333333333,0.9333333333333333,recorded,3,17,plus_placement,cnn,5237,21232,68d0e5f-dirty
Subject819,60,0.8941798941798942,0.9166666666666666,0.9166666666666666,recorded,3,17,plus_placement,cnn,5237,21232,68d0e5f-dirty
Subject867,60,0.9111111111111111,0.9333333333333333,0.9333333333333333,recorded,3,17,plus_placement,cnn,5237,21232,68d0e5f-dirty
Subject877,60,1.0,1.0,1.0,recorded,3,17,plus_placement,cnn,5237,21232,68d0e5f-dirty
Subject890,30,0.9644444444444444,0.9666666666666667,0.9666666666666667,recorded,3,17,plus_placement,cnn,5237,21232,68d0e5f-dirty
Subject424,60,0.5118796992481204,0.5666666666666667,0.5666666666666667,new,4,2,none,cnn,639,0,68d0e5f-dirty
Subject455,60,0.734006734006734,0.7833333333333333,0.7833333333333333,new,4,2,none,cnn,639,0,68d0e5f-dirty
Subject561,60,0.4146031746031746,0.4666666666666667,0.4666666666666667,new,4,2,none,cnn,639,0,68d0e5f-dirty
Subject571,30,0.5333333333333333,0.6,0.6,new,4,2,none,cnn,639,0,68d0e5f-dirty
Subject741,60,0.5649679754942912,0.6,0.6,new,4,2,none,cnn,639,0,68d0e5f-dirty
Subject819,60,0.4332334332334332,0.48333333333333334,0.48333333333333334,new,4,2,none,cnn,639,0,68d0e5f-dirty
Subject353,60,0.7344973544973545,0.75,0.75,recorded,4,2,none,cnn,639,0,68d0e5f-dirty
Subject731,30,0.5851851851851851,0.6333333333333333,0.6333333333333333,recorded,4,2,none,cnn,639,0,68d0e5f-dirty
Subject424,60,0.5774603174603175,0.6333333333333333,0.6333333333333333,new,4,2,tempo_intensity,cnn,639,2597,68d0e5f-dirty
Subject455,60,0.8578162578162579,0.8833333333333333,0.8833333333333333,new,4,2,tempo_intensity,cnn,639,2597,68d0e5f-dirty
Subject561,60,0.4148962148962149,0.45,0.45,new,4,2,tempo_intensity,cnn,639,2597,68d0e5f-dirty
Subject571,30,0.5047619047619049,0.5666666666666667,0.5666666666666667,new,4,2,tempo_intensity,cnn,639,2597,68d0e5f-dirty
Subject741,60,0.6130687830687831,0.6333333333333333,0.6333333333333333,new,4,2,tempo_intensity,cnn,639,2597,68d0e5f-dirty
Subject819,60,0.4041269841269841,0.45,0.45,new,4,2,tempo_intensity,cnn,639,2597,68d0e5f-dirty
Subject353,60,0.7448351648351648,0.7666666666666667,0.7666666666666667,recorded,4,2,tempo_intensity,cnn,639,2597,68d0e5f-dirty
Subject731,30,0.5834920634920635,0.6333333333333333,0.6333333333333333,recorded,4,2,tempo_intensity,cnn,639,2597,68d0e5f-dirty
Subject424,60,0.40444444444444444,0.45,0.45,new,4,2,plus_placement,cnn,639,2574,68d0e5f-dirty
Subject455,60,0.7642520442520442,0.8,0.8,new,4,2,plus_placement,cnn,639,2574,68d0e5f-dirty
Subject561,60,0.4146031746031746,0.48333333333333334,0.48333333333333334,new,4,2,plus_placement,cnn,639,2574,68d0e5f-dirty
Subject571,30,0.46296296296296297,0.5333333333333333,0.5333333333333333,new,4,2,plus_placement,cnn,639,2574,68d0e5f-dirty
Subject741,60,0.5694708994708996,0.6,0.6,new,4,2,plus_placement,cnn,639,2574,68d0e5f-dirty
Subject819,60,0.6142520442520443,0.6333333333333333,0.6333333333333333,new,4,2,plus_placement,cnn,639,2574,68d0e5f-dirty
Subject353,60,0.7815221815221814,0.8,0.8,recorded,4,2,plus_placement,cnn,639,2574,68d0e5f-dirty
Subject731,30,0.611111111111111,0.6666666666666666,0.6666666666666666,recorded,4,2,plus_placement,cnn,639,2574,68d0e5f-dirty
Subject424,60,0.8097354497354499,0.8333333333333334,0.8333333333333334,new,4,4,none,cnn,1112,0,68d0e5f-dirty
Subject455,60,0.6486243386243387,0.6833333333333333,0.6833333333333333,new,4,4,none,cnn,1112,0,68d0e5f-dirty
Subject561,60,0.5888644688644687,0.6333333333333333,0.6333333333333333,new,4,4,none,cnn,1112,0,68d0e5f-dirty
Subject571,30,0.6780952380952381,0.7333333333333333,0.7333333333333333,new,4,4,none,cnn,1112,0,68d0e5f-dirty
Subject741,60,0.7069119769119769,0.7333333333333333,0.7333333333333333,new,4,4,none,cnn,1112,0,68d0e5f-dirty
Subject819,60,0.49462241462241463,0.5333333333333333,0.5333333333333333,new,4,4,none,cnn,1112,0,68d0e5f-dirty
Subject353,60,0.7816931216931217,0.8,0.8,recorded,4,4,none,cnn,1112,0,68d0e5f-dirty
Subject376,60,0.831111111111111,0.85,0.85,recorded,4,4,none,cnn,1112,0,68d0e5f-dirty
Subject494,60,0.9305820105820106,0.9333333333333333,0.9333333333333333,recorded,4,4,none,cnn,1112,0,68d0e5f-dirty
Subject731,30,0.7177777777777777,0.7666666666666667,0.7666666666666667,recorded,4,4,none,cnn,1112,0,68d0e5f-dirty
Subject424,60,0.740952380952381,0.7833333333333333,0.7833333333333333,new,4,4,tempo_intensity,cnn,1112,4516,68d0e5f-dirty
Subject455,60,0.6681481481481482,0.7,0.7,new,4,4,tempo_intensity,cnn,1112,4516,68d0e5f-dirty
Subject561,60,0.6427128427128428,0.7,0.7,new,4,4,tempo_intensity,cnn,1112,4516,68d0e5f-dirty
Subject571,30,0.7314285714285714,0.8,0.8,new,4,4,tempo_intensity,cnn,1112,4516,68d0e5f-dirty
Subject741,60,0.7183597883597883,0.75,0.75,new,4,4,tempo_intensity,cnn,1112,4516,68d0e5f-dirty
Subject819,60,0.45566433566433573,0.5166666666666667,0.5166666666666667,new,4,4,tempo_intensity,cnn,1112,4516,68d0e5f-dirty
Subject353,60,0.7349927849927851,0.75,0.75,recorded,4,4,tempo_intensity,cnn,1112,4516,68d0e5f-dirty
Subject376,60,0.9001587301587303,0.9,0.9,recorded,4,4,tempo_intensity,cnn,1112,4516,68d0e5f-dirty
Subject494,60,0.9475132275132275,0.95,0.95,recorded,4,4,tempo_intensity,cnn,1112,4516,68d0e5f-dirty
Subject731,30,0.7222222222222222,0.7666666666666667,0.7666666666666667,recorded,4,4,tempo_intensity,cnn,1112,4516,68d0e5f-dirty
Subject424,60,0.8078306878306879,0.8333333333333334,0.8333333333333334,new,4,4,plus_placement,cnn,1112,4486,68d0e5f-dirty
Subject455,60,0.7468783068783068,0.7666666666666667,0.7666666666666667,new,4,4,plus_placement,cnn,1112,4486,68d0e5f-dirty
Subject561,60,0.667003367003367,0.7333333333333333,0.7333333333333333,new,4,4,plus_placement,cnn,1112,4486,68d0e5f-dirty
Subject571,30,0.7274074074074074,0.7666666666666667,0.7666666666666667,new,4,4,plus_placement,cnn,1112,4486,68d0e5f-dirty
Subject741,60,0.7405291005291005,0.7666666666666667,0.7666666666666667,new,4,4,plus_placement,cnn,1112,4486,68d0e5f-dirty
Subject819,60,0.5475132275132275,0.6166666666666667,0.6166666666666667,new,4,4,plus_placement,cnn,1112,4486,68d0e5f-dirty
Subject353,60,0.8061375661375662,0.8166666666666667,0.8166666666666667,recorded,4,4,plus_placement,cnn,1112,4486,68d0e5f-dirty
Subject376,60,0.8984656084656085,0.9,0.9,recorded,4,4,plus_placement,cnn,1112,4486,68d0e5f-dirty
Subject494,60,0.9644444444444444,0.9666666666666667,0.9666666666666667,recorded,4,4,plus_placement,cnn,1112,4486,68d0e5f-dirty
Subject731,30,0.7047619047619046,0.7666666666666667,0.7666666666666667,recorded,4,4,plus_placement,cnn,1112,4486,68d0e5f-dirty
Subject424,60,0.8622222222222222,0.8833333333333333,0.8833333333333333,new,4,8,none,cnn,2413,0,68d0e5f-dirty
Subject455,60,0.7805291005291005,0.8,0.8,new,4,8,none,cnn,2413,0,68d0e5f-dirty
Subject561,60,0.7367388167388167,0.7666666666666667,0.7666666666666667,new,4,8,none,cnn,2413,0,68d0e5f-dirty
Subject571,30,0.8555555555555555,0.8666666666666667,0.8666666666666667,new,4,8,none,cnn,2413,0,68d0e5f-dirty
Subject741,60,0.8582010582010582,0.8666666666666667,0.8666666666666667,new,4,8,none,cnn,2413,0,68d0e5f-dirty
Subject819,60,0.7895959595959596,0.8166666666666667,0.8166666666666667,new,4,8,none,cnn,2413,0,68d0e5f-dirty
Subject226,30,0.9333333333333332,0.9333333333333333,0.9333333333333333,recorded,4,8,none,cnn,2413,0,68d0e5f-dirty
Subject352,30,0.8825396825396825,0.9,0.9,recorded,4,8,none,cnn,2413,0,68d0e5f-dirty
Subject353,60,0.8596499796499796,0.8666666666666667,0.8666666666666667,recorded,4,8,none,cnn,2413,0,68d0e5f-dirty
Subject354,60,0.8955555555555555,0.9,0.9,recorded,4,8,none,cnn,2413,0,68d0e5f-dirty
Subject376,60,0.9096296296296296,0.9166666666666666,0.9166666666666666,recorded,4,8,none,cnn,2413,0,68d0e5f-dirty
Subject494,60,0.9475132275132274,0.95,0.95,recorded,4,8,none,cnn,2413,0,68d0e5f-dirty
Subject731,30,0.8755555555555555,0.9,0.9,recorded,4,8,none,cnn,2413,0,68d0e5f-dirty
Subject877,60,0.9145165945165945,0.9166666666666666,0.9166666666666666,recorded,4,8,none,cnn,2413,0,68d0e5f-dirty
Subject424,60,0.8122943722943723,0.8333333333333334,0.8333333333333334,new,4,8,tempo_intensity,cnn,2413,9847,68d0e5f-dirty
Subject455,60,0.8173737373737373,0.85,0.85,new,4,8,tempo_intensity,cnn,2413,9847,68d0e5f-dirty
Subject561,60,0.7595441595441595,0.7833333333333333,0.7833333333333333,new,4,8,tempo_intensity,cnn,2413,9847,68d0e5f-dirty
Subject571,30,0.7822222222222223,0.8333333333333334,0.8333333333333334,new,4,8,tempo_intensity,cnn,2413,9847,68d0e5f-dirty
Subject741,60,0.8232804232804232,0.85,0.85,new,4,8,tempo_intensity,cnn,2413,9847,68d0e5f-dirty
Subject819,60,0.7393314093314094,0.7833333333333333,0.7833333333333333,new,4,8,tempo_intensity,cnn,2413,9847,68d0e5f-dirty
Subject226,30,0.8444444444444444,0.8666666666666667,0.8666666666666667,recorded,4,8,tempo_intensity,cnn,2413,9847,68d0e5f-dirty
Subject352,30,0.7650793650793651,0.8,0.8,recorded,4,8,tempo_intensity,cnn,2413,9847,68d0e5f-dirty
Subject353,60,0.8839153439153439,0.8833333333333333,0.8833333333333333,recorded,4,8,tempo_intensity,cnn,2413,9847,68d0e5f-dirty
Subject354,60,0.8444444444444444,0.8666666666666667,0.8666666666666667,recorded,4,8,tempo_intensity,cnn,2413,9847,68d0e5f-dirty
Subject376,60,0.9334054834054833,0.9333333333333333,0.9333333333333333,recorded,4,8,tempo_intensity,cnn,2413,9847,68d0e5f-dirty
Subject494,60,0.8751851851851852,0.8833333333333333,0.8833333333333333,recorded,4,8,tempo_intensity,cnn,2413,9847,68d0e5f-dirty
Subject731,30,0.7422222222222222,0.8,0.8,recorded,4,8,tempo_intensity,cnn,2413,9847,68d0e5f-dirty
Subject877,60,0.9104761904761904,0.9166666666666666,0.9166666666666666,recorded,4,8,tempo_intensity,cnn,2413,9847,68d0e5f-dirty
Subject424,60,0.8622222222222222,0.8833333333333333,0.8833333333333333,new,4,8,plus_placement,cnn,2413,9780,68d0e5f-dirty
Subject455,60,0.874074074074074,0.9,0.9,new,4,8,plus_placement,cnn,2413,9780,68d0e5f-dirty
Subject561,60,0.7546764346764346,0.8,0.8,new,4,8,plus_placement,cnn,2413,9780,68d0e5f-dirty
Subject571,30,0.7755555555555556,0.8,0.8,new,4,8,plus_placement,cnn,2413,9780,68d0e5f-dirty
Subject741,60,0.8564021164021164,0.8833333333333333,0.8833333333333333,new,4,8,plus_placement,cnn,2413,9780,68d0e5f-dirty
Subject819,60,0.8071632071632071,0.8333333333333334,0.8333333333333334,new,4,8,plus_placement,cnn,2413,9780,68d0e5f-dirty
Subject226,30,0.9111111111111112,0.9333333333333333,0.9333333333333333,recorded,4,8,plus_placement,cnn,2413,9780,68d0e5f-dirty
Subject352,30,0.9288888888888889,0.9333333333333333,0.9333333333333333,recorded,4,8,plus_placement,cnn,2413,9780,68d0e5f-dirty
Subject353,60,0.8486772486772486,0.8666666666666667,0.8666666666666667,recorded,4,8,plus_placement,cnn,2413,9780,68d0e5f-dirty
Subject354,60,0.9477777777777778,0.95,0.95,recorded,4,8,plus_placement,cnn,2413,9780,68d0e5f-dirty
Subject376,60,0.8622222222222222,0.8833333333333333,0.8833333333333333,recorded,4,8,plus_placement,cnn,2413,9780,68d0e5f-dirty
Subject494,60,0.9644444444444444,0.9666666666666667,0.9666666666666667,recorded,4,8,plus_placement,cnn,2413,9780,68d0e5f-dirty
Subject731,30,0.8111111111111112,0.8333333333333334,0.8333333333333334,recorded,4,8,plus_placement,cnn,2413,9780,68d0e5f-dirty
Subject877,60,1.0,1.0,1.0,recorded,4,8,plus_placement,cnn,2413,9780,68d0e5f-dirty
Subject424,60,0.8914285714285715,0.9,0.9,new,4,17,none,cnn,5216,0,68d0e5f-dirty
Subject455,60,0.9418181818181818,0.95,0.95,new,4,17,none,cnn,5216,0,68d0e5f-dirty
Subject561,60,0.9094372294372295,0.9166666666666666,0.9166666666666666,new,4,17,none,cnn,5216,0,68d0e5f-dirty
Subject571,30,0.9333333333333332,0.9333333333333333,0.9333333333333333,new,4,17,none,cnn,5216,0,68d0e5f-dirty
Subject741,60,0.9274074074074075,0.9333333333333333,0.9333333333333333,new,4,17,none,cnn,5216,0,68d0e5f-dirty
Subject819,60,0.8266666666666665,0.85,0.85,new,4,17,none,cnn,5216,0,68d0e5f-dirty
Subject139,60,0.924886964886965,0.9333333333333333,0.9333333333333333,recorded,4,17,none,cnn,5216,0,68d0e5f-dirty
Subject147,31,1.0,1.0,1.0,recorded,4,17,none,cnn,5216,0,68d0e5f-dirty
Subject226,30,1.0,1.0,1.0,recorded,4,17,none,cnn,5216,0,68d0e5f-dirty
Subject352,30,0.8444444444444446,0.8666666666666667,0.8666666666666667,recorded,4,17,none,cnn,5216,0,68d0e5f-dirty
Subject353,60,0.8941798941798942,0.9166666666666666,0.9166666666666666,recorded,4,17,none,cnn,5216,0,68d0e5f-dirty
Subject354,60,1.0,1.0,1.0,recorded,4,17,none,cnn,5216,0,68d0e5f-dirty
Subject376,60,0.8981684981684982,0.9166666666666666,0.9166666666666666,recorded,4,17,none,cnn,5216,0,68d0e5f-dirty
Subject494,60,0.9062626262626263,0.9166666666666666,0.9166666666666666,recorded,4,17,none,cnn,5216,0,68d0e5f-dirty
Subject516,30,0.9644444444444444,0.9666666666666667,0.9666666666666667,recorded,4,17,none,cnn,5216,0,68d0e5f-dirty
Subject580,90,0.9133333333333334,0.9111111111111111,0.9111111111111111,recorded,4,17,none,cnn,5216,0,68d0e5f-dirty
Subject611,60,1.0,1.0,1.0,recorded,4,17,none,cnn,5216,0,68d0e5f-dirty
Subject729,60,0.9644444444444444,0.9666666666666667,0.9666666666666667,recorded,4,17,none,cnn,5216,0,68d0e5f-dirty
Subject731,30,0.8469841269841271,0.8666666666666667,0.8666666666666667,recorded,4,17,none,cnn,5216,0,68d0e5f-dirty
Subject867,60,0.9830687830687831,0.9833333333333333,0.9833333333333333,recorded,4,17,none,cnn,5216,0,68d0e5f-dirty
Subject877,60,1.0,1.0,1.0,recorded,4,17,none,cnn,5216,0,68d0e5f-dirty
Subject890,30,1.0,1.0,1.0,recorded,4,17,none,cnn,5216,0,68d0e5f-dirty
Subject969,30,0.8469841269841271,0.8666666666666667,0.8666666666666667,recorded,4,17,none,cnn,5216,0,68d0e5f-dirty
Subject424,60,0.8622222222222222,0.8833333333333333,0.8833333333333333,new,4,17,tempo_intensity,cnn,5216,21124,68d0e5f-dirty
Subject455,60,0.9111111111111111,0.9333333333333333,0.9333333333333333,new,4,17,tempo_intensity,cnn,5216,21124,68d0e5f-dirty
Subject561,60,0.8443142043142042,0.85,0.85,new,4,17,tempo_intensity,cnn,5216,21124,68d0e5f-dirty
Subject571,30,0.8444444444444444,0.8666666666666667,0.8666666666666667,new,4,17,tempo_intensity,cnn,5216,21124,68d0e5f-dirty
Subject741,60,0.9305820105820106,0.9333333333333333,0.9333333333333333,new,4,17,tempo_intensity,cnn,5216,21124,68d0e5f-dirty
Subject819,60,0.7315018315018315,0.7833333333333333,0.7833333333333333,new,4,17,tempo_intensity,cnn,5216,21124,68d0e5f-dirty
Subject139,60,0.9661375661375662,0.9666666666666667,0.9666666666666667,recorded,4,17,tempo_intensity,cnn,5216,21124,68d0e5f-dirty
Subject147,31,0.9644444444444444,0.9666666666666667,0.967741935483871,recorded,4,17,tempo_intensity,cnn,5216,21124,68d0e5f-dirty
Subject226,30,0.9644444444444444,0.9666666666666667,0.9666666666666667,recorded,4,17,tempo_intensity,cnn,5216,21124,68d0e5f-dirty
Subject352,30,0.9288888888888889,0.9333333333333333,0.9333333333333333,recorded,4,17,tempo_intensity,cnn,5216,21124,68d0e5f-dirty
Subject353,60,0.8757671957671959,0.8833333333333333,0.8833333333333333,recorded,4,17,tempo_intensity,cnn,5216,21124,68d0e5f-dirty
Subject354,60,0.9481481481481481,0.95,0.95,recorded,4,17,tempo_intensity,cnn,5216,21124,68d0e5f-dirty
Subject376,60,0.8511784511784513,0.8666666666666667,0.8666666666666667,recorded,4,17,tempo_intensity,cnn,5216,21124,68d0e5f-dirty
Subject494,60,0.9096296296296296,0.9166666666666666,0.9166666666666666,recorded,4,17,tempo_intensity,cnn,5216,21124,68d0e5f-dirty
Subject516,30,0.9644444444444444,0.9666666666666667,0.9666666666666667,recorded,4,17,tempo_intensity,cnn,5216,21124,68d0e5f-dirty
Subject580,90,0.9197069597069596,0.9222222222222222,0.9222222222222223,recorded,4,17,tempo_intensity,cnn,5216,21124,68d0e5f-dirty
Subject611,60,0.9830687830687831,0.9833333333333333,0.9833333333333333,recorded,4,17,tempo_intensity,cnn,5216,21124,68d0e5f-dirty
Subject729,60,0.9475132275132274,0.95,0.95,recorded,4,17,tempo_intensity,cnn,5216,21124,68d0e5f-dirty
Subject731,30,0.8977777777777778,0.9,0.9,recorded,4,17,tempo_intensity,cnn,5216,21124,68d0e5f-dirty
Subject867,60,0.9305820105820107,0.9333333333333333,0.9333333333333333,recorded,4,17,tempo_intensity,cnn,5216,21124,68d0e5f-dirty
Subject877,60,1.0,1.0,1.0,recorded,4,17,tempo_intensity,cnn,5216,21124,68d0e5f-dirty
Subject890,30,1.0,1.0,1.0,recorded,4,17,tempo_intensity,cnn,5216,21124,68d0e5f-dirty
Subject969,30,0.7977777777777777,0.8333333333333334,0.8333333333333334,recorded,4,17,tempo_intensity,cnn,5216,21124,68d0e5f-dirty
Subject424,60,0.8825396825396825,0.9,0.9,new,4,17,plus_placement,cnn,5216,21249,68d0e5f-dirty
Subject455,60,0.9077441077441077,0.9333333333333333,0.9333333333333333,new,4,17,plus_placement,cnn,5216,21249,68d0e5f-dirty
Subject561,60,0.8025396825396826,0.8333333333333334,0.8333333333333334,new,4,17,plus_placement,cnn,5216,21249,68d0e5f-dirty
Subject571,30,0.7892063492063492,0.8333333333333334,0.8333333333333334,new,4,17,plus_placement,cnn,5216,21249,68d0e5f-dirty
Subject741,60,0.9644444444444444,0.9666666666666667,0.9666666666666667,new,4,17,plus_placement,cnn,5216,21249,68d0e5f-dirty
Subject819,60,0.8482406482406483,0.8666666666666667,0.8666666666666667,new,4,17,plus_placement,cnn,5216,21249,68d0e5f-dirty
Subject139,60,0.9079557479557481,0.9166666666666666,0.9166666666666666,recorded,4,17,plus_placement,cnn,5216,21249,68d0e5f-dirty
Subject147,31,1.0,1.0,1.0,recorded,4,17,plus_placement,cnn,5216,21249,68d0e5f-dirty
Subject226,30,0.9111111111111111,0.9333333333333333,0.9333333333333333,recorded,4,17,plus_placement,cnn,5216,21249,68d0e5f-dirty
Subject352,30,0.7555555555555554,0.8,0.8,recorded,4,17,plus_placement,cnn,5216,21249,68d0e5f-dirty
Subject353,60,0.9142857142857143,0.9166666666666666,0.9166666666666666,recorded,4,17,plus_placement,cnn,5216,21249,68d0e5f-dirty
Subject354,60,0.9830687830687831,0.9833333333333333,0.9833333333333333,recorded,4,17,plus_placement,cnn,5216,21249,68d0e5f-dirty
Subject376,60,0.8825396825396825,0.9,0.9,recorded,4,17,plus_placement,cnn,5216,21249,68d0e5f-dirty
Subject494,60,0.8456950456950456,0.8666666666666667,0.8666666666666667,recorded,4,17,plus_placement,cnn,5216,21249,68d0e5f-dirty
Subject516,30,0.9111111111111111,0.9333333333333333,0.9333333333333333,recorded,4,17,plus_placement,cnn,5216,21249,68d0e5f-dirty
Subject580,90,0.9321933621933621,0.9333333333333333,0.9333333333333333,recorded,4,17,plus_placement,cnn,5216,21249,68d0e5f-dirty
Subject611,60,0.8941798941798942,0.9166666666666666,0.9166666666666666,recorded,4,17,plus_placement,cnn,5216,21249,68d0e5f-dirty
Subject729,60,0.9830687830687831,0.9833333333333333,0.9833333333333333,recorded,4,17,plus_placement,cnn,5216,21249,68d0e5f-dirty
Subject731,30,0.9111111111111111,0.9333333333333333,0.9333333333333333,recorded,4,17,plus_placement,cnn,5216,21249,68d0e5f-dirty
Subject867,60,0.9308465608465609,0.9333333333333333,0.9333333333333333,recorded,4,17,plus_placement,cnn,5216,21249,68d0e5f-dirty
Subject877,60,1.0,1.0,1.0,recorded,4,17,plus_placement,cnn,5216,21249,68d0e5f-dirty
Subject890,30,0.9288888888888888,0.9333333333333333,0.9333333333333333,recorded,4,17,plus_placement,cnn,5216,21249,68d0e5f-dirty
Subject969,30,0.9111111111111111,0.9333333333333333,0.9333333333333333,recorded,4,17,plus_placement,cnn,5216,21249,68d0e5f-dirty
Subject226,30,0.6155555555555555,0.6666666666666666,0.6666666666666666,new,5,2,none,cnn,740,0,68d0e5f-dirty
Subject424,60,0.536084656084656,0.6166666666666667,0.6166666666666667,new,5,2,none,cnn,740,0,68d0e5f-dirty
Subject580,90,0.6378647278647278,0.6333333333333333,0.6333333333333333,new,5,2,none,cnn,740,0,68d0e5f-dirty
Subject819,60,0.6278654678654678,0.6666666666666666,0.6666666666666666,new,5,2,none,cnn,740,0,68d0e5f-dirty
Subject877,60,0.5411640211640212,0.55,0.55,new,5,2,none,cnn,740,0,68d0e5f-dirty
Subject890,30,0.726984126984127,0.7666666666666667,0.7666666666666667,new,5,2,none,cnn,740,0,68d0e5f-dirty
Subject352,30,0.8133333333333332,0.8666666666666667,0.8666666666666667,recorded,5,2,none,cnn,740,0,68d0e5f-dirty
Subject731,30,0.6955555555555556,0.7333333333333333,0.7333333333333333,recorded,5,2,none,cnn,740,0,68d0e5f-dirty
Subject226,30,0.5955555555555556,0.6333333333333333,0.6333333333333333,new,5,2,tempo_intensity,cnn,740,3002,68d0e5f-dirty
Subject424,60,0.4673015873015874,0.5333333333333333,0.5333333333333333,new,5,2,tempo_intensity,cnn,740,3002,68d0e5f-dirty
Subject580,90,0.5918374218374218,0.5888888888888889,0.5888888888888889,new,5,2,tempo_intensity,cnn,740,3002,68d0e5f-dirty
Subject819,60,0.6486964886964888,0.7,0.7,new,5,2,tempo_intensity,cnn,740,3002,68d0e5f-dirty
Subject877,60,0.5396499796499796,0.6166666666666667,0.6166666666666667,new,5,2,tempo_intensity,cnn,740,3002,68d0e5f-dirty
Subject890,30,0.7644444444444444,0.8,0.8,new,5,2,tempo_intensity,cnn,740,3002,68d0e5f-dirty
Subject352,30,0.7866666666666667,0.8333333333333334,0.8333333333333334,recorded,5,2,tempo_intensity,cnn,740,3002,68d0e5f-dirty
Subject731,30,0.5888888888888889,0.6666666666666666,0.6666666666666666,recorded,5,2,tempo_intensity,cnn,740,3002,68d0e5f-dirty
Subject226,30,0.6822222222222222,0.7333333333333333,0.7333333333333333,new,5,2,plus_placement,cnn,740,2990,68d0e5f-dirty
Subject424,60,0.5969281045751633,0.65,0.65,new,5,2,plus_placement,cnn,740,2990,68d0e5f-dirty
Subject580,90,0.5755555555555556,0.6000000000000001,0.6,new,5,2,plus_placement,cnn,740,2990,68d0e5f-dirty
Subject819,60,0.6916076516076516,0.7333333333333333,0.7333333333333333,new,5,2,plus_placement,cnn,740,2990,68d0e5f-dirty
Subject877,60,0.6237037037037036,0.65,0.65,new,5,2,plus_placement,cnn,740,2990,68d0e5f-dirty
Subject890,30,0.72,0.7666666666666667,0.7666666666666667,new,5,2,plus_placement,cnn,740,2990,68d0e5f-dirty
Subject352,30,0.8755555555555555,0.9,0.9,recorded,5,2,plus_placement,cnn,740,2990,68d0e5f-dirty
Subject731,30,0.7247619047619048,0.7666666666666667,0.7666666666666667,recorded,5,2,plus_placement,cnn,740,2990,68d0e5f-dirty
Subject226,30,0.7222222222222222,0.7666666666666667,0.7666666666666667,new,5,4,none,cnn,1434,0,68d0e5f-dirty
Subject424,60,0.6555555555555554,0.7333333333333333,0.7333333333333333,new,5,4,none,cnn,1434,0,68d0e5f-dirty
Subject580,90,0.7411632811632811,0.7555555555555558,0.7555555555555555,new,5,4,none,cnn,1434,0,68d0e5f-dirty
Subject819,60,0.818855218855219,0.8666666666666667,0.8666666666666667,new,5,4,none,cnn,1434,0,68d0e5f-dirty
Subject877,60,0.7983068783068783,0.8,0.8,new,5,4,none,cnn,1434,0,68d0e5f-dirty
Subject890,30,0.7444444444444444,0.8,0.8,new,5,4,none,cnn,1434,0,68d0e5f-dirty
Subject139,60,0.8755555555555555,0.9,0.9,recorded,5,4,none,cnn,1434,0,68d0e5f-dirty
Subject352,30,0.8755555555555555,0.9,0.9,recorded,5,4,none,cnn,1434,0,68d0e5f-dirty
Subject729,60,0.9308465608465608,0.9333333333333333,0.9333333333333333,recorded,5,4,none,cnn,1434,0,68d0e5f-dirty
Subject731,30,0.8555555555555555,0.8666666666666667,0.8666666666666667,recorded,5,4,none,cnn,1434,0,68d0e5f-dirty
Subject226,30,0.5977777777777777,0.6666666666666666,0.6666666666666666,new,5,4,tempo_intensity,cnn,1434,5820,68d0e5f-dirty
Subject424,60,0.44721500721500723,0.55,0.55,new,5,4,tempo_intensity,cnn,1434,5820,68d0e5f-dirty
Subject580,90,0.669018759018759,0.6888888888888889,0.6888888888888889,new,5,4,tempo_intensity,cnn,1434,5820,68d0e5f-dirty
Subject819,60,0.8177777777777777,0.8666666666666667,0.8666666666666667,new,5,4,tempo_intensity,cnn,1434,5820,68d0e5f-dirty
Subject877,60,0.8019047619047619,0.8166666666666667,0.8166666666666667,new,5,4,tempo_intensity,cnn,1434,5820,68d0e5f-dirty
Subject890,30,0.8177777777777777,0.8666666666666667,0.8666666666666667,new,5,4,tempo_intensity,cnn,1434,5820,68d0e5f-dirty
Subject139,60,0.8070370370370371,0.8333333333333334,0.8333333333333334,recorded,5,4,tempo_intensity,cnn,1434,5820,68d0e5f-dirty
Subject352,30,0.8755555555555555,0.9,0.9,recorded,5,4,tempo_intensity,cnn,1434,5820,68d0e5f-dirty
Subject729,60,0.9305820105820106,0.9333333333333333,0.9333333333333333,recorded,5,4,tempo_intensity,cnn,1434,5820,68d0e5f-dirty
Subject731,30,0.7980952380952381,0.8333333333333334,0.8333333333333334,recorded,5,4,tempo_intensity,cnn,1434,5820,68d0e5f-dirty
Subject226,30,0.5555555555555555,0.6333333333333333,0.6333333333333333,new,5,4,plus_placement,cnn,1434,5758,68d0e5f-dirty
Subject424,60,0.512630059998481,0.5666666666666667,0.5666666666666667,new,5,4,plus_placement,cnn,1434,5758,68d0e5f-dirty
Subject580,90,0.7304847875436111,0.7444444444444444,0.7444444444444445,new,5,4,plus_placement,cnn,1434,5758,68d0e5f-dirty
Subject819,60,0.7917267917267916,0.8166666666666667,0.8166666666666667,new,5,4,plus_placement,cnn,1434,5758,68d0e5f-dirty
Subject877,60,0.784973544973545,0.8,0.8,new,5,4,plus_placement,cnn,1434,5758,68d0e5f-dirty
Subject890,30,0.9111111111111111,0.9333333333333333,0.9333333333333333,new,5,4,plus_placement,cnn,1434,5758,68d0e5f-dirty
Subject139,60,0.8093314093314092,0.8333333333333334,0.8333333333333334,recorded,5,4,plus_placement,cnn,1434,5758,68d0e5f-dirty
Subject352,30,0.8755555555555555,0.9,0.9,recorded,5,4,plus_placement,cnn,1434,5758,68d0e5f-dirty
Subject729,60,0.9661375661375662,0.9666666666666667,0.9666666666666667,recorded,5,4,plus_placement,cnn,1434,5758,68d0e5f-dirty
Subject731,30,0.8047619047619048,0.8333333333333334,0.8333333333333334,recorded,5,4,plus_placement,cnn,1434,5758,68d0e5f-dirty
Subject226,30,0.7603174603174602,0.8,0.8,new,5,8,none,cnn,2699,0,68d0e5f-dirty
Subject424,60,0.6726118326118325,0.7166666666666667,0.7166666666666667,new,5,8,none,cnn,2699,0,68d0e5f-dirty
Subject580,90,0.8983061383061381,0.9,0.9,new,5,8,none,cnn,2699,0,68d0e5f-dirty
Subject819,60,0.8404425204425205,0.8666666666666667,0.8666666666666667,new,5,8,none,cnn,2699,0,68d0e5f-dirty
Subject877,60,0.9506878306878307,0.95,0.95,new,5,8,none,cnn,2699,0,68d0e5f-dirty
Subject890,30,0.7866666666666666,0.8333333333333334,0.8333333333333334,new,5,8,none,cnn,2699,0,68d0e5f-dirty
Subject139,60,0.9475132275132275,0.95,0.95,recorded,5,8,none,cnn,2699,0,68d0e5f-dirty
Subject147,31,0.9644444444444444,0.9666666666666667,0.967741935483871,recorded,5,8,none,cnn,2699,0,68d0e5f-dirty
Subject352,30,0.8711111111111111,0.9,0.9,recorded,5,8,none,cnn,2699,0,68d0e5f-dirty
Subject353,60,0.9075132275132276,0.9166666666666666,0.9166666666666666,recorded,5,8,none,cnn,2699,0,68d0e5f-dirty
Subject516,30,0.9111111111111111,0.9333333333333333,0.9333333333333333,recorded,5,8,none,cnn,2699,0,68d0e5f-dirty
Subject571,30,0.9111111111111111,0.9333333333333333,0.9333333333333333,recorded,5,8,none,cnn,2699,0,68d0e5f-dirty
Subject729,60,0.9644444444444444,0.9666666666666667,0.9666666666666667,recorded,5,8,none,cnn,2699,0,68d0e5f-dirty
Subject731,30,0.8825396825396825,0.9,0.9,recorded,5,8,none,cnn,2699,0,68d0e5f-dirty
Subject226,30,0.7247619047619048,0.7666666666666667,0.7666666666666667,new,5,8,tempo_intensity,cnn,2699,10938,68d0e5f-dirty
Subject424,60,0.6535947712418301,0.7166666666666667,0.7166666666666667,new,5,8,tempo_intensity,cnn,2699,10938,68d0e5f-dirty
Subject580,90,0.8350989361515676,0.8555555555555556,0.8555555555555555,new,5,8,tempo_intensity,cnn,2699,10938,68d0e5f-dirty
Subject819,60,0.8334391534391534,0.8666666666666667,0.8666666666666667,new,5,8,tempo_intensity,cnn,2699,10938,68d0e5f-dirty
Subject877,60,0.888994708994709,0.9,0.9,new,5,8,tempo_intensity,cnn,2699,10938,68d0e5f-dirty
Subject890,30,0.7866666666666666,0.8333333333333334,0.8333333333333334,new,5,8,tempo_intensity,cnn,2699,10938,68d0e5f-dirty
Subject139,60,0.8772486772486773,0.9,0.9,recorded,5,8,tempo_intensity,cnn,2699,10938,68d0e5f-dirty
Subject147,31,0.9022222222222224,0.9111111111111111,0.9032258064516129,recorded,5,8,tempo_intensity,cnn,2699,10938,68d0e5f-dirty
Subject352,30,0.9111111111111111,0.9333333333333333,0.9333333333333333,recorded,5,8,tempo_intensity,cnn,2699,10938,68d0e5f-dirty
Subject353,60,0.8237758537758537,0.85,0.85,recorded,5,8,tempo_intensity,cnn,2699,10938,68d0e5f-dirty
Subject516,30,0.9644444444444444,0.9666666666666667,0.9666666666666667,recorded,5,8,tempo_intensity,cnn,2699,10938,68d0e5f-dirty
Subject571,30,0.9022222222222223,0.9,0.9,recorded,5,8,tempo_intensity,cnn,2699,10938,68d0e5f-dirty
Subject729,60,0.9661375661375662,0.9666666666666667,0.9666666666666667,recorded,5,8,tempo_intensity,cnn,2699,10938,68d0e5f-dirty
Subject731,30,0.9111111111111111,0.9333333333333333,0.9333333333333333,recorded,5,8,tempo_intensity,cnn,2699,10938,68d0e5f-dirty
Subject226,30,0.7311111111111112,0.7666666666666667,0.7666666666666667,new,5,8,plus_placement,cnn,2699,10982,68d0e5f-dirty
Subject424,60,0.6397557997557998,0.6666666666666666,0.6666666666666666,new,5,8,plus_placement,cnn,2699,10982,68d0e5f-dirty
Subject580,90,0.8809235209235209,0.8777777777777778,0.8777777777777778,new,5,8,plus_placement,cnn,2699,10982,68d0e5f-dirty
Subject819,60,0.7632804232804233,0.8,0.8,new,5,8,plus_placement,cnn,2699,10982,68d0e5f-dirty
Subject877,60,0.9661375661375662,0.9666666666666667,0.9666666666666667,new,5,8,plus_placement,cnn,2699,10982,68d0e5f-dirty
Subject890,30,0.8399999999999999,0.8666666666666667,0.8666666666666667,new,5,8,plus_placement,cnn,2699,10982,68d0e5f-dirty
Subject139,60,0.9475132275132275,0.95,0.95,recorded,5,8,plus_placement,cnn,2699,10982,68d0e5f-dirty
Subject147,31,1.0,1.0,1.0,recorded,5,8,plus_placement,cnn,2699,10982,68d0e5f-dirty
Subject352,30,0.9288888888888889,0.9333333333333333,0.9333333333333333,recorded,5,8,plus_placement,cnn,2699,10982,68d0e5f-dirty
Subject353,60,0.8195767195767196,0.8333333333333334,0.8333333333333334,recorded,5,8,plus_placement,cnn,2699,10982,68d0e5f-dirty
Subject516,30,0.9111111111111111,0.9333333333333333,0.9333333333333333,recorded,5,8,plus_placement,cnn,2699,10982,68d0e5f-dirty
Subject571,30,0.7936507936507936,0.8333333333333334,0.8333333333333334,recorded,5,8,plus_placement,cnn,2699,10982,68d0e5f-dirty
Subject729,60,0.9661375661375662,0.9666666666666667,0.9666666666666667,recorded,5,8,plus_placement,cnn,2699,10982,68d0e5f-dirty
Subject731,30,0.8825396825396825,0.9,0.9,recorded,5,8,plus_placement,cnn,2699,10982,68d0e5f-dirty
Subject226,30,0.9288888888888889,0.9333333333333333,0.9333333333333333,new,5,17,none,cnn,5244,0,68d0e5f-dirty
Subject424,60,0.9077441077441077,0.9333333333333333,0.9333333333333333,new,5,17,none,cnn,5244,0,68d0e5f-dirty
Subject580,90,0.9200643800643801,0.9222222222222224,0.9222222222222223,new,5,17,none,cnn,5244,0,68d0e5f-dirty
Subject819,60,0.8765811965811966,0.8833333333333333,0.8833333333333333,new,5,17,none,cnn,5244,0,68d0e5f-dirty
Subject877,60,1.0,1.0,1.0,new,5,17,none,cnn,5244,0,68d0e5f-dirty
Subject890,30,0.8955555555555555,0.9,0.9,new,5,17,none,cnn,5244,0,68d0e5f-dirty
Subject139,60,0.9830687830687831,0.9833333333333333,0.9833333333333333,recorded,5,17,none,cnn,5244,0,68d0e5f-dirty
Subject147,31,1.0,1.0,1.0,recorded,5,17,none,cnn,5244,0,68d0e5f-dirty
Subject352,30,0.8222222222222222,0.8666666666666667,0.8666666666666667,recorded,5,17,none,cnn,5244,0,68d0e5f-dirty
Subject353,60,0.76981684981685,0.7833333333333333,0.7833333333333333,recorded,5,17,none,cnn,5244,0,68d0e5f-dirty
Subject354,60,0.962962962962963,0.9666666666666667,0.9666666666666667,recorded,5,17,none,cnn,5244,0,68d0e5f-dirty
Subject376,60,0.9111111111111111,0.9166666666666666,0.9166666666666666,recorded,5,17,none,cnn,5244,0,68d0e5f-dirty
Subject455,60,1.0,1.0,1.0,recorded,5,17,none,cnn,5244,0,68d0e5f-dirty
Subject494,60,0.8781144781144781,0.9,0.9,recorded,5,17,none,cnn,5244,0,68d0e5f-dirty
Subject516,30,0.9111111111111111,0.9333333333333333,0.9333333333333333,recorded,5,17,none,cnn,5244,0,68d0e5f-dirty
Subject561,60,0.9130158730158731,0.9166666666666666,0.9166666666666666,recorded,5,17,none,cnn,5244,0,68d0e5f-dirty
Subject571,30,0.9111111111111111,0.9333333333333333,0.9333333333333333,recorded,5,17,none,cnn,5244,0,68d0e5f-dirty
Subject611,60,1.0,1.0,1.0,recorded,5,17,none,cnn,5244,0,68d0e5f-dirty
Subject729,60,0.9308465608465608,0.9333333333333333,0.9333333333333333,recorded,5,17,none,cnn,5244,0,68d0e5f-dirty
Subject731,30,0.9644444444444444,0.9666666666666667,0.9666666666666667,recorded,5,17,none,cnn,5244,0,68d0e5f-dirty
Subject741,60,0.9137566137566139,0.9166666666666666,0.9166666666666666,recorded,5,17,none,cnn,5244,0,68d0e5f-dirty
Subject867,60,0.9288888888888889,0.9333333333333333,0.9333333333333333,recorded,5,17,none,cnn,5244,0,68d0e5f-dirty
Subject969,30,0.8533333333333334,0.8666666666666667,0.8666666666666667,recorded,5,17,none,cnn,5244,0,68d0e5f-dirty
Subject226,30,0.846984126984127,0.8666666666666667,0.8666666666666667,new,5,17,tempo_intensity,cnn,5244,21421,68d0e5f-dirty
Subject424,60,0.8333333333333334,0.8666666666666667,0.8666666666666667,new,5,17,tempo_intensity,cnn,5244,21421,68d0e5f-dirty
Subject580,90,0.9438561438561438,0.9444444444444445,0.9444444444444444,new,5,17,tempo_intensity,cnn,5244,21421,68d0e5f-dirty
Subject819,60,0.8664021164021165,0.8833333333333333,0.8833333333333333,new,5,17,tempo_intensity,cnn,5244,21421,68d0e5f-dirty
Subject877,60,1.0,1.0,1.0,new,5,17,tempo_intensity,cnn,5244,21421,68d0e5f-dirty
Subject890,30,0.8755555555555555,0.9,0.9,new,5,17,tempo_intensity,cnn,5244,21421,68d0e5f-dirty
Subject139,60,0.9477777777777778,0.95,0.95,recorded,5,17,tempo_intensity,cnn,5244,21421,68d0e5f-dirty
Subject147,31,0.9444444444444444,0.9555555555555555,0.9354838709677419,recorded,5,17,tempo_intensity,cnn,5244,21421,68d0e5f-dirty
Subject352,30,0.8755555555555555,0.9,0.9,recorded,5,17,tempo_intensity,cnn,5244,21421,68d0e5f-dirty
Subject353,60,0.9140933140933141,0.9166666666666666,0.9166666666666666,recorded,5,17,tempo_intensity,cnn,5244,21421,68d0e5f-dirty
Subject354,60,0.9830687830687831,0.9833333333333333,0.9833333333333333,recorded,5,17,tempo_intensity,cnn,5244,21421,68d0e5f-dirty
Subject376,60,0.8014814814814815,0.8333333333333334,0.8333333333333334,recorded,5,17,tempo_intensity,cnn,5244,21421,68d0e5f-dirty
Subject455,60,1.0,1.0,1.0,recorded,5,17,tempo_intensity,cnn,5244,21421,68d0e5f-dirty
Subject494,60,0.8444444444444446,0.8666666666666667,0.8666666666666667,recorded,5,17,tempo_intensity,cnn,5244,21421,68d0e5f-dirty
Subject516,30,0.9066666666666666,0.9333333333333333,0.9333333333333333,recorded,5,17,tempo_intensity,cnn,5244,21421,68d0e5f-dirty
Subject561,60,0.9830687830687831,0.9833333333333333,0.9833333333333333,recorded,5,17,tempo_intensity,cnn,5244,21421,68d0e5f-dirty
Subject571,30,0.8222222222222222,0.8666666666666667,0.8666666666666667,recorded,5,17,tempo_intensity,cnn,5244,21421,68d0e5f-dirty
Subject611,60,1.0,1.0,1.0,recorded,5,17,tempo_intensity,cnn,5244,21421,68d0e5f-dirty
Subject729,60,0.9830687830687831,0.9833333333333333,0.9833333333333333,recorded,5,17,tempo_intensity,cnn,5244,21421,68d0e5f-dirty
Subject731,30,0.9288888888888888,0.9333333333333333,0.9333333333333333,recorded,5,17,tempo_intensity,cnn,5244,21421,68d0e5f-dirty
Subject741,60,0.8977777777777778,0.9166666666666666,0.9166666666666666,recorded,5,17,tempo_intensity,cnn,5244,21421,68d0e5f-dirty
Subject867,60,0.9047811447811447,0.9166666666666666,0.9166666666666666,recorded,5,17,tempo_intensity,cnn,5244,21421,68d0e5f-dirty
Subject969,30,0.8800000000000001,0.9,0.9,recorded,5,17,tempo_intensity,cnn,5244,21421,68d0e5f-dirty
Subject226,30,0.8177777777777778,0.8666666666666667,0.8666666666666667,new,5,17,plus_placement,cnn,5244,21283,68d0e5f-dirty
Subject424,60,0.9418181818181818,0.95,0.95,new,5,17,plus_placement,cnn,5244,21283,68d0e5f-dirty
Subject580,90,0.944055944055944,0.9444444444444444,0.9444444444444444,new,5,17,plus_placement,cnn,5244,21283,68d0e5f-dirty
Subject819,60,0.8596499796499797,0.8666666666666667,0.8666666666666667,new,5,17,plus_placement,cnn,5244,21283,68d0e5f-dirty
Subject877,60,1.0,1.0,1.0,new,5,17,plus_placement,cnn,5244,21283,68d0e5f-dirty
Subject890,30,0.9644444444444444,0.9666666666666667,0.9666666666666667,new,5,17,plus_placement,cnn,5244,21283,68d0e5f-dirty
Subject139,60,1.0,1.0,1.0,recorded,5,17,plus_placement,cnn,5244,21283,68d0e5f-dirty
Subject147,31,0.9733333333333334,0.9777777777777777,0.967741935483871,recorded,5,17,plus_placement,cnn,5244,21283,68d0e5f-dirty
Subject352,30,0.8222222222222222,0.8666666666666667,0.8666666666666667,recorded,5,17,plus_placement,cnn,5244,21283,68d0e5f-dirty
Subject353,60,0.8823280423280424,0.8833333333333333,0.8833333333333333,recorded,5,17,plus_placement,cnn,5244,21283,68d0e5f-dirty
Subject354,60,0.9830687830687831,0.9833333333333333,0.9833333333333333,recorded,5,17,plus_placement,cnn,5244,21283,68d0e5f-dirty
Subject376,60,0.9255555555555557,0.9333333333333333,0.9333333333333333,recorded,5,17,plus_placement,cnn,5244,21283,68d0e5f-dirty
Subject455,60,1.0,1.0,1.0,recorded,5,17,plus_placement,cnn,5244,21283,68d0e5f-dirty
Subject494,60,0.8895959595959595,0.9,0.9,recorded,5,17,plus_placement,cnn,5244,21283,68d0e5f-dirty
Subject516,30,0.9644444444444444,0.9666666666666667,0.9666666666666667,recorded,5,17,plus_placement,cnn,5244,21283,68d0e5f-dirty
Subject561,60,0.9111111111111112,0.9333333333333333,0.9333333333333333,recorded,5,17,plus_placement,cnn,5244,21283,68d0e5f-dirty
Subject571,30,0.9644444444444444,0.9666666666666667,0.9666666666666667,recorded,5,17,plus_placement,cnn,5244,21283,68d0e5f-dirty
Subject611,60,0.9661375661375663,0.9666666666666667,0.9666666666666667,recorded,5,17,plus_placement,cnn,5244,21283,68d0e5f-dirty
Subject729,60,0.9141798941798941,0.9166666666666666,0.9166666666666666,recorded,5,17,plus_placement,cnn,5244,21283,68d0e5f-dirty
Subject731,30,0.9644444444444444,0.9666666666666667,0.9666666666666667,recorded,5,17,plus_placement,cnn,5244,21283,68d0e5f-dirty
Subject741,60,0.8947089947089949,0.9,0.9,recorded,5,17,plus_placement,cnn,5244,21283,68d0e5f-dirty
Subject867,60,0.9316402116402117,0.9333333333333333,0.9333333333333333,recorded,5,17,plus_placement,cnn,5244,21283,68d0e5f-dirty
Subject969,30,0.8555555555555555,0.8666666666666667,0.8666666666666667,recorded,5,17,plus_placement,cnn,5244,21283,68d0e5f-dirty
Subject424,60,0.6745165945165945,0.7,0.7,new,6,2,none,cnn,502,0,68d0e5f-dirty
Subject455,60,0.7204425204425203,0.75,0.75,new,6,2,none,cnn,502,0,68d0e5f-dirty
Subject571,30,0.4094017094017094,0.4666666666666667,0.4666666666666667,new,6,2,none,cnn,502,0,68d0e5f-dirty
Subject819,60,0.4600732600732601,0.55,0.55,new,6,2,none,cnn,502,0,68d0e5f-dirty
Subject877,60,0.6397557997557998,0.7,0.7,new,6,2,none,cnn,502,0,68d0e5f-dirty
Subject890,30,0.5331216931216931,0.6,0.6,new,6,2,none,cnn,502,0,68d0e5f-dirty
Subject354,60,0.8622089022089022,0.8666666666666667,0.8666666666666667,recorded,6,2,none,cnn,502,0,68d0e5f-dirty
Subject580,90,0.7293939393939396,0.7333333333333333,0.7333333333333333,recorded,6,2,none,cnn,502,0,68d0e5f-dirty
Subject424,60,0.7234054834054834,0.75,0.75,new,6,2,tempo_intensity,cnn,502,2067,68d0e5f-dirty
Subject455,60,0.6092929292929293,0.6666666666666666,0.6666666666666666,new,6,2,tempo_intensity,cnn,502,2067,68d0e5f-dirty
Subject571,30,0.46814814814814815,0.5333333333333333,0.5333333333333333,new,6,2,tempo_intensity,cnn,502,2067,68d0e5f-dirty
Subject819,60,0.41756613756613753,0.48333333333333334,0.48333333333333334,new,6,2,tempo_intensity,cnn,502,2067,68d0e5f-dirty
Subject877,60,0.6961231361231361,0.7333333333333333,0.7333333333333333,new,6,2,tempo_intensity,cnn,502,2067,68d0e5f-dirty
Subject890,30,0.47460317460317464,0.5666666666666667,0.5666666666666667,new,6,2,tempo_intensity,cnn,502,2067,68d0e5f-dirty
Subject354,60,0.8832130832130833,0.8833333333333333,0.8833333333333333,recorded,6,2,tempo_intensity,cnn,502,2067,68d0e5f-dirty
Subject580,90,0.7244444444444443,0.7333333333333333,0.7333333333333333,recorded,6,2,tempo_intensity,cnn,502,2067,68d0e5f-dirty
Subject424,60,0.7953102453102453,0.8166666666666667,0.8166666666666667,new,6,2,plus_placement,cnn,502,2004,68d0e5f-dirty
Subject455,60,0.775892255892256,0.7833333333333333,0.7833333333333333,new,6,2,plus_placement,cnn,502,2004,68d0e5f-dirty
Subject571,30,0.5451851851851851,0.6,0.6,new,6,2,plus_placement,cnn,502,2004,68d0e5f-dirty
Subject819,60,0.38132275132275134,0.48333333333333334,0.48333333333333334,new,6,2,plus_placement,cnn,502,2004,68d0e5f-dirty
Subject877,60,0.6526850926850928,0.7166666666666667,0.7166666666666667,new,6,2,plus_placement,cnn,502,2004,68d0e5f-dirty
Subject890,30,0.5088888888888888,0.5666666666666667,0.5666666666666667,new,6,2,plus_placement,cnn,502,2004,68d0e5f-dirty
Subject354,60,0.8782743182743182,0.8833333333333333,0.8833333333333333,recorded,6,2,plus_placement,cnn,502,2004,68d0e5f-dirty
Subject580,90,0.8162504162504162,0.8222222222222223,0.8222222222222222,recorded,6,2,plus_placement,cnn,502,2004,68d0e5f-dirty
Subject424,60,0.7133333333333333,0.7666666666666667,0.7666666666666667,new,6,4,none,cnn,1094,0,68d0e5f-dirty
Subject455,60,0.6221885521885522,0.65,0.65,new,6,4,none,cnn,1094,0,68d0e5f-dirty
Subject571,30,0.5444444444444444,0.6,0.6,new,6,4,none,cnn,1094,0,68d0e5f-dirty
Subject819,60,0.46908424908424906,0.5166666666666667,0.5166666666666667,new,6,4,none,cnn,1094,0,68d0e5f-dirty
Subject877,60,0.5909053909053908,0.65,0.65,new,6,4,none,cnn,1094,0,68d0e5f-dirty
Subject890,30,0.6555555555555554,0.7333333333333333,0.7333333333333333,new,6,4,none,cnn,1094,0,68d0e5f-dirty
Subject353,60,0.844021164021164,0.8666666666666667,0.8666666666666667,recorded,6,4,none,cnn,1094,0,68d0e5f-dirty
Subject354,60,0.7603174603174602,0.8,0.8,recorded,6,4,none,cnn,1094,0,68d0e5f-dirty
Subject580,90,0.7343073593073591,0.7555555555555556,0.7555555555555555,recorded,6,4,none,cnn,1094,0,68d0e5f-dirty
Subject867,60,0.8152055352055352,0.8333333333333334,0.8333333333333334,recorded,6,4,none,cnn,1094,0,68d0e5f-dirty
Subject424,60,0.7536507936507936,0.7833333333333333,0.7833333333333333,new,6,4,tempo_intensity,cnn,1094,4424,68d0e5f-dirty
Subject455,60,0.7442083842083843,0.7666666666666667,0.7666666666666667,new,6,4,tempo_intensity,cnn,1094,4424,68d0e5f-dirty
Subject571,30,0.5296296296296297,0.6,0.6,new,6,4,tempo_intensity,cnn,1094,4424,68d0e5f-dirty
Subject819,60,0.4587301587301587,0.5,0.5,new,6,4,tempo_intensity,cnn,1094,4424,68d0e5f-dirty
Subject877,60,0.6895767195767196,0.7333333333333333,0.7333333333333333,new,6,4,tempo_intensity,cnn,1094,4424,68d0e5f-dirty
Subject890,30,0.7444444444444444,0.8,0.8,new,6,4,tempo_intensity,cnn,1094,4424,68d0e5f-dirty
Subject353,60,0.8772486772486772,0.9,0.9,recorded,6,4,tempo_intensity,cnn,1094,4424,68d0e5f-dirty
Subject354,60,0.8054700854700855,0.8333333333333334,0.8333333333333334,recorded,6,4,tempo_intensity,cnn,1094,4424,68d0e5f-dirty
Subject580,90,0.7977200577200577,0.8,0.8,recorded,6,4,tempo_intensity,cnn,1094,4424,68d0e5f-dirty
Subject867,60,0.8748869648869649,0.8833333333333333,0.8833333333333333,recorded,6,4,tempo_intensity,cnn,1094,4424,68d0e5f-dirty
Subject424,60,0.821025641025641,0.85,0.85,new,6,4,plus_placement,cnn,1094,4456,68d0e5f-dirty
Subject455,60,0.8867724867724868,0.9,0.9,new,6,4,plus_placement,cnn,1094,4456,68d0e5f-dirty
Subject571,30,0.5007407407407407,0.5666666666666667,0.5666666666666667,new,6,4,plus_placement,cnn,1094,4456,68d0e5f-dirty
Subject819,60,0.47814503579209455,0.5166666666666667,0.5166666666666667,new,6,4,plus_placement,cnn,1094,4456,68d0e5f-dirty
Subject877,60,0.7445117845117846,0.7833333333333333,0.7833333333333333,new,6,4,plus_placement,cnn,1094,4456,68d0e5f-dirty
Subject890,30,0.6666666666666666,0.7333333333333333,0.7333333333333333,new,6,4,plus_placement,cnn,1094,4456,68d0e5f-dirty
Subject353,60,0.8943915343915343,0.9,0.9,recorded,6,4,plus_placement,cnn,1094,4456,68d0e5f-dirty
Subject354,60,0.8393650793650793,0.8666666666666667,0.8666666666666667,recorded,6,4,plus_placement,cnn,1094,4456,68d0e5f-dirty
Subject580,90,0.8427417027417028,0.8333333333333335,0.8333333333333334,recorded,6,4,plus_placement,cnn,1094,4456,68d0e5f-dirty
Subject867,60,0.8926984126984128,0.9,0.9,recorded,6,4,plus_placement,cnn,1094,4456,68d0e5f-dirty
Subject424,60,0.8211640211640212,0.85,0.85,new,6,8,none,cnn,2341,0,68d0e5f-dirty
Subject455,60,0.8107744107744107,0.8333333333333334,0.8333333333333334,new,6,8,none,cnn,2341,0,68d0e5f-dirty
Subject571,30,0.7358730158730159,0.8,0.8,new,6,8,none,cnn,2341,0,68d0e5f-dirty
Subject819,60,0.670899470899471,0.7166666666666667,0.7166666666666667,new,6,8,none,cnn,2341,0,68d0e5f-dirty
Subject877,60,0.9644444444444444,0.9666666666666667,0.9666666666666667,new,6,8,none,cnn,2341,0,68d0e5f-dirty
Subject890,30,0.7301587301587301,0.7666666666666667,0.7666666666666667,new,6,8,none,cnn,2341,0,68d0e5f-dirty
Subject353,60,0.9337566137566138,0.9333333333333333,0.9333333333333333,recorded,6,8,none,cnn,2341,0,68d0e5f-dirty
Subject354,60,0.9418181818181818,0.95,0.95,recorded,6,8,none,cnn,2341,0,68d0e5f-dirty
Subject561,60,0.924886964886965,0.9333333333333333,0.9333333333333333,recorded,6,8,none,cnn,2341,0,68d0e5f-dirty
Subject580,90,0.8951437451437452,0.9000000000000001,0.9,recorded,6,8,none,cnn,2341,0,68d0e5f-dirty
Subject611,60,0.9494708994708996,0.95,0.95,recorded,6,8,none,cnn,2341,0,68d0e5f-dirty
Subject729,60,0.8488888888888889,0.8666666666666667,0.8666666666666667,recorded,6,8,none,cnn,2341,0,68d0e5f-dirty
Subject741,60,0.9053968253968254,0.9166666666666666,0.9166666666666666,recorded,6,8,none,cnn,2341,0,68d0e5f-dirty
Subject867,60,0.8926984126984128,0.9,0.9,recorded,6,8,none,cnn,2341,0,68d0e5f-dirty
Subject424,60,0.8907407407407407,0.9,0.9,new,6,8,tempo_intensity,cnn,2341,9488,68d0e5f-dirty
Subject455,60,0.8526984126984127,0.8666666666666667,0.8666666666666667,new,6,8,tempo_intensity,cnn,2341,9488,68d0e5f-dirty
Subject571,30,0.6355555555555555,0.7,0.7,new,6,8,tempo_intensity,cnn,2341,9488,68d0e5f-dirty
Subject819,60,0.6747859547859547,0.7166666666666667,0.7166666666666667,new,6,8,tempo_intensity,cnn,2341,9488,68d0e5f-dirty
Subject877,60,0.9475132275132275,0.95,0.95,new,6,8,tempo_intensity,cnn,2341,9488,68d0e5f-dirty
Subject890,30,0.6777777777777777,0.7333333333333333,0.7333333333333333,new,6,8,tempo_intensity,cnn,2341,9488,68d0e5f-dirty
Subject353,60,0.8952055352055353,0.9,0.9,recorded,6,8,tempo_intensity,cnn,2341,9488,68d0e5f-dirty
Subject354,60,0.903030303030303,0.9166666666666666,0.9166666666666666,recorded,6,8,tempo_intensity,cnn,2341,9488,68d0e5f-dirty
Subject561,60,0.924886964886965,0.9333333333333333,0.9333333333333333,recorded,6,8,tempo_intensity,cnn,2341,9488,68d0e5f-dirty
Subject580,90,0.8885081585081586,0.888888888888889,0.8888888888888888,recorded,6,8,tempo_intensity,cnn,2341,9488,68d0e5f-dirty
Subject611,60,0.9830687830687831,0.9833333333333333,0.9833333333333333,recorded,6,8,tempo_intensity,cnn,2341,9488,68d0e5f-dirty
Subject729,60,0.8810774410774411,0.9,0.9,recorded,6,8,tempo_intensity,cnn,2341,9488,68d0e5f-dirty
Subject741,60,0.9475132275132274,0.95,0.95,recorded,6,8,tempo_intensity,cnn,2341,9488,68d0e5f-dirty
Subject867,60,0.9644444444444444,0.9666666666666667,0.9666666666666667,recorded,6,8,tempo_intensity,cnn,2341,9488,68d0e5f-dirty
Subject424,60,0.826984126984127,0.8333333333333334,0.8333333333333334,new,6,8,plus_placement,cnn,2341,9537,68d0e5f-dirty
Subject455,60,0.8903896103896104,0.9,0.9,new,6,8,plus_placement,cnn,2341,9537,68d0e5f-dirty
Subject571,30,0.7444444444444444,0.8,0.8,new,6,8,plus_placement,cnn,2341,9537,68d0e5f-dirty
Subject819,60,0.8455026455026453,0.8666666666666667,0.8666666666666667,new,6,8,plus_placement,cnn,2341,9537,68d0e5f-dirty
Subject877,60,0.9418181818181818,0.95,0.95,new,6,8,plus_placement,cnn,2341,9537,68d0e5f-dirty
Subject890,30,0.7444444444444444,0.8,0.8,new,6,8,plus_placement,cnn,2341,9537,68d0e5f-dirty
Subject353,60,0.8975132275132276,0.9,0.9,recorded,6,8,plus_placement,cnn,2341,9537,68d0e5f-dirty
Subject354,60,0.9497354497354498,0.95,0.95,recorded,6,8,plus_placement,cnn,2341,9537,68d0e5f-dirty
Subject561,60,0.8941798941798942,0.9166666666666666,0.9166666666666666,recorded,6,8,plus_placement,cnn,2341,9537,68d0e5f-dirty
Subject580,90,0.9327505827505826,0.9333333333333335,0.9333333333333333,recorded,6,8,plus_placement,cnn,2341,9537,68d0e5f-dirty
Subject611,60,0.9644444444444444,0.9666666666666667,0.9666666666666667,recorded,6,8,plus_placement,cnn,2341,9537,68d0e5f-dirty
Subject729,60,0.9312169312169313,0.9333333333333333,0.9333333333333333,recorded,6,8,plus_placement,cnn,2341,9537,68d0e5f-dirty
Subject741,60,0.9475132275132275,0.95,0.95,recorded,6,8,plus_placement,cnn,2341,9537,68d0e5f-dirty
Subject867,60,1.0,1.0,1.0,recorded,6,8,plus_placement,cnn,2341,9537,68d0e5f-dirty
Subject424,60,0.8186243386243386,0.85,0.85,new,6,17,none,cnn,5252,0,68d0e5f-dirty
Subject455,60,0.8537758537758539,0.8666666666666667,0.8666666666666667,new,6,17,none,cnn,5252,0,68d0e5f-dirty
Subject571,30,0.846984126984127,0.8666666666666667,0.8666666666666667,new,6,17,none,cnn,5252,0,68d0e5f-dirty
Subject819,60,0.8374277574277575,0.8666666666666667,0.8666666666666667,new,6,17,none,cnn,5252,0,68d0e5f-dirty
Subject877,60,1.0,1.0,1.0,new,6,17,none,cnn,5252,0,68d0e5f-dirty
Subject890,30,0.9288888888888888,0.9333333333333333,0.9333333333333333,new,6,17,none,cnn,5252,0,68d0e5f-dirty
Subject139,60,0.8707070707070707,0.8833333333333333,0.8833333333333333,recorded,6,17,none,cnn,5252,0,68d0e5f-dirty
Subject147,31,0.9644444444444444,0.9666666666666667,0.967741935483871,recorded,6,17,none,cnn,5252,0,68d0e5f-dirty
Subject226,30,0.9311111111111111,0.9333333333333333,0.9333333333333333,recorded,6,17,none,cnn,5252,0,68d0e5f-dirty
Subject352,30,0.8755555555555555,0.9,0.9,recorded,6,17,none,cnn,5252,0,68d0e5f-dirty
Subject353,60,0.9161375661375661,0.9166666666666666,0.9166666666666666,recorded,6,17,none,cnn,5252,0,68d0e5f-dirty
Subject354,60,0.9485714285714286,0.95,0.95,recorded,6,17,none,cnn,5252,0,68d0e5f-dirty
Subject376,60,0.8791208791208791,0.9,0.9,recorded,6,17,none,cnn,5252,0,68d0e5f-dirty
Subject494,60,0.9096296296296296,0.9166666666666666,0.9166666666666666,recorded,6,17,none,cnn,5252,0,68d0e5f-dirty
Subject516,30,0.8888888888888888,0.9,0.9,recorded,6,17,none,cnn,5252,0,68d0e5f-dirty
Subject561,60,0.9062626262626262,0.9166666666666666,0.9166666666666666,recorded,6,17,none,cnn,5252,0,68d0e5f-dirty
Subject580,90,0.8398934398934398,0.8555555555555557,0.8555555555555555,recorded,6,17,none,cnn,5252,0,68d0e5f-dirty
Subject611,60,0.9494708994708995,0.95,0.95,recorded,6,17,none,cnn,5252,0,68d0e5f-dirty
Subject729,60,0.9661375661375662,0.9666666666666667,0.9666666666666667,recorded,6,17,none,cnn,5252,0,68d0e5f-dirty
Subject731,30,0.9644444444444444,0.9666666666666667,0.9666666666666667,recorded,6,17,none,cnn,5252,0,68d0e5f-dirty
Subject741,60,0.9475132275132274,0.95,0.95,recorded,6,17,none,cnn,5252,0,68d0e5f-dirty
Subject867,60,0.9661375661375662,0.9666666666666667,0.9666666666666667,recorded,6,17,none,cnn,5252,0,68d0e5f-dirty
Subject969,30,0.8469841269841271,0.8666666666666667,0.8666666666666667,recorded,6,17,none,cnn,5252,0,68d0e5f-dirty
Subject424,60,0.8611832611832612,0.8833333333333333,0.8833333333333333,new,6,17,tempo_intensity,cnn,5252,21304,68d0e5f-dirty
Subject455,60,0.865993265993266,0.8833333333333333,0.8833333333333333,new,6,17,tempo_intensity,cnn,5252,21304,68d0e5f-dirty
Subject571,30,0.815873015873016,0.8333333333333334,0.8333333333333334,new,6,17,tempo_intensity,cnn,5252,21304,68d0e5f-dirty
Subject819,60,0.8611314611314611,0.8833333333333333,0.8833333333333333,new,6,17,tempo_intensity,cnn,5252,21304,68d0e5f-dirty
Subject877,60,1.0,1.0,1.0,new,6,17,tempo_intensity,cnn,5252,21304,68d0e5f-dirty
Subject890,30,0.7911111111111111,0.8333333333333334,0.8333333333333334,new,6,17,tempo_intensity,cnn,5252,21304,68d0e5f-dirty
Subject139,60,0.9830687830687831,0.9833333333333333,0.9833333333333333,recorded,6,17,tempo_intensity,cnn,5252,21304,68d0e5f-dirty
Subject147,31,0.9733333333333334,0.9777777777777777,0.967741935483871,recorded,6,17,tempo_intensity,cnn,5252,21304,68d0e5f-dirty
Subject226,30,1.0,1.0,1.0,recorded,6,17,tempo_intensity,cnn,5252,21304,68d0e5f-dirty
Subject352,30,0.8755555555555555,0.9,0.9,recorded,6,17,tempo_intensity,cnn,5252,21304,68d0e5f-dirty
Subject353,60,0.8753631553631552,0.8833333333333333,0.8833333333333333,recorded,6,17,tempo_intensity,cnn,5252,21304,68d0e5f-dirty
Subject354,60,0.962962962962963,0.9666666666666667,0.9666666666666667,recorded,6,17,tempo_intensity,cnn,5252,21304,68d0e5f-dirty
Subject376,60,0.8777777777777778,0.9,0.9,recorded,6,17,tempo_intensity,cnn,5252,21304,68d0e5f-dirty
Subject494,60,0.9096296296296296,0.9166666666666666,0.9166666666666666,recorded,6,17,tempo_intensity,cnn,5252,21304,68d0e5f-dirty
Subject516,30,0.9111111111111111,0.9333333333333333,0.9333333333333333,recorded,6,17,tempo_intensity,cnn,5252,21304,68d0e5f-dirty
Subject561,60,0.9661375661375663,0.9666666666666667,0.9666666666666667,recorded,6,17,tempo_intensity,cnn,5252,21304,68d0e5f-dirty
Subject580,90,0.8823435823435822,0.8888888888888891,0.8888888888888888,recorded,6,17,tempo_intensity,cnn,5252,21304,68d0e5f-dirty
Subject611,60,0.9664021164021165,0.9666666666666667,0.9666666666666667,recorded,6,17,tempo_intensity,cnn,5252,21304,68d0e5f-dirty
Subject729,60,0.9492063492063493,0.95,0.95,recorded,6,17,tempo_intensity,cnn,5252,21304,68d0e5f-dirty
Subject731,30,0.9644444444444444,0.9666666666666667,0.9666666666666667,recorded,6,17,tempo_intensity,cnn,5252,21304,68d0e5f-dirty
Subject741,60,0.9661375661375662,0.9666666666666667,0.9666666666666667,recorded,6,17,tempo_intensity,cnn,5252,21304,68d0e5f-dirty
Subject867,60,0.9661375661375662,0.9666666666666667,0.9666666666666667,recorded,6,17,tempo_intensity,cnn,5252,21304,68d0e5f-dirty
Subject969,30,0.7936507936507937,0.8333333333333334,0.8333333333333334,recorded,6,17,tempo_intensity,cnn,5252,21304,68d0e5f-dirty
Subject424,60,0.8211640211640211,0.85,0.85,new,6,17,plus_placement,cnn,5252,21229,68d0e5f-dirty
Subject455,60,0.8592592592592593,0.8833333333333333,0.8833333333333333,new,6,17,plus_placement,cnn,5252,21229,68d0e5f-dirty
Subject571,30,0.8755555555555555,0.9,0.9,new,6,17,plus_placement,cnn,5252,21229,68d0e5f-dirty
Subject819,60,0.8742857142857142,0.8833333333333333,0.8833333333333333,new,6,17,plus_placement,cnn,5252,21229,68d0e5f-dirty
Subject877,60,1.0,1.0,1.0,new,6,17,plus_placement,cnn,5252,21229,68d0e5f-dirty
Subject890,30,1.0,1.0,1.0,new,6,17,plus_placement,cnn,5252,21229,68d0e5f-dirty
Subject139,60,0.9418181818181818,0.95,0.95,recorded,6,17,plus_placement,cnn,5252,21229,68d0e5f-dirty
Subject147,31,0.9111111111111111,0.9333333333333333,0.9354838709677419,recorded,6,17,plus_placement,cnn,5252,21229,68d0e5f-dirty
Subject226,30,0.9066666666666667,0.9333333333333333,0.9333333333333333,recorded,6,17,plus_placement,cnn,5252,21229,68d0e5f-dirty
Subject352,30,0.8755555555555555,0.9,0.9,recorded,6,17,plus_placement,cnn,5252,21229,68d0e5f-dirty
Subject353,60,0.8605820105820106,0.8833333333333333,0.8833333333333333,recorded,6,17,plus_placement,cnn,5252,21229,68d0e5f-dirty
Subject354,60,0.9111111111111111,0.9333333333333333,0.9333333333333333,recorded,6,17,plus_placement,cnn,5252,21229,68d0e5f-dirty
Subject376,60,0.8603174603174604,0.8833333333333333,0.8833333333333333,recorded,6,17,plus_placement,cnn,5252,21229,68d0e5f-dirty
Subject494,60,0.9111111111111111,0.9166666666666666,0.9166666666666666,recorded,6,17,plus_placement,cnn,5252,21229,68d0e5f-dirty
Subject516,30,0.9644444444444444,0.9666666666666667,0.9666666666666667,recorded,6,17,plus_placement,cnn,5252,21229,68d0e5f-dirty
Subject561,60,1.0,1.0,1.0,recorded,6,17,plus_placement,cnn,5252,21229,68d0e5f-dirty
Subject580,90,0.9044437044437043,0.9111111111111111,0.9111111111111111,recorded,6,17,plus_placement,cnn,5252,21229,68d0e5f-dirty
Subject611,60,0.9312169312169313,0.9333333333333333,0.9333333333333333,recorded,6,17,plus_placement,cnn,5252,21229,68d0e5f-dirty
Subject729,60,1.0,1.0,1.0,recorded,6,17,plus_placement,cnn,5252,21229,68d0e5f-dirty
Subject731,30,1.0,1.0,1.0,recorded,6,17,plus_placement,cnn,5252,21229,68d0e5f-dirty
Subject741,60,0.911957671957672,0.9166666666666666,0.9166666666666666,recorded,6,17,plus_placement,cnn,5252,21229,68d0e5f-dirty
Subject867,60,0.8941798941798942,0.9166666666666666,0.9166666666666666,recorded,6,17,plus_placement,cnn,5252,21229,68d0e5f-dirty
Subject969,30,0.8222222222222222,0.8666666666666667,0.8666666666666667,recorded,6,17,plus_placement,cnn,5252,21229,68d0e5f-dirty
Subject353,60,0.4843578643578644,0.5666666666666667,0.5666666666666667,new,7,2,none,cnn,498,0,68d0e5f-dirty
Subject354,60,0.6863059163059163,0.7166666666666667,0.7166666666666667,new,7,2,none,cnn,498,0,68d0e5f-dirty
Subject455,60,0.7497017797017798,0.8,0.8,new,7,2,none,cnn,498,0,68d0e5f-dirty
Subject561,60,0.5105644682115271,0.6166666666666667,0.6166666666666667,new,7,2,none,cnn,498,0,68d0e5f-dirty
Subject729,60,0.7341991341991342,0.7833333333333333,0.7833333333333333,new,7,2,none,cnn,498,0,68d0e5f-dirty
Subject819,60,0.5313338513338512,0.6166666666666667,0.6166666666666667,new,7,2,none,cnn,498,0,68d0e5f-dirty
Subject147,31,0.9111111111111111,0.9333333333333333,0.9354838709677419,recorded,7,2,none,cnn,498,0,68d0e5f-dirty
Subject741,60,0.8328042328042327,0.85,0.85,recorded,7,2,none,cnn,498,0,68d0e5f-dirty
Subject353,60,0.5670033670033671,0.6333333333333333,0.6333333333333333,new,7,2,tempo_intensity,cnn,498,2004,68d0e5f-dirty
Subject354,60,0.6645695045695046,0.7,0.7,new,7,2,tempo_intensity,cnn,498,2004,68d0e5f-dirty
Subject455,60,0.7322558922558923,0.7833333333333333,0.7833333333333333,new,7,2,tempo_intensity,cnn,498,2004,68d0e5f-dirty
Subject561,60,0.5762626262626263,0.6666666666666666,0.6666666666666666,new,7,2,tempo_intensity,cnn,498,2004,68d0e5f-dirty
Subject729,60,0.7378451178451179,0.7833333333333333,0.7833333333333333,new,7,2,tempo_intensity,cnn,498,2004,68d0e5f-dirty
Subject819,60,0.5313338513338512,0.6166666666666667,0.6166666666666667,new,7,2,tempo_intensity,cnn,498,2004,68d0e5f-dirty
Subject147,31,0.8844444444444445,0.9111111111111111,0.9032258064516129,recorded,7,2,tempo_intensity,cnn,498,2004,68d0e5f-dirty
Subject741,60,0.8341895141895141,0.85,0.85,recorded,7,2,tempo_intensity,cnn,498,2004,68d0e5f-dirty
Subject353,60,0.6012372812372814,0.65,0.65,new,7,2,plus_placement,cnn,498,2054,68d0e5f-dirty
Subject354,60,0.7063247863247863,0.7333333333333333,0.7333333333333333,new,7,2,plus_placement,cnn,498,2054,68d0e5f-dirty
Subject455,60,0.6940067340067341,0.75,0.75,new,7,2,plus_placement,cnn,498,2054,68d0e5f-dirty
Subject561,60,0.5105644682115271,0.6166666666666667,0.6166666666666667,new,7,2,plus_placement,cnn,498,2054,68d0e5f-dirty
Subject729,60,0.7533333333333333,0.8,0.8,new,7,2,plus_placement,cnn,498,2054,68d0e5f-dirty
Subject819,60,0.5124786324786325,0.5833333333333334,0.5833333333333334,new,7,2,plus_placement,cnn,498,2054,68d0e5f-dirty
Subject147,31,0.9644444444444444,0.9666666666666667,0.967741935483871,recorded,7,2,plus_placement,cnn,498,2054,68d0e5f-dirty
Subject741,60,0.8476190476190477,0.8666666666666667,0.8666666666666667,recorded,7,2,plus_placement,cnn,498,2054,68d0e5f-dirty
Subject353,60,0.7546897546897547,0.8,0.8,new,7,4,none,cnn,1139,0,68d0e5f-dirty
Subject354,60,0.8516017316017316,0.8666666666666667,0.8666666666666667,new,7,4,none,cnn,1139,0,68d0e5f-dirty
Subject455,60,0.7466666666666666,0.7833333333333333,0.7833333333333333,new,7,4,none,cnn,1139,0,68d0e5f-dirty
Subject561,60,0.724040404040404,0.7666666666666667,0.7666666666666667,new,7,4,none,cnn,1139,0,68d0e5f-dirty
Subject729,60,0.8755555555555555,0.9,0.9,new,7,4,none,cnn,1139,0,68d0e5f-dirty
Subject819,60,0.7354689754689756,0.7833333333333333,0.7833333333333333,new,7,4,none,cnn,1139,0,68d0e5f-dirty
Subject139,60,0.7574277574277575,0.8,0.8,recorded,7,4,none,cnn,1139,0,68d0e5f-dirty
Subject147,31,0.9288888888888889,0.9333333333333333,0.9354838709677419,recorded,7,4,none,cnn,1139,0,68d0e5f-dirty
Subject611,60,0.9500721500721501,0.95,0.95,recorded,7,4,none,cnn,1139,0,68d0e5f-dirty
Subject741,60,0.8582010582010582,0.8666666666666667,0.8666666666666667,recorded,7,4,none,cnn,1139,0,68d0e5f-dirty
Subject353,60,0.7014955414955416,0.75,0.75,new,7,4,tempo_intensity,cnn,1139,4534,68d0e5f-dirty
Subject354,60,0.7777777777777778,0.8166666666666667,0.8166666666666667,new,7,4,tempo_intensity,cnn,1139,4534,68d0e5f-dirty
Subject455,60,0.8893314093314094,0.9,0.9,new,7,4,tempo_intensity,cnn,1139,4534,68d0e5f-dirty
Subject561,60,0.7439345839345839,0.7666666666666667,0.7666666666666667,new,7,4,tempo_intensity,cnn,1139,4534,68d0e5f-dirty
Subject729,60,0.8755555555555555,0.9,0.9,new,7,4,tempo_intensity,cnn,1139,4534,68d0e5f-dirty
Subject819,60,0.7053835053835054,0.7666666666666667,0.7666666666666667,new,7,4,tempo_intensity,cnn,1139,4534,68d0e5f-dirty
Subject139,60,0.7801587301587302,0.8166666666666667,0.8166666666666667,recorded,7,4,tempo_intensity,cnn,1139,4534,68d0e5f-dirty
Subject147,31,0.9288888888888889,0.9333333333333333,0.9354838709677419,recorded,7,4,tempo_intensity,cnn,1139,4534,68d0e5f-dirty
Subject611,60,0.9162097162097161,0.9166666666666666,0.9166666666666666,recorded,7,4,tempo_intensity,cnn,1139,4534,68d0e5f-dirty
Subject741,60,0.8785377585377584,0.8833333333333333,0.8833333333333333,recorded,7,4,tempo_intensity,cnn,1139,4534,68d0e5f-dirty
Subject353,60,0.7303896103896104,0.7666666666666667,0.7666666666666667,new,7,4,plus_placement,cnn,1139,4603,68d0e5f-dirty
Subject354,60,0.8336123136123136,0.85,0.85,new,7,4,plus_placement,cnn,1139,4603,68d0e5f-dirty
Subject455,60,0.7851851851851851,0.8333333333333334,0.8333333333333334,new,7,4,plus_placement,cnn,1139,4603,68d0e5f-dirty
Subject561,60,0.6711111111111111,0.7333333333333333,0.7333333333333333,new,7,4,plus_placement,cnn,1139,4603,68d0e5f-dirty
Subject729,60,0.8755555555555555,0.9,0.9,new,7,4,plus_placement,cnn,1139,4603,68d0e5f-dirty
Subject819,60,0.6465800865800866,0.7166666666666667,0.7166666666666667,new,7,4,plus_placement,cnn,1139,4603,68d0e5f-dirty
Subject139,60,0.7830891330891331,0.8166666666666667,0.8166666666666667,recorded,7,4,plus_placement,cnn,1139,4603,68d0e5f-dirty
Subject147,31,0.9288888888888889,0.9333333333333333,0.9354838709677419,recorded,7,4,plus_placement,cnn,1139,4603,68d0e5f-dirty
Subject611,60,0.7712554112554112,0.8,0.8,recorded,7,4,plus_placement,cnn,1139,4603,68d0e5f-dirty
Subject741,60,0.8748869648869649,0.8833333333333333,0.8833333333333333,recorded,7,4,plus_placement,cnn,1139,4603,68d0e5f-dirty
Subject353,60,0.7464357864357863,0.7666666666666667,0.7666666666666667,new,7,8,none,cnn,2570,0,68d0e5f-dirty
Subject354,60,0.7966329966329966,0.8333333333333334,0.8333333333333334,new,7,8,none,cnn,2570,0,68d0e5f-dirty
Subject455,60,0.7894179894179895,0.8166666666666667,0.8166666666666667,new,7,8,none,cnn,2570,0,68d0e5f-dirty
Subject561,60,0.7604425204425205,0.7833333333333333,0.7833333333333333,new,7,8,none,cnn,2570,0,68d0e5f-dirty
Subject729,60,0.8341125541125541,0.85,0.85,new,7,8,none,cnn,2570,0,68d0e5f-dirty
Subject819,60,0.7103030303030304,0.75,0.75,new,7,8,none,cnn,2570,0,68d0e5f-dirty
Subject139,60,0.7749879749879749,0.8166666666666667,0.8166666666666667,recorded,7,8,none,cnn,2570,0,68d0e5f-dirty
Subject147,31,0.9288888888888889,0.9333333333333333,0.9354838709677419,recorded,7,8,none,cnn,2570,0,68d0e5f-dirty
Subject226,30,0.7533333333333333,0.8,0.8,recorded,7,8,none,cnn,2570,0,68d0e5f-dirty
Subject516,30,0.9111111111111111,0.9333333333333333,0.9333333333333333,recorded,7,8,none,cnn,2570,0,68d0e5f-dirty
Subject571,30,0.8825396825396825,0.9,0.9,recorded,7,8,none,cnn,2570,0,68d0e5f-dirty
Subject611,60,0.7864742664742664,0.8166666666666667,0.8166666666666667,recorded,7,8,none,cnn,2570,0,68d0e5f-dirty
Subject741,60,0.8920634920634921,0.9,0.9,recorded,7,8,none,cnn,2570,0,68d0e5f-dirty
Subject969,30,0.7168253968253969,0.7666666666666667,0.7666666666666667,recorded,7,8,none,cnn,2570,0,68d0e5f-dirty
Subject353,60,0.7461375661375662,0.7666666666666667,0.7666666666666667,new,7,8,tempo_intensity,cnn,2570,10428,68d0e5f-dirty
Subject354,60,0.874074074074074,0.9,0.9,new,7,8,tempo_intensity,cnn,2570,10428,68d0e5f-dirty
Subject455,60,0.7788034188034187,0.8166666666666667,0.8166666666666667,new,7,8,tempo_intensity,cnn,2570,10428,68d0e5f-dirty
Subject561,60,0.7884848484848485,0.8166666666666667,0.8166666666666667,new,7,8,tempo_intensity,cnn,2570,10428,68d0e5f-dirty
Subject729,60,0.8707070707070709,0.8833333333333333,0.8833333333333333,new,7,8,tempo_intensity,cnn,2570,10428,68d0e5f-dirty
Subject819,60,0.7155422355422356,0.7666666666666667,0.7666666666666667,new,7,8,tempo_intensity,cnn,2570,10428,68d0e5f-dirty
Subject139,60,0.8434054834054834,0.8666666666666667,0.8666666666666667,recorded,7,8,tempo_intensity,cnn,2570,10428,68d0e5f-dirty
Subject147,31,0.9377777777777777,0.9444444444444444,0.9354838709677419,recorded,7,8,tempo_intensity,cnn,2570,10428,68d0e5f-dirty
Subject226,30,0.8066666666666668,0.8333333333333334,0.8333333333333334,recorded,7,8,tempo_intensity,cnn,2570,10428,68d0e5f-dirty
Subject516,30,0.9311111111111111,0.9333333333333333,0.9333333333333333,recorded,7,8,tempo_intensity,cnn,2570,10428,68d0e5f-dirty
Subject571,30,0.8825396825396825,0.9,0.9,recorded,7,8,tempo_intensity,cnn,2570,10428,68d0e5f-dirty
Subject611,60,0.8497739297739297,0.8666666666666667,0.8666666666666667,recorded,7,8,tempo_intensity,cnn,2570,10428,68d0e5f-dirty
Subject741,60,0.9293650793650793,0.9333333333333333,0.9333333333333333,recorded,7,8,tempo_intensity,cnn,2570,10428,68d0e5f-dirty
Subject969,30,0.8533333333333334,0.8666666666666667,0.8666666666666667,recorded,7,8,tempo_intensity,cnn,2570,10428,68d0e5f-dirty
Subject353,60,0.7659980759980761,0.8,0.8,new,7,8,plus_placement,cnn,2570,10370,68d0e5f-dirty
Subject354,60,0.8034054834054835,0.85,0.85,new,7,8,plus_placement,cnn,2570,10370,68d0e5f-dirty
Subject455,60,0.752136752136752,0.8,0.8,new,7,8,plus_placement,cnn,2570,10370,68d0e5f-dirty
Subject561,60,0.8351515151515152,0.85,0.85,new,7,8,plus_placement,cnn,2570,10370,68d0e5f-dirty
Subject729,60,0.8359980759980761,0.8666666666666667,0.8666666666666667,new,7,8,plus_placement,cnn,2570,10370,68d0e5f-dirty
Subject819,60,0.7158393458393458,0.7833333333333333,0.7833333333333333,new,7,8,plus_placement,cnn,2570,10370,68d0e5f-dirty
Subject139,60,0.8893650793650794,0.9,0.9,recorded,7,8,plus_placement,cnn,2570,10370,68d0e5f-dirty
Subject147,31,0.8755555555555555,0.9,0.9032258064516129,recorded,7,8,plus_placement,cnn,2570,10370,68d0e5f-dirty
Subject226,30,0.8469841269841271,0.8666666666666667,0.8666666666666667,recorded,7,8,plus_placement,cnn,2570,10370,68d0e5f-dirty
Subject516,30,0.9644444444444444,0.9666666666666667,0.9666666666666667,recorded,7,8,plus_placement,cnn,2570,10370,68d0e5f-dirty
Subject571,30,0.9644444444444444,0.9666666666666667,0.9666666666666667,recorded,7,8,plus_placement,cnn,2570,10370,68d0e5f-dirty
Subject611,60,0.7167388167388167,0.75,0.75,recorded,7,8,plus_placement,cnn,2570,10370,68d0e5f-dirty
Subject741,60,0.8111314611314611,0.8333333333333334,0.8333333333333334,recorded,7,8,plus_placement,cnn,2570,10370,68d0e5f-dirty
Subject969,30,0.8888888888888888,0.9,0.9,recorded,7,8,plus_placement,cnn,2570,10370,68d0e5f-dirty
Subject353,60,0.7870899470899472,0.8,0.8,new,7,17,none,cnn,5161,0,68d0e5f-dirty
Subject354,60,0.9830687830687831,0.9833333333333333,0.9833333333333333,new,7,17,none,cnn,5161,0,68d0e5f-dirty
Subject455,60,0.873015873015873,0.8833333333333333,0.8833333333333333,new,7,17,none,cnn,5161,0,68d0e5f-dirty
Subject561,60,0.8148340548340549,0.8333333333333334,0.8333333333333334,new,7,17,none,cnn,5161,0,68d0e5f-dirty
Subject729,60,0.8950264550264551,0.9,0.9,new,7,17,none,cnn,5161,0,68d0e5f-dirty
Subject819,60,0.8107610907610907,0.8333333333333334,0.8333333333333334,new,7,17,none,cnn,5161,0,68d0e5f-dirty
Subject139,60,0.9475132275132275,0.95,0.95,recorded,7,17,none,cnn,5161,0,68d0e5f-dirty
Subject147,31,0.9644444444444444,0.9666666666666667,0.967741935483871,recorded,7,17,none,cnn,5161,0,68d0e5f-dirty
Subject226,30,0.8955555555555554,0.9,0.9,recorded,7,17,none,cnn,5161,0,68d0e5f-dirty
Subject352,30,0.8755555555555555,0.9,0.9,recorded,7,17,none,cnn,5161,0,68d0e5f-dirty
Subject376,60,0.9158730158730158,0.9166666666666666,0.9166666666666666,recorded,7,17,none,cnn,5161,0,68d0e5f-dirty
Subject424,60,0.8914285714285715,0.9,0.9,recorded,7,17,none,cnn,5161,0,68d0e5f-dirty
Subject494,60,0.9111111111111111,0.9333333333333333,0.9333333333333333,recorded,7,17,none,cnn,5161,0,68d0e5f-dirty
Subject516,30,0.9644444444444444,0.9666666666666667,0.9666666666666667,recorded,7,17,none,cnn,5161,0,68d0e5f-dirty
Subject571,30,0.9644444444444444,0.9666666666666667,0.9666666666666667,recorded,7,17,none,cnn,5161,0,68d0e5f-dirty
Subject580,90,0.8853479853479853,0.888888888888889,0.8888888888888888,recorded,7,17,none,cnn,5161,0,68d0e5f-dirty
Subject611,60,0.9830687830687831,0.9833333333333333,0.9833333333333333,recorded,7,17,none,cnn,5161,0,68d0e5f-dirty
Subject731,30,0.8755555555555555,0.9,0.9,recorded,7,17,none,cnn,5161,0,68d0e5f-dirty
Subject741,60,0.9316402116402116,0.9333333333333333,0.9333333333333333,recorded,7,17,none,cnn,5161,0,68d0e5f-dirty
Subject867,60,0.9830687830687831,0.9833333333333333,0.9833333333333333,recorded,7,17,none,cnn,5161,0,68d0e5f-dirty
Subject877,60,1.0,1.0,1.0,recorded,7,17,none,cnn,5161,0,68d0e5f-dirty
Subject890,30,0.8755555555555555,0.9,0.9,recorded,7,17,none,cnn,5161,0,68d0e5f-dirty
Subject969,30,0.8380952380952381,0.8666666666666667,0.8666666666666667,recorded,7,17,none,cnn,5161,0,68d0e5f-dirty
Subject353,60,0.7712554112554114,0.7833333333333333,0.7833333333333333,new,7,17,tempo_intensity,cnn,5161,20829,68d0e5f-dirty
Subject354,60,0.9066666666666666,0.9166666666666666,0.9166666666666666,new,7,17,tempo_intensity,cnn,5161,20829,68d0e5f-dirty
Subject455,60,0.9223280423280423,0.9333333333333333,0.9333333333333333,new,7,17,tempo_intensity,cnn,5161,20829,68d0e5f-dirty
Subject561,60,0.7982905982905982,0.8166666666666667,0.8166666666666667,new,7,17,tempo_intensity,cnn,5161,20829,68d0e5f-dirty
Subject729,60,0.9305820105820106,0.9333333333333333,0.9333333333333333,new,7,17,tempo_intensity,cnn,5161,20829,68d0e5f-dirty
Subject819,60,0.8455218855218855,0.8666666666666667,0.8666666666666667,new,7,17,tempo_intensity,cnn,5161,20829,68d0e5f-dirty
Subject139,60,1.0,1.0,1.0,recorded,7,17,tempo_intensity,cnn,5161,20829,68d0e5f-dirty
Subject147,31,0.9288888888888889,0.9333333333333333,0.9354838709677419,recorded,7,17,tempo_intensity,cnn,5161,20829,68d0e5f-dirty
Subject226,30,0.851111111111111,0.8666666666666667,0.8666666666666667,recorded,7,17,tempo_intensity,cnn,5161,20829,68d0e5f-dirty
Subject352,30,0.7333333333333333,0.7666666666666667,0.7666666666666667,recorded,7,17,tempo_intensity,cnn,5161,20829,68d0e5f-dirty
Subject376,60,0.9481481481481481,0.95,0.95,recorded,7,17,tempo_intensity,cnn,5161,20829,68d0e5f-dirty
Subject424,60,0.8981684981684982,0.9166666666666666,0.9166666666666666,recorded,7,17,tempo_intensity,cnn,5161,20829,68d0e5f-dirty
Subject494,60,0.88,0.9,0.9,recorded,7,17,tempo_intensity,cnn,5161,20829,68d0e5f-dirty
Subject516,30,0.9644444444444444,0.9666666666666667,0.9666666666666667,recorded,7,17,tempo_intensity,cnn,5161,20829,68d0e5f-dirty
Subject571,30,0.9111111111111111,0.9333333333333333,0.9333333333333333,recorded,7,17,tempo_intensity,cnn,5161,20829,68d0e5f-dirty
Subject580,90,0.8519240019240019,0.8555555555555556,0.8555555555555555,recorded,7,17,tempo_intensity,cnn,5161,20829,68d0e5f-dirty
Subject611,60,0.9661375661375663,0.9666666666666667,0.9666666666666667,recorded,7,17,tempo_intensity,cnn,5161,20829,68d0e5f-dirty
Subject731,30,0.9644444444444444,0.9666666666666667,0.9666666666666667,recorded,7,17,tempo_intensity,cnn,5161,20829,68d0e5f-dirty
Subject741,60,0.9830687830687831,0.9833333333333333,0.9833333333333333,recorded,7,17,tempo_intensity,cnn,5161,20829,68d0e5f-dirty
Subject867,60,0.9664021164021165,0.9666666666666667,0.9666666666666667,recorded,7,17,tempo_intensity,cnn,5161,20829,68d0e5f-dirty
Subject877,60,0.9830687830687831,0.9833333333333333,0.9833333333333333,recorded,7,17,tempo_intensity,cnn,5161,20829,68d0e5f-dirty
Subject890,30,0.8933333333333334,0.9,0.9,recorded,7,17,tempo_intensity,cnn,5161,20829,68d0e5f-dirty
Subject969,30,0.8088888888888889,0.8333333333333334,0.8333333333333334,recorded,7,17,tempo_intensity,cnn,5161,20829,68d0e5f-dirty
Subject353,60,0.8797883597883598,0.8833333333333333,0.8833333333333333,new,7,17,plus_placement,cnn,5161,20977,68d0e5f-dirty
Subject354,60,0.9644444444444444,0.9666666666666667,0.9666666666666667,new,7,17,plus_placement,cnn,5161,20977,68d0e5f-dirty
Subject455,60,0.9311111111111111,0.9333333333333333,0.9333333333333333,new,7,17,plus_placement,cnn,5161,20977,68d0e5f-dirty
Subject561,60,0.8744973544973546,0.8833333333333333,0.8833333333333333,new,7,17,plus_placement,cnn,5161,20977,68d0e5f-dirty
Subject729,60,0.9830687830687831,0.9833333333333333,0.9833333333333333,new,7,17,plus_placement,cnn,5161,20977,68d0e5f-dirty
Subject819,60,0.9661375661375662,0.9666666666666667,0.9666666666666667,new,7,17,plus_placement,cnn,5161,20977,68d0e5f-dirty
Subject139,60,1.0,1.0,1.0,recorded,7,17,plus_placement,cnn,5161,20977,68d0e5f-dirty
Subject147,31,0.9644444444444444,0.9666666666666667,0.967741935483871,recorded,7,17,plus_placement,cnn,5161,20977,68d0e5f-dirty
Subject226,30,0.9288888888888889,0.9333333333333333,0.9333333333333333,recorded,7,17,plus_placement,cnn,5161,20977,68d0e5f-dirty
Subject352,30,0.8755555555555555,0.9,0.9,recorded,7,17,plus_placement,cnn,5161,20977,68d0e5f-dirty
Subject376,60,0.8541798941798943,0.8666666666666667,0.8666666666666667,recorded,7,17,plus_placement,cnn,5161,20977,68d0e5f-dirty
Subject424,60,0.8603174603174604,0.8833333333333333,0.8833333333333333,recorded,7,17,plus_placement,cnn,5161,20977,68d0e5f-dirty
Subject494,60,0.88,0.9,0.9,recorded,7,17,plus_placement,cnn,5161,20977,68d0e5f-dirty
Subject516,30,0.9644444444444444,0.9666666666666667,0.9666666666666667,recorded,7,17,plus_placement,cnn,5161,20977,68d0e5f-dirty
Subject571,30,0.9111111111111111,0.9333333333333333,0.9333333333333333,recorded,7,17,plus_placement,cnn,5161,20977,68d0e5f-dirty
Subject580,90,0.9102630702630702,0.9111111111111111,0.9111111111111111,recorded,7,17,plus_placement,cnn,5161,20977,68d0e5f-dirty
Subject611,60,1.0,1.0,1.0,recorded,7,17,plus_placement,cnn,5161,20977,68d0e5f-dirty
Subject731,30,1.0,1.0,1.0,recorded,7,17,plus_placement,cnn,5161,20977,68d0e5f-dirty
Subject741,60,0.9830687830687831,0.9833333333333333,0.9833333333333333,recorded,7,17,plus_placement,cnn,5161,20977,68d0e5f-dirty
Subject867,60,0.9259259259259258,0.9333333333333333,0.9333333333333333,recorded,7,17,plus_placement,cnn,5161,20977,68d0e5f-dirty
Subject877,60,1.0,1.0,1.0,recorded,7,17,plus_placement,cnn,5161,20977,68d0e5f-dirty
Subject890,30,1.0,1.0,1.0,recorded,7,17,plus_placement,cnn,5161,20977,68d0e5f-dirty
Subject969,30,0.7977777777777777,0.8333333333333334,0.8333333333333334,recorded,7,17,plus_placement,cnn,5161,20977,68d0e5f-dirty
Subject352,30,0.5777777777777778,0.6333333333333333,0.6333333333333333,new,8,2,none,cnn,606,0,68d0e5f-dirty
Subject376,60,0.4281481481481481,0.5,0.5,new,8,2,none,cnn,606,0,68d0e5f-dirty
Subject494,60,0.4844107744107744,0.5666666666666667,0.5666666666666667,new,8,2,none,cnn,606,0,68d0e5f-dirty
Subject561,60,0.45470899470899473,0.55,0.55,new,8,2,none,cnn,606,0,68d0e5f-dirty
Subject571,30,0.4677248677248677,0.5666666666666667,0.5666666666666667,new,8,2,none,cnn,606,0,68d0e5f-dirty
Subject969,30,0.43555555555555553,0.5333333333333333,0.5333333333333333,new,8,2,none,cnn,606,0,68d0e5f-dirty
Subject455,60,0.9089947089947089,0.9166666666666666,0.9166666666666666,recorded,8,2,none,cnn,606,0,68d0e5f-dirty
Subject729,60,0.9111111111111111,0.9333333333333333,0.9333333333333333,recorded,8,2,none,cnn,606,0,68d0e5f-dirty
Subject352,30,0.6311111111111111,0.6666666666666666,0.6666666666666666,new,8,2,tempo_intensity,cnn,606,2381,68d0e5f-dirty
Subject376,60,0.33999999999999997,0.4166666666666667,0.4166666666666667,new,8,2,tempo_intensity,cnn,606,2381,68d0e5f-dirty
Subject494,60,0.43737484737484744,0.5333333333333333,0.5333333333333333,new,8,2,tempo_intensity,cnn,606,2381,68d0e5f-dirty
Subject561,60,0.38363636363636366,0.5,0.5,new,8,2,tempo_intensity,cnn,606,2381,68d0e5f-dirty
Subject571,30,0.5074074074074074,0.6,0.6,new,8,2,tempo_intensity,cnn,606,2381,68d0e5f-dirty
Subject969,30,0.48000000000000004,0.5666666666666667,0.5666666666666667,new,8,2,tempo_intensity,cnn,606,2381,68d0e5f-dirty
Subject455,60,0.8956228956228957,0.9166666666666666,0.9166666666666666,recorded,8,2,tempo_intensity,cnn,606,2381,68d0e5f-dirty
Subject729,60,0.8812890812890813,0.9,0.9,recorded,8,2,tempo_intensity,cnn,606,2381,68d0e5f-dirty
Subject352,30,0.6222222222222222,0.7,0.7,new,8,2,plus_placement,cnn,606,2447,68d0e5f-dirty
Subject376,60,0.35777777777777775,0.43333333333333335,0.43333333333333335,new,8,2,plus_placement,cnn,606,2447,68d0e5f-dirty
Subject494,60,0.5043253043253044,0.6,0.6,new,8,2,plus_placement,cnn,606,2447,68d0e5f-dirty
Subject561,60,0.3802175602175603,0.5,0.5,new,8,2,plus_placement,cnn,606,2447,68d0e5f-dirty
Subject571,30,0.5044444444444445,0.6,0.6,new,8,2,plus_placement,cnn,606,2447,68d0e5f-dirty
Subject969,30,0.48000000000000004,0.5666666666666667,0.5666666666666667,new,8,2,plus_placement,cnn,606,2447,68d0e5f-dirty
Subject455,60,0.9248869648869648,0.9333333333333333,0.9333333333333333,recorded,8,2,plus_placement,cnn,606,2447,68d0e5f-dirty
Subject729,60,0.8941798941798942,0.9166666666666666,0.9166666666666666,recorded,8,2,plus_placement,cnn,606,2447,68d0e5f-dirty
Subject352,30,0.6533333333333334,0.7,0.7,new,8,4,none,cnn,1093,0,68d0e5f-dirty
Subject376,60,0.6118796992481204,0.6666666666666666,0.6666666666666666,new,8,4,none,cnn,1093,0,68d0e5f-dirty
Subject494,60,0.6162626262626263,0.6666666666666666,0.6666666666666666,new,8,4,none,cnn,1093,0,68d0e5f-dirty
Subject561,60,0.6555555555555554,0.7333333333333333,0.7333333333333333,new,8,4,none,cnn,1093,0,68d0e5f-dirty
Subject571,30,0.5777777777777777,0.6666666666666666,0.6666666666666666,new,8,4,none,cnn,1093,0,68d0e5f-dirty
Subject969,30,0.48000000000000004,0.5666666666666667,0.5666666666666667,new,8,4,none,cnn,1093,0,68d0e5f-dirty
Subject455,60,1.0,1.0,1.0,recorded,8,4,none,cnn,1093,0,68d0e5f-dirty
Subject729,60,0.8497354497354498,0.8666666666666667,0.8666666666666667,recorded,8,4,none,cnn,1093,0,68d0e5f-dirty
Subject741,60,0.8982202982202981,0.9,0.9,recorded,8,4,none,cnn,1093,0,68d0e5f-dirty
Subject867,60,0.7997557997557998,0.8333333333333334,0.8333333333333334,recorded,8,4,none,cnn,1093,0,68d0e5f-dirty
Subject352,30,0.7200000000000001,0.7666666666666667,0.7666666666666667,new,8,4,tempo_intensity,cnn,1093,4424,68d0e5f-dirty
Subject376,60,0.6380392156862745,0.6833333333333333,0.6833333333333333,new,8,4,tempo_intensity,cnn,1093,4424,68d0e5f-dirty
Subject494,60,0.6364213564213564,0.6833333333333333,0.6833333333333333,new,8,4,tempo_intensity,cnn,1093,4424,68d0e5f-dirty
Subject561,60,0.6521885521885522,0.7333333333333333,0.7333333333333333,new,8,4,tempo_intensity,cnn,1093,4424,68d0e5f-dirty
Subject571,30,0.5822222222222222,0.6666666666666666,0.6666666666666666,new,8,4,tempo_intensity,cnn,1093,4424,68d0e5f-dirty
Subject969,30,0.48000000000000004,0.5666666666666667,0.5666666666666667,new,8,4,tempo_intensity,cnn,1093,4424,68d0e5f-dirty
Subject455,60,0.9644444444444444,0.9666666666666667,0.9666666666666667,recorded,8,4,tempo_intensity,cnn,1093,4424,68d0e5f-dirty
Subject729,60,0.8311111111111111,0.85,0.85,recorded,8,4,tempo_intensity,cnn,1093,4424,68d0e5f-dirty
Subject741,60,0.8605483405483406,0.8666666666666667,0.8666666666666667,recorded,8,4,tempo_intensity,cnn,1093,4424,68d0e5f-dirty
Subject867,60,0.8393650793650793,0.8666666666666667,0.8666666666666667,recorded,8,4,tempo_intensity,cnn,1093,4424,68d0e5f-dirty
Subject352,30,0.7511111111111111,0.8,0.8,new,8,4,plus_placement,cnn,1093,4451,68d0e5f-dirty
Subject376,60,0.6494987468671679,0.7,0.7,new,8,4,plus_placement,cnn,1093,4451,68d0e5f-dirty
Subject494,60,0.7364886964886964,0.7666666666666667,0.7666666666666667,new,8,4,plus_placement,cnn,1093,4451,68d0e5f-dirty
Subject561,60,0.6521885521885522,0.7333333333333333,0.7333333333333333,new,8,4,plus_placement,cnn,1093,4451,68d0e5f-dirty
Subject571,30,0.5777777777777777,0.6666666666666666,0.6666666666666666,new,8,4,plus_placement,cnn,1093,4451,68d0e5f-dirty
Subject969,30,0.48000000000000004,0.5666666666666667,0.5666666666666667,new,8,4,plus_placement,cnn,1093,4451,68d0e5f-dirty
Subject455,60,0.9392592592592593,0.95,0.95,recorded,8,4,plus_placement,cnn,1093,4451,68d0e5f-dirty
Subject729,60,0.9308465608465608,0.9333333333333333,0.9333333333333333,recorded,8,4,plus_placement,cnn,1093,4451,68d0e5f-dirty
Subject741,60,0.8783261183261184,0.8833333333333333,0.8833333333333333,recorded,8,4,plus_placement,cnn,1093,4451,68d0e5f-dirty
Subject867,60,0.9062626262626262,0.9166666666666666,0.9166666666666666,recorded,8,4,plus_placement,cnn,1093,4451,68d0e5f-dirty
Subject352,30,0.8044444444444444,0.8333333333333334,0.8333333333333334,new,8,8,none,cnn,2407,0,68d0e5f-dirty
Subject376,60,0.7253102453102452,0.75,0.75,new,8,8,none,cnn,2407,0,68d0e5f-dirty
Subject494,60,0.5881337181337183,0.65,0.65,new,8,8,none,cnn,2407,0,68d0e5f-dirty
Subject561,60,0.7170237170237169,0.7833333333333333,0.7833333333333333,new,8,8,none,cnn,2407,0,68d0e5f-dirty
Subject571,30,0.6355555555555557,0.7,0.7,new,8,8,none,cnn,2407,0,68d0e5f-dirty
Subject969,30,0.4474074074074074,0.5333333333333333,0.5333333333333333,new,8,8,none,cnn,2407,0,68d0e5f-dirty
Subject353,60,0.8808465608465609,0.8833333333333333,0.8833333333333333,recorded,8,8,none,cnn,2407,0,68d0e5f-dirty
Subject455,60,1.0,1.0,1.0,recorded,8,8,none,cnn,2407,0,68d0e5f-dirty
Subject580,90,0.8738039738039737,0.8777777777777779,0.8777777777777778,recorded,8,8,none,cnn,2407,0,68d0e5f-dirty
Subject729,60,0.9830687830687831,0.9833333333333333,0.9833333333333333,recorded,8,8,none,cnn,2407,0,68d0e5f-dirty
Subject731,30,0.8555555555555555,0.8666666666666667,0.8666666666666667,recorded,8,8,none,cnn,2407,0,68d0e5f-dirty
Subject741,60,0.962962962962963,0.9666666666666667,0.9666666666666667,recorded,8,8,none,cnn,2407,0,68d0e5f-dirty
Subject819,60,0.8611314611314611,0.8833333333333333,0.8833333333333333,recorded,8,8,none,cnn,2407,0,68d0e5f-dirty
Subject867,60,0.9475132275132275,0.95,0.95,recorded,8,8,none,cnn,2407,0,68d0e5f-dirty
Subject352,30,0.7358730158730159,0.7666666666666667,0.7666666666666667,new,8,8,tempo_intensity,cnn,2407,9640,68d0e5f-dirty
Subject376,60,0.7066666666666667,0.7166666666666667,0.7166666666666667,new,8,8,tempo_intensity,cnn,2407,9640,68d0e5f-dirty
Subject494,60,0.5874795574795575,0.65,0.65,new,8,8,tempo_intensity,cnn,2407,9640,68d0e5f-dirty
Subject561,60,0.7087697487697487,0.7666666666666667,0.7666666666666667,new,8,8,tempo_intensity,cnn,2407,9640,68d0e5f-dirty
Subject571,30,0.6711111111111111,0.7333333333333333,0.7333333333333333,new,8,8,tempo_intensity,cnn,2407,9640,68d0e5f-dirty
Subject969,30,0.5140740740740741,0.6,0.6,new,8,8,tempo_intensity,cnn,2407,9640,68d0e5f-dirty
Subject353,60,0.8878499278499278,0.9,0.9,recorded,8,8,tempo_intensity,cnn,2407,9640,68d0e5f-dirty
Subject455,60,1.0,1.0,1.0,recorded,8,8,tempo_intensity,cnn,2407,9640,68d0e5f-dirty
Subject580,90,0.9297147297147297,0.9333333333333335,0.9333333333333333,recorded,8,8,tempo_intensity,cnn,2407,9640,68d0e5f-dirty
Subject729,60,0.9830687830687831,0.9833333333333333,0.9833333333333333,recorded,8,8,tempo_intensity,cnn,2407,9640,68d0e5f-dirty
Subject731,30,0.8555555555555555,0.8666666666666667,0.8666666666666667,recorded,8,8,tempo_intensity,cnn,2407,9640,68d0e5f-dirty
Subject741,60,0.946031746031746,0.95,0.95,recorded,8,8,tempo_intensity,cnn,2407,9640,68d0e5f-dirty
Subject819,60,0.8772486772486773,0.9,0.9,recorded,8,8,tempo_intensity,cnn,2407,9640,68d0e5f-dirty
Subject867,60,0.9312169312169313,0.9333333333333333,0.9333333333333333,recorded,8,8,tempo_intensity,cnn,2407,9640,68d0e5f-dirty
Subject352,30,0.7644444444444445,0.8,0.8,new,8,8,plus_placement,cnn,2407,9805,68d0e5f-dirty
Subject376,60,0.6698989898989899,0.7,0.7,new,8,8,plus_placement,cnn,2407,9805,68d0e5f-dirty
Subject494,60,0.6409994683678893,0.7,0.7,new,8,8,plus_placement,cnn,2407,9805,68d0e5f-dirty
Subject561,60,0.8008465608465608,0.85,0.85,new,8,8,plus_placement,cnn,2407,9805,68d0e5f-dirty
Subject571,30,0.7444444444444444,0.8,0.8,new,8,8,plus_placement,cnn,2407,9805,68d0e5f-dirty
Subject969,30,0.5111111111111111,0.6,0.6,new,8,8,plus_placement,cnn,2407,9805,68d0e5f-dirty
Subject353,60,0.9305820105820106,0.9333333333333333,0.9333333333333333,recorded,8,8,plus_placement,cnn,2407,9805,68d0e5f-dirty
Subject455,60,1.0,1.0,1.0,recorded,8,8,plus_placement,cnn,2407,9805,68d0e5f-dirty
Subject580,90,0.9178909978909978,0.9222222222222223,0.9222222222222223,recorded,8,8,plus_placement,cnn,2407,9805,68d0e5f-dirty
Subject729,60,0.9830687830687831,0.9833333333333333,0.9833333333333333,recorded,8,8,plus_placement,cnn,2407,9805,68d0e5f-dirty
Subject731,30,0.9644444444444444,0.9666666666666667,0.9666666666666667,recorded,8,8,plus_placement,cnn,2407,9805,68d0e5f-dirty
Subject741,60,0.8984848484848484,0.9166666666666666,0.9166666666666666,recorded,8,8,plus_placement,cnn,2407,9805,68d0e5f-dirty
Subject819,60,0.8585858585858586,0.8833333333333333,0.8833333333333333,recorded,8,8,plus_placement,cnn,2407,9805,68d0e5f-dirty
Subject867,60,0.8541798941798943,0.8666666666666667,0.8666666666666667,recorded,8,8,plus_placement,cnn,2407,9805,68d0e5f-dirty
Subject352,30,0.8444444444444444,0.8666666666666667,0.8666666666666667,new,8,17,none,cnn,4929,0,68d0e5f-dirty
Subject376,60,0.9177777777777777,0.9166666666666666,0.9166666666666666,new,8,17,none,cnn,4929,0,68d0e5f-dirty
Subject494,60,0.7124531024531024,0.7333333333333333,0.7333333333333333,new,8,17,none,cnn,4929,0,68d0e5f-dirty
Subject561,60,0.7923483923483924,0.8333333333333334,0.8333333333333334,new,8,17,none,cnn,4929,0,68d0e5f-dirty
Subject571,30,0.7444444444444444,0.8,0.8,new,8,17,none,cnn,4929,0,68d0e5f-dirty
Subject969,30,0.6851851851851852,0.7333333333333333,0.7333333333333333,new,8,17,none,cnn,4929,0,68d0e5f-dirty
Subject139,60,0.9475132275132275,0.95,0.95,recorded,8,17,none,cnn,4929,0,68d0e5f-dirty
Subject147,31,0.9644444444444444,0.9666666666666667,0.967741935483871,recorded,8,17,none,cnn,4929,0,68d0e5f-dirty
Subject226,30,0.9333333333333332,0.9333333333333333,0.9333333333333333,recorded,8,17,none,cnn,4929,0,68d0e5f-dirty
Subject353,60,0.9316402116402116,0.9333333333333333,0.9333333333333333,recorded,8,17,none,cnn,4929,0,68d0e5f-dirty
Subject354,60,0.9644444444444444,0.9666666666666667,0.9666666666666667,recorded,8,17,none,cnn,4929,0,68d0e5f-dirty
Subject424,60,0.8996825396825396,0.9,0.9,recorded,8,17,none,cnn,4929,0,68d0e5f-dirty
Subject455,60,1.0,1.0,1.0,recorded,8,17,none,cnn,4929,0,68d0e5f-dirty
Subject516,30,0.9111111111111111,0.9333333333333333,0.9333333333333333,recorded,8,17,none,cnn,4929,0,68d0e5f-dirty
Subject580,90,0.9664335664335664,0.9666666666666668,0.9666666666666667,recorded,8,17,none,cnn,4929,0,68d0e5f-dirty
Subject611,60,0.9661375661375663,0.9666666666666667,0.9666666666666667,recorded,8,17,none,cnn,4929,0,68d0e5f-dirty
Subject729,60,0.9644444444444444,0.9666666666666667,0.9666666666666667,recorded,8,17,none,cnn,4929,0,68d0e5f-dirty
Subject731,30,0.9644444444444444,0.9666666666666667,0.9666666666666667,recorded,8,17,none,cnn,4929,0,68d0e5f-dirty
Subject741,60,0.9661375661375663,0.9666666666666667,0.9666666666666667,recorded,8,17,none,cnn,4929,0,68d0e5f-dirty
Subject819,60,0.8626129426129426,0.8833333333333333,0.8833333333333333,recorded,8,17,none,cnn,4929,0,68d0e5f-dirty
Subject867,60,0.9311111111111111,0.9333333333333333,0.9333333333333333,recorded,8,17,none,cnn,4929,0,68d0e5f-dirty
Subject877,60,1.0,1.0,1.0,recorded,8,17,none,cnn,4929,0,68d0e5f-dirty
Subject890,30,0.9644444444444444,0.9666666666666667,0.9666666666666667,recorded,8,17,none,cnn,4929,0,68d0e5f-dirty
Subject352,30,0.8158730158730159,0.8333333333333334,0.8333333333333334,new,8,17,tempo_intensity,cnn,4929,19977,68d0e5f-dirty
Subject376,60,0.8355555555555555,0.8666666666666667,0.8666666666666667,new,8,17,tempo_intensity,cnn,4929,19977,68d0e5f-dirty
Subject494,60,0.7000470874155086,0.7333333333333333,0.7333333333333333,new,8,17,tempo_intensity,cnn,4929,19977,68d0e5f-dirty
Subject561,60,0.8052910052910053,0.85,0.85,new,8,17,tempo_intensity,cnn,4929,19977,68d0e5f-dirty
Subject571,30,0.7936507936507937,0.8333333333333334,0.8333333333333334,new,8,17,tempo_intensity,cnn,4929,19977,68d0e5f-dirty
Subject969,30,0.5185185185185185,0.6,0.6,new,8,17,tempo_intensity,cnn,4929,19977,68d0e5f-dirty
Subject139,60,0.8941798941798942,0.9166666666666666,0.9166666666666666,recorded,8,17,tempo_intensity,cnn,4929,19977,68d0e5f-dirty
Subject147,31,0.9288888888888889,0.9333333333333333,0.9354838709677419,recorded,8,17,tempo_intensity,cnn,4929,19977,68d0e5f-dirty
Subject226,30,0.8825396825396825,0.9,0.9,recorded,8,17,tempo_intensity,cnn,4929,19977,68d0e5f-dirty
Subject353,60,0.8986772486772486,0.9,0.9,recorded,8,17,tempo_intensity,cnn,4929,19977,68d0e5f-dirty
Subject354,60,0.9830687830687831,0.9833333333333333,0.9833333333333333,recorded,8,17,tempo_intensity,cnn,4929,19977,68d0e5f-dirty
Subject424,60,0.7963241436925647,0.8166666666666667,0.8166666666666667,recorded,8,17,tempo_intensity,cnn,4929,19977,68d0e5f-dirty
Subject455,60,0.9830687830687831,0.9833333333333333,0.9833333333333333,recorded,8,17,tempo_intensity,cnn,4929,19977,68d0e5f-dirty
Subject516,30,0.9111111111111111,0.9333333333333333,0.9333333333333333,recorded,8,17,tempo_intensity,cnn,4929,19977,68d0e5f-dirty
Subject580,90,0.9339860139860139,0.9333333333333335,0.9333333333333333,recorded,8,17,tempo_intensity,cnn,4929,19977,68d0e5f-dirty
Subject611,60,0.9475132275132274,0.95,0.95,recorded,8,17,tempo_intensity,cnn,4929,19977,68d0e5f-dirty
Subject729,60,0.9475132275132274,0.95,0.95,recorded,8,17,tempo_intensity,cnn,4929,19977,68d0e5f-dirty
Subject731,30,0.9644444444444444,0.9666666666666667,0.9666666666666667,recorded,8,17,tempo_intensity,cnn,4929,19977,68d0e5f-dirty
Subject741,60,0.962962962962963,0.9666666666666667,0.9666666666666667,recorded,8,17,tempo_intensity,cnn,4929,19977,68d0e5f-dirty
Subject819,60,0.8941798941798942,0.9166666666666666,0.9166666666666666,recorded,8,17,tempo_intensity,cnn,4929,19977,68d0e5f-dirty
Subject867,60,0.9664021164021165,0.9666666666666667,0.9666666666666667,recorded,8,17,tempo_intensity,cnn,4929,19977,68d0e5f-dirty
Subject877,60,0.9830687830687831,0.9833333333333333,0.9833333333333333,recorded,8,17,tempo_intensity,cnn,4929,19977,68d0e5f-dirty
Subject890,30,0.9288888888888888,0.9333333333333333,0.9333333333333333,recorded,8,17,tempo_intensity,cnn,4929,19977,68d0e5f-dirty
Subject352,30,0.8444444444444444,0.8666666666666667,0.8666666666666667,new,8,17,plus_placement,cnn,4929,20049,68d0e5f-dirty
Subject376,60,0.8396825396825397,0.85,0.85,new,8,17,plus_placement,cnn,4929,20049,68d0e5f-dirty
Subject494,60,0.6779333955804545,0.7166666666666667,0.7166666666666667,new,8,17,plus_placement,cnn,4929,20049,68d0e5f-dirty
Subject561,60,0.7275132275132276,0.7833333333333333,0.7833333333333333,new,8,17,plus_placement,cnn,4929,20049,68d0e5f-dirty
Subject571,30,0.7444444444444444,0.8,0.8,new,8,17,plus_placement,cnn,4929,20049,68d0e5f-dirty
Subject969,30,0.5555555555555556,0.6333333333333333,0.6333333333333333,new,8,17,plus_placement,cnn,4929,20049,68d0e5f-dirty
Subject139,60,0.8755555555555555,0.9,0.9,recorded,8,17,plus_placement,cnn,4929,20049,68d0e5f-dirty
Subject147,31,0.9644444444444444,0.9666666666666667,0.967741935483871,recorded,8,17,plus_placement,cnn,4929,20049,68d0e5f-dirty
Subject226,30,0.88,0.9,0.9,recorded,8,17,plus_placement,cnn,4929,20049,68d0e5f-dirty
Subject353,60,0.8757671957671959,0.8833333333333333,0.8833333333333333,recorded,8,17,plus_placement,cnn,4929,20049,68d0e5f-dirty
Subject354,60,0.9666666666666667,0.9666666666666667,0.9666666666666667,recorded,8,17,plus_placement,cnn,4929,20049,68d0e5f-dirty
Subject424,60,0.8587301587301587,0.8666666666666667,0.8666666666666667,recorded,8,17,plus_placement,cnn,4929,20049,68d0e5f-dirty
Subject455,60,1.0,1.0,1.0,recorded,8,17,plus_placement,cnn,4929,20049,68d0e5f-dirty
Subject516,30,0.9111111111111111,0.9333333333333333,0.9333333333333333,recorded,8,17,plus_placement,cnn,4929,20049,68d0e5f-dirty
Subject580,90,0.9665112665112665,0.9666666666666668,0.9666666666666667,recorded,8,17,plus_placement,cnn,4929,20049,68d0e5f-dirty
Subject611,60,0.924886964886965,0.9333333333333333,0.9333333333333333,recorded,8,17,plus_placement,cnn,4929,20049,68d0e5f-dirty
Subject729,60,0.9830687830687831,0.9833333333333333,0.9833333333333333,recorded,8,17,plus_placement,cnn,4929,20049,68d0e5f-dirty
Subject731,30,0.9288888888888888,0.9333333333333333,0.9333333333333333,recorded,8,17,plus_placement,cnn,4929,20049,68d0e5f-dirty
Subject741,60,0.9475132275132274,0.95,0.95,recorded,8,17,plus_placement,cnn,4929,20049,68d0e5f-dirty
Subject819,60,0.8455026455026453,0.8666666666666667,0.8666666666666667,recorded,8,17,plus_placement,cnn,4929,20049,68d0e5f-dirty
Subject867,60,0.9830687830687831,0.9833333333333333,0.9833333333333333,recorded,8,17,plus_placement,cnn,4929,20049,68d0e5f-dirty
Subject877,60,0.9830687830687831,0.9833333333333333,0.9833333333333333,recorded,8,17,plus_placement,cnn,4929,20049,68d0e5f-dirty
Subject890,30,0.8755555555555555,0.9,0.9,recorded,8,17,plus_placement,cnn,4929,20049,68d0e5f-dirty
Subject139,60,0.49927849927849927,0.5833333333333334,0.5833333333333334,new,9,2,none,cnn,648,0,68d0e5f-dirty
Subject226,30,0.5788359788359789,0.6333333333333333,0.6333333333333333,new,9,2,none,cnn,648,0,68d0e5f-dirty
Subject424,60,0.7417989417989418,0.8,0.8,new,9,2,none,cnn,648,0,68d0e5f-dirty
Subject611,60,0.4818181818181818,0.55,0.55,new,9,2,none,cnn,648,0,68d0e5f-dirty
Subject819,60,0.29047619047619044,0.36666666666666664,0.36666666666666664,new,9,2,none,cnn,648,0,68d0e5f-dirty
Subject867,60,0.5108802308802308,0.5666666666666667,0.5666666666666667,new,9,2,none,cnn,648,0,68d0e5f-dirty
Subject494,60,0.962962962962963,0.9666666666666667,0.9666666666666667,recorded,9,2,none,cnn,648,0,68d0e5f-dirty
Subject571,30,0.8,0.8333333333333334,0.8333333333333334,recorded,9,2,none,cnn,648,0,68d0e5f-dirty
Subject139,60,0.48594516594516596,0.5666666666666667,0.5666666666666667,new,9,2,tempo_intensity,cnn,648,2632,68d0e5f-dirty
Subject226,30,0.5914285714285713,0.6666666666666666,0.6666666666666666,new,9,2,tempo_intensity,cnn,648,2632,68d0e5f-dirty
Subject424,60,0.7417989417989418,0.8,0.8,new,9,2,tempo_intensity,cnn,648,2632,68d0e5f-dirty
Subject611,60,0.4881144781144781,0.55,0.55,new,9,2,tempo_intensity,cnn,648,2632,68d0e5f-dirty
Subject819,60,0.37506380329909744,0.43333333333333335,0.43333333333333335,new,9,2,tempo_intensity,cnn,648,2632,68d0e5f-dirty
Subject867,60,0.5661242461242462,0.6166666666666667,0.6166666666666667,new,9,2,tempo_intensity,cnn,648,2632,68d0e5f-dirty
Subject494,60,0.9115343915343915,0.9166666666666666,0.9166666666666666,recorded,9,2,tempo_intensity,cnn,648,2632,68d0e5f-dirty
Subject571,30,0.8222222222222222,0.8333333333333334,0.8333333333333334,recorded,9,2,tempo_intensity,cnn,648,2632,68d0e5f-dirty
Subject139,60,0.4221001221001221,0.5,0.5,new,9,2,plus_placement,cnn,648,2595,68d0e5f-dirty
Subject226,30,0.5603174603174603,0.6333333333333333,0.6333333333333333,new,9,2,plus_placement,cnn,648,2595,68d0e5f-dirty
Subject424,60,0.8333333333333334,0.8666666666666667,0.8666666666666667,new,9,2,plus_placement,cnn,648,2595,68d0e5f-dirty
Subject611,60,0.5025493025493025,0.5833333333333334,0.5833333333333334,new,9,2,plus_placement,cnn,648,2595,68d0e5f-dirty
Subject819,60,0.4293602693602694,0.4666666666666667,0.4666666666666667,new,9,2,plus_placement,cnn,648,2595,68d0e5f-dirty
Subject867,60,0.5842002442002442,0.6333333333333333,0.6333333333333333,new,9,2,plus_placement,cnn,648,2595,68d0e5f-dirty
Subject494,60,0.9475132275132275,0.95,0.95,recorded,9,2,plus_placement,cnn,648,2595,68d0e5f-dirty
Subject571,30,0.8,0.8333333333333334,0.8333333333333334,recorded,9,2,plus_placement,cnn,648,2595,68d0e5f-dirty
Subject139,60,0.6076678876678876,0.6666666666666666,0.6666666666666666,new,9,4,none,cnn,1360,0,68d0e5f-dirty
Subject226,30,0.5380952380952381,0.6333333333333333,0.6333333333333333,new,9,4,none,cnn,1360,0,68d0e5f-dirty
Subject424,60,0.7275132275132276,0.7833333333333333,0.7833333333333333,new,9,4,none,cnn,1360,0,68d0e5f-dirty
Subject611,60,0.556060236060236,0.6333333333333333,0.6333333333333333,new,9,4,none,cnn,1360,0,68d0e5f-dirty
Subject819,60,0.5486964886964887,0.6166666666666667,0.6166666666666667,new,9,4,none,cnn,1360,0,68d0e5f-dirty
Subject867,60,0.5233862433862434,0.5833333333333334,0.5833333333333334,new,9,4,none,cnn,1360,0,68d0e5f-dirty
Subject352,30,0.8377777777777777,0.8666666666666667,0.8666666666666667,recorded,9,4,none,cnn,1360,0,68d0e5f-dirty
Subject494,60,0.924886964886965,0.9333333333333333,0.9333333333333333,recorded,9,4,none,cnn,1360,0,68d0e5f-dirty
Subject516,30,0.8088888888888889,0.8333333333333334,0.8333333333333334,recorded,9,4,none,cnn,1360,0,68d0e5f-dirty
Subject571,30,0.7644444444444445,0.8,0.8,recorded,9,4,none,cnn,1360,0,68d0e5f-dirty
Subject139,60,0.6092784992784992,0.6666666666666666,0.6666666666666666,new,9,4,tempo_intensity,cnn,1360,5536,68d0e5f-dirty
Subject226,30,0.5832804232804233,0.6333333333333333,0.6333333333333333,new,9,4,tempo_intensity,cnn,1360,5536,68d0e5f-dirty
Subject424,60,0.7444444444444444,0.8,0.8,new,9,4,tempo_intensity,cnn,1360,5536,68d0e5f-dirty
Subject611,60,0.5798808598808599,0.6666666666666666,0.6666666666666666,new,9,4,tempo_intensity,cnn,1360,5536,68d0e5f-dirty
Subject819,60,0.5666600066600066,0.6166666666666667,0.6166666666666667,new,9,4,tempo_intensity,cnn,1360,5536,68d0e5f-dirty
Subject867,60,0.5626070226070227,0.6166666666666667,0.6166666666666667,new,9,4,tempo_intensity,cnn,1360,5536,68d0e5f-dirty
Subject352,30,0.8711111111111111,0.9,0.9,recorded,9,4,tempo_intensity,cnn,1360,5536,68d0e5f-dirty
Subject494,60,0.9047811447811448,0.9166666666666666,0.9166666666666666,recorded,9,4,tempo_intensity,cnn,1360,5536,68d0e5f-dirty
Subject516,30,0.9333333333333332,0.9333333333333333,0.9333333333333333,recorded,9,4,tempo_intensity,cnn,1360,5536,68d0e5f-dirty
Subject571,30,0.8,0.8333333333333334,0.8333333333333334,recorded,9,4,tempo_intensity,cnn,1360,5536,68d0e5f-dirty
Subject139,60,0.6466666666666666,0.7,0.7,new,9,4,plus_placement,cnn,1360,5579,68d0e5f-dirty
Subject226,30,0.6825396825396826,0.7333333333333333,0.7333333333333333,new,9,4,plus_placement,cnn,1360,5579,68d0e5f-dirty
Subject424,60,0.7444444444444444,0.8,0.8,new,9,4,plus_placement,cnn,1360,5579,68d0e5f-dirty
Subject611,60,0.5954593554593555,0.65,0.65,new,9,4,plus_placement,cnn,1360,5579,68d0e5f-dirty
Subject819,60,0.7007081807081808,0.75,0.75,new,9,4,plus_placement,cnn,1360,5579,68d0e5f-dirty
Subject867,60,0.6470370370370371,0.6833333333333333,0.6833333333333333,new,9,4,plus_placement,cnn,1360,5579,68d0e5f-dirty
Subject352,30,0.8400000000000001,0.8666666666666667,0.8666666666666667,recorded,9,4,plus_placement,cnn,1360,5579,68d0e5f-dirty
Subject494,60,0.9248869648869648,0.9333333333333333,0.9333333333333333,recorded,9,4,plus_placement,cnn,1360,5579,68d0e5f-dirty
Subject516,30,0.9288888888888889,0.9333333333333333,0.9333333333333333,recorded,9,4,plus_placement,cnn,1360,5579,68d0e5f-dirty
Subject571,30,0.888888888888889,0.9,0.9,recorded,9,4,plus_placement,cnn,1360,5579,68d0e5f-dirty
Subject139,60,0.753015873015873,0.8,0.8,new,9,8,none,cnn,2517,0,68d0e5f-dirty
Subject226,30,0.5866666666666667,0.6666666666666666,0.6666666666666666,new,9,8,none,cnn,2517,0,68d0e5f-dirty
Subject424,60,0.8164021164021165,0.85,0.85,new,9,8,none,cnn,2517,0,68d0e5f-dirty
Subject611,60,0.8112169312169313,0.8333333333333334,0.8333333333333334,new,9,8,none,cnn,2517,0,68d0e5f-dirty
Subject819,60,0.7542472342472342,0.8,0.8,new,9,8,none,cnn,2517,0,68d0e5f-dirty
Subject867,60,0.6888023088023089,0.7166666666666667,0.7166666666666667,new,9,8,none,cnn,2517,0,68d0e5f-dirty
Subject352,30,0.9644444444444444,0.9666666666666667,0.9666666666666667,recorded,9,8,none,cnn,2517,0,68d0e5f-dirty
Subject455,60,0.9278499278499279,0.9333333333333333,0.9333333333333333,recorded,9,8,none,cnn,2517,0,68d0e5f-dirty
Subject494,60,0.8944444444444444,0.9166666666666666,0.9166666666666666,recorded,9,8,none,cnn,2517,0,68d0e5f-dirty
Subject516,30,0.9644444444444444,0.9666666666666667,0.9666666666666667,recorded,9,8,none,cnn,2517,0,68d0e5f-dirty
Subject571,30,0.9288888888888889,0.9333333333333333,0.9333333333333333,recorded,9,8,none,cnn,2517,0,68d0e5f-dirty
Subject729,60,0.924886964886965,0.9333333333333333,0.9333333333333333,recorded,9,8,none,cnn,2517,0,68d0e5f-dirty
Subject731,30,0.8603174603174604,0.8666666666666667,0.8666666666666667,recorded,9,8,none,cnn,2517,0,68d0e5f-dirty
Subject741,60,0.9306878306878307,0.9333333333333333,0.9333333333333333,recorded,9,8,none,cnn,2517,0,68d0e5f-dirty
Subject139,60,0.6682946682946683,0.7333333333333333,0.7333333333333333,new,9,8,tempo_intensity,cnn,2517,10133,68d0e5f-dirty
Subject226,30,0.6933333333333334,0.7666666666666667,0.7666666666666667,new,9,8,tempo_intensity,cnn,2517,10133,68d0e5f-dirty
Subject424,60,0.7733333333333334,0.8166666666666667,0.8166666666666667,new,9,8,tempo_intensity,cnn,2517,10133,68d0e5f-dirty
Subject611,60,0.8066666666666666,0.8333333333333334,0.8333333333333334,new,9,8,tempo_intensity,cnn,2517,10133,68d0e5f-dirty
Subject819,60,0.6913900913900914,0.75,0.75,new,9,8,tempo_intensity,cnn,2517,10133,68d0e5f-dirty
Subject867,60,0.6473737373737374,0.7,0.7,new,9,8,tempo_intensity,cnn,2517,10133,68d0e5f-dirty
Subject352,30,0.9644444444444444,0.9666666666666667,0.9666666666666667,recorded,9,8,tempo_intensity,cnn,2517,10133,68d0e5f-dirty
Subject455,60,0.8775132275132276,0.9,0.9,recorded,9,8,tempo_intensity,cnn,2517,10133,68d0e5f-dirty
Subject494,60,0.9418181818181818,0.95,0.95,recorded,9,8,tempo_intensity,cnn,2517,10133,68d0e5f-dirty
Subject516,30,1.0,1.0,1.0,recorded,9,8,tempo_intensity,cnn,2517,10133,68d0e5f-dirty
Subject571,30,0.8222222222222222,0.8666666666666667,0.8666666666666667,recorded,9,8,tempo_intensity,cnn,2517,10133,68d0e5f-dirty
Subject729,60,0.9644444444444444,0.9666666666666667,0.9666666666666667,recorded,9,8,tempo_intensity,cnn,2517,10133,68d0e5f-dirty
Subject731,30,0.8777777777777778,0.9,0.9,recorded,9,8,tempo_intensity,cnn,2517,10133,68d0e5f-dirty
Subject741,60,0.911957671957672,0.9166666666666666,0.9166666666666666,recorded,9,8,tempo_intensity,cnn,2517,10133,68d0e5f-dirty
Subject139,60,0.7091737891737891,0.7666666666666667,0.7666666666666667,new,9,8,plus_placement,cnn,2517,10120,68d0e5f-dirty
Subject226,30,0.7466666666666667,0.8,0.8,new,9,8,plus_placement,cnn,2517,10120,68d0e5f-dirty
Subject424,60,0.8433862433862435,0.8666666666666667,0.8666666666666667,new,9,8,plus_placement,cnn,2517,10120,68d0e5f-dirty
Subject611,60,0.8240944240944241,0.85,0.85,new,9,8,plus_placement,cnn,2517,10120,68d0e5f-dirty
Subject819,60,0.7557287157287156,0.8,0.8,new,9,8,plus_placement,cnn,2517,10120,68d0e5f-dirty
Subject867,60,0.7830880230880232,0.8,0.8,new,9,8,plus_placement,cnn,2517,10120,68d0e5f-dirty
Subject352,30,0.9644444444444444,0.9666666666666667,0.9666666666666667,recorded,9,8,plus_placement,cnn,2517,10120,68d0e5f-dirty
Subject455,60,0.9124338624338625,0.9166666666666666,0.9166666666666666,recorded,9,8,plus_placement,cnn,2517,10120,68d0e5f-dirty
Subject494,60,0.9066666666666667,0.9333333333333333,0.9333333333333333,recorded,9,8,plus_placement,cnn,2517,10120,68d0e5f-dirty
Subject516,30,0.9644444444444444,0.9666666666666667,0.9666666666666667,recorded,9,8,plus_placement,cnn,2517,10120,68d0e5f-dirty
Subject571,30,0.8222222222222222,0.8666666666666667,0.8666666666666667,recorded,9,8,plus_placement,cnn,2517,10120,68d0e5f-dirty
Subject729,60,0.9288888888888889,0.9333333333333333,0.9333333333333333,recorded,9,8,plus_placement,cnn,2517,10120,68d0e5f-dirty
Subject731,30,0.9066666666666667,0.9333333333333333,0.9333333333333333,recorded,9,8,plus_placement,cnn,2517,10120,68d0e5f-dirty
Subject741,60,0.9322751322751323,0.9333333333333333,0.9333333333333333,recorded,9,8,plus_placement,cnn,2517,10120,68d0e5f-dirty
Subject139,60,0.9494708994708995,0.95,0.95,new,9,17,none,cnn,5313,0,68d0e5f-dirty
Subject226,30,0.7533333333333334,0.8,0.8,new,9,17,none,cnn,5313,0,68d0e5f-dirty
Subject424,60,0.8952055352055353,0.9,0.9,new,9,17,none,cnn,5313,0,68d0e5f-dirty
Subject611,60,0.9661375661375663,0.9666666666666667,0.9666666666666667,new,9,17,none,cnn,5313,0,68d0e5f-dirty
Subject819,60,0.7733333333333333,0.8166666666666667,0.8166666666666667,new,9,17,none,cnn,5313,0,68d0e5f-dirty
Subject867,60,0.9475132275132275,0.95,0.95,new,9,17,none,cnn,5313,0,68d0e5f-dirty
Subject147,31,1.0,1.0,1.0,recorded,9,17,none,cnn,5313,0,68d0e5f-dirty
Subject352,30,0.9288888888888889,0.9333333333333333,0.9333333333333333,recorded,9,17,none,cnn,5313,0,68d0e5f-dirty
Subject353,60,0.851957671957672,0.85,0.85,recorded,9,17,none,cnn,5313,0,68d0e5f-dirty
Subject354,60,1.0,1.0,1.0,recorded,9,17,none,cnn,5313,0,68d0e5f-dirty
Subject376,60,0.9830687830687831,0.9833333333333333,0.9833333333333333,recorded,9,17,none,cnn,5313,0,68d0e5f-dirty
Subject455,60,1.0,1.0,1.0,recorded,9,17,none,cnn,5313,0,68d0e5f-dirty
Subject494,60,0.8836363636363637,0.9,0.9,recorded,9,17,none,cnn,5313,0,68d0e5f-dirty
Subject516,30,0.9644444444444444,0.9666666666666667,0.9666666666666667,recorded,9,17,none,cnn,5313,0,68d0e5f-dirty
Subject561,60,0.9644444444444444,0.9666666666666667,0.9666666666666667,recorded,9,17,none,cnn,5313,0,68d0e5f-dirty
Subject571,30,0.9644444444444444,0.9666666666666667,0.9666666666666667,recorded,9,17,none,cnn,5313,0,68d0e5f-dirty
Subject580,90,0.8464491064491064,0.8444444444444446,0.8444444444444444,recorded,9,17,none,cnn,5313,0,68d0e5f-dirty
Subject729,60,0.924886964886965,0.9333333333333333,0.9333333333333333,recorded,9,17,none,cnn,5313,0,68d0e5f-dirty
Subject731,30,0.9111111111111111,0.9333333333333333,0.9333333333333333,recorded,9,17,none,cnn,5313,0,68d0e5f-dirty
Subject741,60,0.9644444444444444,0.9666666666666667,0.9666666666666667,recorded,9,17,none,cnn,5313,0,68d0e5f-dirty
Subject877,60,1.0,1.0,1.0,recorded,9,17,none,cnn,5313,0,68d0e5f-dirty
Subject890,30,1.0,1.0,1.0,recorded,9,17,none,cnn,5313,0,68d0e5f-dirty
Subject969,30,0.7977777777777777,0.8333333333333334,0.8333333333333334,recorded,9,17,none,cnn,5313,0,68d0e5f-dirty
Subject139,60,0.9316402116402116,0.9333333333333333,0.9333333333333333,new,9,17,tempo_intensity,cnn,5313,21550,68d0e5f-dirty
Subject226,30,0.8422222222222222,0.8666666666666667,0.8666666666666667,new,9,17,tempo_intensity,cnn,5313,21550,68d0e5f-dirty
Subject424,60,0.9331409331409332,0.9333333333333333,0.9333333333333333,new,9,17,tempo_intensity,cnn,5313,21550,68d0e5f-dirty
Subject611,60,0.9481481481481481,0.95,0.95,new,9,17,tempo_intensity,cnn,5313,21550,68d0e5f-dirty
Subject819,60,0.7977777777777778,0.8333333333333334,0.8333333333333334,new,9,17,tempo_intensity,cnn,5313,21550,68d0e5f-dirty
Subject867,60,0.9475132275132275,0.95,0.95,new,9,17,tempo_intensity,cnn,5313,21550,68d0e5f-dirty
Subject147,31,1.0,1.0,1.0,recorded,9,17,tempo_intensity,cnn,5313,21550,68d0e5f-dirty
Subject352,30,0.8755555555555555,0.9,0.9,recorded,9,17,tempo_intensity,cnn,5313,21550,68d0e5f-dirty
Subject353,60,0.8505291005291006,0.85,0.85,recorded,9,17,tempo_intensity,cnn,5313,21550,68d0e5f-dirty
Subject354,60,1.0,1.0,1.0,recorded,9,17,tempo_intensity,cnn,5313,21550,68d0e5f-dirty
Subject376,60,0.9274074074074073,0.9333333333333333,0.9333333333333333,recorded,9,17,tempo_intensity,cnn,5313,21550,68d0e5f-dirty
Subject455,60,1.0,1.0,1.0,recorded,9,17,tempo_intensity,cnn,5313,21550,68d0e5f-dirty
Subject494,60,0.8529292929292929,0.8833333333333333,0.8833333333333333,recorded,9,17,tempo_intensity,cnn,5313,21550,68d0e5f-dirty
Subject516,30,0.9644444444444444,0.9666666666666667,0.9666666666666667,recorded,9,17,tempo_intensity,cnn,5313,21550,68d0e5f-dirty
Subject561,60,0.9475132275132275,0.95,0.95,recorded,9,17,tempo_intensity,cnn,5313,21550,68d0e5f-dirty
Subject571,30,0.9333333333333332,0.9333333333333333,0.9333333333333333,recorded,9,17,tempo_intensity,cnn,5313,21550,68d0e5f-dirty
Subject580,90,0.9003885003885004,0.9000000000000001,0.9,recorded,9,17,tempo_intensity,cnn,5313,21550,68d0e5f-dirty
Subject729,60,0.924886964886965,0.9333333333333333,0.9333333333333333,recorded,9,17,tempo_intensity,cnn,5313,21550,68d0e5f-dirty
Subject731,30,0.8755555555555555,0.9,0.9,recorded,9,17,tempo_intensity,cnn,5313,21550,68d0e5f-dirty
Subject741,60,0.9475132275132275,0.95,0.95,recorded,9,17,tempo_intensity,cnn,5313,21550,68d0e5f-dirty
Subject877,60,1.0,1.0,1.0,recorded,9,17,tempo_intensity,cnn,5313,21550,68d0e5f-dirty
Subject890,30,0.9288888888888888,0.9333333333333333,0.9333333333333333,recorded,9,17,tempo_intensity,cnn,5313,21550,68d0e5f-dirty
Subject969,30,0.774074074074074,0.8,0.8,recorded,9,17,tempo_intensity,cnn,5313,21550,68d0e5f-dirty
Subject139,60,0.8198808598808598,0.85,0.85,new,9,17,plus_placement,cnn,5313,21640,68d0e5f-dirty
Subject226,30,0.7888888888888889,0.8333333333333334,0.8333333333333334,new,9,17,plus_placement,cnn,5313,21640,68d0e5f-dirty
Subject424,60,0.8656084656084656,0.8833333333333333,0.8833333333333333,new,9,17,plus_placement,cnn,5313,21640,68d0e5f-dirty
Subject611,60,0.9111111111111111,0.9333333333333333,0.9333333333333333,new,9,17,plus_placement,cnn,5313,21640,68d0e5f-dirty
Subject819,60,0.7582202982202982,0.8,0.8,new,9,17,plus_placement,cnn,5313,21640,68d0e5f-dirty
Subject867,60,0.8941798941798942,0.9166666666666666,0.9166666666666666,new,9,17,plus_placement,cnn,5313,21640,68d0e5f-dirty
Subject147,31,0.9111111111111111,0.9333333333333333,0.9354838709677419,recorded,9,17,plus_placement,cnn,5313,21640,68d0e5f-dirty
Subject352,30,0.8755555555555555,0.9,0.9,recorded,9,17,plus_placement,cnn,5313,21640,68d0e5f-dirty
Subject353,60,0.8944444444444444,0.9166666666666666,0.9166666666666666,recorded,9,17,plus_placement,cnn,5313,21640,68d0e5f-dirty
Subject354,60,0.9644444444444444,0.9666666666666667,0.9666666666666667,recorded,9,17,plus_placement,cnn,5313,21640,68d0e5f-dirty
Subject376,60,0.9109187109187109,0.9166666666666666,0.9166666666666666,recorded,9,17,plus_placement,cnn,5313,21640,68d0e5f-dirty
Subject455,60,0.9418181818181818,0.95,0.95,recorded,9,17,plus_placement,cnn,5313,21640,68d0e5f-dirty
Subject494,60,0.9062626262626261,0.9166666666666666,0.9166666666666666,recorded,9,17,plus_placement,cnn,5313,21640,68d0e5f-dirty
Subject516,30,0.9111111111111111,0.9333333333333333,0.9333333333333333,recorded,9,17,plus_placement,cnn,5313,21640,68d0e5f-dirty
Subject561,60,0.9644444444444444,0.9666666666666667,0.9666666666666667,recorded,9,17,plus_placement,cnn,5313,21640,68d0e5f-dirty
Subject571,30,0.8825396825396826,0.9,0.9,recorded,9,17,plus_placement,cnn,5313,21640,68d0e5f-dirty
Subject580,90,0.8817404817404817,0.9,0.9,recorded,9,17,plus_placement,cnn,5313,21640,68d0e5f-dirty
Subject729,60,0.9475132275132275,0.95,0.95,recorded,9,17,plus_placement,cnn,5313,21640,68d0e5f-dirty
Subject731,30,0.8444444444444444,0.8666666666666667,0.8666666666666667,recorded,9,17,plus_placement,cnn,5313,21640,68d0e5f-dirty
Subject741,60,0.9418181818181818,0.95,0.95,recorded,9,17,plus_placement,cnn,5313,21640,68d0e5f-dirty
Subject877,60,0.9644444444444444,0.9666666666666667,0.9666666666666667,recorded,9,17,plus_placement,cnn,5313,21640,68d0e5f-dirty
Subject890,30,0.8755555555555555,0.9,0.9,recorded,9,17,plus_placement,cnn,5313,21640,68d0e5f-dirty
Subject969,30,0.9333333333333332,0.9333333333333333,0.9333333333333333,recorded,9,17,plus_placement,cnn,5313,21640,68d0e5f-dirty
Subject147,31,0.48888888888888893,0.5444444444444444,0.5483870967741935,new,10,2,none,cnn,705,0,68d0e5f-dirty
Subject353,60,0.47626373626373625,0.5666666666666667,0.5666666666666667,new,10,2,none,cnn,705,0,68d0e5f-dirty
Subject571,30,0.6825396825396824,0.7333333333333333,0.7333333333333333,new,10,2,none,cnn,705,0,68d0e5f-dirty
Subject580,90,0.6308635419161736,0.6666666666666666,0.6666666666666666,new,10,2,none,cnn,705,0,68d0e5f-dirty
Subject867,60,0.5742424242424242,0.6333333333333333,0.6333333333333333,new,10,2,none,cnn,705,0,68d0e5f-dirty
Subject877,60,0.521885521885522,0.6,0.6,new,10,2,none,cnn,705,0,68d0e5f-dirty
Subject455,60,0.9475132275132275,0.95,0.95,recorded,10,2,none,cnn,705,0,68d0e5f-dirty
Subject969,30,0.82,0.8333333333333334,0.8333333333333334,recorded,10,2,none,cnn,705,0,68d0e5f-dirty
Subject147,31,0.5022222222222222,0.5666666666666667,0.5806451612903226,new,10,2,tempo_intensity,cnn,705,2913,68d0e5f-dirty
Subject353,60,0.5277981277981278,0.5833333333333334,0.5833333333333334,new,10,2,tempo_intensity,cnn,705,2913,68d0e5f-dirty
Subject571,30,0.6825396825396824,0.7333333333333333,0.7333333333333333,new,10,2,tempo_intensity,cnn,705,2913,68d0e5f-dirty
Subject580,90,0.5947933158459474,0.6222222222222222,0.6222222222222222,new,10,2,tempo_intensity,cnn,705,2913,68d0e5f-dirty
Subject867,60,0.5633333333333332,0.6333333333333333,0.6333333333333333,new,10,2,tempo_intensity,cnn,705,2913,68d0e5f-dirty
Subject877,60,0.5030880230880231,0.5666666666666667,0.5666666666666667,new,10,2,tempo_intensity,cnn,705,2913,68d0e5f-dirty
Subject455,60,0.9661375661375663,0.9666666666666667,0.9666666666666667,recorded,10,2,tempo_intensity,cnn,705,2913,68d0e5f-dirty
Subject969,30,0.6736507936507936,0.7333333333333333,0.7333333333333333,recorded,10,2,tempo_intensity,cnn,705,2913,68d0e5f-dirty
Subject147,31,0.52,0.6,0.6129032258064516,new,10,2,plus_placement,cnn,705,2813,68d0e5f-dirty
Subject353,60,0.5428571428571428,0.6,0.6,new,10,2,plus_placement,cnn,705,2813,68d0e5f-dirty
Subject571,30,0.7222222222222222,0.7666666666666667,0.7666666666666667,new,10,2,plus_placement,cnn,705,2813,68d0e5f-dirty
Subject580,90,0.6096055578408518,0.6555555555555554,0.6555555555555556,new,10,2,plus_placement,cnn,705,2813,68d0e5f-dirty
Subject867,60,0.5528282828282828,0.6,0.6,new,10,2,plus_placement,cnn,705,2813,68d0e5f-dirty
Subject877,60,0.613211233211233,0.65,0.65,new,10,2,plus_placement,cnn,705,2813,68d0e5f-dirty
Subject455,60,0.962962962962963,0.9666666666666667,0.9666666666666667,recorded,10,2,plus_placement,cnn,705,2813,68d0e5f-dirty
Subject969,30,0.8422222222222222,0.8666666666666667,0.8666666666666667,recorded,10,2,plus_placement,cnn,705,2813,68d0e5f-dirty
Subject147,31,0.831111111111111,0.8666666666666667,0.8709677419354839,new,10,4,none,cnn,1274,0,68d0e5f-dirty
Subject353,60,0.6248433048433049,0.65,0.65,new,10,4,none,cnn,1274,0,68d0e5f-dirty
Subject571,30,0.8222222222222222,0.8666666666666667,0.8666666666666667,new,10,4,none,cnn,1274,0,68d0e5f-dirty
Subject580,90,0.7098934398934398,0.7333333333333333,0.7333333333333333,new,10,4,none,cnn,1274,0,68d0e5f-dirty
Subject867,60,0.6503703703703704,0.6833333333333333,0.6833333333333333,new,10,4,none,cnn,1274,0,68d0e5f-dirty
Subject877,60,0.6781337181337183,0.7,0.7,new,10,4,none,cnn,1274,0,68d0e5f-dirty
Subject455,60,0.9037037037037037,0.9166666666666666,0.9166666666666666,recorded,10,4,none,cnn,1274,0,68d0e5f-dirty
Subject516,30,0.8755555555555555,0.9,0.9,recorded,10,4,none,cnn,1274,0,68d0e5f-dirty
Subject890,30,0.8155555555555556,0.8333333333333334,0.8333333333333334,recorded,10,4,none,cnn,1274,0,68d0e5f-dirty
Subject969,30,0.8533333333333334,0.8666666666666667,0.8666666666666667,recorded,10,4,none,cnn,1274,0,68d0e5f-dirty
Subject147,31,0.6866666666666668,0.7333333333333333,0.7419354838709677,new,10,4,tempo_intensity,cnn,1274,5099,68d0e5f-dirty
Subject353,60,0.5000488400488401,0.5333333333333333,0.5333333333333333,new,10,4,tempo_intensity,cnn,1274,5099,68d0e5f-dirty
Subject571,30,0.6603174603174603,0.7333333333333333,0.7333333333333333,new,10,4,tempo_intensity,cnn,1274,5099,68d0e5f-dirty
Subject580,90,0.758017538017538,0.7555555555555556,0.7555555555555555,new,10,4,tempo_intensity,cnn,1274,5099,68d0e5f-dirty
Subject867,60,0.6836700336700336,0.7166666666666667,0.7166666666666667,new,10,4,tempo_intensity,cnn,1274,5099,68d0e5f-dirty
Subject877,60,0.7060028860028861,0.7166666666666667,0.7166666666666667,new,10,4,tempo_intensity,cnn,1274,5099,68d0e5f-dirty
Subject455,60,0.962962962962963,0.9666666666666667,0.9666666666666667,recorded,10,4,tempo_intensity,cnn,1274,5099,68d0e5f-dirty
Subject516,30,0.8755555555555555,0.9,0.9,recorded,10,4,tempo_intensity,cnn,1274,5099,68d0e5f-dirty
Subject890,30,0.7777777777777779,0.8,0.8,recorded,10,4,tempo_intensity,cnn,1274,5099,68d0e5f-dirty
Subject969,30,0.8755555555555554,0.9,0.9,recorded,10,4,tempo_intensity,cnn,1274,5099,68d0e5f-dirty
Subject147,31,0.8044444444444444,0.8333333333333334,0.8387096774193549,new,10,4,plus_placement,cnn,1274,5162,68d0e5f-dirty
Subject353,60,0.6804425204425205,0.7,0.7,new,10,4,plus_placement,cnn,1274,5162,68d0e5f-dirty
Subject571,30,0.7911111111111111,0.8333333333333334,0.8333333333333334,new,10,4,plus_placement,cnn,1274,5162,68d0e5f-dirty
Subject580,90,0.758945498945499,0.7555555555555556,0.7555555555555555,new,10,4,plus_placement,cnn,1274,5162,68d0e5f-dirty
Subject867,60,0.7673737373737375,0.8,0.8,new,10,4,plus_placement,cnn,1274,5162,68d0e5f-dirty
Subject877,60,0.7462493062493062,0.7833333333333333,0.7833333333333333,new,10,4,plus_placement,cnn,1274,5162,68d0e5f-dirty
Subject455,60,0.903030303030303,0.9166666666666666,0.9166666666666666,recorded,10,4,plus_placement,cnn,1274,5162,68d0e5f-dirty
Subject516,30,0.8444444444444444,0.8666666666666667,0.8666666666666667,recorded,10,4,plus_placement,cnn,1274,5162,68d0e5f-dirty
Subject890,30,0.7822222222222223,0.8,0.8,recorded,10,4,plus_placement,cnn,1274,5162,68d0e5f-dirty
Subject969,30,0.8533333333333334,0.8666666666666667,0.8666666666666667,recorded,10,4,plus_placement,cnn,1274,5162,68d0e5f-dirty
Subject147,31,0.8422222222222222,0.8666666666666667,0.8709677419354839,new,10,8,none,cnn,2637,0,68d0e5f-dirty
Subject353,60,0.6855903355903356,0.7,0.7,new,10,8,none,cnn,2637,0,68d0e5f-dirty
Subject571,30,0.7088888888888889,0.7666666666666667,0.7666666666666667,new,10,8,none,cnn,2637,0,68d0e5f-dirty
Subject580,90,0.8833899433899433,0.888888888888889,0.8888888888888888,new,10,8,none,cnn,2637,0,68d0e5f-dirty
Subject867,60,0.784021164021164,0.8,0.8,new,10,8,none,cnn,2637,0,68d0e5f-dirty
Subject877,60,0.7555363155363156,0.7833333333333333,0.7833333333333333,new,10,8,none,cnn,2637,0,68d0e5f-dirty
Subject139,60,0.8605820105820106,0.8833333333333333,0.8833333333333333,recorded,10,8,none,cnn,2637,0,68d0e5f-dirty
Subject226,30,0.9066666666666667,0.9333333333333333,0.9333333333333333,recorded,10,8,none,cnn,2637,0,68d0e5f-dirty
Subject352,30,0.7333333333333332,0.8,0.8,recorded,10,8,none,cnn,2637,0,68d0e5f-dirty
Subject455,60,0.9392592592592593,0.95,0.95,recorded,10,8,none,cnn,2637,0,68d0e5f-dirty
Subject516,30,1.0,1.0,1.0,recorded,10,8,none,cnn,2637,0,68d0e5f-dirty
Subject731,30,0.9288888888888889,0.9333333333333333,0.9333333333333333,recorded,10,8,none,cnn,2637,0,68d0e5f-dirty
Subject890,30,0.8444444444444446,0.8666666666666667,0.8666666666666667,recorded,10,8,none,cnn,2637,0,68d0e5f-dirty
Subject969,30,0.8333333333333334,0.8666666666666667,0.8666666666666667,recorded,10,8,none,cnn,2637,0,68d0e5f-dirty
Subject147,31,0.7936507936507936,0.8333333333333334,0.8387096774193549,new,10,8,tempo_intensity,cnn,2637,10637,68d0e5f-dirty
Subject353,60,0.717917267917268,0.75,0.75,new,10,8,tempo_intensity,cnn,2637,10637,68d0e5f-dirty
Subject571,30,0.758095238095238,0.8,0.8,new,10,8,tempo_intensity,cnn,2637,10637,68d0e5f-dirty
Subject580,90,0.763035483035483,0.7777777777777778,0.7777777777777778,new,10,8,tempo_intensity,cnn,2637,10637,68d0e5f-dirty
Subject867,60,0.8112169312169313,0.8333333333333334,0.8333333333333334,new,10,8,tempo_intensity,cnn,2637,10637,68d0e5f-dirty
Subject877,60,0.7693650793650794,0.7833333333333333,0.7833333333333333,new,10,8,tempo_intensity,cnn,2637,10637,68d0e5f-dirty
Subject139,60,0.8563684463684464,0.8666666666666667,0.8666666666666667,recorded,10,8,tempo_intensity,cnn,2637,10637,68d0e5f-dirty
Subject226,30,0.8333333333333334,0.8666666666666667,0.8666666666666667,recorded,10,8,tempo_intensity,cnn,2637,10637,68d0e5f-dirty
Subject352,30,0.7555555555555554,0.8,0.8,recorded,10,8,tempo_intensity,cnn,2637,10637,68d0e5f-dirty
Subject455,60,0.8529292929292929,0.8833333333333333,0.8833333333333333,recorded,10,8,tempo_intensity,cnn,2637,10637,68d0e5f-dirty
Subject516,30,1.0,1.0,1.0,recorded,10,8,tempo_intensity,cnn,2637,10637,68d0e5f-dirty
Subject731,30,1.0,1.0,1.0,recorded,10,8,tempo_intensity,cnn,2637,10637,68d0e5f-dirty
Subject890,30,0.8533333333333333,0.8666666666666667,0.8666666666666667,recorded,10,8,tempo_intensity,cnn,2637,10637,68d0e5f-dirty
Subject969,30,0.8533333333333334,0.8666666666666667,0.8666666666666667,recorded,10,8,tempo_intensity,cnn,2637,10637,68d0e5f-dirty
Subject147,31,0.7822222222222222,0.8,0.8064516129032258,new,10,8,plus_placement,cnn,2637,10622,68d0e5f-dirty
Subject353,60,0.6718710918710918,0.7,0.7,new,10,8,plus_placement,cnn,2637,10622,68d0e5f-dirty
Subject571,30,0.7158730158730158,0.7666666666666667,0.7666666666666667,new,10,8,plus_placement,cnn,2637,10622,68d0e5f-dirty
Subject580,90,0.8563895363895363,0.8666666666666667,0.8666666666666667,new,10,8,plus_placement,cnn,2637,10622,68d0e5f-dirty
Subject867,60,0.8372486772486772,0.85,0.85,new,10,8,plus_placement,cnn,2637,10622,68d0e5f-dirty
Subject877,60,0.9111111111111111,0.9333333333333333,0.9333333333333333,new,10,8,plus_placement,cnn,2637,10622,68d0e5f-dirty
Subject139,60,0.8300721500721501,0.8666666666666667,0.8666666666666667,recorded,10,8,plus_placement,cnn,2637,10622,68d0e5f-dirty
Subject226,30,0.8777777777777778,0.9,0.9,recorded,10,8,plus_placement,cnn,2637,10622,68d0e5f-dirty
Subject352,30,0.7333333333333333,0.7666666666666667,0.7666666666666667,recorded,10,8,plus_placement,cnn,2637,10622,68d0e5f-dirty
Subject455,60,1.0,1.0,1.0,recorded,10,8,plus_placement,cnn,2637,10622,68d0e5f-dirty
Subject516,30,1.0,1.0,1.0,recorded,10,8,plus_placement,cnn,2637,10622,68d0e5f-dirty
Subject731,30,0.9644444444444444,0.9666666666666667,0.9666666666666667,recorded,10,8,plus_placement,cnn,2637,10622,68d0e5f-dirty
Subject890,30,0.8222222222222222,0.8666666666666667,0.8666666666666667,recorded,10,8,plus_placement,cnn,2637,10622,68d0e5f-dirty
Subject969,30,0.8333333333333334,0.8666666666666667,0.8666666666666667,recorded,10,8,plus_placement,cnn,2637,10622,68d0e5f-dirty
Subject147,31,0.9644444444444444,0.9666666666666667,0.967741935483871,new,10,17,none,cnn,5152,0,68d0e5f-dirty
Subject353,60,0.718999518999519,0.7333333333333333,0.7333333333333333,new,10,17,none,cnn,5152,0,68d0e5f-dirty
Subject571,30,0.9333333333333332,0.9333333333333333,0.9333333333333333,new,10,17,none,cnn,5152,0,68d0e5f-dirty
Subject580,90,0.9004218004218003,0.9,0.9,new,10,17,none,cnn,5152,0,68d0e5f-dirty
Subject867,60,0.8975132275132276,0.9,0.9,new,10,17,none,cnn,5152,0,68d0e5f-dirty
Subject877,60,1.0,1.0,1.0,new,10,17,none,cnn,5152,0,68d0e5f-dirty
Subject139,60,0.9492063492063493,0.95,0.95,recorded,10,17,none,cnn,5152,0,68d0e5f-dirty
Subject226,30,0.9066666666666667,0.9333333333333333,0.9333333333333333,recorded,10,17,none,cnn,5152,0,68d0e5f-dirty
Subject352,30,0.7866666666666666,0.8333333333333334,0.8333333333333334,recorded,10,17,none,cnn,5152,0,68d0e5f-dirty
Subject354,60,0.9830687830687831,0.9833333333333333,0.9833333333333333,recorded,10,17,none,cnn,5152,0,68d0e5f-dirty
Subject376,60,0.8843915343915344,0.8833333333333333,0.8833333333333333,recorded,10,17,none,cnn,5152,0,68d0e5f-dirty
Subject424,60,0.8899145299145299,0.9,0.9,recorded,10,17,none,cnn,5152,0,68d0e5f-dirty
Subject455,60,0.9830687830687831,0.9833333333333333,0.9833333333333333,recorded,10,17,none,cnn,5152,0,68d0e5f-dirty
Subject494,60,0.9062626262626263,0.9166666666666666,0.9166666666666666,recorded,10,17,none,cnn,5152,0,68d0e5f-dirty
Subject516,30,1.0,1.0,1.0,recorded,10,17,none,cnn,5152,0,68d0e5f-dirty
Subject561,60,0.9278499278499279,0.9333333333333333,0.9333333333333333,recorded,10,17,none,cnn,5152,0,68d0e5f-dirty
Subject611,60,0.9830687830687831,0.9833333333333333,0.9833333333333333,recorded,10,17,none,cnn,5152,0,68d0e5f-dirty
Subject729,60,0.9661375661375662,0.9666666666666667,0.9666666666666667,recorded,10,17,none,cnn,5152,0,68d0e5f-dirty
Subject731,30,0.9288888888888889,0.9333333333333333,0.9333333333333333,recorded,10,17,none,cnn,5152,0,68d0e5f-dirty
Subject741,60,0.9136507936507937,0.9166666666666666,0.9166666666666666,recorded,10,17,none,cnn,5152,0,68d0e5f-dirty
Subject819,60,0.8956228956228957,0.9166666666666666,0.9166666666666666,recorded,10,17,none,cnn,5152,0,68d0e5f-dirty
Subject890,30,0.8955555555555555,0.9,0.9,recorded,10,17,none,cnn,5152,0,68d0e5f-dirty
Subject969,30,0.7977777777777777,0.8333333333333334,0.8333333333333334,recorded,10,17,none,cnn,5152,0,68d0e5f-dirty
Subject147,31,0.9644444444444444,0.9666666666666667,0.967741935483871,new,10,17,tempo_intensity,cnn,5152,20694,68d0e5f-dirty
Subject353,60,0.8045695045695046,0.8166666666666667,0.8166666666666667,new,10,17,tempo_intensity,cnn,5152,20694,68d0e5f-dirty
Subject571,30,0.9644444444444444,0.9666666666666667,0.9666666666666667,new,10,17,tempo_intensity,cnn,5152,20694,68d0e5f-dirty
Subject580,90,0.9141591741591742,0.9222222222222223,0.9222222222222223,new,10,17,tempo_intensity,cnn,5152,20694,68d0e5f-dirty
Subject867,60,0.8562626262626263,0.8666666666666667,0.8666666666666667,new,10,17,tempo_intensity,cnn,5152,20694,68d0e5f-dirty
Subject877,60,0.9830687830687831,0.9833333333333333,0.9833333333333333,new,10,17,tempo_intensity,cnn,5152,20694,68d0e5f-dirty
Subject139,60,0.9644444444444444,0.9666666666666667,0.9666666666666667,recorded,10,17,tempo_intensity,cnn,5152,20694,68d0e5f-dirty
Subject226,30,0.9066666666666667,0.9333333333333333,0.9333333333333333,recorded,10,17,tempo_intensity,cnn,5152,20694,68d0e5f-dirty
Subject352,30,0.7333333333333332,0.8,0.8,recorded,10,17,tempo_intensity,cnn,5152,20694,68d0e5f-dirty
Subject354,60,0.9830687830687831,0.9833333333333333,0.9833333333333333,recorded,10,17,tempo_intensity,cnn,5152,20694,68d0e5f-dirty
Subject376,60,0.8981684981684982,0.9166666666666666,0.9166666666666666,recorded,10,17,tempo_intensity,cnn,5152,20694,68d0e5f-dirty
Subject424,60,0.8600732600732601,0.8833333333333333,0.8833333333333333,recorded,10,17,tempo_intensity,cnn,5152,20694,68d0e5f-dirty
Subject455,60,1.0,1.0,1.0,recorded,10,17,tempo_intensity,cnn,5152,20694,68d0e5f-dirty
Subject494,60,0.962962962962963,0.9666666666666667,0.9666666666666667,recorded,10,17,tempo_intensity,cnn,5152,20694,68d0e5f-dirty
Subject516,30,1.0,1.0,1.0,recorded,10,17,tempo_intensity,cnn,5152,20694,68d0e5f-dirty
Subject561,60,0.9644444444444444,0.9666666666666667,0.9666666666666667,recorded,10,17,tempo_intensity,cnn,5152,20694,68d0e5f-dirty
Subject611,60,0.9664021164021165,0.9666666666666667,0.9666666666666667,recorded,10,17,tempo_intensity,cnn,5152,20694,68d0e5f-dirty
Subject729,60,0.9661375661375663,0.9666666666666667,0.9666666666666667,recorded,10,17,tempo_intensity,cnn,5152,20694,68d0e5f-dirty
Subject731,30,0.8422222222222223,0.8666666666666667,0.8666666666666667,recorded,10,17,tempo_intensity,cnn,5152,20694,68d0e5f-dirty
Subject741,60,0.9153439153439152,0.9166666666666666,0.9166666666666666,recorded,10,17,tempo_intensity,cnn,5152,20694,68d0e5f-dirty
Subject819,60,0.8603174603174603,0.8833333333333333,0.8833333333333333,recorded,10,17,tempo_intensity,cnn,5152,20694,68d0e5f-dirty
Subject890,30,0.7936507936507937,0.8333333333333334,0.8333333333333334,recorded,10,17,tempo_intensity,cnn,5152,20694,68d0e5f-dirty
Subject969,30,0.8222222222222222,0.8666666666666667,0.8666666666666667,recorded,10,17,tempo_intensity,cnn,5152,20694,68d0e5f-dirty
Subject147,31,0.9644444444444444,0.9666666666666667,0.967741935483871,new,10,17,plus_placement,cnn,5152,20959,68d0e5f-dirty
Subject353,60,0.8328042328042327,0.8333333333333334,0.8333333333333334,new,10,17,plus_placement,cnn,5152,20959,68d0e5f-dirty
Subject571,30,0.9644444444444444,0.9666666666666667,0.9666666666666667,new,10,17,plus_placement,cnn,5152,20959,68d0e5f-dirty
Subject580,90,0.9187745587745586,0.9222222222222222,0.9222222222222223,new,10,17,plus_placement,cnn,5152,20959,68d0e5f-dirty
Subject867,60,0.8950456950456952,0.9,0.9,new,10,17,plus_placement,cnn,5152,20959,68d0e5f-dirty
Subject877,60,1.0,1.0,1.0,new,10,17,plus_placement,cnn,5152,20959,68d0e5f-dirty
Subject139,60,1.0,1.0,1.0,recorded,10,17,plus_placement,cnn,5152,20959,68d0e5f-dirty
Subject226,30,0.8711111111111111,0.9,0.9,recorded,10,17,plus_placement,cnn,5152,20959,68d0e5f-dirty
Subject352,30,0.9288888888888889,0.9333333333333333,0.9333333333333333,recorded,10,17,plus_placement,cnn,5152,20959,68d0e5f-dirty
Subject354,60,0.9830687830687831,0.9833333333333333,0.9833333333333333,recorded,10,17,plus_placement,cnn,5152,20959,68d0e5f-dirty
Subject376,60,0.8843915343915344,0.8833333333333333,0.8833333333333333,recorded,10,17,plus_placement,cnn,5152,20959,68d0e5f-dirty
Subject424,60,0.8603174603174604,0.8833333333333333,0.8833333333333333,recorded,10,17,plus_placement,cnn,5152,20959,68d0e5f-dirty
Subject455,60,1.0,1.0,1.0,recorded,10,17,plus_placement,cnn,5152,20959,68d0e5f-dirty
Subject494,60,0.8503030303030303,0.8666666666666667,0.8666666666666667,recorded,10,17,plus_placement,cnn,5152,20959,68d0e5f-dirty
Subject516,30,1.0,1.0,1.0,recorded,10,17,plus_placement,cnn,5152,20959,68d0e5f-dirty
Subject561,60,0.9418181818181818,0.95,0.95,recorded,10,17,plus_placement,cnn,5152,20959,68d0e5f-dirty
Subject611,60,0.9830687830687831,0.9833333333333333,0.9833333333333333,recorded,10,17,plus_placement,cnn,5152,20959,68d0e5f-dirty
Subject729,60,0.9830687830687831,0.9833333333333333,0.9833333333333333,recorded,10,17,plus_placement,cnn,5152,20959,68d0e5f-dirty
Subject731,30,0.9644444444444444,0.9666666666666667,0.9666666666666667,recorded,10,17,plus_placement,cnn,5152,20959,68d0e5f-dirty
Subject741,60,0.9666666666666667,0.9666666666666667,0.9666666666666667,recorded,10,17,plus_placement,cnn,5152,20959,68d0e5f-dirty
Subject819,60,0.8956228956228957,0.9166666666666666,0.9166666666666666,recorded,10,17,plus_placement,cnn,5152,20959,68d0e5f-dirty
Subject890,30,1.0,1.0,1.0,recorded,10,17,plus_placement,cnn,5152,20959,68d0e5f-dirty
Subject969,30,0.7980952380952381,0.8333333333333334,0.8333333333333334,recorded,10,17,plus_placement,cnn,5152,20959,68d0e5f-dirty
Subject139,60,0.5783982683982684,0.6333333333333333,0.6333333333333333,new,11,2,none,cnn,541,0,68d0e5f-dirty
Subject352,30,0.6222222222222222,0.6666666666666666,0.6666666666666666,new,11,2,none,cnn,541,0,68d0e5f-dirty
Subject354,60,0.6103570503570505,0.6666666666666666,0.6666666666666666,new,11,2,none,cnn,541,0,68d0e5f-dirty
Subject580,90,0.5761834072360389,0.6222222222222221,0.6222222222222222,new,11,2,none,cnn,541,0,68d0e5f-dirty
Subject819,60,0.5519769119769119,0.5833333333333334,0.5833333333333334,new,11,2,none,cnn,541,0,68d0e5f-dirty
Subject867,60,0.688008658008658,0.7166666666666667,0.7166666666666667,new,11,2,none,cnn,541,0,68d0e5f-dirty
Subject424,60,0.8359980759980761,0.8666666666666667,0.8666666666666667,recorded,11,2,none,cnn,541,0,68d0e5f-dirty
Subject731,30,0.7092063492063493,0.7666666666666667,0.7666666666666667,recorded,11,2,none,cnn,541,0,68d0e5f-dirty
Subject139,60,0.5919047619047618,0.65,0.65,new,11,2,tempo_intensity,cnn,541,2210,68d0e5f-dirty
Subject352,30,0.5914285714285713,0.6333333333333333,0.6333333333333333,new,11,2,tempo_intensity,cnn,541,2210,68d0e5f-dirty
Subject354,60,0.6325925925925927,0.6833333333333333,0.6833333333333333,new,11,2,tempo_intensity,cnn,541,2210,68d0e5f-dirty
Subject580,90,0.5702501202501202,0.6222222222222221,0.6222222222222222,new,11,2,tempo_intensity,cnn,541,2210,68d0e5f-dirty
Subject819,60,0.5407407407407407,0.5666666666666667,0.5666666666666667,new,11,2,tempo_intensity,cnn,541,2210,68d0e5f-dirty
Subject867,60,0.5105820105820105,0.5333333333333333,0.5333333333333333,new,11,2,tempo_intensity,cnn,541,2210,68d0e5f-dirty
Subject424,60,0.8063166463166465,0.8333333333333334,0.8333333333333334,recorded,11,2,tempo_intensity,cnn,541,2210,68d0e5f-dirty
Subject731,30,0.76,0.8,0.8,recorded,11,2,tempo_intensity,cnn,541,2210,68d0e5f-dirty
Subject139,60,0.6488888888888888,0.7,0.7,new,11,2,plus_placement,cnn,541,2203,68d0e5f-dirty
Subject352,30,0.3380952380952381,0.43333333333333335,0.43333333333333335,new,11,2,plus_placement,cnn,541,2203,68d0e5f-dirty
Subject354,60,0.5288023088023088,0.6,0.6,new,11,2,plus_placement,cnn,541,2203,68d0e5f-dirty
Subject580,90,0.48096531487835836,0.5444444444444444,0.5444444444444444,new,11,2,plus_placement,cnn,541,2203,68d0e5f-dirty
Subject819,60,0.5002715802715803,0.5666666666666667,0.5666666666666667,new,11,2,plus_placement,cnn,541,2203,68d0e5f-dirty
Subject867,60,0.6059644059644059,0.6666666666666666,0.6666666666666666,new,11,2,plus_placement,cnn,541,2203,68d0e5f-dirty
Subject424,60,0.8503703703703704,0.8833333333333333,0.8833333333333333,recorded,11,2,plus_placement,cnn,541,2203,68d0e5f-dirty
Subject731,30,0.6711111111111111,0.7333333333333333,0.7333333333333333,recorded,11,2,plus_placement,cnn,541,2203,68d0e5f-dirty
Subject139,60,0.6814814814814816,0.7166666666666667,0.7166666666666667,new,11,4,none,cnn,1178,0,68d0e5f-dirty
Subject352,30,0.8177777777777777,0.8666666666666667,0.8666666666666667,new,11,4,none,cnn,1178,0,68d0e5f-dirty
Subject354,60,0.6801250601250601,0.7333333333333333,0.7333333333333333,new,11,4,none,cnn,1178,0,68d0e5f-dirty
Subject580,90,0.735892995892996,0.7333333333333335,0.7333333333333333,new,11,4,none,cnn,1178,0,68d0e5f-dirty
Subject819,60,0.584021164021164,0.65,0.65,new,11,4,none,cnn,1178,0,68d0e5f-dirty
Subject867,60,0.6982395382395382,0.7333333333333333,0.7333333333333333,new,11,4,none,cnn,1178,0,68d0e5f-dirty
Subject424,60,0.8011988011988012,0.8333333333333334,0.8333333333333334,recorded,11,4,none,cnn,1178,0,68d0e5f-dirty
Subject455,60,0.835998075998076,0.8666666666666667,0.8666666666666667,recorded,11,4,none,cnn,1178,0,68d0e5f-dirty
Subject571,30,0.7892063492063492,0.8333333333333334,0.8333333333333334,recorded,11,4,none,cnn,1178,0,68d0e5f-dirty
Subject731,30,0.8158730158730159,0.8333333333333334,0.8333333333333334,recorded,11,4,none,cnn,1178,0,68d0e5f-dirty
Subject139,60,0.5758730158730159,0.6166666666666667,0.6166666666666667,new,11,4,tempo_intensity,cnn,1178,4712,68d0e5f-dirty
Subject352,30,0.7955555555555555,0.8333333333333334,0.8333333333333334,new,11,4,tempo_intensity,cnn,1178,4712,68d0e5f-dirty
Subject354,60,0.6509727309727309,0.7,0.7,new,11,4,tempo_intensity,cnn,1178,4712,68d0e5f-dirty
Subject580,90,0.6696100196100195,0.6666666666666666,0.6666666666666666,new,11,4,tempo_intensity,cnn,1178,4712,68d0e5f-dirty
Subject819,60,0.5075324675324676,0.5833333333333334,0.5833333333333334,new,11,4,tempo_intensity,cnn,1178,4712,68d0e5f-dirty
Subject867,60,0.6713419913419912,0.7,0.7,new,11,4,tempo_intensity,cnn,1178,4712,68d0e5f-dirty
Subject424,60,0.701978021978022,0.75,0.75,recorded,11,4,tempo_intensity,cnn,1178,4712,68d0e5f-dirty
Subject455,60,0.7722425722425722,0.8166666666666667,0.8166666666666667,recorded,11,4,tempo_intensity,cnn,1178,4712,68d0e5f-dirty
Subject571,30,0.7936507936507937,0.8333333333333334,0.8333333333333334,recorded,11,4,tempo_intensity,cnn,1178,4712,68d0e5f-dirty
Subject731,30,0.8603174603174603,0.8666666666666667,0.8666666666666667,recorded,11,4,tempo_intensity,cnn,1178,4712,68d0e5f-dirty
Subject139,60,0.6793650793650793,0.7166666666666667,0.7166666666666667,new,11,4,plus_placement,cnn,1178,4840,68d0e5f-dirty
Subject352,30,0.7288888888888888,0.7666666666666667,0.7666666666666667,new,11,4,plus_placement,cnn,1178,4840,68d0e5f-dirty
Subject354,60,0.7551515151515151,0.7833333333333333,0.7833333333333333,new,11,4,plus_placement,cnn,1178,4840,68d0e5f-dirty
Subject580,90,0.7722677322677323,0.7666666666666668,0.7666666666666667,new,11,4,plus_placement,cnn,1178,4840,68d0e5f-dirty
Subject819,60,0.6400814000814001,0.6833333333333333,0.6833333333333333,new,11,4,plus_placement,cnn,1178,4840,68d0e5f-dirty
Subject867,60,0.7695430495430495,0.7833333333333333,0.7833333333333333,new,11,4,plus_placement,cnn,1178,4840,68d0e5f-dirty
Subject424,60,0.7788034188034189,0.7833333333333333,0.7833333333333333,recorded,11,4,plus_placement,cnn,1178,4840,68d0e5f-dirty
Subject455,60,0.8721885521885522,0.9,0.9,recorded,11,4,plus_placement,cnn,1178,4840,68d0e5f-dirty
Subject571,30,0.9111111111111111,0.9333333333333333,0.9333333333333333,recorded,11,4,plus_placement,cnn,1178,4840,68d0e5f-dirty
Subject731,30,0.6777777777777778,0.7333333333333333,0.7333333333333333,recorded,11,4,plus_placement,cnn,1178,4840,68d0e5f-dirty
Subject139,60,0.7822222222222222,0.8333333333333334,0.8333333333333334,new,11,8,none,cnn,2537,0,68d0e5f-dirty
Subject352,30,0.7511111111111112,0.8,0.8,new,11,8,none,cnn,2537,0,68d0e5f-dirty
Subject354,60,0.9136507936507937,0.9166666666666666,0.9166666666666666,new,11,8,none,cnn,2537,0,68d0e5f-dirty
Subject580,90,0.7901276501276501,0.7888888888888891,0.7888888888888889,new,11,8,none,cnn,2537,0,68d0e5f-dirty
Subject819,60,0.7437037037037038,0.8,0.8,new,11,8,none,cnn,2537,0,68d0e5f-dirty
Subject867,60,0.8008658008658008,0.8166666666666667,0.8166666666666667,new,11,8,none,cnn,2537,0,68d0e5f-dirty
Subject424,60,0.7733333333333334,0.8166666666666667,0.8166666666666667,recorded,11,8,none,cnn,2537,0,68d0e5f-dirty
Subject455,60,0.8867724867724868,0.9,0.9,recorded,11,8,none,cnn,2537,0,68d0e5f-dirty
Subject516,30,1.0,1.0,1.0,recorded,11,8,none,cnn,2537,0,68d0e5f-dirty
Subject571,30,0.9111111111111111,0.9333333333333333,0.9333333333333333,recorded,11,8,none,cnn,2537,0,68d0e5f-dirty
Subject731,30,0.8444444444444446,0.8666666666666667,0.8666666666666667,recorded,11,8,none,cnn,2537,0,68d0e5f-dirty
Subject877,60,0.9288888888888888,0.9333333333333333,0.9333333333333333,recorded,11,8,none,cnn,2537,0,68d0e5f-dirty
Subject890,30,0.8422222222222222,0.8666666666666667,0.8666666666666667,recorded,11,8,none,cnn,2537,0,68d0e5f-dirty
Subject969,30,0.8825396825396825,0.9,0.9,recorded,11,8,none,cnn,2537,0,68d0e5f-dirty
Subject139,60,0.7855218855218855,0.8333333333333334,0.8333333333333334,new,11,8,tempo_intensity,cnn,2537,10168,68d0e5f-dirty
Subject352,30,0.7866666666666667,0.8333333333333334,0.8333333333333334,new,11,8,tempo_intensity,cnn,2537,10168,68d0e5f-dirty
Subject354,60,0.9077441077441077,0.9333333333333333,0.9333333333333333,new,11,8,tempo_intensity,cnn,2537,10168,68d0e5f-dirty
Subject580,90,0.7707376283846872,0.7666666666666667,0.7666666666666667,new,11,8,tempo_intensity,cnn,2537,10168,68d0e5f-dirty
Subject819,60,0.6948532948532947,0.7666666666666667,0.7666666666666667,new,11,8,tempo_intensity,cnn,2537,10168,68d0e5f-dirty
Subject867,60,0.8430880230880231,0.85,0.85,new,11,8,tempo_intensity,cnn,2537,10168,68d0e5f-dirty
Subject424,60,0.8232478632478633,0.85,0.85,recorded,11,8,tempo_intensity,cnn,2537,10168,68d0e5f-dirty
Subject455,60,0.874074074074074,0.9,0.9,recorded,11,8,tempo_intensity,cnn,2537,10168,68d0e5f-dirty
Subject516,30,0.9644444444444444,0.9666666666666667,0.9666666666666667,recorded,11,8,tempo_intensity,cnn,2537,10168,68d0e5f-dirty
Subject571,30,0.9111111111111111,0.9333333333333333,0.9333333333333333,recorded,11,8,tempo_intensity,cnn,2537,10168,68d0e5f-dirty
Subject731,30,0.731111111111111,0.7666666666666667,0.7666666666666667,recorded,11,8,tempo_intensity,cnn,2537,10168,68d0e5f-dirty
Subject877,60,0.9305820105820106,0.9333333333333333,0.9333333333333333,recorded,11,8,tempo_intensity,cnn,2537,10168,68d0e5f-dirty
Subject890,30,0.846984126984127,0.8666666666666667,0.8666666666666667,recorded,11,8,tempo_intensity,cnn,2537,10168,68d0e5f-dirty
Subject969,30,0.8825396825396825,0.9,0.9,recorded,11,8,tempo_intensity,cnn,2537,10168,68d0e5f-dirty
Subject139,60,0.7644444444444445,0.8166666666666667,0.8166666666666667,new,11,8,plus_placement,cnn,2537,10228,68d0e5f-dirty
Subject352,30,0.8755555555555555,0.9,0.9,new,11,8,plus_placement,cnn,2537,10228,68d0e5f-dirty
Subject354,60,0.8882539682539683,0.9166666666666666,0.9166666666666666,new,11,8,plus_placement,cnn,2537,10228,68d0e5f-dirty
Subject580,90,0.8055633255633254,0.8111111111111111,0.8111111111111111,new,11,8,plus_placement,cnn,2537,10228,68d0e5f-dirty
Subject819,60,0.693987493987494,0.7666666666666667,0.7666666666666667,new,11,8,plus_placement,cnn,2537,10228,68d0e5f-dirty
Subject867,60,0.7901261701261701,0.8,0.8,new,11,8,plus_placement,cnn,2537,10228,68d0e5f-dirty
Subject424,60,0.7733333333333334,0.8166666666666667,0.8166666666666667,recorded,11,8,plus_placement,cnn,2537,10228,68d0e5f-dirty
Subject455,60,0.8941798941798942,0.9166666666666666,0.9166666666666666,recorded,11,8,plus_placement,cnn,2537,10228,68d0e5f-dirty
Subject516,30,0.9644444444444444,0.9666666666666667,0.9666666666666667,recorded,11,8,plus_placement,cnn,2537,10228,68d0e5f-dirty
Subject571,30,0.9111111111111111,0.9333333333333333,0.9333333333333333,recorded,11,8,plus_placement,cnn,2537,10228,68d0e5f-dirty
Subject731,30,0.7714285714285715,0.8,0.8,recorded,11,8,plus_placement,cnn,2537,10228,68d0e5f-dirty
Subject877,60,0.911957671957672,0.9166666666666666,0.9166666666666666,recorded,11,8,plus_placement,cnn,2537,10228,68d0e5f-dirty
Subject890,30,0.8444444444444444,0.8666666666666667,0.8666666666666667,recorded,11,8,plus_placement,cnn,2537,10228,68d0e5f-dirty
Subject969,30,0.8825396825396825,0.9,0.9,recorded,11,8,plus_placement,cnn,2537,10228,68d0e5f-dirty
Subject139,60,0.9492063492063493,0.95,0.95,new,11,17,none,cnn,5096,0,68d0e5f-dirty
Subject352,30,0.7866666666666667,0.8333333333333334,0.8333333333333334,new,11,17,none,cnn,5096,0,68d0e5f-dirty
Subject354,60,0.9830687830687831,0.9833333333333333,0.9833333333333333,new,11,17,none,cnn,5096,0,68d0e5f-dirty
Subject580,90,0.8900099900099898,0.888888888888889,0.8888888888888888,new,11,17,none,cnn,5096,0,68d0e5f-dirty
Subject819,60,0.8456817256817257,0.8666666666666667,0.8666666666666667,new,11,17,none,cnn,5096,0,68d0e5f-dirty
Subject867,60,0.9661375661375663,0.9666666666666667,0.9666666666666667,new,11,17,none,cnn,5096,0,68d0e5f-dirty
Subject147,31,1.0,1.0,1.0,recorded,11,17,none,cnn,5096,0,68d0e5f-dirty
Subject226,30,0.9644444444444444,0.9666666666666667,0.9666666666666667,recorded,11,17,none,cnn,5096,0,68d0e5f-dirty
Subject353,60,0.7928042328042328,0.8,0.8,recorded,11,17,none,cnn,5096,0,68d0e5f-dirty
Subject376,60,0.9282539682539682,0.9333333333333333,0.9333333333333333,recorded,11,17,none,cnn,5096,0,68d0e5f-dirty
Subject424,60,0.9644444444444444,0.9666666666666667,0.9666666666666667,recorded,11,17,none,cnn,5096,0,68d0e5f-dirty
Subject455,60,0.9830687830687831,0.9833333333333333,0.9833333333333333,recorded,11,17,none,cnn,5096,0,68d0e5f-dirty
Subject494,60,0.962962962962963,0.9666666666666667,0.9666666666666667,recorded,11,17,none,cnn,5096,0,68d0e5f-dirty
Subject516,30,0.9644444444444444,0.9666666666666667,0.9666666666666667,recorded,11,17,none,cnn,5096,0,68d0e5f-dirty
Subject561,60,0.9475132275132275,0.95,0.95,recorded,11,17,none,cnn,5096,0,68d0e5f-dirty
Subject571,30,0.9644444444444444,0.9666666666666667,0.9666666666666667,recorded,11,17,none,cnn,5096,0,68d0e5f-dirty
Subject611,60,0.9661375661375663,0.9666666666666667,0.9666666666666667,recorded,11,17,none,cnn,5096,0,68d0e5f-dirty
Subject729,60,0.9164021164021164,0.9166666666666666,0.9166666666666666,recorded,11,17,none,cnn,5096,0,68d0e5f-dirty
Subject731,30,0.9288888888888889,0.9333333333333333,0.9333333333333333,recorded,11,17,none,cnn,5096,0,68d0e5f-dirty
Subject741,60,0.9661375661375662,0.9666666666666667,0.9666666666666667,recorded,11,17,none,cnn,5096,0,68d0e5f-dirty
Subject877,60,1.0,1.0,1.0,recorded,11,17,none,cnn,5096,0,68d0e5f-dirty
Subject890,30,0.9288888888888889,0.9333333333333333,0.9333333333333333,recorded,11,17,none,cnn,5096,0,68d0e5f-dirty
Subject969,30,0.9111111111111111,0.9333333333333333,0.9333333333333333,recorded,11,17,none,cnn,5096,0,68d0e5f-dirty
Subject139,60,0.924886964886965,0.9333333333333333,0.9333333333333333,new,11,17,tempo_intensity,cnn,5096,20696,68d0e5f-dirty
Subject352,30,0.8088888888888889,0.8333333333333334,0.8333333333333334,new,11,17,tempo_intensity,cnn,5096,20696,68d0e5f-dirty
Subject354,60,0.9644444444444444,0.9666666666666667,0.9666666666666667,new,11,17,tempo_intensity,cnn,5096,20696,68d0e5f-dirty
Subject580,90,0.8904184704184704,0.8888888888888891,0.8888888888888888,new,11,17,tempo_intensity,cnn,5096,20696,68d0e5f-dirty
Subject819,60,0.7105820105820106,0.7666666666666667,0.7666666666666667,new,11,17,tempo_intensity,cnn,5096,20696,68d0e5f-dirty
Subject867,60,0.9475132275132275,0.95,0.95,new,11,17,tempo_intensity,cnn,5096,20696,68d0e5f-dirty
Subject147,31,1.0,1.0,1.0,recorded,11,17,tempo_intensity,cnn,5096,20696,68d0e5f-dirty
Subject226,30,1.0,1.0,1.0,recorded,11,17,tempo_intensity,cnn,5096,20696,68d0e5f-dirty
Subject353,60,0.841025641025641,0.8666666666666667,0.8666666666666667,recorded,11,17,tempo_intensity,cnn,5096,20696,68d0e5f-dirty
Subject376,60,0.9349206349206349,0.9333333333333333,0.9333333333333333,recorded,11,17,tempo_intensity,cnn,5096,20696,68d0e5f-dirty
Subject424,60,0.9830687830687831,0.9833333333333333,0.9833333333333333,recorded,11,17,tempo_intensity,cnn,5096,20696,68d0e5f-dirty
Subject455,60,0.9830687830687831,0.9833333333333333,0.9833333333333333,recorded,11,17,tempo_intensity,cnn,5096,20696,68d0e5f-dirty
Subject494,60,0.9111111111111111,0.9333333333333333,0.9333333333333333,recorded,11,17,tempo_intensity,cnn,5096,20696,68d0e5f-dirty
Subject516,30,0.9311111111111111,0.9333333333333333,0.9333333333333333,recorded,11,17,tempo_intensity,cnn,5096,20696,68d0e5f-dirty
Subject561,60,0.8603174603174604,0.8833333333333333,0.8833333333333333,recorded,11,17,tempo_intensity,cnn,5096,20696,68d0e5f-dirty
Subject571,30,0.8333333333333334,0.8666666666666667,0.8666666666666667,recorded,11,17,tempo_intensity,cnn,5096,20696,68d0e5f-dirty
Subject611,60,0.9475132275132275,0.95,0.95,recorded,11,17,tempo_intensity,cnn,5096,20696,68d0e5f-dirty
Subject729,60,0.8941798941798942,0.9166666666666666,0.9166666666666666,recorded,11,17,tempo_intensity,cnn,5096,20696,68d0e5f-dirty
Subject731,30,0.84,0.8666666666666667,0.8666666666666667,recorded,11,17,tempo_intensity,cnn,5096,20696,68d0e5f-dirty
Subject741,60,0.9644444444444444,0.9666666666666667,0.9666666666666667,recorded,11,17,tempo_intensity,cnn,5096,20696,68d0e5f-dirty
Subject877,60,1.0,1.0,1.0,recorded,11,17,tempo_intensity,cnn,5096,20696,68d0e5f-dirty
Subject890,30,0.9288888888888889,0.9333333333333333,0.9333333333333333,recorded,11,17,tempo_intensity,cnn,5096,20696,68d0e5f-dirty
Subject969,30,0.8222222222222222,0.8333333333333334,0.8333333333333334,recorded,11,17,tempo_intensity,cnn,5096,20696,68d0e5f-dirty
Subject139,60,0.9492063492063493,0.95,0.95,new,11,17,plus_placement,cnn,5096,20716,68d0e5f-dirty
Subject352,30,0.7533333333333333,0.8,0.8,new,11,17,plus_placement,cnn,5096,20716,68d0e5f-dirty
Subject354,60,0.9473544973544974,0.95,0.95,new,11,17,plus_placement,cnn,5096,20716,68d0e5f-dirty
Subject580,90,0.8905124505124505,0.9,0.9,new,11,17,plus_placement,cnn,5096,20716,68d0e5f-dirty
Subject819,60,0.8810774410774411,0.9,0.9,new,11,17,plus_placement,cnn,5096,20716,68d0e5f-dirty
Subject867,60,0.9151515151515153,0.9166666666666666,0.9166666666666666,new,11,17,plus_placement,cnn,5096,20716,68d0e5f-dirty
Subject147,31,1.0,1.0,1.0,recorded,11,17,plus_placement,cnn,5096,20716,68d0e5f-dirty
Subject226,30,0.8825396825396825,0.9,0.9,recorded,11,17,plus_placement,cnn,5096,20716,68d0e5f-dirty
Subject353,60,0.8830687830687831,0.8833333333333333,0.8833333333333333,recorded,11,17,plus_placement,cnn,5096,20716,68d0e5f-dirty
Subject376,60,0.912136752136752,0.9166666666666666,0.9166666666666666,recorded,11,17,plus_placement,cnn,5096,20716,68d0e5f-dirty
Subject424,60,0.8952055352055353,0.9,0.9,recorded,11,17,plus_placement,cnn,5096,20716,68d0e5f-dirty
Subject455,60,0.9644444444444444,0.9666666666666667,0.9666666666666667,recorded,11,17,plus_placement,cnn,5096,20716,68d0e5f-dirty
Subject494,60,0.9111111111111111,0.9333333333333333,0.9333333333333333,recorded,11,17,plus_placement,cnn,5096,20716,68d0e5f-dirty
Subject516,30,0.9644444444444444,0.9666666666666667,0.9666666666666667,recorded,11,17,plus_placement,cnn,5096,20716,68d0e5f-dirty
Subject561,60,0.9644444444444444,0.9666666666666667,0.9666666666666667,recorded,11,17,plus_placement,cnn,5096,20716,68d0e5f-dirty
Subject571,30,0.8755555555555555,0.9,0.9,recorded,11,17,plus_placement,cnn,5096,20716,68d0e5f-dirty
Subject611,60,0.9475132275132275,0.95,0.95,recorded,11,17,plus_placement,cnn,5096,20716,68d0e5f-dirty
Subject729,60,0.9661375661375663,0.9666666666666667,0.9666666666666667,recorded,11,17,plus_placement,cnn,5096,20716,68d0e5f-dirty
Subject731,30,0.9288888888888888,0.9333333333333333,0.9333333333333333,recorded,11,17,plus_placement,cnn,5096,20716,68d0e5f-dirty
Subject741,60,0.9661375661375662,0.9666666666666667,0.9666666666666667,recorded,11,17,plus_placement,cnn,5096,20716,68d0e5f-dirty
Subject877,60,1.0,1.0,1.0,recorded,11,17,plus_placement,cnn,5096,20716,68d0e5f-dirty
Subject890,30,0.9644444444444444,0.9666666666666667,0.9666666666666667,recorded,11,17,plus_placement,cnn,5096,20716,68d0e5f-dirty
Subject969,30,0.8977777777777778,0.9,0.9,recorded,11,17,plus_placement,cnn,5096,20716,68d0e5f-dirty
Subject424,60,0.38222222222222224,0.4666666666666667,0.4666666666666667,new,12,2,none,cnn,749,0,68d0e5f-dirty
Subject611,60,0.6903570503570504,0.7333333333333333,0.7333333333333333,new,12,2,none,cnn,749,0,68d0e5f-dirty
Subject731,30,0.6422222222222221,0.7,0.7,new,12,2,none,cnn,749,0,68d0e5f-dirty
Subject867,60,0.6625925925925926,0.6833333333333333,0.6833333333333333,new,12,2,none,cnn,749,0,68d0e5f-dirty
Subject890,30,0.5917460317460317,0.6666666666666666,0.6666666666666666,new,12,2,none,cnn,749,0,68d0e5f-dirty
Subject969,30,0.6,0.6666666666666666,0.6666666666666666,new,12,2,none,cnn,749,0,68d0e5f-dirty
Subject571,30,0.8825396825396825,0.9,0.9,recorded,12,2,none,cnn,749,0,68d0e5f-dirty
Subject819,60,0.7185185185185186,0.7666666666666667,0.7666666666666667,recorded,12,2,none,cnn,749,0,68d0e5f-dirty
Subject424,60,0.35757575757575755,0.43333333333333335,0.43333333333333335,new,12,2,tempo_intensity,cnn,749,3070,68d0e5f-dirty
Subject611,60,0.6002849002849003,0.65,0.65,new,12,2,tempo_intensity,cnn,749,3070,68d0e5f-dirty
Subject731,30,0.5740740740740741,0.6333333333333333,0.6333333333333333,new,12,2,tempo_intensity,cnn,749,3070,68d0e5f-dirty
Subject867,60,0.49703703703703705,0.5333333333333333,0.5333333333333333,new,12,2,tempo_intensity,cnn,749,3070,68d0e5f-dirty
Subject890,30,0.4279202279202279,0.5,0.5,new,12,2,tempo_intensity,cnn,749,3070,68d0e5f-dirty
Subject969,30,0.6,0.6666666666666666,0.6666666666666666,new,12,2,tempo_intensity,cnn,749,3070,68d0e5f-dirty
Subject571,30,0.6492063492063491,0.7,0.7,recorded,12,2,tempo_intensity,cnn,749,3070,68d0e5f-dirty
Subject819,60,0.6738491138491138,0.7166666666666667,0.7166666666666667,recorded,12,2,tempo_intensity,cnn,749,3070,68d0e5f-dirty
Subject424,60,0.37683501683501686,0.4666666666666667,0.4666666666666667,new,12,2,plus_placement,cnn,749,2981,68d0e5f-dirty
Subject611,60,0.7367388167388168,0.7833333333333333,0.7833333333333333,new,12,2,plus_placement,cnn,749,2981,68d0e5f-dirty
Subject731,30,0.546984126984127,0.6333333333333333,0.6333333333333333,new,12,2,plus_placement,cnn,749,2981,68d0e5f-dirty
Subject867,60,0.7016257816257816,0.7166666666666667,0.7166666666666667,new,12,2,plus_placement,cnn,749,2981,68d0e5f-dirty
Subject890,30,0.6562962962962964,0.7,0.7,new,12,2,plus_placement,cnn,749,2981,68d0e5f-dirty
Subject969,30,0.6025396825396825,0.6666666666666666,0.6666666666666666,new,12,2,plus_placement,cnn,749,2981,68d0e5f-dirty
Subject571,30,0.8755555555555555,0.9,0.9,recorded,12,2,plus_placement,cnn,749,2981,68d0e5f-dirty
Subject819,60,0.7849602249602249,0.8166666666666667,0.8166666666666667,recorded,12,2,plus_placement,cnn,749,2981,68d0e5f-dirty
Subject424,60,0.6310785510785512,0.7,0.7,new,12,4,none,cnn,1241,0,68d0e5f-dirty
Subject611,60,0.623030303030303,0.6833333333333333,0.6833333333333333,new,12,4,none,cnn,1241,0,68d0e5f-dirty
Subject731,30,0.7177777777777778,0.7666666666666667,0.7666666666666667,new,12,4,none,cnn,1241,0,68d0e5f-dirty
Subject867,60,0.7328042328042329,0.75,0.75,new,12,4,none,cnn,1241,0,68d0e5f-dirty
Subject890,30,0.8333333333333334,0.8666666666666667,0.8666666666666667,new,12,4,none,cnn,1241,0,68d0e5f-dirty
Subject969,30,0.6025396825396825,0.6666666666666666,0.6666666666666666,new,12,4,none,cnn,1241,0,68d0e5f-dirty
Subject516,30,0.8333333333333334,0.8666666666666667,0.8666666666666667,recorded,12,4,none,cnn,1241,0,68d0e5f-dirty
Subject571,30,0.8755555555555555,0.9,0.9,recorded,12,4,none,cnn,1241,0,68d0e5f-dirty
Subject741,60,0.7858922558922559,0.8,0.8,recorded,12,4,none,cnn,1241,0,68d0e5f-dirty
Subject819,60,0.8001058201058201,0.8333333333333334,0.8333333333333334,recorded,12,4,none,cnn,1241,0,68d0e5f-dirty
Subject424,60,0.6037229437229438,0.6666666666666666,0.6666666666666666,new,12,4,tempo_intensity,cnn,1241,5025,68d0e5f-dirty
Subject611,60,0.7415873015873016,0.75,0.75,new,12,4,tempo_intensity,cnn,1241,5025,68d0e5f-dirty
Subject731,30,0.7825396825396825,0.8,0.8,new,12,4,tempo_intensity,cnn,1241,5025,68d0e5f-dirty
Subject867,60,0.6661579161579162,0.7,0.7,new,12,4,tempo_intensity,cnn,1241,5025,68d0e5f-dirty
Subject890,30,0.8444444444444444,0.8666666666666667,0.8666666666666667,new,12,4,tempo_intensity,cnn,1241,5025,68d0e5f-dirty
Subject969,30,0.611111111111111,0.6666666666666666,0.6666666666666666,new,12,4,tempo_intensity,cnn,1241,5025,68d0e5f-dirty
Subject516,30,0.9333333333333332,0.9333333333333333,0.9333333333333333,recorded,12,4,tempo_intensity,cnn,1241,5025,68d0e5f-dirty
Subject571,30,0.8222222222222222,0.8666666666666667,0.8666666666666667,recorded,12,4,tempo_intensity,cnn,1241,5025,68d0e5f-dirty
Subject741,60,0.7923280423280424,0.8166666666666667,0.8166666666666667,recorded,12,4,tempo_intensity,cnn,1241,5025,68d0e5f-dirty
Subject819,60,0.8240740740740741,0.85,0.85,recorded,12,4,tempo_intensity,cnn,1241,5025,68d0e5f-dirty
Subject424,60,0.6748880748880749,0.7333333333333333,0.7333333333333333,new,12,4,plus_placement,cnn,1241,5083,68d0e5f-dirty
Subject611,60,0.6284848484848485,0.6833333333333333,0.6833333333333333,new,12,4,plus_placement,cnn,1241,5083,68d0e5f-dirty
Subject731,30,0.674074074074074,0.7333333333333333,0.7333333333333333,new,12,4,plus_placement,cnn,1241,5083,68d0e5f-dirty
Subject867,60,0.7443589743589744,0.7666666666666667,0.7666666666666667,new,12,4,plus_placement,cnn,1241,5083,68d0e5f-dirty
Subject890,30,0.8333333333333334,0.8666666666666667,0.8666666666666667,new,12,4,plus_placement,cnn,1241,5083,68d0e5f-dirty
Subject969,30,0.6,0.6666666666666666,0.6666666666666666,new,12,4,plus_placement,cnn,1241,5083,68d0e5f-dirty
Subject516,30,0.8380952380952381,0.8666666666666667,0.8666666666666667,recorded,12,4,plus_placement,cnn,1241,5083,68d0e5f-dirty
Subject571,30,0.8555555555555555,0.8666666666666667,0.8666666666666667,recorded,12,4,plus_placement,cnn,1241,5083,68d0e5f-dirty
Subject741,60,0.8126647426647426,0.8333333333333334,0.8333333333333334,recorded,12,4,plus_placement,cnn,1241,5083,68d0e5f-dirty
Subject819,60,0.8277777777777777,0.85,0.85,recorded,12,4,plus_placement,cnn,1241,5083,68d0e5f-dirty
Subject424,60,0.7767195767195767,0.8166666666666667,0.8166666666666667,new,12,8,none,cnn,2439,0,68d0e5f-dirty
Subject611,60,0.7699145299145299,0.8,0.8,new,12,8,none,cnn,2439,0,68d0e5f-dirty
Subject731,30,0.8177777777777778,0.8333333333333334,0.8333333333333334,new,12,8,none,cnn,2439,0,68d0e5f-dirty
Subject867,60,0.7934391534391535,0.8166666666666667,0.8166666666666667,new,12,8,none,cnn,2439,0,68d0e5f-dirty
Subject890,30,0.8933333333333333,0.9,0.9,new,12,8,none,cnn,2439,0,68d0e5f-dirty
Subject969,30,0.611111111111111,0.6666666666666666,0.6666666666666666,new,12,8,none,cnn,2439,0,68d0e5f-dirty
Subject353,60,0.8661375661375661,0.8666666666666667,0.8666666666666667,recorded,12,8,none,cnn,2439,0,68d0e5f-dirty
Subject376,60,0.8452910052910053,0.8666666666666667,0.8666666666666667,recorded,12,8,none,cnn,2439,0,68d0e5f-dirty
Subject516,30,0.8755555555555555,0.9,0.9,recorded,12,8,none,cnn,2439,0,68d0e5f-dirty
Subject571,30,0.8825396825396825,0.9,0.9,recorded,12,8,none,cnn,2439,0,68d0e5f-dirty
Subject580,90,0.8614219114219114,0.8666666666666667,0.8666666666666667,recorded,12,8,none,cnn,2439,0,68d0e5f-dirty
Subject729,60,0.9316402116402116,0.9333333333333333,0.9333333333333333,recorded,12,8,none,cnn,2439,0,68d0e5f-dirty
Subject741,60,0.8778499278499278,0.8833333333333333,0.8833333333333333,recorded,12,8,none,cnn,2439,0,68d0e5f-dirty
Subject819,60,0.7858585858585858,0.8333333333333334,0.8333333333333334,recorded,12,8,none,cnn,2439,0,68d0e5f-dirty
Subject424,60,0.7417989417989418,0.7833333333333333,0.7833333333333333,new,12,8,tempo_intensity,cnn,2439,9855,68d0e5f-dirty
Subject611,60,0.7955555555555556,0.8,0.8,new,12,8,tempo_intensity,cnn,2439,9855,68d0e5f-dirty
Subject731,30,0.8088888888888889,0.8333333333333334,0.8333333333333334,new,12,8,tempo_intensity,cnn,2439,9855,68d0e5f-dirty
Subject867,60,0.7382202982202983,0.7666666666666667,0.7666666666666667,new,12,8,tempo_intensity,cnn,2439,9855,68d0e5f-dirty
Subject890,30,0.9111111111111111,0.9333333333333333,0.9333333333333333,new,12,8,tempo_intensity,cnn,2439,9855,68d0e5f-dirty
Subject969,30,0.611111111111111,0.6666666666666666,0.6666666666666666,new,12,8,tempo_intensity,cnn,2439,9855,68d0e5f-dirty
Subject353,60,0.8830687830687831,0.8833333333333333,0.8833333333333333,recorded,12,8,tempo_intensity,cnn,2439,9855,68d0e5f-dirty
Subject376,60,0.8682539682539683,0.8666666666666667,0.8666666666666667,recorded,12,8,tempo_intensity,cnn,2439,9855,68d0e5f-dirty
Subject516,30,1.0,1.0,1.0,recorded,12,8,tempo_intensity,cnn,2439,9855,68d0e5f-dirty
Subject571,30,0.8333333333333334,0.8666666666666667,0.8666666666666667,recorded,12,8,tempo_intensity,cnn,2439,9855,68d0e5f-dirty
Subject580,90,0.865073815073815,0.8666666666666667,0.8666666666666667,recorded,12,8,tempo_intensity,cnn,2439,9855,68d0e5f-dirty
Subject729,60,0.9830687830687831,0.9833333333333333,0.9833333333333333,recorded,12,8,tempo_intensity,cnn,2439,9855,68d0e5f-dirty
Subject741,60,0.8750264550264552,0.8833333333333333,0.8833333333333333,recorded,12,8,tempo_intensity,cnn,2439,9855,68d0e5f-dirty
Subject819,60,0.8630687830687831,0.8833333333333333,0.8833333333333333,recorded,12,8,tempo_intensity,cnn,2439,9855,68d0e5f-dirty
Subject424,60,0.8074266474266474,0.8333333333333334,0.8333333333333334,new,12,8,plus_placement,cnn,2439,9839,68d0e5f-dirty
Subject611,60,0.822929292929293,0.8333333333333334,0.8333333333333334,new,12,8,plus_placement,cnn,2439,9839,68d0e5f-dirty
Subject731,30,0.7733333333333333,0.8,0.8,new,12,8,plus_placement,cnn,2439,9839,68d0e5f-dirty
Subject867,60,0.7837037037037038,0.8166666666666667,0.8166666666666667,new,12,8,plus_placement,cnn,2439,9839,68d0e5f-dirty
Subject890,30,0.9111111111111111,0.9333333333333333,0.9333333333333333,new,12,8,plus_placement,cnn,2439,9839,68d0e5f-dirty
Subject969,30,0.611111111111111,0.6666666666666666,0.6666666666666666,new,12,8,plus_placement,cnn,2439,9839,68d0e5f-dirty
Subject353,60,0.8401790801790802,0.85,0.85,recorded,12,8,plus_placement,cnn,2439,9839,68d0e5f-dirty
Subject376,60,0.8323809523809523,0.85,0.85,recorded,12,8,plus_placement,cnn,2439,9839,68d0e5f-dirty
Subject516,30,1.0,1.0,1.0,recorded,12,8,plus_placement,cnn,2439,9839,68d0e5f-dirty
Subject571,30,0.9111111111111111,0.9333333333333333,0.9333333333333333,recorded,12,8,plus_placement,cnn,2439,9839,68d0e5f-dirty
Subject580,90,0.8857194221900105,0.8888888888888891,0.8888888888888888,recorded,12,8,plus_placement,cnn,2439,9839,68d0e5f-dirty
Subject729,60,1.0,1.0,1.0,recorded,12,8,plus_placement,cnn,2439,9839,68d0e5f-dirty
Subject741,60,0.8707070707070707,0.9,0.9,recorded,12,8,plus_placement,cnn,2439,9839,68d0e5f-dirty
Subject819,60,0.8632996632996632,0.8833333333333333,0.8833333333333333,recorded,12,8,plus_placement,cnn,2439,9839,68d0e5f-dirty
Subject424,60,0.8825396825396825,0.9,0.9,new,12,17,none,cnn,5214,0,68d0e5f-dirty
Subject611,60,0.9644444444444444,0.9666666666666667,0.9666666666666667,new,12,17,none,cnn,5214,0,68d0e5f-dirty
Subject731,30,0.8400000000000001,0.8666666666666667,0.8666666666666667,new,12,17,none,cnn,5214,0,68d0e5f-dirty
Subject867,60,0.8562626262626262,0.8666666666666667,0.8666666666666667,new,12,17,none,cnn,5214,0,68d0e5f-dirty
Subject890,30,0.9288888888888889,0.9333333333333333,0.9333333333333333,new,12,17,none,cnn,5214,0,68d0e5f-dirty
Subject969,30,0.6977777777777777,0.7333333333333333,0.7333333333333333,new,12,17,none,cnn,5214,0,68d0e5f-dirty
Subject139,60,0.9644444444444444,0.9666666666666667,0.9666666666666667,recorded,12,17,none,cnn,5214,0,68d0e5f-dirty
Subject147,31,1.0,1.0,1.0,recorded,12,17,none,cnn,5214,0,68d0e5f-dirty
Subject226,30,0.8977777777777778,0.9,0.9,recorded,12,17,none,cnn,5214,0,68d0e5f-dirty
Subject352,30,0.8755555555555555,0.9,0.9,recorded,12,17,none,cnn,5214,0,68d0e5f-dirty
Subject353,60,0.8828042328042328,0.8833333333333333,0.8833333333333333,recorded,12,17,none,cnn,5214,0,68d0e5f-dirty
Subject354,60,0.9830687830687831,0.9833333333333333,0.9833333333333333,recorded,12,17,none,cnn,5214,0,68d0e5f-dirty
Subject376,60,0.8603174603174604,0.8833333333333333,0.8833333333333333,recorded,12,17,none,cnn,5214,0,68d0e5f-dirty
Subject455,60,1.0,1.0,1.0,recorded,12,17,none,cnn,5214,0,68d0e5f-dirty
Subject494,60,0.8781144781144781,0.9,0.9,recorded,12,17,none,cnn,5214,0,68d0e5f-dirty
Subject516,30,0.9644444444444444,0.9666666666666667,0.9666666666666667,recorded,12,17,none,cnn,5214,0,68d0e5f-dirty
Subject561,60,0.924886964886965,0.9333333333333333,0.9333333333333333,recorded,12,17,none,cnn,5214,0,68d0e5f-dirty
Subject571,30,0.9111111111111111,0.9333333333333333,0.9333333333333333,recorded,12,17,none,cnn,5214,0,68d0e5f-dirty
Subject580,90,0.9317349317349317,0.9333333333333333,0.9333333333333333,recorded,12,17,none,cnn,5214,0,68d0e5f-dirty
Subject729,60,0.9661375661375662,0.9666666666666667,0.9666666666666667,recorded,12,17,none,cnn,5214,0,68d0e5f-dirty
Subject741,60,0.9306878306878307,0.9333333333333333,0.9333333333333333,recorded,12,17,none,cnn,5214,0,68d0e5f-dirty
Subject819,60,0.9113227513227514,0.9166666666666666,0.9166666666666666,recorded,12,17,none,cnn,5214,0,68d0e5f-dirty
Subject877,60,1.0,1.0,1.0,recorded,12,17,none,cnn,5214,0,68d0e5f-dirty
Subject424,60,0.912136752136752,0.9166666666666666,0.9166666666666666,new,12,17,tempo_intensity,cnn,5214,21224,68d0e5f-dirty
Subject611,60,0.9305820105820106,0.9333333333333333,0.9333333333333333,new,12,17,tempo_intensity,cnn,5214,21224,68d0e5f-dirty
Subject731,30,0.8469841269841271,0.8666666666666667,0.8666666666666667,new,12,17,tempo_intensity,cnn,5214,21224,68d0e5f-dirty
Subject867,60,0.8878499278499279,0.9,0.9,new,12,17,tempo_intensity,cnn,5214,21224,68d0e5f-dirty
Subject890,30,0.7911111111111111,0.8333333333333334,0.8333333333333334,new,12,17,tempo_intensity,cnn,5214,21224,68d0e5f-dirty
Subject969,30,0.6962962962962963,0.7333333333333333,0.7333333333333333,new,12,17,tempo_intensity,cnn,5214,21224,68d0e5f-dirty
Subject139,60,0.8755555555555555,0.9,0.9,recorded,12,17,tempo_intensity,cnn,5214,21224,68d0e5f-dirty
Subject147,31,0.9733333333333334,0.9777777777777777,0.967741935483871,recorded,12,17,tempo_intensity,cnn,5214,21224,68d0e5f-dirty
Subject226,30,1.0,1.0,1.0,recorded,12,17,tempo_intensity,cnn,5214,21224,68d0e5f-dirty
Subject352,30,0.8088888888888889,0.8333333333333334,0.8333333333333334,recorded,12,17,tempo_intensity,cnn,5214,21224,68d0e5f-dirty
Subject353,60,0.7964021164021164,0.8,0.8,recorded,12,17,tempo_intensity,cnn,5214,21224,68d0e5f-dirty
Subject354,60,0.9830687830687831,0.9833333333333333,0.9833333333333333,recorded,12,17,tempo_intensity,cnn,5214,21224,68d0e5f-dirty
Subject376,60,0.8395604395604396,0.85,0.85,recorded,12,17,tempo_intensity,cnn,5214,21224,68d0e5f-dirty
Subject455,60,0.9830687830687831,0.9833333333333333,0.9833333333333333,recorded,12,17,tempo_intensity,cnn,5214,21224,68d0e5f-dirty
Subject494,60,0.8781144781144781,0.9,0.9,recorded,12,17,tempo_intensity,cnn,5214,21224,68d0e5f-dirty
Subject516,30,0.9111111111111111,0.9333333333333333,0.9333333333333333,recorded,12,17,tempo_intensity,cnn,5214,21224,68d0e5f-dirty
Subject561,60,0.8836363636363637,0.9,0.9,recorded,12,17,tempo_intensity,cnn,5214,21224,68d0e5f-dirty
Subject571,30,0.8825396825396825,0.9,0.9,recorded,12,17,tempo_intensity,cnn,5214,21224,68d0e5f-dirty
Subject580,90,0.8986191586191585,0.9000000000000001,0.9,recorded,12,17,tempo_intensity,cnn,5214,21224,68d0e5f-dirty
Subject729,60,0.9062626262626262,0.9166666666666666,0.9166666666666666,recorded,12,17,tempo_intensity,cnn,5214,21224,68d0e5f-dirty
Subject741,60,0.9296296296296297,0.9333333333333333,0.9333333333333333,recorded,12,17,tempo_intensity,cnn,5214,21224,68d0e5f-dirty
Subject819,60,0.7684848484848484,0.8,0.8,recorded,12,17,tempo_intensity,cnn,5214,21224,68d0e5f-dirty
Subject877,60,1.0,1.0,1.0,recorded,12,17,tempo_intensity,cnn,5214,21224,68d0e5f-dirty
Subject424,60,0.804040404040404,0.8333333333333334,0.8333333333333334,new,12,17,plus_placement,cnn,5214,20999,68d0e5f-dirty
Subject611,60,0.9475132275132275,0.95,0.95,new,12,17,plus_placement,cnn,5214,20999,68d0e5f-dirty
Subject731,30,0.9644444444444444,0.9666666666666667,0.9666666666666667,new,12,17,plus_placement,cnn,5214,20999,68d0e5f-dirty
Subject867,60,0.8355555555555555,0.85,0.85,new,12,17,plus_placement,cnn,5214,20999,68d0e5f-dirty
Subject890,30,0.8755555555555555,0.9,0.9,new,12,17,plus_placement,cnn,5214,20999,68d0e5f-dirty
Subject969,30,0.7377777777777778,0.7666666666666667,0.7666666666666667,new,12,17,plus_placement,cnn,5214,20999,68d0e5f-dirty
Subject139,60,1.0,1.0,1.0,recorded,12,17,plus_placement,cnn,5214,20999,68d0e5f-dirty
Subject147,31,0.8800000000000001,0.9,0.9032258064516129,recorded,12,17,plus_placement,cnn,5214,20999,68d0e5f-dirty
Subject226,30,0.9644444444444444,0.9666666666666667,0.9666666666666667,recorded,12,17,plus_placement,cnn,5214,20999,68d0e5f-dirty
Subject352,30,0.9111111111111111,0.9333333333333333,0.9333333333333333,recorded,12,17,plus_placement,cnn,5214,20999,68d0e5f-dirty
Subject353,60,0.9140933140933141,0.9166666666666666,0.9166666666666666,recorded,12,17,plus_placement,cnn,5214,20999,68d0e5f-dirty
Subject354,60,0.9830687830687831,0.9833333333333333,0.9833333333333333,recorded,12,17,plus_placement,cnn,5214,20999,68d0e5f-dirty
Subject376,60,0.8355555555555555,0.8666666666666667,0.8666666666666667,recorded,12,17,plus_placement,cnn,5214,20999,68d0e5f-dirty
Subject455,60,1.0,1.0,1.0,recorded,12,17,plus_placement,cnn,5214,20999,68d0e5f-dirty
Subject494,60,0.9485714285714286,0.95,0.95,recorded,12,17,plus_placement,cnn,5214,20999,68d0e5f-dirty
Subject516,30,1.0,1.0,1.0,recorded,12,17,plus_placement,cnn,5214,20999,68d0e5f-dirty
Subject561,60,0.924886964886965,0.9333333333333333,0.9333333333333333,recorded,12,17,plus_placement,cnn,5214,20999,68d0e5f-dirty
Subject571,30,0.8825396825396825,0.9,0.9,recorded,12,17,plus_placement,cnn,5214,20999,68d0e5f-dirty
Subject580,90,0.9303984903984903,0.9333333333333333,0.9333333333333333,recorded,12,17,plus_placement,cnn,5214,20999,68d0e5f-dirty
Subject729,60,1.0,1.0,1.0,recorded,12,17,plus_placement,cnn,5214,20999,68d0e5f-dirty
Subject741,60,0.8936507936507937,0.9,0.9,recorded,12,17,plus_placement,cnn,5214,20999,68d0e5f-dirty
Subject819,60,0.8981684981684982,0.9166666666666666,0.9166666666666666,recorded,12,17,plus_placement,cnn,5214,20999,68d0e5f-dirty
Subject877,60,1.0,1.0,1.0,recorded,12,17,plus_placement,cnn,5214,20999,68d0e5f-dirty
Subject139,60,0.6032244008714597,0.6666666666666666,0.6666666666666666,new,13,2,none,cnn,468,0,68d0e5f-dirty
Subject226,30,0.6577777777777778,0.7,0.7,new,13,2,none,cnn,468,0,68d0e5f-dirty
Subject353,60,0.5690283790283791,0.6333333333333333,0.6333333333333333,new,13,2,none,cnn,468,0,68d0e5f-dirty
Subject571,30,0.44074074074074077,0.5333333333333333,0.5333333333333333,new,13,2,none,cnn,468,0,68d0e5f-dirty
Subject741,60,0.5367388167388167,0.6,0.6,new,13,2,none,cnn,468,0,68d0e5f-dirty
Subject819,60,0.45657697422403304,0.5333333333333333,0.5333333333333333,new,13,2,none,cnn,468,0,68d0e5f-dirty
Subject424,60,0.8586243386243386,0.8833333333333333,0.8833333333333333,recorded,13,2,none,cnn,468,0,68d0e5f-dirty
Subject455,60,0.8981684981684982,0.9166666666666666,0.9166666666666666,recorded,13,2,none,cnn,468,0,68d0e5f-dirty
Subject139,60,0.5962962962962963,0.6666666666666666,0.6666666666666666,new,13,2,tempo_intensity,cnn,468,1889,68d0e5f-dirty
Subject226,30,0.6577777777777778,0.7,0.7,new,13,2,tempo_intensity,cnn,468,1889,68d0e5f-dirty
Subject353,60,0.6052910052910053,0.6666666666666666,0.6666666666666666,new,13,2,tempo_intensity,cnn,468,1889,68d0e5f-dirty
Subject571,30,0.482962962962963,0.5666666666666667,0.5666666666666667,new,13,2,tempo_intensity,cnn,468,1889,68d0e5f-dirty
Subject741,60,0.5500721500721502,0.6,0.6,new,13,2,tempo_intensity,cnn,468,1889,68d0e5f-dirty
Subject819,60,0.45657697422403304,0.5333333333333333,0.5333333333333333,new,13,2,tempo_intensity,cnn,468,1889,68d0e5f-dirty
Subject424,60,0.8755555555555555,0.9,0.9,recorded,13,2,tempo_intensity,cnn,468,1889,68d0e5f-dirty
Subject455,60,0.8981684981684982,0.9166666666666666,0.9166666666666666,recorded,13,2,tempo_intensity,cnn,468,1889,68d0e5f-dirty
Subject139,60,0.5695238095238095,0.6333333333333333,0.6333333333333333,new,13,2,plus_placement,cnn,468,1878,68d0e5f-dirty
Subject226,30,0.6958730158730159,0.7333333333333333,0.7333333333333333,new,13,2,plus_placement,cnn,468,1878,68d0e5f-dirty
Subject353,60,0.5898412698412697,0.65,0.65,new,13,2,plus_placement,cnn,468,1878,68d0e5f-dirty
Subject571,30,0.5555555555555556,0.6333333333333333,0.6333333333333333,new,13,2,plus_placement,cnn,468,1878,68d0e5f-dirty
Subject741,60,0.5311640211640211,0.5833333333333334,0.5833333333333334,new,13,2,plus_placement,cnn,468,1878,68d0e5f-dirty
Subject819,60,0.3370370370370371,0.4,0.4,new,13,2,plus_placement,cnn,468,1878,68d0e5f-dirty
Subject424,60,0.9111111111111111,0.9333333333333333,0.9333333333333333,recorded,13,2,plus_placement,cnn,468,1878,68d0e5f-dirty
Subject455,60,0.9494708994708996,0.95,0.95,recorded,13,2,plus_placement,cnn,468,1878,68d0e5f-dirty
Subject139,60,0.6025335775335776,0.65,0.65,new,13,4,none,cnn,971,0,68d0e5f-dirty
Subject226,30,0.7403174603174603,0.7666666666666667,0.7666666666666667,new,13,4,none,cnn,971,0,68d0e5f-dirty
Subject353,60,0.7776667776667776,0.8,0.8,new,13,4,none,cnn,971,0,68d0e5f-dirty
Subject571,30,0.5074074074074074,0.6,0.6,new,13,4,none,cnn,971,0,68d0e5f-dirty
Subject741,60,0.6011640211640212,0.65,0.65,new,13,4,none,cnn,971,0,68d0e5f-dirty
Subject819,60,0.4103982177666389,0.5166666666666667,0.5166666666666667,new,13,4,none,cnn,971,0,68d0e5f-dirty
Subject354,60,0.9661375661375662,0.9666666666666667,0.9666666666666667,recorded,13,4,none,cnn,971,0,68d0e5f-dirty
Subject424,60,0.9485714285714286,0.95,0.95,recorded,13,4,none,cnn,971,0,68d0e5f-dirty
Subject455,60,0.8797883597883598,0.8833333333333333,0.8833333333333333,recorded,13,4,none,cnn,971,0,68d0e5f-dirty
Subject494,60,0.9305820105820106,0.9333333333333333,0.9333333333333333,recorded,13,4,none,cnn,971,0,68d0e5f-dirty
Subject139,60,0.5047619047619047,0.5666666666666667,0.5666666666666667,new,13,4,tempo_intensity,cnn,971,3903,68d0e5f-dirty
Subject226,30,0.7136507936507936,0.7333333333333333,0.7333333333333333,new,13,4,tempo_intensity,cnn,971,3903,68d0e5f-dirty
Subject353,60,0.6151515151515152,0.6666666666666666,0.6666666666666666,new,13,4,tempo_intensity,cnn,971,3903,68d0e5f-dirty
Subject571,30,0.5125925925925926,0.6,0.6,new,13,4,tempo_intensity,cnn,971,3903,68d0e5f-dirty
Subject741,60,0.6,0.65,0.65,new,13,4,tempo_intensity,cnn,971,3903,68d0e5f-dirty
Subject819,60,0.3881619507706464,0.48333333333333334,0.48333333333333334,new,13,4,tempo_intensity,cnn,971,3903,68d0e5f-dirty
Subject354,60,0.9494708994708995,0.95,0.95,recorded,13,4,tempo_intensity,cnn,971,3903,68d0e5f-dirty
Subject424,60,0.9331409331409332,0.9333333333333333,0.9333333333333333,recorded,13,4,tempo_intensity,cnn,971,3903,68d0e5f-dirty
Subject455,60,0.8111111111111111,0.8333333333333334,0.8333333333333334,recorded,13,4,tempo_intensity,cnn,971,3903,68d0e5f-dirty
Subject494,60,0.8713227513227513,0.8833333333333333,0.8833333333333333,recorded,13,4,tempo_intensity,cnn,971,3903,68d0e5f-dirty
Subject139,60,0.5973737373737374,0.65,0.65,new,13,4,plus_placement,cnn,971,3948,68d0e5f-dirty
Subject226,30,0.7311111111111112,0.7666666666666667,0.7666666666666667,new,13,4,plus_placement,cnn,971,3948,68d0e5f-dirty
Subject353,60,0.7609187109187109,0.7833333333333333,0.7833333333333333,new,13,4,plus_placement,cnn,971,3948,68d0e5f-dirty
Subject571,30,0.5851851851851851,0.6666666666666666,0.6666666666666666,new,13,4,plus_placement,cnn,971,3948,68d0e5f-dirty
Subject741,60,0.6944973544973546,0.7333333333333333,0.7333333333333333,new,13,4,plus_placement,cnn,971,3948,68d0e5f-dirty
Subject819,60,0.48356110120816004,0.5666666666666667,0.5666666666666667,new,13,4,plus_placement,cnn,971,3948,68d0e5f-dirty
Subject354,60,1.0,1.0,1.0,recorded,13,4,plus_placement,cnn,971,3948,68d0e5f-dirty
Subject424,60,0.912136752136752,0.9166666666666666,0.9166666666666666,recorded,13,4,plus_placement,cnn,971,3948,68d0e5f-dirty
Subject455,60,0.9288888888888888,0.9333333333333333,0.9333333333333333,recorded,13,4,plus_placement,cnn,971,3948,68d0e5f-dirty
Subject494,60,0.9312169312169313,0.9333333333333333,0.9333333333333333,recorded,13,4,plus_placement,cnn,971,3948,68d0e5f-dirty
Subject139,60,0.7494949494949494,0.7833333333333333,0.7833333333333333,new,13,8,none,cnn,2347,0,68d0e5f-dirty
Subject226,30,0.7866666666666667,0.8,0.8,new,13,8,none,cnn,2347,0,68d0e5f-dirty
Subject353,60,0.7671957671957672,0.8,0.8,new,13,8,none,cnn,2347,0,68d0e5f-dirty
Subject571,30,0.7288888888888889,0.8,0.8,new,13,8,none,cnn,2347,0,68d0e5f-dirty
Subject741,60,0.7583597883597883,0.8,0.8,new,13,8,none,cnn,2347,0,68d0e5f-dirty
Subject819,60,0.6336507936507937,0.7,0.7,new,13,8,none,cnn,2347,0,68d0e5f-dirty
Subject147,31,0.9644444444444444,0.9666666666666667,0.967741935483871,recorded,13,8,none,cnn,2347,0,68d0e5f-dirty
Subject354,60,0.9661375661375662,0.9666666666666667,0.9666666666666667,recorded,13,8,none,cnn,2347,0,68d0e5f-dirty
Subject424,60,0.912136752136752,0.9166666666666666,0.9166666666666666,recorded,13,8,none,cnn,2347,0,68d0e5f-dirty
Subject455,60,0.9475132275132275,0.95,0.95,recorded,13,8,none,cnn,2347,0,68d0e5f-dirty
Subject494,60,0.9320634920634921,0.9333333333333333,0.9333333333333333,recorded,13,8,none,cnn,2347,0,68d0e5f-dirty
Subject580,90,0.8307174307174306,0.8333333333333335,0.8333333333333334,recorded,13,8,none,cnn,2347,0,68d0e5f-dirty
Subject729,60,0.8984126984126984,0.9,0.9,recorded,13,8,none,cnn,2347,0,68d0e5f-dirty
Subject969,30,0.8088888888888889,0.8333333333333334,0.8333333333333334,recorded,13,8,none,cnn,2347,0,68d0e5f-dirty
Subject139,60,0.7485714285714287,0.7833333333333333,0.7833333333333333,new,13,8,tempo_intensity,cnn,2347,9382,68d0e5f-dirty
Subject226,30,0.7866666666666666,0.8,0.8,new,13,8,tempo_intensity,cnn,2347,9382,68d0e5f-dirty
Subject353,60,0.7497354497354497,0.7833333333333333,0.7833333333333333,new,13,8,tempo_intensity,cnn,2347,9382,68d0e5f-dirty
Subject571,30,0.7333333333333332,0.8,0.8,new,13,8,tempo_intensity,cnn,2347,9382,68d0e5f-dirty
Subject741,60,0.7861038961038961,0.8166666666666667,0.8166666666666667,new,13,8,tempo_intensity,cnn,2347,9382,68d0e5f-dirty
Subject819,60,0.5773219373219374,0.6333333333333333,0.6333333333333333,new,13,8,tempo_intensity,cnn,2347,9382,68d0e5f-dirty
Subject147,31,0.9644444444444444,0.9666666666666667,0.967741935483871,recorded,13,8,tempo_intensity,cnn,2347,9382,68d0e5f-dirty
Subject354,60,0.9661375661375662,0.9666666666666667,0.9666666666666667,recorded,13,8,tempo_intensity,cnn,2347,9382,68d0e5f-dirty
Subject424,60,0.8656084656084656,0.8833333333333333,0.8833333333333333,recorded,13,8,tempo_intensity,cnn,2347,9382,68d0e5f-dirty
Subject455,60,0.9475132275132275,0.95,0.95,recorded,13,8,tempo_intensity,cnn,2347,9382,68d0e5f-dirty
Subject494,60,0.9331409331409332,0.9333333333333333,0.9333333333333333,recorded,13,8,tempo_intensity,cnn,2347,9382,68d0e5f-dirty
Subject580,90,0.8606926406926407,0.8666666666666667,0.8666666666666667,recorded,13,8,tempo_intensity,cnn,2347,9382,68d0e5f-dirty
Subject729,60,0.8634920634920635,0.8666666666666667,0.8666666666666667,recorded,13,8,tempo_intensity,cnn,2347,9382,68d0e5f-dirty
Subject969,30,0.8025396825396824,0.8333333333333334,0.8333333333333334,recorded,13,8,tempo_intensity,cnn,2347,9382,68d0e5f-dirty
Subject139,60,0.7096296296296297,0.75,0.75,new,13,8,plus_placement,cnn,2347,9502,68d0e5f-dirty
Subject226,30,0.7799999999999999,0.8,0.8,new,13,8,plus_placement,cnn,2347,9502,68d0e5f-dirty
Subject353,60,0.7392459392459393,0.7833333333333333,0.7833333333333333,new,13,8,plus_placement,cnn,2347,9502,68d0e5f-dirty
Subject571,30,0.7400000000000001,0.8,0.8,new,13,8,plus_placement,cnn,2347,9502,68d0e5f-dirty
Subject741,60,0.8014814814814815,0.85,0.85,new,13,8,plus_placement,cnn,2347,9502,68d0e5f-dirty
Subject819,60,0.6441798941798941,0.7,0.7,new,13,8,plus_placement,cnn,2347,9502,68d0e5f-dirty
Subject147,31,0.9377777777777777,0.9444444444444444,0.9354838709677419,recorded,13,8,plus_placement,cnn,2347,9502,68d0e5f-dirty
Subject354,60,0.9661375661375662,0.9666666666666667,0.9666666666666667,recorded,13,8,plus_placement,cnn,2347,9502,68d0e5f-dirty
Subject424,60,0.7936507936507937,0.8333333333333334,0.8333333333333334,recorded,13,8,plus_placement,cnn,2347,9502,68d0e5f-dirty
Subject455,60,0.9475132275132275,0.95,0.95,recorded,13,8,plus_placement,cnn,2347,9502,68d0e5f-dirty
Subject494,60,0.9320634920634921,0.9333333333333333,0.9333333333333333,recorded,13,8,plus_placement,cnn,2347,9502,68d0e5f-dirty
Subject580,90,0.8575957375957375,0.8555555555555555,0.8555555555555555,recorded,13,8,plus_placement,cnn,2347,9502,68d0e5f-dirty
Subject729,60,0.8808465608465608,0.8833333333333333,0.8833333333333333,recorded,13,8,plus_placement,cnn,2347,9502,68d0e5f-dirty
Subject969,30,0.7936507936507937,0.8333333333333334,0.8333333333333334,recorded,13,8,plus_placement,cnn,2347,9502,68d0e5f-dirty
Subject139,60,0.9147089947089948,0.9166666666666666,0.9166666666666666,new,13,17,none,cnn,5097,0,68d0e5f-dirty
Subject226,30,0.8177777777777778,0.8666666666666667,0.8666666666666667,new,13,17,none,cnn,5097,0,68d0e5f-dirty
Subject353,60,0.8088888888888889,0.8333333333333334,0.8333333333333334,new,13,17,none,cnn,5097,0,68d0e5f-dirty
Subject571,30,0.8755555555555555,0.9,0.9,new,13,17,none,cnn,5097,0,68d0e5f-dirty
Subject741,60,0.8978835978835978,0.9,0.9,new,13,17,none,cnn,5097,0,68d0e5f-dirty
Subject819,60,0.8308465608465609,0.85,0.85,new,13,17,none,cnn,5097,0,68d0e5f-dirty
Subject147,31,1.0,1.0,1.0,recorded,13,17,none,cnn,5097,0,68d0e5f-dirty
Subject352,30,0.8755555555555555,0.9,0.9,recorded,13,17,none,cnn,5097,0,68d0e5f-dirty
Subject354,60,0.9830687830687831,0.9833333333333333,0.9833333333333333,recorded,13,17,none,cnn,5097,0,68d0e5f-dirty
Subject376,60,0.8764213564213563,0.8833333333333333,0.8833333333333333,recorded,13,17,none,cnn,5097,0,68d0e5f-dirty
Subject424,60,0.9333333333333332,0.9333333333333333,0.9333333333333333,recorded,13,17,none,cnn,5097,0,68d0e5f-dirty
Subject455,60,1.0,1.0,1.0,recorded,13,17,none,cnn,5097,0,68d0e5f-dirty
Subject494,60,0.9316402116402116,0.9333333333333333,0.9333333333333333,recorded,13,17,none,cnn,5097,0,68d0e5f-dirty
Subject516,30,1.0,1.0,1.0,recorded,13,17,none,cnn,5097,0,68d0e5f-dirty
Subject561,60,0.9418181818181818,0.95,0.95,recorded,13,17,none,cnn,5097,0,68d0e5f-dirty
Subject580,90,0.8558275058275058,0.8555555555555556,0.8555555555555555,recorded,13,17,none,cnn,5097,0,68d0e5f-dirty
Subject611,60,0.9830687830687831,0.9833333333333333,0.9833333333333333,recorded,13,17,none,cnn,5097,0,68d0e5f-dirty
Subject729,60,0.8952910052910052,0.9,0.9,recorded,13,17,none,cnn,5097,0,68d0e5f-dirty
Subject731,30,0.9288888888888889,0.9333333333333333,0.9333333333333333,recorded,13,17,none,cnn,5097,0,68d0e5f-dirty
Subject867,60,0.9485714285714286,0.95,0.95,recorded,13,17,none,cnn,5097,0,68d0e5f-dirty
Subject877,60,1.0,1.0,1.0,recorded,13,17,none,cnn,5097,0,68d0e5f-dirty
Subject890,30,0.9644444444444444,0.9666666666666667,0.9666666666666667,recorded,13,17,none,cnn,5097,0,68d0e5f-dirty
Subject969,30,0.8444444444444444,0.8666666666666667,0.8666666666666667,recorded,13,17,none,cnn,5097,0,68d0e5f-dirty
Subject139,60,0.8171813371813372,0.85,0.85,new,13,17,tempo_intensity,cnn,5097,20758,68d0e5f-dirty
Subject226,30,0.8755555555555554,0.9,0.9,new,13,17,tempo_intensity,cnn,5097,20758,68d0e5f-dirty
Subject353,60,0.7954304954304956,0.8166666666666667,0.8166666666666667,new,13,17,tempo_intensity,cnn,5097,20758,68d0e5f-dirty
Subject571,30,0.9111111111111111,0.9333333333333333,0.9333333333333333,new,13,17,tempo_intensity,cnn,5097,20758,68d0e5f-dirty
Subject741,60,0.8878499278499278,0.9,0.9,new,13,17,tempo_intensity,cnn,5097,20758,68d0e5f-dirty
Subject819,60,0.8251515151515151,0.85,0.85,new,13,17,tempo_intensity,cnn,5097,20758,68d0e5f-dirty
Subject147,31,0.9644444444444444,0.9666666666666667,0.967741935483871,recorded,13,17,tempo_intensity,cnn,5097,20758,68d0e5f-dirty
Subject352,30,0.9644444444444444,0.9666666666666667,0.9666666666666667,recorded,13,17,tempo_intensity,cnn,5097,20758,68d0e5f-dirty
Subject354,60,0.9661375661375663,0.9666666666666667,0.9666666666666667,recorded,13,17,tempo_intensity,cnn,5097,20758,68d0e5f-dirty
Subject376,60,0.911976911976912,0.9166666666666666,0.9166666666666666,recorded,13,17,tempo_intensity,cnn,5097,20758,68d0e5f-dirty
Subject424,60,0.9077441077441077,0.9333333333333333,0.9333333333333333,recorded,13,17,tempo_intensity,cnn,5097,20758,68d0e5f-dirty
Subject455,60,0.9830687830687831,0.9833333333333333,0.9833333333333333,recorded,13,17,tempo_intensity,cnn,5097,20758,68d0e5f-dirty
Subject494,60,1.0,1.0,1.0,recorded,13,17,tempo_intensity,cnn,5097,20758,68d0e5f-dirty
Subject516,30,0.8492063492063493,0.8666666666666667,0.8666666666666667,recorded,13,17,tempo_intensity,cnn,5097,20758,68d0e5f-dirty
Subject561,60,0.8707070707070707,0.8833333333333333,0.8833333333333333,recorded,13,17,tempo_intensity,cnn,5097,20758,68d0e5f-dirty
Subject580,90,0.8895326895326896,0.8888888888888888,0.8888888888888888,recorded,13,17,tempo_intensity,cnn,5097,20758,68d0e5f-dirty
Subject611,60,0.9494708994708995,0.95,0.95,recorded,13,17,tempo_intensity,cnn,5097,20758,68d0e5f-dirty
Subject729,60,0.8925060125060125,0.9,0.9,recorded,13,17,tempo_intensity,cnn,5097,20758,68d0e5f-dirty
Subject731,30,0.8222222222222222,0.8666666666666667,0.8666666666666667,recorded,13,17,tempo_intensity,cnn,5097,20758,68d0e5f-dirty
Subject867,60,0.9062626262626262,0.9166666666666666,0.9166666666666666,recorded,13,17,tempo_intensity,cnn,5097,20758,68d0e5f-dirty
Subject877,60,1.0,1.0,1.0,recorded,13,17,tempo_intensity,cnn,5097,20758,68d0e5f-dirty
Subject890,30,0.8136507936507937,0.8333333333333334,0.8333333333333334,recorded,13,17,tempo_intensity,cnn,5097,20758,68d0e5f-dirty
Subject969,30,0.8444444444444444,0.8666666666666667,0.8666666666666667,recorded,13,17,tempo_intensity,cnn,5097,20758,68d0e5f-dirty
Subject139,60,0.9066666666666667,0.9333333333333333,0.9333333333333333,new,13,17,plus_placement,cnn,5097,20678,68d0e5f-dirty
Subject226,30,0.8177777777777778,0.8666666666666667,0.8666666666666667,new,13,17,plus_placement,cnn,5097,20678,68d0e5f-dirty
Subject353,60,0.8094912494912495,0.8333333333333334,0.8333333333333334,new,13,17,plus_placement,cnn,5097,20678,68d0e5f-dirty
Subject571,30,0.8755555555555555,0.9,0.9,new,13,17,plus_placement,cnn,5097,20678,68d0e5f-dirty
Subject741,60,0.9248869648869648,0.9333333333333333,0.9333333333333333,new,13,17,plus_placement,cnn,5097,20678,68d0e5f-dirty
Subject819,60,0.8469841269841268,0.8666666666666667,0.8666666666666667,new,13,17,plus_placement,cnn,5097,20678,68d0e5f-dirty
Subject147,31,0.9111111111111111,0.9333333333333333,0.9354838709677419,recorded,13,17,plus_placement,cnn,5097,20678,68d0e5f-dirty
Subject352,30,0.8755555555555555,0.9,0.9,recorded,13,17,plus_placement,cnn,5097,20678,68d0e5f-dirty
Subject354,60,0.9830687830687831,0.9833333333333333,0.9833333333333333,recorded,13,17,plus_placement,cnn,5097,20678,68d0e5f-dirty
Subject376,60,0.9158730158730158,0.9166666666666666,0.9166666666666666,recorded,13,17,plus_placement,cnn,5097,20678,68d0e5f-dirty
Subject424,60,0.8777777777777778,0.9,0.9,recorded,13,17,plus_placement,cnn,5097,20678,68d0e5f-dirty
Subject455,60,0.9830687830687831,0.9833333333333333,0.9833333333333333,recorded,13,17,plus_placement,cnn,5097,20678,68d0e5f-dirty
Subject494,60,0.9475132275132275,0.95,0.95,recorded,13,17,plus_placement,cnn,5097,20678,68d0e5f-dirty
Subject516,30,0.8444444444444444,0.8666666666666667,0.8666666666666667,recorded,13,17,plus_placement,cnn,5097,20678,68d0e5f-dirty
Subject561,60,0.9062626262626262,0.9166666666666666,0.9166666666666666,recorded,13,17,plus_placement,cnn,5097,20678,68d0e5f-dirty
Subject580,90,0.9318903318903318,0.9333333333333333,0.9333333333333333,recorded,13,17,plus_placement,cnn,5097,20678,68d0e5f-dirty
Subject611,60,0.9644444444444444,0.9666666666666667,0.9666666666666667,recorded,13,17,plus_placement,cnn,5097,20678,68d0e5f-dirty
Subject729,60,0.9248869648869648,0.9333333333333333,0.9333333333333333,recorded,13,17,plus_placement,cnn,5097,20678,68d0e5f-dirty
Subject731,30,0.8755555555555555,0.9,0.9,recorded,13,17,plus_placement,cnn,5097,20678,68d0e5f-dirty
Subject867,60,0.9089947089947089,0.9166666666666666,0.9166666666666666,recorded,13,17,plus_placement,cnn,5097,20678,68d0e5f-dirty
Subject877,60,1.0,1.0,1.0,recorded,13,17,plus_placement,cnn,5097,20678,68d0e5f-dirty
Subject890,30,0.9311111111111111,0.9333333333333333,0.9333333333333333,recorded,13,17,plus_placement,cnn,5097,20678,68d0e5f-dirty
Subject969,30,0.9288888888888889,0.9333333333333333,0.9333333333333333,recorded,13,17,plus_placement,cnn,5097,20678,68d0e5f-dirty
Subject376,60,0.2778056251740463,0.3333333333333333,0.3333333333333333,new,14,2,none,cnn,815,0,68d0e5f-dirty
Subject516,30,0.6977777777777778,0.7333333333333333,0.7333333333333333,new,14,2,none,cnn,815,0,68d0e5f-dirty
Subject571,30,0.43777777777777777,0.5333333333333333,0.5333333333333333,new,14,2,none,cnn,815,0,68d0e5f-dirty
Subject731,30,0.41555555555555557,0.5,0.5,new,14,2,none,cnn,815,0,68d0e5f-dirty
Subject890,30,0.4714285714285714,0.5333333333333333,0.5333333333333333,new,14,2,none,cnn,815,0,68d0e5f-dirty
Subject969,30,0.45999999999999996,0.5333333333333333,0.5333333333333333,new,14,2,none,cnn,815,0,68d0e5f-dirty
Subject352,30,0.8711111111111111,0.9,0.9,recorded,14,2,none,cnn,815,0,68d0e5f-dirty
Subject729,60,0.8244444444444444,0.8333333333333334,0.8333333333333334,recorded,14,2,none,cnn,815,0,68d0e5f-dirty
Subject376,60,0.24997051257920824,0.3,0.3,new,14,2,tempo_intensity,cnn,815,3288,68d0e5f-dirty
Subject516,30,0.7266666666666667,0.7666666666666667,0.7666666666666667,new,14,2,tempo_intensity,cnn,815,3288,68d0e5f-dirty
Subject571,30,0.4692063492063492,0.5333333333333333,0.5333333333333333,new,14,2,tempo_intensity,cnn,815,3288,68d0e5f-dirty
Subject731,30,0.5474074074074073,0.6333333333333333,0.6333333333333333,new,14,2,tempo_intensity,cnn,815,3288,68d0e5f-dirty
Subject890,30,0.4222222222222222,0.5,0.5,new,14,2,tempo_intensity,cnn,815,3288,68d0e5f-dirty
Subject969,30,0.4474074074074074,0.5333333333333333,0.5333333333333333,new,14,2,tempo_intensity,cnn,815,3288,68d0e5f-dirty
Subject352,30,0.88,0.9,0.9,recorded,14,2,tempo_intensity,cnn,815,3288,68d0e5f-dirty
Subject729,60,0.8933333333333333,0.9,0.9,recorded,14,2,tempo_intensity,cnn,815,3288,68d0e5f-dirty
Subject376,60,0.27043397068972513,0.3333333333333333,0.3333333333333333,new,14,2,plus_placement,cnn,815,3309,68d0e5f-dirty
Subject516,30,0.7644444444444444,0.8,0.8,new,14,2,plus_placement,cnn,815,3309,68d0e5f-dirty
Subject571,30,0.49777777777777776,0.5666666666666667,0.5666666666666667,new,14,2,plus_placement,cnn,815,3309,68d0e5f-dirty
Subject731,30,0.49142857142857144,0.5666666666666667,0.5666666666666667,new,14,2,plus_placement,cnn,815,3309,68d0e5f-dirty
Subject890,30,0.5758730158730159,0.6,0.6,new,14,2,plus_placement,cnn,815,3309,68d0e5f-dirty
Subject969,30,0.4933333333333333,0.5666666666666667,0.5666666666666667,new,14,2,plus_placement,cnn,815,3309,68d0e5f-dirty
Subject352,30,0.8222222222222222,0.8333333333333334,0.8333333333333334,recorded,14,2,plus_placement,cnn,815,3309,68d0e5f-dirty
Subject729,60,0.8765811965811966,0.8833333333333333,0.8833333333333333,recorded,14,2,plus_placement,cnn,815,3309,68d0e5f-dirty
Subject376,60,0.6444444444444444,0.7166666666666667,0.7166666666666667,new,14,4,none,cnn,1339,0,68d0e5f-dirty
Subject516,30,0.7447619047619048,0.8,0.8,new,14,4,none,cnn,1339,0,68d0e5f-dirty
Subject571,30,0.5777777777777777,0.6666666666666666,0.6666666666666666,new,14,4,none,cnn,1339,0,68d0e5f-dirty
Subject731,30,0.5985185185185186,0.6666666666666666,0.6666666666666666,new,14,4,none,cnn,1339,0,68d0e5f-dirty
Subject890,30,0.5958730158730158,0.6666666666666666,0.6666666666666666,new,14,4,none,cnn,1339,0,68d0e5f-dirty
Subject969,30,0.5051851851851852,0.6,0.6,new,14,4,none,cnn,1339,0,68d0e5f-dirty
Subject147,31,0.7444444444444444,0.8,0.8064516129032258,recorded,14,4,none,cnn,1339,0,68d0e5f-dirty
Subject352,30,0.84,0.8666666666666667,0.8666666666666667,recorded,14,4,none,cnn,1339,0,68d0e5f-dirty
Subject729,60,0.8167051467051467,0.8333333333333334,0.8333333333333334,recorded,14,4,none,cnn,1339,0,68d0e5f-dirty
Subject867,60,0.8040404040404041,0.8333333333333334,0.8333333333333334,recorded,14,4,none,cnn,1339,0,68d0e5f-dirty
Subject376,60,0.5540607540607542,0.6166666666666667,0.6166666666666667,new,14,4,tempo_intensity,cnn,1339,5457,68d0e5f-dirty
Subject516,30,0.7400000000000001,0.8,0.8,new,14,4,tempo_intensity,cnn,1339,5457,68d0e5f-dirty
Subject571,30,0.42920634920634915,0.5333333333333333,0.5333333333333333,new,14,4,tempo_intensity,cnn,1339,5457,68d0e5f-dirty
Subject731,30,0.568888888888889,0.6333333333333333,0.6333333333333333,new,14,4,tempo_intensity,cnn,1339,5457,68d0e5f-dirty
Subject890,30,0.5666666666666667,0.6666666666666666,0.6666666666666666,new,14,4,tempo_intensity,cnn,1339,5457,68d0e5f-dirty
Subject969,30,0.49333333333333335,0.5666666666666667,0.5666666666666667,new,14,4,tempo_intensity,cnn,1339,5457,68d0e5f-dirty
Subject147,31,0.7936507936507937,0.8333333333333334,0.8387096774193549,recorded,14,4,tempo_intensity,cnn,1339,5457,68d0e5f-dirty
Subject352,30,0.8755555555555555,0.9,0.9,recorded,14,4,tempo_intensity,cnn,1339,5457,68d0e5f-dirty
Subject729,60,0.8254545454545454,0.85,0.85,recorded,14,4,tempo_intensity,cnn,1339,5457,68d0e5f-dirty
Subject867,60,0.7481481481481481,0.7833333333333333,0.7833333333333333,recorded,14,4,tempo_intensity,cnn,1339,5457,68d0e5f-dirty
Subject376,60,0.6346153846153846,0.6666666666666666,0.6666666666666666,new,14,4,plus_placement,cnn,1339,5339,68d0e5f-dirty
Subject516,30,0.8533333333333333,0.8666666666666667,0.8666666666666667,new,14,4,plus_placement,cnn,1339,5339,68d0e5f-dirty
Subject571,30,0.6711111111111111,0.7333333333333333,0.7333333333333333,new,14,4,plus_placement,cnn,1339,5339,68d0e5f-dirty
Subject731,30,0.6455026455026456,0.7,0.7,new,14,4,plus_placement,cnn,1339,5339,68d0e5f-dirty
Subject890,30,0.6822222222222222,0.7333333333333333,0.7333333333333333,new,14,4,plus_placement,cnn,1339,5339,68d0e5f-dirty
Subject969,30,0.6044444444444445,0.6666666666666666,0.6666666666666666,new,14,4,plus_placement,cnn,1339,5339,68d0e5f-dirty
Subject147,31,0.9111111111111111,0.9333333333333333,0.9354838709677419,recorded,14,4,plus_placement,cnn,1339,5339,68d0e5f-dirty
Subject352,30,0.9111111111111112,0.9333333333333333,0.9333333333333333,recorded,14,4,plus_placement,cnn,1339,5339,68d0e5f-dirty
Subject729,60,0.9492063492063493,0.95,0.95,recorded,14,4,plus_placement,cnn,1339,5339,68d0e5f-dirty
Subject867,60,0.8126984126984127,0.8333333333333334,0.8333333333333334,recorded,14,4,plus_placement,cnn,1339,5339,68d0e5f-dirty
Subject376,60,0.7112361712361712,0.7333333333333333,0.7333333333333333,new,14,8,none,cnn,2565,0,68d0e5f-dirty
Subject516,30,0.9111111111111111,0.9333333333333333,0.9333333333333333,new,14,8,none,cnn,2565,0,68d0e5f-dirty
Subject571,30,0.6518518518518518,0.7,0.7,new,14,8,none,cnn,2565,0,68d0e5f-dirty
Subject731,30,0.7558730158730159,0.8,0.8,new,14,8,none,cnn,2565,0,68d0e5f-dirty
Subject890,30,0.7088888888888889,0.7666666666666667,0.7666666666666667,new,14,8,none,cnn,2565,0,68d0e5f-dirty
Subject969,30,0.6385185185185186,0.7,0.7,new,14,8,none,cnn,2565,0,68d0e5f-dirty
Subject147,31,0.9111111111111111,0.9333333333333333,0.9354838709677419,recorded,14,8,none,cnn,2565,0,68d0e5f-dirty
Subject226,30,0.9644444444444444,0.9666666666666667,0.9666666666666667,recorded,14,8,none,cnn,2565,0,68d0e5f-dirty
Subject352,30,0.9111111111111111,0.9333333333333333,0.9333333333333333,recorded,14,8,none,cnn,2565,0,68d0e5f-dirty
Subject353,60,0.8719576719576719,0.8833333333333333,0.8833333333333333,recorded,14,8,none,cnn,2565,0,68d0e5f-dirty
Subject424,60,0.8952055352055353,0.9,0.9,recorded,14,8,none,cnn,2565,0,68d0e5f-dirty
Subject729,60,0.9475132275132274,0.95,0.95,recorded,14,8,none,cnn,2565,0,68d0e5f-dirty
Subject819,60,0.8099470899470897,0.8333333333333334,0.8333333333333334,recorded,14,8,none,cnn,2565,0,68d0e5f-dirty
Subject867,60,0.8594901394901394,0.8666666666666667,0.8666666666666667,recorded,14,8,none,cnn,2565,0,68d0e5f-dirty
Subject376,60,0.7672727272727272,0.7833333333333333,0.7833333333333333,new,14,8,tempo_intensity,cnn,2565,10329,68d0e5f-dirty
Subject516,30,1.0,1.0,1.0,new,14,8,tempo_intensity,cnn,2565,10329,68d0e5f-dirty
Subject571,30,0.7003174603174603,0.7666666666666667,0.7666666666666667,new,14,8,tempo_intensity,cnn,2565,10329,68d0e5f-dirty
Subject731,30,0.7803174603174603,0.8,0.8,new,14,8,tempo_intensity,cnn,2565,10329,68d0e5f-dirty
Subject890,30,0.7666666666666667,0.8,0.8,new,14,8,tempo_intensity,cnn,2565,10329,68d0e5f-dirty
Subject969,30,0.562962962962963,0.6333333333333333,0.6333333333333333,new,14,8,tempo_intensity,cnn,2565,10329,68d0e5f-dirty
Subject147,31,0.9311111111111111,0.9333333333333333,0.9354838709677419,recorded,14,8,tempo_intensity,cnn,2565,10329,68d0e5f-dirty
Subject226,30,1.0,1.0,1.0,recorded,14,8,tempo_intensity,cnn,2565,10329,68d0e5f-dirty
Subject352,30,0.8844444444444444,0.9,0.9,recorded,14,8,tempo_intensity,cnn,2565,10329,68d0e5f-dirty
Subject353,60,0.9147089947089947,0.9166666666666666,0.9166666666666666,recorded,14,8,tempo_intensity,cnn,2565,10329,68d0e5f-dirty
Subject424,60,0.846984126984127,0.8666666666666667,0.8666666666666667,recorded,14,8,tempo_intensity,cnn,2565,10329,68d0e5f-dirty
Subject729,60,0.9485714285714286,0.95,0.95,recorded,14,8,tempo_intensity,cnn,2565,10329,68d0e5f-dirty
Subject819,60,0.8786916786916787,0.9,0.9,recorded,14,8,tempo_intensity,cnn,2565,10329,68d0e5f-dirty
Subject867,60,0.8355555555555555,0.85,0.85,recorded,14,8,tempo_intensity,cnn,2565,10329,68d0e5f-dirty
Subject376,60,0.8161904761904761,0.8166666666666667,0.8166666666666667,new,14,8,plus_placement,cnn,2565,10448,68d0e5f-dirty
Subject516,30,0.9111111111111111,0.9333333333333333,0.9333333333333333,new,14,8,plus_placement,cnn,2565,10448,68d0e5f-dirty
Subject571,30,0.6555555555555554,0.7333333333333333,0.7333333333333333,new,14,8,plus_placement,cnn,2565,10448,68d0e5f-dirty
Subject731,30,0.84,0.8666666666666667,0.8666666666666667,new,14,8,plus_placement,cnn,2565,10448,68d0e5f-dirty
Subject890,30,0.7977777777777778,0.8333333333333334,0.8333333333333334,new,14,8,plus_placement,cnn,2565,10448,68d0e5f-dirty
Subject969,30,0.5822222222222223,0.6666666666666666,0.6666666666666666,new,14,8,plus_placement,cnn,2565,10448,68d0e5f-dirty
Subject147,31,0.9644444444444444,0.9666666666666667,0.967741935483871,recorded,14,8,plus_placement,cnn,2565,10448,68d0e5f-dirty
Subject226,30,1.0,1.0,1.0,recorded,14,8,plus_placement,cnn,2565,10448,68d0e5f-dirty
Subject352,30,0.9111111111111111,0.9333333333333333,0.9333333333333333,recorded,14,8,plus_placement,cnn,2565,10448,68d0e5f-dirty
Subject353,60,0.8755555555555555,0.9,0.9,recorded,14,8,plus_placement,cnn,2565,10448,68d0e5f-dirty
Subject424,60,0.8322751322751323,0.85,0.85,recorded,14,8,plus_placement,cnn,2565,10448,68d0e5f-dirty
Subject729,60,0.9316402116402117,0.9333333333333333,0.9333333333333333,recorded,14,8,plus_placement,cnn,2565,10448,68d0e5f-dirty
Subject819,60,0.8455026455026454,0.8666666666666667,0.8666666666666667,recorded,14,8,plus_placement,cnn,2565,10448,68d0e5f-dirty
Subject867,60,0.8918181818181818,0.9,0.9,recorded,14,8,plus_placement,cnn,2565,10448,68d0e5f-dirty
Subject376,60,0.8383068783068783,0.85,0.85,new,14,17,none,cnn,5076,0,68d0e5f-dirty
Subject516,30,0.9111111111111111,0.9333333333333333,0.9333333333333333,new,14,17,none,cnn,5076,0,68d0e5f-dirty
Subject571,30,0.8469841269841271,0.8666666666666667,0.8666666666666667,new,14,17,none,cnn,5076,0,68d0e5f-dirty
Subject731,30,0.9288888888888889,0.9333333333333333,0.9333333333333333,new,14,17,none,cnn,5076,0,68d0e5f-dirty
Subject890,30,0.7444444444444444,0.8,0.8,new,14,17,none,cnn,5076,0,68d0e5f-dirty
Subject969,30,0.722962962962963,0.7666666666666667,0.7666666666666667,new,14,17,none,cnn,5076,0,68d0e5f-dirty
Subject139,60,0.9475132275132275,0.95,0.95,recorded,14,17,none,cnn,5076,0,68d0e5f-dirty
Subject147,31,1.0,1.0,1.0,recorded,14,17,none,cnn,5076,0,68d0e5f-dirty
Subject226,30,0.8755555555555555,0.9,0.9,recorded,14,17,none,cnn,5076,0,68d0e5f-dirty
Subject352,30,0.8755555555555555,0.9,0.9,recorded,14,17,none,cnn,5076,0,68d0e5f-dirty
Subject353,60,0.9015873015873016,0.9166666666666666,0.9166666666666666,recorded,14,17,none,cnn,5076,0,68d0e5f-dirty
Subject354,60,0.9644444444444444,0.9666666666666667,0.9666666666666667,recorded,14,17,none,cnn,5076,0,68d0e5f-dirty
Subject424,60,0.9418181818181818,0.95,0.95,recorded,14,17,none,cnn,5076,0,68d0e5f-dirty
Subject455,60,0.9644444444444444,0.9666666666666667,0.9666666666666667,recorded,14,17,none,cnn,5076,0,68d0e5f-dirty
Subject494,60,0.8899145299145299,0.9,0.9,recorded,14,17,none,cnn,5076,0,68d0e5f-dirty
Subject561,60,0.9418181818181818,0.95,0.95,recorded,14,17,none,cnn,5076,0,68d0e5f-dirty
Subject580,90,0.8855588855588855,0.8888888888888891,0.8888888888888888,recorded,14,17,none,cnn,5076,0,68d0e5f-dirty
Subject611,60,0.9644444444444444,0.9666666666666667,0.9666666666666667,recorded,14,17,none,cnn,5076,0,68d0e5f-dirty
Subject729,60,0.8926984126984129,0.9,0.9,recorded,14,17,none,cnn,5076,0,68d0e5f-dirty
Subject741,60,0.9291005291005291,0.9333333333333333,0.9333333333333333,recorded,14,17,none,cnn,5076,0,68d0e5f-dirty
Subject819,60,0.8622222222222222,0.8833333333333333,0.8833333333333333,recorded,14,17,none,cnn,5076,0,68d0e5f-dirty
Subject867,60,0.9119769119769121,0.9166666666666666,0.9166666666666666,recorded,14,17,none,cnn,5076,0,68d0e5f-dirty
Subject877,60,1.0,1.0,1.0,recorded,14,17,none,cnn,5076,0,68d0e5f-dirty
Subject376,60,0.7977777777777778,0.8333333333333334,0.8333333333333334,new,14,17,tempo_intensity,cnn,5076,20605,68d0e5f-dirty
Subject516,30,0.8380952380952381,0.8666666666666667,0.8666666666666667,new,14,17,tempo_intensity,cnn,5076,20605,68d0e5f-dirty
Subject571,30,0.7177777777777777,0.7666666666666667,0.7666666666666667,new,14,17,tempo_intensity,cnn,5076,20605,68d0e5f-dirty
Subject731,30,0.8755555555555555,0.9,0.9,new,14,17,tempo_intensity,cnn,5076,20605,68d0e5f-dirty
Subject890,30,0.8755555555555555,0.9,0.9,new,14,17,tempo_intensity,cnn,5076,20605,68d0e5f-dirty
Subject969,30,0.6488888888888888,0.7,0.7,new,14,17,tempo_intensity,cnn,5076,20605,68d0e5f-dirty
Subject139,60,1.0,1.0,1.0,recorded,14,17,tempo_intensity,cnn,5076,20605,68d0e5f-dirty
Subject147,31,0.9644444444444444,0.9666666666666667,0.967741935483871,recorded,14,17,tempo_intensity,cnn,5076,20605,68d0e5f-dirty
Subject226,30,0.9644444444444444,0.9666666666666667,0.9666666666666667,recorded,14,17,tempo_intensity,cnn,5076,20605,68d0e5f-dirty
Subject352,30,0.8888888888888888,0.9,0.9,recorded,14,17,tempo_intensity,cnn,5076,20605,68d0e5f-dirty
Subject353,60,0.8275132275132275,0.85,0.85,recorded,14,17,tempo_intensity,cnn,5076,20605,68d0e5f-dirty
Subject354,60,1.0,1.0,1.0,recorded,14,17,tempo_intensity,cnn,5076,20605,68d0e5f-dirty
Subject424,60,0.8895959595959595,0.9,0.9,recorded,14,17,tempo_intensity,cnn,5076,20605,68d0e5f-dirty
Subject455,60,1.0,1.0,1.0,recorded,14,17,tempo_intensity,cnn,5076,20605,68d0e5f-dirty
Subject494,60,0.9506878306878307,0.95,0.95,recorded,14,17,tempo_intensity,cnn,5076,20605,68d0e5f-dirty
Subject561,60,0.8232478632478633,0.85,0.85,recorded,14,17,tempo_intensity,cnn,5076,20605,68d0e5f-dirty
Subject580,90,0.912110112110112,0.9111111111111112,0.9111111111111111,recorded,14,17,tempo_intensity,cnn,5076,20605,68d0e5f-dirty
Subject611,60,1.0,1.0,1.0,recorded,14,17,tempo_intensity,cnn,5076,20605,68d0e5f-dirty
Subject729,60,0.9830687830687831,0.9833333333333333,0.9833333333333333,recorded,14,17,tempo_intensity,cnn,5076,20605,68d0e5f-dirty
Subject741,60,0.9661375661375663,0.9666666666666667,0.9666666666666667,recorded,14,17,tempo_intensity,cnn,5076,20605,68d0e5f-dirty
Subject819,60,0.8981684981684982,0.9166666666666666,0.9166666666666666,recorded,14,17,tempo_intensity,cnn,5076,20605,68d0e5f-dirty
Subject867,60,0.9311111111111111,0.9333333333333333,0.9333333333333333,recorded,14,17,tempo_intensity,cnn,5076,20605,68d0e5f-dirty
Subject877,60,1.0,1.0,1.0,recorded,14,17,tempo_intensity,cnn,5076,20605,68d0e5f-dirty
Subject376,60,0.8573737373737373,0.8833333333333333,0.8833333333333333,new,14,17,plus_placement,cnn,5076,20778,68d0e5f-dirty
Subject516,30,0.9111111111111111,0.9333333333333333,0.9333333333333333,new,14,17,plus_placement,cnn,5076,20778,68d0e5f-dirty
Subject571,30,0.9111111111111111,0.9333333333333333,0.9333333333333333,new,14,17,plus_placement,cnn,5076,20778,68d0e5f-dirty
Subject731,30,0.8755555555555555,0.9,0.9,new,14,17,plus_placement,cnn,5076,20778,68d0e5f-dirty
Subject890,30,0.8825396825396825,0.9,0.9,new,14,17,plus_placement,cnn,5076,20778,68d0e5f-dirty
Subject969,30,0.6466666666666667,0.7,0.7,new,14,17,plus_placement,cnn,5076,20778,68d0e5f-dirty
Subject139,60,0.9644444444444444,0.9666666666666667,0.9666666666666667,recorded,14,17,plus_placement,cnn,5076,20778,68d0e5f-dirty
Subject147,31,0.9111111111111111,0.9333333333333333,0.9354838709677419,recorded,14,17,plus_placement,cnn,5076,20778,68d0e5f-dirty
Subject226,30,0.9288888888888889,0.9333333333333333,0.9333333333333333,recorded,14,17,plus_placement,cnn,5076,20778,68d0e5f-dirty
Subject352,30,0.9111111111111111,0.9333333333333333,0.9333333333333333,recorded,14,17,plus_placement,cnn,5076,20778,68d0e5f-dirty
Subject353,60,0.933140933140933,0.9333333333333333,0.9333333333333333,recorded,14,17,plus_placement,cnn,5076,20778,68d0e5f-dirty
Subject354,60,1.0,1.0,1.0,recorded,14,17,plus_placement,cnn,5076,20778,68d0e5f-dirty
Subject424,60,0.9644444444444444,0.9666666666666667,0.9666666666666667,recorded,14,17,plus_placement,cnn,5076,20778,68d0e5f-dirty
Subject455,60,1.0,1.0,1.0,recorded,14,17,plus_placement,cnn,5076,20778,68d0e5f-dirty
Subject494,60,0.9282539682539682,0.9333333333333333,0.9333333333333333,recorded,14,17,plus_placement,cnn,5076,20778,68d0e5f-dirty
Subject561,60,0.924886964886965,0.9333333333333333,0.9333333333333333,recorded,14,17,plus_placement,cnn,5076,20778,68d0e5f-dirty
Subject580,90,0.9227217227217227,0.9222222222222224,0.9222222222222223,recorded,14,17,plus_placement,cnn,5076,20778,68d0e5f-dirty
Subject611,60,1.0,1.0,1.0,recorded,14,17,plus_placement,cnn,5076,20778,68d0e5f-dirty
Subject729,60,1.0,1.0,1.0,recorded,14,17,plus_placement,cnn,5076,20778,68d0e5f-dirty
Subject741,60,0.9664021164021165,0.9666666666666667,0.9666666666666667,recorded,14,17,plus_placement,cnn,5076,20778,68d0e5f-dirty
Subject819,60,0.8956228956228957,0.9166666666666666,0.9166666666666666,recorded,14,17,plus_placement,cnn,5076,20778,68d0e5f-dirty
Subject867,60,0.8632996632996632,0.8833333333333333,0.8833333333333333,recorded,14,17,plus_placement,cnn,5076,20778,68d0e5f-dirty
Subject877,60,1.0,1.0,1.0,recorded,14,17,plus_placement,cnn,5076,20778,68d0e5f-dirty
Subject226,30,0.72,0.7666666666666667,0.7666666666666667,new,15,2,none,cnn,471,0,68d0e5f-dirty
Subject353,60,0.6167724867724867,0.6666666666666666,0.6666666666666666,new,15,2,none,cnn,471,0,68d0e5f-dirty
Subject455,60,0.6588034188034189,0.7,0.7,new,15,2,none,cnn,471,0,68d0e5f-dirty
Subject516,30,0.888888888888889,0.9,0.9,new,15,2,none,cnn,471,0,68d0e5f-dirty
Subject580,90,0.7207714507714508,0.7333333333333333,0.7333333333333333,new,15,2,none,cnn,471,0,68d0e5f-dirty
Subject969,30,0.35185185185185186,0.4666666666666667,0.4666666666666667,new,15,2,none,cnn,471,0,68d0e5f-dirty
Subject354,60,0.9343915343915344,0.9333333333333333,0.9333333333333333,recorded,15,2,none,cnn,471,0,68d0e5f-dirty
Subject424,60,0.8981684981684982,0.9166666666666666,0.9166666666666666,recorded,15,2,none,cnn,471,0,68d0e5f-dirty
Subject226,30,0.7888888888888889,0.8333333333333334,0.8333333333333334,new,15,2,tempo_intensity,cnn,471,1901,68d0e5f-dirty
Subject353,60,0.6857335257335256,0.7166666666666667,0.7166666666666667,new,15,2,tempo_intensity,cnn,471,1901,68d0e5f-dirty
Subject455,60,0.6589947089947089,0.6833333333333333,0.6833333333333333,new,15,2,tempo_intensity,cnn,471,1901,68d0e5f-dirty
Subject516,30,0.9311111111111111,0.9333333333333333,0.9333333333333333,new,15,2,tempo_intensity,cnn,471,1901,68d0e5f-dirty
Subject580,90,0.7345128945128945,0.7444444444444444,0.7444444444444445,new,15,2,tempo_intensity,cnn,471,1901,68d0e5f-dirty
Subject969,30,0.32126984126984126,0.43333333333333335,0.43333333333333335,new,15,2,tempo_intensity,cnn,471,1901,68d0e5f-dirty
Subject354,60,0.9343915343915344,0.9333333333333333,0.9333333333333333,recorded,15,2,tempo_intensity,cnn,471,1901,68d0e5f-dirty
Subject424,60,0.8825396825396825,0.9,0.9,recorded,15,2,tempo_intensity,cnn,471,1901,68d0e5f-dirty
Subject226,30,0.8222222222222223,0.8666666666666667,0.8666666666666667,new,15,2,plus_placement,cnn,471,1904,68d0e5f-dirty
Subject353,60,0.7632944832944834,0.7833333333333333,0.7833333333333333,new,15,2,plus_placement,cnn,471,1904,68d0e5f-dirty
Subject455,60,0.733140933140933,0.7666666666666667,0.7666666666666667,new,15,2,plus_placement,cnn,471,1904,68d0e5f-dirty
Subject516,30,0.888888888888889,0.9,0.9,new,15,2,plus_placement,cnn,471,1904,68d0e5f-dirty
Subject580,90,0.7384881784881786,0.7555555555555558,0.7555555555555555,new,15,2,plus_placement,cnn,471,1904,68d0e5f-dirty
Subject969,30,0.3279365079365079,0.43333333333333335,0.43333333333333335,new,15,2,plus_placement,cnn,471,1904,68d0e5f-dirty
Subject354,60,0.9644444444444444,0.9666666666666667,0.9666666666666667,recorded,15,2,plus_placement,cnn,471,1904,68d0e5f-dirty
Subject424,60,0.8825396825396825,0.9,0.9,recorded,15,2,plus_placement,cnn,471,1904,68d0e5f-dirty
Subject226,30,0.8222222222222222,0.8666666666666667,0.8666666666666667,new,15,4,none,cnn,1083,0,68d0e5f-dirty
Subject353,60,0.6774277574277575,0.7166666666666667,0.7166666666666667,new,15,4,none,cnn,1083,0,68d0e5f-dirty
Subject455,60,0.7274074074074074,0.7666666666666667,0.7666666666666667,new,15,4,none,cnn,1083,0,68d0e5f-dirty
Subject516,30,0.8333333333333334,0.8666666666666667,0.8666666666666667,new,15,4,none,cnn,1083,0,68d0e5f-dirty
Subject580,90,0.8435242535242536,0.8555555555555556,0.8555555555555555,new,15,4,none,cnn,1083,0,68d0e5f-dirty
Subject969,30,0.5692063492063492,0.6333333333333333,0.6333333333333333,new,15,4,none,cnn,1083,0,68d0e5f-dirty
Subject354,60,0.9259259259259259,0.9333333333333333,0.9333333333333333,recorded,15,4,none,cnn,1083,0,68d0e5f-dirty
Subject424,60,0.8952055352055353,0.9,0.9,recorded,15,4,none,cnn,1083,0,68d0e5f-dirty
Subject877,60,0.9305820105820106,0.9333333333333333,0.9333333333333333,recorded,15,4,none,cnn,1083,0,68d0e5f-dirty
Subject890,30,0.8333333333333334,0.8666666666666667,0.8666666666666667,recorded,15,4,none,cnn,1083,0,68d0e5f-dirty
Subject226,30,0.7288888888888889,0.8,0.8,new,15,4,tempo_intensity,cnn,1083,4460,68d0e5f-dirty
Subject353,60,0.7354689754689755,0.7833333333333333,0.7833333333333333,new,15,4,tempo_intensity,cnn,1083,4460,68d0e5f-dirty
Subject455,60,0.7445117845117846,0.7833333333333333,0.7833333333333333,new,15,4,tempo_intensity,cnn,1083,4460,68d0e5f-dirty
Subject516,30,0.7718518518518518,0.8,0.8,new,15,4,tempo_intensity,cnn,1083,4460,68d0e5f-dirty
Subject580,90,0.784165050635639,0.8,0.8,new,15,4,tempo_intensity,cnn,1083,4460,68d0e5f-dirty
Subject969,30,0.5511111111111112,0.6333333333333333,0.6333333333333333,new,15,4,tempo_intensity,cnn,1083,4460,68d0e5f-dirty
Subject354,60,0.9142857142857144,0.9166666666666666,0.9166666666666666,recorded,15,4,tempo_intensity,cnn,1083,4460,68d0e5f-dirty
Subject424,60,0.7547282347282347,0.8,0.8,recorded,15,4,tempo_intensity,cnn,1083,4460,68d0e5f-dirty
Subject877,60,0.924886964886965,0.9333333333333333,0.9333333333333333,recorded,15,4,tempo_intensity,cnn,1083,4460,68d0e5f-dirty
Subject890,30,0.846984126984127,0.8666666666666667,0.8666666666666667,recorded,15,4,tempo_intensity,cnn,1083,4460,68d0e5f-dirty
Subject226,30,0.7533333333333334,0.8,0.8,new,15,4,plus_placement,cnn,1083,4446,68d0e5f-dirty
Subject353,60,0.6667673067673068,0.7166666666666667,0.7166666666666667,new,15,4,plus_placement,cnn,1083,4446,68d0e5f-dirty
Subject455,60,0.795998075998076,0.8166666666666667,0.8166666666666667,new,15,4,plus_placement,cnn,1083,4446,68d0e5f-dirty
Subject516,30,0.8111111111111111,0.8333333333333334,0.8333333333333334,new,15,4,plus_placement,cnn,1083,4446,68d0e5f-dirty
Subject580,90,0.8283061383061382,0.8333333333333335,0.8333333333333334,new,15,4,plus_placement,cnn,1083,4446,68d0e5f-dirty
Subject969,30,0.5644444444444444,0.6333333333333333,0.6333333333333333,new,15,4,plus_placement,cnn,1083,4446,68d0e5f-dirty
Subject354,60,0.9830687830687831,0.9833333333333333,0.9833333333333333,recorded,15,4,plus_placement,cnn,1083,4446,68d0e5f-dirty
Subject424,60,0.9084848484848485,0.9166666666666666,0.9166666666666666,recorded,15,4,plus_placement,cnn,1083,4446,68d0e5f-dirty
Subject877,60,0.9305820105820106,0.9333333333333333,0.9333333333333333,recorded,15,4,plus_placement,cnn,1083,4446,68d0e5f-dirty
Subject890,30,0.8333333333333334,0.8666666666666667,0.8666666666666667,recorded,15,4,plus_placement,cnn,1083,4446,68d0e5f-dirty
Subject226,30,0.7892063492063492,0.8333333333333334,0.8333333333333334,new,15,8,none,cnn,2281,0,68d0e5f-dirty
Subject353,60,0.7113997113997114,0.7333333333333333,0.7333333333333333,new,15,8,none,cnn,2281,0,68d0e5f-dirty
Subject455,60,0.817989417989418,0.8333333333333334,0.8333333333333334,new,15,8,none,cnn,2281,0,68d0e5f-dirty
Subject516,30,0.9333333333333332,0.9333333333333333,0.9333333333333333,new,15,8,none,cnn,2281,0,68d0e5f-dirty
Subject580,90,0.9314607614607614,0.9333333333333333,0.9333333333333333,new,15,8,none,cnn,2281,0,68d0e5f-dirty
Subject969,30,0.5644444444444444,0.6333333333333333,0.6333333333333333,new,15,8,none,cnn,2281,0,68d0e5f-dirty
Subject139,60,0.9830687830687831,0.9833333333333333,0.9833333333333333,recorded,15,8,none,cnn,2281,0,68d0e5f-dirty
Subject354,60,0.962962962962963,0.9666666666666667,0.9666666666666667,recorded,15,8,none,cnn,2281,0,68d0e5f-dirty
Subject424,60,0.8630687830687831,0.8833333333333333,0.8833333333333333,recorded,15,8,none,cnn,2281,0,68d0e5f-dirty
Subject611,60,0.9316402116402116,0.9333333333333333,0.9333333333333333,recorded,15,8,none,cnn,2281,0,68d0e5f-dirty
Subject819,60,0.8218181818181819,0.85,0.85,recorded,15,8,none,cnn,2281,0,68d0e5f-dirty
Subject867,60,0.9248869648869648,0.9333333333333333,0.9333333333333333,recorded,15,8,none,cnn,2281,0,68d0e5f-dirty
Subject877,60,1.0,1.0,1.0,recorded,15,8,none,cnn,2281,0,68d0e5f-dirty
Subject890,30,0.7088888888888889,0.7666666666666667,0.7666666666666667,recorded,15,8,none,cnn,2281,0,68d0e5f-dirty
Subject226,30,0.8088888888888889,0.8333333333333334,0.8333333333333334,new,15,8,tempo_intensity,cnn,2281,9236,68d0e5f-dirty
Subject353,60,0.6357864357864358,0.7,0.7,new,15,8,tempo_intensity,cnn,2281,9236,68d0e5f-dirty
Subject455,60,0.834920634920635,0.85,0.85,new,15,8,tempo_intensity,cnn,2281,9236,68d0e5f-dirty
Subject516,30,0.8603174603174604,0.8666666666666667,0.8666666666666667,new,15,8,tempo_intensity,cnn,2281,9236,68d0e5f-dirty
Subject580,90,0.9099167499167499,0.9111111111111111,0.9111111111111111,new,15,8,tempo_intensity,cnn,2281,9236,68d0e5f-dirty
Subject969,30,0.5644444444444444,0.6333333333333333,0.6333333333333333,new,15,8,tempo_intensity,cnn,2281,9236,68d0e5f-dirty
Subject139,60,0.9475132275132275,0.95,0.95,recorded,15,8,tempo_intensity,cnn,2281,9236,68d0e5f-dirty
Subject354,60,0.9418181818181818,0.95,0.95,recorded,15,8,tempo_intensity,cnn,2281,9236,68d0e5f-dirty
Subject424,60,0.9096296296296296,0.9166666666666666,0.9166666666666666,recorded,15,8,tempo_intensity,cnn,2281,9236,68d0e5f-dirty
Subject611,60,0.9661375661375663,0.9666666666666667,0.9666666666666667,recorded,15,8,tempo_intensity,cnn,2281,9236,68d0e5f-dirty
Subject819,60,0.8217989417989418,0.85,0.85,recorded,15,8,tempo_intensity,cnn,2281,9236,68d0e5f-dirty
Subject867,60,0.9475132275132275,0.95,0.95,recorded,15,8,tempo_intensity,cnn,2281,9236,68d0e5f-dirty
Subject877,60,1.0,1.0,1.0,recorded,15,8,tempo_intensity,cnn,2281,9236,68d0e5f-dirty
Subject890,30,0.8444444444444444,0.8666666666666667,0.8666666666666667,recorded,15,8,tempo_intensity,cnn,2281,9236,68d0e5f-dirty
Subject226,30,0.8222222222222223,0.8666666666666667,0.8666666666666667,new,15,8,plus_placement,cnn,2281,9322,68d0e5f-dirty
Subject353,60,0.7837037037037038,0.8166666666666667,0.8166666666666667,new,15,8,plus_placement,cnn,2281,9322,68d0e5f-dirty
Subject455,60,0.834920634920635,0.85,0.85,new,15,8,plus_placement,cnn,2281,9322,68d0e5f-dirty
Subject516,30,0.8825396825396825,0.9,0.9,new,15,8,plus_placement,cnn,2281,9322,68d0e5f-dirty
Subject580,90,0.9331779331779332,0.9333333333333333,0.9333333333333333,new,15,8,plus_placement,cnn,2281,9322,68d0e5f-dirty
Subject969,30,0.5377777777777778,0.6,0.6,new,15,8,plus_placement,cnn,2281,9322,68d0e5f-dirty
Subject139,60,0.9830687830687831,0.9833333333333333,0.9833333333333333,recorded,15,8,plus_placement,cnn,2281,9322,68d0e5f-dirty
Subject354,60,1.0,1.0,1.0,recorded,15,8,plus_placement,cnn,2281,9322,68d0e5f-dirty
Subject424,60,0.8918181818181818,0.9,0.9,recorded,15,8,plus_placement,cnn,2281,9322,68d0e5f-dirty
Subject611,60,0.9644444444444444,0.9666666666666667,0.9666666666666667,recorded,15,8,plus_placement,cnn,2281,9322,68d0e5f-dirty
Subject819,60,0.8277441077441077,0.85,0.85,recorded,15,8,plus_placement,cnn,2281,9322,68d0e5f-dirty
Subject867,60,0.9248869648869648,0.9333333333333333,0.9333333333333333,recorded,15,8,plus_placement,cnn,2281,9322,68d0e5f-dirty
Subject877,60,1.0,1.0,1.0,recorded,15,8,plus_placement,cnn,2281,9322,68d0e5f-dirty
Subject890,30,0.9288888888888889,0.9333333333333333,0.9333333333333333,recorded,15,8,plus_placement,cnn,2281,9322,68d0e5f-dirty
Subject226,30,0.8222222222222223,0.8666666666666667,0.8666666666666667,new,15,17,none,cnn,5099,0,68d0e5f-dirty
Subject353,60,0.8000192400192401,0.8166666666666667,0.8166666666666667,new,15,17,none,cnn,5099,0,68d0e5f-dirty
Subject455,60,0.8088888888888889,0.8333333333333334,0.8333333333333334,new,15,17,none,cnn,5099,0,68d0e5f-dirty
Subject516,30,0.9644444444444444,0.9666666666666667,0.9666666666666667,new,15,17,none,cnn,5099,0,68d0e5f-dirty
Subject580,90,0.9185081585081585,0.9222222222222223,0.9222222222222223,new,15,17,none,cnn,5099,0,68d0e5f-dirty
Subject969,30,0.6562962962962964,0.7,0.7,new,15,17,none,cnn,5099,0,68d0e5f-dirty
Subject139,60,0.9333333333333332,0.9333333333333333,0.9333333333333333,recorded,15,17,none,cnn,5099,0,68d0e5f-dirty
Subject147,31,0.9111111111111111,0.9333333333333333,0.9354838709677419,recorded,15,17,none,cnn,5099,0,68d0e5f-dirty
Subject352,30,0.8755555555555555,0.9,0.9,recorded,15,17,none,cnn,5099,0,68d0e5f-dirty
Subject354,60,0.9830687830687831,0.9833333333333333,0.9833333333333333,recorded,15,17,none,cnn,5099,0,68d0e5f-dirty
Subject376,60,0.8811640211640211,0.8833333333333333,0.8833333333333333,recorded,15,17,none,cnn,5099,0,68d0e5f-dirty
Subject424,60,0.8825396825396825,0.9,0.9,recorded,15,17,none,cnn,5099,0,68d0e5f-dirty
Subject494,60,0.9278499278499279,0.9333333333333333,0.9333333333333333,recorded,15,17,none,cnn,5099,0,68d0e5f-dirty
Subject561,60,0.9062626262626262,0.9166666666666666,0.9166666666666666,recorded,15,17,none,cnn,5099,0,68d0e5f-dirty
Subject571,30,0.9644444444444444,0.9666666666666667,0.9666666666666667,recorded,15,17,none,cnn,5099,0,68d0e5f-dirty
Subject611,60,0.9288888888888889,0.9333333333333333,0.9333333333333333,recorded,15,17,none,cnn,5099,0,68d0e5f-dirty
Subject729,60,0.9661375661375663,0.9666666666666667,0.9666666666666667,recorded,15,17,none,cnn,5099,0,68d0e5f-dirty
Subject731,30,0.9288888888888889,0.9333333333333333,0.9333333333333333,recorded,15,17,none,cnn,5099,0,68d0e5f-dirty
Subject741,60,0.9481481481481481,0.95,0.95,recorded,15,17,none,cnn,5099,0,68d0e5f-dirty
Subject819,60,0.924886964886965,0.9333333333333333,0.9333333333333333,recorded,15,17,none,cnn,5099,0,68d0e5f-dirty
Subject867,60,0.8711111111111111,0.8833333333333333,0.8833333333333333,recorded,15,17,none,cnn,5099,0,68d0e5f-dirty
Subject877,60,1.0,1.0,1.0,recorded,15,17,none,cnn,5099,0,68d0e5f-dirty
Subject890,30,0.9644444444444444,0.9666666666666667,0.9666666666666667,recorded,15,17,none,cnn,5099,0,68d0e5f-dirty
Subject226,30,0.8755555555555555,0.9,0.9,new,15,17,tempo_intensity,cnn,5099,20711,68d0e5f-dirty
Subject353,60,0.7972486772486772,0.8166666666666667,0.8166666666666667,new,15,17,tempo_intensity,cnn,5099,20711,68d0e5f-dirty
Subject455,60,0.8444444444444444,0.8666666666666667,0.8666666666666667,new,15,17,tempo_intensity,cnn,5099,20711,68d0e5f-dirty
Subject516,30,0.9311111111111111,0.9333333333333333,0.9333333333333333,new,15,17,tempo_intensity,cnn,5099,20711,68d0e5f-dirty
Subject580,90,0.9336477901183783,0.9333333333333333,0.9333333333333333,new,15,17,tempo_intensity,cnn,5099,20711,68d0e5f-dirty
Subject969,30,0.7044444444444444,0.7333333333333333,0.7333333333333333,new,15,17,tempo_intensity,cnn,5099,20711,68d0e5f-dirty
Subject139,60,0.9644444444444444,0.9666666666666667,0.9666666666666667,recorded,15,17,tempo_intensity,cnn,5099,20711,68d0e5f-dirty
Subject147,31,0.9644444444444444,0.9666666666666667,0.967741935483871,recorded,15,17,tempo_intensity,cnn,5099,20711,68d0e5f-dirty
Subject352,30,0.9111111111111111,0.9333333333333333,0.9333333333333333,recorded,15,17,tempo_intensity,cnn,5099,20711,68d0e5f-dirty
Subject354,60,0.9830687830687831,0.9833333333333333,0.9833333333333333,recorded,15,17,tempo_intensity,cnn,5099,20711,68d0e5f-dirty
Subject376,60,0.9244444444444445,0.9333333333333333,0.9333333333333333,recorded,15,17,tempo_intensity,cnn,5099,20711,68d0e5f-dirty
Subject424,60,0.9119769119769121,0.9166666666666666,0.9166666666666666,recorded,15,17,tempo_intensity,cnn,5099,20711,68d0e5f-dirty
Subject494,60,0.9664021164021165,0.9666666666666667,0.9666666666666667,recorded,15,17,tempo_intensity,cnn,5099,20711,68d0e5f-dirty
Subject561,60,0.9644444444444444,0.9666666666666667,0.9666666666666667,recorded,15,17,tempo_intensity,cnn,5099,20711,68d0e5f-dirty
Subject571,30,0.9644444444444444,0.9666666666666667,0.9666666666666667,recorded,15,17,tempo_intensity,cnn,5099,20711,68d0e5f-dirty
Subject611,60,0.907955747955748,0.9166666666666666,0.9166666666666666,recorded,15,17,tempo_intensity,cnn,5099,20711,68d0e5f-dirty
Subject729,60,0.9494708994708995,0.95,0.95,recorded,15,17,tempo_intensity,cnn,5099,20711,68d0e5f-dirty
Subject731,30,0.9644444444444444,0.9666666666666667,0.9666666666666667,recorded,15,17,tempo_intensity,cnn,5099,20711,68d0e5f-dirty
Subject741,60,0.9153439153439152,0.9166666666666666,0.9166666666666666,recorded,15,17,tempo_intensity,cnn,5099,20711,68d0e5f-dirty
Subject819,60,0.9089947089947091,0.9166666666666666,0.9166666666666666,recorded,15,17,tempo_intensity,cnn,5099,20711,68d0e5f-dirty
Subject867,60,0.8836363636363636,0.9,0.9,recorded,15,17,tempo_intensity,cnn,5099,20711,68d0e5f-dirty
Subject877,60,1.0,1.0,1.0,recorded,15,17,tempo_intensity,cnn,5099,20711,68d0e5f-dirty
Subject890,30,0.9288888888888889,0.9333333333333333,0.9333333333333333,recorded,15,17,tempo_intensity,cnn,5099,20711,68d0e5f-dirty
Subject226,30,0.7936507936507937,0.8333333333333334,0.8333333333333334,new,15,17,plus_placement,cnn,5099,20734,68d0e5f-dirty
Subject353,60,0.7955747955747955,0.8166666666666667,0.8166666666666667,new,15,17,plus_placement,cnn,5099,20734,68d0e5f-dirty
Subject455,60,0.8444444444444444,0.8666666666666667,0.8666666666666667,new,15,17,plus_placement,cnn,5099,20734,68d0e5f-dirty
Subject516,30,1.0,1.0,1.0,new,15,17,plus_placement,cnn,5099,20734,68d0e5f-dirty
Subject580,90,0.9087334887334887,0.9111111111111112,0.9111111111111111,new,15,17,plus_placement,cnn,5099,20734,68d0e5f-dirty
Subject969,30,0.7666666666666665,0.8,0.8,new,15,17,plus_placement,cnn,5099,20734,68d0e5f-dirty
Subject139,60,1.0,1.0,1.0,recorded,15,17,plus_placement,cnn,5099,20734,68d0e5f-dirty
Subject147,31,0.9111111111111111,0.9333333333333333,0.9354838709677419,recorded,15,17,plus_placement,cnn,5099,20734,68d0e5f-dirty
Subject352,30,0.9111111111111111,0.9333333333333333,0.9333333333333333,recorded,15,17,plus_placement,cnn,5099,20734,68d0e5f-dirty
Subject354,60,0.9830687830687831,0.9833333333333333,0.9833333333333333,recorded,15,17,plus_placement,cnn,5099,20734,68d0e5f-dirty
Subject376,60,0.9140933140933141,0.9166666666666666,0.9166666666666666,recorded,15,17,plus_placement,cnn,5099,20734,68d0e5f-dirty
Subject424,60,0.8800000000000001,0.9,0.9,recorded,15,17,plus_placement,cnn,5099,20734,68d0e5f-dirty
Subject494,60,0.9062626262626262,0.9166666666666666,0.9166666666666666,recorded,15,17,plus_placement,cnn,5099,20734,68d0e5f-dirty
Subject561,60,0.9830687830687831,0.9833333333333333,0.9833333333333333,recorded,15,17,plus_placement,cnn,5099,20734,68d0e5f-dirty
Subject571,30,1.0,1.0,1.0,recorded,15,17,plus_placement,cnn,5099,20734,68d0e5f-dirty
Subject611,60,0.9830687830687831,0.9833333333333333,0.9833333333333333,recorded,15,17,plus_placement,cnn,5099,20734,68d0e5f-dirty
Subject729,60,1.0,1.0,1.0,recorded,15,17,plus_placement,cnn,5099,20734,68d0e5f-dirty
Subject731,30,0.9288888888888889,0.9333333333333333,0.9333333333333333,recorded,15,17,plus_placement,cnn,5099,20734,68d0e5f-dirty
Subject741,60,0.907955747955748,0.9166666666666666,0.9166666666666666,recorded,15,17,plus_placement,cnn,5099,20734,68d0e5f-dirty
Subject819,60,0.9096296296296297,0.9166666666666666,0.9166666666666666,recorded,15,17,plus_placement,cnn,5099,20734,68d0e5f-dirty
Subject867,60,0.9111111111111111,0.9333333333333333,0.9333333333333333,recorded,15,17,plus_placement,cnn,5099,20734,68d0e5f-dirty
Subject877,60,0.9830687830687831,0.9833333333333333,0.9833333333333333,recorded,15,17,plus_placement,cnn,5099,20734,68d0e5f-dirty
Subject890,30,0.8755555555555555,0.9,0.9,recorded,15,17,plus_placement,cnn,5099,20734,68d0e5f-dirty
Subject139,60,0.5655218855218855,0.6666666666666666,0.6666666666666666,new,16,2,none,cnn,578,0,68d0e5f-dirty
Subject226,30,0.638095238095238,0.7,0.7,new,16,2,none,cnn,578,0,68d0e5f-dirty
Subject424,60,0.6537240537240537,0.6833333333333333,0.6833333333333333,new,16,2,none,cnn,578,0,68d0e5f-dirty
Subject729,60,0.46968621792151205,0.55,0.55,new,16,2,none,cnn,578,0,68d0e5f-dirty
Subject731,30,0.43587301587301586,0.5,0.5,new,16,2,none,cnn,578,0,68d0e5f-dirty
Subject867,60,0.6279863056333644,0.6833333333333333,0.6833333333333333,new,16,2,none,cnn,578,0,68d0e5f-dirty
Subject376,60,0.7378306878306877,0.75,0.75,recorded,16,2,none,cnn,578,0,68d0e5f-dirty
Subject561,60,0.8269841269841269,0.85,0.85,recorded,16,2,none,cnn,578,0,68d0e5f-dirty
Subject139,60,0.6185858585858585,0.7,0.7,new,16,2,tempo_intensity,cnn,578,2391,68d0e5f-dirty
Subject226,30,0.6177777777777778,0.6666666666666666,0.6666666666666666,new,16,2,tempo_intensity,cnn,578,2391,68d0e5f-dirty
Subject424,60,0.6042002442002442,0.65,0.65,new,16,2,tempo_intensity,cnn,578,2391,68d0e5f-dirty
Subject729,60,0.41380952380952374,0.5,0.5,new,16,2,tempo_intensity,cnn,578,2391,68d0e5f-dirty
Subject731,30,0.4,0.4666666666666667,0.4666666666666667,new,16,2,tempo_intensity,cnn,578,2391,68d0e5f-dirty
Subject867,60,0.6277825877825877,0.7,0.7,new,16,2,tempo_intensity,cnn,578,2391,68d0e5f-dirty
Subject376,60,0.7816402116402116,0.8,0.8,recorded,16,2,tempo_intensity,cnn,578,2391,68d0e5f-dirty
Subject561,60,0.8586243386243386,0.8833333333333333,0.8833333333333333,recorded,16,2,tempo_intensity,cnn,578,2391,68d0e5f-dirty
Subject139,60,0.606099086099086,0.6833333333333333,0.6833333333333333,new,16,2,plus_placement,cnn,578,2344,68d0e5f-dirty
Subject226,30,0.6355555555555555,0.7,0.7,new,16,2,plus_placement,cnn,578,2344,68d0e5f-dirty
Subject424,60,0.5672455648926237,0.6166666666666667,0.6166666666666667,new,16,2,plus_placement,cnn,578,2344,68d0e5f-dirty
Subject729,60,0.5816402116402116,0.6333333333333333,0.6333333333333333,new,16,2,plus_placement,cnn,578,2344,68d0e5f-dirty
Subject731,30,0.42476190476190473,0.5,0.5,new,16,2,plus_placement,cnn,578,2344,68d0e5f-dirty
Subject867,60,0.5811314611314611,0.65,0.65,new,16,2,plus_placement,cnn,578,2344,68d0e5f-dirty
Subject376,60,0.7983068783068782,0.8166666666666667,0.8166666666666667,recorded,16,2,plus_placement,cnn,578,2344,68d0e5f-dirty
Subject561,60,0.8992784992784993,0.9,0.9,recorded,16,2,plus_placement,cnn,578,2344,68d0e5f-dirty
Subject139,60,0.7798941798941799,0.8166666666666667,0.8166666666666667,new,16,4,none,cnn,1157,0,68d0e5f-dirty
Subject226,30,0.5155555555555555,0.6,0.6,new,16,4,none,cnn,1157,0,68d0e5f-dirty
Subject424,60,0.7767195767195767,0.8166666666666667,0.8166666666666667,new,16,4,none,cnn,1157,0,68d0e5f-dirty
Subject729,60,0.6767388167388168,0.7333333333333333,0.7333333333333333,new,16,4,none,cnn,1157,0,68d0e5f-dirty
Subject731,30,0.5333333333333333,0.6,0.6,new,16,4,none,cnn,1157,0,68d0e5f-dirty
Subject867,60,0.7267724867724868,0.7666666666666667,0.7666666666666667,new,16,4,none,cnn,1157,0,68d0e5f-dirty
Subject354,60,0.9664021164021165,0.9666666666666667,0.9666666666666667,recorded,16,4,none,cnn,1157,0,68d0e5f-dirty
Subject376,60,0.8507936507936509,0.8666666666666667,0.8666666666666667,recorded,16,4,none,cnn,1157,0,68d0e5f-dirty
Subject561,60,0.8273208273208273,0.85,0.85,recorded,16,4,none,cnn,1157,0,68d0e5f-dirty
Subject819,60,0.7751515151515151,0.8166666666666667,0.8166666666666667,recorded,16,4,none,cnn,1157,0,68d0e5f-dirty
Subject139,60,0.743987493987494,0.7666666666666667,0.7666666666666667,new,16,4,tempo_intensity,cnn,1157,4695,68d0e5f-dirty
Subject226,30,0.7866666666666667,0.8333333333333334,0.8333333333333334,new,16,4,tempo_intensity,cnn,1157,4695,68d0e5f-dirty
Subject424,60,0.6761904761904761,0.7333333333333333,0.7333333333333333,new,16,4,tempo_intensity,cnn,1157,4695,68d0e5f-dirty
Subject729,60,0.62996632996633,0.7,0.7,new,16,4,tempo_intensity,cnn,1157,4695,68d0e5f-dirty
Subject731,30,0.5844444444444444,0.6666666666666666,0.6666666666666666,new,16,4,tempo_intensity,cnn,1157,4695,68d0e5f-dirty
Subject867,60,0.7939153439153439,0.8166666666666667,0.8166666666666667,new,16,4,tempo_intensity,cnn,1157,4695,68d0e5f-dirty
Subject354,60,0.9492063492063493,0.95,0.95,recorded,16,4,tempo_intensity,cnn,1157,4695,68d0e5f-dirty
Subject376,60,0.8829629629629631,0.8833333333333333,0.8833333333333333,recorded,16,4,tempo_intensity,cnn,1157,4695,68d0e5f-dirty
Subject561,60,0.8067340067340066,0.85,0.85,recorded,16,4,tempo_intensity,cnn,1157,4695,68d0e5f-dirty
Subject819,60,0.7582202982202982,0.8,0.8,recorded,16,4,tempo_intensity,cnn,1157,4695,68d0e5f-dirty
Subject139,60,0.7779894179894181,0.8,0.8,new,16,4,plus_placement,cnn,1157,4747,68d0e5f-dirty
Subject226,30,0.7288888888888889,0.8,0.8,new,16,4,plus_placement,cnn,1157,4747,68d0e5f-dirty
Subject424,60,0.8243578643578643,0.85,0.85,new,16,4,plus_placement,cnn,1157,4747,68d0e5f-dirty
Subject729,60,0.7395959595959596,0.7833333333333333,0.7833333333333333,new,16,4,plus_placement,cnn,1157,4747,68d0e5f-dirty
Subject731,30,0.6425396825396826,0.7,0.7,new,16,4,plus_placement,cnn,1157,4747,68d0e5f-dirty
Subject867,60,0.7970370370370371,0.8166666666666667,0.8166666666666667,new,16,4,plus_placement,cnn,1157,4747,68d0e5f-dirty
Subject354,60,0.9830687830687831,0.9833333333333333,0.9833333333333333,recorded,16,4,plus_placement,cnn,1157,4747,68d0e5f-dirty
Subject376,60,0.8962962962962963,0.9,0.9,recorded,16,4,plus_placement,cnn,1157,4747,68d0e5f-dirty
Subject561,60,0.8269841269841269,0.85,0.85,recorded,16,4,plus_placement,cnn,1157,4747,68d0e5f-dirty
Subject819,60,0.7751515151515151,0.8166666666666667,0.8166666666666667,recorded,16,4,plus_placement,cnn,1157,4747,68d0e5f-dirty
Subject139,60,0.7982202982202983,0.8333333333333334,0.8333333333333334,new,16,8,none,cnn,2431,0,68d0e5f-dirty
Subject226,30,0.6755555555555556,0.7333333333333333,0.7333333333333333,new,16,8,none,cnn,2431,0,68d0e5f-dirty
Subject424,60,0.6708994708994709,0.7333333333333333,0.7333333333333333,new,16,8,none,cnn,2431,0,68d0e5f-dirty
Subject729,60,0.9328042328042329,0.9333333333333333,0.9333333333333333,new,16,8,none,cnn,2431,0,68d0e5f-dirty
Subject731,30,0.6688888888888889,0.7333333333333333,0.7333333333333333,new,16,8,none,cnn,2431,0,68d0e5f-dirty
Subject867,60,0.8610774410774409,0.8666666666666667,0.8666666666666667,new,16,8,none,cnn,2431,0,68d0e5f-dirty
Subject147,31,1.0,1.0,1.0,recorded,16,8,none,cnn,2431,0,68d0e5f-dirty
Subject354,60,0.9664021164021165,0.9666666666666667,0.9666666666666667,recorded,16,8,none,cnn,2431,0,68d0e5f-dirty
Subject376,60,0.9282539682539682,0.9333333333333333,0.9333333333333333,recorded,16,8,none,cnn,2431,0,68d0e5f-dirty
Subject561,60,0.912136752136752,0.9166666666666666,0.9166666666666666,recorded,16,8,none,cnn,2431,0,68d0e5f-dirty
Subject741,60,0.843862433862434,0.85,0.85,recorded,16,8,none,cnn,2431,0,68d0e5f-dirty
Subject819,60,0.8321308321308323,0.85,0.85,recorded,16,8,none,cnn,2431,0,68d0e5f-dirty
Subject890,30,0.8622222222222222,0.8666666666666667,0.8666666666666667,recorded,16,8,none,cnn,2431,0,68d0e5f-dirty
Subject969,30,0.7977777777777777,0.8333333333333334,0.8333333333333334,recorded,16,8,none,cnn,2431,0,68d0e5f-dirty
Subject139,60,0.7526118326118326,0.8,0.8,new,16,8,tempo_intensity,cnn,2431,9929,68d0e5f-dirty
Subject226,30,0.7644444444444445,0.8,0.8,new,16,8,tempo_intensity,cnn,2431,9929,68d0e5f-dirty
Subject424,60,0.6577777777777778,0.7333333333333333,0.7333333333333333,new,16,8,tempo_intensity,cnn,2431,9929,68d0e5f-dirty
Subject729,60,0.8592592592592592,0.8833333333333333,0.8833333333333333,new,16,8,tempo_intensity,cnn,2431,9929,68d0e5f-dirty
Subject731,30,0.5777777777777778,0.6333333333333333,0.6333333333333333,new,16,8,tempo_intensity,cnn,2431,9929,68d0e5f-dirty
Subject867,60,0.791957671957672,0.8166666666666667,0.8166666666666667,new,16,8,tempo_intensity,cnn,2431,9929,68d0e5f-dirty
Subject147,31,0.9111111111111111,0.9333333333333333,0.9354838709677419,recorded,16,8,tempo_intensity,cnn,2431,9929,68d0e5f-dirty
Subject354,60,0.8941798941798942,0.9166666666666666,0.9166666666666666,recorded,16,8,tempo_intensity,cnn,2431,9929,68d0e5f-dirty
Subject376,60,0.8355555555555555,0.8666666666666667,0.8666666666666667,recorded,16,8,tempo_intensity,cnn,2431,9929,68d0e5f-dirty
Subject561,60,0.9644444444444444,0.9666666666666667,0.9666666666666667,recorded,16,8,tempo_intensity,cnn,2431,9929,68d0e5f-dirty
Subject741,60,0.8118710918710919,0.8333333333333334,0.8333333333333334,recorded,16,8,tempo_intensity,cnn,2431,9929,68d0e5f-dirty
Subject819,60,0.7994708994708996,0.8333333333333334,0.8333333333333334,recorded,16,8,tempo_intensity,cnn,2431,9929,68d0e5f-dirty
Subject890,30,0.8755555555555555,0.9,0.9,recorded,16,8,tempo_intensity,cnn,2431,9929,68d0e5f-dirty
Subject969,30,0.8622222222222221,0.8666666666666667,0.8666666666666667,recorded,16,8,tempo_intensity,cnn,2431,9929,68d0e5f-dirty
Subject139,60,0.8597354497354498,0.8833333333333333,0.8833333333333333,new,16,8,plus_placement,cnn,2431,9770,68d0e5f-dirty
Subject226,30,0.7266666666666667,0.7666666666666667,0.7666666666666667,new,16,8,plus_placement,cnn,2431,9770,68d0e5f-dirty
Subject424,60,0.7377777777777778,0.7833333333333333,0.7833333333333333,new,16,8,plus_placement,cnn,2431,9770,68d0e5f-dirty
Subject729,60,0.880952380952381,0.8833333333333333,0.8833333333333333,new,16,8,plus_placement,cnn,2431,9770,68d0e5f-dirty
Subject731,30,0.5047619047619049,0.5666666666666667,0.5666666666666667,new,16,8,plus_placement,cnn,2431,9770,68d0e5f-dirty
Subject867,60,0.7937037037037038,0.8166666666666667,0.8166666666666667,new,16,8,plus_placement,cnn,2431,9770,68d0e5f-dirty
Subject147,31,1.0,1.0,1.0,recorded,16,8,plus_placement,cnn,2431,9770,68d0e5f-dirty
Subject354,60,0.9223280423280423,0.9333333333333333,0.9333333333333333,recorded,16,8,plus_placement,cnn,2431,9770,68d0e5f-dirty
Subject376,60,0.8622222222222222,0.8833333333333333,0.8833333333333333,recorded,16,8,plus_placement,cnn,2431,9770,68d0e5f-dirty
Subject561,60,0.9830687830687831,0.9833333333333333,0.9833333333333333,recorded,16,8,plus_placement,cnn,2431,9770,68d0e5f-dirty
Subject741,60,0.8469841269841271,0.8666666666666667,0.8666666666666667,recorded,16,8,plus_placement,cnn,2431,9770,68d0e5f-dirty
Subject819,60,0.8431420431420431,0.8666666666666667,0.8666666666666667,recorded,16,8,plus_placement,cnn,2431,9770,68d0e5f-dirty
Subject890,30,0.8222222222222222,0.8666666666666667,0.8666666666666667,recorded,16,8,plus_placement,cnn,2431,9770,68d0e5f-dirty
Subject969,30,0.8977777777777778,0.9,0.9,recorded,16,8,plus_placement,cnn,2431,9770,68d0e5f-dirty
Subject139,60,0.9661375661375662,0.9666666666666667,0.9666666666666667,new,16,17,none,cnn,5200,0,68d0e5f-dirty
Subject226,30,0.7533333333333334,0.8,0.8,new,16,17,none,cnn,5200,0,68d0e5f-dirty
Subject424,60,0.8656084656084656,0.8833333333333333,0.8833333333333333,new,16,17,none,cnn,5200,0,68d0e5f-dirty
Subject729,60,0.907955747955748,0.9166666666666666,0.9166666666666666,new,16,17,none,cnn,5200,0,68d0e5f-dirty
Subject731,30,0.8444444444444446,0.8666666666666667,0.8666666666666667,new,16,17,none,cnn,5200,0,68d0e5f-dirty
Subject867,60,0.9062626262626263,0.9166666666666666,0.9166666666666666,new,16,17,none,cnn,5200,0,68d0e5f-dirty
Subject147,31,1.0,1.0,1.0,recorded,16,17,none,cnn,5200,0,68d0e5f-dirty
Subject352,30,0.8755555555555555,0.9,0.9,recorded,16,17,none,cnn,5200,0,68d0e5f-dirty
Subject353,60,0.822029822029822,0.8166666666666667,0.8166666666666667,recorded,16,17,none,cnn,5200,0,68d0e5f-dirty
Subject354,60,0.9830687830687831,0.9833333333333333,0.9833333333333333,recorded,16,17,none,cnn,5200,0,68d0e5f-dirty
Subject376,60,0.9325396825396824,0.9333333333333333,0.9333333333333333,recorded,16,17,none,cnn,5200,0,68d0e5f-dirty
Subject455,60,0.9830687830687831,0.9833333333333333,0.9833333333333333,recorded,16,17,none,cnn,5200,0,68d0e5f-dirty
Subject494,60,0.8755555555555555,0.9,0.9,recorded,16,17,none,cnn,5200,0,68d0e5f-dirty
Subject516,30,1.0,1.0,1.0,recorded,16,17,none,cnn,5200,0,68d0e5f-dirty
Subject561,60,0.9661375661375662,0.9666666666666667,0.9666666666666667,recorded,16,17,none,cnn,5200,0,68d0e5f-dirty
Subject571,30,0.9644444444444444,0.9666666666666667,0.9666666666666667,recorded,16,17,none,cnn,5200,0,68d0e5f-dirty
Subject580,90,0.9003640803640802,0.8999999999999999,0.9,recorded,16,17,none,cnn,5200,0,68d0e5f-dirty
Subject611,60,0.9644444444444444,0.9666666666666667,0.9666666666666667,recorded,16,17,none,cnn,5200,0,68d0e5f-dirty
Subject741,60,0.9830687830687831,0.9833333333333333,0.9833333333333333,recorded,16,17,none,cnn,5200,0,68d0e5f-dirty
Subject819,60,0.785998075998076,0.8166666666666667,0.8166666666666667,recorded,16,17,none,cnn,5200,0,68d0e5f-dirty
Subject877,60,1.0,1.0,1.0,recorded,16,17,none,cnn,5200,0,68d0e5f-dirty
Subject890,30,0.8333333333333334,0.8666666666666667,0.8666666666666667,recorded,16,17,none,cnn,5200,0,68d0e5f-dirty
Subject969,30,0.7936507936507937,0.8333333333333334,0.8333333333333334,recorded,16,17,none,cnn,5200,0,68d0e5f-dirty
Subject139,60,0.9664021164021165,0.9666666666666667,0.9666666666666667,new,16,17,tempo_intensity,cnn,5200,21092,68d0e5f-dirty
Subject226,30,0.7444444444444446,0.8,0.8,new,16,17,tempo_intensity,cnn,5200,21092,68d0e5f-dirty
Subject424,60,0.8622222222222222,0.8833333333333333,0.8833333333333333,new,16,17,tempo_intensity,cnn,5200,21092,68d0e5f-dirty
Subject729,60,0.907955747955748,0.9166666666666666,0.9166666666666666,new,16,17,tempo_intensity,cnn,5200,21092,68d0e5f-dirty
Subject731,30,0.8800000000000001,0.9,0.9,new,16,17,tempo_intensity,cnn,5200,21092,68d0e5f-dirty
Subject867,60,0.8310774410774411,0.85,0.85,new,16,17,tempo_intensity,cnn,5200,21092,68d0e5f-dirty
Subject147,31,0.9111111111111111,0.9333333333333333,0.9354838709677419,recorded,16,17,tempo_intensity,cnn,5200,21092,68d0e5f-dirty
Subject352,30,0.8755555555555555,0.9,0.9,recorded,16,17,tempo_intensity,cnn,5200,21092,68d0e5f-dirty
Subject353,60,0.9139153439153439,0.9166666666666666,0.9166666666666666,recorded,16,17,tempo_intensity,cnn,5200,21092,68d0e5f-dirty
Subject354,60,0.9830687830687831,0.9833333333333333,0.9833333333333333,recorded,16,17,tempo_intensity,cnn,5200,21092,68d0e5f-dirty
Subject376,60,0.912136752136752,0.9166666666666666,0.9166666666666666,recorded,16,17,tempo_intensity,cnn,5200,21092,68d0e5f-dirty
Subject455,60,1.0,1.0,1.0,recorded,16,17,tempo_intensity,cnn,5200,21092,68d0e5f-dirty
Subject494,60,0.9111111111111111,0.9333333333333333,0.9333333333333333,recorded,16,17,tempo_intensity,cnn,5200,21092,68d0e5f-dirty
Subject516,30,1.0,1.0,1.0,recorded,16,17,tempo_intensity,cnn,5200,21092,68d0e5f-dirty
Subject561,60,0.9661375661375662,0.9666666666666667,0.9666666666666667,recorded,16,17,tempo_intensity,cnn,5200,21092,68d0e5f-dirty
Subject571,30,0.9644444444444444,0.9666666666666667,0.9666666666666667,recorded,16,17,tempo_intensity,cnn,5200,21092,68d0e5f-dirty
Subject580,90,0.9196137196137195,0.9222222222222223,0.9222222222222223,recorded,16,17,tempo_intensity,cnn,5200,21092,68d0e5f-dirty
Subject611,60,0.9830687830687831,0.9833333333333333,0.9833333333333333,recorded,16,17,tempo_intensity,cnn,5200,21092,68d0e5f-dirty
Subject741,60,0.9492063492063492,0.95,0.95,recorded,16,17,tempo_intensity,cnn,5200,21092,68d0e5f-dirty
Subject819,60,0.8441798941798943,0.8666666666666667,0.8666666666666667,recorded,16,17,tempo_intensity,cnn,5200,21092,68d0e5f-dirty
Subject877,60,0.9644444444444444,0.9666666666666667,0.9666666666666667,recorded,16,17,tempo_intensity,cnn,5200,21092,68d0e5f-dirty
Subject890,30,0.9111111111111111,0.9333333333333333,0.9333333333333333,recorded,16,17,tempo_intensity,cnn,5200,21092,68d0e5f-dirty
Subject969,30,0.8492063492063492,0.8666666666666667,0.8666666666666667,recorded,16,17,tempo_intensity,cnn,5200,21092,68d0e5f-dirty
Subject139,60,0.9676190476190477,0.9666666666666667,0.9666666666666667,new,16,17,plus_placement,cnn,5200,21070,68d0e5f-dirty
Subject226,30,0.7936507936507937,0.8333333333333334,0.8333333333333334,new,16,17,plus_placement,cnn,5200,21070,68d0e5f-dirty
Subject424,60,0.8380952380952381,0.8666666666666667,0.8666666666666667,new,16,17,plus_placement,cnn,5200,21070,68d0e5f-dirty
Subject729,60,0.907955747955748,0.9166666666666666,0.9166666666666666,new,16,17,plus_placement,cnn,5200,21070,68d0e5f-dirty
Subject731,30,0.8977777777777778,0.9,0.9,new,16,17,plus_placement,cnn,5200,21070,68d0e5f-dirty
Subject867,60,0.8541798941798943,0.8666666666666667,0.8666666666666667,new,16,17,plus_placement,cnn,5200,21070,68d0e5f-dirty
Subject147,31,0.9111111111111111,0.9333333333333333,0.9354838709677419,recorded,16,17,plus_placement,cnn,5200,21070,68d0e5f-dirty
Subject352,30,0.8222222222222222,0.8666666666666667,0.8666666666666667,recorded,16,17,plus_placement,cnn,5200,21070,68d0e5f-dirty
Subject353,60,0.8986435786435787,0.9,0.9,recorded,16,17,plus_placement,cnn,5200,21070,68d0e5f-dirty
Subject354,60,0.9111111111111111,0.9333333333333333,0.9333333333333333,recorded,16,17,plus_placement,cnn,5200,21070,68d0e5f-dirty
Subject376,60,0.8825396825396825,0.9,0.9,recorded,16,17,plus_placement,cnn,5200,21070,68d0e5f-dirty
Subject455,60,1.0,1.0,1.0,recorded,16,17,plus_placement,cnn,5200,21070,68d0e5f-dirty
Subject494,60,0.8781144781144781,0.9,0.9,recorded,16,17,plus_placement,cnn,5200,21070,68d0e5f-dirty
Subject516,30,1.0,1.0,1.0,recorded,16,17,plus_placement,cnn,5200,21070,68d0e5f-dirty
Subject561,60,0.9830687830687831,0.9833333333333333,0.9833333333333333,recorded,16,17,plus_placement,cnn,5200,21070,68d0e5f-dirty
Subject571,30,0.9644444444444444,0.9666666666666667,0.9666666666666667,recorded,16,17,plus_placement,cnn,5200,21070,68d0e5f-dirty
Subject580,90,0.9060273060273061,0.9222222222222222,0.9222222222222223,recorded,16,17,plus_placement,cnn,5200,21070,68d0e5f-dirty
Subject611,60,0.9475132275132275,0.95,0.95,recorded,16,17,plus_placement,cnn,5200,21070,68d0e5f-dirty
Subject741,60,0.9644444444444444,0.9666666666666667,0.9666666666666667,recorded,16,17,plus_placement,cnn,5200,21070,68d0e5f-dirty
Subject819,60,0.9096296296296297,0.9166666666666666,0.9166666666666666,recorded,16,17,plus_placement,cnn,5200,21070,68d0e5f-dirty
Subject877,60,1.0,1.0,1.0,recorded,16,17,plus_placement,cnn,5200,21070,68d0e5f-dirty
Subject890,30,0.9111111111111111,0.9333333333333333,0.9333333333333333,recorded,16,17,plus_placement,cnn,5200,21070,68d0e5f-dirty
Subject969,30,0.846984126984127,0.8666666666666667,0.8666666666666667,recorded,16,17,plus_placement,cnn,5200,21070,68d0e5f-dirty
Subject147,31,0.648888888888889,0.6777777777777777,0.6774193548387096,new,17,2,none,cnn,553,0,68d0e5f-dirty
Subject352,30,0.5044444444444445,0.5,0.5,new,17,2,none,cnn,553,0,68d0e5f-dirty
Subject376,60,0.5856817256817257,0.6333333333333333,0.6333333333333333,new,17,2,none,cnn,553,0,68d0e5f-dirty
Subject494,60,0.5002260702260702,0.5333333333333333,0.5333333333333333,new,17,2,none,cnn,553,0,68d0e5f-dirty
Subject741,60,0.46687830687830684,0.5166666666666667,0.5166666666666667,new,17,2,none,cnn,553,0,68d0e5f-dirty
Subject819,60,0.4432202982202983,0.5333333333333333,0.5333333333333333,new,17,2,none,cnn,553,0,68d0e5f-dirty
Subject226,30,1.0,1.0,1.0,recorded,17,2,none,cnn,553,0,68d0e5f-dirty
Subject580,90,0.7110426175132057,0.7222222222222221,0.7222222222222222,recorded,17,2,none,cnn,553,0,68d0e5f-dirty
Subject147,31,0.5758730158730159,0.6666666666666666,0.6451612903225806,new,17,2,tempo_intensity,cnn,553,2260,68d0e5f-dirty
Subject352,30,0.35777777777777775,0.4,0.4,new,17,2,tempo_intensity,cnn,553,2260,68d0e5f-dirty
Subject376,60,0.6355984755984756,0.6666666666666666,0.6666666666666666,new,17,2,tempo_intensity,cnn,553,2260,68d0e5f-dirty
Subject494,60,0.5052910052910052,0.5666666666666667,0.5666666666666667,new,17,2,tempo_intensity,cnn,553,2260,68d0e5f-dirty
Subject741,60,0.379520697167756,0.45,0.45,new,17,2,tempo_intensity,cnn,553,2260,68d0e5f-dirty
Subject819,60,0.42416546416546425,0.5166666666666667,0.5166666666666667,new,17,2,tempo_intensity,cnn,553,2260,68d0e5f-dirty
Subject226,30,0.9066666666666667,0.9333333333333333,0.9333333333333333,recorded,17,2,tempo_intensity,cnn,553,2260,68d0e5f-dirty
Subject580,90,0.6736082048102507,0.6888888888888888,0.6888888888888889,recorded,17,2,tempo_intensity,cnn,553,2260,68d0e5f-dirty
Subject147,31,0.7155555555555556,0.7777777777777778,0.7741935483870968,new,17,2,plus_placement,cnn,553,2256,68d0e5f-dirty
Subject352,30,0.49777777777777776,0.5333333333333333,0.5333333333333333,new,17,2,plus_placement,cnn,553,2256,68d0e5f-dirty
Subject376,60,0.6300529100529101,0.6666666666666666,0.6666666666666666,new,17,2,plus_placement,cnn,553,2256,68d0e5f-dirty
Subject494,60,0.5229822029822029,0.5833333333333334,0.5833333333333334,new,17,2,plus_placement,cnn,553,2256,68d0e5f-dirty
Subject741,60,0.5263369963369963,0.5833333333333334,0.5833333333333334,new,17,2,plus_placement,cnn,553,2256,68d0e5f-dirty
Subject819,60,0.40661064425770305,0.5,0.5,new,17,2,plus_placement,cnn,553,2256,68d0e5f-dirty
Subject226,30,0.9111111111111111,0.9333333333333333,0.9333333333333333,recorded,17,2,plus_placement,cnn,553,2256,68d0e5f-dirty
Subject580,90,0.6908576447706881,0.7222222222222222,0.7222222222222222,recorded,17,2,plus_placement,cnn,553,2256,68d0e5f-dirty
Subject147,31,0.7555555555555554,0.8,0.8064516129032258,new,17,4,none,cnn,1173,0,68d0e5f-dirty
Subject352,30,0.7066666666666667,0.7333333333333333,0.7333333333333333,new,17,4,none,cnn,1173,0,68d0e5f-dirty
Subject376,60,0.7237037037037037,0.75,0.75,new,17,4,none,cnn,1173,0,68d0e5f-dirty
Subject494,60,0.5354364154364154,0.6166666666666667,0.6166666666666667,new,17,4,none,cnn,1173,0,68d0e5f-dirty
Subject741,60,0.5806878306878307,0.6333333333333333,0.6333333333333333,new,17,4,none,cnn,1173,0,68d0e5f-dirty
Subject819,60,0.5651515151515152,0.65,0.65,new,17,4,none,cnn,1173,0,68d0e5f-dirty
Subject139,60,0.7194708994708994,0.75,0.75,recorded,17,4,none,cnn,1173,0,68d0e5f-dirty
Subject226,30,0.8755555555555555,0.9,0.9,recorded,17,4,none,cnn,1173,0,68d0e5f-dirty
Subject516,30,0.9111111111111111,0.9333333333333333,0.9333333333333333,recorded,17,4,none,cnn,1173,0,68d0e5f-dirty
Subject580,90,0.8220121490709725,0.8222222222222223,0.8222222222222222,recorded,17,4,none,cnn,1173,0,68d0e5f-dirty
Subject147,31,0.7555555555555556,0.8,0.8064516129032258,new,17,4,tempo_intensity,cnn,1173,4773,68d0e5f-dirty
Subject352,30,0.648888888888889,0.7,0.7,new,17,4,tempo_intensity,cnn,1173,4773,68d0e5f-dirty
Subject376,60,0.6783068783068784,0.6833333333333333,0.6833333333333333,new,17,4,tempo_intensity,cnn,1173,4773,68d0e5f-dirty
Subject494,60,0.48139659904365784,0.55,0.55,new,17,4,tempo_intensity,cnn,1173,4773,68d0e5f-dirty
Subject741,60,0.5993854293854295,0.6666666666666666,0.6666666666666666,new,17,4,tempo_intensity,cnn,1173,4773,68d0e5f-dirty
Subject819,60,0.5651851851851852,0.65,0.65,new,17,4,tempo_intensity,cnn,1173,4773,68d0e5f-dirty
Subject139,60,0.7042083842083842,0.7666666666666667,0.7666666666666667,recorded,17,4,tempo_intensity,cnn,1173,4773,68d0e5f-dirty
Subject226,30,0.7580952380952382,0.8,0.8,recorded,17,4,tempo_intensity,cnn,1173,4773,68d0e5f-dirty
Subject516,30,1.0,1.0,1.0,recorded,17,4,tempo_intensity,cnn,1173,4773,68d0e5f-dirty
Subject580,90,0.7912931512931514,0.8222222222222223,0.8222222222222222,recorded,17,4,tempo_intensity,cnn,1173,4773,68d0e5f-dirty
Subject147,31,0.6711111111111112,0.711111111111111,0.7096774193548387,new,17,4,plus_placement,cnn,1173,4688,68d0e5f-dirty
Subject352,30,0.7066666666666667,0.7333333333333333,0.7333333333333333,new,17,4,plus_placement,cnn,1173,4688,68d0e5f-dirty
Subject376,60,0.6733429533429532,0.6833333333333333,0.6833333333333333,new,17,4,plus_placement,cnn,1173,4688,68d0e5f-dirty
Subject494,60,0.5182935582935583,0.6,0.6,new,17,4,plus_placement,cnn,1173,4688,68d0e5f-dirty
Subject741,60,0.5803378103378104,0.65,0.65,new,17,4,plus_placement,cnn,1173,4688,68d0e5f-dirty
Subject819,60,0.6738095238095237,0.7333333333333333,0.7333333333333333,new,17,4,plus_placement,cnn,1173,4688,68d0e5f-dirty
Subject139,60,0.7170237170237169,0.7833333333333333,0.7833333333333333,recorded,17,4,plus_placement,cnn,1173,4688,68d0e5f-dirty
Subject226,30,0.7936507936507937,0.8333333333333334,0.8333333333333334,recorded,17,4,plus_placement,cnn,1173,4688,68d0e5f-dirty
Subject516,30,0.9111111111111111,0.9333333333333333,0.9333333333333333,recorded,17,4,plus_placement,cnn,1173,4688,68d0e5f-dirty
Subject580,90,0.8198445998445999,0.8333333333333335,0.8333333333333334,recorded,17,4,plus_placement,cnn,1173,4688,68d0e5f-dirty
Subject147,31,0.9311111111111111,0.9333333333333333,0.9354838709677419,new,17,8,none,cnn,2473,0,68d0e5f-dirty
Subject352,30,0.8088888888888889,0.8333333333333334,0.8333333333333334,new,17,8,none,cnn,2473,0,68d0e5f-dirty
Subject376,60,0.754920634920635,0.7833333333333333,0.7833333333333333,new,17,8,none,cnn,2473,0,68d0e5f-dirty
Subject494,60,0.6772984749455337,0.7166666666666667,0.7166666666666667,new,17,8,none,cnn,2473,0,68d0e5f-dirty
Subject741,60,0.6564742664742664,0.7,0.7,new,17,8,none,cnn,2473,0,68d0e5f-dirty
Subject819,60,0.7737240537240537,0.8,0.8,new,17,8,none,cnn,2473,0,68d0e5f-dirty
Subject139,60,0.8667051467051468,0.8833333333333333,0.8833333333333333,recorded,17,8,none,cnn,2473,0,68d0e5f-dirty
Subject226,30,0.9066666666666667,0.9333333333333333,0.9333333333333333,recorded,17,8,none,cnn,2473,0,68d0e5f-dirty
Subject516,30,0.9111111111111111,0.9333333333333333,0.9333333333333333,recorded,17,8,none,cnn,2473,0,68d0e5f-dirty
Subject561,60,0.8922222222222221,0.9,0.9,recorded,17,8,none,cnn,2473,0,68d0e5f-dirty
Subject580,90,0.8941384541384542,0.9000000000000001,0.9,recorded,17,8,none,cnn,2473,0,68d0e5f-dirty
Subject729,60,0.9661375661375662,0.9666666666666667,0.9666666666666667,recorded,17,8,none,cnn,2473,0,68d0e5f-dirty
Subject867,60,0.8541798941798943,0.8666666666666667,0.8666666666666667,recorded,17,8,none,cnn,2473,0,68d0e5f-dirty
Subject877,60,0.9644444444444444,0.9666666666666667,0.9666666666666667,recorded,17,8,none,cnn,2473,0,68d0e5f-dirty
Subject147,31,0.9044444444444444,0.9111111111111111,0.9032258064516129,new,17,8,tempo_intensity,cnn,2473,9986,68d0e5f-dirty
Subject352,30,0.8088888888888889,0.8333333333333334,0.8333333333333334,new,17,8,tempo_intensity,cnn,2473,9986,68d0e5f-dirty
Subject376,60,0.6911111111111111,0.6833333333333333,0.6833333333333333,new,17,8,tempo_intensity,cnn,2473,9986,68d0e5f-dirty
Subject494,60,0.6507407407407407,0.7,0.7,new,17,8,tempo_intensity,cnn,2473,9986,68d0e5f-dirty
Subject741,60,0.707012987012987,0.7333333333333333,0.7333333333333333,new,17,8,tempo_intensity,cnn,2473,9986,68d0e5f-dirty
Subject819,60,0.8107610907610907,0.8333333333333334,0.8333333333333334,new,17,8,tempo_intensity,cnn,2473,9986,68d0e5f-dirty
Subject139,60,0.8677441077441077,0.8833333333333333,0.8833333333333333,recorded,17,8,tempo_intensity,cnn,2473,9986,68d0e5f-dirty
Subject226,30,0.9066666666666667,0.9333333333333333,0.9333333333333333,recorded,17,8,tempo_intensity,cnn,2473,9986,68d0e5f-dirty
Subject516,30,0.8888888888888888,0.9,0.9,recorded,17,8,tempo_intensity,cnn,2473,9986,68d0e5f-dirty
Subject561,60,0.9278499278499279,0.9333333333333333,0.9333333333333333,recorded,17,8,tempo_intensity,cnn,2473,9986,68d0e5f-dirty
Subject580,90,0.8859407259407258,0.888888888888889,0.8888888888888888,recorded,17,8,tempo_intensity,cnn,2473,9986,68d0e5f-dirty
Subject729,60,0.9664021164021165,0.9666666666666667,0.9666666666666667,recorded,17,8,tempo_intensity,cnn,2473,9986,68d0e5f-dirty
Subject867,60,0.8711111111111111,0.8833333333333333,0.8833333333333333,recorded,17,8,tempo_intensity,cnn,2473,9986,68d0e5f-dirty
Subject877,60,1.0,1.0,1.0,recorded,17,8,tempo_intensity,cnn,2473,9986,68d0e5f-dirty
Subject147,31,0.9111111111111111,0.9333333333333333,0.9354838709677419,new,17,8,plus_placement,cnn,2473,10033,68d0e5f-dirty
Subject352,30,0.8755555555555555,0.9,0.9,new,17,8,plus_placement,cnn,2473,10033,68d0e5f-dirty
Subject376,60,0.7815873015873015,0.8,0.8,new,17,8,plus_placement,cnn,2473,10033,68d0e5f-dirty
Subject494,60,0.5618518518518518,0.6333333333333333,0.6333333333333333,new,17,8,plus_placement,cnn,2473,10033,68d0e5f-dirty
Subject741,60,0.7007407407407408,0.7166666666666667,0.7166666666666667,new,17,8,plus_placement,cnn,2473,10033,68d0e5f-dirty
Subject819,60,0.8455026455026454,0.8666666666666667,0.8666666666666667,new,17,8,plus_placement,cnn,2473,10033,68d0e5f-dirty
Subject139,60,0.8755555555555555,0.9,0.9,recorded,17,8,plus_placement,cnn,2473,10033,68d0e5f-dirty
Subject226,30,0.8333333333333334,0.8666666666666667,0.8666666666666667,recorded,17,8,plus_placement,cnn,2473,10033,68d0e5f-dirty
Subject516,30,0.9111111111111111,0.9333333333333333,0.9333333333333333,recorded,17,8,plus_placement,cnn,2473,10033,68d0e5f-dirty
Subject561,60,0.924886964886965,0.9333333333333333,0.9333333333333333,recorded,17,8,plus_placement,cnn,2473,10033,68d0e5f-dirty
Subject580,90,0.9442424242424241,0.9444444444444444,0.9444444444444444,recorded,17,8,plus_placement,cnn,2473,10033,68d0e5f-dirty
Subject729,60,0.9661375661375663,0.9666666666666667,0.9666666666666667,recorded,17,8,plus_placement,cnn,2473,10033,68d0e5f-dirty
Subject867,60,0.8846560846560847,0.9,0.9,recorded,17,8,plus_placement,cnn,2473,10033,68d0e5f-dirty
Subject877,60,0.9475132275132274,0.95,0.95,recorded,17,8,plus_placement,cnn,2473,10033,68d0e5f-dirty
Subject147,31,0.9644444444444444,0.9666666666666667,0.967741935483871,new,17,17,none,cnn,5300,0,68d0e5f-dirty
Subject352,30,0.7999999999999999,0.8333333333333334,0.8333333333333334,new,17,17,none,cnn,5300,0,68d0e5f-dirty
Subject376,60,0.8721885521885522,0.9,0.9,new,17,17,none,cnn,5300,0,68d0e5f-dirty
Subject494,60,0.8199326599326598,0.85,0.85,new,17,17,none,cnn,5300,0,68d0e5f-dirty
Subject741,60,0.9053968253968255,0.9166666666666666,0.9166666666666666,new,17,17,none,cnn,5300,0,68d0e5f-dirty
Subject819,60,0.7873400673400673,0.8166666666666667,0.8166666666666667,new,17,17,none,cnn,5300,0,68d0e5f-dirty
Subject139,60,0.9661375661375663,0.9666666666666667,0.9666666666666667,recorded,17,17,none,cnn,5300,0,68d0e5f-dirty
Subject226,30,0.9644444444444444,0.9666666666666667,0.9666666666666667,recorded,17,17,none,cnn,5300,0,68d0e5f-dirty
Subject353,60,0.8828042328042328,0.8833333333333333,0.8833333333333333,recorded,17,17,none,cnn,5300,0,68d0e5f-dirty
Subject354,60,1.0,1.0,1.0,recorded,17,17,none,cnn,5300,0,68d0e5f-dirty
Subject424,60,0.8825396825396825,0.9,0.9,recorded,17,17,none,cnn,5300,0,68d0e5f-dirty
Subject455,60,0.9830687830687831,0.9833333333333333,0.9833333333333333,recorded,17,17,none,cnn,5300,0,68d0e5f-dirty
Subject516,30,0.9644444444444444,0.9666666666666667,0.9666666666666667,recorded,17,17,none,cnn,5300,0,68d0e5f-dirty
Subject561,60,0.9666666666666667,0.9666666666666667,0.9666666666666667,recorded,17,17,none,cnn,5300,0,68d0e5f-dirty
Subject571,30,0.8825396825396825,0.9,0.9,recorded,17,17,none,cnn,5300,0,68d0e5f-dirty
Subject580,90,0.9204218004218003,0.9222222222222222,0.9222222222222223,recorded,17,17,none,cnn,5300,0,68d0e5f-dirty
Subject611,60,0.9141798941798942,0.9166666666666666,0.9166666666666666,recorded,17,17,none,cnn,5300,0,68d0e5f-dirty
Subject729,60,0.9664021164021165,0.9666666666666667,0.9666666666666667,recorded,17,17,none,cnn,5300,0,68d0e5f-dirty
Subject731,30,0.9288888888888888,0.9333333333333333,0.9333333333333333,recorded,17,17,none,cnn,5300,0,68d0e5f-dirty
Subject867,60,0.9311111111111111,0.9333333333333333,0.9333333333333333,recorded,17,17,none,cnn,5300,0,68d0e5f-dirty
Subject877,60,1.0,1.0,1.0,recorded,17,17,none,cnn,5300,0,68d0e5f-dirty
Subject890,30,0.9288888888888889,0.9333333333333333,0.9333333333333333,recorded,17,17,none,cnn,5300,0,68d0e5f-dirty
Subject969,30,0.9644444444444444,0.9666666666666667,0.9666666666666667,recorded,17,17,none,cnn,5300,0,68d0e5f-dirty
Subject147,31,0.9644444444444444,0.9666666666666667,0.967741935483871,new,17,17,tempo_intensity,cnn,5300,21456,68d0e5f-dirty
Subject352,30,0.8177777777777777,0.8666666666666667,0.8666666666666667,new,17,17,tempo_intensity,cnn,5300,21456,68d0e5f-dirty
Subject376,60,0.8956613756613757,0.9,0.9,new,17,17,tempo_intensity,cnn,5300,21456,68d0e5f-dirty
Subject494,60,0.8023280423280423,0.8166666666666667,0.8166666666666667,new,17,17,tempo_intensity,cnn,5300,21456,68d0e5f-dirty
Subject741,60,0.9153439153439155,0.9166666666666666,0.9166666666666666,new,17,17,tempo_intensity,cnn,5300,21456,68d0e5f-dirty
Subject819,60,0.8632419432419434,0.8833333333333333,0.8833333333333333,new,17,17,tempo_intensity,cnn,5300,21456,68d0e5f-dirty
Subject139,60,0.9644444444444444,0.9666666666666667,0.9666666666666667,recorded,17,17,tempo_intensity,cnn,5300,21456,68d0e5f-dirty
Subject226,30,0.8711111111111111,0.9,0.9,recorded,17,17,tempo_intensity,cnn,5300,21456,68d0e5f-dirty
Subject353,60,0.8,0.8166666666666667,0.8166666666666667,recorded,17,17,tempo_intensity,cnn,5300,21456,68d0e5f-dirty
Subject354,60,0.9111111111111111,0.9333333333333333,0.9333333333333333,recorded,17,17,tempo_intensity,cnn,5300,21456,68d0e5f-dirty
Subject424,60,0.9164021164021163,0.9166666666666666,0.9166666666666666,recorded,17,17,tempo_intensity,cnn,5300,21456,68d0e5f-dirty
Subject455,60,1.0,1.0,1.0,recorded,17,17,tempo_intensity,cnn,5300,21456,68d0e5f-dirty
Subject516,30,1.0,1.0,1.0,recorded,17,17,tempo_intensity,cnn,5300,21456,68d0e5f-dirty
Subject561,60,0.9066666666666667,0.9333333333333333,0.9333333333333333,recorded,17,17,tempo_intensity,cnn,5300,21456,68d0e5f-dirty
Subject571,30,1.0,1.0,1.0,recorded,17,17,tempo_intensity,cnn,5300,21456,68d0e5f-dirty
Subject580,90,0.9338616938616938,0.9333333333333335,0.9333333333333333,recorded,17,17,tempo_intensity,cnn,5300,21456,68d0e5f-dirty
Subject611,60,0.9305820105820107,0.9333333333333333,0.9333333333333333,recorded,17,17,tempo_intensity,cnn,5300,21456,68d0e5f-dirty
Subject729,60,0.9661375661375663,0.9666666666666667,0.9666666666666667,recorded,17,17,tempo_intensity,cnn,5300,21456,68d0e5f-dirty
Subject731,30,0.8999999999999999,0.9,0.9,recorded,17,17,tempo_intensity,cnn,5300,21456,68d0e5f-dirty
Subject867,60,0.9644444444444444,0.9666666666666667,0.9666666666666667,recorded,17,17,tempo_intensity,cnn,5300,21456,68d0e5f-dirty
Subject877,60,1.0,1.0,1.0,recorded,17,17,tempo_intensity,cnn,5300,21456,68d0e5f-dirty
Subject890,30,0.7977777777777778,0.8333333333333334,0.8333333333333334,recorded,17,17,tempo_intensity,cnn,5300,21456,68d0e5f-dirty
Subject969,30,0.846984126984127,0.8666666666666667,0.8666666666666667,recorded,17,17,tempo_intensity,cnn,5300,21456,68d0e5f-dirty
Subject147,31,0.9111111111111111,0.9333333333333333,0.9354838709677419,new,17,17,plus_placement,cnn,5300,21422,68d0e5f-dirty
Subject352,30,0.8177777777777777,0.8666666666666667,0.8666666666666667,new,17,17,plus_placement,cnn,5300,21422,68d0e5f-dirty
Subject376,60,0.8182010582010582,0.8333333333333334,0.8333333333333334,new,17,17,plus_placement,cnn,5300,21422,68d0e5f-dirty
Subject494,60,0.7880701754385965,0.8166666666666667,0.8166666666666667,new,17,17,plus_placement,cnn,5300,21422,68d0e5f-dirty
Subject741,60,0.8459980759980762,0.8666666666666667,0.8666666666666667,new,17,17,plus_placement,cnn,5300,21422,68d0e5f-dirty
Subject819,60,0.852929292929293,0.8833333333333333,0.8833333333333333,new,17,17,plus_placement,cnn,5300,21422,68d0e5f-dirty
Subject139,60,0.9830687830687831,0.9833333333333333,0.9833333333333333,recorded,17,17,plus_placement,cnn,5300,21422,68d0e5f-dirty
Subject226,30,0.8711111111111111,0.9,0.9,recorded,17,17,plus_placement,cnn,5300,21422,68d0e5f-dirty
Subject353,60,0.883068783068783,0.8833333333333333,0.8833333333333333,recorded,17,17,plus_placement,cnn,5300,21422,68d0e5f-dirty
Subject354,60,0.9830687830687831,0.9833333333333333,0.9833333333333333,recorded,17,17,plus_placement,cnn,5300,21422,68d0e5f-dirty
Subject424,60,0.912136752136752,0.9166666666666666,0.9166666666666666,recorded,17,17,plus_placement,cnn,5300,21422,68d0e5f-dirty
Subject455,60,1.0,1.0,1.0,recorded,17,17,plus_placement,cnn,5300,21422,68d0e5f-dirty
Subject516,30,0.9644444444444444,0.9666666666666667,0.9666666666666667,recorded,17,17,plus_placement,cnn,5300,21422,68d0e5f-dirty
Subject561,60,0.9830687830687831,0.9833333333333333,0.9833333333333333,recorded,17,17,plus_placement,cnn,5300,21422,68d0e5f-dirty
Subject571,30,0.9111111111111111,0.9333333333333333,0.9333333333333333,recorded,17,17,plus_placement,cnn,5300,21422,68d0e5f-dirty
Subject580,90,0.9388111888111887,0.9444444444444444,0.9444444444444444,recorded,17,17,plus_placement,cnn,5300,21422,68d0e5f-dirty
Subject611,60,0.9312169312169313,0.9333333333333333,0.9333333333333333,recorded,17,17,plus_placement,cnn,5300,21422,68d0e5f-dirty
Subject729,60,0.9830687830687831,0.9833333333333333,0.9833333333333333,recorded,17,17,plus_placement,cnn,5300,21422,68d0e5f-dirty
Subject731,30,0.9644444444444444,0.9666666666666667,0.9666666666666667,recorded,17,17,plus_placement,cnn,5300,21422,68d0e5f-dirty
Subject867,60,0.9311111111111111,0.9333333333333333,0.9333333333333333,recorded,17,17,plus_placement,cnn,5300,21422,68d0e5f-dirty
Subject877,60,1.0,1.0,1.0,recorded,17,17,plus_placement,cnn,5300,21422,68d0e5f-dirty
Subject890,30,0.9288888888888889,0.9333333333333333,0.9333333333333333,recorded,17,17,plus_placement,cnn,5300,21422,68d0e5f-dirty
Subject969,30,0.9644444444444444,0.9666666666666667,0.9666666666666667,recorded,17,17,plus_placement,cnn,5300,21422,68d0e5f-dirty
Subject139,60,0.6865608465608466,0.7333333333333333,0.7333333333333333,new,18,2,none,cnn,589,0,68d0e5f-dirty
Subject226,30,0.6292063492063492,0.7,0.7,new,18,2,none,cnn,589,0,68d0e5f-dirty
Subject455,60,0.6018037518037518,0.6666666666666666,0.6666666666666666,new,18,2,none,cnn,589,0,68d0e5f-dirty
Subject867,60,0.732188552188552,0.75,0.75,new,18,2,none,cnn,589,0,68d0e5f-dirty
Subject890,30,0.6555555555555554,0.7333333333333333,0.7333333333333333,new,18,2,none,cnn,589,0,68d0e5f-dirty
Subject969,30,0.27185185185185184,0.36666666666666664,0.36666666666666664,new,18,2,none,cnn,589,0,68d0e5f-dirty
Subject354,60,0.9492063492063493,0.95,0.95,recorded,18,2,none,cnn,589,0,68d0e5f-dirty
Subject819,60,0.7423280423280424,0.7833333333333333,0.7833333333333333,recorded,18,2,none,cnn,589,0,68d0e5f-dirty
Subject139,60,0.6841462241462242,0.7333333333333333,0.7333333333333333,new,18,2,tempo_intensity,cnn,589,2390,68d0e5f-dirty
Subject226,30,0.4692063492063491,0.5333333333333333,0.5333333333333333,new,18,2,tempo_intensity,cnn,589,2390,68d0e5f-dirty
Subject455,60,0.6958730158730158,0.7333333333333333,0.7333333333333333,new,18,2,tempo_intensity,cnn,589,2390,68d0e5f-dirty
Subject867,60,0.7322943722943722,0.75,0.75,new,18,2,tempo_intensity,cnn,589,2390,68d0e5f-dirty
Subject890,30,0.5914285714285713,0.6666666666666666,0.6666666666666666,new,18,2,tempo_intensity,cnn,589,2390,68d0e5f-dirty
Subject969,30,0.38,0.4666666666666667,0.4666666666666667,new,18,2,tempo_intensity,cnn,589,2390,68d0e5f-dirty
Subject354,60,0.9312169312169313,0.9333333333333333,0.9333333333333333,recorded,18,2,tempo_intensity,cnn,589,2390,68d0e5f-dirty
Subject819,60,0.7444444444444444,0.8,0.8,recorded,18,2,tempo_intensity,cnn,589,2390,68d0e5f-dirty
Subject139,60,0.6529292929292929,0.7,0.7,new,18,2,plus_placement,cnn,589,2403,68d0e5f-dirty
Subject226,30,0.6031746031746031,0.6666666666666666,0.6666666666666666,new,18,2,plus_placement,cnn,589,2403,68d0e5f-dirty
Subject455,60,0.7510977910977911,0.7833333333333333,0.7833333333333333,new,18,2,plus_placement,cnn,589,2403,68d0e5f-dirty
Subject867,60,0.7875517075517074,0.8166666666666667,0.8166666666666667,new,18,2,plus_placement,cnn,589,2403,68d0e5f-dirty
Subject890,30,0.5492063492063491,0.6333333333333333,0.6333333333333333,new,18,2,plus_placement,cnn,589,2403,68d0e5f-dirty
Subject969,30,0.2940740740740741,0.4,0.4,new,18,2,plus_placement,cnn,589,2403,68d0e5f-dirty
Subject354,60,0.924886964886965,0.9333333333333333,0.9333333333333333,recorded,18,2,plus_placement,cnn,589,2403,68d0e5f-dirty
Subject819,60,0.7151515151515152,0.7666666666666667,0.7666666666666667,recorded,18,2,plus_placement,cnn,589,2403,68d0e5f-dirty
Subject139,60,0.7266666666666667,0.7666666666666667,0.7666666666666667,new,18,4,none,cnn,1144,0,68d0e5f-dirty
Subject226,30,0.6736507936507936,0.7333333333333333,0.7333333333333333,new,18,4,none,cnn,1144,0,68d0e5f-dirty
Subject455,60,0.8582924482924482,0.8666666666666667,0.8666666666666667,new,18,4,none,cnn,1144,0,68d0e5f-dirty
Subject867,60,0.8488888888888889,0.8666666666666667,0.8666666666666667,new,18,4,none,cnn,1144,0,68d0e5f-dirty
Subject890,30,0.62,0.7,0.7,new,18,4,none,cnn,1144,0,68d0e5f-dirty
Subject969,30,0.42074074074074075,0.5,0.5,new,18,4,none,cnn,1144,0,68d0e5f-dirty
Subject354,60,0.9830687830687831,0.9833333333333333,0.9833333333333333,recorded,18,4,none,cnn,1144,0,68d0e5f-dirty
Subject580,90,0.8426906037432353,0.8444444444444444,0.8444444444444444,recorded,18,4,none,cnn,1144,0,68d0e5f-dirty
Subject611,60,0.8795767195767197,0.8833333333333333,0.8833333333333333,recorded,18,4,none,cnn,1144,0,68d0e5f-dirty
Subject819,60,0.7241462241462242,0.7833333333333333,0.7833333333333333,recorded,18,4,none,cnn,1144,0,68d0e5f-dirty
Subject139,60,0.7064021164021165,0.75,0.75,new,18,4,tempo_intensity,cnn,1144,4664,68d0e5f-dirty
Subject226,30,0.7555555555555556,0.8,0.8,new,18,4,tempo_intensity,cnn,1144,4664,68d0e5f-dirty
Subject455,60,0.7684522884522884,0.8,0.8,new,18,4,tempo_intensity,cnn,1144,4664,68d0e5f-dirty
Subject867,60,0.761924001924002,0.8,0.8,new,18,4,tempo_intensity,cnn,1144,4664,68d0e5f-dirty
Subject890,30,0.62,0.7,0.7,new,18,4,tempo_intensity,cnn,1144,4664,68d0e5f-dirty
Subject969,30,0.33142857142857146,0.4,0.4,new,18,4,tempo_intensity,cnn,1144,4664,68d0e5f-dirty
Subject354,60,0.9664021164021165,0.9666666666666667,0.9666666666666667,recorded,18,4,tempo_intensity,cnn,1144,4664,68d0e5f-dirty
Subject580,90,0.8184559884559884,0.8222222222222224,0.8222222222222222,recorded,18,4,tempo_intensity,cnn,1144,4664,68d0e5f-dirty
Subject611,60,0.8783597883597883,0.8833333333333333,0.8833333333333333,recorded,18,4,tempo_intensity,cnn,1144,4664,68d0e5f-dirty
Subject819,60,0.6910774410774411,0.75,0.75,recorded,18,4,tempo_intensity,cnn,1144,4664,68d0e5f-dirty
Subject139,60,0.7758730158730157,0.8,0.8,new,18,4,plus_placement,cnn,1144,4681,68d0e5f-dirty
Subject226,30,0.7444444444444444,0.8,0.8,new,18,4,plus_placement,cnn,1144,4681,68d0e5f-dirty
Subject455,60,0.8241462241462242,0.85,0.85,new,18,4,plus_placement,cnn,1144,4681,68d0e5f-dirty
Subject867,60,0.808888888888889,0.8333333333333334,0.8333333333333334,new,18,4,plus_placement,cnn,1144,4681,68d0e5f-dirty
Subject890,30,0.62,0.7,0.7,new,18,4,plus_placement,cnn,1144,4681,68d0e5f-dirty
Subject969,30,0.4385185185185185,0.5333333333333333,0.5333333333333333,new,18,4,plus_placement,cnn,1144,4681,68d0e5f-dirty
Subject354,60,0.924886964886965,0.9333333333333333,0.9333333333333333,recorded,18,4,plus_placement,cnn,1144,4681,68d0e5f-dirty
Subject580,90,0.834032634032634,0.8444444444444444,0.8444444444444444,recorded,18,4,plus_placement,cnn,1144,4681,68d0e5f-dirty
Subject611,60,0.9139153439153439,0.9166666666666666,0.9166666666666666,recorded,18,4,plus_placement,cnn,1144,4681,68d0e5f-dirty
Subject819,60,0.74,0.8,0.8,recorded,18,4,plus_placement,cnn,1144,4681,68d0e5f-dirty
Subject139,60,0.8203703703703703,0.85,0.85,new,18,8,none,cnn,2549,0,68d0e5f-dirty
Subject226,30,0.8044444444444444,0.8333333333333334,0.8333333333333334,new,18,8,none,cnn,2549,0,68d0e5f-dirty
Subject455,60,0.8293314093314094,0.85,0.85,new,18,8,none,cnn,2549,0,68d0e5f-dirty
Subject867,60,0.8571428571428572,0.8666666666666667,0.8666666666666667,new,18,8,none,cnn,2549,0,68d0e5f-dirty
Subject890,30,0.8222222222222222,0.8666666666666667,0.8666666666666667,new,18,8,none,cnn,2549,0,68d0e5f-dirty
Subject969,30,0.5777777777777778,0.6666666666666666,0.6666666666666666,new,18,8,none,cnn,2549,0,68d0e5f-dirty
Subject353,60,0.8661375661375661,0.8666666666666667,0.8666666666666667,recorded,18,8,none,cnn,2549,0,68d0e5f-dirty
Subject354,60,1.0,1.0,1.0,recorded,18,8,none,cnn,2549,0,68d0e5f-dirty
Subject571,30,0.8755555555555555,0.9,0.9,recorded,18,8,none,cnn,2549,0,68d0e5f-dirty
Subject580,90,0.8770651570651571,0.8777777777777779,0.8777777777777778,recorded,18,8,none,cnn,2549,0,68d0e5f-dirty
Subject611,60,0.9661375661375663,0.9666666666666667,0.9666666666666667,recorded,18,8,none,cnn,2549,0,68d0e5f-dirty
Subject729,60,0.9661375661375663,0.9666666666666667,0.9666666666666667,recorded,18,8,none,cnn,2549,0,68d0e5f-dirty
Subject731,30,0.9644444444444444,0.9666666666666667,0.9666666666666667,recorded,18,8,none,cnn,2549,0,68d0e5f-dirty
Subject819,60,0.8477777777777777,0.8666666666666667,0.8666666666666667,recorded,18,8,none,cnn,2549,0,68d0e5f-dirty
Subject139,60,0.9092592592592593,0.9166666666666666,0.9166666666666666,new,18,8,tempo_intensity,cnn,2549,10240,68d0e5f-dirty
Subject226,30,0.72,0.7666666666666667,0.7666666666666667,new,18,8,tempo_intensity,cnn,2549,10240,68d0e5f-dirty
Subject455,60,0.8791208791208792,0.8833333333333333,0.8833333333333333,new,18,8,tempo_intensity,cnn,2549,10240,68d0e5f-dirty
Subject867,60,0.812929292929293,0.8333333333333334,0.8333333333333334,new,18,8,tempo_intensity,cnn,2549,10240,68d0e5f-dirty
Subject890,30,0.6803174603174604,0.7333333333333333,0.7333333333333333,new,18,8,tempo_intensity,cnn,2549,10240,68d0e5f-dirty
Subject969,30,0.6133333333333333,0.6666666666666666,0.6666666666666666,new,18,8,tempo_intensity,cnn,2549,10240,68d0e5f-dirty
Subject353,60,0.8446705146705147,0.85,0.85,recorded,18,8,tempo_intensity,cnn,2549,10240,68d0e5f-dirty
Subject354,60,0.9676190476190477,0.9666666666666667,0.9666666666666667,recorded,18,8,tempo_intensity,cnn,2549,10240,68d0e5f-dirty
Subject571,30,0.7133333333333333,0.7666666666666667,0.7666666666666667,recorded,18,8,tempo_intensity,cnn,2549,10240,68d0e5f-dirty
Subject580,90,0.8417959817959818,0.8444444444444444,0.8444444444444444,recorded,18,8,tempo_intensity,cnn,2549,10240,68d0e5f-dirty
Subject611,60,0.9644444444444444,0.9666666666666667,0.9666666666666667,recorded,18,8,tempo_intensity,cnn,2549,10240,68d0e5f-dirty
Subject729,60,0.9111111111111111,0.9333333333333333,0.9333333333333333,recorded,18,8,tempo_intensity,cnn,2549,10240,68d0e5f-dirty
Subject731,30,0.9644444444444444,0.9666666666666667,0.9666666666666667,recorded,18,8,tempo_intensity,cnn,2549,10240,68d0e5f-dirty
Subject819,60,0.8444444444444446,0.8666666666666667,0.8666666666666667,recorded,18,8,tempo_intensity,cnn,2549,10240,68d0e5f-dirty
Subject139,60,0.9104761904761905,0.9166666666666666,0.9166666666666666,new,18,8,plus_placement,cnn,2549,10259,68d0e5f-dirty
Subject226,30,0.6933333333333334,0.7666666666666667,0.7666666666666667,new,18,8,plus_placement,cnn,2549,10259,68d0e5f-dirty
Subject455,60,0.9077441077441076,0.9166666666666666,0.9166666666666666,new,18,8,plus_placement,cnn,2549,10259,68d0e5f-dirty
Subject867,60,0.8355555555555555,0.85,0.85,new,18,8,plus_placement,cnn,2549,10259,68d0e5f-dirty
Subject890,30,0.7444444444444444,0.8,0.8,new,18,8,plus_placement,cnn,2549,10259,68d0e5f-dirty
Subject969,30,0.5155555555555555,0.6,0.6,new,18,8,plus_placement,cnn,2549,10259,68d0e5f-dirty
Subject353,60,0.8808465608465608,0.8833333333333333,0.8833333333333333,recorded,18,8,plus_placement,cnn,2549,10259,68d0e5f-dirty
Subject354,60,0.9830687830687831,0.9833333333333333,0.9833333333333333,recorded,18,8,plus_placement,cnn,2549,10259,68d0e5f-dirty
Subject571,30,0.7603174603174602,0.8,0.8,recorded,18,8,plus_placement,cnn,2549,10259,68d0e5f-dirty
Subject580,90,0.8987823287823287,0.9,0.9,recorded,18,8,plus_placement,cnn,2549,10259,68d0e5f-dirty
Subject611,60,0.9830687830687831,0.9833333333333333,0.9833333333333333,recorded,18,8,plus_placement,cnn,2549,10259,68d0e5f-dirty
Subject729,60,0.9830687830687831,0.9833333333333333,0.9833333333333333,recorded,18,8,plus_placement,cnn,2549,10259,68d0e5f-dirty
Subject731,30,0.9333333333333332,0.9333333333333333,0.9333333333333333,recorded,18,8,plus_placement,cnn,2549,10259,68d0e5f-dirty
Subject819,60,0.8464021164021165,0.8666666666666667,0.8666666666666667,recorded,18,8,plus_placement,cnn,2549,10259,68d0e5f-dirty
Subject139,60,0.9666666666666667,0.9666666666666667,0.9666666666666667,new,18,17,none,cnn,5141,0,68d0e5f-dirty
Subject226,30,0.8177777777777778,0.8666666666666667,0.8666666666666667,new,18,17,none,cnn,5141,0,68d0e5f-dirty
Subject455,60,0.891818181818182,0.9,0.9,new,18,17,none,cnn,5141,0,68d0e5f-dirty
Subject867,60,0.8336363636363636,0.85,0.85,new,18,17,none,cnn,5141,0,68d0e5f-dirty
Subject890,30,1.0,1.0,1.0,new,18,17,none,cnn,5141,0,68d0e5f-dirty
Subject969,30,0.8755555555555555,0.9,0.9,new,18,17,none,cnn,5141,0,68d0e5f-dirty
Subject147,31,0.9644444444444444,0.9666666666666667,0.967741935483871,recorded,18,17,none,cnn,5141,0,68d0e5f-dirty
Subject352,30,0.8755555555555555,0.9,0.9,recorded,18,17,none,cnn,5141,0,68d0e5f-dirty
Subject353,60,0.931024531024531,0.9333333333333333,0.9333333333333333,recorded,18,17,none,cnn,5141,0,68d0e5f-dirty
Subject354,60,0.9830687830687831,0.9833333333333333,0.9833333333333333,recorded,18,17,none,cnn,5141,0,68d0e5f-dirty
Subject376,60,0.86,0.8666666666666667,0.8666666666666667,recorded,18,17,none,cnn,5141,0,68d0e5f-dirty
Subject424,60,0.9333333333333332,0.9333333333333333,0.9333333333333333,recorded,18,17,none,cnn,5141,0,68d0e5f-dirty
Subject494,60,0.962962962962963,0.9666666666666667,0.9666666666666667,recorded,18,17,none,cnn,5141,0,68d0e5f-dirty
Subject516,30,0.9644444444444444,0.9666666666666667,0.9666666666666667,recorded,18,17,none,cnn,5141,0,68d0e5f-dirty
Subject561,60,1.0,1.0,1.0,recorded,18,17,none,cnn,5141,0,68d0e5f-dirty
Subject571,30,0.9333333333333332,0.9333333333333333,0.9333333333333333,recorded,18,17,none,cnn,5141,0,68d0e5f-dirty
Subject580,90,0.9303207903207903,0.9333333333333335,0.9333333333333333,recorded,18,17,none,cnn,5141,0,68d0e5f-dirty
Subject611,60,0.9830687830687831,0.9833333333333333,0.9833333333333333,recorded,18,17,none,cnn,5141,0,68d0e5f-dirty
Subject729,60,0.9661375661375663,0.9666666666666667,0.9666666666666667,recorded,18,17,none,cnn,5141,0,68d0e5f-dirty
Subject731,30,0.9644444444444444,0.9666666666666667,0.9666666666666667,recorded,18,17,none,cnn,5141,0,68d0e5f-dirty
Subject741,60,0.9137566137566139,0.9166666666666666,0.9166666666666666,recorded,18,17,none,cnn,5141,0,68d0e5f-dirty
Subject819,60,0.8656084656084656,0.8833333333333333,0.8833333333333333,recorded,18,17,none,cnn,5141,0,68d0e5f-dirty
Subject877,60,1.0,1.0,1.0,recorded,18,17,none,cnn,5141,0,68d0e5f-dirty
Subject139,60,0.9492063492063492,0.95,0.95,new,18,17,tempo_intensity,cnn,5141,20810,68d0e5f-dirty
Subject226,30,0.8177777777777778,0.8666666666666667,0.8666666666666667,new,18,17,tempo_intensity,cnn,5141,20810,68d0e5f-dirty
Subject455,60,0.8562626262626263,0.8666666666666667,0.8666666666666667,new,18,17,tempo_intensity,cnn,5141,20810,68d0e5f-dirty
Subject867,60,0.812929292929293,0.8333333333333334,0.8333333333333334,new,18,17,tempo_intensity,cnn,5141,20810,68d0e5f-dirty
Subject890,30,1.0,1.0,1.0,new,18,17,tempo_intensity,cnn,5141,20810,68d0e5f-dirty
Subject969,30,0.7355555555555556,0.7666666666666667,0.7666666666666667,new,18,17,tempo_intensity,cnn,5141,20810,68d0e5f-dirty
Subject147,31,0.9377777777777779,0.9444444444444444,0.9354838709677419,recorded,18,17,tempo_intensity,cnn,5141,20810,68d0e5f-dirty
Subject352,30,0.8755555555555555,0.9,0.9,recorded,18,17,tempo_intensity,cnn,5141,20810,68d0e5f-dirty
Subject353,60,0.9308465608465609,0.9333333333333333,0.9333333333333333,recorded,18,17,tempo_intensity,cnn,5141,20810,68d0e5f-dirty
Subject354,60,0.9830687830687831,0.9833333333333333,0.9833333333333333,recorded,18,17,tempo_intensity,cnn,5141,20810,68d0e5f-dirty
Subject376,60,0.9075132275132275,0.9166666666666666,0.9166666666666666,recorded,18,17,tempo_intensity,cnn,5141,20810,68d0e5f-dirty
Subject424,60,0.912136752136752,0.9166666666666666,0.9166666666666666,recorded,18,17,tempo_intensity,cnn,5141,20810,68d0e5f-dirty
Subject494,60,0.924886964886965,0.9333333333333333,0.9333333333333333,recorded,18,17,tempo_intensity,cnn,5141,20810,68d0e5f-dirty
Subject516,30,1.0,1.0,1.0,recorded,18,17,tempo_intensity,cnn,5141,20810,68d0e5f-dirty
Subject561,60,0.9644444444444444,0.9666666666666667,0.9666666666666667,recorded,18,17,tempo_intensity,cnn,5141,20810,68d0e5f-dirty
Subject571,30,0.9644444444444444,0.9666666666666667,0.9666666666666667,recorded,18,17,tempo_intensity,cnn,5141,20810,68d0e5f-dirty
Subject580,90,0.9073193473193473,0.9111111111111112,0.9111111111111111,recorded,18,17,tempo_intensity,cnn,5141,20810,68d0e5f-dirty
Subject611,60,0.913015873015873,0.9166666666666666,0.9166666666666666,recorded,18,17,tempo_intensity,cnn,5141,20810,68d0e5f-dirty
Subject729,60,0.9475132275132275,0.95,0.95,recorded,18,17,tempo_intensity,cnn,5141,20810,68d0e5f-dirty
Subject731,30,0.9644444444444444,0.9666666666666667,0.9666666666666667,recorded,18,17,tempo_intensity,cnn,5141,20810,68d0e5f-dirty
Subject741,60,0.9125925925925926,0.9166666666666666,0.9166666666666666,recorded,18,17,tempo_intensity,cnn,5141,20810,68d0e5f-dirty
Subject819,60,0.8311111111111111,0.85,0.85,recorded,18,17,tempo_intensity,cnn,5141,20810,68d0e5f-dirty
Subject877,60,1.0,1.0,1.0,recorded,18,17,tempo_intensity,cnn,5141,20810,68d0e5f-dirty
Subject139,60,0.911957671957672,0.9166666666666666,0.9166666666666666,new,18,17,plus_placement,cnn,5141,20977,68d0e5f-dirty
Subject226,30,0.7936507936507937,0.8333333333333334,0.8333333333333334,new,18,17,plus_placement,cnn,5141,20977,68d0e5f-dirty
Subject455,60,0.946031746031746,0.95,0.95,new,18,17,plus_placement,cnn,5141,20977,68d0e5f-dirty
Subject867,60,0.8272882672882672,0.85,0.85,new,18,17,plus_placement,cnn,5141,20977,68d0e5f-dirty
Subject890,30,1.0,1.0,1.0,new,18,17,plus_placement,cnn,5141,20977,68d0e5f-dirty
Subject969,30,0.6933333333333334,0.7333333333333333,0.7333333333333333,new,18,17,plus_placement,cnn,5141,20977,68d0e5f-dirty
Subject147,31,0.9644444444444444,0.9666666666666667,0.967741935483871,recorded,18,17,plus_placement,cnn,5141,20977,68d0e5f-dirty
Subject352,30,0.9066666666666666,0.9333333333333333,0.9333333333333333,recorded,18,17,plus_placement,cnn,5141,20977,68d0e5f-dirty
Subject353,60,0.962962962962963,0.9666666666666667,0.9666666666666667,recorded,18,17,plus_placement,cnn,5141,20977,68d0e5f-dirty
Subject354,60,0.9418181818181818,0.95,0.95,recorded,18,17,plus_placement,cnn,5141,20977,68d0e5f-dirty
Subject376,60,0.9111111111111111,0.9166666666666666,0.9166666666666666,recorded,18,17,plus_placement,cnn,5141,20977,68d0e5f-dirty
Subject424,60,0.8825396825396825,0.9,0.9,recorded,18,17,plus_placement,cnn,5141,20977,68d0e5f-dirty
Subject494,60,0.8926984126984128,0.9,0.9,recorded,18,17,plus_placement,cnn,5141,20977,68d0e5f-dirty
Subject516,30,0.9644444444444444,0.9666666666666667,0.9666666666666667,recorded,18,17,plus_placement,cnn,5141,20977,68d0e5f-dirty
Subject561,60,0.9661375661375662,0.9666666666666667,0.9666666666666667,recorded,18,17,plus_placement,cnn,5141,20977,68d0e5f-dirty
Subject571,30,0.9644444444444444,0.9666666666666667,0.9666666666666667,recorded,18,17,plus_placement,cnn,5141,20977,68d0e5f-dirty
Subject580,90,0.9173826173826174,0.9222222222222223,0.9222222222222223,recorded,18,17,plus_placement,cnn,5141,20977,68d0e5f-dirty
Subject611,60,0.9644444444444444,0.9666666666666667,0.9666666666666667,recorded,18,17,plus_placement,cnn,5141,20977,68d0e5f-dirty
Subject729,60,0.9661375661375663,0.9666666666666667,0.9666666666666667,recorded,18,17,plus_placement,cnn,5141,20977,68d0e5f-dirty
Subject731,30,0.9288888888888888,0.9333333333333333,0.9333333333333333,recorded,18,17,plus_placement,cnn,5141,20977,68d0e5f-dirty
Subject741,60,0.8656084656084656,0.8833333333333333,0.8833333333333333,recorded,18,17,plus_placement,cnn,5141,20977,68d0e5f-dirty
Subject819,60,0.8656084656084656,0.8833333333333333,0.8833333333333333,recorded,18,17,plus_placement,cnn,5141,20977,68d0e5f-dirty
Subject877,60,1.0,1.0,1.0,recorded,18,17,plus_placement,cnn,5141,20977,68d0e5f-dirty
Subject147,31,0.5914285714285714,0.6444444444444444,0.6451612903225806,new,19,2,none,cnn,570,0,68d0e5f-dirty
Subject354,60,0.49714877714877714,0.5833333333333334,0.5833333333333334,new,19,2,none,cnn,570,0,68d0e5f-dirty
Subject494,60,0.4558142831827042,0.5666666666666667,0.5666666666666667,new,19,2,none,cnn,570,0,68d0e5f-dirty
Subject729,60,0.5277452177452177,0.5666666666666667,0.5666666666666667,new,19,2,none,cnn,570,0,68d0e5f-dirty
Subject731,30,0.5674074074074075,0.6333333333333333,0.6333333333333333,new,19,2,none,cnn,570,0,68d0e5f-dirty
Subject890,30,0.5133333333333333,0.6,0.6,new,19,2,none,cnn,570,0,68d0e5f-dirty
Subject561,60,0.9223280423280423,0.9333333333333333,0.9333333333333333,recorded,19,2,none,cnn,570,0,68d0e5f-dirty
Subject741,60,0.7494708994708995,0.7833333333333333,0.7833333333333333,recorded,19,2,none,cnn,570,0,68d0e5f-dirty
Subject147,31,0.5888888888888888,0.6222222222222221,0.6129032258064516,new,19,2,tempo_intensity,cnn,570,2285,68d0e5f-dirty
Subject354,60,0.41349206349206347,0.48333333333333334,0.48333333333333334,new,19,2,tempo_intensity,cnn,570,2285,68d0e5f-dirty
Subject494,60,0.5054700854700854,0.5833333333333334,0.5833333333333334,new,19,2,tempo_intensity,cnn,570,2285,68d0e5f-dirty
Subject729,60,0.5273689273689273,0.5666666666666667,0.5666666666666667,new,19,2,tempo_intensity,cnn,570,2285,68d0e5f-dirty
Subject731,30,0.4931216931216931,0.5666666666666667,0.5666666666666667,new,19,2,tempo_intensity,cnn,570,2285,68d0e5f-dirty
Subject890,30,0.5222222222222223,0.6,0.6,new,19,2,tempo_intensity,cnn,570,2285,68d0e5f-dirty
Subject561,60,0.9092063492063491,0.9166666666666666,0.9166666666666666,recorded,19,2,tempo_intensity,cnn,570,2285,68d0e5f-dirty
Subject741,60,0.7807081807081808,0.8,0.8,recorded,19,2,tempo_intensity,cnn,570,2285,68d0e5f-dirty
Subject147,31,0.43333333333333335,0.47777777777777775,0.4838709677419355,new,19,2,plus_placement,cnn,570,2258,68d0e5f-dirty
Subject354,60,0.4891774891774891,0.55,0.55,new,19,2,plus_placement,cnn,570,2258,68d0e5f-dirty
Subject494,60,0.48935064935064937,0.5833333333333334,0.5833333333333334,new,19,2,plus_placement,cnn,570,2258,68d0e5f-dirty
Subject729,60,0.5796825396825399,0.6333333333333333,0.6333333333333333,new,19,2,plus_placement,cnn,570,2258,68d0e5f-dirty
Subject731,30,0.5466666666666667,0.6333333333333333,0.6333333333333333,new,19,2,plus_placement,cnn,570,2258,68d0e5f-dirty
Subject890,30,0.5533333333333333,0.6333333333333333,0.6333333333333333,new,19,2,plus_placement,cnn,570,2258,68d0e5f-dirty
Subject561,60,0.8177777777777777,0.8666666666666667,0.8666666666666667,recorded,19,2,plus_placement,cnn,570,2258,68d0e5f-dirty
Subject741,60,0.7799470899470898,0.8,0.8,recorded,19,2,plus_placement,cnn,570,2258,68d0e5f-dirty
Subject147,31,0.6869841269841269,0.7444444444444444,0.7419354838709677,new,19,4,none,cnn,1326,0,68d0e5f-dirty
Subject354,60,0.5758212158212158,0.6666666666666666,0.6666666666666666,new,19,4,none,cnn,1326,0,68d0e5f-dirty
Subject494,60,0.5461846535530747,0.6333333333333333,0.6333333333333333,new,19,4,none,cnn,1326,0,68d0e5f-dirty
Subject729,60,0.6325925925925926,0.6666666666666666,0.6666666666666666,new,19,4,none,cnn,1326,0,68d0e5f-dirty
Subject731,30,0.674074074074074,0.7333333333333333,0.7333333333333333,new,19,4,none,cnn,1326,0,68d0e5f-dirty
Subject890,30,0.7866666666666666,0.8333333333333334,0.8333333333333334,new,19,4,none,cnn,1326,0,68d0e5f-dirty
Subject139,60,0.7896488696488696,0.8166666666666667,0.8166666666666667,recorded,19,4,none,cnn,1326,0,68d0e5f-dirty
Subject561,60,0.9666666666666667,0.9666666666666667,0.9666666666666667,recorded,19,4,none,cnn,1326,0,68d0e5f-dirty
Subject571,30,0.8,0.8333333333333334,0.8333333333333334,recorded,19,4,none,cnn,1326,0,68d0e5f-dirty
Subject741,60,0.7773208273208272,0.8,0.8,recorded,19,4,none,cnn,1326,0,68d0e5f-dirty
Subject147,31,0.6866666666666666,0.7555555555555554,0.7419354838709677,new,19,4,tempo_intensity,cnn,1326,5392,68d0e5f-dirty
Subject354,60,0.5577922077922077,0.6333333333333333,0.6333333333333333,new,19,4,tempo_intensity,cnn,1326,5392,68d0e5f-dirty
Subject494,60,0.6127995201679413,0.6666666666666666,0.6666666666666666,new,19,4,tempo_intensity,cnn,1326,5392,68d0e5f-dirty
Subject729,60,0.5807599807599807,0.6166666666666667,0.6166666666666667,new,19,4,tempo_intensity,cnn,1326,5392,68d0e5f-dirty
Subject731,30,0.6333333333333333,0.7,0.7,new,19,4,tempo_intensity,cnn,1326,5392,68d0e5f-dirty
Subject890,30,0.8755555555555555,0.9,0.9,new,19,4,tempo_intensity,cnn,1326,5392,68d0e5f-dirty
Subject139,60,0.7484656084656085,0.7666666666666667,0.7666666666666667,recorded,19,4,tempo_intensity,cnn,1326,5392,68d0e5f-dirty
Subject561,60,0.884920634920635,0.9,0.9,recorded,19,4,tempo_intensity,cnn,1326,5392,68d0e5f-dirty
Subject571,30,0.8,0.8333333333333334,0.8333333333333334,recorded,19,4,tempo_intensity,cnn,1326,5392,68d0e5f-dirty
Subject741,60,0.7933525733525734,0.8,0.8,recorded,19,4,tempo_intensity,cnn,1326,5392,68d0e5f-dirty
Subject147,31,0.6044444444444445,0.6777777777777777,0.6774193548387096,new,19,4,plus_placement,cnn,1326,5422,68d0e5f-dirty
Subject354,60,0.585858585858586,0.6833333333333333,0.6833333333333333,new,19,4,plus_placement,cnn,1326,5422,68d0e5f-dirty
Subject494,60,0.6388312661996872,0.6833333333333333,0.6833333333333333,new,19,4,plus_placement,cnn,1326,5422,68d0e5f-dirty
Subject729,60,0.6888888888888888,0.75,0.75,new,19,4,plus_placement,cnn,1326,5422,68d0e5f-dirty
Subject731,30,0.7222222222222221,0.7666666666666667,0.7666666666666667,new,19,4,plus_placement,cnn,1326,5422,68d0e5f-dirty
Subject890,30,0.8711111111111112,0.9,0.9,new,19,4,plus_placement,cnn,1326,5422,68d0e5f-dirty
Subject139,60,0.8057671957671958,0.8333333333333334,0.8333333333333334,recorded,19,4,plus_placement,cnn,1326,5422,68d0e5f-dirty
Subject561,60,0.8448484848484848,0.8666666666666667,0.8666666666666667,recorded,19,4,plus_placement,cnn,1326,5422,68d0e5f-dirty
Subject571,30,0.9111111111111111,0.9333333333333333,0.9333333333333333,recorded,19,4,plus_placement,cnn,1326,5422,68d0e5f-dirty
Subject741,60,0.8273208273208272,0.85,0.85,recorded,19,4,plus_placement,cnn,1326,5422,68d0e5f-dirty
Subject147,31,0.9111111111111111,0.9333333333333333,0.9354838709677419,new,19,8,none,cnn,2453,0,68d0e5f-dirty
Subject354,60,0.8222222222222223,0.85,0.85,new,19,8,none,cnn,2453,0,68d0e5f-dirty
Subject494,60,0.7763347763347763,0.8,0.8,new,19,8,none,cnn,2453,0,68d0e5f-dirty
Subject729,60,0.7792592592592593,0.8,0.8,new,19,8,none,cnn,2453,0,68d0e5f-dirty
Subject731,30,0.7755555555555556,0.8,0.8,new,19,8,none,cnn,2453,0,68d0e5f-dirty
Subject890,30,0.7580952380952382,0.8,0.8,new,19,8,none,cnn,2453,0,68d0e5f-dirty
Subject139,60,0.924886964886965,0.9333333333333333,0.9333333333333333,recorded,19,8,none,cnn,2453,0,68d0e5f-dirty
Subject353,60,0.8507610907610909,0.8666666666666667,0.8666666666666667,recorded,19,8,none,cnn,2453,0,68d0e5f-dirty
Subject376,60,0.8981684981684982,0.9166666666666666,0.9166666666666666,recorded,19,8,none,cnn,2453,0,68d0e5f-dirty
Subject561,60,0.9288888888888888,0.9333333333333333,0.9333333333333333,recorded,19,8,none,cnn,2453,0,68d0e5f-dirty
Subject571,30,0.8492063492063493,0.8666666666666667,0.8666666666666667,recorded,19,8,none,cnn,2453,0,68d0e5f-dirty
Subject741,60,0.8665608465608465,0.8666666666666667,0.8666666666666667,recorded,19,8,none,cnn,2453,0,68d0e5f-dirty
Subject867,60,0.9830687830687831,0.9833333333333333,0.9833333333333333,recorded,19,8,none,cnn,2453,0,68d0e5f-dirty
Subject877,60,1.0,1.0,1.0,recorded,19,8,none,cnn,2453,0,68d0e5f-dirty
Subject147,31,0.9111111111111111,0.9333333333333333,0.9354838709677419,new,19,8,tempo_intensity,cnn,2453,9929,68d0e5f-dirty
Subject354,60,0.7995959595959596,0.8333333333333334,0.8333333333333334,new,19,8,tempo_intensity,cnn,2453,9929,68d0e5f-dirty
Subject494,60,0.6406541606541606,0.7,0.7,new,19,8,tempo_intensity,cnn,2453,9929,68d0e5f-dirty
Subject729,60,0.7792592592592593,0.8,0.8,new,19,8,tempo_intensity,cnn,2453,9929,68d0e5f-dirty
Subject731,30,0.7711111111111111,0.8,0.8,new,19,8,tempo_intensity,cnn,2453,9929,68d0e5f-dirty
Subject890,30,0.8044444444444444,0.8333333333333334,0.8333333333333334,new,19,8,tempo_intensity,cnn,2453,9929,68d0e5f-dirty
Subject139,60,0.9056613756613757,0.9166666666666666,0.9166666666666666,recorded,19,8,tempo_intensity,cnn,2453,9929,68d0e5f-dirty
Subject353,60,0.8170899470899471,0.8333333333333334,0.8333333333333334,recorded,19,8,tempo_intensity,cnn,2453,9929,68d0e5f-dirty
Subject376,60,0.8926984126984128,0.9,0.9,recorded,19,8,tempo_intensity,cnn,2453,9929,68d0e5f-dirty
Subject561,60,0.903030303030303,0.9166666666666666,0.9166666666666666,recorded,19,8,tempo_intensity,cnn,2453,9929,68d0e5f-dirty
Subject571,30,0.8755555555555555,0.9,0.9,recorded,19,8,tempo_intensity,cnn,2453,9929,68d0e5f-dirty
Subject741,60,0.8611640211640214,0.8666666666666667,0.8666666666666667,recorded,19,8,tempo_intensity,cnn,2453,9929,68d0e5f-dirty
Subject867,60,0.9661375661375662,0.9666666666666667,0.9666666666666667,recorded,19,8,tempo_intensity,cnn,2453,9929,68d0e5f-dirty
Subject877,60,0.9830687830687831,0.9833333333333333,0.9833333333333333,recorded,19,8,tempo_intensity,cnn,2453,9929,68d0e5f-dirty
Subject147,31,0.9644444444444444,0.9666666666666667,0.967741935483871,new,19,8,plus_placement,cnn,2453,9988,68d0e5f-dirty
Subject354,60,0.946031746031746,0.95,0.95,new,19,8,plus_placement,cnn,2453,9988,68d0e5f-dirty
Subject494,60,0.7639153439153439,0.8,0.8,new,19,8,plus_placement,cnn,2453,9988,68d0e5f-dirty
Subject729,60,0.8760317460317462,0.8833333333333333,0.8833333333333333,new,19,8,plus_placement,cnn,2453,9988,68d0e5f-dirty
Subject731,30,0.7866666666666666,0.8333333333333334,0.8333333333333334,new,19,8,plus_placement,cnn,2453,9988,68d0e5f-dirty
Subject890,30,0.7488888888888889,0.7666666666666667,0.7666666666666667,new,19,8,plus_placement,cnn,2453,9988,68d0e5f-dirty
Subject139,60,0.9475132275132274,0.95,0.95,recorded,19,8,plus_placement,cnn,2453,9988,68d0e5f-dirty
Subject353,60,0.8814814814814814,0.8833333333333333,0.8833333333333333,recorded,19,8,plus_placement,cnn,2453,9988,68d0e5f-dirty
Subject376,60,0.817989417989418,0.8333333333333334,0.8333333333333334,recorded,19,8,plus_placement,cnn,2453,9988,68d0e5f-dirty
Subject561,60,0.9288888888888888,0.9333333333333333,0.9333333333333333,recorded,19,8,plus_placement,cnn,2453,9988,68d0e5f-dirty
Subject571,30,0.9333333333333332,0.9333333333333333,0.9333333333333333,recorded,19,8,plus_placement,cnn,2453,9988,68d0e5f-dirty
Subject741,60,0.8968253968253969,0.9,0.9,recorded,19,8,plus_placement,cnn,2453,9988,68d0e5f-dirty
Subject867,60,0.9111111111111111,0.9333333333333333,0.9333333333333333,recorded,19,8,plus_placement,cnn,2453,9988,68d0e5f-dirty
Subject877,60,1.0,1.0,1.0,recorded,19,8,plus_placement,cnn,2453,9988,68d0e5f-dirty
Subject147,31,0.9377777777777777,0.9444444444444444,0.9354838709677419,new,19,17,none,cnn,5314,0,68d0e5f-dirty
Subject354,60,0.8514478114478116,0.8666666666666667,0.8666666666666667,new,19,17,none,cnn,5314,0,68d0e5f-dirty
Subject494,60,0.804040404040404,0.8333333333333334,0.8333333333333334,new,19,17,none,cnn,5314,0,68d0e5f-dirty
Subject729,60,0.8952910052910052,0.9,0.9,new,19,17,none,cnn,5314,0,68d0e5f-dirty
Subject731,30,0.9644444444444444,0.9666666666666667,0.9666666666666667,new,19,17,none,cnn,5314,0,68d0e5f-dirty
Subject890,30,0.8533333333333333,0.8666666666666667,0.8666666666666667,new,19,17,none,cnn,5314,0,68d0e5f-dirty
Subject139,60,0.8422222222222222,0.8666666666666667,0.8666666666666667,recorded,19,17,none,cnn,5314,0,68d0e5f-dirty
Subject226,30,0.9288888888888889,0.9333333333333333,0.9333333333333333,recorded,19,17,none,cnn,5314,0,68d0e5f-dirty
Subject352,30,0.7555555555555554,0.8,0.8,recorded,19,17,none,cnn,5314,0,68d0e5f-dirty
Subject353,60,0.8364021164021164,0.85,0.85,recorded,19,17,none,cnn,5314,0,68d0e5f-dirty
Subject376,60,0.8993650793650794,0.9,0.9,recorded,19,17,none,cnn,5314,0,68d0e5f-dirty
Subject424,60,0.912136752136752,0.9166666666666666,0.9166666666666666,recorded,19,17,none,cnn,5314,0,68d0e5f-dirty
Subject455,60,0.881077441077441,0.9,0.9,recorded,19,17,none,cnn,5314,0,68d0e5f-dirty
Subject516,30,0.9111111111111111,0.9333333333333333,0.9333333333333333,recorded,19,17,none,cnn,5314,0,68d0e5f-dirty
Subject561,60,0.8374410774410774,0.8666666666666667,0.8666666666666667,recorded,19,17,none,cnn,5314,0,68d0e5f-dirty
Subject571,30,0.7936507936507937,0.8333333333333334,0.8333333333333334,recorded,19,17,none,cnn,5314,0,68d0e5f-dirty
Subject580,90,0.8952047952047951,0.9000000000000001,0.9,recorded,19,17,none,cnn,5314,0,68d0e5f-dirty
Subject611,60,0.8874074074074073,0.9,0.9,recorded,19,17,none,cnn,5314,0,68d0e5f-dirty
Subject741,60,0.9661375661375662,0.9666666666666667,0.9666666666666667,recorded,19,17,none,cnn,5314,0,68d0e5f-dirty
Subject819,60,0.8656084656084656,0.8833333333333333,0.8833333333333333,recorded,19,17,none,cnn,5314,0,68d0e5f-dirty
Subject867,60,0.9644444444444444,0.9666666666666667,0.9666666666666667,recorded,19,17,none,cnn,5314,0,68d0e5f-dirty
Subject877,60,1.0,1.0,1.0,recorded,19,17,none,cnn,5314,0,68d0e5f-dirty
Subject969,30,0.7244444444444443,0.7666666666666667,0.7666666666666667,recorded,19,17,none,cnn,5314,0,68d0e5f-dirty
Subject147,31,0.9111111111111111,0.9333333333333333,0.9354838709677419,new,19,17,tempo_intensity,cnn,5314,21488,68d0e5f-dirty
Subject354,60,0.9830687830687831,0.9833333333333333,0.9833333333333333,new,19,17,tempo_intensity,cnn,5314,21488,68d0e5f-dirty
Subject494,60,0.8050660450660452,0.8333333333333334,0.8333333333333334,new,19,17,tempo_intensity,cnn,5314,21488,68d0e5f-dirty
Subject729,60,0.9305820105820106,0.9333333333333333,0.9333333333333333,new,19,17,tempo_intensity,cnn,5314,21488,68d0e5f-dirty
Subject731,30,0.8492063492063493,0.8666666666666667,0.8666666666666667,new,19,17,tempo_intensity,cnn,5314,21488,68d0e5f-dirty
Subject890,30,0.7222222222222221,0.7666666666666667,0.7666666666666667,new,19,17,tempo_intensity,cnn,5314,21488,68d0e5f-dirty
Subject139,60,0.9661375661375662,0.9666666666666667,0.9666666666666667,recorded,19,17,tempo_intensity,cnn,5314,21488,68d0e5f-dirty
Subject226,30,0.9644444444444444,0.9666666666666667,0.9666666666666667,recorded,19,17,tempo_intensity,cnn,5314,21488,68d0e5f-dirty
Subject352,30,0.7999999999999999,0.8333333333333334,0.8333333333333334,recorded,19,17,tempo_intensity,cnn,5314,21488,68d0e5f-dirty
Subject353,60,0.7774795574795575,0.8,0.8,recorded,19,17,tempo_intensity,cnn,5314,21488,68d0e5f-dirty
Subject376,60,0.8573737373737373,0.8833333333333333,0.8833333333333333,recorded,19,17,tempo_intensity,cnn,5314,21488,68d0e5f-dirty
Subject424,60,0.9830687830687831,0.9833333333333333,0.9833333333333333,recorded,19,17,tempo_intensity,cnn,5314,21488,68d0e5f-dirty
Subject455,60,0.9830687830687831,0.9833333333333333,0.9833333333333333,recorded,19,17,tempo_intensity,cnn,5314,21488,68d0e5f-dirty
Subject516,30,1.0,1.0,1.0,recorded,19,17,tempo_intensity,cnn,5314,21488,68d0e5f-dirty
Subject561,60,0.9481481481481481,0.95,0.95,recorded,19,17,tempo_intensity,cnn,5314,21488,68d0e5f-dirty
Subject571,30,0.9644444444444444,0.9666666666666667,0.9666666666666667,recorded,19,17,tempo_intensity,cnn,5314,21488,68d0e5f-dirty
Subject580,90,0.9126223776223775,0.9111111111111111,0.9111111111111111,recorded,19,17,tempo_intensity,cnn,5314,21488,68d0e5f-dirty
Subject611,60,1.0,1.0,1.0,recorded,19,17,tempo_intensity,cnn,5314,21488,68d0e5f-dirty
Subject741,60,0.932804232804233,0.9333333333333333,0.9333333333333333,recorded,19,17,tempo_intensity,cnn,5314,21488,68d0e5f-dirty
Subject819,60,0.8786916786916787,0.9,0.9,recorded,19,17,tempo_intensity,cnn,5314,21488,68d0e5f-dirty
Subject867,60,0.9418181818181818,0.95,0.95,recorded,19,17,tempo_intensity,cnn,5314,21488,68d0e5f-dirty
Subject877,60,1.0,1.0,1.0,recorded,19,17,tempo_intensity,cnn,5314,21488,68d0e5f-dirty
Subject969,30,0.9333333333333333,0.9333333333333333,0.9333333333333333,recorded,19,17,tempo_intensity,cnn,5314,21488,68d0e5f-dirty
Subject147,31,0.8844444444444445,0.9111111111111111,0.9032258064516129,new,19,17,plus_placement,cnn,5314,21499,68d0e5f-dirty
Subject354,60,1.0,1.0,1.0,new,19,17,plus_placement,cnn,5314,21499,68d0e5f-dirty
Subject494,60,0.7611832611832612,0.8,0.8,new,19,17,plus_placement,cnn,5314,21499,68d0e5f-dirty
Subject729,60,0.9305820105820106,0.9333333333333333,0.9333333333333333,new,19,17,plus_placement,cnn,5314,21499,68d0e5f-dirty
Subject731,30,0.9111111111111111,0.9333333333333333,0.9333333333333333,new,19,17,plus_placement,cnn,5314,21499,68d0e5f-dirty
Subject890,30,0.846984126984127,0.8666666666666667,0.8666666666666667,new,19,17,plus_placement,cnn,5314,21499,68d0e5f-dirty
Subject139,60,1.0,1.0,1.0,recorded,19,17,plus_placement,cnn,5314,21499,68d0e5f-dirty
Subject226,30,0.9644444444444444,0.9666666666666667,0.9666666666666667,recorded,19,17,plus_placement,cnn,5314,21499,68d0e5f-dirty
Subject352,30,0.8222222222222222,0.8666666666666667,0.8666666666666667,recorded,19,17,plus_placement,cnn,5314,21499,68d0e5f-dirty
Subject353,60,0.8275132275132275,0.85,0.85,recorded,19,17,plus_placement,cnn,5314,21499,68d0e5f-dirty
Subject376,60,0.8488888888888888,0.8666666666666667,0.8666666666666667,recorded,19,17,plus_placement,cnn,5314,21499,68d0e5f-dirty
Subject424,60,0.9278499278499279,0.9333333333333333,0.9333333333333333,recorded,19,17,plus_placement,cnn,5314,21499,68d0e5f-dirty
Subject455,60,1.0,1.0,1.0,recorded,19,17,plus_placement,cnn,5314,21499,68d0e5f-dirty
Subject516,30,0.9644444444444444,0.9666666666666667,0.9666666666666667,recorded,19,17,plus_placement,cnn,5314,21499,68d0e5f-dirty
Subject561,60,0.9418181818181818,0.95,0.95,recorded,19,17,plus_placement,cnn,5314,21499,68d0e5f-dirty
Subject571,30,1.0,1.0,1.0,recorded,19,17,plus_placement,cnn,5314,21499,68d0e5f-dirty
Subject580,90,0.9247086247086248,0.9222222222222223,0.9222222222222223,recorded,19,17,plus_placement,cnn,5314,21499,68d0e5f-dirty
Subject611,60,0.9830687830687831,0.9833333333333333,0.9833333333333333,recorded,19,17,plus_placement,cnn,5314,21499,68d0e5f-dirty
Subject741,60,0.9497354497354498,0.95,0.95,recorded,19,17,plus_placement,cnn,5314,21499,68d0e5f-dirty
Subject819,60,0.9259259259259259,0.9333333333333333,0.9333333333333333,recorded,19,17,plus_placement,cnn,5314,21499,68d0e5f-dirty
Subject867,60,0.9111111111111111,0.9333333333333333,0.9333333333333333,recorded,19,17,plus_placement,cnn,5314,21499,68d0e5f-dirty
Subject877,60,1.0,1.0,1.0,recorded,19,17,plus_placement,cnn,5314,21499,68d0e5f-dirty
Subject969,30,0.9644444444444444,0.9666666666666667,0.9666666666666667,recorded,19,17,plus_placement,cnn,5314,21499,68d0e5f-dirty
Subject354,60,0.5782202982202982,0.6666666666666666,0.6666666666666666,new,20,2,none,cnn,682,0,68d0e5f-dirty
Subject516,30,0.566984126984127,0.6333333333333333,0.6333333333333333,new,20,2,none,cnn,682,0,68d0e5f-dirty
Subject561,60,0.41324675324675325,0.4666666666666667,0.4666666666666667,new,20,2,none,cnn,682,0,68d0e5f-dirty
Subject571,30,0.47111111111111115,0.5666666666666667,0.5666666666666667,new,20,2,none,cnn,682,0,68d0e5f-dirty
Subject580,90,0.6180304490830807,0.6333333333333334,0.6333333333333333,new,20,2,none,cnn,682,0,68d0e5f-dirty
Subject890,30,0.5266666666666667,0.5666666666666667,0.5666666666666667,new,20,2,none,cnn,682,0,68d0e5f-dirty
Subject352,30,0.6955555555555556,0.7333333333333333,0.7333333333333333,recorded,20,2,none,cnn,682,0,68d0e5f-dirty
Subject376,60,0.7695622895622896,0.8,0.8,recorded,20,2,none,cnn,682,0,68d0e5f-dirty
Subject354,60,0.6717134717134717,0.7333333333333333,0.7333333333333333,new,20,2,tempo_intensity,cnn,682,2815,68d0e5f-dirty
Subject516,30,0.5733333333333334,0.6,0.6,new,20,2,tempo_intensity,cnn,682,2815,68d0e5f-dirty
Subject561,60,0.43195767195767204,0.4666666666666667,0.4666666666666667,new,20,2,tempo_intensity,cnn,682,2815,68d0e5f-dirty
Subject571,30,0.4933333333333333,0.5666666666666667,0.5666666666666667,new,20,2,tempo_intensity,cnn,682,2815,68d0e5f-dirty
Subject580,90,0.6453357753357754,0.6555555555555556,0.6555555555555556,new,20,2,tempo_intensity,cnn,682,2815,68d0e5f-dirty
Subject890,30,0.5288888888888889,0.5666666666666667,0.5666666666666667,new,20,2,tempo_intensity,cnn,682,2815,68d0e5f-dirty
Subject352,30,0.6622222222222223,0.7,0.7,recorded,20,2,tempo_intensity,cnn,682,2815,68d0e5f-dirty
Subject376,60,0.7902260702260702,0.8,0.8,recorded,20,2,tempo_intensity,cnn,682,2815,68d0e5f-dirty
Subject354,60,0.6058608058608058,0.6833333333333333,0.6833333333333333,new,20,2,plus_placement,cnn,682,2765,68d0e5f-dirty
Subject516,30,0.7288888888888889,0.7666666666666667,0.7666666666666667,new,20,2,plus_placement,cnn,682,2765,68d0e5f-dirty
Subject561,60,0.4683982683982685,0.5333333333333333,0.5333333333333333,new,20,2,plus_placement,cnn,682,2765,68d0e5f-dirty
Subject571,30,0.42031746031746026,0.5,0.5,new,20,2,plus_placement,cnn,682,2765,68d0e5f-dirty
Subject580,90,0.6427513227513227,0.6555555555555556,0.6555555555555556,new,20,2,plus_placement,cnn,682,2765,68d0e5f-dirty
Subject890,30,0.5911111111111111,0.6666666666666666,0.6666666666666666,new,20,2,plus_placement,cnn,682,2765,68d0e5f-dirty
Subject352,30,0.8155555555555556,0.8333333333333334,0.8333333333333334,recorded,20,2,plus_placement,cnn,682,2765,68d0e5f-dirty
Subject376,60,0.7921885521885521,0.8166666666666667,0.8166666666666667,recorded,20,2,plus_placement,cnn,682,2765,68d0e5f-dirty
Subject354,60,0.6513960113960113,0.7166666666666667,0.7166666666666667,new,20,4,none,cnn,1399,0,68d0e5f-dirty
Subject516,30,0.8044444444444443,0.8333333333333334,0.8333333333333334,new,20,4,none,cnn,1399,0,68d0e5f-dirty
Subject561,60,0.6962829762829764,0.7333333333333333,0.7333333333333333,new,20,4,none,cnn,1399,0,68d0e5f-dirty
Subject571,30,0.8933333333333334,0.9,0.9,new,20,4,none,cnn,1399,0,68d0e5f-dirty
Subject580,90,0.7086690697217013,0.711111111111111,0.7111111111111111,new,20,4,none,cnn,1399,0,68d0e5f-dirty
Subject890,30,0.6555555555555556,0.7,0.7,new,20,4,none,cnn,1399,0,68d0e5f-dirty
Subject147,31,0.8355555555555557,0.8666666666666667,0.8709677419354839,recorded,20,4,none,cnn,1399,0,68d0e5f-dirty
Subject352,30,0.6977777777777778,0.7333333333333333,0.7333333333333333,recorded,20,4,none,cnn,1399,0,68d0e5f-dirty
Subject376,60,0.8486964886964886,0.8666666666666667,0.8666666666666667,recorded,20,4,none,cnn,1399,0,68d0e5f-dirty
Subject969,30,0.8577777777777779,0.8666666666666667,0.8666666666666667,recorded,20,4,none,cnn,1399,0,68d0e5f-dirty
Subject354,60,0.6592592592592592,0.7166666666666667,0.7166666666666667,new,20,4,tempo_intensity,cnn,1399,5638,68d0e5f-dirty
Subject516,30,0.8711111111111111,0.9,0.9,new,20,4,tempo_intensity,cnn,1399,5638,68d0e5f-dirty
Subject561,60,0.6814478114478113,0.7166666666666667,0.7166666666666667,new,20,4,tempo_intensity,cnn,1399,5638,68d0e5f-dirty
Subject571,30,0.7666666666666665,0.8,0.8,new,20,4,tempo_intensity,cnn,1399,5638,68d0e5f-dirty
Subject580,90,0.7401827801827803,0.7333333333333333,0.7333333333333333,new,20,4,tempo_intensity,cnn,1399,5638,68d0e5f-dirty
Subject890,30,0.6577777777777778,0.6666666666666666,0.6666666666666666,new,20,4,tempo_intensity,cnn,1399,5638,68d0e5f-dirty
Subject147,31,0.8066666666666666,0.8333333333333334,0.8387096774193549,recorded,20,4,tempo_intensity,cnn,1399,5638,68d0e5f-dirty
Subject352,30,0.6711111111111111,0.7,0.7,recorded,20,4,tempo_intensity,cnn,1399,5638,68d0e5f-dirty
Subject376,60,0.8463684463684463,0.8666666666666667,0.8666666666666667,recorded,20,4,tempo_intensity,cnn,1399,5638,68d0e5f-dirty
Subject969,30,0.8333333333333334,0.8666666666666667,0.8666666666666667,recorded,20,4,tempo_intensity,cnn,1399,5638,68d0e5f-dirty
Subject354,60,0.7225792725792726,0.7666666666666667,0.7666666666666667,new,20,4,plus_placement,cnn,1399,5766,68d0e5f-dirty
Subject516,30,0.9644444444444444,0.9666666666666667,0.9666666666666667,new,20,4,plus_placement,cnn,1399,5766,68d0e5f-dirty
Subject561,60,0.6742468642468643,0.7166666666666667,0.7166666666666667,new,20,4,plus_placement,cnn,1399,5766,68d0e5f-dirty
Subject571,30,0.8825396825396825,0.9,0.9,new,20,4,plus_placement,cnn,1399,5766,68d0e5f-dirty
Subject580,90,0.7847635697635698,0.788888888888889,0.7888888888888889,new,20,4,plus_placement,cnn,1399,5766,68d0e5f-dirty
Subject890,30,0.7580952380952383,0.8,0.8,new,20,4,plus_placement,cnn,1399,5766,68d0e5f-dirty
Subject147,31,0.9111111111111111,0.9333333333333333,0.9354838709677419,recorded,20,4,plus_placement,cnn,1399,5766,68d0e5f-dirty
Subject352,30,0.8755555555555555,0.9,0.9,recorded,20,4,plus_placement,cnn,1399,5766,68d0e5f-dirty
Subject376,60,0.8126984126984127,0.8333333333333334,0.8333333333333334,recorded,20,4,plus_placement,cnn,1399,5766,68d0e5f-dirty
Subject969,30,0.8333333333333334,0.8666666666666667,0.8666666666666667,recorded,20,4,plus_placement,cnn,1399,5766,68d0e5f-dirty
Subject354,60,0.8944444444444444,0.9166666666666666,0.9166666666666666,new,20,8,none,cnn,2628,0,68d0e5f-dirty
Subject516,30,0.8492063492063492,0.8666666666666667,0.8666666666666667,new,20,8,none,cnn,2628,0,68d0e5f-dirty
Subject561,60,0.7084848484848485,0.75,0.75,new,20,8,none,cnn,2628,0,68d0e5f-dirty
Subject571,30,0.8333333333333334,0.8666666666666667,0.8666666666666667,new,20,8,none,cnn,2628,0,68d0e5f-dirty
Subject580,90,0.7596699596699596,0.7666666666666667,0.7666666666666667,new,20,8,none,cnn,2628,0,68d0e5f-dirty
Subject890,30,0.7936507936507937,0.8,0.8,new,20,8,none,cnn,2628,0,68d0e5f-dirty
Subject147,31,0.9111111111111111,0.9333333333333333,0.9354838709677419,recorded,20,8,none,cnn,2628,0,68d0e5f-dirty
Subject226,30,0.8380952380952381,0.8666666666666667,0.8666666666666667,recorded,20,8,none,cnn,2628,0,68d0e5f-dirty
Subject352,30,0.6666666666666666,0.7,0.7,recorded,20,8,none,cnn,2628,0,68d0e5f-dirty
Subject376,60,0.8632996632996632,0.8833333333333333,0.8833333333333333,recorded,20,8,none,cnn,2628,0,68d0e5f-dirty
Subject494,60,0.9022222222222223,0.9166666666666666,0.9166666666666666,recorded,20,8,none,cnn,2628,0,68d0e5f-dirty
Subject731,30,0.8222222222222222,0.8666666666666667,0.8666666666666667,recorded,20,8,none,cnn,2628,0,68d0e5f-dirty
Subject819,60,0.7811640211640213,0.8166666666666667,0.8166666666666667,recorded,20,8,none,cnn,2628,0,68d0e5f-dirty
Subject969,30,0.8825396825396825,0.9,0.9,recorded,20,8,none,cnn,2628,0,68d0e5f-dirty
Subject354,60,0.8765811965811966,0.8833333333333333,0.8833333333333333,new,20,8,tempo_intensity,cnn,2628,10750,68d0e5f-dirty
Subject516,30,0.8488888888888888,0.8666666666666667,0.8666666666666667,new,20,8,tempo_intensity,cnn,2628,10750,68d0e5f-dirty
Subject561,60,0.8307070707070707,0.85,0.85,new,20,8,tempo_intensity,cnn,2628,10750,68d0e5f-dirty
Subject571,30,0.9111111111111111,0.9333333333333333,0.9333333333333333,new,20,8,tempo_intensity,cnn,2628,10750,68d0e5f-dirty
Subject580,90,0.718307705366529,0.7333333333333335,0.7333333333333333,new,20,8,tempo_intensity,cnn,2628,10750,68d0e5f-dirty
Subject890,30,0.7511111111111112,0.8,0.8,new,20,8,tempo_intensity,cnn,2628,10750,68d0e5f-dirty
Subject147,31,0.7777777777777779,0.8111111111111111,0.8064516129032258,recorded,20,8,tempo_intensity,cnn,2628,10750,68d0e5f-dirty
Subject226,30,0.7977777777777778,0.8333333333333334,0.8333333333333334,recorded,20,8,tempo_intensity,cnn,2628,10750,68d0e5f-dirty
Subject352,30,0.7555555555555554,0.8,0.8,recorded,20,8,tempo_intensity,cnn,2628,10750,68d0e5f-dirty
Subject376,60,0.8463684463684463,0.8666666666666667,0.8666666666666667,recorded,20,8,tempo_intensity,cnn,2628,10750,68d0e5f-dirty
Subject494,60,0.882962962962963,0.9,0.9,recorded,20,8,tempo_intensity,cnn,2628,10750,68d0e5f-dirty
Subject731,30,0.8158730158730159,0.8333333333333334,0.8333333333333334,recorded,20,8,tempo_intensity,cnn,2628,10750,68d0e5f-dirty
Subject819,60,0.8578162578162577,0.8833333333333333,0.8833333333333333,recorded,20,8,tempo_intensity,cnn,2628,10750,68d0e5f-dirty
Subject969,30,0.8825396825396825,0.9,0.9,recorded,20,8,tempo_intensity,cnn,2628,10750,68d0e5f-dirty
Subject354,60,0.7810929810929811,0.8166666666666667,0.8166666666666667,new,20,8,plus_placement,cnn,2628,10629,68d0e5f-dirty
Subject516,30,0.9333333333333332,0.9333333333333333,0.9333333333333333,new,20,8,plus_placement,cnn,2628,10629,68d0e5f-dirty
Subject561,60,0.7001087801087801,0.7333333333333333,0.7333333333333333,new,20,8,plus_placement,cnn,2628,10629,68d0e5f-dirty
Subject571,30,0.8469841269841271,0.8666666666666667,0.8666666666666667,new,20,8,plus_placement,cnn,2628,10629,68d0e5f-dirty
Subject580,90,0.8220411070411071,0.8333333333333334,0.8333333333333334,new,20,8,plus_placement,cnn,2628,10629,68d0e5f-dirty
Subject890,30,0.7733333333333334,0.8,0.8,new,20,8,plus_placement,cnn,2628,10629,68d0e5f-dirty
Subject147,31,0.88,0.9,0.9032258064516129,recorded,20,8,plus_placement,cnn,2628,10629,68d0e5f-dirty
Subject226,30,0.8333333333333334,0.8666666666666667,0.8666666666666667,recorded,20,8,plus_placement,cnn,2628,10629,68d0e5f-dirty
Subject352,30,0.7555555555555554,0.8,0.8,recorded,20,8,plus_placement,cnn,2628,10629,68d0e5f-dirty
Subject376,60,0.8632996632996632,0.8833333333333333,0.8833333333333333,recorded,20,8,plus_placement,cnn,2628,10629,68d0e5f-dirty
Subject494,60,0.8941798941798942,0.9166666666666666,0.9166666666666666,recorded,20,8,plus_placement,cnn,2628,10629,68d0e5f-dirty
Subject731,30,0.9644444444444444,0.9666666666666667,0.9666666666666667,recorded,20,8,plus_placement,cnn,2628,10629,68d0e5f-dirty
Subject819,60,0.8486772486772487,0.8666666666666667,0.8666666666666667,recorded,20,8,plus_placement,cnn,2628,10629,68d0e5f-dirty
Subject969,30,0.8825396825396825,0.9,0.9,recorded,20,8,plus_placement,cnn,2628,10629,68d0e5f-dirty
Subject354,60,0.9830687830687831,0.9833333333333333,0.9833333333333333,new,20,17,none,cnn,5231,0,68d0e5f-dirty
Subject516,30,0.8603174603174604,0.8666666666666667,0.8666666666666667,new,20,17,none,cnn,5231,0,68d0e5f-dirty
Subject561,60,0.8497739297739298,0.8666666666666667,0.8666666666666667,new,20,17,none,cnn,5231,0,68d0e5f-dirty
Subject571,30,0.7936507936507936,0.8333333333333334,0.8333333333333334,new,20,17,none,cnn,5231,0,68d0e5f-dirty
Subject580,90,0.8699833499833499,0.8777777777777779,0.8777777777777778,new,20,17,none,cnn,5231,0,68d0e5f-dirty
Subject890,30,0.9288888888888888,0.9333333333333333,0.9333333333333333,new,20,17,none,cnn,5231,0,68d0e5f-dirty
Subject139,60,0.9475132275132275,0.95,0.95,recorded,20,17,none,cnn,5231,0,68d0e5f-dirty
Subject147,31,1.0,1.0,1.0,recorded,20,17,none,cnn,5231,0,68d0e5f-dirty
Subject226,30,0.9333333333333332,0.9333333333333333,0.9333333333333333,recorded,20,17,none,cnn,5231,0,68d0e5f-dirty
Subject352,30,0.8222222222222222,0.8333333333333334,0.8333333333333334,recorded,20,17,none,cnn,5231,0,68d0e5f-dirty
Subject353,60,0.8575276575276576,0.8666666666666667,0.8666666666666667,recorded,20,17,none,cnn,5231,0,68d0e5f-dirty
Subject376,60,0.8632996632996632,0.8833333333333333,0.8833333333333333,recorded,20,17,none,cnn,5231,0,68d0e5f-dirty
Subject424,60,0.8765811965811964,0.8833333333333333,0.8833333333333333,recorded,20,17,none,cnn,5231,0,68d0e5f-dirty
Subject455,60,0.9830687830687831,0.9833333333333333,0.9833333333333333,recorded,20,17,none,cnn,5231,0,68d0e5f-dirty
Subject494,60,0.9475132275132275,0.95,0.95,recorded,20,17,none,cnn,5231,0,68d0e5f-dirty
Subject611,60,0.8897354497354498,0.9166666666666666,0.9166666666666666,recorded,20,17,none,cnn,5231,0,68d0e5f-dirty
Subject729,60,0.924886964886965,0.9333333333333333,0.9333333333333333,recorded,20,17,none,cnn,5231,0,68d0e5f-dirty
Subject731,30,0.9288888888888889,0.9333333333333333,0.9333333333333333,recorded,20,17,none,cnn,5231,0,68d0e5f-dirty
Subject741,60,0.9661375661375662,0.9666666666666667,0.9666666666666667,recorded,20,17,none,cnn,5231,0,68d0e5f-dirty
Subject819,60,0.8452910052910053,0.8666666666666667,0.8666666666666667,recorded,20,17,none,cnn,5231,0,68d0e5f-dirty
Subject867,60,0.9830687830687831,0.9833333333333333,0.9833333333333333,recorded,20,17,none,cnn,5231,0,68d0e5f-dirty
Subject877,60,0.9830687830687831,0.9833333333333333,0.9833333333333333,recorded,20,17,none,cnn,5231,0,68d0e5f-dirty
Subject969,30,0.8333333333333334,0.8666666666666667,0.8666666666666667,recorded,20,17,none,cnn,5231,0,68d0e5f-dirty
Subject354,60,1.0,1.0,1.0,new,20,17,tempo_intensity,cnn,5231,21146,68d0e5f-dirty
Subject516,30,0.8492063492063492,0.8666666666666667,0.8666666666666667,new,20,17,tempo_intensity,cnn,5231,21146,68d0e5f-dirty
Subject561,60,0.9111111111111111,0.9166666666666666,0.9166666666666666,new,20,17,tempo_intensity,cnn,5231,21146,68d0e5f-dirty
Subject571,30,0.8825396825396825,0.9,0.9,new,20,17,tempo_intensity,cnn,5231,21146,68d0e5f-dirty
Subject580,90,0.9341303141303141,0.9333333333333335,0.9333333333333333,new,20,17,tempo_intensity,cnn,5231,21146,68d0e5f-dirty
Subject890,30,0.8825396825396825,0.9,0.9,new,20,17,tempo_intensity,cnn,5231,21146,68d0e5f-dirty
Subject139,60,0.9830687830687831,0.9833333333333333,0.9833333333333333,recorded,20,17,tempo_intensity,cnn,5231,21146,68d0e5f-dirty
Subject147,31,0.9111111111111111,0.9333333333333333,0.9354838709677419,recorded,20,17,tempo_intensity,cnn,5231,21146,68d0e5f-dirty
Subject226,30,0.9066666666666667,0.9333333333333333,0.9333333333333333,recorded,20,17,tempo_intensity,cnn,5231,21146,68d0e5f-dirty
Subject352,30,0.7777777777777778,0.8,0.8,recorded,20,17,tempo_intensity,cnn,5231,21146,68d0e5f-dirty
Subject353,60,0.8444444444444444,0.8666666666666667,0.8666666666666667,recorded,20,17,tempo_intensity,cnn,5231,21146,68d0e5f-dirty
Subject376,60,0.8562626262626262,0.8666666666666667,0.8666666666666667,recorded,20,17,tempo_intensity,cnn,5231,21146,68d0e5f-dirty
Subject424,60,0.9062626262626262,0.9166666666666666,0.9166666666666666,recorded,20,17,tempo_intensity,cnn,5231,21146,68d0e5f-dirty
Subject455,60,1.0,1.0,1.0,recorded,20,17,tempo_intensity,cnn,5231,21146,68d0e5f-dirty
Subject494,60,0.9676190476190477,0.9666666666666667,0.9666666666666667,recorded,20,17,tempo_intensity,cnn,5231,21146,68d0e5f-dirty
Subject611,60,1.0,1.0,1.0,recorded,20,17,tempo_intensity,cnn,5231,21146,68d0e5f-dirty
Subject729,60,0.9475132275132274,0.95,0.95,recorded,20,17,tempo_intensity,cnn,5231,21146,68d0e5f-dirty
Subject731,30,0.8755555555555555,0.9,0.9,recorded,20,17,tempo_intensity,cnn,5231,21146,68d0e5f-dirty
Subject741,60,0.9492063492063493,0.95,0.95,recorded,20,17,tempo_intensity,cnn,5231,21146,68d0e5f-dirty
Subject819,60,0.8452910052910053,0.8666666666666667,0.8666666666666667,recorded,20,17,tempo_intensity,cnn,5231,21146,68d0e5f-dirty
Subject867,60,0.9830687830687831,0.9833333333333333,0.9833333333333333,recorded,20,17,tempo_intensity,cnn,5231,21146,68d0e5f-dirty
Subject877,60,0.9830687830687831,0.9833333333333333,0.9833333333333333,recorded,20,17,tempo_intensity,cnn,5231,21146,68d0e5f-dirty
Subject969,30,0.8888888888888888,0.9,0.9,recorded,20,17,tempo_intensity,cnn,5231,21146,68d0e5f-dirty
Subject354,60,0.9644444444444444,0.9666666666666667,0.9666666666666667,new,20,17,plus_placement,cnn,5231,21137,68d0e5f-dirty
Subject516,30,0.8888888888888888,0.9,0.9,new,20,17,plus_placement,cnn,5231,21137,68d0e5f-dirty
Subject561,60,0.924886964886965,0.9333333333333333,0.9333333333333333,new,20,17,plus_placement,cnn,5231,21137,68d0e5f-dirty
Subject571,30,0.9288888888888889,0.9333333333333333,0.9333333333333333,new,20,17,plus_placement,cnn,5231,21137,68d0e5f-dirty
Subject580,90,0.877078477078477,0.877777777777778,0.8777777777777778,new,20,17,plus_placement,cnn,5231,21137,68d0e5f-dirty
Subject890,30,0.9644444444444444,0.9666666666666667,0.9666666666666667,new,20,17,plus_placement,cnn,5231,21137,68d0e5f-dirty
Subject139,60,0.9644444444444444,0.9666666666666667,0.9666666666666667,recorded,20,17,plus_placement,cnn,5231,21137,68d0e5f-dirty
Subject147,31,1.0,1.0,1.0,recorded,20,17,plus_placement,cnn,5231,21137,68d0e5f-dirty
Subject226,30,0.8755555555555554,0.9,0.9,recorded,20,17,plus_placement,cnn,5231,21137,68d0e5f-dirty
Subject352,30,0.8755555555555555,0.9,0.9,recorded,20,17,plus_placement,cnn,5231,21137,68d0e5f-dirty
Subject353,60,0.8461375661375662,0.8666666666666667,0.8666666666666667,recorded,20,17,plus_placement,cnn,5231,21137,68d0e5f-dirty
Subject376,60,0.911976911976912,0.9166666666666666,0.9166666666666666,recorded,20,17,plus_placement,cnn,5231,21137,68d0e5f-dirty
Subject424,60,0.9288888888888889,0.9333333333333333,0.9333333333333333,recorded,20,17,plus_placement,cnn,5231,21137,68d0e5f-dirty
Subject455,60,1.0,1.0,1.0,recorded,20,17,plus_placement,cnn,5231,21137,68d0e5f-dirty
Subject494,60,0.962962962962963,0.9666666666666667,0.9666666666666667,recorded,20,17,plus_placement,cnn,5231,21137,68d0e5f-dirty
Subject611,60,0.9830687830687831,0.9833333333333333,0.9833333333333333,recorded,20,17,plus_placement,cnn,5231,21137,68d0e5f-dirty
Subject729,60,1.0,1.0,1.0,recorded,20,17,plus_placement,cnn,5231,21137,68d0e5f-dirty
Subject731,30,0.8755555555555555,0.9,0.9,recorded,20,17,plus_placement,cnn,5231,21137,68d0e5f-dirty
Subject741,60,0.9666666666666667,0.9666666666666667,0.9666666666666667,recorded,20,17,plus_placement,cnn,5231,21137,68d0e5f-dirty
Subject819,60,0.8833333333333333,0.9,0.9,recorded,20,17,plus_placement,cnn,5231,21137,68d0e5f-dirty
Subject867,60,0.9644444444444444,0.9666666666666667,0.9666666666666667,recorded,20,17,plus_placement,cnn,5231,21137,68d0e5f-dirty
Subject877,60,1.0,1.0,1.0,recorded,20,17,plus_placement,cnn,5231,21137,68d0e5f-dirty
Subject969,30,0.8955555555555555,0.9,0.9,recorded,20,17,plus_placement,cnn,5231,21137,68d0e5f-dirty
Subject376,60,0.5963216739687328,0.6333333333333333,0.6333333333333333,new,21,2,none,cnn,579,0,68d0e5f-dirty
Subject494,60,0.5903570503570504,0.65,0.65,new,21,2,none,cnn,579,0,68d0e5f-dirty
Subject611,60,0.49925925925925935,0.5666666666666667,0.5666666666666667,new,21,2,none,cnn,579,0,68d0e5f-dirty
Subject741,60,0.5163492063492064,0.55,0.55,new,21,2,none,cnn,579,0,68d0e5f-dirty
Subject819,60,0.4570323244007454,0.5333333333333333,0.5333333333333333,new,21,2,none,cnn,579,0,68d0e5f-dirty
Subject969,30,0.48666666666666664,0.5666666666666667,0.5666666666666667,new,21,2,none,cnn,579,0,68d0e5f-dirty
Subject226,30,0.8777777777777778,0.9,0.9,recorded,21,2,none,cnn,579,0,68d0e5f-dirty
Subject516,30,0.9333333333333332,0.9333333333333333,0.9333333333333333,recorded,21,2,none,cnn,579,0,68d0e5f-dirty
Subject376,60,0.6009523809523808,0.6333333333333333,0.6333333333333333,new,21,2,tempo_intensity,cnn,579,2333,68d0e5f-dirty
Subject494,60,0.6191005291005289,0.6666666666666666,0.6666666666666666,new,21,2,tempo_intensity,cnn,579,2333,68d0e5f-dirty
Subject611,60,0.5325252525252525,0.5833333333333334,0.5833333333333334,new,21,2,tempo_intensity,cnn,579,2333,68d0e5f-dirty
Subject741,60,0.4766714766714767,0.5,0.5,new,21,2,tempo_intensity,cnn,579,2333,68d0e5f-dirty
Subject819,60,0.45154401154401147,0.5333333333333333,0.5333333333333333,new,21,2,tempo_intensity,cnn,579,2333,68d0e5f-dirty
Subject969,30,0.5311111111111111,0.6,0.6,new,21,2,tempo_intensity,cnn,579,2333,68d0e5f-dirty
Subject226,30,0.8777777777777778,0.9,0.9,recorded,21,2,tempo_intensity,cnn,579,2333,68d0e5f-dirty
Subject516,30,0.9644444444444444,0.9666666666666667,0.9666666666666667,recorded,21,2,tempo_intensity,cnn,579,2333,68d0e5f-dirty
Subject376,60,0.6508669108669108,0.6666666666666666,0.6666666666666666,new,21,2,plus_placement,cnn,579,2358,68d0e5f-dirty
Subject494,60,0.657037037037037,0.7166666666666667,0.7166666666666667,new,21,2,plus_placement,cnn,579,2358,68d0e5f-dirty
Subject611,60,0.5925925925925927,0.65,0.65,new,21,2,plus_placement,cnn,579,2358,68d0e5f-dirty
Subject741,60,0.5958596958596959,0.65,0.65,new,21,2,plus_placement,cnn,579,2358,68d0e5f-dirty
Subject819,60,0.4764213564213564,0.5666666666666667,0.5666666666666667,new,21,2,plus_placement,cnn,579,2358,68d0e5f-dirty
Subject969,30,0.5088888888888888,0.6,0.6,new,21,2,plus_placement,cnn,579,2358,68d0e5f-dirty
Subject226,30,0.8777777777777778,0.9,0.9,recorded,21,2,plus_placement,cnn,579,2358,68d0e5f-dirty
Subject516,30,0.9644444444444444,0.9666666666666667,0.9666666666666667,recorded,21,2,plus_placement,cnn,579,2358,68d0e5f-dirty
Subject376,60,0.6444444444444444,0.7,0.7,new,21,4,none,cnn,1232,0,68d0e5f-dirty
Subject494,60,0.5498027898027898,0.6333333333333333,0.6333333333333333,new,21,4,none,cnn,1232,0,68d0e5f-dirty
Subject611,60,0.7356228956228956,0.7833333333333333,0.7833333333333333,new,21,4,none,cnn,1232,0,68d0e5f-dirty
Subject741,60,0.6396692196692197,0.6666666666666666,0.6666666666666666,new,21,4,none,cnn,1232,0,68d0e5f-dirty
Subject819,60,0.6707070707070707,0.7333333333333333,0.7333333333333333,new,21,4,none,cnn,1232,0,68d0e5f-dirty
Subject969,30,0.5288888888888889,0.6,0.6,new,21,4,none,cnn,1232,0,68d0e5f-dirty
Subject226,30,0.8422222222222222,0.8666666666666667,0.8666666666666667,recorded,21,4,none,cnn,1232,0,68d0e5f-dirty
Subject516,30,0.9644444444444444,0.9666666666666667,0.9666666666666667,recorded,21,4,none,cnn,1232,0,68d0e5f-dirty
Subject561,60,0.932063492063492,0.9333333333333333,0.9333333333333333,recorded,21,4,none,cnn,1232,0,68d0e5f-dirty
Subject877,60,0.9053968253968255,0.9166666666666666,0.9166666666666666,recorded,21,4,none,cnn,1232,0,68d0e5f-dirty
Subject376,60,0.606984126984127,0.6666666666666666,0.6666666666666666,new,21,4,tempo_intensity,cnn,1232,4983,68d0e5f-dirty
Subject494,60,0.5795959595959596,0.6333333333333333,0.6333333333333333,new,21,4,tempo_intensity,cnn,1232,4983,68d0e5f-dirty
Subject611,60,0.696046176046176,0.7333333333333333,0.7333333333333333,new,21,4,tempo_intensity,cnn,1232,4983,68d0e5f-dirty
Subject741,60,0.6644059644059646,0.7,0.7,new,21,4,tempo_intensity,cnn,1232,4983,68d0e5f-dirty
Subject819,60,0.6313227513227513,0.7,0.7,new,21,4,tempo_intensity,cnn,1232,4983,68d0e5f-dirty
Subject969,30,0.6403174603174603,0.7,0.7,new,21,4,tempo_intensity,cnn,1232,4983,68d0e5f-dirty
Subject226,30,0.8777777777777778,0.9,0.9,recorded,21,4,tempo_intensity,cnn,1232,4983,68d0e5f-dirty
Subject516,30,0.9288888888888889,0.9333333333333333,0.9333333333333333,recorded,21,4,tempo_intensity,cnn,1232,4983,68d0e5f-dirty
Subject561,60,0.9122222222222222,0.9166666666666666,0.9166666666666666,recorded,21,4,tempo_intensity,cnn,1232,4983,68d0e5f-dirty
Subject877,60,0.9305820105820106,0.9333333333333333,0.9333333333333333,recorded,21,4,tempo_intensity,cnn,1232,4983,68d0e5f-dirty
Subject376,60,0.6444107744107744,0.7,0.7,new,21,4,plus_placement,cnn,1232,5048,68d0e5f-dirty
Subject494,60,0.6474795574795577,0.7166666666666667,0.7166666666666667,new,21,4,plus_placement,cnn,1232,5048,68d0e5f-dirty
Subject611,60,0.7711784511784512,0.8166666666666667,0.8166666666666667,new,21,4,plus_placement,cnn,1232,5048,68d0e5f-dirty
Subject741,60,0.7136507936507936,0.7333333333333333,0.7333333333333333,new,21,4,plus_placement,cnn,1232,5048,68d0e5f-dirty
Subject819,60,0.7000925000925001,0.7666666666666667,0.7666666666666667,new,21,4,plus_placement,cnn,1232,5048,68d0e5f-dirty
Subject969,30,0.5555555555555555,0.6333333333333333,0.6333333333333333,new,21,4,plus_placement,cnn,1232,5048,68d0e5f-dirty
Subject226,30,0.8933333333333334,0.9,0.9,recorded,21,4,plus_placement,cnn,1232,5048,68d0e5f-dirty
Subject516,30,0.8825396825396825,0.9,0.9,recorded,21,4,plus_placement,cnn,1232,5048,68d0e5f-dirty
Subject561,60,0.8355555555555555,0.8666666666666667,0.8666666666666667,recorded,21,4,plus_placement,cnn,1232,5048,68d0e5f-dirty
Subject877,60,0.9475132275132274,0.95,0.95,recorded,21,4,plus_placement,cnn,1232,5048,68d0e5f-dirty
Subject376,60,0.8083597883597885,0.8333333333333334,0.8333333333333334,new,21,8,none,cnn,2483,0,68d0e5f-dirty
Subject494,60,0.6207012480696691,0.6833333333333333,0.6833333333333333,new,21,8,none,cnn,2483,0,68d0e5f-dirty
Subject611,60,0.9130158730158731,0.9166666666666666,0.9166666666666666,new,21,8,none,cnn,2483,0,68d0e5f-dirty
Subject741,60,0.82017797017797,0.8333333333333334,0.8333333333333334,new,21,8,none,cnn,2483,0,68d0e5f-dirty
Subject819,60,0.6670237170237171,0.7333333333333333,0.7333333333333333,new,21,8,none,cnn,2483,0,68d0e5f-dirty
Subject969,30,0.5692063492063492,0.6333333333333333,0.6333333333333333,new,21,8,none,cnn,2483,0,68d0e5f-dirty
Subject226,30,0.9066666666666667,0.9333333333333333,0.9333333333333333,recorded,21,8,none,cnn,2483,0,68d0e5f-dirty
Subject352,30,0.8311111111111111,0.8333333333333334,0.8333333333333334,recorded,21,8,none,cnn,2483,0,68d0e5f-dirty
Subject353,60,0.7916931216931218,0.8166666666666667,0.8166666666666667,recorded,21,8,none,cnn,2483,0,68d0e5f-dirty
Subject424,60,0.765066045066045,0.8,0.8,recorded,21,8,none,cnn,2483,0,68d0e5f-dirty
Subject455,60,0.962962962962963,0.9666666666666667,0.9666666666666667,recorded,21,8,none,cnn,2483,0,68d0e5f-dirty
Subject516,30,0.9111111111111111,0.9333333333333333,0.9333333333333333,recorded,21,8,none,cnn,2483,0,68d0e5f-dirty
Subject561,60,0.9644444444444444,0.9666666666666667,0.9666666666666667,recorded,21,8,none,cnn,2483,0,68d0e5f-dirty
Subject877,60,0.9661375661375662,0.9666666666666667,0.9666666666666667,recorded,21,8,none,cnn,2483,0,68d0e5f-dirty
Subject376,60,0.7286772486772487,0.7666666666666667,0.7666666666666667,new,21,8,tempo_intensity,cnn,2483,10156,68d0e5f-dirty
Subject494,60,0.6619518493202705,0.7166666666666667,0.7166666666666667,new,21,8,tempo_intensity,cnn,2483,10156,68d0e5f-dirty
Subject611,60,0.8755555555555555,0.9,0.9,new,21,8,tempo_intensity,cnn,2483,10156,68d0e5f-dirty
Subject741,60,0.7697354497354496,0.7833333333333333,0.7833333333333333,new,21,8,tempo_intensity,cnn,2483,10156,68d0e5f-dirty
Subject819,60,0.6985388685388686,0.75,0.75,new,21,8,tempo_intensity,cnn,2483,10156,68d0e5f-dirty
Subject969,30,0.6203174603174603,0.6666666666666666,0.6666666666666666,new,21,8,tempo_intensity,cnn,2483,10156,68d0e5f-dirty
Subject226,30,0.8711111111111111,0.9,0.9,recorded,21,8,tempo_intensity,cnn,2483,10156,68d0e5f-dirty
Subject352,30,0.8533333333333334,0.8666666666666667,0.8666666666666667,recorded,21,8,tempo_intensity,cnn,2483,10156,68d0e5f-dirty
Subject353,60,0.8986772486772486,0.9,0.9,recorded,21,8,tempo_intensity,cnn,2483,10156,68d0e5f-dirty
Subject424,60,0.8744973544973546,0.8833333333333333,0.8833333333333333,recorded,21,8,tempo_intensity,cnn,2483,10156,68d0e5f-dirty
Subject455,60,0.9666666666666667,0.9666666666666667,0.9666666666666667,recorded,21,8,tempo_intensity,cnn,2483,10156,68d0e5f-dirty
Subject516,30,0.9644444444444444,0.9666666666666667,0.9666666666666667,recorded,21,8,tempo_intensity,cnn,2483,10156,68d0e5f-dirty
Subject561,60,0.9644444444444444,0.9666666666666667,0.9666666666666667,recorded,21,8,tempo_intensity,cnn,2483,10156,68d0e5f-dirty
Subject877,60,0.9830687830687831,0.9833333333333333,0.9833333333333333,recorded,21,8,tempo_intensity,cnn,2483,10156,68d0e5f-dirty
Subject376,60,0.6577441077441077,0.7,0.7,new,21,8,plus_placement,cnn,2483,10010,68d0e5f-dirty
Subject494,60,0.6991812865497076,0.75,0.75,new,21,8,plus_placement,cnn,2483,10010,68d0e5f-dirty
Subject611,60,0.8620250120250119,0.8833333333333333,0.8833333333333333,new,21,8,plus_placement,cnn,2483,10010,68d0e5f-dirty
Subject741,60,0.7627705627705627,0.8,0.8,new,21,8,plus_placement,cnn,2483,10010,68d0e5f-dirty
Subject819,60,0.6863684463684464,0.7333333333333333,0.7333333333333333,new,21,8,plus_placement,cnn,2483,10010,68d0e5f-dirty
Subject969,30,0.6933333333333334,0.7333333333333333,0.7333333333333333,new,21,8,plus_placement,cnn,2483,10010,68d0e5f-dirty
Subject226,30,0.8755555555555554,0.9,0.9,recorded,21,8,plus_placement,cnn,2483,10010,68d0e5f-dirty
Subject352,30,0.8755555555555555,0.9,0.9,recorded,21,8,plus_placement,cnn,2483,10010,68d0e5f-dirty
Subject353,60,0.8317460317460318,0.85,0.85,recorded,21,8,plus_placement,cnn,2483,10010,68d0e5f-dirty
Subject424,60,0.853954933954934,0.8666666666666667,0.8666666666666667,recorded,21,8,plus_placement,cnn,2483,10010,68d0e5f-dirty
Subject455,60,0.9830687830687831,0.9833333333333333,0.9833333333333333,recorded,21,8,plus_placement,cnn,2483,10010,68d0e5f-dirty
Subject516,30,1.0,1.0,1.0,recorded,21,8,plus_placement,cnn,2483,10010,68d0e5f-dirty
Subject561,60,0.9661375661375663,0.9666666666666667,0.9666666666666667,recorded,21,8,plus_placement,cnn,2483,10010,68d0e5f-dirty
Subject877,60,0.9475132275132275,0.95,0.95,recorded,21,8,plus_placement,cnn,2483,10010,68d0e5f-dirty
Subject376,60,0.8766666666666667,0.8833333333333333,0.8833333333333333,new,21,17,none,cnn,5213,0,68d0e5f-dirty
Subject494,60,0.6988359788359788,0.7333333333333333,0.7333333333333333,new,21,17,none,cnn,5213,0,68d0e5f-dirty
Subject611,60,0.9475132275132275,0.95,0.95,new,21,17,none,cnn,5213,0,68d0e5f-dirty
Subject741,60,0.8701058201058202,0.8833333333333333,0.8833333333333333,new,21,17,none,cnn,5213,0,68d0e5f-dirty
Subject819,60,0.8786916786916787,0.9,0.9,new,21,17,none,cnn,5213,0,68d0e5f-dirty
Subject969,30,0.8444444444444446,0.8666666666666667,0.8666666666666667,new,21,17,none,cnn,5213,0,68d0e5f-dirty
Subject139,60,0.9830687830687831,0.9833333333333333,0.9833333333333333,recorded,21,17,none,cnn,5213,0,68d0e5f-dirty
Subject147,31,1.0,1.0,1.0,recorded,21,17,none,cnn,5213,0,68d0e5f-dirty
Subject226,30,0.8711111111111111,0.9,0.9,recorded,21,17,none,cnn,5213,0,68d0e5f-dirty
Subject352,30,0.8222222222222222,0.8666666666666667,0.8666666666666667,recorded,21,17,none,cnn,5213,0,68d0e5f-dirty
Subject353,60,0.8306878306878307,0.85,0.85,recorded,21,17,none,cnn,5213,0,68d0e5f-dirty
Subject354,60,0.962962962962963,0.9666666666666667,0.9666666666666667,recorded,21,17,none,cnn,5213,0,68d0e5f-dirty
Subject424,60,0.8066666666666666,0.8333333333333334,0.8333333333333334,recorded,21,17,none,cnn,5213,0,68d0e5f-dirty
Subject455,60,0.962962962962963,0.9666666666666667,0.9666666666666667,recorded,21,17,none,cnn,5213,0,68d0e5f-dirty
Subject516,30,0.9644444444444444,0.9666666666666667,0.9666666666666667,recorded,21,17,none,cnn,5213,0,68d0e5f-dirty
Subject561,60,0.9418181818181818,0.95,0.95,recorded,21,17,none,cnn,5213,0,68d0e5f-dirty
Subject571,30,0.8825396825396825,0.9,0.9,recorded,21,17,none,cnn,5213,0,68d0e5f-dirty
Subject580,90,0.9303984903984903,0.9333333333333333,0.9333333333333333,recorded,21,17,none,cnn,5213,0,68d0e5f-dirty
Subject729,60,0.9475132275132275,0.95,0.95,recorded,21,17,none,cnn,5213,0,68d0e5f-dirty
Subject731,30,0.9644444444444444,0.9666666666666667,0.9666666666666667,recorded,21,17,none,cnn,5213,0,68d0e5f-dirty
Subject867,60,0.9311111111111111,0.9333333333333333,0.9333333333333333,recorded,21,17,none,cnn,5213,0,68d0e5f-dirty
Subject877,60,0.9830687830687831,0.9833333333333333,0.9833333333333333,recorded,21,17,none,cnn,5213,0,68d0e5f-dirty
Subject890,30,0.9111111111111111,0.9333333333333333,0.9333333333333333,recorded,21,17,none,cnn,5213,0,68d0e5f-dirty
Subject376,60,0.8475132275132274,0.8666666666666667,0.8666666666666667,new,21,17,tempo_intensity,cnn,5213,21218,68d0e5f-dirty
Subject494,60,0.6810774410774411,0.7333333333333333,0.7333333333333333,new,21,17,tempo_intensity,cnn,5213,21218,68d0e5f-dirty
Subject611,60,0.8755555555555555,0.9,0.9,new,21,17,tempo_intensity,cnn,5213,21218,68d0e5f-dirty
Subject741,60,0.8077441077441078,0.8333333333333334,0.8333333333333334,new,21,17,tempo_intensity,cnn,5213,21218,68d0e5f-dirty
Subject819,60,0.8786916786916787,0.9,0.9,new,21,17,tempo_intensity,cnn,5213,21218,68d0e5f-dirty
Subject969,30,0.8177777777777777,0.8666666666666667,0.8666666666666667,new,21,17,tempo_intensity,cnn,5213,21218,68d0e5f-dirty
Subject139,60,0.9830687830687831,0.9833333333333333,0.9833333333333333,recorded,21,17,tempo_intensity,cnn,5213,21218,68d0e5f-dirty
Subject147,31,0.9644444444444444,0.9666666666666667,0.967741935483871,recorded,21,17,tempo_intensity,cnn,5213,21218,68d0e5f-dirty
Subject226,30,0.8711111111111111,0.9,0.9,recorded,21,17,tempo_intensity,cnn,5213,21218,68d0e5f-dirty
Subject352,30,0.8755555555555555,0.9,0.9,recorded,21,17,tempo_intensity,cnn,5213,21218,68d0e5f-dirty
Subject353,60,0.797989417989418,0.8166666666666667,0.8166666666666667,recorded,21,17,tempo_intensity,cnn,5213,21218,68d0e5f-dirty
Subject354,60,0.9418181818181818,0.95,0.95,recorded,21,17,tempo_intensity,cnn,5213,21218,68d0e5f-dirty
Subject424,60,0.8195959595959595,0.85,0.85,recorded,21,17,tempo_intensity,cnn,5213,21218,68d0e5f-dirty
Subject455,60,0.9830687830687831,0.9833333333333333,0.9833333333333333,recorded,21,17,tempo_intensity,cnn,5213,21218,68d0e5f-dirty
Subject516,30,0.9644444444444444,0.9666666666666667,0.9666666666666667,recorded,21,17,tempo_intensity,cnn,5213,21218,68d0e5f-dirty
Subject561,60,1.0,1.0,1.0,recorded,21,17,tempo_intensity,cnn,5213,21218,68d0e5f-dirty
Subject571,30,0.8469841269841271,0.8666666666666667,0.8666666666666667,recorded,21,17,tempo_intensity,cnn,5213,21218,68d0e5f-dirty
Subject580,90,0.95,0.9555555555555555,0.9555555555555556,recorded,21,17,tempo_intensity,cnn,5213,21218,68d0e5f-dirty
Subject729,60,0.9475132275132275,0.95,0.95,recorded,21,17,tempo_intensity,cnn,5213,21218,68d0e5f-dirty
Subject731,30,0.9111111111111111,0.9333333333333333,0.9333333333333333,recorded,21,17,tempo_intensity,cnn,5213,21218,68d0e5f-dirty
Subject867,60,0.9111111111111111,0.9333333333333333,0.9333333333333333,recorded,21,17,tempo_intensity,cnn,5213,21218,68d0e5f-dirty
Subject877,60,0.9830687830687831,0.9833333333333333,0.9833333333333333,recorded,21,17,tempo_intensity,cnn,5213,21218,68d0e5f-dirty
Subject890,30,0.9288888888888889,0.9333333333333333,0.9333333333333333,recorded,21,17,tempo_intensity,cnn,5213,21218,68d0e5f-dirty
Subject376,60,0.9122222222222222,0.9166666666666666,0.9166666666666666,new,21,17,plus_placement,cnn,5213,21220,68d0e5f-dirty
Subject494,60,0.7151515151515151,0.7666666666666667,0.7666666666666667,new,21,17,plus_placement,cnn,5213,21220,68d0e5f-dirty
Subject611,60,0.9136507936507936,0.9166666666666666,0.9166666666666666,new,21,17,plus_placement,cnn,5213,21220,68d0e5f-dirty
Subject741,60,0.8950264550264551,0.9,0.9,new,21,17,plus_placement,cnn,5213,21220,68d0e5f-dirty
Subject819,60,0.8956228956228957,0.9166666666666666,0.9166666666666666,new,21,17,plus_placement,cnn,5213,21220,68d0e5f-dirty
Subject969,30,0.7333333333333333,0.8,0.8,new,21,17,plus_placement,cnn,5213,21220,68d0e5f-dirty
Subject139,60,1.0,1.0,1.0,recorded,21,17,plus_placement,cnn,5213,21220,68d0e5f-dirty
Subject147,31,0.9111111111111111,0.9333333333333333,0.9354838709677419,recorded,21,17,plus_placement,cnn,5213,21220,68d0e5f-dirty
Subject226,30,0.8755555555555554,0.9,0.9,recorded,21,17,plus_placement,cnn,5213,21220,68d0e5f-dirty
Subject352,30,0.9111111111111111,0.9333333333333333,0.9333333333333333,recorded,21,17,plus_placement,cnn,5213,21220,68d0e5f-dirty
Subject353,60,0.7725681725681726,0.8,0.8,recorded,21,17,plus_placement,cnn,5213,21220,68d0e5f-dirty
Subject354,60,1.0,1.0,1.0,recorded,21,17,plus_placement,cnn,5213,21220,68d0e5f-dirty
Subject424,60,0.8422222222222222,0.8666666666666667,0.8666666666666667,recorded,21,17,plus_placement,cnn,5213,21220,68d0e5f-dirty
Subject455,60,1.0,1.0,1.0,recorded,21,17,plus_placement,cnn,5213,21220,68d0e5f-dirty
Subject516,30,0.9644444444444444,0.9666666666666667,0.9666666666666667,recorded,21,17,plus_placement,cnn,5213,21220,68d0e5f-dirty
Subject561,60,0.9418181818181818,0.95,0.95,recorded,21,17,plus_placement,cnn,5213,21220,68d0e5f-dirty
Subject571,30,0.9644444444444444,0.9666666666666667,0.9666666666666667,recorded,21,17,plus_placement,cnn,5213,21220,68d0e5f-dirty
Subject580,90,0.934965034965035,0.9333333333333333,0.9333333333333333,recorded,21,17,plus_placement,cnn,5213,21220,68d0e5f-dirty
Subject729,60,0.9475132275132275,0.95,0.95,recorded,21,17,plus_placement,cnn,5213,21220,68d0e5f-dirty
Subject731,30,0.8755555555555555,0.9,0.9,recorded,21,17,plus_placement,cnn,5213,21220,68d0e5f-dirty
Subject867,60,0.9418181818181818,0.95,0.95,recorded,21,17,plus_placement,cnn,5213,21220,68d0e5f-dirty
Subject877,60,0.9830687830687831,0.9833333333333333,0.9833333333333333,recorded,21,17,plus_placement,cnn,5213,21220,68d0e5f-dirty
Subject890,30,0.9333333333333332,0.9333333333333333,0.9333333333333333,recorded,21,17,plus_placement,cnn,5213,21220,68d0e5f-dirty
Subject226,30,0.6114285714285714,0.6666666666666666,0.6666666666666666,new,22,2,none,cnn,552,0,68d0e5f-dirty
Subject561,60,0.5995622895622895,0.6666666666666666,0.6666666666666666,new,22,2,none,cnn,552,0,68d0e5f-dirty
Subject731,30,0.4822222222222222,0.5333333333333333,0.5333333333333333,new,22,2,none,cnn,552,0,68d0e5f-dirty
Subject741,60,0.6361038961038961,0.6833333333333333,0.6833333333333333,new,22,2,none,cnn,552,0,68d0e5f-dirty
Subject819,60,0.45769119769119776,0.5666666666666667,0.5666666666666667,new,22,2,none,cnn,552,0,68d0e5f-dirty
Subject867,60,0.604040404040404,0.6666666666666666,0.6666666666666666,new,22,2,none,cnn,552,0,68d0e5f-dirty
Subject516,30,0.7688888888888888,0.8,0.8,recorded,22,2,none,cnn,552,0,68d0e5f-dirty
Subject611,60,0.713035113035113,0.75,0.75,recorded,22,2,none,cnn,552,0,68d0e5f-dirty
Subject226,30,0.5914285714285714,0.6666666666666666,0.6666666666666666,new,22,2,tempo_intensity,cnn,552,2216,68d0e5f-dirty
Subject561,60,0.6185569985569985,0.6833333333333333,0.6833333333333333,new,22,2,tempo_intensity,cnn,552,2216,68d0e5f-dirty
Subject731,30,0.45666666666666667,0.5,0.5,new,22,2,tempo_intensity,cnn,552,2216,68d0e5f-dirty
Subject741,60,0.6485388685388686,0.6833333333333333,0.6833333333333333,new,22,2,tempo_intensity,cnn,552,2216,68d0e5f-dirty
Subject819,60,0.41557168321874205,0.5166666666666667,0.5166666666666667,new,22,2,tempo_intensity,cnn,552,2216,68d0e5f-dirty
Subject867,60,0.5961638361638361,0.6666666666666666,0.6666666666666666,new,22,2,tempo_intensity,cnn,552,2216,68d0e5f-dirty
Subject516,30,0.8200000000000001,0.8333333333333334,0.8333333333333334,recorded,22,2,tempo_intensity,cnn,552,2216,68d0e5f-dirty
Subject611,60,0.7701779701779702,0.8,0.8,recorded,22,2,tempo_intensity,cnn,552,2216,68d0e5f-dirty
Subject226,30,0.72,0.7666666666666667,0.7666666666666667,new,22,2,plus_placement,cnn,552,2289,68d0e5f-dirty
Subject561,60,0.5421356421356421,0.6333333333333333,0.6333333333333333,new,22,2,plus_placement,cnn,552,2289,68d0e5f-dirty
Subject731,30,0.6523809523809523,0.7,0.7,new,22,2,plus_placement,cnn,552,2289,68d0e5f-dirty
Subject741,60,0.7465800865800866,0.7666666666666667,0.7666666666666667,new,22,2,plus_placement,cnn,552,2289,68d0e5f-dirty
Subject819,60,0.526884226884227,0.6166666666666667,0.6166666666666667,new,22,2,plus_placement,cnn,552,2289,68d0e5f-dirty
Subject867,60,0.6517989417989418,0.6833333333333333,0.6833333333333333,new,22,2,plus_placement,cnn,552,2289,68d0e5f-dirty
Subject516,30,0.9111111111111111,0.9333333333333333,0.9333333333333333,recorded,22,2,plus_placement,cnn,552,2289,68d0e5f-dirty
Subject611,60,0.7536507936507936,0.7833333333333333,0.7833333333333333,recorded,22,2,plus_placement,cnn,552,2289,68d0e5f-dirty
Subject226,30,0.758095238095238,0.8,0.8,new,22,4,none,cnn,1341,0,68d0e5f-dirty
Subject561,60,0.7421019721019722,0.7833333333333333,0.7833333333333333,new,22,4,none,cnn,1341,0,68d0e5f-dirty
Subject731,30,0.6074074074074074,0.6333333333333333,0.6333333333333333,new,22,4,none,cnn,1341,0,68d0e5f-dirty
Subject741,60,0.714093314093314,0.7333333333333333,0.7333333333333333,new,22,4,none,cnn,1341,0,68d0e5f-dirty
Subject819,60,0.663625730994152,0.7166666666666667,0.7166666666666667,new,22,4,none,cnn,1341,0,68d0e5f-dirty
Subject867,60,0.7614814814814814,0.7833333333333333,0.7833333333333333,new,22,4,none,cnn,1341,0,68d0e5f-dirty
Subject516,30,0.9333333333333332,0.9333333333333333,0.9333333333333333,recorded,22,4,none,cnn,1341,0,68d0e5f-dirty
Subject611,60,0.8217989417989419,0.85,0.85,recorded,22,4,none,cnn,1341,0,68d0e5f-dirty
Subject877,60,0.9312169312169313,0.9333333333333333,0.9333333333333333,recorded,22,4,none,cnn,1341,0,68d0e5f-dirty
Subject969,30,0.8888888888888888,0.9,0.9,recorded,22,4,none,cnn,1341,0,68d0e5f-dirty
Subject226,30,0.7822222222222222,0.8333333333333334,0.8333333333333334,new,22,4,tempo_intensity,cnn,1341,5509,68d0e5f-dirty
Subject561,60,0.6505435305435304,0.7166666666666667,0.7166666666666667,new,22,4,tempo_intensity,cnn,1341,5509,68d0e5f-dirty
Subject731,30,0.5377777777777778,0.6,0.6,new,22,4,tempo_intensity,cnn,1341,5509,68d0e5f-dirty
Subject741,60,0.6271428571428572,0.65,0.65,new,22,4,tempo_intensity,cnn,1341,5509,68d0e5f-dirty
Subject819,60,0.5392459392459392,0.6166666666666667,0.6166666666666667,new,22,4,tempo_intensity,cnn,1341,5509,68d0e5f-dirty
Subject867,60,0.705966625966626,0.75,0.75,new,22,4,tempo_intensity,cnn,1341,5509,68d0e5f-dirty
Subject516,30,0.8074074074074074,0.8333333333333334,0.8333333333333334,recorded,22,4,tempo_intensity,cnn,1341,5509,68d0e5f-dirty
Subject611,60,0.6732467532467532,0.7166666666666667,0.7166666666666667,recorded,22,4,tempo_intensity,cnn,1341,5509,68d0e5f-dirty
Subject877,60,0.9001443001443,0.9,0.9,recorded,22,4,tempo_intensity,cnn,1341,5509,68d0e5f-dirty
Subject969,30,0.8200000000000001,0.8333333333333334,0.8333333333333334,recorded,22,4,tempo_intensity,cnn,1341,5509,68d0e5f-dirty
Subject226,30,0.7533333333333334,0.8,0.8,new,22,4,plus_placement,cnn,1341,5427,68d0e5f-dirty
Subject561,60,0.7754171754171754,0.8166666666666667,0.8166666666666667,new,22,4,plus_placement,cnn,1341,5427,68d0e5f-dirty
Subject731,30,0.558095238095238,0.6,0.6,new,22,4,plus_placement,cnn,1341,5427,68d0e5f-dirty
Subject741,60,0.711957671957672,0.75,0.75,new,22,4,plus_placement,cnn,1341,5427,68d0e5f-dirty
Subject819,60,0.7106878306878307,0.7666666666666667,0.7666666666666667,new,22,4,plus_placement,cnn,1341,5427,68d0e5f-dirty
Subject867,60,0.6029629629629629,0.6666666666666666,0.6666666666666666,new,22,4,plus_placement,cnn,1341,5427,68d0e5f-dirty
Subject516,30,1.0,1.0,1.0,recorded,22,4,plus_placement,cnn,1341,5427,68d0e5f-dirty
Subject611,60,0.7475132275132275,0.7833333333333333,0.7833333333333333,recorded,22,4,plus_placement,cnn,1341,5427,68d0e5f-dirty
Subject877,60,0.9644444444444444,0.9666666666666667,0.9666666666666667,recorded,22,4,plus_placement,cnn,1341,5427,68d0e5f-dirty
Subject969,30,0.8603174603174604,0.8666666666666667,0.8666666666666667,recorded,22,4,plus_placement,cnn,1341,5427,68d0e5f-dirty
Subject226,30,0.8400000000000001,0.8666666666666667,0.8666666666666667,new,22,8,none,cnn,2610,0,68d0e5f-dirty
Subject561,60,0.6603174603174603,0.7166666666666667,0.7166666666666667,new,22,8,none,cnn,2610,0,68d0e5f-dirty
Subject731,30,0.7066666666666667,0.7666666666666667,0.7666666666666667,new,22,8,none,cnn,2610,0,68d0e5f-dirty
Subject741,60,0.7650997150997151,0.7833333333333333,0.7833333333333333,new,22,8,none,cnn,2610,0,68d0e5f-dirty
Subject819,60,0.7589417989417989,0.8,0.8,new,22,8,none,cnn,2610,0,68d0e5f-dirty
Subject867,60,0.7771428571428572,0.8,0.8,new,22,8,none,cnn,2610,0,68d0e5f-dirty
Subject352,30,0.7866666666666667,0.8,0.8,recorded,22,8,none,cnn,2610,0,68d0e5f-dirty
Subject353,60,0.8356613756613758,0.8333333333333334,0.8333333333333334,recorded,22,8,none,cnn,2610,0,68d0e5f-dirty
Subject354,60,0.9830687830687831,0.9833333333333333,0.9833333333333333,recorded,22,8,none,cnn,2610,0,68d0e5f-dirty
Subject424,60,0.8825396825396825,0.9,0.9,recorded,22,8,none,cnn,2610,0,68d0e5f-dirty
Subject516,30,0.9111111111111111,0.9333333333333333,0.9333333333333333,recorded,22,8,none,cnn,2610,0,68d0e5f-dirty
Subject611,60,0.9111111111111111,0.9333333333333333,0.9333333333333333,recorded,22,8,none,cnn,2610,0,68d0e5f-dirty
Subject877,60,0.9830687830687831,0.9833333333333333,0.9833333333333333,recorded,22,8,none,cnn,2610,0,68d0e5f-dirty
Subject969,30,0.7718518518518518,0.8,0.8,recorded,22,8,none,cnn,2610,0,68d0e5f-dirty
Subject226,30,0.9288888888888889,0.9333333333333333,0.9333333333333333,new,22,8,tempo_intensity,cnn,2610,10556,68d0e5f-dirty
Subject561,60,0.8004425204425203,0.8333333333333334,0.8333333333333334,new,22,8,tempo_intensity,cnn,2610,10556,68d0e5f-dirty
Subject731,30,0.7580952380952382,0.8,0.8,new,22,8,tempo_intensity,cnn,2610,10556,68d0e5f-dirty
Subject741,60,0.7185906685906684,0.75,0.75,new,22,8,tempo_intensity,cnn,2610,10556,68d0e5f-dirty
Subject819,60,0.7349206349206349,0.7833333333333333,0.7833333333333333,new,22,8,tempo_intensity,cnn,2610,10556,68d0e5f-dirty
Subject867,60,0.7484848484848484,0.7833333333333333,0.7833333333333333,new,22,8,tempo_intensity,cnn,2610,10556,68d0e5f-dirty
Subject352,30,0.8533333333333333,0.8666666666666667,0.8666666666666667,recorded,22,8,tempo_intensity,cnn,2610,10556,68d0e5f-dirty
Subject353,60,0.8626455026455027,0.8666666666666667,0.8666666666666667,recorded,22,8,tempo_intensity,cnn,2610,10556,68d0e5f-dirty
Subject354,60,0.9830687830687831,0.9833333333333333,0.9833333333333333,recorded,22,8,tempo_intensity,cnn,2610,10556,68d0e5f-dirty
Subject424,60,0.8825396825396825,0.9,0.9,recorded,22,8,tempo_intensity,cnn,2610,10556,68d0e5f-dirty
Subject516,30,0.9111111111111111,0.9333333333333333,0.9333333333333333,recorded,22,8,tempo_intensity,cnn,2610,10556,68d0e5f-dirty
Subject611,60,0.7837037037037038,0.8166666666666667,0.8166666666666667,recorded,22,8,tempo_intensity,cnn,2610,10556,68d0e5f-dirty
Subject877,60,0.9830687830687831,0.9833333333333333,0.9833333333333333,recorded,22,8,tempo_intensity,cnn,2610,10556,68d0e5f-dirty
Subject969,30,0.8074074074074074,0.8333333333333334,0.8333333333333334,recorded,22,8,tempo_intensity,cnn,2610,10556,68d0e5f-dirty
Subject226,30,0.8622222222222221,0.8666666666666667,0.8666666666666667,new,22,8,plus_placement,cnn,2610,10527,68d0e5f-dirty
Subject561,60,0.7947474747474748,0.8333333333333334,0.8333333333333334,new,22,8,plus_placement,cnn,2610,10527,68d0e5f-dirty
Subject731,30,0.7580952380952382,0.8,0.8,new,22,8,plus_placement,cnn,2610,10527,68d0e5f-dirty
Subject741,60,0.7428774928774928,0.7833333333333333,0.7833333333333333,new,22,8,plus_placement,cnn,2610,10527,68d0e5f-dirty
Subject819,60,0.7589417989417989,0.8,0.8,new,22,8,plus_placement,cnn,2610,10527,68d0e5f-dirty
Subject867,60,0.7276190476190477,0.75,0.75,new,22,8,plus_placement,cnn,2610,10527,68d0e5f-dirty
Subject352,30,0.7866666666666667,0.8,0.8,recorded,22,8,plus_placement,cnn,2610,10527,68d0e5f-dirty
Subject353,60,0.8483068783068783,0.85,0.85,recorded,22,8,plus_placement,cnn,2610,10527,68d0e5f-dirty
Subject354,60,0.9676190476190477,0.9666666666666667,0.9666666666666667,recorded,22,8,plus_placement,cnn,2610,10527,68d0e5f-dirty
Subject424,60,0.8333333333333334,0.8666666666666667,0.8666666666666667,recorded,22,8,plus_placement,cnn,2610,10527,68d0e5f-dirty
Subject516,30,0.9111111111111111,0.9333333333333333,0.9333333333333333,recorded,22,8,plus_placement,cnn,2610,10527,68d0e5f-dirty
Subject611,60,0.8533333333333333,0.8666666666666667,0.8666666666666667,recorded,22,8,plus_placement,cnn,2610,10527,68d0e5f-dirty
Subject877,60,0.9418181818181818,0.95,0.95,recorded,22,8,plus_placement,cnn,2610,10527,68d0e5f-dirty
Subject969,30,0.8074074074074074,0.8333333333333334,0.8333333333333334,recorded,22,8,plus_placement,cnn,2610,10527,68d0e5f-dirty
Subject226,30,0.8222222222222223,0.8666666666666667,0.8666666666666667,new,22,17,none,cnn,5255,0,68d0e5f-dirty
Subject561,60,0.8030014430014432,0.8333333333333334,0.8333333333333334,new,22,17,none,cnn,5255,0,68d0e5f-dirty
Subject731,30,0.7892063492063491,0.8333333333333334,0.8333333333333334,new,22,17,none,cnn,5255,0,68d0e5f-dirty
Subject741,60,0.854040404040404,0.8833333333333333,0.8833333333333333,new,22,17,none,cnn,5255,0,68d0e5f-dirty
Subject819,60,0.7381818181818182,0.7833333333333333,0.7833333333333333,new,22,17,none,cnn,5255,0,68d0e5f-dirty
Subject867,60,0.8651851851851852,0.8833333333333333,0.8833333333333333,new,22,17,none,cnn,5255,0,68d0e5f-dirty
Subject139,60,0.924886964886965,0.9333333333333333,0.9333333333333333,recorded,22,17,none,cnn,5255,0,68d0e5f-dirty
Subject147,31,0.9644444444444444,0.9666666666666667,0.967741935483871,recorded,22,17,none,cnn,5255,0,68d0e5f-dirty
Subject352,30,0.8755555555555555,0.9,0.9,recorded,22,17,none,cnn,5255,0,68d0e5f-dirty
Subject353,60,0.83005291005291,0.85,0.85,recorded,22,17,none,cnn,5255,0,68d0e5f-dirty
Subject354,60,0.9830687830687831,0.9833333333333333,0.9833333333333333,recorded,22,17,none,cnn,5255,0,68d0e5f-dirty
Subject376,60,0.8955555555555555,0.9,0.9,recorded,22,17,none,cnn,5255,0,68d0e5f-dirty
Subject424,60,0.9333333333333332,0.9333333333333333,0.9333333333333333,recorded,22,17,none,cnn,5255,0,68d0e5f-dirty
Subject455,60,1.0,1.0,1.0,recorded,22,17,none,cnn,5255,0,68d0e5f-dirty
Subject494,60,0.924886964886965,0.9333333333333333,0.9333333333333333,recorded,22,17,none,cnn,5255,0,68d0e5f-dirty
Subject516,30,0.9311111111111111,0.9333333333333333,0.9333333333333333,recorded,22,17,none,cnn,5255,0,68d0e5f-dirty
Subject571,30,0.9333333333333332,0.9333333333333333,0.9333333333333333,recorded,22,17,none,cnn,5255,0,68d0e5f-dirty
Subject580,90,0.9017909867909868,0.9,0.9,recorded,22,17,none,cnn,5255,0,68d0e5f-dirty
Subject611,60,0.9111111111111111,0.9333333333333333,0.9333333333333333,recorded,22,17,none,cnn,5255,0,68d0e5f-dirty
Subject729,60,1.0,1.0,1.0,recorded,22,17,none,cnn,5255,0,68d0e5f-dirty
Subject877,60,1.0,1.0,1.0,recorded,22,17,none,cnn,5255,0,68d0e5f-dirty
Subject890,30,0.9644444444444444,0.9666666666666667,0.9666666666666667,recorded,22,17,none,cnn,5255,0,68d0e5f-dirty
Subject969,30,0.7444444444444446,0.8,0.8,recorded,22,17,none,cnn,5255,0,68d0e5f-dirty
Subject226,30,0.8711111111111111,0.9,0.9,new,22,17,tempo_intensity,cnn,5255,21318,68d0e5f-dirty
Subject561,60,0.8755555555555555,0.9,0.9,new,22,17,tempo_intensity,cnn,5255,21318,68d0e5f-dirty
Subject731,30,0.9066666666666666,0.9333333333333333,0.9333333333333333,new,22,17,tempo_intensity,cnn,5255,21318,68d0e5f-dirty
Subject741,60,0.8394708994708996,0.8666666666666667,0.8666666666666667,new,22,17,tempo_intensity,cnn,5255,21318,68d0e5f-dirty
Subject819,60,0.8052910052910053,0.85,0.85,new,22,17,tempo_intensity,cnn,5255,21318,68d0e5f-dirty
Subject867,60,0.8677441077441076,0.8833333333333333,0.8833333333333333,new,22,17,tempo_intensity,cnn,5255,21318,68d0e5f-dirty
Subject139,60,0.8941798941798942,0.9166666666666666,0.9166666666666666,recorded,22,17,tempo_intensity,cnn,5255,21318,68d0e5f-dirty
Subject147,31,0.9111111111111111,0.9333333333333333,0.9354838709677419,recorded,22,17,tempo_intensity,cnn,5255,21318,68d0e5f-dirty
Subject352,30,0.8755555555555555,0.9,0.9,recorded,22,17,tempo_intensity,cnn,5255,21318,68d0e5f-dirty
Subject353,60,0.8268783068783069,0.8333333333333334,0.8333333333333334,recorded,22,17,tempo_intensity,cnn,5255,21318,68d0e5f-dirty
Subject354,60,0.9644444444444444,0.9666666666666667,0.9666666666666667,recorded,22,17,tempo_intensity,cnn,5255,21318,68d0e5f-dirty
Subject376,60,0.9325396825396824,0.9333333333333333,0.9333333333333333,recorded,22,17,tempo_intensity,cnn,5255,21318,68d0e5f-dirty
Subject424,60,0.9333333333333332,0.9333333333333333,0.9333333333333333,recorded,22,17,tempo_intensity,cnn,5255,21318,68d0e5f-dirty
Subject455,60,1.0,1.0,1.0,recorded,22,17,tempo_intensity,cnn,5255,21318,68d0e5f-dirty
Subject494,60,0.8721885521885522,0.9,0.9,recorded,22,17,tempo_intensity,cnn,5255,21318,68d0e5f-dirty
Subject516,30,0.9644444444444444,0.9666666666666667,0.9666666666666667,recorded,22,17,tempo_intensity,cnn,5255,21318,68d0e5f-dirty
Subject571,30,0.8977777777777778,0.9,0.9,recorded,22,17,tempo_intensity,cnn,5255,21318,68d0e5f-dirty
Subject580,90,0.9440559440559441,0.9444444444444445,0.9444444444444444,recorded,22,17,tempo_intensity,cnn,5255,21318,68d0e5f-dirty
Subject611,60,0.9830687830687831,0.9833333333333333,0.9833333333333333,recorded,22,17,tempo_intensity,cnn,5255,21318,68d0e5f-dirty
Subject729,60,1.0,1.0,1.0,recorded,22,17,tempo_intensity,cnn,5255,21318,68d0e5f-dirty
Subject877,60,1.0,1.0,1.0,recorded,22,17,tempo_intensity,cnn,5255,21318,68d0e5f-dirty
Subject890,30,1.0,1.0,1.0,recorded,22,17,tempo_intensity,cnn,5255,21318,68d0e5f-dirty
Subject969,30,0.7977777777777777,0.8333333333333334,0.8333333333333334,recorded,22,17,tempo_intensity,cnn,5255,21318,68d0e5f-dirty
Subject226,30,0.84,0.8666666666666667,0.8666666666666667,new,22,17,plus_placement,cnn,5255,21254,68d0e5f-dirty
Subject561,60,0.8586243386243385,0.8833333333333333,0.8833333333333333,new,22,17,plus_placement,cnn,5255,21254,68d0e5f-dirty
Subject731,30,0.7866666666666667,0.8333333333333334,0.8333333333333334,new,22,17,plus_placement,cnn,5255,21254,68d0e5f-dirty
Subject741,60,0.86984126984127,0.8833333333333333,0.8833333333333333,new,22,17,plus_placement,cnn,5255,21254,68d0e5f-dirty
Subject819,60,0.7883597883597884,0.8333333333333334,0.8333333333333334,new,22,17,plus_placement,cnn,5255,21254,68d0e5f-dirty
Subject867,60,0.866031746031746,0.8833333333333333,0.8833333333333333,new,22,17,plus_placement,cnn,5255,21254,68d0e5f-dirty
Subject139,60,1.0,1.0,1.0,recorded,22,17,plus_placement,cnn,5255,21254,68d0e5f-dirty
Subject147,31,0.9111111111111111,0.9333333333333333,0.9354838709677419,recorded,22,17,plus_placement,cnn,5255,21254,68d0e5f-dirty
Subject352,30,0.8755555555555555,0.9,0.9,recorded,22,17,plus_placement,cnn,5255,21254,68d0e5f-dirty
Subject353,60,0.8881144781144781,0.9,0.9,recorded,22,17,plus_placement,cnn,5255,21254,68d0e5f-dirty
Subject354,60,0.9111111111111111,0.9333333333333333,0.9333333333333333,recorded,22,17,plus_placement,cnn,5255,21254,68d0e5f-dirty
Subject376,60,0.8498168498168499,0.8666666666666667,0.8666666666666667,recorded,22,17,plus_placement,cnn,5255,21254,68d0e5f-dirty
Subject424,60,0.8333333333333334,0.8666666666666667,0.8666666666666667,recorded,22,17,plus_placement,cnn,5255,21254,68d0e5f-dirty
Subject455,60,0.9418181818181818,0.95,0.95,recorded,22,17,plus_placement,cnn,5255,21254,68d0e5f-dirty
Subject494,60,0.9077441077441077,0.9333333333333333,0.9333333333333333,recorded,22,17,plus_placement,cnn,5255,21254,68d0e5f-dirty
Subject516,30,0.9111111111111111,0.9333333333333333,0.9333333333333333,recorded,22,17,plus_placement,cnn,5255,21254,68d0e5f-dirty
Subject571,30,0.9333333333333332,0.9333333333333333,0.9333333333333333,recorded,22,17,plus_placement,cnn,5255,21254,68d0e5f-dirty
Subject580,90,0.9308025308025307,0.9333333333333333,0.9333333333333333,recorded,22,17,plus_placement,cnn,5255,21254,68d0e5f-dirty
Subject611,60,0.9320634920634921,0.9333333333333333,0.9333333333333333,recorded,22,17,plus_placement,cnn,5255,21254,68d0e5f-dirty
Subject729,60,1.0,1.0,1.0,recorded,22,17,plus_placement,cnn,5255,21254,68d0e5f-dirty
Subject877,60,0.9418181818181818,0.95,0.95,recorded,22,17,plus_placement,cnn,5255,21254,68d0e5f-dirty
Subject890,30,1.0,1.0,1.0,recorded,22,17,plus_placement,cnn,5255,21254,68d0e5f-dirty
Subject969,30,0.8492063492063492,0.8666666666666667,0.8666666666666667,recorded,22,17,plus_placement,cnn,5255,21254,68d0e5f-dirty
Subject353,60,0.4338095238095238,0.48333333333333334,0.48333333333333334,new,23,2,none,cnn,682,0,68d0e5f-dirty
Subject354,60,0.5364590964590964,0.6166666666666667,0.6166666666666667,new,23,2,none,cnn,682,0,68d0e5f-dirty
Subject424,60,0.702483660130719,0.75,0.75,new,23,2,none,cnn,682,0,68d0e5f-dirty
Subject455,60,0.5211159211159211,0.5833333333333334,0.5833333333333334,new,23,2,none,cnn,682,0,68d0e5f-dirty
Subject494,60,0.5359451659451661,0.5833333333333334,0.5833333333333334,new,23,2,none,cnn,682,0,68d0e5f-dirty
Subject731,30,0.6047619047619047,0.6666666666666666,0.6666666666666666,new,23,2,none,cnn,682,0,68d0e5f-dirty
Subject516,30,0.8422222222222222,0.8666666666666667,0.8666666666666667,recorded,23,2,none,cnn,682,0,68d0e5f-dirty
Subject571,30,0.8177777777777778,0.8333333333333334,0.8333333333333334,recorded,23,2,none,cnn,682,0,68d0e5f-dirty
Subject353,60,0.5258201058201057,0.5833333333333334,0.5833333333333334,new,23,2,tempo_intensity,cnn,682,2766,68d0e5f-dirty
Subject354,60,0.5085714285714286,0.6,0.6,new,23,2,tempo_intensity,cnn,682,2766,68d0e5f-dirty
Subject424,60,0.6544444444444444,0.7,0.7,new,23,2,tempo_intensity,cnn,682,2766,68d0e5f-dirty
Subject455,60,0.5521885521885522,0.6,0.6,new,23,2,tempo_intensity,cnn,682,2766,68d0e5f-dirty
Subject494,60,0.5474747474747476,0.6,0.6,new,23,2,tempo_intensity,cnn,682,2766,68d0e5f-dirty
Subject731,30,0.5888888888888889,0.6333333333333333,0.6333333333333333,new,23,2,tempo_intensity,cnn,682,2766,68d0e5f-dirty
Subject516,30,0.8777777777777778,0.9,0.9,recorded,23,2,tempo_intensity,cnn,682,2766,68d0e5f-dirty
Subject571,30,0.8247619047619047,0.8333333333333334,0.8333333333333334,recorded,23,2,tempo_intensity,cnn,682,2766,68d0e5f-dirty
Subject353,60,0.5333333333333333,0.5833333333333334,0.5833333333333334,new,23,2,plus_placement,cnn,682,2716,68d0e5f-dirty
Subject354,60,0.5173655973655973,0.6,0.6,new,23,2,plus_placement,cnn,682,2716,68d0e5f-dirty
Subject424,60,0.6438095238095239,0.7166666666666667,0.7166666666666667,new,23,2,plus_placement,cnn,682,2716,68d0e5f-dirty
Subject455,60,0.6414814814814815,0.6833333333333333,0.6833333333333333,new,23,2,plus_placement,cnn,682,2716,68d0e5f-dirty
Subject494,60,0.5225589225589226,0.6,0.6,new,23,2,plus_placement,cnn,682,2716,68d0e5f-dirty
Subject731,30,0.5555555555555556,0.6333333333333333,0.6333333333333333,new,23,2,plus_placement,cnn,682,2716,68d0e5f-dirty
Subject516,30,0.9644444444444444,0.9666666666666667,0.9666666666666667,recorded,23,2,plus_placement,cnn,682,2716,68d0e5f-dirty
Subject571,30,0.7866666666666666,0.8333333333333334,0.8333333333333334,recorded,23,2,plus_placement,cnn,682,2716,68d0e5f-dirty
Subject353,60,0.4572775372775373,0.5,0.5,new,23,4,none,cnn,1249,0,68d0e5f-dirty
Subject354,60,0.7045695045695047,0.75,0.75,new,23,4,none,cnn,1249,0,68d0e5f-dirty
Subject424,60,0.6844444444444444,0.75,0.75,new,23,4,none,cnn,1249,0,68d0e5f-dirty
Subject455,60,0.5791812865497076,0.6166666666666667,0.6166666666666667,new,23,4,none,cnn,1249,0,68d0e5f-dirty
Subject494,60,0.5583261183261183,0.6166666666666667,0.6166666666666667,new,23,4,none,cnn,1249,0,68d0e5f-dirty
Subject731,30,0.6914285714285715,0.7333333333333333,0.7333333333333333,new,23,4,none,cnn,1249,0,68d0e5f-dirty
Subject226,30,0.7888888888888889,0.8333333333333334,0.8333333333333334,recorded,23,4,none,cnn,1249,0,68d0e5f-dirty
Subject516,30,1.0,1.0,1.0,recorded,23,4,none,cnn,1249,0,68d0e5f-dirty
Subject571,30,0.8825396825396825,0.9,0.9,recorded,23,4,none,cnn,1249,0,68d0e5f-dirty
Subject867,60,0.8308128908128908,0.85,0.85,recorded,23,4,none,cnn,1249,0,68d0e5f-dirty
Subject353,60,0.5505050505050505,0.5666666666666667,0.5666666666666667,new,23,4,tempo_intensity,cnn,1249,5141,68d0e5f-dirty
Subject354,60,0.6676923076923077,0.7166666666666667,0.7166666666666667,new,23,4,tempo_intensity,cnn,1249,5141,68d0e5f-dirty
Subject424,60,0.6844444444444444,0.75,0.75,new,23,4,tempo_intensity,cnn,1249,5141,68d0e5f-dirty
Subject455,60,0.5656432456432458,0.6333333333333333,0.6333333333333333,new,23,4,tempo_intensity,cnn,1249,5141,68d0e5f-dirty
Subject494,60,0.5441462241462242,0.6166666666666667,0.6166666666666667,new,23,4,tempo_intensity,cnn,1249,5141,68d0e5f-dirty
Subject731,30,0.7222222222222222,0.7666666666666667,0.7666666666666667,new,23,4,tempo_intensity,cnn,1249,5141,68d0e5f-dirty
Subject226,30,0.8177777777777777,0.8666666666666667,0.8666666666666667,recorded,23,4,tempo_intensity,cnn,1249,5141,68d0e5f-dirty
Subject516,30,1.0,1.0,1.0,recorded,23,4,tempo_intensity,cnn,1249,5141,68d0e5f-dirty
Subject571,30,0.8666666666666667,0.8666666666666667,0.8666666666666667,recorded,23,4,tempo_intensity,cnn,1249,5141,68d0e5f-dirty
Subject867,60,0.8321885521885523,0.85,0.85,recorded,23,4,tempo_intensity,cnn,1249,5141,68d0e5f-dirty
Subject353,60,0.5417219817219816,0.5833333333333334,0.5833333333333334,new,23,4,plus_placement,cnn,1249,5046,68d0e5f-dirty
Subject354,60,0.8032996632996633,0.8333333333333334,0.8333333333333334,new,23,4,plus_placement,cnn,1249,5046,68d0e5f-dirty
Subject424,60,0.7136507936507936,0.7666666666666667,0.7666666666666667,new,23,4,plus_placement,cnn,1249,5046,68d0e5f-dirty
Subject455,60,0.667051467051467,0.7,0.7,new,23,4,plus_placement,cnn,1249,5046,68d0e5f-dirty
Subject494,60,0.6144722918407128,0.6666666666666666,0.6666666666666666,new,23,4,plus_placement,cnn,1249,5046,68d0e5f-dirty
Subject731,30,0.6333333333333333,0.7,0.7,new,23,4,plus_placement,cnn,1249,5046,68d0e5f-dirty
Subject226,30,0.7888888888888889,0.8333333333333334,0.8333333333333334,recorded,23,4,plus_placement,cnn,1249,5046,68d0e5f-dirty
Subject516,30,1.0,1.0,1.0,recorded,23,4,plus_placement,cnn,1249,5046,68d0e5f-dirty
Subject571,30,0.846984126984127,0.8666666666666667,0.8666666666666667,recorded,23,4,plus_placement,cnn,1249,5046,68d0e5f-dirty
Subject867,60,0.7495622895622897,0.7833333333333333,0.7833333333333333,recorded,23,4,plus_placement,cnn,1249,5046,68d0e5f-dirty
Subject353,60,0.8031746031746032,0.8166666666666667,0.8166666666666667,new,23,8,none,cnn,2528,0,68d0e5f-dirty
Subject354,60,0.8434054834054834,0.8666666666666667,0.8666666666666667,new,23,8,none,cnn,2528,0,68d0e5f-dirty
Subject424,60,0.7603907203907204,0.8,0.8,new,23,8,none,cnn,2528,0,68d0e5f-dirty
Subject455,60,0.7855699855699855,0.8166666666666667,0.8166666666666667,new,23,8,none,cnn,2528,0,68d0e5f-dirty
Subject494,60,0.7411843711843712,0.7666666666666667,0.7666666666666667,new,23,8,none,cnn,2528,0,68d0e5f-dirty
Subject731,30,0.8,0.8333333333333334,0.8333333333333334,new,23,8,none,cnn,2528,0,68d0e5f-dirty
Subject226,30,0.8711111111111111,0.9,0.9,recorded,23,8,none,cnn,2528,0,68d0e5f-dirty
Subject376,60,0.8441025641025642,0.85,0.85,recorded,23,8,none,cnn,2528,0,68d0e5f-dirty
Subject516,30,1.0,1.0,1.0,recorded,23,8,none,cnn,2528,0,68d0e5f-dirty
Subject561,60,0.8729292929292929,0.8833333333333333,0.8833333333333333,recorded,23,8,none,cnn,2528,0,68d0e5f-dirty
Subject571,30,0.8222222222222222,0.8666666666666667,0.8666666666666667,recorded,23,8,none,cnn,2528,0,68d0e5f-dirty
Subject729,60,0.8289947089947091,0.85,0.85,recorded,23,8,none,cnn,2528,0,68d0e5f-dirty
Subject867,60,0.9141798941798941,0.9166666666666666,0.9166666666666666,recorded,23,8,none,cnn,2528,0,68d0e5f-dirty
Subject877,60,0.9259259259259259,0.9333333333333333,0.9333333333333333,recorded,23,8,none,cnn,2528,0,68d0e5f-dirty
Subject353,60,0.8313227513227512,0.8333333333333334,0.8333333333333334,new,23,8,tempo_intensity,cnn,2528,10235,68d0e5f-dirty
Subject354,60,0.8410774410774411,0.8666666666666667,0.8666666666666667,new,23,8,tempo_intensity,cnn,2528,10235,68d0e5f-dirty
Subject424,60,0.6933333333333334,0.75,0.75,new,23,8,tempo_intensity,cnn,2528,10235,68d0e5f-dirty
Subject455,60,0.7857671957671959,0.8,0.8,new,23,8,tempo_intensity,cnn,2528,10235,68d0e5f-dirty
Subject494,60,0.6876688453159042,0.7166666666666667,0.7166666666666667,new,23,8,tempo_intensity,cnn,2528,10235,68d0e5f-dirty
Subject731,30,0.7136507936507938,0.7333333333333333,0.7333333333333333,new,23,8,tempo_intensity,cnn,2528,10235,68d0e5f-dirty
Subject226,30,0.9066666666666667,0.9333333333333333,0.9333333333333333,recorded,23,8,tempo_intensity,cnn,2528,10235,68d0e5f-dirty
Subject376,60,0.8452910052910052,0.8666666666666667,0.8666666666666667,recorded,23,8,tempo_intensity,cnn,2528,10235,68d0e5f-dirty
Subject516,30,1.0,1.0,1.0,recorded,23,8,tempo_intensity,cnn,2528,10235,68d0e5f-dirty
Subject561,60,0.9062626262626262,0.9166666666666666,0.9166666666666666,recorded,23,8,tempo_intensity,cnn,2528,10235,68d0e5f-dirty
Subject571,30,0.8755555555555555,0.9,0.9,recorded,23,8,tempo_intensity,cnn,2528,10235,68d0e5f-dirty
Subject729,60,0.9130158730158731,0.9166666666666666,0.9166666666666666,recorded,23,8,tempo_intensity,cnn,2528,10235,68d0e5f-dirty
Subject867,60,0.7865319865319866,0.8,0.8,recorded,23,8,tempo_intensity,cnn,2528,10235,68d0e5f-dirty
Subject877,60,0.9664021164021165,0.9666666666666667,0.9666666666666667,recorded,23,8,tempo_intensity,cnn,2528,10235,68d0e5f-dirty
Subject353,60,0.8071957671957671,0.8166666666666667,0.8166666666666667,new,23,8,plus_placement,cnn,2528,10251,68d0e5f-dirty
Subject354,60,0.808080808080808,0.8333333333333334,0.8333333333333334,new,23,8,plus_placement,cnn,2528,10251,68d0e5f-dirty
Subject424,60,0.7356288156288157,0.7833333333333333,0.7833333333333333,new,23,8,plus_placement,cnn,2528,10251,68d0e5f-dirty
Subject455,60,0.775998075998076,0.8166666666666667,0.8166666666666667,new,23,8,plus_placement,cnn,2528,10251,68d0e5f-dirty
Subject494,60,0.6148426622110833,0.6666666666666666,0.6666666666666666,new,23,8,plus_placement,cnn,2528,10251,68d0e5f-dirty
Subject731,30,0.8533333333333333,0.8666666666666667,0.8666666666666667,new,23,8,plus_placement,cnn,2528,10251,68d0e5f-dirty
Subject226,30,0.8711111111111112,0.9,0.9,recorded,23,8,plus_placement,cnn,2528,10251,68d0e5f-dirty
Subject376,60,0.8433862433862435,0.8666666666666667,0.8666666666666667,recorded,23,8,plus_placement,cnn,2528,10251,68d0e5f-dirty
Subject516,30,1.0,1.0,1.0,recorded,23,8,plus_placement,cnn,2528,10251,68d0e5f-dirty
Subject561,60,0.9475132275132275,0.95,0.95,recorded,23,8,plus_placement,cnn,2528,10251,68d0e5f-dirty
Subject571,30,0.9644444444444444,0.9666666666666667,0.9666666666666667,recorded,23,8,plus_placement,cnn,2528,10251,68d0e5f-dirty
Subject729,60,0.9830687830687831,0.9833333333333333,0.9833333333333333,recorded,23,8,plus_placement,cnn,2528,10251,68d0e5f-dirty
Subject867,60,0.8918181818181818,0.9,0.9,recorded,23,8,plus_placement,cnn,2528,10251,68d0e5f-dirty
Subject877,60,0.9830687830687831,0.9833333333333333,0.9833333333333333,recorded,23,8,plus_placement,cnn,2528,10251,68d0e5f-dirty
Subject353,60,0.8385185185185186,0.85,0.85,new,23,17,none,cnn,5431,0,68d0e5f-dirty
Subject354,60,0.9830687830687831,0.9833333333333333,0.9833333333333333,new,23,17,none,cnn,5431,0,68d0e5f-dirty
Subject424,60,0.7767195767195768,0.8166666666666667,0.8166666666666667,new,23,17,none,cnn,5431,0,68d0e5f-dirty
Subject455,60,0.9644444444444444,0.9666666666666667,0.9666666666666667,new,23,17,none,cnn,5431,0,68d0e5f-dirty
Subject494,60,0.8043589743589744,0.8333333333333334,0.8333333333333334,new,23,17,none,cnn,5431,0,68d0e5f-dirty
Subject731,30,0.9644444444444444,0.9666666666666667,0.9666666666666667,new,23,17,none,cnn,5431,0,68d0e5f-dirty
Subject139,60,0.9331409331409332,0.9333333333333333,0.9333333333333333,recorded,23,17,none,cnn,5431,0,68d0e5f-dirty
Subject147,31,0.9644444444444444,0.9666666666666667,0.967741935483871,recorded,23,17,none,cnn,5431,0,68d0e5f-dirty
Subject226,30,0.8177777777777778,0.8666666666666667,0.8666666666666667,recorded,23,17,none,cnn,5431,0,68d0e5f-dirty
Subject352,30,0.8222222222222222,0.8666666666666667,0.8666666666666667,recorded,23,17,none,cnn,5431,0,68d0e5f-dirty
Subject376,60,0.8622222222222222,0.8833333333333333,0.8833333333333333,recorded,23,17,none,cnn,5431,0,68d0e5f-dirty
Subject516,30,1.0,1.0,1.0,recorded,23,17,none,cnn,5431,0,68d0e5f-dirty
Subject561,60,1.0,1.0,1.0,recorded,23,17,none,cnn,5431,0,68d0e5f-dirty
Subject571,30,0.9644444444444444,0.9666666666666667,0.9666666666666667,recorded,23,17,none,cnn,5431,0,68d0e5f-dirty
Subject580,90,0.9388111888111889,0.9444444444444445,0.9444444444444444,recorded,23,17,none,cnn,5431,0,68d0e5f-dirty
Subject611,60,0.9308465608465608,0.9333333333333333,0.9333333333333333,recorded,23,17,none,cnn,5431,0,68d0e5f-dirty
Subject729,60,0.9830687830687831,0.9833333333333333,0.9833333333333333,recorded,23,17,none,cnn,5431,0,68d0e5f-dirty
Subject741,60,0.9492063492063492,0.95,0.95,recorded,23,17,none,cnn,5431,0,68d0e5f-dirty
Subject819,60,0.8630687830687831,0.8833333333333333,0.8833333333333333,recorded,23,17,none,cnn,5431,0,68d0e5f-dirty
Subject867,60,0.9259259259259258,0.9333333333333333,0.9333333333333333,recorded,23,17,none,cnn,5431,0,68d0e5f-dirty
Subject877,60,1.0,1.0,1.0,recorded,23,17,none,cnn,5431,0,68d0e5f-dirty
Subject890,30,0.9644444444444444,0.9666666666666667,0.9666666666666667,recorded,23,17,none,cnn,5431,0,68d0e5f-dirty
Subject969,30,0.7599999999999999,0.8,0.8,recorded,23,17,none,cnn,5431,0,68d0e5f-dirty
Subject353,60,0.857989417989418,0.8666666666666667,0.8666666666666667,new,23,17,tempo_intensity,cnn,5431,22025,68d0e5f-dirty
Subject354,60,0.9830687830687831,0.9833333333333333,0.9833333333333333,new,23,17,tempo_intensity,cnn,5431,22025,68d0e5f-dirty
Subject424,60,0.8825396825396825,0.9,0.9,new,23,17,tempo_intensity,cnn,5431,22025,68d0e5f-dirty
Subject455,60,0.8941798941798941,0.9166666666666666,0.9166666666666666,new,23,17,tempo_intensity,cnn,5431,22025,68d0e5f-dirty
Subject494,60,0.8276923076923077,0.85,0.85,new,23,17,tempo_intensity,cnn,5431,22025,68d0e5f-dirty
Subject731,30,0.8400000000000001,0.8666666666666667,0.8666666666666667,new,23,17,tempo_intensity,cnn,5431,22025,68d0e5f-dirty
Subject139,60,0.8751515151515151,0.8833333333333333,0.8833333333333333,recorded,23,17,tempo_intensity,cnn,5431,22025,68d0e5f-dirty
Subject147,31,0.9644444444444444,0.9666666666666667,0.967741935483871,recorded,23,17,tempo_intensity,cnn,5431,22025,68d0e5f-dirty
Subject226,30,0.8711111111111111,0.9,0.9,recorded,23,17,tempo_intensity,cnn,5431,22025,68d0e5f-dirty
Subject352,30,0.8755555555555555,0.9,0.9,recorded,23,17,tempo_intensity,cnn,5431,22025,68d0e5f-dirty
Subject376,60,0.88,0.9,0.9,recorded,23,17,tempo_intensity,cnn,5431,22025,68d0e5f-dirty
Subject516,30,0.9111111111111111,0.9333333333333333,0.9333333333333333,recorded,23,17,tempo_intensity,cnn,5431,22025,68d0e5f-dirty
Subject561,60,0.9418181818181818,0.95,0.95,recorded,23,17,tempo_intensity,cnn,5431,22025,68d0e5f-dirty
Subject571,30,0.9333333333333332,0.9333333333333333,0.9333333333333333,recorded,23,17,tempo_intensity,cnn,5431,22025,68d0e5f-dirty
Subject580,90,0.9430969030969031,0.9444444444444445,0.9444444444444444,recorded,23,17,tempo_intensity,cnn,5431,22025,68d0e5f-dirty
Subject611,60,0.9494708994708995,0.95,0.95,recorded,23,17,tempo_intensity,cnn,5431,22025,68d0e5f-dirty
Subject729,60,0.9492063492063493,0.95,0.95,recorded,23,17,tempo_intensity,cnn,5431,22025,68d0e5f-dirty
Subject741,60,0.8986772486772487,0.9,0.9,recorded,23,17,tempo_intensity,cnn,5431,22025,68d0e5f-dirty
Subject819,60,0.8664021164021165,0.8833333333333333,0.8833333333333333,recorded,23,17,tempo_intensity,cnn,5431,22025,68d0e5f-dirty
Subject867,60,0.924886964886965,0.9333333333333333,0.9333333333333333,recorded,23,17,tempo_intensity,cnn,5431,22025,68d0e5f-dirty
Subject877,60,1.0,1.0,1.0,recorded,23,17,tempo_intensity,cnn,5431,22025,68d0e5f-dirty
Subject890,30,0.9288888888888889,0.9333333333333333,0.9333333333333333,recorded,23,17,tempo_intensity,cnn,5431,22025,68d0e5f-dirty
Subject969,30,0.8333333333333334,0.8666666666666667,0.8666666666666667,recorded,23,17,tempo_intensity,cnn,5431,22025,68d0e5f-dirty
Subject353,60,0.7364935064935065,0.75,0.75,new,23,17,plus_placement,cnn,5431,22059,68d0e5f-dirty
Subject354,60,0.9062626262626261,0.9166666666666666,0.9166666666666666,new,23,17,plus_placement,cnn,5431,22059,68d0e5f-dirty
Subject424,60,0.8317327117327118,0.85,0.85,new,23,17,plus_placement,cnn,5431,22059,68d0e5f-dirty
Subject455,60,0.9316402116402116,0.9333333333333333,0.9333333333333333,new,23,17,plus_placement,cnn,5431,22059,68d0e5f-dirty
Subject494,60,0.803001443001443,0.8333333333333334,0.8333333333333334,new,23,17,plus_placement,cnn,5431,22059,68d0e5f-dirty
Subject731,30,0.8400000000000001,0.8666666666666667,0.8666666666666667,new,23,17,plus_placement,cnn,5431,22059,68d0e5f-dirty
Subject139,60,0.9145165945165945,0.9166666666666666,0.9166666666666666,recorded,23,17,plus_placement,cnn,5431,22059,68d0e5f-dirty
Subject147,31,1.0,1.0,1.0,recorded,23,17,plus_placement,cnn,5431,22059,68d0e5f-dirty
Subject226,30,0.9288888888888889,0.9333333333333333,0.9333333333333333,recorded,23,17,plus_placement,cnn,5431,22059,68d0e5f-dirty
Subject352,30,0.8755555555555555,0.9,0.9,recorded,23,17,plus_placement,cnn,5431,22059,68d0e5f-dirty
Subject376,60,0.8981684981684982,0.9166666666666666,0.9166666666666666,recorded,23,17,plus_placement,cnn,5431,22059,68d0e5f-dirty
Subject516,30,0.9111111111111111,0.9333333333333333,0.9333333333333333,recorded,23,17,plus_placement,cnn,5431,22059,68d0e5f-dirty
Subject561,60,0.9830687830687831,0.9833333333333333,0.9833333333333333,recorded,23,17,plus_placement,cnn,5431,22059,68d0e5f-dirty
Subject571,30,0.8825396825396825,0.9,0.9,recorded,23,17,plus_placement,cnn,5431,22059,68d0e5f-dirty
Subject580,90,0.8983061383061381,0.9,0.9,recorded,23,17,plus_placement,cnn,5431,22059,68d0e5f-dirty
Subject611,60,0.9830687830687831,0.9833333333333333,0.9833333333333333,recorded,23,17,plus_placement,cnn,5431,22059,68d0e5f-dirty
Subject729,60,0.9142857142857144,0.9166666666666666,0.9166666666666666,recorded,23,17,plus_placement,cnn,5431,22059,68d0e5f-dirty
Subject741,60,0.9661375661375662,0.9666666666666667,0.9666666666666667,recorded,23,17,plus_placement,cnn,5431,22059,68d0e5f-dirty
Subject819,60,0.8825396825396825,0.9,0.9,recorded,23,17,plus_placement,cnn,5431,22059,68d0e5f-dirty
Subject867,60,0.9830687830687831,0.9833333333333333,0.9833333333333333,recorded,23,17,plus_placement,cnn,5431,22059,68d0e5f-dirty
Subject877,60,1.0,1.0,1.0,recorded,23,17,plus_placement,cnn,5431,22059,68d0e5f-dirty
Subject890,30,0.9111111111111111,0.9333333333333333,0.9333333333333333,recorded,23,17,plus_placement,cnn,5431,22059,68d0e5f-dirty
Subject969,30,0.7622222222222221,0.8,0.8,recorded,23,17,plus_placement,cnn,5431,22059,68d0e5f-dirty
Subject139,60,0.6841665741665742,0.7166666666666667,0.7166666666666667,new,24,2,none,cnn,609,0,68d0e5f-dirty
Subject352,30,0.6666666666666666,0.7333333333333333,0.7333333333333333,new,24,2,none,cnn,609,0,68d0e5f-dirty
Subject353,60,0.3341798941798942,0.3333333333333333,0.3333333333333333,new,24,2,none,cnn,609,0,68d0e5f-dirty
Subject611,60,0.626031746031746,0.6666666666666666,0.6666666666666666,new,24,2,none,cnn,609,0,68d0e5f-dirty
Subject877,60,0.5936507936507938,0.6333333333333333,0.6333333333333333,new,24,2,none,cnn,609,0,68d0e5f-dirty
Subject890,30,0.5311111111111111,0.6,0.6,new,24,2,none,cnn,609,0,68d0e5f-dirty
Subject516,30,0.8755555555555555,0.9,0.9,recorded,24,2,none,cnn,609,0,68d0e5f-dirty
Subject819,60,0.8287505087505089,0.85,0.85,recorded,24,2,none,cnn,609,0,68d0e5f-dirty
Subject139,60,0.7074074074074074,0.7333333333333333,0.7333333333333333,new,24,2,tempo_intensity,cnn,609,2447,68d0e5f-dirty
Subject352,30,0.6400000000000001,0.7,0.7,new,24,2,tempo_intensity,cnn,609,2447,68d0e5f-dirty
Subject353,60,0.247003367003367,0.2833333333333333,0.2833333333333333,new,24,2,tempo_intensity,cnn,609,2447,68d0e5f-dirty
Subject611,60,0.6474603174603175,0.6833333333333333,0.6833333333333333,new,24,2,tempo_intensity,cnn,609,2447,68d0e5f-dirty
Subject877,60,0.5258682058682058,0.5833333333333334,0.5833333333333334,new,24,2,tempo_intensity,cnn,609,2447,68d0e5f-dirty
Subject890,30,0.5244444444444445,0.6,0.6,new,24,2,tempo_intensity,cnn,609,2447,68d0e5f-dirty
Subject516,30,0.8533333333333334,0.8666666666666667,0.8666666666666667,recorded,24,2,tempo_intensity,cnn,609,2447,68d0e5f-dirty
Subject819,60,0.767109187109187,0.8,0.8,recorded,24,2,tempo_intensity,cnn,609,2447,68d0e5f-dirty
Subject139,60,0.7352573352573353,0.7666666666666667,0.7666666666666667,new,24,2,plus_placement,cnn,609,2445,68d0e5f-dirty
Subject352,30,0.6755555555555556,0.7333333333333333,0.7333333333333333,new,24,2,plus_placement,cnn,609,2445,68d0e5f-dirty
Subject353,60,0.42156325156325164,0.43333333333333335,0.43333333333333335,new,24,2,plus_placement,cnn,609,2445,68d0e5f-dirty
Subject611,60,0.7041269841269842,0.7333333333333333,0.7333333333333333,new,24,2,plus_placement,cnn,609,2445,68d0e5f-dirty
Subject877,60,0.6939490139490141,0.7333333333333333,0.7333333333333333,new,24,2,plus_placement,cnn,609,2445,68d0e5f-dirty
Subject890,30,0.5555555555555555,0.6333333333333333,0.6333333333333333,new,24,2,plus_placement,cnn,609,2445,68d0e5f-dirty
Subject516,30,0.7777777777777778,0.8,0.8,recorded,24,2,plus_placement,cnn,609,2445,68d0e5f-dirty
Subject819,60,0.7873208273208271,0.8166666666666667,0.8166666666666667,recorded,24,2,plus_placement,cnn,609,2445,68d0e5f-dirty
Subject139,60,0.5888857765328354,0.6166666666666667,0.6166666666666667,new,24,4,none,cnn,1077,0,68d0e5f-dirty
Subject352,30,0.5955555555555555,0.6333333333333333,0.6333333333333333,new,24,4,none,cnn,1077,0,68d0e5f-dirty
Subject353,60,0.5608332408332408,0.6166666666666667,0.6166666666666667,new,24,4,none,cnn,1077,0,68d0e5f-dirty
Subject611,60,0.7171091871091871,0.75,0.75,new,24,4,none,cnn,1077,0,68d0e5f-dirty
Subject877,60,0.8755555555555555,0.9,0.9,new,24,4,none,cnn,1077,0,68d0e5f-dirty
Subject890,30,0.6,0.6666666666666666,0.6666666666666666,new,24,4,none,cnn,1077,0,68d0e5f-dirty
Subject354,60,0.9094372294372294,0.9166666666666666,0.9166666666666666,recorded,24,4,none,cnn,1077,0,68d0e5f-dirty
Subject516,30,0.8622222222222222,0.8666666666666667,0.8666666666666667,recorded,24,4,none,cnn,1077,0,68d0e5f-dirty
Subject741,60,0.8294853294853295,0.8333333333333334,0.8333333333333334,recorded,24,4,none,cnn,1077,0,68d0e5f-dirty
Subject819,60,0.751957671957672,0.7833333333333333,0.7833333333333333,recorded,24,4,none,cnn,1077,0,68d0e5f-dirty
Subject139,60,0.7219576719576719,0.75,0.75,new,24,4,tempo_intensity,cnn,1077,4386,68d0e5f-dirty
Subject352,30,0.6177777777777778,0.6666666666666666,0.6666666666666666,new,24,4,tempo_intensity,cnn,1077,4386,68d0e5f-dirty
Subject353,60,0.5896681096681097,0.65,0.65,new,24,4,tempo_intensity,cnn,1077,4386,68d0e5f-dirty
Subject611,60,0.7119576719576719,0.75,0.75,new,24,4,tempo_intensity,cnn,1077,4386,68d0e5f-dirty
Subject877,60,0.8434054834054834,0.8666666666666667,0.8666666666666667,new,24,4,tempo_intensity,cnn,1077,4386,68d0e5f-dirty
Subject890,30,0.6314285714285715,0.7,0.7,new,24,4,tempo_intensity,cnn,1077,4386,68d0e5f-dirty
Subject354,60,0.9661375661375662,0.9666666666666667,0.9666666666666667,recorded,24,4,tempo_intensity,cnn,1077,4386,68d0e5f-dirty
Subject516,30,0.8422222222222223,0.8666666666666667,0.8666666666666667,recorded,24,4,tempo_intensity,cnn,1077,4386,68d0e5f-dirty
Subject741,60,0.8630687830687831,0.8666666666666667,0.8666666666666667,recorded,24,4,tempo_intensity,cnn,1077,4386,68d0e5f-dirty
Subject819,60,0.7646560846560847,0.8,0.8,recorded,24,4,tempo_intensity,cnn,1077,4386,68d0e5f-dirty
Subject139,60,0.8264935064935065,0.85,0.85,new,24,4,plus_placement,cnn,1077,4418,68d0e5f-dirty
Subject352,30,0.5866666666666667,0.6333333333333333,0.6333333333333333,new,24,4,plus_placement,cnn,1077,4418,68d0e5f-dirty
Subject353,60,0.7134583934583935,0.75,0.75,new,24,4,plus_placement,cnn,1077,4418,68d0e5f-dirty
Subject611,60,0.7255218855218856,0.75,0.75,new,24,4,plus_placement,cnn,1077,4418,68d0e5f-dirty
Subject877,60,0.9661375661375663,0.9666666666666667,0.9666666666666667,new,24,4,plus_placement,cnn,1077,4418,68d0e5f-dirty
Subject890,30,0.5095238095238095,0.6,0.6,new,24,4,plus_placement,cnn,1077,4418,68d0e5f-dirty
Subject354,60,0.962962962962963,0.9666666666666667,0.9666666666666667,recorded,24,4,plus_placement,cnn,1077,4418,68d0e5f-dirty
Subject516,30,0.9333333333333332,0.9333333333333333,0.9333333333333333,recorded,24,4,plus_placement,cnn,1077,4418,68d0e5f-dirty
Subject741,60,0.8315739815739815,0.85,0.85,recorded,24,4,plus_placement,cnn,1077,4418,68d0e5f-dirty
Subject819,60,0.7708128908128908,0.8166666666666667,0.8166666666666667,recorded,24,4,plus_placement,cnn,1077,4418,68d0e5f-dirty
Subject139,60,0.7151515151515151,0.7833333333333333,0.7833333333333333,new,24,8,none,cnn,2481,0,68d0e5f-dirty
Subject352,30,0.7866666666666667,0.8333333333333334,0.8333333333333334,new,24,8,none,cnn,2481,0,68d0e5f-dirty
Subject353,60,0.7200000000000001,0.7333333333333333,0.7333333333333333,new,24,8,none,cnn,2481,0,68d0e5f-dirty
Subject611,60,0.8786243386243385,0.8833333333333333,0.8833333333333333,new,24,8,none,cnn,2481,0,68d0e5f-dirty
Subject877,60,0.962962962962963,0.9666666666666667,0.9666666666666667,new,24,8,none,cnn,2481,0,68d0e5f-dirty
Subject890,30,0.9288888888888889,0.9333333333333333,0.9333333333333333,new,24,8,none,cnn,2481,0,68d0e5f-dirty
Subject354,60,0.962962962962963,0.9666666666666667,0.9666666666666667,recorded,24,8,none,cnn,2481,0,68d0e5f-dirty
Subject516,30,0.9644444444444444,0.9666666666666667,0.9666666666666667,recorded,24,8,none,cnn,2481,0,68d0e5f-dirty
Subject561,60,0.852929292929293,0.8833333333333333,0.8833333333333333,recorded,24,8,none,cnn,2481,0,68d0e5f-dirty
Subject731,30,0.8755555555555555,0.9,0.9,recorded,24,8,none,cnn,2481,0,68d0e5f-dirty
Subject741,60,0.9291005291005291,0.9333333333333333,0.9333333333333333,recorded,24,8,none,cnn,2481,0,68d0e5f-dirty
Subject819,60,0.8048677248677248,0.8333333333333334,0.8333333333333334,recorded,24,8,none,cnn,2481,0,68d0e5f-dirty
Subject867,60,0.9325396825396826,0.9333333333333333,0.9333333333333333,recorded,24,8,none,cnn,2481,0,68d0e5f-dirty
Subject969,30,0.8469841269841271,0.8666666666666667,0.8666666666666667,recorded,24,8,none,cnn,2481,0,68d0e5f-dirty
Subject139,60,0.7659259259259259,0.8166666666666667,0.8166666666666667,new,24,8,tempo_intensity,cnn,2481,10123,68d0e5f-dirty
Subject352,30,0.7555555555555554,0.8,0.8,new,24,8,tempo_intensity,cnn,2481,10123,68d0e5f-dirty
Subject353,60,0.6760942760942761,0.7,0.7,new,24,8,tempo_intensity,cnn,2481,10123,68d0e5f-dirty
Subject611,60,0.8533333333333333,0.8666666666666667,0.8666666666666667,new,24,8,tempo_intensity,cnn,2481,10123,68d0e5f-dirty
Subject877,60,0.9644444444444444,0.9666666666666667,0.9666666666666667,new,24,8,tempo_intensity,cnn,2481,10123,68d0e5f-dirty
Subject890,30,0.7977777777777778,0.8333333333333334,0.8333333333333334,new,24,8,tempo_intensity,cnn,2481,10123,68d0e5f-dirty
Subject354,60,0.9830687830687831,0.9833333333333333,0.9833333333333333,recorded,24,8,tempo_intensity,cnn,2481,10123,68d0e5f-dirty
Subject516,30,0.9288888888888889,0.9333333333333333,0.9333333333333333,recorded,24,8,tempo_intensity,cnn,2481,10123,68d0e5f-dirty
Subject561,60,0.8126984126984127,0.85,0.85,recorded,24,8,tempo_intensity,cnn,2481,10123,68d0e5f-dirty
Subject731,30,0.8158730158730159,0.8333333333333334,0.8333333333333334,recorded,24,8,tempo_intensity,cnn,2481,10123,68d0e5f-dirty
Subject741,60,0.9322751322751323,0.9333333333333333,0.9333333333333333,recorded,24,8,tempo_intensity,cnn,2481,10123,68d0e5f-dirty
Subject819,60,0.7635845635845635,0.8,0.8,recorded,24,8,tempo_intensity,cnn,2481,10123,68d0e5f-dirty
Subject867,60,0.8933333333333333,0.9,0.9,recorded,24,8,tempo_intensity,cnn,2481,10123,68d0e5f-dirty
Subject969,30,0.8469841269841271,0.8666666666666667,0.8666666666666667,recorded,24,8,tempo_intensity,cnn,2481,10123,68d0e5f-dirty
Subject139,60,0.8721885521885522,0.9,0.9,new,24,8,plus_placement,cnn,2481,10186,68d0e5f-dirty
Subject352,30,0.72,0.7666666666666667,0.7666666666666667,new,24,8,plus_placement,cnn,2481,10186,68d0e5f-dirty
Subject353,60,0.6313419913419913,0.65,0.65,new,24,8,plus_placement,cnn,2481,10186,68d0e5f-dirty
Subject611,60,0.8571428571428572,0.8666666666666667,0.8666666666666667,new,24,8,plus_placement,cnn,2481,10186,68d0e5f-dirty
Subject877,60,0.9644444444444444,0.9666666666666667,0.9666666666666667,new,24,8,plus_placement,cnn,2481,10186,68d0e5f-dirty
Subject890,30,0.8955555555555554,0.9,0.9,new,24,8,plus_placement,cnn,2481,10186,68d0e5f-dirty
Subject354,60,0.962962962962963,0.9666666666666667,0.9666666666666667,recorded,24,8,plus_placement,cnn,2481,10186,68d0e5f-dirty
Subject516,30,0.9333333333333332,0.9333333333333333,0.9333333333333333,recorded,24,8,plus_placement,cnn,2481,10186,68d0e5f-dirty
Subject561,60,0.9111111111111111,0.9333333333333333,0.9333333333333333,recorded,24,8,plus_placement,cnn,2481,10186,68d0e5f-dirty
Subject731,30,0.8755555555555555,0.9,0.9,recorded,24,8,plus_placement,cnn,2481,10186,68d0e5f-dirty
Subject741,60,0.8899470899470899,0.9,0.9,recorded,24,8,plus_placement,cnn,2481,10186,68d0e5f-dirty
Subject819,60,0.8059126059126059,0.85,0.85,recorded,24,8,plus_placement,cnn,2481,10186,68d0e5f-dirty
Subject867,60,0.9830687830687831,0.9833333333333333,0.9833333333333333,recorded,24,8,plus_placement,cnn,2481,10186,68d0e5f-dirty
Subject969,30,0.9288888888888889,0.9333333333333333,0.9333333333333333,recorded,24,8,plus_placement,cnn,2481,10186,68d0e5f-dirty
Subject139,60,0.9015873015873016,0.9166666666666666,0.9166666666666666,new,24,17,none,cnn,5023,0,68d0e5f-dirty
Subject352,30,0.7511111111111111,0.8,0.8,new,24,17,none,cnn,5023,0,68d0e5f-dirty
Subject353,60,0.7946705146705146,0.8,0.8,new,24,17,none,cnn,5023,0,68d0e5f-dirty
Subject611,60,0.9830687830687831,0.9833333333333333,0.9833333333333333,new,24,17,none,cnn,5023,0,68d0e5f-dirty
Subject877,60,1.0,1.0,1.0,new,24,17,none,cnn,5023,0,68d0e5f-dirty
Subject890,30,0.9111111111111111,0.9333333333333333,0.9333333333333333,new,24,17,none,cnn,5023,0,68d0e5f-dirty
Subject147,31,1.0,1.0,1.0,recorded,24,17,none,cnn,5023,0,68d0e5f-dirty
Subject226,30,0.846984126984127,0.8666666666666667,0.8666666666666667,recorded,24,17,none,cnn,5023,0,68d0e5f-dirty
Subject354,60,1.0,1.0,1.0,recorded,24,17,none,cnn,5023,0,68d0e5f-dirty
Subject376,60,0.9418181818181818,0.95,0.95,recorded,24,17,none,cnn,5023,0,68d0e5f-dirty
Subject424,60,0.9500721500721502,0.95,0.95,recorded,24,17,none,cnn,5023,0,68d0e5f-dirty
Subject455,60,0.9830687830687831,0.9833333333333333,0.9833333333333333,recorded,24,17,none,cnn,5023,0,68d0e5f-dirty
Subject494,60,0.881077441077441,0.9,0.9,recorded,24,17,none,cnn,5023,0,68d0e5f-dirty
Subject516,30,0.9644444444444444,0.9666666666666667,0.9666666666666667,recorded,24,17,none,cnn,5023,0,68d0e5f-dirty
Subject561,60,0.9644444444444444,0.9666666666666667,0.9666666666666667,recorded,24,17,none,cnn,5023,0,68d0e5f-dirty
Subject571,30,0.9644444444444444,0.9666666666666667,0.9666666666666667,recorded,24,17,none,cnn,5023,0,68d0e5f-dirty
Subject580,90,0.9049039849039849,0.9,0.9,recorded,24,17,none,cnn,5023,0,68d0e5f-dirty
Subject729,60,0.8541798941798943,0.8666666666666667,0.8666666666666667,recorded,24,17,none,cnn,5023,0,68d0e5f-dirty
Subject731,30,0.8603174603174603,0.8666666666666667,0.8666666666666667,recorded,24,17,none,cnn,5023,0,68d0e5f-dirty
Subject741,60,0.9492063492063492,0.95,0.95,recorded,24,17,none,cnn,5023,0,68d0e5f-dirty
Subject819,60,0.8154497354497355,0.8333333333333334,0.8333333333333334,recorded,24,17,none,cnn,5023,0,68d0e5f-dirty
Subject867,60,0.9830687830687831,0.9833333333333333,0.9833333333333333,recorded,24,17,none,cnn,5023,0,68d0e5f-dirty
Subject969,30,0.8469841269841271,0.8666666666666667,0.8666666666666667,recorded,24,17,none,cnn,5023,0,68d0e5f-dirty
Subject139,60,0.9485714285714285,0.95,0.95,new,24,17,tempo_intensity,cnn,5023,20441,68d0e5f-dirty
Subject352,30,0.8755555555555555,0.9,0.9,new,24,17,tempo_intensity,cnn,5023,20441,68d0e5f-dirty
Subject353,60,0.7587301587301588,0.7666666666666667,0.7666666666666667,new,24,17,tempo_intensity,cnn,5023,20441,68d0e5f-dirty
Subject611,60,0.8994708994708993,0.9,0.9,new,24,17,tempo_intensity,cnn,5023,20441,68d0e5f-dirty
Subject877,60,0.9830687830687831,0.9833333333333333,0.9833333333333333,new,24,17,tempo_intensity,cnn,5023,20441,68d0e5f-dirty
Subject890,30,0.8333333333333334,0.8666666666666667,0.8666666666666667,new,24,17,tempo_intensity,cnn,5023,20441,68d0e5f-dirty
Subject147,31,1.0,1.0,1.0,recorded,24,17,tempo_intensity,cnn,5023,20441,68d0e5f-dirty
Subject226,30,0.8711111111111111,0.9,0.9,recorded,24,17,tempo_intensity,cnn,5023,20441,68d0e5f-dirty
Subject354,60,0.9830687830687831,0.9833333333333333,0.9833333333333333,recorded,24,17,tempo_intensity,cnn,5023,20441,68d0e5f-dirty
Subject376,60,0.9515873015873015,0.95,0.95,recorded,24,17,tempo_intensity,cnn,5023,20441,68d0e5f-dirty
Subject424,60,0.9644444444444444,0.9666666666666667,0.9666666666666667,recorded,24,17,tempo_intensity,cnn,5023,20441,68d0e5f-dirty
Subject455,60,0.9830687830687831,0.9833333333333333,0.9833333333333333,recorded,24,17,tempo_intensity,cnn,5023,20441,68d0e5f-dirty
Subject494,60,0.9475132275132275,0.95,0.95,recorded,24,17,tempo_intensity,cnn,5023,20441,68d0e5f-dirty
Subject516,30,0.8825396825396825,0.9,0.9,recorded,24,17,tempo_intensity,cnn,5023,20441,68d0e5f-dirty
Subject561,60,0.9830687830687831,0.9833333333333333,0.9833333333333333,recorded,24,17,tempo_intensity,cnn,5023,20441,68d0e5f-dirty
Subject571,30,0.9644444444444444,0.9666666666666667,0.9666666666666667,recorded,24,17,tempo_intensity,cnn,5023,20441,68d0e5f-dirty
Subject580,90,0.8976223776223776,0.9,0.9,recorded,24,17,tempo_intensity,cnn,5023,20441,68d0e5f-dirty
Subject729,60,0.8550264550264549,0.85,0.85,recorded,24,17,tempo_intensity,cnn,5023,20441,68d0e5f-dirty
Subject731,30,0.8111111111111112,0.8333333333333334,0.8333333333333334,recorded,24,17,tempo_intensity,cnn,5023,20441,68d0e5f-dirty
Subject741,60,0.9492063492063492,0.95,0.95,recorded,24,17,tempo_intensity,cnn,5023,20441,68d0e5f-dirty
Subject819,60,0.7229822029822031,0.75,0.75,recorded,24,17,tempo_intensity,cnn,5023,20441,68d0e5f-dirty
Subject867,60,0.9644444444444444,0.9666666666666667,0.9666666666666667,recorded,24,17,tempo_intensity,cnn,5023,20441,68d0e5f-dirty
Subject969,30,0.8533333333333334,0.8666666666666667,0.8666666666666667,recorded,24,17,tempo_intensity,cnn,5023,20441,68d0e5f-dirty
Subject139,60,0.9485714285714285,0.95,0.95,new,24,17,plus_placement,cnn,5023,20239,68d0e5f-dirty
Subject352,30,0.7866666666666667,0.8333333333333334,0.8333333333333334,new,24,17,plus_placement,cnn,5023,20239,68d0e5f-dirty
Subject353,60,0.7742857142857144,0.7833333333333333,0.7833333333333333,new,24,17,plus_placement,cnn,5023,20239,68d0e5f-dirty
Subject611,60,0.9830687830687831,0.9833333333333333,0.9833333333333333,new,24,17,plus_placement,cnn,5023,20239,68d0e5f-dirty
Subject877,60,1.0,1.0,1.0,new,24,17,plus_placement,cnn,5023,20239,68d0e5f-dirty
Subject890,30,0.8825396825396825,0.9,0.9,new,24,17,plus_placement,cnn,5023,20239,68d0e5f-dirty
Subject147,31,1.0,1.0,1.0,recorded,24,17,plus_placement,cnn,5023,20239,68d0e5f-dirty
Subject226,30,0.9644444444444444,0.9666666666666667,0.9666666666666667,recorded,24,17,plus_placement,cnn,5023,20239,68d0e5f-dirty
Subject354,60,0.9830687830687831,0.9833333333333333,0.9833333333333333,recorded,24,17,plus_placement,cnn,5023,20239,68d0e5f-dirty
Subject376,60,0.9477777777777778,0.95,0.95,recorded,24,17,plus_placement,cnn,5023,20239,68d0e5f-dirty
Subject424,60,0.8918903318903318,0.9,0.9,recorded,24,17,plus_placement,cnn,5023,20239,68d0e5f-dirty
Subject455,60,1.0,1.0,1.0,recorded,24,17,plus_placement,cnn,5023,20239,68d0e5f-dirty
Subject494,60,0.8836363636363637,0.9,0.9,recorded,24,17,plus_placement,cnn,5023,20239,68d0e5f-dirty
Subject516,30,0.9644444444444444,0.9666666666666667,0.9666666666666667,recorded,24,17,plus_placement,cnn,5023,20239,68d0e5f-dirty
Subject561,60,0.835998075998076,0.8666666666666667,0.8666666666666667,recorded,24,17,plus_placement,cnn,5023,20239,68d0e5f-dirty
Subject571,30,0.9333333333333332,0.9333333333333333,0.9333333333333333,recorded,24,17,plus_placement,cnn,5023,20239,68d0e5f-dirty
Subject580,90,0.9127650127650127,0.9111111111111112,0.9111111111111111,recorded,24,17,plus_placement,cnn,5023,20239,68d0e5f-dirty
Subject729,60,0.8764021164021164,0.8833333333333333,0.8833333333333333,recorded,24,17,plus_placement,cnn,5023,20239,68d0e5f-dirty
Subject731,30,0.9288888888888889,0.9333333333333333,0.9333333333333333,recorded,24,17,plus_placement,cnn,5023,20239,68d0e5f-dirty
Subject741,60,0.9644444444444444,0.9666666666666667,0.9666666666666667,recorded,24,17,plus_placement,cnn,5023,20239,68d0e5f-dirty
Subject819,60,0.8333333333333334,0.8666666666666667,0.8666666666666667,recorded,24,17,plus_placement,cnn,5023,20239,68d0e5f-dirty
Subject867,60,0.9830687830687831,0.9833333333333333,0.9833333333333333,recorded,24,17,plus_placement,cnn,5023,20239,68d0e5f-dirty
Subject969,30,0.9111111111111111,0.9333333333333333,0.9333333333333333,recorded,24,17,plus_placement,cnn,5023,20239,68d0e5f-dirty
Subject352,30,0.6888888888888889,0.7333333333333333,0.7333333333333333,new,25,2,none,cnn,604,0,68d0e5f-dirty
Subject353,60,0.6467143967143968,0.6833333333333333,0.6833333333333333,new,25,2,none,cnn,604,0,68d0e5f-dirty
Subject354,60,0.6289081289081289,0.6666666666666666,0.6666666666666666,new,25,2,none,cnn,604,0,68d0e5f-dirty
Subject561,60,0.5814141414141415,0.65,0.65,new,25,2,none,cnn,604,0,68d0e5f-dirty
Subject571,30,0.6092063492063493,0.7,0.7,new,25,2,none,cnn,604,0,68d0e5f-dirty
Subject611,60,0.6374603174603174,0.7166666666666667,0.7166666666666667,new,25,2,none,cnn,604,0,68d0e5f-dirty
Subject147,31,1.0,1.0,1.0,recorded,25,2,none,cnn,604,0,68d0e5f-dirty
Subject877,60,0.9079557479557481,0.9166666666666666,0.9166666666666666,recorded,25,2,none,cnn,604,0,68d0e5f-dirty
Subject352,30,0.6088888888888888,0.6333333333333333,0.6333333333333333,new,25,2,tempo_intensity,cnn,604,2481,68d0e5f-dirty
Subject353,60,0.6476575276575276,0.7,0.7,new,25,2,tempo_intensity,cnn,604,2481,68d0e5f-dirty
Subject354,60,0.7099818699818701,0.75,0.75,new,25,2,tempo_intensity,cnn,604,2481,68d0e5f-dirty
Subject561,60,0.5840404040404041,0.65,0.65,new,25,2,tempo_intensity,cnn,604,2481,68d0e5f-dirty
Subject571,30,0.5311111111111111,0.6,0.6,new,25,2,tempo_intensity,cnn,604,2481,68d0e5f-dirty
Subject611,60,0.6518903318903319,0.7166666666666667,0.7166666666666667,new,25,2,tempo_intensity,cnn,604,2481,68d0e5f-dirty
Subject147,31,1.0,1.0,1.0,recorded,25,2,tempo_intensity,cnn,604,2481,68d0e5f-dirty
Subject877,60,0.9305820105820106,0.9333333333333333,0.9333333333333333,recorded,25,2,tempo_intensity,cnn,604,2481,68d0e5f-dirty
Subject352,30,0.6177777777777779,0.6666666666666666,0.6666666666666666,new,25,2,plus_placement,cnn,604,2449,68d0e5f-dirty
Subject353,60,0.6022607022607023,0.6833333333333333,0.6833333333333333,new,25,2,plus_placement,cnn,604,2449,68d0e5f-dirty
Subject354,60,0.6792063492063493,0.7166666666666667,0.7166666666666667,new,25,2,plus_placement,cnn,604,2449,68d0e5f-dirty
Subject561,60,0.5665993265993267,0.6333333333333333,0.6333333333333333,new,25,2,plus_placement,cnn,604,2449,68d0e5f-dirty
Subject571,30,0.6555555555555554,0.7,0.7,new,25,2,plus_placement,cnn,604,2449,68d0e5f-dirty
Subject611,60,0.695930735930736,0.75,0.75,new,25,2,plus_placement,cnn,604,2449,68d0e5f-dirty
Subject147,31,1.0,1.0,1.0,recorded,25,2,plus_placement,cnn,604,2449,68d0e5f-dirty
Subject877,60,0.9139153439153439,0.9166666666666666,0.9166666666666666,recorded,25,2,plus_placement,cnn,604,2449,68d0e5f-dirty
Subject352,30,0.6955555555555556,0.7333333333333333,0.7333333333333333,new,25,4,none,cnn,1182,0,68d0e5f-dirty
Subject353,60,0.6545454545454544,0.6833333333333333,0.6833333333333333,new,25,4,none,cnn,1182,0,68d0e5f-dirty
Subject354,60,0.8601058201058203,0.8666666666666667,0.8666666666666667,new,25,4,none,cnn,1182,0,68d0e5f-dirty
Subject561,60,0.6230747030747031,0.6666666666666666,0.6666666666666666,new,25,4,none,cnn,1182,0,68d0e5f-dirty
Subject571,30,0.7555555555555554,0.8,0.8,new,25,4,none,cnn,1182,0,68d0e5f-dirty
Subject611,60,0.6429100529100528,0.7,0.7,new,25,4,none,cnn,1182,0,68d0e5f-dirty
Subject147,31,0.8311111111111111,0.8444444444444444,0.8387096774193549,recorded,25,4,none,cnn,1182,0,68d0e5f-dirty
Subject226,30,0.9333333333333332,0.9333333333333333,0.9333333333333333,recorded,25,4,none,cnn,1182,0,68d0e5f-dirty
Subject516,30,0.8999999999999999,0.9,0.9,recorded,25,4,none,cnn,1182,0,68d0e5f-dirty
Subject877,60,0.8910245310245312,0.9,0.9,recorded,25,4,none,cnn,1182,0,68d0e5f-dirty
Subject352,30,0.6755555555555556,0.7,0.7,new,25,4,tempo_intensity,cnn,1182,4816,68d0e5f-dirty
Subject353,60,0.630971620971621,0.6833333333333333,0.6833333333333333,new,25,4,tempo_intensity,cnn,1182,4816,68d0e5f-dirty
Subject354,60,0.8641798941798943,0.8666666666666667,0.8666666666666667,new,25,4,tempo_intensity,cnn,1182,4816,68d0e5f-dirty
Subject561,60,0.5993843193843192,0.65,0.65,new,25,4,tempo_intensity,cnn,1182,4816,68d0e5f-dirty
Subject571,30,0.7155555555555556,0.7666666666666667,0.7666666666666667,new,25,4,tempo_intensity,cnn,1182,4816,68d0e5f-dirty
Subject611,60,0.6541414141414141,0.7166666666666667,0.7166666666666667,new,25,4,tempo_intensity,cnn,1182,4816,68d0e5f-dirty
Subject147,31,0.8933333333333333,0.9,0.9032258064516129,recorded,25,4,tempo_intensity,cnn,1182,4816,68d0e5f-dirty
Subject226,30,0.9288888888888889,0.9333333333333333,0.9333333333333333,recorded,25,4,tempo_intensity,cnn,1182,4816,68d0e5f-dirty
Subject516,30,0.8111111111111111,0.8333333333333334,0.8333333333333334,recorded,25,4,tempo_intensity,cnn,1182,4816,68d0e5f-dirty
Subject877,60,0.8897354497354499,0.9166666666666666,0.9166666666666666,recorded,25,4,tempo_intensity,cnn,1182,4816,68d0e5f-dirty
Subject352,30,0.5911111111111111,0.6333333333333333,0.6333333333333333,new,25,4,plus_placement,cnn,1182,4786,68d0e5f-dirty
Subject353,60,0.7681429681429681,0.8,0.8,new,25,4,plus_placement,cnn,1182,4786,68d0e5f-dirty
Subject354,60,0.854920634920635,0.85,0.85,new,25,4,plus_placement,cnn,1182,4786,68d0e5f-dirty
Subject561,60,0.7353439153439154,0.7666666666666667,0.7666666666666667,new,25,4,plus_placement,cnn,1182,4786,68d0e5f-dirty
Subject571,30,0.5888888888888888,0.6666666666666666,0.6666666666666666,new,25,4,plus_placement,cnn,1182,4786,68d0e5f-dirty
Subject611,60,0.6521885521885522,0.7166666666666667,0.7166666666666667,new,25,4,plus_placement,cnn,1182,4786,68d0e5f-dirty
Subject147,31,1.0,1.0,1.0,recorded,25,4,plus_placement,cnn,1182,4786,68d0e5f-dirty
Subject226,30,0.8777777777777778,0.9,0.9,recorded,25,4,plus_placement,cnn,1182,4786,68d0e5f-dirty
Subject516,30,0.8111111111111111,0.8333333333333334,0.8333333333333334,recorded,25,4,plus_placement,cnn,1182,4786,68d0e5f-dirty
Subject877,60,0.8772486772486773,0.9,0.9,recorded,25,4,plus_placement,cnn,1182,4786,68d0e5f-dirty
Subject352,30,0.8444444444444444,0.8666666666666667,0.8666666666666667,new,25,8,none,cnn,2273,0,68d0e5f-dirty
Subject353,60,0.7241462241462242,0.7833333333333333,0.7833333333333333,new,25,8,none,cnn,2273,0,68d0e5f-dirty
Subject354,60,0.8305820105820106,0.85,0.85,new,25,8,none,cnn,2273,0,68d0e5f-dirty
Subject561,60,0.6655218855218855,0.7166666666666667,0.7166666666666667,new,25,8,none,cnn,2273,0,68d0e5f-dirty
Subject571,30,0.8,0.8333333333333334,0.8333333333333334,new,25,8,none,cnn,2273,0,68d0e5f-dirty
Subject611,60,0.8173737373737373,0.85,0.85,new,25,8,none,cnn,2273,0,68d0e5f-dirty
Subject139,60,0.801904761904762,0.8166666666666667,0.8166666666666667,recorded,25,8,none,cnn,2273,0,68d0e5f-dirty
Subject147,31,0.8955555555555555,0.9,0.9032258064516129,recorded,25,8,none,cnn,2273,0,68d0e5f-dirty
Subject226,30,1.0,1.0,1.0,recorded,25,8,none,cnn,2273,0,68d0e5f-dirty
Subject376,60,0.9311111111111111,0.9333333333333333,0.9333333333333333,recorded,25,8,none,cnn,2273,0,68d0e5f-dirty
Subject516,30,0.9288888888888889,0.9333333333333333,0.9333333333333333,recorded,25,8,none,cnn,2273,0,68d0e5f-dirty
Subject867,60,0.9147089947089948,0.9166666666666666,0.9166666666666666,recorded,25,8,none,cnn,2273,0,68d0e5f-dirty
Subject877,60,0.9644444444444444,0.9666666666666667,0.9666666666666667,recorded,25,8,none,cnn,2273,0,68d0e5f-dirty
Subject890,30,0.7714285714285715,0.8,0.8,recorded,25,8,none,cnn,2273,0,68d0e5f-dirty
Subject352,30,0.7422222222222222,0.7666666666666667,0.7666666666666667,new,25,8,tempo_intensity,cnn,2273,9189,68d0e5f-dirty
Subject353,60,0.7105820105820106,0.7666666666666667,0.7666666666666667,new,25,8,tempo_intensity,cnn,2273,9189,68d0e5f-dirty
Subject354,60,0.8098701298701297,0.8333333333333334,0.8333333333333334,new,25,8,tempo_intensity,cnn,2273,9189,68d0e5f-dirty
Subject561,60,0.6347474747474748,0.6833333333333333,0.6833333333333333,new,25,8,tempo_intensity,cnn,2273,9189,68d0e5f-dirty
Subject571,30,0.7444444444444444,0.8,0.8,new,25,8,tempo_intensity,cnn,2273,9189,68d0e5f-dirty
Subject611,60,0.7678114478114478,0.8166666666666667,0.8166666666666667,new,25,8,tempo_intensity,cnn,2273,9189,68d0e5f-dirty
Subject139,60,0.8086243386243387,0.8333333333333334,0.8333333333333334,recorded,25,8,tempo_intensity,cnn,2273,9189,68d0e5f-dirty
Subject147,31,1.0,1.0,1.0,recorded,25,8,tempo_intensity,cnn,2273,9189,68d0e5f-dirty
Subject226,30,0.9311111111111111,0.9333333333333333,0.9333333333333333,recorded,25,8,tempo_intensity,cnn,2273,9189,68d0e5f-dirty
Subject376,60,0.8674603174603174,0.8666666666666667,0.8666666666666667,recorded,25,8,tempo_intensity,cnn,2273,9189,68d0e5f-dirty
Subject516,30,0.8603174603174604,0.8666666666666667,0.8666666666666667,recorded,25,8,tempo_intensity,cnn,2273,9189,68d0e5f-dirty
Subject867,60,0.8969841269841271,0.9,0.9,recorded,25,8,tempo_intensity,cnn,2273,9189,68d0e5f-dirty
Subject877,60,0.9418181818181818,0.95,0.95,recorded,25,8,tempo_intensity,cnn,2273,9189,68d0e5f-dirty
Subject890,30,1.0,1.0,1.0,recorded,25,8,tempo_intensity,cnn,2273,9189,68d0e5f-dirty
Subject352,30,0.7755555555555556,0.8,0.8,new,25,8,plus_placement,cnn,2273,9185,68d0e5f-dirty
Subject353,60,0.7268783068783069,0.7666666666666667,0.7666666666666667,new,25,8,plus_placement,cnn,2273,9185,68d0e5f-dirty
Subject354,60,0.9311111111111111,0.9333333333333333,0.9333333333333333,new,25,8,plus_placement,cnn,2273,9185,68d0e5f-dirty
Subject561,60,0.6595959595959596,0.7166666666666667,0.7166666666666667,new,25,8,plus_placement,cnn,2273,9185,68d0e5f-dirty
Subject571,30,0.74,0.8,0.8,new,25,8,plus_placement,cnn,2273,9185,68d0e5f-dirty
Subject611,60,0.7443771043771044,0.7833333333333333,0.7833333333333333,new,25,8,plus_placement,cnn,2273,9185,68d0e5f-dirty
Subject139,60,0.7693121693121694,0.8,0.8,recorded,25,8,plus_placement,cnn,2273,9185,68d0e5f-dirty
Subject147,31,0.8977777777777778,0.9,0.9032258064516129,recorded,25,8,plus_placement,cnn,2273,9185,68d0e5f-dirty
Subject226,30,0.9066666666666667,0.9333333333333333,0.9333333333333333,recorded,25,8,plus_placement,cnn,2273,9185,68d0e5f-dirty
Subject376,60,0.8960990860990862,0.9,0.9,recorded,25,8,plus_placement,cnn,2273,9185,68d0e5f-dirty
Subject516,30,0.9333333333333332,0.9333333333333333,0.9333333333333333,recorded,25,8,plus_placement,cnn,2273,9185,68d0e5f-dirty
Subject867,60,0.8171813371813372,0.8333333333333334,0.8333333333333334,recorded,25,8,plus_placement,cnn,2273,9185,68d0e5f-dirty
Subject877,60,0.9111111111111111,0.9333333333333333,0.9333333333333333,recorded,25,8,plus_placement,cnn,2273,9185,68d0e5f-dirty
Subject890,30,0.8755555555555555,0.9,0.9,recorded,25,8,plus_placement,cnn,2273,9185,68d0e5f-dirty
Subject352,30,0.7644444444444445,0.8,0.8,new,25,17,none,cnn,4965,0,68d0e5f-dirty
Subject353,60,0.7147089947089947,0.75,0.75,new,25,17,none,cnn,4965,0,68d0e5f-dirty
Subject354,60,0.9644444444444444,0.9666666666666667,0.9666666666666667,new,25,17,none,cnn,4965,0,68d0e5f-dirty
Subject561,60,0.7977777777777778,0.8333333333333334,0.8333333333333334,new,25,17,none,cnn,4965,0,68d0e5f-dirty
Subject571,30,0.8333333333333334,0.8666666666666667,0.8666666666666667,new,25,17,none,cnn,4965,0,68d0e5f-dirty
Subject611,60,0.9291005291005291,0.9333333333333333,0.9333333333333333,new,25,17,none,cnn,4965,0,68d0e5f-dirty
Subject139,60,0.9644444444444444,0.9666666666666667,0.9666666666666667,recorded,25,17,none,cnn,4965,0,68d0e5f-dirty
Subject147,31,1.0,1.0,1.0,recorded,25,17,none,cnn,4965,0,68d0e5f-dirty
Subject226,30,0.9644444444444444,0.9666666666666667,0.9666666666666667,recorded,25,17,none,cnn,4965,0,68d0e5f-dirty
Subject376,60,0.9164021164021163,0.9166666666666666,0.9166666666666666,recorded,25,17,none,cnn,4965,0,68d0e5f-dirty
Subject424,60,0.9164021164021163,0.9166666666666666,0.9166666666666666,recorded,25,17,none,cnn,4965,0,68d0e5f-dirty
Subject455,60,1.0,1.0,1.0,recorded,25,17,none,cnn,4965,0,68d0e5f-dirty
Subject494,60,0.9664021164021165,0.9666666666666667,0.9666666666666667,recorded,25,17,none,cnn,4965,0,68d0e5f-dirty
Subject516,30,0.9333333333333332,0.9333333333333333,0.9333333333333333,recorded,25,17,none,cnn,4965,0,68d0e5f-dirty
Subject580,90,0.9303984903984903,0.9333333333333333,0.9333333333333333,recorded,25,17,none,cnn,4965,0,68d0e5f-dirty
Subject729,60,0.9305820105820106,0.9333333333333333,0.9333333333333333,recorded,25,17,none,cnn,4965,0,68d0e5f-dirty
Subject731,30,0.9644444444444444,0.9666666666666667,0.9666666666666667,recorded,25,17,none,cnn,4965,0,68d0e5f-dirty
Subject741,60,0.9475132275132274,0.95,0.95,recorded,25,17,none,cnn,4965,0,68d0e5f-dirty
Subject819,60,0.8941798941798942,0.9166666666666666,0.9166666666666666,recorded,25,17,none,cnn,4965,0,68d0e5f-dirty
Subject867,60,0.9492063492063493,0.95,0.95,recorded,25,17,none,cnn,4965,0,68d0e5f-dirty
Subject877,60,0.9644444444444444,0.9666666666666667,0.9666666666666667,recorded,25,17,none,cnn,4965,0,68d0e5f-dirty
Subject890,30,0.9644444444444444,0.9666666666666667,0.9666666666666667,recorded,25,17,none,cnn,4965,0,68d0e5f-dirty
Subject969,30,0.8825396825396825,0.9,0.9,recorded,25,17,none,cnn,4965,0,68d0e5f-dirty
Subject352,30,0.7488888888888888,0.7666666666666667,0.7666666666666667,new,25,17,tempo_intensity,cnn,4965,20084,68d0e5f-dirty
Subject353,60,0.7387301587301588,0.7833333333333333,0.7833333333333333,new,25,17,tempo_intensity,cnn,4965,20084,68d0e5f-dirty
Subject354,60,0.9111111111111111,0.9333333333333333,0.9333333333333333,new,25,17,tempo_intensity,cnn,4965,20084,68d0e5f-dirty
Subject561,60,0.8164021164021165,0.85,0.85,new,25,17,tempo_intensity,cnn,4965,20084,68d0e5f-dirty
Subject571,30,0.8247619047619048,0.8666666666666667,0.8666666666666667,new,25,17,tempo_intensity,cnn,4965,20084,68d0e5f-dirty
Subject611,60,0.8495622895622895,0.8833333333333333,0.8833333333333333,new,25,17,tempo_intensity,cnn,4965,20084,68d0e5f-dirty
Subject139,60,0.9305820105820106,0.9333333333333333,0.9333333333333333,recorded,25,17,tempo_intensity,cnn,4965,20084,68d0e5f-dirty
Subject147,31,1.0,1.0,1.0,recorded,25,17,tempo_intensity,cnn,4965,20084,68d0e5f-dirty
Subject226,30,0.8222222222222222,0.8666666666666667,0.8666666666666667,recorded,25,17,tempo_intensity,cnn,4965,20084,68d0e5f-dirty
Subject376,60,0.9344444444444444,0.9333333333333333,0.9333333333333333,recorded,25,17,tempo_intensity,cnn,4965,20084,68d0e5f-dirty
Subject424,60,0.9418181818181818,0.95,0.95,recorded,25,17,tempo_intensity,cnn,4965,20084,68d0e5f-dirty
Subject455,60,0.9830687830687831,0.9833333333333333,0.9833333333333333,recorded,25,17,tempo_intensity,cnn,4965,20084,68d0e5f-dirty
Subject494,60,0.9418181818181818,0.95,0.95,recorded,25,17,tempo_intensity,cnn,4965,20084,68d0e5f-dirty
Subject516,30,0.8825396825396825,0.9,0.9,recorded,25,17,tempo_intensity,cnn,4965,20084,68d0e5f-dirty
Subject580,90,0.8943315508021391,0.9000000000000001,0.9,recorded,25,17,tempo_intensity,cnn,4965,20084,68d0e5f-dirty
Subject729,60,0.8950456950456951,0.9,0.9,recorded,25,17,tempo_intensity,cnn,4965,20084,68d0e5f-dirty
Subject731,30,0.9111111111111111,0.9333333333333333,0.9333333333333333,recorded,25,17,tempo_intensity,cnn,4965,20084,68d0e5f-dirty
Subject741,60,0.9475132275132274,0.95,0.95,recorded,25,17,tempo_intensity,cnn,4965,20084,68d0e5f-dirty
Subject819,60,0.878062678062678,0.9,0.9,recorded,25,17,tempo_intensity,cnn,4965,20084,68d0e5f-dirty
Subject867,60,0.9305820105820107,0.9333333333333333,0.9333333333333333,recorded,25,17,tempo_intensity,cnn,4965,20084,68d0e5f-dirty
Subject877,60,1.0,1.0,1.0,recorded,25,17,tempo_intensity,cnn,4965,20084,68d0e5f-dirty
Subject890,30,0.9288888888888889,0.9333333333333333,0.9333333333333333,recorded,25,17,tempo_intensity,cnn,4965,20084,68d0e5f-dirty
Subject969,30,0.8469841269841271,0.8666666666666667,0.8666666666666667,recorded,25,17,tempo_intensity,cnn,4965,20084,68d0e5f-dirty
Subject352,30,0.7244444444444444,0.7666666666666667,0.7666666666666667,new,25,17,plus_placement,cnn,4965,20091,68d0e5f-dirty
Subject353,60,0.7248869648869649,0.7666666666666667,0.7666666666666667,new,25,17,plus_placement,cnn,4965,20091,68d0e5f-dirty
Subject354,60,0.9418181818181818,0.95,0.95,new,25,17,plus_placement,cnn,4965,20091,68d0e5f-dirty
Subject561,60,0.7395959595959596,0.7833333333333333,0.7833333333333333,new,25,17,plus_placement,cnn,4965,20091,68d0e5f-dirty
Subject571,30,0.8825396825396825,0.9,0.9,new,25,17,plus_placement,cnn,4965,20091,68d0e5f-dirty
Subject611,60,0.962962962962963,0.9666666666666667,0.9666666666666667,new,25,17,plus_placement,cnn,4965,20091,68d0e5f-dirty
Subject139,60,0.9830687830687831,0.9833333333333333,0.9833333333333333,recorded,25,17,plus_placement,cnn,4965,20091,68d0e5f-dirty
Subject147,31,1.0,1.0,1.0,recorded,25,17,plus_placement,cnn,4965,20091,68d0e5f-dirty
Subject226,30,0.9288888888888889,0.9333333333333333,0.9333333333333333,recorded,25,17,plus_placement,cnn,4965,20091,68d0e5f-dirty
Subject376,60,0.9189033189033188,0.9166666666666666,0.9166666666666666,recorded,25,17,plus_placement,cnn,4965,20091,68d0e5f-dirty
Subject424,60,0.9500721500721502,0.95,0.95,recorded,25,17,plus_placement,cnn,4965,20091,68d0e5f-dirty
Subject455,60,1.0,1.0,1.0,recorded,25,17,plus_placement,cnn,4965,20091,68d0e5f-dirty
Subject494,60,0.9418181818181818,0.95,0.95,recorded,25,17,plus_placement,cnn,4965,20091,68d0e5f-dirty
Subject516,30,0.8333333333333334,0.8666666666666667,0.8666666666666667,recorded,25,17,plus_placement,cnn,4965,20091,68d0e5f-dirty
Subject580,90,0.942066822066822,0.9444444444444445,0.9444444444444444,recorded,25,17,plus_placement,cnn,4965,20091,68d0e5f-dirty
Subject729,60,0.9475132275132275,0.95,0.95,recorded,25,17,plus_placement,cnn,4965,20091,68d0e5f-dirty
Subject731,30,0.9644444444444444,0.9666666666666667,0.9666666666666667,recorded,25,17,plus_placement,cnn,4965,20091,68d0e5f-dirty
Subject741,60,0.9830687830687831,0.9833333333333333,0.9833333333333333,recorded,25,17,plus_placement,cnn,4965,20091,68d0e5f-dirty
Subject819,60,0.8956228956228957,0.9166666666666666,0.9166666666666666,recorded,25,17,plus_placement,cnn,4965,20091,68d0e5f-dirty
Subject867,60,0.9316402116402117,0.9333333333333333,0.9333333333333333,recorded,25,17,plus_placement,cnn,4965,20091,68d0e5f-dirty
Subject877,60,1.0,1.0,1.0,recorded,25,17,plus_placement,cnn,4965,20091,68d0e5f-dirty
Subject890,30,0.9111111111111111,0.9333333333333333,0.9333333333333333,recorded,25,17,plus_placement,cnn,4965,20091,68d0e5f-dirty
Subject969,30,0.8555555555555555,0.8666666666666667,0.8666666666666667,recorded,25,17,plus_placement,cnn,4965,20091,68d0e5f-dirty
Subject147,31,0.6933333333333334,0.7666666666666667,0.7741935483870968,new,26,2,none,cnn,590,0,68d0e5f-dirty
Subject352,30,0.5003174603174604,0.5666666666666667,0.5666666666666667,new,26,2,none,cnn,590,0,68d0e5f-dirty
Subject494,60,0.48229437229437233,0.55,0.55,new,26,2,none,cnn,590,0,68d0e5f-dirty
Subject580,90,0.6635796882855707,0.6888888888888889,0.6888888888888889,new,26,2,none,cnn,590,0,68d0e5f-dirty
Subject611,60,0.5571199171199172,0.6166666666666667,0.6166666666666667,new,26,2,none,cnn,590,0,68d0e5f-dirty
Subject969,30,0.3111111111111111,0.43333333333333335,0.43333333333333335,new,26,2,none,cnn,590,0,68d0e5f-dirty
Subject819,60,0.7624338624338625,0.8,0.8,recorded,26,2,none,cnn,590,0,68d0e5f-dirty
Subject867,60,0.9077441077441077,0.9166666666666666,0.9166666666666666,recorded,26,2,none,cnn,590,0,68d0e5f-dirty
Subject147,31,0.7203174603174602,0.7666666666666667,0.7741935483870968,new,26,2,tempo_intensity,cnn,590,2387,68d0e5f-dirty
Subject352,30,0.4822222222222222,0.5666666666666667,0.5666666666666667,new,26,2,tempo_intensity,cnn,590,2387,68d0e5f-dirty
Subject494,60,0.48829044593750476,0.5833333333333334,0.5833333333333334,new,26,2,tempo_intensity,cnn,590,2387,68d0e5f-dirty
Subject580,90,0.5663677063677064,0.5999999999999999,0.6,new,26,2,tempo_intensity,cnn,590,2387,68d0e5f-dirty
Subject611,60,0.6148821548821549,0.65,0.65,new,26,2,tempo_intensity,cnn,590,2387,68d0e5f-dirty
Subject969,30,0.33851851851851855,0.43333333333333335,0.43333333333333335,new,26,2,tempo_intensity,cnn,590,2387,68d0e5f-dirty
Subject819,60,0.764973544973545,0.8,0.8,recorded,26,2,tempo_intensity,cnn,590,2387,68d0e5f-dirty
Subject867,60,0.9162097162097161,0.9166666666666666,0.9166666666666666,recorded,26,2,tempo_intensity,cnn,590,2387,68d0e5f-dirty
Subject147,31,0.5892063492063492,0.6666666666666666,0.6774193548387096,new,26,2,plus_placement,cnn,590,2378,68d0e5f-dirty
Subject352,30,0.44222222222222224,0.5,0.5,new,26,2,plus_placement,cnn,590,2378,68d0e5f-dirty
Subject494,60,0.41714285714285715,0.48333333333333334,0.48333333333333334,new,26,2,plus_placement,cnn,590,2378,68d0e5f-dirty
Subject580,90,0.5576029691630714,0.5777777777777777,0.5777777777777777,new,26,2,plus_placement,cnn,590,2378,68d0e5f-dirty
Subject611,60,0.6113612313612313,0.65,0.65,new,26,2,plus_placement,cnn,590,2378,68d0e5f-dirty
Subject969,30,0.38888888888888895,0.5,0.5,new,26,2,plus_placement,cnn,590,2378,68d0e5f-dirty
Subject819,60,0.6552573352573353,0.7,0.7,recorded,26,2,plus_placement,cnn,590,2378,68d0e5f-dirty
Subject867,60,0.7929389129389129,0.8166666666666667,0.8166666666666667,recorded,26,2,plus_placement,cnn,590,2378,68d0e5f-dirty
Subject147,31,0.8422222222222222,0.8666666666666667,0.8709677419354839,new,26,4,none,cnn,1233,0,68d0e5f-dirty
Subject352,30,0.6999999999999998,0.7333333333333333,0.7333333333333333,new,26,4,none,cnn,1233,0,68d0e5f-dirty
Subject494,60,0.4799605073289284,0.55,0.55,new,26,4,none,cnn,1233,0,68d0e5f-dirty
Subject580,90,0.7124575424575424,0.7555555555555556,0.7555555555555555,new,26,4,none,cnn,1233,0,68d0e5f-dirty
Subject611,60,0.7655555555555557,0.8166666666666667,0.8166666666666667,new,26,4,none,cnn,1233,0,68d0e5f-dirty
Subject969,30,0.41333333333333333,0.4666666666666667,0.4666666666666667,new,26,4,none,cnn,1233,0,68d0e5f-dirty
Subject139,60,0.8034054834054835,0.8333333333333334,0.8333333333333334,recorded,26,4,none,cnn,1233,0,68d0e5f-dirty
Subject819,60,0.7751515151515151,0.8166666666666667,0.8166666666666667,recorded,26,4,none,cnn,1233,0,68d0e5f-dirty
Subject867,60,0.8941798941798942,0.9166666666666666,0.9166666666666666,recorded,26,4,none,cnn,1233,0,68d0e5f-dirty
Subject877,60,1.0,1.0,1.0,recorded,26,4,none,cnn,1233,0,68d0e5f-dirty
Subject147,31,0.9644444444444444,0.9666666666666667,0.967741935483871,new,26,4,tempo_intensity,cnn,1233,5028,68d0e5f-dirty
Subject352,30,0.6555555555555554,0.7,0.7,new,26,4,tempo_intensity,cnn,1233,5028,68d0e5f-dirty
Subject494,60,0.6095238095238095,0.6666666666666666,0.6666666666666666,new,26,4,tempo_intensity,cnn,1233,5028,68d0e5f-dirty
Subject580,90,0.813215629686218,0.8333333333333334,0.8333333333333334,new,26,4,tempo_intensity,cnn,1233,5028,68d0e5f-dirty
Subject611,60,0.7733333333333334,0.8166666666666667,0.8166666666666667,new,26,4,tempo_intensity,cnn,1233,5028,68d0e5f-dirty
Subject969,30,0.3688888888888889,0.43333333333333335,0.43333333333333335,new,26,4,tempo_intensity,cnn,1233,5028,68d0e5f-dirty
Subject139,60,0.8982202982202984,0.9,0.9,recorded,26,4,tempo_intensity,cnn,1233,5028,68d0e5f-dirty
Subject819,60,0.7845502645502646,0.8166666666666667,0.8166666666666667,recorded,26,4,tempo_intensity,cnn,1233,5028,68d0e5f-dirty
Subject867,60,0.9492063492063493,0.95,0.95,recorded,26,4,tempo_intensity,cnn,1233,5028,68d0e5f-dirty
Subject877,60,1.0,1.0,1.0,recorded,26,4,tempo_intensity,cnn,1233,5028,68d0e5f-dirty
Subject147,31,0.9288888888888889,0.9333333333333333,0.9354838709677419,new,26,4,plus_placement,cnn,1233,5104,68d0e5f-dirty
Subject352,30,0.7555555555555554,0.8,0.8,new,26,4,plus_placement,cnn,1233,5104,68d0e5f-dirty
Subject494,60,0.4710256410256411,0.55,0.55,new,26,4,plus_placement,cnn,1233,5104,68d0e5f-dirty
Subject580,90,0.7156854256854256,0.7555555555555558,0.7555555555555555,new,26,4,plus_placement,cnn,1233,5104,68d0e5f-dirty
Subject611,60,0.8541798941798943,0.8833333333333333,0.8833333333333333,new,26,4,plus_placement,cnn,1233,5104,68d0e5f-dirty
Subject969,30,0.5155555555555555,0.5666666666666667,0.5666666666666667,new,26,4,plus_placement,cnn,1233,5104,68d0e5f-dirty
Subject139,60,0.8341125541125542,0.85,0.85,recorded,26,4,plus_placement,cnn,1233,5104,68d0e5f-dirty
Subject819,60,0.8266666666666665,0.85,0.85,recorded,26,4,plus_placement,cnn,1233,5104,68d0e5f-dirty
Subject867,60,0.8910245310245312,0.9,0.9,recorded,26,4,plus_placement,cnn,1233,5104,68d0e5f-dirty
Subject877,60,0.9500721500721501,0.95,0.95,recorded,26,4,plus_placement,cnn,1233,5104,68d0e5f-dirty
Subject147,31,0.9288888888888889,0.9333333333333333,0.9354838709677419,new,26,8,none,cnn,2441,0,68d0e5f-dirty
Subject352,30,0.7200000000000001,0.7666666666666667,0.7666666666666667,new,26,8,none,cnn,2441,0,68d0e5f-dirty
Subject494,60,0.6938095238095239,0.7333333333333333,0.7333333333333333,new,26,8,none,cnn,2441,0,68d0e5f-dirty
Subject580,90,0.8771373071373071,0.888888888888889,0.8888888888888888,new,26,8,none,cnn,2441,0,68d0e5f-dirty
Subject611,60,0.8533333333333333,0.8666666666666667,0.8666666666666667,new,26,8,none,cnn,2441,0,68d0e5f-dirty
Subject969,30,0.5911111111111111,0.6666666666666666,0.6666666666666666,new,26,8,none,cnn,2441,0,68d0e5f-dirty
Subject139,60,0.8749206349206349,0.9,0.9,recorded,26,8,none,cnn,2441,0,68d0e5f-dirty
Subject226,30,0.9644444444444444,0.9666666666666667,0.9666666666666667,recorded,26,8,none,cnn,2441,0,68d0e5f-dirty
Subject353,60,0.8326984126984127,0.85,0.85,recorded,26,8,none,cnn,2441,0,68d0e5f-dirty
Subject354,60,0.9830687830687831,0.9833333333333333,0.9833333333333333,recorded,26,8,none,cnn,2441,0,68d0e5f-dirty
Subject731,30,0.9311111111111111,0.9333333333333333,0.9333333333333333,recorded,26,8,none,cnn,2441,0,68d0e5f-dirty
Subject819,60,0.8218181818181819,0.85,0.85,recorded,26,8,none,cnn,2441,0,68d0e5f-dirty
Subject867,60,0.8781144781144782,0.8833333333333333,0.8833333333333333,recorded,26,8,none,cnn,2441,0,68d0e5f-dirty
Subject877,60,0.9418181818181818,0.95,0.95,recorded,26,8,none,cnn,2441,0,68d0e5f-dirty
Subject147,31,0.8800000000000001,0.9,0.9032258064516129,new,26,8,tempo_intensity,cnn,2441,9934,68d0e5f-dirty
Subject352,30,0.8222222222222222,0.8333333333333334,0.8333333333333334,new,26,8,tempo_intensity,cnn,2441,9934,68d0e5f-dirty
Subject494,60,0.6581684981684981,0.7,0.7,new,26,8,tempo_intensity,cnn,2441,9934,68d0e5f-dirty
Subject580,90,0.8695800495800495,0.8777777777777778,0.8777777777777778,new,26,8,tempo_intensity,cnn,2441,9934,68d0e5f-dirty
Subject611,60,0.8372486772486772,0.85,0.85,new,26,8,tempo_intensity,cnn,2441,9934,68d0e5f-dirty
Subject969,30,0.5599999999999999,0.6333333333333333,0.6333333333333333,new,26,8,tempo_intensity,cnn,2441,9934,68d0e5f-dirty
Subject139,60,0.8173737373737374,0.85,0.85,recorded,26,8,tempo_intensity,cnn,2441,9934,68d0e5f-dirty
Subject226,30,0.9111111111111111,0.9333333333333333,0.9333333333333333,recorded,26,8,tempo_intensity,cnn,2441,9934,68d0e5f-dirty
Subject353,60,0.8996825396825396,0.9,0.9,recorded,26,8,tempo_intensity,cnn,2441,9934,68d0e5f-dirty
Subject354,60,0.9830687830687831,0.9833333333333333,0.9833333333333333,recorded,26,8,tempo_intensity,cnn,2441,9934,68d0e5f-dirty
Subject731,30,0.8825396825396825,0.9,0.9,recorded,26,8,tempo_intensity,cnn,2441,9934,68d0e5f-dirty
Subject819,60,0.8003703703703704,0.8333333333333334,0.8333333333333334,recorded,26,8,tempo_intensity,cnn,2441,9934,68d0e5f-dirty
Subject867,60,0.8294372294372294,0.85,0.85,recorded,26,8,tempo_intensity,cnn,2441,9934,68d0e5f-dirty
Subject877,60,0.9418181818181818,0.95,0.95,recorded,26,8,tempo_intensity,cnn,2441,9934,68d0e5f-dirty
Subject147,31,0.9311111111111111,0.9333333333333333,0.9354838709677419,new,26,8,plus_placement,cnn,2441,9913,68d0e5f-dirty
Subject352,30,0.7999999999999999,0.8,0.8,new,26,8,plus_placement,cnn,2441,9913,68d0e5f-dirty
Subject494,60,0.6833729233729233,0.7166666666666667,0.7166666666666667,new,26,8,plus_placement,cnn,2441,9913,68d0e5f-dirty
Subject580,90,0.8456335821041704,0.8666666666666667,0.8666666666666667,new,26,8,plus_placement,cnn,2441,9913,68d0e5f-dirty
Subject611,60,0.8480808080808082,0.8666666666666667,0.8666666666666667,new,26,8,plus_placement,cnn,2441,9913,68d0e5f-dirty
Subject969,30,0.5599999999999999,0.6333333333333333,0.6333333333333333,new,26,8,plus_placement,cnn,2441,9913,68d0e5f-dirty
Subject139,60,0.9418181818181818,0.95,0.95,recorded,26,8,plus_placement,cnn,2441,9913,68d0e5f-dirty
Subject226,30,0.9333333333333332,0.9333333333333333,0.9333333333333333,recorded,26,8,plus_placement,cnn,2441,9913,68d0e5f-dirty
Subject353,60,0.8203174603174602,0.8333333333333334,0.8333333333333334,recorded,26,8,plus_placement,cnn,2441,9913,68d0e5f-dirty
Subject354,60,0.8941798941798942,0.9166666666666666,0.9166666666666666,recorded,26,8,plus_placement,cnn,2441,9913,68d0e5f-dirty
Subject731,30,0.7714285714285715,0.8,0.8,recorded,26,8,plus_placement,cnn,2441,9913,68d0e5f-dirty
Subject819,60,0.8431361231361232,0.8666666666666667,0.8666666666666667,recorded,26,8,plus_placement,cnn,2441,9913,68d0e5f-dirty
Subject867,60,0.910918710918711,0.9166666666666666,0.9166666666666666,recorded,26,8,plus_placement,cnn,2441,9913,68d0e5f-dirty
Subject877,60,0.911957671957672,0.9166666666666666,0.9166666666666666,recorded,26,8,plus_placement,cnn,2441,9913,68d0e5f-dirty
Subject147,31,0.9644444444444444,0.9666666666666667,0.967741935483871,new,26,17,none,cnn,5038,0,68d0e5f-dirty
Subject352,30,0.8444444444444444,0.8666666666666667,0.8666666666666667,new,26,17,none,cnn,5038,0,68d0e5f-dirty
Subject494,60,0.8596825396825396,0.8666666666666667,0.8666666666666667,new,26,17,none,cnn,5038,0,68d0e5f-dirty
Subject580,90,0.9442424242424241,0.9444444444444445,0.9444444444444444,new,26,17,none,cnn,5038,0,68d0e5f-dirty
Subject611,60,1.0,1.0,1.0,new,26,17,none,cnn,5038,0,68d0e5f-dirty
Subject969,30,0.5644444444444444,0.6333333333333333,0.6333333333333333,new,26,17,none,cnn,5038,0,68d0e5f-dirty
Subject139,60,0.9051851851851853,0.9333333333333333,0.9333333333333333,recorded,26,17,none,cnn,5038,0,68d0e5f-dirty
Subject226,30,0.9288888888888889,0.9333333333333333,0.9333333333333333,recorded,26,17,none,cnn,5038,0,68d0e5f-dirty
Subject353,60,0.8753968253968254,0.8833333333333333,0.8833333333333333,recorded,26,17,none,cnn,5038,0,68d0e5f-dirty
Subject354,60,1.0,1.0,1.0,recorded,26,17,none,cnn,5038,0,68d0e5f-dirty
Subject376,60,0.9311111111111111,0.9333333333333333,0.9333333333333333,recorded,26,17,none,cnn,5038,0,68d0e5f-dirty
Subject424,60,0.9644444444444444,0.9666666666666667,0.9666666666666667,recorded,26,17,none,cnn,5038,0,68d0e5f-dirty
Subject455,60,1.0,1.0,1.0,recorded,26,17,none,cnn,5038,0,68d0e5f-dirty
Subject516,30,0.9333333333333332,0.9333333333333333,0.9333333333333333,recorded,26,17,none,cnn,5038,0,68d0e5f-dirty
Subject561,60,0.9644444444444444,0.9666666666666667,0.9666666666666667,recorded,26,17,none,cnn,5038,0,68d0e5f-dirty
Subject571,30,0.7936507936507936,0.8333333333333334,0.8333333333333334,recorded,26,17,none,cnn,5038,0,68d0e5f-dirty
Subject729,60,0.9305820105820106,0.9333333333333333,0.9333333333333333,recorded,26,17,none,cnn,5038,0,68d0e5f-dirty
Subject731,30,0.8755555555555555,0.9,0.9,recorded,26,17,none,cnn,5038,0,68d0e5f-dirty
Subject741,60,0.9497354497354498,0.95,0.95,recorded,26,17,none,cnn,5038,0,68d0e5f-dirty
Subject819,60,0.8218181818181819,0.85,0.85,recorded,26,17,none,cnn,5038,0,68d0e5f-dirty
Subject867,60,0.9418181818181818,0.95,0.95,recorded,26,17,none,cnn,5038,0,68d0e5f-dirty
Subject877,60,1.0,1.0,1.0,recorded,26,17,none,cnn,5038,0,68d0e5f-dirty
Subject890,30,0.8825396825396825,0.9,0.9,recorded,26,17,none,cnn,5038,0,68d0e5f-dirty
Subject147,31,1.0,1.0,1.0,new,26,17,tempo_intensity,cnn,5038,20367,68d0e5f-dirty
Subject352,30,0.8222222222222222,0.8666666666666667,0.8666666666666667,new,26,17,tempo_intensity,cnn,5038,20367,68d0e5f-dirty
Subject494,60,0.8021356421356421,0.8333333333333334,0.8333333333333334,new,26,17,tempo_intensity,cnn,5038,20367,68d0e5f-dirty
Subject580,90,0.9215842980548863,0.9333333333333333,0.9333333333333333,new,26,17,tempo_intensity,cnn,5038,20367,68d0e5f-dirty
Subject611,60,0.9644444444444444,0.9666666666666667,0.9666666666666667,new,26,17,tempo_intensity,cnn,5038,20367,68d0e5f-dirty
Subject969,30,0.6488888888888888,0.7,0.7,new,26,17,tempo_intensity,cnn,5038,20367,68d0e5f-dirty
Subject139,60,0.9830687830687831,0.9833333333333333,0.9833333333333333,recorded,26,17,tempo_intensity,cnn,5038,20367,68d0e5f-dirty
Subject226,30,0.8977777777777778,0.9,0.9,recorded,26,17,tempo_intensity,cnn,5038,20367,68d0e5f-dirty
Subject353,60,0.9147089947089947,0.9166666666666666,0.9166666666666666,recorded,26,17,tempo_intensity,cnn,5038,20367,68d0e5f-dirty
Subject354,60,0.9830687830687831,0.9833333333333333,0.9833333333333333,recorded,26,17,tempo_intensity,cnn,5038,20367,68d0e5f-dirty
Subject376,60,0.9349206349206349,0.9333333333333333,0.9333333333333333,recorded,26,17,tempo_intensity,cnn,5038,20367,68d0e5f-dirty
Subject424,60,0.912136752136752,0.9166666666666666,0.9166666666666666,recorded,26,17,tempo_intensity,cnn,5038,20367,68d0e5f-dirty
Subject455,60,0.9830687830687831,0.9833333333333333,0.9833333333333333,recorded,26,17,tempo_intensity,cnn,5038,20367,68d0e5f-dirty
Subject516,30,0.9111111111111111,0.9333333333333333,0.9333333333333333,recorded,26,17,tempo_intensity,cnn,5038,20367,68d0e5f-dirty
Subject561,60,0.9418181818181818,0.95,0.95,recorded,26,17,tempo_intensity,cnn,5038,20367,68d0e5f-dirty
Subject571,30,0.8333333333333334,0.8666666666666667,0.8666666666666667,recorded,26,17,tempo_intensity,cnn,5038,20367,68d0e5f-dirty
Subject729,60,0.9475132275132274,0.95,0.95,recorded,26,17,tempo_intensity,cnn,5038,20367,68d0e5f-dirty
Subject731,30,0.9644444444444444,0.9666666666666667,0.9666666666666667,recorded,26,17,tempo_intensity,cnn,5038,20367,68d0e5f-dirty
Subject741,60,0.9291005291005291,0.9333333333333333,0.9333333333333333,recorded,26,17,tempo_intensity,cnn,5038,20367,68d0e5f-dirty
Subject819,60,0.852929292929293,0.8833333333333333,0.8833333333333333,recorded,26,17,tempo_intensity,cnn,5038,20367,68d0e5f-dirty
Subject867,60,0.9481481481481481,0.95,0.95,recorded,26,17,tempo_intensity,cnn,5038,20367,68d0e5f-dirty
Subject877,60,1.0,1.0,1.0,recorded,26,17,tempo_intensity,cnn,5038,20367,68d0e5f-dirty
Subject890,30,1.0,1.0,1.0,recorded,26,17,tempo_intensity,cnn,5038,20367,68d0e5f-dirty
Subject147,31,0.9311111111111111,0.9333333333333333,0.9354838709677419,new,26,17,plus_placement,cnn,5038,20488,68d0e5f-dirty
Subject352,30,0.8444444444444444,0.8666666666666667,0.8666666666666667,new,26,17,plus_placement,cnn,5038,20488,68d0e5f-dirty
Subject494,60,0.8162962962962962,0.8333333333333334,0.8333333333333334,new,26,17,plus_placement,cnn,5038,20488,68d0e5f-dirty
Subject580,90,0.9295519295519294,0.9333333333333335,0.9333333333333333,new,26,17,plus_placement,cnn,5038,20488,68d0e5f-dirty
Subject611,60,0.8755555555555555,0.9,0.9,new,26,17,plus_placement,cnn,5038,20488,68d0e5f-dirty
Subject969,30,0.6851851851851852,0.7333333333333333,0.7333333333333333,new,26,17,plus_placement,cnn,5038,20488,68d0e5f-dirty
Subject139,60,1.0,1.0,1.0,recorded,26,17,plus_placement,cnn,5038,20488,68d0e5f-dirty
Subject226,30,0.8711111111111111,0.9,0.9,recorded,26,17,plus_placement,cnn,5038,20488,68d0e5f-dirty
Subject353,60,0.9481481481481481,0.95,0.95,recorded,26,17,plus_placement,cnn,5038,20488,68d0e5f-dirty
Subject354,60,1.0,1.0,1.0,recorded,26,17,plus_placement,cnn,5038,20488,68d0e5f-dirty
Subject376,60,0.9481481481481481,0.95,0.95,recorded,26,17,plus_placement,cnn,5038,20488,68d0e5f-dirty
Subject424,60,0.8996825396825396,0.9,0.9,recorded,26,17,plus_placement,cnn,5038,20488,68d0e5f-dirty
Subject455,60,0.9830687830687831,0.9833333333333333,0.9833333333333333,recorded,26,17,plus_placement,cnn,5038,20488,68d0e5f-dirty
Subject516,30,1.0,1.0,1.0,recorded,26,17,plus_placement,cnn,5038,20488,68d0e5f-dirty
Subject561,60,0.9418181818181818,0.95,0.95,recorded,26,17,plus_placement,cnn,5038,20488,68d0e5f-dirty
Subject571,30,0.8825396825396825,0.9,0.9,recorded,26,17,plus_placement,cnn,5038,20488,68d0e5f-dirty
Subject729,60,1.0,1.0,1.0,recorded,26,17,plus_placement,cnn,5038,20488,68d0e5f-dirty
Subject731,30,1.0,1.0,1.0,recorded,26,17,plus_placement,cnn,5038,20488,68d0e5f-dirty
Subject741,60,0.9473544973544974,0.95,0.95,recorded,26,17,plus_placement,cnn,5038,20488,68d0e5f-dirty
Subject819,60,0.9111111111111111,0.9333333333333333,0.9333333333333333,recorded,26,17,plus_placement,cnn,5038,20488,68d0e5f-dirty
Subject867,60,0.8918181818181818,0.9,0.9,recorded,26,17,plus_placement,cnn,5038,20488,68d0e5f-dirty
Subject877,60,1.0,1.0,1.0,recorded,26,17,plus_placement,cnn,5038,20488,68d0e5f-dirty
Subject890,30,0.9644444444444444,0.9666666666666667,0.9666666666666667,recorded,26,17,plus_placement,cnn,5038,20488,68d0e5f-dirty
Subject226,30,0.5407407407407407,0.6333333333333333,0.6333333333333333,new,27,2,none,cnn,619,0,68d0e5f-dirty
Subject352,30,0.7055555555555555,0.7333333333333333,0.7333333333333333,new,27,2,none,cnn,619,0,68d0e5f-dirty
Subject611,60,0.6226262626262626,0.6833333333333333,0.6833333333333333,new,27,2,none,cnn,619,0,68d0e5f-dirty
Subject741,60,0.578869648869649,0.6333333333333333,0.6333333333333333,new,27,2,none,cnn,619,0,68d0e5f-dirty
Subject890,30,0.6133333333333333,0.6666666666666666,0.6666666666666666,new,27,2,none,cnn,619,0,68d0e5f-dirty
Subject969,30,0.4474074074074074,0.5333333333333333,0.5333333333333333,new,27,2,none,cnn,619,0,68d0e5f-dirty
Subject516,30,0.8469841269841271,0.8666666666666667,0.8666666666666667,recorded,27,2,none,cnn,619,0,68d0e5f-dirty
Subject819,60,0.8272486772486773,0.85,0.85,recorded,27,2,none,cnn,619,0,68d0e5f-dirty
Subject226,30,0.6222222222222221,0.7,0.7,new,27,2,tempo_intensity,cnn,619,2487,68d0e5f-dirty
Subject352,30,0.7666666666666667,0.8,0.8,new,27,2,tempo_intensity,cnn,619,2487,68d0e5f-dirty
Subject611,60,0.6422222222222224,0.6833333333333333,0.6833333333333333,new,27,2,tempo_intensity,cnn,619,2487,68d0e5f-dirty
Subject741,60,0.5514570614570614,0.6166666666666667,0.6166666666666667,new,27,2,tempo_intensity,cnn,619,2487,68d0e5f-dirty
Subject890,30,0.6158730158730158,0.6666666666666666,0.6666666666666666,new,27,2,tempo_intensity,cnn,619,2487,68d0e5f-dirty
Subject969,30,0.5274074074074073,0.6,0.6,new,27,2,tempo_intensity,cnn,619,2487,68d0e5f-dirty
Subject516,30,0.7977777777777778,0.8333333333333334,0.8333333333333334,recorded,27,2,tempo_intensity,cnn,619,2487,68d0e5f-dirty
Subject819,60,0.7552910052910053,0.8,0.8,recorded,27,2,tempo_intensity,cnn,619,2487,68d0e5f-dirty
Subject226,30,0.5962962962962963,0.6666666666666666,0.6666666666666666,new,27,2,plus_placement,cnn,619,2456,68d0e5f-dirty
Subject352,30,0.7047619047619047,0.7666666666666667,0.7666666666666667,new,27,2,plus_placement,cnn,619,2456,68d0e5f-dirty
Subject611,60,0.638961038961039,0.7,0.7,new,27,2,plus_placement,cnn,619,2456,68d0e5f-dirty
Subject741,60,0.6697354497354497,0.7333333333333333,0.7333333333333333,new,27,2,plus_placement,cnn,619,2456,68d0e5f-dirty
Subject890,30,0.7333333333333333,0.8,0.8,new,27,2,plus_placement,cnn,619,2456,68d0e5f-dirty
Subject969,30,0.4962962962962963,0.5666666666666667,0.5666666666666667,new,27,2,plus_placement,cnn,619,2456,68d0e5f-dirty
Subject516,30,0.8825396825396825,0.9,0.9,recorded,27,2,plus_placement,cnn,619,2456,68d0e5f-dirty
Subject819,60,0.7722943722943723,0.8166666666666667,0.8166666666666667,recorded,27,2,plus_placement,cnn,619,2456,68d0e5f-dirty
Subject226,30,0.5977777777777776,0.6666666666666666,0.6666666666666666,new,27,4,none,cnn,1321,0,68d0e5f-dirty
Subject352,30,0.7936507936507937,0.8333333333333334,0.8333333333333334,new,27,4,none,cnn,1321,0,68d0e5f-dirty
Subject611,60,0.7945310245310245,0.8166666666666667,0.8166666666666667,new,27,4,none,cnn,1321,0,68d0e5f-dirty
Subject741,60,0.6204965404965405,0.6666666666666666,0.6666666666666666,new,27,4,none,cnn,1321,0,68d0e5f-dirty
Subject890,30,0.695873015873016,0.7333333333333333,0.7333333333333333,new,27,4,none,cnn,1321,0,68d0e5f-dirty
Subject969,30,0.6044444444444445,0.6666666666666666,0.6666666666666666,new,27,4,none,cnn,1321,0,68d0e5f-dirty
Subject516,30,0.9288888888888888,0.9333333333333333,0.9333333333333333,recorded,27,4,none,cnn,1321,0,68d0e5f-dirty
Subject561,60,0.9062626262626262,0.9166666666666666,0.9166666666666666,recorded,27,4,none,cnn,1321,0,68d0e5f-dirty
Subject729,60,0.8786916786916786,0.9,0.9,recorded,27,4,none,cnn,1321,0,68d0e5f-dirty
Subject819,60,0.755046805046805,0.7833333333333333,0.7833333333333333,recorded,27,4,none,cnn,1321,0,68d0e5f-dirty
Subject226,30,0.6118518518518518,0.6666666666666666,0.6666666666666666,new,27,4,tempo_intensity,cnn,1321,5337,68d0e5f-dirty
Subject352,30,0.7866666666666667,0.8333333333333334,0.8333333333333334,new,27,4,tempo_intensity,cnn,1321,5337,68d0e5f-dirty
Subject611,60,0.76996632996633,0.8,0.8,new,27,4,tempo_intensity,cnn,1321,5337,68d0e5f-dirty
Subject741,60,0.5768986568986569,0.65,0.65,new,27,4,tempo_intensity,cnn,1321,5337,68d0e5f-dirty
Subject890,30,0.6069841269841271,0.6666666666666666,0.6666666666666666,new,27,4,tempo_intensity,cnn,1321,5337,68d0e5f-dirty
Subject969,30,0.6044444444444445,0.6666666666666666,0.6666666666666666,new,27,4,tempo_intensity,cnn,1321,5337,68d0e5f-dirty
Subject516,30,0.8755555555555555,0.9,0.9,recorded,27,4,tempo_intensity,cnn,1321,5337,68d0e5f-dirty
Subject561,60,0.9418181818181818,0.95,0.95,recorded,27,4,tempo_intensity,cnn,1321,5337,68d0e5f-dirty
Subject729,60,0.8956228956228957,0.9166666666666666,0.9166666666666666,recorded,27,4,tempo_intensity,cnn,1321,5337,68d0e5f-dirty
Subject819,60,0.8098087098087098,0.8333333333333334,0.8333333333333334,recorded,27,4,tempo_intensity,cnn,1321,5337,68d0e5f-dirty
Subject226,30,0.5674074074074074,0.6333333333333333,0.6333333333333333,new,27,4,plus_placement,cnn,1321,5485,68d0e5f-dirty
Subject352,30,0.7555555555555554,0.8,0.8,new,27,4,plus_placement,cnn,1321,5485,68d0e5f-dirty
Subject611,60,0.7902837902837903,0.8333333333333334,0.8333333333333334,new,27,4,plus_placement,cnn,1321,5485,68d0e5f-dirty
Subject741,60,0.5573219373219374,0.6333333333333333,0.6333333333333333,new,27,4,plus_placement,cnn,1321,5485,68d0e5f-dirty
Subject890,30,0.658095238095238,0.7,0.7,new,27,4,plus_placement,cnn,1321,5485,68d0e5f-dirty
Subject969,30,0.7092063492063493,0.7666666666666667,0.7666666666666667,new,27,4,plus_placement,cnn,1321,5485,68d0e5f-dirty
Subject516,30,0.8247619047619048,0.8666666666666667,0.8666666666666667,recorded,27,4,plus_placement,cnn,1321,5485,68d0e5f-dirty
Subject561,60,0.9111111111111111,0.9333333333333333,0.9333333333333333,recorded,27,4,plus_placement,cnn,1321,5485,68d0e5f-dirty
Subject729,60,0.8632996632996632,0.8833333333333333,0.8833333333333333,recorded,27,4,plus_placement,cnn,1321,5485,68d0e5f-dirty
Subject819,60,0.8603174603174603,0.8833333333333333,0.8833333333333333,recorded,27,4,plus_placement,cnn,1321,5485,68d0e5f-dirty
Subject226,30,0.6644444444444445,0.7333333333333333,0.7333333333333333,new,27,8,none,cnn,2476,0,68d0e5f-dirty
Subject352,30,0.8755555555555555,0.9,0.9,new,27,8,none,cnn,2476,0,68d0e5f-dirty
Subject611,60,0.9223280423280423,0.9333333333333333,0.9333333333333333,new,27,8,none,cnn,2476,0,68d0e5f-dirty
Subject741,60,0.8161038961038961,0.8166666666666667,0.8166666666666667,new,27,8,none,cnn,2476,0,68d0e5f-dirty
Subject890,30,0.6911111111111111,0.7333333333333333,0.7333333333333333,new,27,8,none,cnn,2476,0,68d0e5f-dirty
Subject969,30,0.6340740740740741,0.7,0.7,new,27,8,none,cnn,2476,0,68d0e5f-dirty
Subject139,60,1.0,1.0,1.0,recorded,27,8,none,cnn,2476,0,68d0e5f-dirty
Subject516,30,0.8825396825396825,0.9,0.9,recorded,27,8,none,cnn,2476,0,68d0e5f-dirty
Subject561,60,1.0,1.0,1.0,recorded,27,8,none,cnn,2476,0,68d0e5f-dirty
Subject580,90,0.8805927405927407,0.888888888888889,0.8888888888888888,recorded,27,8,none,cnn,2476,0,68d0e5f-dirty
Subject729,60,0.9644444444444444,0.9666666666666667,0.9666666666666667,recorded,27,8,none,cnn,2476,0,68d0e5f-dirty
Subject819,60,0.8374410774410775,0.8666666666666667,0.8666666666666667,recorded,27,8,none,cnn,2476,0,68d0e5f-dirty
Subject867,60,0.8556613756613756,0.8666666666666667,0.8666666666666667,recorded,27,8,none,cnn,2476,0,68d0e5f-dirty
Subject877,60,1.0,1.0,1.0,recorded,27,8,none,cnn,2476,0,68d0e5f-dirty
Subject226,30,0.7088888888888888,0.7666666666666667,0.7666666666666667,new,27,8,tempo_intensity,cnn,2476,9915,68d0e5f-dirty
Subject352,30,0.7866666666666666,0.8333333333333334,0.8333333333333334,new,27,8,tempo_intensity,cnn,2476,9915,68d0e5f-dirty
Subject611,60,0.9288888888888889,0.9333333333333333,0.9333333333333333,new,27,8,tempo_intensity,cnn,2476,9915,68d0e5f-dirty
Subject741,60,0.6863492063492064,0.7166666666666667,0.7166666666666667,new,27,8,tempo_intensity,cnn,2476,9915,68d0e5f-dirty
Subject890,30,0.6088888888888888,0.6666666666666666,0.6666666666666666,new,27,8,tempo_intensity,cnn,2476,9915,68d0e5f-dirty
Subject969,30,0.6422222222222221,0.7,0.7,new,27,8,tempo_intensity,cnn,2476,9915,68d0e5f-dirty
Subject139,60,0.9475132275132275,0.95,0.95,recorded,27,8,tempo_intensity,cnn,2476,9915,68d0e5f-dirty
Subject516,30,0.8333333333333334,0.8666666666666667,0.8666666666666667,recorded,27,8,tempo_intensity,cnn,2476,9915,68d0e5f-dirty
Subject561,60,0.8755555555555555,0.9,0.9,recorded,27,8,tempo_intensity,cnn,2476,9915,68d0e5f-dirty
Subject580,90,0.7958603969130283,0.8111111111111112,0.8111111111111111,recorded,27,8,tempo_intensity,cnn,2476,9915,68d0e5f-dirty
Subject729,60,0.9644444444444444,0.9666666666666667,0.9666666666666667,recorded,27,8,tempo_intensity,cnn,2476,9915,68d0e5f-dirty
Subject819,60,0.9111111111111111,0.9333333333333333,0.9333333333333333,recorded,27,8,tempo_intensity,cnn,2476,9915,68d0e5f-dirty
Subject867,60,0.8315018315018317,0.85,0.85,recorded,27,8,tempo_intensity,cnn,2476,9915,68d0e5f-dirty
Subject877,60,1.0,1.0,1.0,recorded,27,8,tempo_intensity,cnn,2476,9915,68d0e5f-dirty
Subject226,30,0.7022222222222222,0.7666666666666667,0.7666666666666667,new,27,8,plus_placement,cnn,2476,9992,68d0e5f-dirty
Subject352,30,0.8755555555555555,0.9,0.9,new,27,8,plus_placement,cnn,2476,9992,68d0e5f-dirty
Subject611,60,0.9475132275132275,0.95,0.95,new,27,8,plus_placement,cnn,2476,9992,68d0e5f-dirty
Subject741,60,0.8612698412698413,0.8666666666666667,0.8666666666666667,new,27,8,plus_placement,cnn,2476,9992,68d0e5f-dirty
Subject890,30,0.6825396825396826,0.7333333333333333,0.7333333333333333,new,27,8,plus_placement,cnn,2476,9992,68d0e5f-dirty
Subject969,30,0.6044444444444445,0.6666666666666666,0.6666666666666666,new,27,8,plus_placement,cnn,2476,9992,68d0e5f-dirty
Subject139,60,0.9830687830687831,0.9833333333333333,0.9833333333333333,recorded,27,8,plus_placement,cnn,2476,9992,68d0e5f-dirty
Subject516,30,0.8333333333333334,0.8666666666666667,0.8666666666666667,recorded,27,8,plus_placement,cnn,2476,9992,68d0e5f-dirty
Subject561,60,0.9418181818181818,0.95,0.95,recorded,27,8,plus_placement,cnn,2476,9992,68d0e5f-dirty
Subject580,90,0.8619802419802418,0.8666666666666668,0.8666666666666667,recorded,27,8,plus_placement,cnn,2476,9992,68d0e5f-dirty
Subject729,60,0.9644444444444444,0.9666666666666667,0.9666666666666667,recorded,27,8,plus_placement,cnn,2476,9992,68d0e5f-dirty
Subject819,60,0.9111111111111111,0.9333333333333333,0.9333333333333333,recorded,27,8,plus_placement,cnn,2476,9992,68d0e5f-dirty
Subject867,60,0.8783261183261183,0.8833333333333333,0.8833333333333333,recorded,27,8,plus_placement,cnn,2476,9992,68d0e5f-dirty
Subject877,60,1.0,1.0,1.0,recorded,27,8,plus_placement,cnn,2476,9992,68d0e5f-dirty
Subject226,30,0.8177777777777778,0.8666666666666667,0.8666666666666667,new,27,17,none,cnn,4975,0,68d0e5f-dirty
Subject352,30,0.7866666666666666,0.8333333333333334,0.8333333333333334,new,27,17,none,cnn,4975,0,68d0e5f-dirty
Subject611,60,0.9830687830687831,0.9833333333333333,0.9833333333333333,new,27,17,none,cnn,4975,0,68d0e5f-dirty
Subject741,60,0.9661375661375662,0.9666666666666667,0.9666666666666667,new,27,17,none,cnn,4975,0,68d0e5f-dirty
Subject890,30,0.8444444444444444,0.8666666666666667,0.8666666666666667,new,27,17,none,cnn,4975,0,68d0e5f-dirty
Subject969,30,0.7444444444444446,0.8,0.8,new,27,17,none,cnn,4975,0,68d0e5f-dirty
Subject139,60,0.9830687830687831,0.9833333333333333,0.9833333333333333,recorded,27,17,none,cnn,4975,0,68d0e5f-dirty
Subject147,31,0.9733333333333334,0.9777777777777777,0.967741935483871,recorded,27,17,none,cnn,4975,0,68d0e5f-dirty
Subject353,60,0.8363636363636363,0.85,0.85,recorded,27,17,none,cnn,4975,0,68d0e5f-dirty
Subject354,60,0.9485714285714286,0.95,0.95,recorded,27,17,none,cnn,4975,0,68d0e5f-dirty
Subject376,60,0.8647619047619047,0.8833333333333333,0.8833333333333333,recorded,27,17,none,cnn,4975,0,68d0e5f-dirty
Subject424,60,0.9644444444444444,0.9666666666666667,0.9666666666666667,recorded,27,17,none,cnn,4975,0,68d0e5f-dirty
Subject455,60,0.9311111111111111,0.9333333333333333,0.9333333333333333,recorded,27,17,none,cnn,4975,0,68d0e5f-dirty
Subject494,60,0.84,0.8666666666666667,0.8666666666666667,recorded,27,17,none,cnn,4975,0,68d0e5f-dirty
Subject516,30,0.8888888888888888,0.9,0.9,recorded,27,17,none,cnn,4975,0,68d0e5f-dirty
Subject561,60,0.9282539682539682,0.9333333333333333,0.9333333333333333,recorded,27,17,none,cnn,4975,0,68d0e5f-dirty
Subject571,30,0.8825396825396825,0.9,0.9,recorded,27,17,none,cnn,4975,0,68d0e5f-dirty
Subject580,90,0.8355451955451956,0.8444444444444444,0.8444444444444444,recorded,27,17,none,cnn,4975,0,68d0e5f-dirty
Subject729,60,0.9475132275132274,0.95,0.95,recorded,27,17,none,cnn,4975,0,68d0e5f-dirty
Subject731,30,0.9644444444444444,0.9666666666666667,0.9666666666666667,recorded,27,17,none,cnn,4975,0,68d0e5f-dirty
Subject819,60,0.8926984126984128,0.9,0.9,recorded,27,17,none,cnn,4975,0,68d0e5f-dirty
Subject867,60,0.9481481481481481,0.95,0.95,recorded,27,17,none,cnn,4975,0,68d0e5f-dirty
Subject877,60,1.0,1.0,1.0,recorded,27,17,none,cnn,4975,0,68d0e5f-dirty
Subject226,30,0.8177777777777778,0.8666666666666667,0.8666666666666667,new,27,17,tempo_intensity,cnn,4975,20122,68d0e5f-dirty
Subject352,30,0.84,0.8666666666666667,0.8666666666666667,new,27,17,tempo_intensity,cnn,4975,20122,68d0e5f-dirty
Subject611,60,0.8941798941798942,0.9166666666666666,0.9166666666666666,new,27,17,tempo_intensity,cnn,4975,20122,68d0e5f-dirty
Subject741,60,0.9460317460317461,0.95,0.95,new,27,17,tempo_intensity,cnn,4975,20122,68d0e5f-dirty
Subject890,30,0.8222222222222222,0.8666666666666667,0.8666666666666667,new,27,17,tempo_intensity,cnn,4975,20122,68d0e5f-dirty
Subject969,30,0.7955555555555556,0.8333333333333334,0.8333333333333334,new,27,17,tempo_intensity,cnn,4975,20122,68d0e5f-dirty
Subject139,60,0.9322751322751323,0.9333333333333333,0.9333333333333333,recorded,27,17,tempo_intensity,cnn,4975,20122,68d0e5f-dirty
Subject147,31,0.9377777777777779,0.9444444444444444,0.9354838709677419,recorded,27,17,tempo_intensity,cnn,4975,20122,68d0e5f-dirty
Subject353,60,0.8266666666666667,0.8333333333333334,0.8333333333333334,recorded,27,17,tempo_intensity,cnn,4975,20122,68d0e5f-dirty
Subject354,60,0.9666666666666667,0.9666666666666667,0.9666666666666667,recorded,27,17,tempo_intensity,cnn,4975,20122,68d0e5f-dirty
Subject376,60,0.882010582010582,0.8833333333333333,0.8833333333333333,recorded,27,17,tempo_intensity,cnn,4975,20122,68d0e5f-dirty
Subject424,60,0.8914285714285715,0.9,0.9,recorded,27,17,tempo_intensity,cnn,4975,20122,68d0e5f-dirty
Subject455,60,1.0,1.0,1.0,recorded,27,17,tempo_intensity,cnn,4975,20122,68d0e5f-dirty
Subject494,60,0.9830687830687831,0.9833333333333333,0.9833333333333333,recorded,27,17,tempo_intensity,cnn,4975,20122,68d0e5f-dirty
Subject516,30,1.0,1.0,1.0,recorded,27,17,tempo_intensity,cnn,4975,20122,68d0e5f-dirty
Subject561,60,0.924886964886965,0.9333333333333333,0.9333333333333333,recorded,27,17,tempo_intensity,cnn,4975,20122,68d0e5f-dirty
Subject571,30,0.9644444444444444,0.9666666666666667,0.9666666666666667,recorded,27,17,tempo_intensity,cnn,4975,20122,68d0e5f-dirty
Subject580,90,0.8877078477078476,0.888888888888889,0.8888888888888888,recorded,27,17,tempo_intensity,cnn,4975,20122,68d0e5f-dirty
Subject729,60,0.9311111111111111,0.9333333333333333,0.9333333333333333,recorded,27,17,tempo_intensity,cnn,4975,20122,68d0e5f-dirty
Subject731,30,0.9288888888888889,0.9333333333333333,0.9333333333333333,recorded,27,17,tempo_intensity,cnn,4975,20122,68d0e5f-dirty
Subject819,60,0.852929292929293,0.8833333333333333,0.8833333333333333,recorded,27,17,tempo_intensity,cnn,4975,20122,68d0e5f-dirty
Subject867,60,0.9664021164021165,0.9666666666666667,0.9666666666666667,recorded,27,17,tempo_intensity,cnn,4975,20122,68d0e5f-dirty
Subject877,60,1.0,1.0,1.0,recorded,27,17,tempo_intensity,cnn,4975,20122,68d0e5f-dirty
Subject226,30,0.7444444444444446,0.8,0.8,new,27,17,plus_placement,cnn,4975,20358,68d0e5f-dirty
Subject352,30,0.84,0.8666666666666667,0.8666666666666667,new,27,17,plus_placement,cnn,4975,20358,68d0e5f-dirty
Subject611,60,0.924886964886965,0.9333333333333333,0.9333333333333333,new,27,17,plus_placement,cnn,4975,20358,68d0e5f-dirty
Subject741,60,0.9460317460317461,0.95,0.95,new,27,17,plus_placement,cnn,4975,20358,68d0e5f-dirty
Subject890,30,0.8955555555555555,0.9,0.9,new,27,17,plus_placement,cnn,4975,20358,68d0e5f-dirty
Subject969,30,0.6523809523809523,0.7,0.7,new,27,17,plus_placement,cnn,4975,20358,68d0e5f-dirty
Subject139,60,0.9314814814814815,0.9333333333333333,0.9333333333333333,recorded,27,17,plus_placement,cnn,4975,20358,68d0e5f-dirty
Subject147,31,0.9377777777777779,0.9444444444444444,0.9354838709677419,recorded,27,17,plus_placement,cnn,4975,20358,68d0e5f-dirty
Subject353,60,0.8166666666666667,0.8333333333333334,0.8333333333333334,recorded,27,17,plus_placement,cnn,4975,20358,68d0e5f-dirty
Subject354,60,0.9492063492063492,0.95,0.95,recorded,27,17,plus_placement,cnn,4975,20358,68d0e5f-dirty
Subject376,60,0.865993265993266,0.8833333333333333,0.8833333333333333,recorded,27,17,plus_placement,cnn,4975,20358,68d0e5f-dirty
Subject424,60,0.8211640211640212,0.85,0.85,recorded,27,17,plus_placement,cnn,4975,20358,68d0e5f-dirty
Subject455,60,1.0,1.0,1.0,recorded,27,17,plus_placement,cnn,4975,20358,68d0e5f-dirty
Subject494,60,0.888888888888889,0.9,0.9,recorded,27,17,plus_placement,cnn,4975,20358,68d0e5f-dirty
Subject516,30,0.9111111111111111,0.9333333333333333,0.9333333333333333,recorded,27,17,plus_placement,cnn,4975,20358,68d0e5f-dirty
Subject561,60,0.924886964886965,0.9333333333333333,0.9333333333333333,recorded,27,17,plus_placement,cnn,4975,20358,68d0e5f-dirty
Subject571,30,0.8825396825396825,0.9,0.9,recorded,27,17,plus_placement,cnn,4975,20358,68d0e5f-dirty
Subject580,90,0.9001620601620601,0.9,0.9,recorded,27,17,plus_placement,cnn,4975,20358,68d0e5f-dirty
Subject729,60,0.9664021164021165,0.9666666666666667,0.9666666666666667,recorded,27,17,plus_placement,cnn,4975,20358,68d0e5f-dirty
Subject731,30,0.9644444444444444,0.9666666666666667,0.9666666666666667,recorded,27,17,plus_placement,cnn,4975,20358,68d0e5f-dirty
Subject819,60,0.8981684981684982,0.9166666666666666,0.9166666666666666,recorded,27,17,plus_placement,cnn,4975,20358,68d0e5f-dirty
Subject867,60,0.9830687830687831,0.9833333333333333,0.9833333333333333,recorded,27,17,plus_placement,cnn,4975,20358,68d0e5f-dirty
Subject877,60,1.0,1.0,1.0,recorded,27,17,plus_placement,cnn,4975,20358,68d0e5f-dirty
Subject139,60,0.6177452177452177,0.7,0.7,new,28,2,none,cnn,714,0,68d0e5f-dirty
Subject352,30,0.5777777777777778,0.6333333333333333,0.6333333333333333,new,28,2,none,cnn,714,0,68d0e5f-dirty
Subject494,60,0.601111111111111,0.6833333333333333,0.6833333333333333,new,28,2,none,cnn,714,0,68d0e5f-dirty
Subject516,30,0.758095238095238,0.8,0.8,new,28,2,none,cnn,714,0,68d0e5f-dirty
Subject729,60,0.7030687830687832,0.75,0.75,new,28,2,none,cnn,714,0,68d0e5f-dirty
Subject877,60,0.6356277056277055,0.65,0.65,new,28,2,none,cnn,714,0,68d0e5f-dirty
Subject455,60,0.9136507936507936,0.9166666666666666,0.9166666666666666,recorded,28,2,none,cnn,714,0,68d0e5f-dirty
Subject969,30,0.8074074074074074,0.8333333333333334,0.8333333333333334,recorded,28,2,none,cnn,714,0,68d0e5f-dirty
Subject139,60,0.6177452177452178,0.7,0.7,new,28,2,tempo_intensity,cnn,714,2903,68d0e5f-dirty
Subject352,30,0.4492063492063492,0.5333333333333333,0.5333333333333333,new,28,2,tempo_intensity,cnn,714,2903,68d0e5f-dirty
Subject494,60,0.6122222222222222,0.6833333333333333,0.6833333333333333,new,28,2,tempo_intensity,cnn,714,2903,68d0e5f-dirty
Subject516,30,0.618095238095238,0.6666666666666666,0.6666666666666666,new,28,2,tempo_intensity,cnn,714,2903,68d0e5f-dirty
Subject729,60,0.74010582010582,0.7666666666666667,0.7666666666666667,new,28,2,tempo_intensity,cnn,714,2903,68d0e5f-dirty
Subject877,60,0.6246176046176046,0.65,0.65,new,28,2,tempo_intensity,cnn,714,2903,68d0e5f-dirty
Subject455,60,0.8456950456950456,0.8666666666666667,0.8666666666666667,recorded,28,2,tempo_intensity,cnn,714,2903,68d0e5f-dirty
Subject969,30,0.8555555555555555,0.8666666666666667,0.8666666666666667,recorded,28,2,tempo_intensity,cnn,714,2903,68d0e5f-dirty
Subject139,60,0.7666137566137565,0.8,0.8,new,28,2,plus_placement,cnn,714,2881,68d0e5f-dirty
Subject352,30,0.5444444444444444,0.6,0.6,new,28,2,plus_placement,cnn,714,2881,68d0e5f-dirty
Subject494,60,0.6144444444444445,0.6666666666666666,0.6666666666666666,new,28,2,plus_placement,cnn,714,2881,68d0e5f-dirty
Subject516,30,0.7511111111111111,0.8,0.8,new,28,2,plus_placement,cnn,714,2881,68d0e5f-dirty
Subject729,60,0.7243386243386243,0.75,0.75,new,28,2,plus_placement,cnn,714,2881,68d0e5f-dirty
Subject877,60,0.61998556998557,0.65,0.65,new,28,2,plus_placement,cnn,714,2881,68d0e5f-dirty
Subject455,60,0.9305820105820106,0.9333333333333333,0.9333333333333333,recorded,28,2,plus_placement,cnn,714,2881,68d0e5f-dirty
Subject969,30,0.9111111111111111,0.9333333333333333,0.9333333333333333,recorded,28,2,plus_placement,cnn,714,2881,68d0e5f-dirty
Subject139,60,0.6448677248677248,0.7,0.7,new,28,4,none,cnn,1338,0,68d0e5f-dirty
Subject352,30,0.6088888888888888,0.6666666666666666,0.6666666666666666,new,28,4,none,cnn,1338,0,68d0e5f-dirty
Subject494,60,0.636084656084656,0.6666666666666666,0.6666666666666666,new,28,4,none,cnn,1338,0,68d0e5f-dirty
Subject516,30,0.8488888888888889,0.8666666666666667,0.8666666666666667,new,28,4,none,cnn,1338,0,68d0e5f-dirty
Subject729,60,0.7698075998075998,0.7833333333333333,0.7833333333333333,new,28,4,none,cnn,1338,0,68d0e5f-dirty
Subject877,60,0.6182395382395381,0.6666666666666666,0.6666666666666666,new,28,4,none,cnn,1338,0,68d0e5f-dirty
Subject226,30,0.8422222222222222,0.8666666666666667,0.8666666666666667,recorded,28,4,none,cnn,1338,0,68d0e5f-dirty
Subject455,60,0.9644444444444444,0.9666666666666667,0.9666666666666667,recorded,28,4,none,cnn,1338,0,68d0e5f-dirty
Subject731,30,0.8380952380952381,0.8666666666666667,0.8666666666666667,recorded,28,4,none,cnn,1338,0,68d0e5f-dirty
Subject969,30,0.8074074074074074,0.8333333333333334,0.8333333333333334,recorded,28,4,none,cnn,1338,0,68d0e5f-dirty
Subject139,60,0.685002035002035,0.7166666666666667,0.7166666666666667,new,28,4,tempo_intensity,cnn,1338,5447,68d0e5f-dirty
Subject352,30,0.6177777777777779,0.6666666666666666,0.6666666666666666,new,28,4,tempo_intensity,cnn,1338,5447,68d0e5f-dirty
Subject494,60,0.6922895622895623,0.7166666666666667,0.7166666666666667,new,28,4,tempo_intensity,cnn,1338,5447,68d0e5f-dirty
Subject516,30,0.7333333333333332,0.7666666666666667,0.7666666666666667,new,28,4,tempo_intensity,cnn,1338,5447,68d0e5f-dirty
Subject729,60,0.6232275132275132,0.6666666666666666,0.6666666666666666,new,28,4,tempo_intensity,cnn,1338,5447,68d0e5f-dirty
Subject877,60,0.6304425204425205,0.6833333333333333,0.6833333333333333,new,28,4,tempo_intensity,cnn,1338,5447,68d0e5f-dirty
Subject226,30,0.9111111111111111,0.9333333333333333,0.9333333333333333,recorded,28,4,tempo_intensity,cnn,1338,5447,68d0e5f-dirty
Subject455,60,0.9392592592592592,0.95,0.95,recorded,28,4,tempo_intensity,cnn,1338,5447,68d0e5f-dirty
Subject731,30,0.7666666666666667,0.8,0.8,recorded,28,4,tempo_intensity,cnn,1338,5447,68d0e5f-dirty
Subject969,30,0.8074074074074074,0.8333333333333334,0.8333333333333334,recorded,28,4,tempo_intensity,cnn,1338,5447,68d0e5f-dirty
Subject139,60,0.6933333333333332,0.7166666666666667,0.7166666666666667,new,28,4,plus_placement,cnn,1338,5330,68d0e5f-dirty
Subject352,30,0.6844444444444444,0.7333333333333333,0.7333333333333333,new,28,4,plus_placement,cnn,1338,5330,68d0e5f-dirty
Subject494,60,0.562514619883041,0.6166666666666667,0.6166666666666667,new,28,4,plus_placement,cnn,1338,5330,68d0e5f-dirty
Subject516,30,0.8533333333333334,0.8666666666666667,0.8666666666666667,new,28,4,plus_placement,cnn,1338,5330,68d0e5f-dirty
Subject729,60,0.7475132275132276,0.7833333333333333,0.7833333333333333,new,28,4,plus_placement,cnn,1338,5330,68d0e5f-dirty
Subject877,60,0.7585377585377586,0.7833333333333333,0.7833333333333333,new,28,4,plus_placement,cnn,1338,5330,68d0e5f-dirty
Subject226,30,0.8777777777777778,0.9,0.9,recorded,28,4,plus_placement,cnn,1338,5330,68d0e5f-dirty
Subject455,60,0.9644444444444444,0.9666666666666667,0.9666666666666667,recorded,28,4,plus_placement,cnn,1338,5330,68d0e5f-dirty
Subject731,30,0.8825396825396826,0.9,0.9,recorded,28,4,plus_placement,cnn,1338,5330,68d0e5f-dirty
Subject969,30,0.7755555555555556,0.8,0.8,recorded,28,4,plus_placement,cnn,1338,5330,68d0e5f-dirty
Subject139,60,0.9141798941798942,0.9166666666666666,0.9166666666666666,new,28,8,none,cnn,2451,0,68d0e5f-dirty
Subject352,30,0.6266666666666666,0.6666666666666666,0.6666666666666666,new,28,8,none,cnn,2451,0,68d0e5f-dirty
Subject494,60,0.725925925925926,0.7666666666666667,0.7666666666666667,new,28,8,none,cnn,2451,0,68d0e5f-dirty
Subject516,30,0.8380952380952381,0.8666666666666667,0.8666666666666667,new,28,8,none,cnn,2451,0,68d0e5f-dirty
Subject729,60,0.8273015873015873,0.8333333333333334,0.8333333333333334,new,28,8,none,cnn,2451,0,68d0e5f-dirty
Subject877,60,0.9223280423280423,0.9333333333333333,0.9333333333333333,new,28,8,none,cnn,2451,0,68d0e5f-dirty
Subject147,31,1.0,1.0,1.0,recorded,28,8,none,cnn,2451,0,68d0e5f-dirty
Subject226,30,0.8955555555555554,0.9,0.9,recorded,28,8,none,cnn,2451,0,68d0e5f-dirty
Subject455,60,1.0,1.0,1.0,recorded,28,8,none,cnn,2451,0,68d0e5f-dirty
Subject561,60,0.9111111111111111,0.9333333333333333,0.9333333333333333,recorded,28,8,none,cnn,2451,0,68d0e5f-dirty
Subject580,90,0.9554001554001554,0.9555555555555557,0.9555555555555556,recorded,28,8,none,cnn,2451,0,68d0e5f-dirty
Subject731,30,0.9644444444444444,0.9666666666666667,0.9666666666666667,recorded,28,8,none,cnn,2451,0,68d0e5f-dirty
Subject741,60,0.9311111111111111,0.9333333333333333,0.9333333333333333,recorded,28,8,none,cnn,2451,0,68d0e5f-dirty
Subject969,30,0.7777777777777778,0.8,0.8,recorded,28,8,none,cnn,2451,0,68d0e5f-dirty
Subject139,60,0.8726647426647427,0.8833333333333333,0.8833333333333333,new,28,8,tempo_intensity,cnn,2451,9890,68d0e5f-dirty
Subject352,30,0.6444444444444445,0.7,0.7,new,28,8,tempo_intensity,cnn,2451,9890,68d0e5f-dirty
Subject494,60,0.7481481481481481,0.8,0.8,new,28,8,tempo_intensity,cnn,2451,9890,68d0e5f-dirty
Subject516,30,0.8825396825396825,0.9,0.9,new,28,8,tempo_intensity,cnn,2451,9890,68d0e5f-dirty
Subject729,60,0.7845502645502646,0.8166666666666667,0.8166666666666667,new,28,8,tempo_intensity,cnn,2451,9890,68d0e5f-dirty
Subject877,60,1.0,1.0,1.0,new,28,8,tempo_intensity,cnn,2451,9890,68d0e5f-dirty
Subject147,31,0.9288888888888889,0.9333333333333333,0.9354838709677419,recorded,28,8,tempo_intensity,cnn,2451,9890,68d0e5f-dirty
Subject226,30,0.8755555555555555,0.9,0.9,recorded,28,8,tempo_intensity,cnn,2451,9890,68d0e5f-dirty
Subject455,60,1.0,1.0,1.0,recorded,28,8,tempo_intensity,cnn,2451,9890,68d0e5f-dirty
Subject561,60,0.9475132275132275,0.95,0.95,recorded,28,8,tempo_intensity,cnn,2451,9890,68d0e5f-dirty
Subject580,90,0.9276223776223775,0.9333333333333333,0.9333333333333333,recorded,28,8,tempo_intensity,cnn,2451,9890,68d0e5f-dirty
Subject731,30,0.9111111111111111,0.9333333333333333,0.9333333333333333,recorded,28,8,tempo_intensity,cnn,2451,9890,68d0e5f-dirty
Subject741,60,0.9248869648869648,0.9333333333333333,0.9333333333333333,recorded,28,8,tempo_intensity,cnn,2451,9890,68d0e5f-dirty
Subject969,30,0.6425396825396826,0.7,0.7,recorded,28,8,tempo_intensity,cnn,2451,9890,68d0e5f-dirty
Subject139,60,0.8596825396825397,0.8833333333333333,0.8833333333333333,new,28,8,plus_placement,cnn,2451,9873,68d0e5f-dirty
Subject352,30,0.7511111111111112,0.8,0.8,new,28,8,plus_placement,cnn,2451,9873,68d0e5f-dirty
Subject494,60,0.7751515151515153,0.8166666666666667,0.8166666666666667,new,28,8,plus_placement,cnn,2451,9873,68d0e5f-dirty
Subject516,30,0.9644444444444444,0.9666666666666667,0.9666666666666667,new,28,8,plus_placement,cnn,2451,9873,68d0e5f-dirty
Subject729,60,0.8780952380952382,0.8833333333333333,0.8833333333333333,new,28,8,plus_placement,cnn,2451,9873,68d0e5f-dirty
Subject877,60,0.9830687830687831,0.9833333333333333,0.9833333333333333,new,28,8,plus_placement,cnn,2451,9873,68d0e5f-dirty
Subject147,31,0.9644444444444444,0.9666666666666667,0.967741935483871,recorded,28,8,plus_placement,cnn,2451,9873,68d0e5f-dirty
Subject226,30,0.9288888888888889,0.9333333333333333,0.9333333333333333,recorded,28,8,plus_placement,cnn,2451,9873,68d0e5f-dirty
Subject455,60,0.9830687830687831,0.9833333333333333,0.9833333333333333,recorded,28,8,plus_placement,cnn,2451,9873,68d0e5f-dirty
Subject561,60,0.8491005291005291,0.8666666666666667,0.8666666666666667,recorded,28,8,plus_placement,cnn,2451,9873,68d0e5f-dirty
Subject580,90,0.9547652347652348,0.9555555555555556,0.9555555555555556,recorded,28,8,plus_placement,cnn,2451,9873,68d0e5f-dirty
Subject731,30,0.9644444444444444,0.9666666666666667,0.9666666666666667,recorded,28,8,plus_placement,cnn,2451,9873,68d0e5f-dirty
Subject741,60,0.9328042328042329,0.9333333333333333,0.9333333333333333,recorded,28,8,plus_placement,cnn,2451,9873,68d0e5f-dirty
Subject969,30,0.8800000000000001,0.9,0.9,recorded,28,8,plus_placement,cnn,2451,9873,68d0e5f-dirty
Subject139,60,0.911957671957672,0.9166666666666666,0.9166666666666666,new,28,17,none,cnn,5096,0,68d0e5f-dirty
Subject352,30,0.7866666666666667,0.8333333333333334,0.8333333333333334,new,28,17,none,cnn,5096,0,68d0e5f-dirty
Subject494,60,0.7881673881673881,0.8166666666666667,0.8166666666666667,new,28,17,none,cnn,5096,0,68d0e5f-dirty
Subject516,30,1.0,1.0,1.0,new,28,17,none,cnn,5096,0,68d0e5f-dirty
Subject729,60,0.8751515151515151,0.8833333333333333,0.8833333333333333,new,28,17,none,cnn,5096,0,68d0e5f-dirty
Subject877,60,1.0,1.0,1.0,new,28,17,none,cnn,5096,0,68d0e5f-dirty
Subject147,31,1.0,1.0,1.0,recorded,28,17,none,cnn,5096,0,68d0e5f-dirty
Subject226,30,0.9288888888888889,0.9333333333333333,0.9333333333333333,recorded,28,17,none,cnn,5096,0,68d0e5f-dirty
Subject353,60,0.910918710918711,0.9166666666666666,0.9166666666666666,recorded,28,17,none,cnn,5096,0,68d0e5f-dirty
Subject354,60,0.9830687830687831,0.9833333333333333,0.9833333333333333,recorded,28,17,none,cnn,5096,0,68d0e5f-dirty
Subject376,60,0.9481481481481481,0.95,0.95,recorded,28,17,none,cnn,5096,0,68d0e5f-dirty
Subject424,60,0.912136752136752,0.9166666666666666,0.9166666666666666,recorded,28,17,none,cnn,5096,0,68d0e5f-dirty
Subject455,60,1.0,1.0,1.0,recorded,28,17,none,cnn,5096,0,68d0e5f-dirty
Subject561,60,0.9418181818181818,0.95,0.95,recorded,28,17,none,cnn,5096,0,68d0e5f-dirty
Subject571,30,0.9644444444444444,0.9666666666666667,0.9666666666666667,recorded,28,17,none,cnn,5096,0,68d0e5f-dirty
Subject580,90,0.9192873792873792,0.9222222222222223,0.9222222222222223,recorded,28,17,none,cnn,5096,0,68d0e5f-dirty
Subject611,60,0.9830687830687831,0.9833333333333333,0.9833333333333333,recorded,28,17,none,cnn,5096,0,68d0e5f-dirty
Subject731,30,0.9644444444444444,0.9666666666666667,0.9666666666666667,recorded,28,17,none,cnn,5096,0,68d0e5f-dirty
Subject741,60,0.9492063492063493,0.95,0.95,recorded,28,17,none,cnn,5096,0,68d0e5f-dirty
Subject819,60,0.8040404040404041,0.8333333333333334,0.8333333333333334,recorded,28,17,none,cnn,5096,0,68d0e5f-dirty
Subject867,60,0.9830687830687831,0.9833333333333333,0.9833333333333333,recorded,28,17,none,cnn,5096,0,68d0e5f-dirty
Subject890,30,1.0,1.0,1.0,recorded,28,17,none,cnn,5096,0,68d0e5f-dirty
Subject969,30,0.8074074074074074,0.8333333333333334,0.8333333333333334,recorded,28,17,none,cnn,5096,0,68d0e5f-dirty
Subject139,60,0.9377777777777779,0.95,0.95,new,28,17,tempo_intensity,cnn,5096,20754,68d0e5f-dirty
Subject352,30,0.7866666666666667,0.8333333333333334,0.8333333333333334,new,28,17,tempo_intensity,cnn,5096,20754,68d0e5f-dirty
Subject494,60,0.7930158730158731,0.8166666666666667,0.8166666666666667,new,28,17,tempo_intensity,cnn,5096,20754,68d0e5f-dirty
Subject516,30,0.9333333333333332,0.9333333333333333,0.9333333333333333,new,28,17,tempo_intensity,cnn,5096,20754,68d0e5f-dirty
Subject729,60,0.907955747955748,0.9166666666666666,0.9166666666666666,new,28,17,tempo_intensity,cnn,5096,20754,68d0e5f-dirty
Subject877,60,1.0,1.0,1.0,new,28,17,tempo_intensity,cnn,5096,20754,68d0e5f-dirty
Subject147,31,0.9111111111111111,0.9333333333333333,0.9354838709677419,recorded,28,17,tempo_intensity,cnn,5096,20754,68d0e5f-dirty
Subject226,30,0.9644444444444444,0.9666666666666667,0.9666666666666667,recorded,28,17,tempo_intensity,cnn,5096,20754,68d0e5f-dirty
Subject353,60,0.8123483923483924,0.8333333333333334,0.8333333333333334,recorded,28,17,tempo_intensity,cnn,5096,20754,68d0e5f-dirty
Subject354,60,0.9830687830687831,0.9833333333333333,0.9833333333333333,recorded,28,17,tempo_intensity,cnn,5096,20754,68d0e5f-dirty
Subject376,60,0.9278499278499278,0.9333333333333333,0.9333333333333333,recorded,28,17,tempo_intensity,cnn,5096,20754,68d0e5f-dirty
Subject424,60,0.9644444444444444,0.9666666666666667,0.9666666666666667,recorded,28,17,tempo_intensity,cnn,5096,20754,68d0e5f-dirty
Subject455,60,1.0,1.0,1.0,recorded,28,17,tempo_intensity,cnn,5096,20754,68d0e5f-dirty
Subject561,60,0.9661375661375662,0.9666666666666667,0.9666666666666667,recorded,28,17,tempo_intensity,cnn,5096,20754,68d0e5f-dirty
Subject571,30,0.9644444444444444,0.9666666666666667,0.9666666666666667,recorded,28,17,tempo_intensity,cnn,5096,20754,68d0e5f-dirty
Subject580,90,0.9176881941587823,0.9222222222222222,0.9222222222222223,recorded,28,17,tempo_intensity,cnn,5096,20754,68d0e5f-dirty
Subject611,60,0.9644444444444444,0.9666666666666667,0.9666666666666667,recorded,28,17,tempo_intensity,cnn,5096,20754,68d0e5f-dirty
Subject731,30,0.8333333333333334,0.8666666666666667,0.8666666666666667,recorded,28,17,tempo_intensity,cnn,5096,20754,68d0e5f-dirty
Subject741,60,0.8967195767195767,0.9,0.9,recorded,28,17,tempo_intensity,cnn,5096,20754,68d0e5f-dirty
Subject819,60,0.8764021164021165,0.9,0.9,recorded,28,17,tempo_intensity,cnn,5096,20754,68d0e5f-dirty
Subject867,60,0.9418181818181818,0.95,0.95,recorded,28,17,tempo_intensity,cnn,5096,20754,68d0e5f-dirty
Subject890,30,0.7977777777777778,0.8333333333333334,0.8333333333333334,recorded,28,17,tempo_intensity,cnn,5096,20754,68d0e5f-dirty
Subject969,30,0.8111111111111112,0.8333333333333334,0.8333333333333334,recorded,28,17,tempo_intensity,cnn,5096,20754,68d0e5f-dirty
Subject139,60,1.0,1.0,1.0,new,28,17,plus_placement,cnn,5096,20630,68d0e5f-dirty
Subject352,30,0.7555555555555554,0.8,0.8,new,28,17,plus_placement,cnn,5096,20630,68d0e5f-dirty
Subject494,60,0.804040404040404,0.8333333333333334,0.8333333333333334,new,28,17,plus_placement,cnn,5096,20630,68d0e5f-dirty
Subject516,30,0.9644444444444444,0.9666666666666667,0.9666666666666667,new,28,17,plus_placement,cnn,5096,20630,68d0e5f-dirty
Subject729,60,0.9644444444444444,0.9666666666666667,0.9666666666666667,new,28,17,plus_placement,cnn,5096,20630,68d0e5f-dirty
Subject877,60,0.9830687830687831,0.9833333333333333,0.9833333333333333,new,28,17,plus_placement,cnn,5096,20630,68d0e5f-dirty
Subject147,31,0.9111111111111111,0.9333333333333333,0.9354838709677419,recorded,28,17,plus_placement,cnn,5096,20630,68d0e5f-dirty
Subject226,30,0.9644444444444444,0.9666666666666667,0.9666666666666667,recorded,28,17,plus_placement,cnn,5096,20630,68d0e5f-dirty
Subject353,60,0.931024531024531,0.9333333333333333,0.9333333333333333,recorded,28,17,plus_placement,cnn,5096,20630,68d0e5f-dirty
Subject354,60,1.0,1.0,1.0,recorded,28,17,plus_placement,cnn,5096,20630,68d0e5f-dirty
Subject376,60,0.8955555555555555,0.9,0.9,recorded,28,17,plus_placement,cnn,5096,20630,68d0e5f-dirty
Subject424,60,0.8765811965811967,0.8833333333333333,0.8833333333333333,recorded,28,17,plus_placement,cnn,5096,20630,68d0e5f-dirty
Subject455,60,1.0,1.0,1.0,recorded,28,17,plus_placement,cnn,5096,20630,68d0e5f-dirty
Subject561,60,0.9830687830687831,0.9833333333333333,0.9833333333333333,recorded,28,17,plus_placement,cnn,5096,20630,68d0e5f-dirty
Subject571,30,0.9111111111111111,0.9333333333333333,0.9333333333333333,recorded,28,17,plus_placement,cnn,5096,20630,68d0e5f-dirty
Subject580,90,0.9550449550449549,0.9555555555555556,0.9555555555555556,recorded,28,17,plus_placement,cnn,5096,20630,68d0e5f-dirty
Subject611,60,0.9830687830687831,0.9833333333333333,0.9833333333333333,recorded,28,17,plus_placement,cnn,5096,20630,68d0e5f-dirty
Subject731,30,0.9288888888888889,0.9333333333333333,0.9333333333333333,recorded,28,17,plus_placement,cnn,5096,20630,68d0e5f-dirty
Subject741,60,0.9661375661375662,0.9666666666666667,0.9666666666666667,recorded,28,17,plus_placement,cnn,5096,20630,68d0e5f-dirty
Subject819,60,0.8755555555555555,0.9,0.9,recorded,28,17,plus_placement,cnn,5096,20630,68d0e5f-dirty
Subject867,60,0.9418181818181818,0.95,0.95,recorded,28,17,plus_placement,cnn,5096,20630,68d0e5f-dirty
Subject890,30,0.9644444444444444,0.9666666666666667,0.9666666666666667,recorded,28,17,plus_placement,cnn,5096,20630,68d0e5f-dirty
Subject969,30,0.8074074074074074,0.8333333333333334,0.8333333333333334,recorded,28,17,plus_placement,cnn,5096,20630,68d0e5f-dirty
Subject139,60,0.508917378917379,0.5666666666666667,0.5666666666666667,new,29,2,none,cnn,580,0,68d0e5f-dirty
Subject226,30,0.5444444444444445,0.6,0.6,new,29,2,none,cnn,580,0,68d0e5f-dirty
Subject353,60,0.6225263625263625,0.6666666666666666,0.6666666666666666,new,29,2,none,cnn,580,0,68d0e5f-dirty
Subject424,60,0.5313094313094313,0.6333333333333333,0.6333333333333333,new,29,2,none,cnn,580,0,68d0e5f-dirty
Subject516,30,0.5247619047619048,0.5666666666666667,0.5666666666666667,new,29,2,none,cnn,580,0,68d0e5f-dirty
Subject571,30,0.3711111111111111,0.4666666666666667,0.4666666666666667,new,29,2,none,cnn,580,0,68d0e5f-dirty
Subject729,60,0.9661375661375662,0.9666666666666667,0.9666666666666667,recorded,29,2,none,cnn,580,0,68d0e5f-dirty
Subject741,60,0.7654641654641654,0.7833333333333333,0.7833333333333333,recorded,29,2,none,cnn,580,0,68d0e5f-dirty
Subject139,60,0.5126984126984127,0.55,0.55,new,29,2,tempo_intensity,cnn,580,2336,68d0e5f-dirty
Subject226,30,0.4866666666666667,0.5666666666666667,0.5666666666666667,new,29,2,tempo_intensity,cnn,580,2336,68d0e5f-dirty
Subject353,60,0.6133718133718135,0.6666666666666666,0.6666666666666666,new,29,2,tempo_intensity,cnn,580,2336,68d0e5f-dirty
Subject424,60,0.5567340067340069,0.6333333333333333,0.6333333333333333,new,29,2,tempo_intensity,cnn,580,2336,68d0e5f-dirty
Subject516,30,0.5466666666666667,0.6333333333333333,0.6333333333333333,new,29,2,tempo_intensity,cnn,580,2336,68d0e5f-dirty
Subject571,30,0.3568253968253968,0.43333333333333335,0.43333333333333335,new,29,2,tempo_intensity,cnn,580,2336,68d0e5f-dirty
Subject729,60,0.9506878306878307,0.95,0.95,recorded,29,2,tempo_intensity,cnn,580,2336,68d0e5f-dirty
Subject741,60,0.8135653235653237,0.8333333333333334,0.8333333333333334,recorded,29,2,tempo_intensity,cnn,580,2336,68d0e5f-dirty
Subject139,60,0.543068783068783,0.5833333333333334,0.5833333333333334,new,29,2,plus_placement,cnn,580,2366,68d0e5f-dirty
Subject226,30,0.5422222222222222,0.6333333333333333,0.6333333333333333,new,29,2,plus_placement,cnn,580,2366,68d0e5f-dirty
Subject353,60,0.6416157916157916,0.6666666666666666,0.6666666666666666,new,29,2,plus_placement,cnn,580,2366,68d0e5f-dirty
Subject424,60,0.5125060125060126,0.6,0.6,new,29,2,plus_placement,cnn,580,2366,68d0e5f-dirty
Subject516,30,0.5466666666666667,0.6333333333333333,0.6333333333333333,new,29,2,plus_placement,cnn,580,2366,68d0e5f-dirty
Subject571,30,0.4407407407407407,0.5333333333333333,0.5333333333333333,new,29,2,plus_placement,cnn,580,2366,68d0e5f-dirty
Subject729,60,0.932063492063492,0.9333333333333333,0.9333333333333333,recorded,29,2,plus_placement,cnn,580,2366,68d0e5f-dirty
Subject741,60,0.7663695563695564,0.7833333333333333,0.7833333333333333,recorded,29,2,plus_placement,cnn,580,2366,68d0e5f-dirty
Subject139,60,0.6633958633958633,0.7166666666666667,0.7166666666666667,new,29,4,none,cnn,1204,0,68d0e5f-dirty
Subject226,30,0.5866666666666667,0.6333333333333333,0.6333333333333333,new,29,4,none,cnn,1204,0,68d0e5f-dirty
Subject353,60,0.46975468975468976,0.55,0.55,new,29,4,none,cnn,1204,0,68d0e5f-dirty
Subject424,60,0.6044444444444445,0.6833333333333333,0.6833333333333333,new,29,4,none,cnn,1204,0,68d0e5f-dirty
Subject516,30,0.7669841269841271,0.8,0.8,new,29,4,none,cnn,1204,0,68d0e5f-dirty
Subject571,30,0.8111111111111111,0.8333333333333334,0.8333333333333334,new,29,4,none,cnn,1204,0,68d0e5f-dirty
Subject729,60,0.9492063492063493,0.95,0.95,recorded,29,4,none,cnn,1204,0,68d0e5f-dirty
Subject741,60,0.8266341066341065,0.85,0.85,recorded,29,4,none,cnn,1204,0,68d0e5f-dirty
Subject819,60,0.8243578643578643,0.85,0.85,recorded,29,4,none,cnn,1204,0,68d0e5f-dirty
Subject890,30,0.9288888888888889,0.9333333333333333,0.9333333333333333,recorded,29,4,none,cnn,1204,0,68d0e5f-dirty
Subject139,60,0.6663684463684463,0.7166666666666667,0.7166666666666667,new,29,4,tempo_intensity,cnn,1204,4805,68d0e5f-dirty
Subject226,30,0.5292063492063491,0.5666666666666667,0.5666666666666667,new,29,4,tempo_intensity,cnn,1204,4805,68d0e5f-dirty
Subject353,60,0.48266474266474274,0.5666666666666667,0.5666666666666667,new,29,4,tempo_intensity,cnn,1204,4805,68d0e5f-dirty
Subject424,60,0.580952380952381,0.6666666666666666,0.6666666666666666,new,29,4,tempo_intensity,cnn,1204,4805,68d0e5f-dirty
Subject516,30,0.7622222222222222,0.8,0.8,new,29,4,tempo_intensity,cnn,1204,4805,68d0e5f-dirty
Subject571,30,0.76,0.8,0.8,new,29,4,tempo_intensity,cnn,1204,4805,68d0e5f-dirty
Subject729,60,0.9305820105820106,0.9333333333333333,0.9333333333333333,recorded,29,4,tempo_intensity,cnn,1204,4805,68d0e5f-dirty
Subject741,60,0.8057671957671958,0.8333333333333334,0.8333333333333334,recorded,29,4,tempo_intensity,cnn,1204,4805,68d0e5f-dirty
Subject819,60,0.804040404040404,0.8333333333333334,0.8333333333333334,recorded,29,4,tempo_intensity,cnn,1204,4805,68d0e5f-dirty
Subject890,30,0.7644444444444445,0.8,0.8,recorded,29,4,tempo_intensity,cnn,1204,4805,68d0e5f-dirty
Subject139,60,0.6786243386243387,0.75,0.75,new,29,4,plus_placement,cnn,1204,4856,68d0e5f-dirty
Subject226,30,0.7155555555555555,0.7666666666666667,0.7666666666666667,new,29,4,plus_placement,cnn,1204,4856,68d0e5f-dirty
Subject353,60,0.5381092981092981,0.6,0.6,new,29,4,plus_placement,cnn,1204,4856,68d0e5f-dirty
Subject424,60,0.5466666666666667,0.6333333333333333,0.6333333333333333,new,29,4,plus_placement,cnn,1204,4856,68d0e5f-dirty
Subject516,30,0.9644444444444444,0.9666666666666667,0.9666666666666667,new,29,4,plus_placement,cnn,1204,4856,68d0e5f-dirty
Subject571,30,0.8333333333333334,0.8666666666666667,0.8666666666666667,new,29,4,plus_placement,cnn,1204,4856,68d0e5f-dirty
Subject729,60,0.9475132275132275,0.95,0.95,recorded,29,4,plus_placement,cnn,1204,4856,68d0e5f-dirty
Subject741,60,0.7153835053835053,0.7666666666666667,0.7666666666666667,recorded,29,4,plus_placement,cnn,1204,4856,68d0e5f-dirty
Subject819,60,0.9111111111111111,0.9333333333333333,0.9333333333333333,recorded,29,4,plus_placement,cnn,1204,4856,68d0e5f-dirty
Subject890,30,0.9333333333333332,0.9333333333333333,0.9333333333333333,recorded,29,4,plus_placement,cnn,1204,4856,68d0e5f-dirty
Subject139,60,0.7604425204425204,0.7833333333333333,0.7833333333333333,new,29,8,none,cnn,2426,0,68d0e5f-dirty
Subject226,30,0.7777777777777779,0.8,0.8,new,29,8,none,cnn,2426,0,68d0e5f-dirty
Subject353,60,0.6788563288563289,0.7333333333333333,0.7333333333333333,new,29,8,none,cnn,2426,0,68d0e5f-dirty
Subject424,60,0.6910245310245311,0.75,0.75,new,29,8,none,cnn,2426,0,68d0e5f-dirty
Subject516,30,0.8533333333333334,0.8666666666666667,0.8666666666666667,new,29,8,none,cnn,2426,0,68d0e5f-dirty
Subject571,30,0.8333333333333334,0.8666666666666667,0.8666666666666667,new,29,8,none,cnn,2426,0,68d0e5f-dirty
Subject147,31,1.0,1.0,1.0,recorded,29,8,none,cnn,2426,0,68d0e5f-dirty
Subject376,60,0.8493265993265994,0.85,0.85,recorded,29,8,none,cnn,2426,0,68d0e5f-dirty
Subject494,60,0.9661375661375663,0.9666666666666667,0.9666666666666667,recorded,29,8,none,cnn,2426,0,68d0e5f-dirty
Subject729,60,0.9141798941798941,0.9166666666666666,0.9166666666666666,recorded,29,8,none,cnn,2426,0,68d0e5f-dirty
Subject741,60,0.9147089947089947,0.9166666666666666,0.9166666666666666,recorded,29,8,none,cnn,2426,0,68d0e5f-dirty
Subject819,60,0.8452910052910053,0.8666666666666667,0.8666666666666667,recorded,29,8,none,cnn,2426,0,68d0e5f-dirty
Subject890,30,0.7911111111111111,0.8333333333333334,0.8333333333333334,recorded,29,8,none,cnn,2426,0,68d0e5f-dirty
Subject969,30,0.7936507936507937,0.8333333333333334,0.8333333333333334,recorded,29,8,none,cnn,2426,0,68d0e5f-dirty
Subject139,60,0.7379894179894181,0.7666666666666667,0.7666666666666667,new,29,8,tempo_intensity,cnn,2426,9907,68d0e5f-dirty
Subject226,30,0.6758730158730158,0.7333333333333333,0.7333333333333333,new,29,8,tempo_intensity,cnn,2426,9907,68d0e5f-dirty
Subject353,60,0.7542857142857143,0.7666666666666667,0.7666666666666667,new,29,8,tempo_intensity,cnn,2426,9907,68d0e5f-dirty
Subject424,60,0.7151515151515152,0.7666666666666667,0.7666666666666667,new,29,8,tempo_intensity,cnn,2426,9907,68d0e5f-dirty
Subject516,30,0.8825396825396825,0.9,0.9,new,29,8,tempo_intensity,cnn,2426,9907,68d0e5f-dirty
Subject571,30,0.9111111111111111,0.9333333333333333,0.9333333333333333,new,29,8,tempo_intensity,cnn,2426,9907,68d0e5f-dirty
Subject147,31,1.0,1.0,1.0,recorded,29,8,tempo_intensity,cnn,2426,9907,68d0e5f-dirty
Subject376,60,0.9,0.9,0.9,recorded,29,8,tempo_intensity,cnn,2426,9907,68d0e5f-dirty
Subject494,60,0.823068783068783,0.85,0.85,recorded,29,8,tempo_intensity,cnn,2426,9907,68d0e5f-dirty
Subject729,60,0.9223280423280423,0.9333333333333333,0.9333333333333333,recorded,29,8,tempo_intensity,cnn,2426,9907,68d0e5f-dirty
Subject741,60,0.9316402116402117,0.9333333333333333,0.9333333333333333,recorded,29,8,tempo_intensity,cnn,2426,9907,68d0e5f-dirty
Subject819,60,0.8621896621896622,0.8833333333333333,0.8833333333333333,recorded,29,8,tempo_intensity,cnn,2426,9907,68d0e5f-dirty
Subject890,30,0.8755555555555555,0.9,0.9,recorded,29,8,tempo_intensity,cnn,2426,9907,68d0e5f-dirty
Subject969,30,0.8,0.8333333333333334,0.8333333333333334,recorded,29,8,tempo_intensity,cnn,2426,9907,68d0e5f-dirty
Subject139,60,0.7066666666666667,0.7666666666666667,0.7666666666666667,new,29,8,plus_placement,cnn,2426,9899,68d0e5f-dirty
Subject226,30,0.7644444444444446,0.8,0.8,new,29,8,plus_placement,cnn,2426,9899,68d0e5f-dirty
Subject353,60,0.7201058201058201,0.7666666666666667,0.7666666666666667,new,29,8,plus_placement,cnn,2426,9899,68d0e5f-dirty
Subject424,60,0.7469281045751635,0.7833333333333333,0.7833333333333333,new,29,8,plus_placement,cnn,2426,9899,68d0e5f-dirty
Subject516,30,0.8800000000000001,0.9,0.9,new,29,8,plus_placement,cnn,2426,9899,68d0e5f-dirty
Subject571,30,0.8333333333333334,0.8666666666666667,0.8666666666666667,new,29,8,plus_placement,cnn,2426,9899,68d0e5f-dirty
Subject147,31,0.9111111111111111,0.9333333333333333,0.9354838709677419,recorded,29,8,plus_placement,cnn,2426,9899,68d0e5f-dirty
Subject376,60,0.8578162578162579,0.8833333333333333,0.8833333333333333,recorded,29,8,plus_placement,cnn,2426,9899,68d0e5f-dirty
Subject494,60,0.9291005291005291,0.9333333333333333,0.9333333333333333,recorded,29,8,plus_placement,cnn,2426,9899,68d0e5f-dirty
Subject729,60,0.9312169312169313,0.9333333333333333,0.9333333333333333,recorded,29,8,plus_placement,cnn,2426,9899,68d0e5f-dirty
Subject741,60,0.9305820105820106,0.9333333333333333,0.9333333333333333,recorded,29,8,plus_placement,cnn,2426,9899,68d0e5f-dirty
Subject819,60,0.8452910052910053,0.8666666666666667,0.8666666666666667,recorded,29,8,plus_placement,cnn,2426,9899,68d0e5f-dirty
Subject890,30,0.9288888888888888,0.9333333333333333,0.9333333333333333,recorded,29,8,plus_placement,cnn,2426,9899,68d0e5f-dirty
Subject969,30,0.8825396825396825,0.9,0.9,recorded,29,8,plus_placement,cnn,2426,9899,68d0e5f-dirty
Subject139,60,0.9062626262626262,0.9166666666666666,0.9166666666666666,new,29,17,none,cnn,5147,0,68d0e5f-dirty
Subject226,30,0.8755555555555554,0.9,0.9,new,29,17,none,cnn,5147,0,68d0e5f-dirty
Subject353,60,0.8105820105820105,0.8333333333333334,0.8333333333333334,new,29,17,none,cnn,5147,0,68d0e5f-dirty
Subject424,60,0.9111111111111111,0.9333333333333333,0.9333333333333333,new,29,17,none,cnn,5147,0,68d0e5f-dirty
Subject516,30,0.8888888888888888,0.9,0.9,new,29,17,none,cnn,5147,0,68d0e5f-dirty
Subject571,30,0.8825396825396825,0.9,0.9,new,29,17,none,cnn,5147,0,68d0e5f-dirty
Subject147,31,0.9644444444444444,0.9666666666666667,0.967741935483871,recorded,29,17,none,cnn,5147,0,68d0e5f-dirty
Subject352,30,0.8755555555555555,0.9,0.9,recorded,29,17,none,cnn,5147,0,68d0e5f-dirty
Subject354,60,0.9492063492063492,0.95,0.95,recorded,29,17,none,cnn,5147,0,68d0e5f-dirty
Subject376,60,0.9333333333333332,0.9333333333333333,0.9333333333333333,recorded,29,17,none,cnn,5147,0,68d0e5f-dirty
Subject455,60,1.0,1.0,1.0,recorded,29,17,none,cnn,5147,0,68d0e5f-dirty
Subject494,60,0.9167388167388169,0.9166666666666666,0.9166666666666666,recorded,29,17,none,cnn,5147,0,68d0e5f-dirty
Subject561,60,0.9111111111111111,0.9166666666666666,0.9166666666666666,recorded,29,17,none,cnn,5147,0,68d0e5f-dirty
Subject580,90,0.8988677988677989,0.9000000000000001,0.9,recorded,29,17,none,cnn,5147,0,68d0e5f-dirty
Subject611,60,1.0,1.0,1.0,recorded,29,17,none,cnn,5147,0,68d0e5f-dirty
Subject729,60,0.9661375661375663,0.9666666666666667,0.9666666666666667,recorded,29,17,none,cnn,5147,0,68d0e5f-dirty
Subject731,30,0.9644444444444444,0.9666666666666667,0.9666666666666667,recorded,29,17,none,cnn,5147,0,68d0e5f-dirty
Subject741,60,0.9497354497354498,0.95,0.95,recorded,29,17,none,cnn,5147,0,68d0e5f-dirty
Subject819,60,0.8656084656084656,0.8833333333333333,0.8833333333333333,recorded,29,17,none,cnn,5147,0,68d0e5f-dirty
Subject867,60,0.9644444444444444,0.9666666666666667,0.9666666666666667,recorded,29,17,none,cnn,5147,0,68d0e5f-dirty
Subject877,60,1.0,1.0,1.0,recorded,29,17,none,cnn,5147,0,68d0e5f-dirty
Subject890,30,0.8755555555555555,0.9,0.9,recorded,29,17,none,cnn,5147,0,68d0e5f-dirty
Subject969,30,0.826984126984127,0.8333333333333334,0.8333333333333334,recorded,29,17,none,cnn,5147,0,68d0e5f-dirty
Subject139,60,0.924886964886965,0.9333333333333333,0.9333333333333333,new,29,17,tempo_intensity,cnn,5147,21023,68d0e5f-dirty
Subject226,30,0.7977777777777778,0.8333333333333334,0.8333333333333334,new,29,17,tempo_intensity,cnn,5147,21023,68d0e5f-dirty
Subject353,60,0.8438095238095238,0.85,0.85,new,29,17,tempo_intensity,cnn,5147,21023,68d0e5f-dirty
Subject424,60,0.8600732600732601,0.8833333333333333,0.8833333333333333,new,29,17,tempo_intensity,cnn,5147,21023,68d0e5f-dirty
Subject516,30,0.9644444444444444,0.9666666666666667,0.9666666666666667,new,29,17,tempo_intensity,cnn,5147,21023,68d0e5f-dirty
Subject571,30,0.9111111111111111,0.9333333333333333,0.9333333333333333,new,29,17,tempo_intensity,cnn,5147,21023,68d0e5f-dirty
Subject147,31,0.9644444444444444,0.9666666666666667,0.967741935483871,recorded,29,17,tempo_intensity,cnn,5147,21023,68d0e5f-dirty
Subject352,30,0.8755555555555555,0.9,0.9,recorded,29,17,tempo_intensity,cnn,5147,21023,68d0e5f-dirty
Subject354,60,0.9644444444444444,0.9666666666666667,0.9666666666666667,recorded,29,17,tempo_intensity,cnn,5147,21023,68d0e5f-dirty
Subject376,60,0.8825396825396825,0.9,0.9,recorded,29,17,tempo_intensity,cnn,5147,21023,68d0e5f-dirty
Subject455,60,1.0,1.0,1.0,recorded,29,17,tempo_intensity,cnn,5147,21023,68d0e5f-dirty
Subject494,60,0.9644444444444444,0.9666666666666667,0.9666666666666667,recorded,29,17,tempo_intensity,cnn,5147,21023,68d0e5f-dirty
Subject561,60,0.924886964886965,0.9333333333333333,0.9333333333333333,recorded,29,17,tempo_intensity,cnn,5147,21023,68d0e5f-dirty
Subject580,90,0.9214763014763016,0.9222222222222222,0.9222222222222223,recorded,29,17,tempo_intensity,cnn,5147,21023,68d0e5f-dirty
Subject611,60,1.0,1.0,1.0,recorded,29,17,tempo_intensity,cnn,5147,21023,68d0e5f-dirty
Subject729,60,0.9830687830687831,0.9833333333333333,0.9833333333333333,recorded,29,17,tempo_intensity,cnn,5147,21023,68d0e5f-dirty
Subject731,30,1.0,1.0,1.0,recorded,29,17,tempo_intensity,cnn,5147,21023,68d0e5f-dirty
Subject741,60,0.9830687830687831,0.9833333333333333,0.9833333333333333,recorded,29,17,tempo_intensity,cnn,5147,21023,68d0e5f-dirty
Subject819,60,0.8825396825396825,0.9,0.9,recorded,29,17,tempo_intensity,cnn,5147,21023,68d0e5f-dirty
Subject867,60,0.9288888888888889,0.9333333333333333,0.9333333333333333,recorded,29,17,tempo_intensity,cnn,5147,21023,68d0e5f-dirty
Subject877,60,1.0,1.0,1.0,recorded,29,17,tempo_intensity,cnn,5147,21023,68d0e5f-dirty
Subject890,30,0.9288888888888889,0.9333333333333333,0.9333333333333333,recorded,29,17,tempo_intensity,cnn,5147,21023,68d0e5f-dirty
Subject969,30,0.7936507936507937,0.8333333333333334,0.8333333333333334,recorded,29,17,tempo_intensity,cnn,5147,21023,68d0e5f-dirty
Subject139,60,0.9830687830687831,0.9833333333333333,0.9833333333333333,new,29,17,plus_placement,cnn,5147,20964,68d0e5f-dirty
Subject226,30,0.8222222222222223,0.8666666666666667,0.8666666666666667,new,29,17,plus_placement,cnn,5147,20964,68d0e5f-dirty
Subject353,60,0.7431361231361231,0.7666666666666667,0.7666666666666667,new,29,17,plus_placement,cnn,5147,20964,68d0e5f-dirty
Subject424,60,0.8562962962962963,0.8833333333333333,0.8833333333333333,new,29,17,plus_placement,cnn,5147,20964,68d0e5f-dirty
Subject516,30,0.9644444444444444,0.9666666666666667,0.9666666666666667,new,29,17,plus_placement,cnn,5147,20964,68d0e5f-dirty
Subject571,30,0.9333333333333332,0.9333333333333333,0.9333333333333333,new,29,17,plus_placement,cnn,5147,20964,68d0e5f-dirty
Subject147,31,0.9644444444444444,0.9666666666666667,0.967741935483871,recorded,29,17,plus_placement,cnn,5147,20964,68d0e5f-dirty
Subject352,30,0.8755555555555555,0.9,0.9,recorded,29,17,plus_placement,cnn,5147,20964,68d0e5f-dirty
Subject354,60,0.9830687830687831,0.9833333333333333,0.9833333333333333,recorded,29,17,plus_placement,cnn,5147,20964,68d0e5f-dirty
Subject376,60,0.9830687830687831,0.9833333333333333,0.9833333333333333,recorded,29,17,plus_placement,cnn,5147,20964,68d0e5f-dirty
Subject455,60,1.0,1.0,1.0,recorded,29,17,plus_placement,cnn,5147,20964,68d0e5f-dirty
Subject494,60,0.9664021164021165,0.9666666666666667,0.9666666666666667,recorded,29,17,plus_placement,cnn,5147,20964,68d0e5f-dirty
Subject561,60,0.9418181818181818,0.95,0.95,recorded,29,17,plus_placement,cnn,5147,20964,68d0e5f-dirty
Subject580,90,0.9453191253191252,0.9444444444444445,0.9444444444444444,recorded,29,17,plus_placement,cnn,5147,20964,68d0e5f-dirty
Subject611,60,0.9830687830687831,0.9833333333333333,0.9833333333333333,recorded,29,17,plus_placement,cnn,5147,20964,68d0e5f-dirty
Subject729,60,0.9661375661375663,0.9666666666666667,0.9666666666666667,recorded,29,17,plus_placement,cnn,5147,20964,68d0e5f-dirty
Subject731,30,1.0,1.0,1.0,recorded,29,17,plus_placement,cnn,5147,20964,68d0e5f-dirty
Subject741,60,0.9666666666666667,0.9666666666666667,0.9666666666666667,recorded,29,17,plus_placement,cnn,5147,20964,68d0e5f-dirty
Subject819,60,0.8825396825396825,0.9,0.9,recorded,29,17,plus_placement,cnn,5147,20964,68d0e5f-dirty
Subject867,60,0.9475132275132275,0.95,0.95,recorded,29,17,plus_placement,cnn,5147,20964,68d0e5f-dirty
Subject877,60,1.0,1.0,1.0,recorded,29,17,plus_placement,cnn,5147,20964,68d0e5f-dirty
Subject890,30,0.9111111111111111,0.9333333333333333,0.9333333333333333,recorded,29,17,plus_placement,cnn,5147,20964,68d0e5f-dirty
Subject969,30,0.8,0.8333333333333334,0.8333333333333334,recorded,29,17,plus_placement,cnn,5147,20964,68d0e5f-dirty
