repeat,n_team,t_s,athlete,accuracy,macro_f1
0,2,2.0,Subject139,0.8166666666666667,0.8042712842712844
0,2,2.0,Subject353,0.75,0.7220634920634921
0,2,2.0,Subject424,0.6666666666666666,0.6134006734006733
0,2,2.0,Subject455,0.75,0.752034632034632
0,2,2.0,Subject731,0.7333333333333333,0.6711111111111111
0,2,2.0,Subject890,0.6,0.5555555555555556
0,2,3.0,Subject139,0.7666666666666667,0.7541125541125541
0,2,3.0,Subject353,0.7666666666666667,0.7368783068783069
0,2,3.0,Subject424,0.6833333333333333,0.6344781144781144
0,2,3.0,Subject455,0.7666666666666667,0.7692784992784993
0,2,3.0,Subject731,0.7333333333333333,0.6711111111111111
0,2,3.0,Subject890,0.6,0.5844444444444444
0,2,4.0,Subject139,0.75,0.7402020202020202
0,2,4.0,Subject353,0.75,0.7173544973544973
0,2,4.0,Subject424,0.65,0.6095238095238094
0,2,4.0,Subject455,0.7333333333333333,0.7312938912938912
0,2,4.0,Subject731,0.7333333333333333,0.6666666666666667
0,2,4.0,Subject890,0.6333333333333333,0.5733333333333335
0,2,6.0,Subject139,0.75,0.7374795574795574
0,2,6.0,Subject353,0.7166666666666667,0.6791005291005291
0,2,6.0,Subject424,0.6666666666666666,0.624992784992785
0,2,6.0,Subject455,0.7833333333333333,0.782010582010582
0,2,6.0,Subject731,0.7333333333333333,0.6666666666666667
0,2,6.0,Subject890,0.6666666666666666,0.6155555555555555
0,2,8.0,Subject139,0.75,0.7262337662337662
0,2,8.0,Subject353,0.6666666666666666,0.6075132275132274
0,2,8.0,Subject424,0.7166666666666667,0.6847619047619048
0,2,8.0,Subject455,0.8166666666666667,0.8069504569504571
0,2,8.0,Subject731,0.7333333333333333,0.6666666666666667
0,2,8.0,Subject890,0.7333333333333333,0.6644444444444446
0,2,10.0,Subject139,0.7666666666666667,0.7488600288600288
0,2,10.0,Subject353,0.6833333333333333,0.6121693121693121
0,2,10.0,Subject424,0.6666666666666666,0.640971620971621
0,2,10.0,Subject455,0.8,0.7955747955747957
0,2,10.0,Subject731,0.7333333333333333,0.6666666666666667
0,2,10.0,Subject890,0.7333333333333333,0.6777777777777778
0,2,15.0,Subject139,0.7666666666666667,0.7446464646464646
0,2,15.0,Subject353,0.6833333333333333,0.6121693121693121
0,2,15.0,Subject424,0.6666666666666666,0.6329485329485328
0,2,15.0,Subject455,0.7833333333333333,0.7780278980278978
0,2,15.0,Subject731,0.7333333333333333,0.6666666666666667
0,2,15.0,Subject890,0.7666666666666667,0.731111111111111
0,2,inf,Subject139,0.7666666666666667,0.7446464646464646
0,2,inf,Subject353,0.7,0.6236171236171235
0,2,inf,Subject424,0.6666666666666666,0.6329485329485328
0,2,inf,Subject455,0.7833333333333333,0.7780278980278978
0,2,inf,Subject731,0.7333333333333333,0.6666666666666667
0,2,inf,Subject890,0.7333333333333333,0.6955555555555556
0,4,2.0,Subject139,0.7833333333333333,0.7538298738298739
0,4,2.0,Subject353,0.7333333333333333,0.6973737373737374
0,4,2.0,Subject424,0.6166666666666667,0.5569312169312169
0,4,2.0,Subject455,0.75,0.7136892736892737
0,4,2.0,Subject731,0.7,0.6558730158730158
0,4,2.0,Subject890,0.7,0.669206349206349
0,4,3.0,Subject139,0.7833333333333333,0.7303703703703702
0,4,3.0,Subject353,0.7166666666666667,0.681976911976912
0,4,3.0,Subject424,0.5666666666666667,0.523068783068783
0,4,3.0,Subject455,0.8,0.7689273689273688
0,4,3.0,Subject731,0.6666666666666666,0.6336507936507937
0,4,3.0,Subject890,0.7333333333333333,0.691111111111111
0,4,4.0,Subject139,0.8166666666666667,0.7843253043253043
0,4,4.0,Subject353,0.75,0.7268253968253968
0,4,4.0,Subject424,0.5666666666666667,0.5200895400895401
0,4,4.0,Subject455,0.75,0.6977970177970179
0,4,4.0,Subject731,0.6666666666666666,0.6266666666666666
0,4,4.0,Subject890,0.7666666666666667,0.7199999999999999
0,4,6.0,Subject139,0.8,0.7591919191919192
0,4,6.0,Subject353,0.7166666666666667,0.6784271284271284
0,4,6.0,Subject424,0.5833333333333334,0.5332497132497133
0,4,6.0,Subject455,0.8,0.7742520442520442
0,4,6.0,Subject731,0.6666666666666666,0.6266666666666666
0,4,6.0,Subject890,0.7333333333333333,0.7047619047619048
0,4,8.0,Subject139,0.8,0.7591919191919192
0,4,8.0,Subject353,0.7166666666666667,0.6798556998556999
0,4,8.0,Subject424,0.5666666666666667,0.5143145743145743
0,4,8.0,Subject455,0.7666666666666667,0.7274277574277573
0,4,8.0,Subject731,0.6666666666666666,0.6266666666666666
0,4,8.0,Subject890,0.7333333333333333,0.7022222222222222
0,4,10.0,Subject139,0.8333333333333334,0.8125252525252527
0,4,10.0,Subject353,0.7333333333333333,0.7101587301587302
0,4,10.0,Subject424,0.5833333333333334,0.533977873977874
0,4,10.0,Subject455,0.7666666666666667,0.7236171236171234
0,4,10.0,Subject731,0.6666666666666666,0.6266666666666666
0,4,10.0,Subject890,0.7333333333333333,0.7022222222222222
0,4,15.0,Subject139,0.8333333333333334,0.8144107744107744
0,4,15.0,Subject353,0.7166666666666667,0.6742328042328044
0,4,15.0,Subject424,0.5833333333333334,0.535998075998076
0,4,15.0,Subject455,0.7666666666666667,0.7278499278499277
0,4,15.0,Subject731,0.7333333333333333,0.6799999999999999
0,4,15.0,Subject890,0.7666666666666667,0.7244444444444446
0,4,inf,Subject139,0.8333333333333334,0.8055218855218854
0,4,inf,Subject353,0.7333333333333333,0.6886435786435787
0,4,inf,Subject424,0.5833333333333334,0.533977873977874
0,4,inf,Subject455,0.75,0.7109187109187107
0,4,inf,Subject731,0.7333333333333333,0.6799999999999999
0,4,inf,Subject890,0.7666666666666667,0.7288888888888889
0,8,2.0,Subject139,0.8666666666666667,0.8584319384319383
0,8,2.0,Subject353,0.7666666666666667,0.7460317460317462
0,8,2.0,Subject424,0.7166666666666667,0.6764021164021163
0,8,2.0,Subject455,0.85,0.825892255892256
0,8,2.0,Subject731,0.7666666666666667,0.7292063492063492
0,8,2.0,Subject890,0.8666666666666667,0.84
0,8,3.0,Subject139,0.8666666666666667,0.8563347763347763
0,8,3.0,Subject353,0.75,0.7343530543530543
0,8,3.0,Subject424,0.7166666666666667,0.6724338624338626
0,8,3.0,Subject455,0.8833333333333333,0.8732804232804233
0,8,3.0,Subject731,0.7666666666666667,0.7244444444444443
0,8,3.0,Subject890,0.8666666666666667,0.84
0,8,4.0,Subject139,0.85,0.8311495911495911
0,8,4.0,Subject353,0.7333333333333333,0.714050024050024
0,8,4.0,Subject424,0.75,0.7253439153439153
0,8,4.0,Subject455,0.8833333333333333,0.8720634920634922
0,8,4.0,Subject731,0.7333333333333333,0.6977777777777778
0,8,4.0,Subject890,0.8333333333333334,0.7866666666666666
0,8,6.0,Subject139,0.8666666666666667,0.8486964886964887
0,8,6.0,Subject353,0.7666666666666667,0.7440500240500241
0,8,6.0,Subject424,0.75,0.7176719576719577
0,8,6.0,Subject455,0.9,0.8887301587301588
0,8,6.0,Subject731,0.8,0.7492063492063491
0,8,6.0,Subject890,0.8,0.7580952380952382
0,8,8.0,Subject139,0.8666666666666667,0.8486964886964887
0,8,8.0,Subject353,0.7666666666666667,0.744992784992785
0,8,8.0,Subject424,0.75,0.7176719576719577
0,8,8.0,Subject455,0.9,0.8887301587301588
0,8,8.0,Subject731,0.8333333333333334,0.8025396825396826
0,8,8.0,Subject890,0.8666666666666667,0.8222222222222222
0,8,10.0,Subject139,0.8833333333333333,0.8667051467051468
0,8,10.0,Subject353,0.7666666666666667,0.744992784992785
0,8,10.0,Subject424,0.75,0.7176719576719577
0,8,10.0,Subject455,0.9,0.8887301587301588
0,8,10.0,Subject731,0.8,0.7492063492063491
0,8,10.0,Subject890,0.8666666666666667,0.8222222222222222
0,8,15.0,Subject139,0.8833333333333333,0.8656277056277057
0,8,15.0,Subject353,0.7833333333333333,0.7642520442520443
0,8,15.0,Subject424,0.7666666666666667,0.7357671957671958
0,8,15.0,Subject455,0.9,0.8887301587301588
0,8,15.0,Subject731,0.8,0.7492063492063491
0,8,15.0,Subject890,0.8666666666666667,0.8222222222222222
0,8,inf,Subject139,0.9166666666666666,0.9037037037037037
0,8,inf,Subject353,0.7666666666666667,0.7435113035113035
0,8,inf,Subject424,0.7666666666666667,0.7357671957671958
0,8,inf,Subject455,0.9166666666666666,0.9053968253968255
0,8,inf,Subject731,0.8333333333333334,0.7888888888888889
0,8,inf,Subject890,0.8666666666666667,0.8222222222222222
0,17,2.0,Subject139,0.8833333333333333,0.870918710918711
0,17,2.0,Subject353,0.8333333333333334,0.8097162097162098
0,17,2.0,Subject424,0.8333333333333334,0.8082539682539682
0,17,2.0,Subject455,0.9,0.8929100529100531
0,17,2.0,Subject731,0.8,0.7822222222222222
0,17,2.0,Subject890,0.8666666666666667,0.84
0,17,3.0,Subject139,0.8833333333333333,0.8724001924001925
0,17,3.0,Subject353,0.85,0.8275132275132275
0,17,3.0,Subject424,0.8333333333333334,0.816931216931217
0,17,3.0,Subject455,0.9333333333333333,0.9223280423280423
0,17,3.0,Subject731,0.8,0.7755555555555556
0,17,3.0,Subject890,0.8666666666666667,0.84
0,17,4.0,Subject139,0.8833333333333333,0.8724001924001925
0,17,4.0,Subject353,0.8166666666666667,0.8035594035594037
0,17,4.0,Subject424,0.8666666666666667,0.8507936507936509
0,17,4.0,Subject455,0.9,0.8914285714285716
0,17,4.0,Subject731,0.7666666666666667,0.7311111111111112
0,17,4.0,Subject890,0.8333333333333334,0.7866666666666666
0,17,6.0,Subject139,0.8666666666666667,0.8537758537758537
0,17,6.0,Subject353,0.85,0.83001443001443
0,17,6.0,Subject424,0.8666666666666667,0.8507936507936509
0,17,6.0,Subject455,0.9166666666666666,0.9083597883597885
0,17,6.0,Subject731,0.8,0.7666666666666665
0,17,6.0,Subject890,0.8666666666666667,0.8222222222222222
0,17,8.0,Subject139,0.8833333333333333,0.8667051467051468
0,17,8.0,Subject353,0.85,0.8198808598808598
0,17,8.0,Subject424,0.8666666666666667,0.8507936507936509
0,17,8.0,Subject455,0.9333333333333333,0.9223280423280423
0,17,8.0,Subject731,0.8,0.7666666666666665
0,17,8.0,Subject890,0.9,0.8755555555555555
0,17,10.0,Subject139,0.9,0.8893314093314094
0,17,10.0,Subject353,0.85,0.8198808598808598
0,17,10.0,Subject424,0.85,0.8266666666666667
0,17,10.0,Subject455,0.9,0.8914285714285716
0,17,10.0,Subject731,0.7666666666666667,0.7377777777777778
0,17,10.0,Subject890,0.9,0.8755555555555555
0,17,15.0,Subject139,0.9333333333333333,0.9288888888888888
0,17,15.0,Subject353,0.85,0.8198808598808598
0,17,15.0,Subject424,0.85,0.8338624338624339
0,17,15.0,Subject455,0.9166666666666666,0.9083597883597885
0,17,15.0,Subject731,0.8,0.7822222222222222
0,17,15.0,Subject890,0.9,0.8755555555555555
0,17,inf,Subject139,0.9333333333333333,0.9288888888888888
0,17,inf,Subject353,0.85,0.8266474266474266
0,17,inf,Subject424,0.85,0.8338624338624339
0,17,inf,Subject455,0.9166666666666666,0.9083597883597885
0,17,inf,Subject731,0.7666666666666667,0.7555555555555556
0,17,inf,Subject890,0.9,0.8755555555555555
1,2,2.0,Subject226,0.5666666666666667,0.46666666666666673
1,2,2.0,Subject354,0.6833333333333333,0.623055463055463
1,2,2.0,Subject455,0.8166666666666667,0.810812890812891
1,2,2.0,Subject580,0.5777777777777777,0.5319110358240793
1,2,2.0,Subject890,0.5666666666666667,0.45111111111111113
1,2,2.0,Subject969,0.7,0.611111111111111
1,2,3.0,Subject226,0.5666666666666667,0.4692063492063492
1,2,3.0,Subject354,0.65,0.5926423902894491
1,2,3.0,Subject455,0.7833333333333333,0.7527368927368928
1,2,3.0,Subject580,0.6,0.5755555555555555
1,2,3.0,Subject890,0.5666666666666667,0.4780952380952381
1,2,3.0,Subject969,0.7333333333333333,0.6511111111111112
1,2,4.0,Subject226,0.5666666666666667,0.4714285714285715
1,2,4.0,Subject354,0.65,0.6056582633053221
1,2,4.0,Subject455,0.7666666666666667,0.7346224146224146
1,2,4.0,Subject580,0.5777777777777777,0.5526373626373626
1,2,4.0,Subject890,0.5666666666666667,0.45111111111111113
1,2,4.0,Subject969,0.7333333333333333,0.6555555555555556
1,2,6.0,Subject226,0.5666666666666667,0.4714285714285715
1,2,6.0,Subject354,0.65,0.6056582633053221
1,2,6.0,Subject455,0.75,0.7195959595959597
1,2,6.0,Subject580,0.5666666666666667,0.5215181115181114
1,2,6.0,Subject890,0.6,0.48444444444444446
1,2,6.0,Subject969,0.7333333333333333,0.6511111111111112
1,2,8.0,Subject226,0.5333333333333333,0.426984126984127
1,2,8.0,Subject354,0.6166666666666667,0.5703641456582633
1,2,8.0,Subject455,0.7666666666666667,0.7365271765271765
1,2,8.0,Subject580,0.5777777777777777,0.53992081992082
1,2,8.0,Subject890,0.6,0.48444444444444446
1,2,8.0,Subject969,0.7333333333333333,0.6511111111111112
1,2,10.0,Subject226,0.5333333333333333,0.426984126984127
1,2,10.0,Subject354,0.6166666666666667,0.568621226268285
1,2,10.0,Subject455,0.75,0.7255218855218856
1,2,10.0,Subject580,0.5555555555555556,0.516274052744641
1,2,10.0,Subject890,0.6,0.48444444444444446
1,2,10.0,Subject969,0.7333333333333333,0.6511111111111112
1,2,15.0,Subject226,0.6,0.4955555555555556
1,2,15.0,Subject354,0.6166666666666667,0.568621226268285
1,2,15.0,Subject455,0.7666666666666667,0.7396055796055797
1,2,15.0,Subject580,0.5888888888888889,0.5508058608058608
1,2,15.0,Subject890,0.6,0.5
1,2,15.0,Subject969,0.7333333333333333,0.6511111111111112
1,2,inf,Subject226,0.6,0.4955555555555556
1,2,inf,Subject354,0.6166666666666667,0.568621226268285
1,2,inf,Subject455,0.7833333333333333,0.7531409331409332
1,2,inf,Subject580,0.5666666666666667,0.528675686198906
1,2,inf,Subject890,0.5666666666666667,0.45809523809523806
1,2,inf,Subject969,0.7333333333333333,0.6511111111111112
1,4,2.0,Subject226,0.6333333333333333,0.5555555555555555
1,4,2.0,Subject354,0.8,0.7542472342472343
1,4,2.0,Subject455,0.85,0.8156998556998557
1,4,2.0,Subject580,0.7111111111111111,0.6992754957460839
1,4,2.0,Subject890,0.6666666666666666,0.5955555555555556
1,4,2.0,Subject969,0.6333333333333333,0.5644444444444443
1,4,3.0,Subject226,0.6,0.5318518518518519
1,4,3.0,Subject354,0.85,0.8052910052910053
1,4,3.0,Subject455,0.8333333333333334,0.7849927849927849
1,4,3.0,Subject580,0.7555555555555555,0.7438111888111888
1,4,3.0,Subject890,0.6,0.52
1,4,3.0,Subject969,0.6333333333333333,0.551111111111111
1,4,4.0,Subject226,0.6333333333333333,0.5851851851851851
1,4,4.0,Subject354,0.8,0.7564694564694564
1,4,4.0,Subject455,0.8333333333333334,0.7849927849927849
1,4,4.0,Subject580,0.7666666666666667,0.7675297251767842
1,4,4.0,Subject890,0.6,0.5232804232804232
1,4,4.0,Subject969,0.6666666666666666,0.6377777777777778
1,4,6.0,Subject226,0.6,0.5355555555555556
1,4,6.0,Subject354,0.8166666666666667,0.7867724867724867
1,4,6.0,Subject455,0.8166666666666667,0.764040404040404
1,4,6.0,Subject580,0.7777777777777778,0.7702601973190208
1,4,6.0,Subject890,0.6,0.5185185185185185
1,4,6.0,Subject969,0.6666666666666666,0.6088888888888888
1,4,8.0,Subject226,0.5666666666666667,0.4822222222222222
1,4,8.0,Subject354,0.8166666666666667,0.7867724867724867
1,4,8.0,Subject455,0.8166666666666667,0.764040404040404
1,4,8.0,Subject580,0.7888888888888889,0.7702149702149702
1,4,8.0,Subject890,0.6333333333333333,0.5492063492063491
1,4,8.0,Subject969,0.6666666666666666,0.6088888888888889
1,4,10.0,Subject226,0.5666666666666667,0.48518518518518516
1,4,10.0,Subject354,0.8333333333333334,0.8037037037037036
1,4,10.0,Subject455,0.8333333333333334,0.7866666666666666
1,4,10.0,Subject580,0.7555555555555555,0.7387984564455152
1,4,10.0,Subject890,0.6333333333333333,0.5492063492063491
1,4,10.0,Subject969,0.6,0.5111111111111111
1,4,15.0,Subject226,0.6,0.5407407407407407
1,4,15.0,Subject354,0.8333333333333334,0.8037037037037036
1,4,15.0,Subject455,0.8166666666666667,0.764040404040404
1,4,15.0,Subject580,0.7555555555555555,0.7350065620653855
1,4,15.0,Subject890,0.6333333333333333,0.5492063492063491
1,4,15.0,Subject969,0.6666666666666666,0.6088888888888889
1,4,inf,Subject226,0.6,0.5407407407407407
1,4,inf,Subject354,0.8333333333333334,0.8037037037037036
1,4,inf,Subject455,0.8166666666666667,0.768080808080808
1,4,inf,Subject580,0.7666666666666667,0.7469102139690375
1,4,inf,Subject890,0.6333333333333333,0.5492063492063491
1,4,inf,Subject969,0.6333333333333333,0.5644444444444443
1,8,2.0,Subject226,0.7,0.6555555555555556
1,8,2.0,Subject354,0.9166666666666666,0.9136507936507937
1,8,2.0,Subject455,0.85,0.8230687830687831
1,8,2.0,Subject580,0.7555555555555555,0.7475313575313576
1,8,2.0,Subject890,0.8,0.7733333333333334
1,8,2.0,Subject969,0.7666666666666667,0.7225396825396825
1,8,3.0,Subject226,0.6666666666666666,0.6422222222222224
1,8,3.0,Subject354,0.9166666666666666,0.907955747955748
1,8,3.0,Subject455,0.8833333333333333,0.8603174603174603
1,8,3.0,Subject580,0.7888888888888889,0.7899847864553746
1,8,3.0,Subject890,0.7666666666666667,0.7377777777777779
1,8,3.0,Subject969,0.7666666666666667,0.7088888888888889
1,8,4.0,Subject226,0.7,0.6555555555555556
1,8,4.0,Subject354,0.8833333333333333,0.8608465608465609
1,8,4.0,Subject455,0.8833333333333333,0.8603174603174603
1,8,4.0,Subject580,0.8222222222222222,0.8269996669996669
1,8,4.0,Subject890,0.7666666666666667,0.7400000000000001
1,8,4.0,Subject969,0.7666666666666667,0.7247619047619048
1,8,6.0,Subject226,0.7666666666666667,0.72
1,8,6.0,Subject354,0.8833333333333333,0.8608465608465609
1,8,6.0,Subject455,0.9,0.8772486772486772
1,8,6.0,Subject580,0.8333333333333334,0.8405056055056055
1,8,6.0,Subject890,0.8666666666666667,0.8444444444444446
1,8,6.0,Subject969,0.8333333333333334,0.7936507936507937
1,8,8.0,Subject226,0.7333333333333333,0.6888888888888889
1,8,8.0,Subject354,0.8833333333333333,0.8608465608465609
1,8,8.0,Subject455,0.8833333333333333,0.8586243386243385
1,8,8.0,Subject580,0.8666666666666667,0.8697652347652348
1,8,8.0,Subject890,0.8666666666666667,0.8444444444444446
1,8,8.0,Subject969,0.8,0.7580952380952382
1,8,10.0,Subject226,0.7333333333333333,0.6888888888888889
1,8,10.0,Subject354,0.8833333333333333,0.8608465608465609
1,8,10.0,Subject455,0.8833333333333333,0.8586243386243385
1,8,10.0,Subject580,0.8666666666666667,0.8713525363525363
1,8,10.0,Subject890,0.8666666666666667,0.8444444444444446
1,8,10.0,Subject969,0.8333333333333334,0.7936507936507937
1,8,15.0,Subject226,0.7333333333333333,0.6888888888888889
1,8,15.0,Subject354,0.9,0.8777777777777778
1,8,15.0,Subject455,0.8833333333333333,0.8586243386243385
1,8,15.0,Subject580,0.8555555555555555,0.8567560217560218
1,8,15.0,Subject890,0.8666666666666667,0.8444444444444446
1,8,15.0,Subject969,0.8,0.7580952380952382
1,8,inf,Subject226,0.7666666666666667,0.7333333333333332
1,8,inf,Subject354,0.9,0.8777777777777778
1,8,inf,Subject455,0.8833333333333333,0.8586243386243385
1,8,inf,Subject580,0.8666666666666667,0.868018648018648
1,8,inf,Subject890,0.8666666666666667,0.8444444444444446
1,8,inf,Subject969,0.7666666666666667,0.7088888888888889
1,17,2.0,Subject226,0.7666666666666667,0.6933333333333334
1,17,2.0,Subject354,0.9166666666666666,0.9156084656084658
1,17,2.0,Subject455,0.9,0.8846560846560846
1,17,2.0,Subject580,0.8222222222222222,0.8141791541791543
1,17,2.0,Subject890,0.8666666666666667,0.8422222222222222
1,17,2.0,Subject969,0.8666666666666667,0.8466666666666668
1,17,3.0,Subject226,0.7666666666666667,0.7066666666666667
1,17,3.0,Subject354,0.9333333333333333,0.9325396825396826
1,17,3.0,Subject455,0.9166666666666666,0.9111832611832611
1,17,3.0,Subject580,0.8777777777777778,0.8734953934953935
1,17,3.0,Subject890,0.8,0.7711111111111111
1,17,3.0,Subject969,0.7333333333333333,0.7123809523809524
1,17,4.0,Subject226,0.7666666666666667,0.7066666666666667
1,17,4.0,Subject354,0.9166666666666666,0.913915343915344
1,17,4.0,Subject455,0.9,0.8961038961038962
1,17,4.0,Subject580,0.8666666666666667,0.8637451437451438
1,17,4.0,Subject890,0.8666666666666667,0.8422222222222222
1,17,4.0,Subject969,0.7666666666666667,0.76
1,17,6.0,Subject226,0.7,0.6333333333333332
1,17,6.0,Subject354,0.9,0.8915536315536314
1,17,6.0,Subject455,0.8833333333333333,0.8778499278499278
1,17,6.0,Subject580,0.8777777777777778,0.8777622377622377
1,17,6.0,Subject890,0.9,0.8955555555555555
1,17,6.0,Subject969,0.8333333333333334,0.8155555555555555
1,17,8.0,Subject226,0.7,0.6333333333333332
1,17,8.0,Subject354,0.8833333333333333,0.8722414622414622
1,17,8.0,Subject455,0.8666666666666667,0.8571428571428571
1,17,8.0,Subject580,0.9111111111111111,0.9060839160839161
1,17,8.0,Subject890,0.9333333333333333,0.9288888888888888
1,17,8.0,Subject969,0.8333333333333334,0.8155555555555555
1,17,10.0,Subject226,0.7,0.6333333333333332
1,17,10.0,Subject354,0.9166666666666666,0.9104761904761904
1,17,10.0,Subject455,0.8666666666666667,0.8571428571428571
1,17,10.0,Subject580,0.9111111111111111,0.9101010101010101
1,17,10.0,Subject890,0.9333333333333333,0.9288888888888889
1,17,10.0,Subject969,0.9,0.8755555555555555
1,17,15.0,Subject226,0.8,0.7644444444444445
1,17,15.0,Subject354,0.9166666666666666,0.9047811447811447
1,17,15.0,Subject455,0.8666666666666667,0.8571428571428571
1,17,15.0,Subject580,0.9111111111111111,0.9101010101010101
1,17,15.0,Subject890,0.9333333333333333,0.9288888888888889
1,17,15.0,Subject969,0.9,0.8755555555555555
1,17,inf,Subject226,0.8,0.7644444444444445
1,17,inf,Subject354,0.95,0.946031746031746
1,17,inf,Subject455,0.8666666666666667,0.8571428571428571
1,17,inf,Subject580,0.9,0.9012337662337663
1,17,inf,Subject890,0.9333333333333333,0.9288888888888889
1,17,inf,Subject969,0.8666666666666667,0.8222222222222222
2,2,2.0,Subject376,0.5666666666666667,0.5078245828245828
2,2,2.0,Subject424,0.65,0.6204511278195489
2,2,2.0,Subject494,0.55,0.4785185185185186
2,2,2.0,Subject571,0.6,0.5
2,2,2.0,Subject611,0.8666666666666667,0.857104377104377
2,2,2.0,Subject969,0.6333333333333333,0.551111111111111
2,2,3.0,Subject376,0.6,0.5454436304436304
2,2,3.0,Subject424,0.65,0.6194708994708994
2,2,3.0,Subject494,0.55,0.48179894179894184
2,2,3.0,Subject571,0.6666666666666666,0.5940740740740741
2,2,3.0,Subject611,0.85,0.8414814814814815
2,2,3.0,Subject969,0.6333333333333333,0.5644444444444444
2,2,4.0,Subject376,0.6,0.5344829244829244
2,2,4.0,Subject424,0.6166666666666667,0.572063492063492
2,2,4.0,Subject494,0.5166666666666667,0.44814814814814813
2,2,4.0,Subject571,0.5666666666666667,0.4422222222222222
2,2,4.0,Subject611,0.9,0.8893314093314094
2,2,4.0,Subject969,0.5666666666666667,0.5059259259259259
2,2,6.0,Subject376,0.5833333333333334,0.5261375661375661
2,2,6.0,Subject424,0.65,0.6138064114534703
2,2,6.0,Subject494,0.48333333333333334,0.4062433862433863
2,2,6.0,Subject571,0.6333333333333333,0.5466666666666667
2,2,6.0,Subject611,0.8833333333333333,0.8578162578162577
2,2,6.0,Subject969,0.6333333333333333,0.5777777777777778
2,2,8.0,Subject376,0.6333333333333333,0.5669515669515669
2,2,8.0,Subject424,0.6166666666666667,0.5898412698412698
2,2,8.0,Subject494,0.48333333333333334,0.4062433862433863
2,2,8.0,Subject571,0.5666666666666667,0.45111111111111113
2,2,8.0,Subject611,0.8833333333333333,0.8578162578162577
2,2,8.0,Subject969,0.6333333333333333,0.5644444444444444
2,2,10.0,Subject376,0.6,0.5462433862433862
2,2,10.0,Subject424,0.6,0.5660595934280145
2,2,10.0,Subject494,0.4666666666666667,0.3943915343915344
2,2,10.0,Subject571,0.5666666666666667,0.43555555555555553
2,2,10.0,Subject611,0.8833333333333333,0.8586243386243385
2,2,10.0,Subject969,0.6333333333333333,0.5777777777777778
2,2,15.0,Subject376,0.5833333333333334,0.5243060643060643
2,2,15.0,Subject424,0.6166666666666667,0.5677719551403763
2,2,15.0,Subject494,0.45,0.364021164021164
2,2,15.0,Subject571,0.5666666666666667,0.44666666666666666
2,2,15.0,Subject611,0.8833333333333333,0.8586243386243385
2,2,15.0,Subject969,0.6333333333333333,0.5644444444444444
2,2,inf,Subject376,0.5833333333333334,0.5243060643060643
2,2,inf,Subject424,0.6166666666666667,0.5677719551403763
2,2,inf,Subject494,0.48333333333333334,0.39068783068783064
2,2,inf,Subject571,0.6,0.4822222222222222
2,2,inf,Subject611,0.8833333333333333,0.8586243386243385
2,2,inf,Subject969,0.6333333333333333,0.5777777777777778
2,4,2.0,Subject376,0.6666666666666666,0.6533862433862434
2,4,2.0,Subject424,0.8333333333333334,0.7888888888888889
2,4,2.0,Subject494,0.7,0.6396296296296297
2,4,2.0,Subject571,0.7333333333333333,0.691111111111111
2,4,2.0,Subject611,0.8333333333333334,0.8131746031746033
2,4,2.0,Subject969,0.7,0.6844444444444445
2,4,3.0,Subject376,0.65,0.6207407407407408
2,4,3.0,Subject424,0.8333333333333334,0.7923483923483924
2,4,3.0,Subject494,0.6666666666666666,0.604021164021164
2,4,3.0,Subject571,0.8333333333333334,0.7866666666666666
2,4,3.0,Subject611,0.9,0.8939874939874941
2,4,3.0,Subject969,0.7,0.6822222222222222
2,4,4.0,Subject376,0.7166666666666667,0.6824434824434824
2,4,4.0,Subject424,0.8166666666666667,0.7754171754171754
2,4,4.0,Subject494,0.6166666666666667,0.524074074074074
2,4,4.0,Subject571,0.8,0.7466666666666665
2,4,4.0,Subject611,0.8666666666666667,0.85991341991342
2,4,4.0,Subject969,0.5666666666666667,0.5377777777777779
2,4,6.0,Subject376,0.7333333333333333,0.6915343915343916
2,4,6.0,Subject424,0.8333333333333334,0.7923483923483924
2,4,6.0,Subject494,0.6,0.5026647426647427
2,4,6.0,Subject571,0.7666666666666667,0.7288888888888888
2,4,6.0,Subject611,0.85,0.8431746031746032
2,4,6.0,Subject969,0.6333333333333333,0.5923809523809525
2,4,8.0,Subject376,0.7166666666666667,0.6792592592592592
2,4,8.0,Subject424,0.8333333333333334,0.7923483923483924
2,4,8.0,Subject494,0.6166666666666667,0.5333718133718134
2,4,8.0,Subject571,0.7666666666666667,0.7155555555555555
2,4,8.0,Subject611,0.8333333333333334,0.8160520960520962
2,4,8.0,Subject969,0.7333333333333333,0.72
2,4,10.0,Subject376,0.7333333333333333,0.7081673881673881
2,4,10.0,Subject424,0.8333333333333334,0.7923483923483924
2,4,10.0,Subject494,0.6166666666666667,0.5333718133718134
2,4,10.0,Subject571,0.8,0.751111111111111
2,4,10.0,Subject611,0.8,0.782824582824583
2,4,10.0,Subject969,0.6,0.5511111111111112
2,4,15.0,Subject376,0.7333333333333333,0.7124531024531026
2,4,15.0,Subject424,0.8166666666666667,0.7754171754171754
2,4,15.0,Subject494,0.65,0.5786243386243386
2,4,15.0,Subject571,0.8333333333333334,0.7822222222222223
2,4,15.0,Subject611,0.8166666666666667,0.8052910052910055
2,4,15.0,Subject969,0.6,0.5422222222222222
2,4,inf,Subject376,0.7333333333333333,0.7124531024531026
2,4,inf,Subject424,0.8333333333333334,0.7923483923483924
2,4,inf,Subject494,0.6333333333333333,0.555998075998076
2,4,inf,Subject571,0.8333333333333334,0.7822222222222223
2,4,inf,Subject611,0.8166666666666667,0.8052910052910055
2,4,inf,Subject969,0.6333333333333333,0.6
2,8,2.0,Subject376,0.65,0.613061568061568
2,8,2.0,Subject424,0.8333333333333334,0.8148148148148148
2,8,2.0,Subject494,0.6,0.5134391534391535
2,8,2.0,Subject571,0.7333333333333333,0.6755555555555556
2,8,2.0,Subject611,0.9166666666666666,0.9157671957671958
2,8,2.0,Subject969,0.7,0.6474074074074074
2,8,3.0,Subject376,0.65,0.5978234728234729
2,8,3.0,Subject424,0.8166666666666667,0.7978835978835979
2,8,3.0,Subject494,0.6,0.506588693957115
2,8,3.0,Subject571,0.7333333333333333,0.6511111111111111
2,8,3.0,Subject611,0.9333333333333333,0.932063492063492
2,8,3.0,Subject969,0.6333333333333333,0.5777777777777778
2,8,4.0,Subject376,0.65,0.5978234728234729
2,8,4.0,Subject424,0.85,0.8300529100529102
2,8,4.0,Subject494,0.5,0.4196045669729881
2,8,4.0,Subject571,0.7333333333333333,0.6511111111111111
2,8,4.0,Subject611,0.9,0.891890331890332
2,8,4.0,Subject969,0.6,0.5466666666666666
2,8,6.0,Subject376,0.6666666666666666,0.6252645502645503
2,8,6.0,Subject424,0.9,0.8812372812372813
2,8,6.0,Subject494,0.55,0.463625730994152
2,8,6.0,Subject571,0.7666666666666667,0.7088888888888889
2,8,6.0,Subject611,0.9,0.891890331890332
2,8,6.0,Subject969,0.6,0.5466666666666666
2,8,8.0,Subject376,0.7,0.6455291005291005
2,8,8.0,Subject424,0.8666666666666667,0.8486772486772487
2,8,8.0,Subject494,0.48333333333333334,0.38743525480367585
2,8,8.0,Subject571,0.7666666666666667,0.7088888888888889
2,8,8.0,Subject611,0.9166666666666666,0.9145165945165945
2,8,8.0,Subject969,0.5666666666666667,0.5111111111111112
2,8,10.0,Subject376,0.7,0.6622679172679171
2,8,10.0,Subject424,0.8833333333333333,0.8643060643060643
2,8,10.0,Subject494,0.5166666666666667,0.42379889116731223
2,8,10.0,Subject571,0.8,0.7400000000000001
2,8,10.0,Subject611,0.9333333333333333,0.9331409331409332
2,8,10.0,Subject969,0.6,0.5466666666666666
2,8,15.0,Subject376,0.7,0.6642255892255894
2,8,15.0,Subject424,0.9,0.8812372812372813
2,8,15.0,Subject494,0.5166666666666667,0.3978056251740462
2,8,15.0,Subject571,0.8,0.7400000000000001
2,8,15.0,Subject611,0.95,0.9500721500721501
2,8,15.0,Subject969,0.6,0.5466666666666666
2,8,inf,Subject376,0.7,0.6642255892255894
2,8,inf,Subject424,0.9,0.8812372812372813
2,8,inf,Subject494,0.5333333333333333,0.4244722918407129
2,8,inf,Subject571,0.8,0.7400000000000001
2,8,inf,Subject611,0.95,0.9500721500721501
2,8,inf,Subject969,0.6,0.5466666666666666
2,17,2.0,Subject376,0.7833333333333333,0.7617123617123619
2,17,2.0,Subject424,0.8666666666666667,0.8469841269841271
2,17,2.0,Subject494,0.65,0.5769281045751634
2,17,2.0,Subject571,0.7666666666666667,0.7295238095238096
2,17,2.0,Subject611,0.9166666666666666,0.9177248677248678
2,17,2.0,Subject969,0.7666666666666667,0.7266666666666668
2,17,3.0,Subject376,0.75,0.711880341880342
2,17,3.0,Subject424,0.8666666666666667,0.8469841269841271
2,17,3.0,Subject494,0.65,0.5806318082788671
2,17,3.0,Subject571,0.8333333333333334,0.7866666666666667
2,17,3.0,Subject611,0.9666666666666667,0.9676190476190477
2,17,3.0,Subject969,0.7,0.6444444444444445
2,17,4.0,Subject376,0.8,0.7754304954304955
2,17,4.0,Subject424,0.8666666666666667,0.8469841269841271
2,17,4.0,Subject494,0.6666666666666666,0.6060990860990861
2,17,4.0,Subject571,0.8333333333333334,0.7866666666666667
2,17,4.0,Subject611,0.95,0.9500721500721501
2,17,4.0,Subject969,0.6666666666666666,0.6133333333333333
2,17,6.0,Subject376,0.8,0.7737373737373738
2,17,6.0,Subject424,0.8666666666666667,0.8469841269841271
2,17,6.0,Subject494,0.65,0.5794324194324195
2,17,6.0,Subject571,0.8,0.7580952380952382
2,17,6.0,Subject611,0.95,0.9500721500721501
2,17,6.0,Subject969,0.6333333333333333,0.58
2,17,8.0,Subject376,0.8666666666666667,0.8490620490620491
2,17,8.0,Subject424,0.8666666666666667,0.8469841269841271
2,17,8.0,Subject494,0.6166666666666667,0.5471091871091872
2,17,8.0,Subject571,0.8,0.7580952380952382
2,17,8.0,Subject611,0.95,0.9500721500721501
2,17,8.0,Subject969,0.6666666666666666,0.6096296296296296
2,17,10.0,Subject376,0.85,0.8321308321308323
2,17,10.0,Subject424,0.85,0.8300529100529102
2,17,10.0,Subject494,0.6166666666666667,0.5381423255107466
2,17,10.0,Subject571,0.8,0.7580952380952382
2,17,10.0,Subject611,0.95,0.9500721500721501
2,17,10.0,Subject969,0.6666666666666666,0.5977777777777777
2,17,15.0,Subject376,0.8333333333333334,0.8154641654641656
2,17,15.0,Subject424,0.8833333333333333,0.8656084656084656
2,17,15.0,Subject494,0.6333333333333333,0.5622500696184908
2,17,15.0,Subject571,0.8,0.7580952380952382
2,17,15.0,Subject611,0.95,0.9500721500721501
2,17,15.0,Subject969,0.6333333333333333,0.5829629629629629
2,17,inf,Subject376,0.8333333333333334,0.8154641654641656
2,17,inf,Subject424,0.8833333333333333,0.8656084656084656
2,17,inf,Subject494,0.6333333333333333,0.5622500696184908
2,17,inf,Subject571,0.8333333333333334,0.7936507936507937
2,17,inf,Subject611,0.95,0.9500721500721501
2,17,inf,Subject969,0.6666666666666666,0.5977777777777777
3,2,2.0,Subject226,0.6333333333333333,0.5746031746031747
3,2,2.0,Subject354,0.7333333333333333,0.7103703703703704
3,2,2.0,Subject376,0.5833333333333334,0.517966477966478
3,2,2.0,Subject424,0.65,0.6163492063492063
3,2,2.0,Subject729,0.9,0.8980423280423281
3,2,2.0,Subject969,0.5333333333333333,0.43333333333333335
3,2,3.0,Subject226,0.5666666666666667,0.49904761904761913
3,2,3.0,Subject354,0.75,0.7331216931216933
3,2,3.0,Subject376,0.6333333333333333,0.5676923076923077
3,2,3.0,Subject424,0.6833333333333333,0.6522751322751322
3,2,3.0,Subject729,0.8833333333333333,0.8771428571428572
3,2,3.0,Subject969,0.5333333333333333,0.4625396825396825
3,2,4.0,Subject226,0.5666666666666667,0.5022222222222222
3,2,4.0,Subject354,0.7666666666666667,0.7637037037037036
3,2,4.0,Subject376,0.6333333333333333,0.5892063492063492
3,2,4.0,Subject424,0.6166666666666667,0.5864935064935065
3,2,4.0,Subject729,0.9166666666666666,0.9124338624338626
3,2,4.0,Subject969,0.6,0.5403174603174603
3,2,6.0,Subject226,0.5666666666666667,0.5311111111111111
3,2,6.0,Subject354,0.7666666666666667,0.7559788359788359
3,2,6.0,Subject376,0.7,0.6507936507936508
3,2,6.0,Subject424,0.6333333333333333,0.6020490620490621
3,2,6.0,Subject729,0.9,0.8946031746031747
3,2,6.0,Subject969,0.5666666666666667,0.5047619047619049
3,2,8.0,Subject226,0.6,0.5533333333333333
3,2,8.0,Subject354,0.75,0.7351322751322751
3,2,8.0,Subject376,0.6833333333333333,0.6440211640211639
3,2,8.0,Subject424,0.6333333333333333,0.6035642135642136
3,2,8.0,Subject729,0.8833333333333333,0.8677248677248677
3,2,8.0,Subject969,0.5666666666666667,0.506984126984127
3,2,10.0,Subject226,0.6333333333333333,0.5857142857142857
3,2,10.0,Subject354,0.75,0.7417460317460317
3,2,10.0,Subject376,0.7,0.6567195767195767
3,2,10.0,Subject424,0.6166666666666667,0.5804761904761906
3,2,10.0,Subject729,0.9,0.893987493987494
3,2,10.0,Subject969,0.6,0.5333333333333333
3,2,15.0,Subject226,0.6333333333333333,0.5879365079365081
3,2,15.0,Subject354,0.7666666666666667,0.7502308802308802
3,2,15.0,Subject376,0.6833333333333333,0.6382539682539683
3,2,15.0,Subject424,0.6166666666666667,0.5804761904761906
3,2,15.0,Subject729,0.9166666666666666,0.9109187109187109
3,2,15.0,Subject969,0.5666666666666667,0.47555555555555556
3,2,inf,Subject226,0.6333333333333333,0.5879365079365081
3,2,inf,Subject354,0.7666666666666667,0.7502308802308802
3,2,inf,Subject376,0.6833333333333333,0.6382539682539683
3,2,inf,Subject424,0.6,0.5675335775335776
3,2,inf,Subject729,0.9166666666666666,0.9109187109187109
3,2,inf,Subject969,0.5666666666666667,0.47555555555555556
3,4,2.0,Subject226,0.7,0.6311111111111111
3,4,2.0,Subject354,0.8,0.775026455026455
3,4,2.0,Subject376,0.6166666666666667,0.5740404040404042
3,4,2.0,Subject424,0.7333333333333333,0.7097354497354498
3,4,2.0,Subject729,0.9333333333333333,0.9322751322751324
3,4,2.0,Subject969,0.6333333333333333,0.5692063492063492
3,4,3.0,Subject226,0.6666666666666666,0.6022222222222222
3,4,3.0,Subject354,0.8666666666666667,0.8508128908128908
3,4,3.0,Subject376,0.6666666666666666,0.6264021164021164
3,4,3.0,Subject424,0.7333333333333333,0.7090620490620492
3,4,3.0,Subject729,0.9166666666666666,0.9136507936507937
3,4,3.0,Subject969,0.6,0.562962962962963
3,4,4.0,Subject226,0.7,0.6466666666666667
3,4,4.0,Subject354,0.7833333333333333,0.7526647426647427
3,4,4.0,Subject376,0.6666666666666666,0.6264021164021164
3,4,4.0,Subject424,0.7166666666666667,0.6928042328042329
3,4,4.0,Subject729,0.9333333333333333,0.9322751322751324
3,4,4.0,Subject969,0.6666666666666666,0.6311111111111111
3,4,6.0,Subject226,0.7,0.638095238095238
3,4,6.0,Subject354,0.8166666666666667,0.7917075517075517
3,4,6.0,Subject376,0.6833333333333333,0.6488857765328354
3,4,6.0,Subject424,0.8,0.7824627224627225
3,4,6.0,Subject729,0.95,0.9492063492063493
3,4,6.0,Subject969,0.7,0.6644444444444445
3,4,8.0,Subject226,0.6666666666666666,0.5936507936507935
3,4,8.0,Subject354,0.7833333333333333,0.7553631553631555
3,4,8.0,Subject376,0.7166666666666667,0.6808963585434173
3,4,8.0,Subject424,0.7666666666666667,0.7405435305435305
3,4,8.0,Subject729,0.95,0.9492063492063493
3,4,8.0,Subject969,0.7333333333333333,0.7088888888888889
3,4,10.0,Subject226,0.6666666666666666,0.5936507936507935
3,4,10.0,Subject354,0.7833333333333333,0.7467051467051466
3,4,10.0,Subject376,0.7166666666666667,0.6791534391534391
3,4,10.0,Subject424,0.7833333333333333,0.7502405002405003
3,4,10.0,Subject729,0.95,0.9492063492063493
3,4,10.0,Subject969,0.7333333333333333,0.7088888888888889
3,4,15.0,Subject226,0.6666666666666666,0.5936507936507935
3,4,15.0,Subject354,0.8,0.7633670033670034
3,4,15.0,Subject376,0.7333333333333333,0.7058201058201059
3,4,15.0,Subject424,0.7833333333333333,0.7502405002405003
3,4,15.0,Subject729,0.95,0.9492063492063493
3,4,15.0,Subject969,0.7333333333333333,0.7088888888888889
3,4,inf,Subject226,0.7,0.6333333333333332
3,4,inf,Subject354,0.8,0.7633670033670034
3,4,inf,Subject376,0.7333333333333333,0.7058201058201059
3,4,inf,Subject424,0.7833333333333333,0.7502405002405003
3,4,inf,Subject729,0.9666666666666667,0.9661375661375662
3,4,inf,Subject969,0.7333333333333333,0.7088888888888889
3,8,2.0,Subject226,0.7333333333333333,0.6755555555555557
3,8,2.0,Subject354,0.8666666666666667,0.8497354497354499
3,8,2.0,Subject376,0.75,0.7062433862433862
3,8,2.0,Subject424,0.7666666666666667,0.7365079365079364
3,8,2.0,Subject729,0.9666666666666667,0.9664021164021165
3,8,2.0,Subject969,0.9,0.8755555555555555
3,8,3.0,Subject226,0.7,0.6425396825396825
3,8,3.0,Subject354,0.9,0.8852910052910054
3,8,3.0,Subject376,0.7666666666666667,0.7334054834054834
3,8,3.0,Subject424,0.75,0.7195767195767196
3,8,3.0,Subject729,0.9833333333333333,0.9830687830687831
3,8,3.0,Subject969,0.7666666666666667,0.7136507936507938
3,8,4.0,Subject226,0.7,0.6425396825396825
3,8,4.0,Subject354,0.85,0.8207407407407408
3,8,4.0,Subject376,0.8,0.772536570183629
3,8,4.0,Subject424,0.7666666666666667,0.7343530543530543
3,8,4.0,Subject729,0.9666666666666667,0.9664021164021165
3,8,4.0,Subject969,0.8666666666666667,0.8533333333333333
3,8,6.0,Subject226,0.6666666666666666,0.5936507936507935
3,8,6.0,Subject354,0.85,0.8186243386243387
3,8,6.0,Subject376,0.7833333333333333,0.7529598506069095
3,8,6.0,Subject424,0.8166666666666667,0.7927716727716727
3,8,6.0,Subject729,0.9666666666666667,0.9664021164021165
3,8,6.0,Subject969,0.8333333333333334,0.8088888888888889
3,8,8.0,Subject226,0.6666666666666666,0.5936507936507935
3,8,8.0,Subject354,0.8666666666666667,0.8465752765752765
3,8,8.0,Subject376,0.8,0.7693619670090258
3,8,8.0,Subject424,0.8,0.7768986568986569
3,8,8.0,Subject729,0.9666666666666667,0.9664021164021165
3,8,8.0,Subject969,0.9,0.8755555555555555
3,8,10.0,Subject226,0.7,0.638095238095238
3,8,10.0,Subject354,0.8666666666666667,0.8465752765752765
3,8,10.0,Subject376,0.8,0.7704201680672269
3,8,10.0,Subject424,0.7833333333333333,0.7583801383801384
3,8,10.0,Subject729,0.95,0.9494708994708995
3,8,10.0,Subject969,0.9,0.8755555555555555
3,8,15.0,Subject226,0.7333333333333333,0.6603174603174602
3,8,15.0,Subject354,0.8833333333333333,0.8617604617604617
3,8,15.0,Subject376,0.7833333333333333,0.7529598506069095
3,8,15.0,Subject424,0.8333333333333334,0.8095441595441596
3,8,15.0,Subject729,0.9666666666666667,0.9664021164021165
3,8,15.0,Subject969,0.9,0.8755555555555555
3,8,inf,Subject226,0.7333333333333333,0.6603174603174602
3,8,inf,Subject354,0.8833333333333333,0.8617604617604617
3,8,inf,Subject376,0.7666666666666667,0.731478369125428
3,8,inf,Subject424,0.8166666666666667,0.7928774928774929
3,8,inf,Subject729,0.9666666666666667,0.9664021164021165
3,8,inf,Subject969,0.9,0.8755555555555555
3,17,2.0,Subject226,0.7666666666666667,0.7111111111111111
3,17,2.0,Subject354,0.95,0.9492063492063493
3,17,2.0,Subject376,0.7666666666666667,0.7246176046176045
3,17,2.0,Subject424,0.85,0.8186243386243387
3,17,2.0,Subject729,0.9666666666666667,0.9664021164021165
3,17,2.0,Subject969,0.8333333333333334,0.8158730158730159
3,17,3.0,Subject226,0.7333333333333333,0.6822222222222222
3,17,3.0,Subject354,0.9666666666666667,0.9661375661375663
3,17,3.0,Subject376,0.8166666666666667,0.7987301587301587
3,17,3.0,Subject424,0.85,0.8186243386243387
3,17,3.0,Subject729,0.9666666666666667,0.9664021164021165
3,17,3.0,Subject969,0.7,0.6607407407407407
3,17,4.0,Subject226,0.7333333333333333,0.6822222222222222
3,17,4.0,Subject354,0.95,0.9475132275132275
3,17,4.0,Subject376,0.8333333333333334,0.8173544973544974
3,17,4.0,Subject424,0.85,0.8286243386243387
3,17,4.0,Subject729,0.9666666666666667,0.9664021164021165
3,17,4.0,Subject969,0.7666666666666667,0.7407407407407407
3,17,6.0,Subject226,0.7,0.638095238095238
3,17,6.0,Subject354,0.9666666666666667,0.9644444444444444
3,17,6.0,Subject376,0.8333333333333334,0.8129629629629629
3,17,6.0,Subject424,0.85,0.8286243386243387
3,17,6.0,Subject729,0.9666666666666667,0.9664021164021165
3,17,6.0,Subject969,0.7333333333333333,0.7051851851851852
3,17,8.0,Subject226,0.7,0.638095238095238
3,17,8.0,Subject354,0.9666666666666667,0.9644444444444444
3,17,8.0,Subject376,0.85,0.8328042328042329
3,17,8.0,Subject424,0.85,0.8286243386243387
3,17,8.0,Subject729,0.9666666666666667,0.9664021164021165
3,17,8.0,Subject969,0.7666666666666667,0.7407407407407407
3,17,10.0,Subject226,0.7,0.638095238095238
3,17,10.0,Subject354,0.9666666666666667,0.9644444444444444
3,17,10.0,Subject376,0.8166666666666667,0.795132275132275
3,17,10.0,Subject424,0.8166666666666667,0.7934391534391534
3,17,10.0,Subject729,0.9666666666666667,0.9664021164021165
3,17,10.0,Subject969,0.7666666666666667,0.7407407407407407
3,17,15.0,Subject226,0.7333333333333333,0.6603174603174602
3,17,15.0,Subject354,0.9666666666666667,0.9664021164021165
3,17,15.0,Subject376,0.8166666666666667,0.7977777777777777
3,17,15.0,Subject424,0.85,0.8286243386243387
3,17,15.0,Subject729,0.9666666666666667,0.9664021164021165
3,17,15.0,Subject969,0.7666666666666667,0.7407407407407407
3,17,inf,Subject226,0.7666666666666667,0.6999999999999998
3,17,inf,Subject354,0.9666666666666667,0.9664021164021165
3,17,inf,Subject376,0.8166666666666667,0.7977777777777777
3,17,inf,Subject424,0.85,0.8286243386243387
3,17,inf,Subject729,0.9666666666666667,0.9664021164021165
3,17,inf,Subject969,0.7333333333333333,0.6933333333333334
4,2,2.0,Subject424,0.5666666666666667,0.506031746031746
4,2,2.0,Subject455,0.85,0.8253631553631554
4,2,2.0,Subject561,0.6666666666666666,0.6123809523809524
4,2,2.0,Subject571,0.7666666666666667,0.7225396825396826
4,2,2.0,Subject741,0.7166666666666667,0.6821548821548821
4,2,2.0,Subject819,0.6,0.5548100048100048
4,2,3.0,Subject424,0.5333333333333333,0.46603174603174596
4,2,3.0,Subject455,0.8333333333333334,0.8086243386243387
4,2,3.0,Subject561,0.6666666666666666,0.6203174603174603
4,2,3.0,Subject571,0.8,0.7644444444444445
4,2,3.0,Subject741,0.75,0.7155747955747956
4,2,3.0,Subject819,0.55,0.5081481481481481
4,2,4.0,Subject424,0.5333333333333333,0.460947200947201
4,2,4.0,Subject455,0.8333333333333334,0.8086243386243387
4,2,4.0,Subject561,0.65,0.6009668109668109
4,2,4.0,Subject571,0.8,0.7511111111111112
4,2,4.0,Subject741,0.7333333333333333,0.6877981277981279
4,2,4.0,Subject819,0.6333333333333333,0.5919576719576719
4,2,6.0,Subject424,0.5333333333333333,0.46412901912901916
4,2,6.0,Subject455,0.85,0.8256277056277057
4,2,6.0,Subject561,0.6333333333333333,0.5583566760037347
4,2,6.0,Subject571,0.8,0.7580952380952382
4,2,6.0,Subject741,0.7166666666666667,0.6711832611832612
4,2,6.0,Subject819,0.65,0.5959462759462759
4,2,8.0,Subject424,0.55,0.4915416065416066
4,2,8.0,Subject455,0.85,0.8256277056277057
4,2,8.0,Subject561,0.6333333333333333,0.5623970800441389
4,2,8.0,Subject571,0.7333333333333333,0.6647619047619048
4,2,8.0,Subject741,0.7,0.6544300144300145
4,2,8.0,Subject819,0.65,0.6129833129833131
4,2,10.0,Subject424,0.55,0.49491950315479727
4,2,10.0,Subject455,0.85,0.8256277056277057
4,2,10.0,Subject561,0.65,0.5826839826839827
4,2,10.0,Subject571,0.7333333333333333,0.6647619047619048
4,2,10.0,Subject741,0.7,0.6556998556998558
4,2,10.0,Subject819,0.65,0.5924297924297924
4,2,15.0,Subject424,0.5333333333333333,0.4771428571428571
4,2,15.0,Subject455,0.8333333333333334,0.8086243386243387
4,2,15.0,Subject561,0.6333333333333333,0.5566491242961831
4,2,15.0,Subject571,0.7666666666666667,0.6933333333333334
4,2,15.0,Subject741,0.7,0.6556998556998558
4,2,15.0,Subject819,0.65,0.6234391534391536
4,2,inf,Subject424,0.5333333333333333,0.4771428571428571
4,2,inf,Subject455,0.8333333333333334,0.8086243386243387
4,2,inf,Subject561,0.6,0.5117327117327117
4,2,inf,Subject571,0.7666666666666667,0.6933333333333334
4,2,inf,Subject741,0.7,0.6556998556998558
4,2,inf,Subject819,0.65,0.6393314093314094
4,4,2.0,Subject424,0.8166666666666667,0.7947619047619049
4,4,2.0,Subject455,0.7833333333333333,0.760934250934251
4,4,2.0,Subject561,0.6833333333333333,0.6454256854256855
4,4,2.0,Subject571,0.7333333333333333,0.7136507936507938
4,4,2.0,Subject741,0.8333333333333334,0.8257335257335257
4,4,2.0,Subject819,0.55,0.5106715506715507
4,4,3.0,Subject424,0.8,0.765873015873016
4,4,3.0,Subject455,0.8,0.7738768638768639
4,4,3.0,Subject561,0.7,0.6621356421356421
4,4,3.0,Subject571,0.8666666666666667,0.8400000000000001
4,4,3.0,Subject741,0.8833333333333333,0.8726647426647427
4,4,3.0,Subject819,0.5666666666666667,0.5161771561771562
4,4,4.0,Subject424,0.7666666666666667,0.7313756613756615
4,4,4.0,Subject455,0.7666666666666667,0.7391630591630592
4,4,4.0,Subject561,0.6833333333333333,0.643044733044733
4,4,4.0,Subject571,0.8666666666666667,0.8400000000000001
4,4,4.0,Subject741,0.8833333333333333,0.8726647426647427
4,4,4.0,Subject819,0.6,0.5541125541125542
4,4,6.0,Subject424,0.7666666666666667,0.7283597883597884
4,4,6.0,Subject455,0.7833333333333333,0.7541798941798942
4,4,6.0,Subject561,0.6666666666666666,0.6123376623376624
4,4,6.0,Subject571,0.8666666666666667,0.8400000000000001
4,4,6.0,Subject741,0.8833333333333333,0.8726647426647427
4,4,6.0,Subject819,0.6666666666666666,0.6088726088726089
4,4,8.0,Subject424,0.8,0.7639153439153439
4,4,8.0,Subject455,0.7666666666666667,0.7372486772486773
4,4,8.0,Subject561,0.6833333333333333,0.6238095238095238
4,4,8.0,Subject571,0.8333333333333334,0.8114285714285714
4,4,8.0,Subject741,0.8666666666666667,0.8557335257335258
4,4,8.0,Subject819,0.65,0.5934228734228735
4,4,10.0,Subject424,0.7833333333333333,0.7452910052910052
4,4,10.0,Subject455,0.75,0.7172486772486774
4,4,10.0,Subject561,0.6833333333333333,0.6238095238095238
4,4,10.0,Subject571,0.8333333333333334,0.8088888888888889
4,4,10.0,Subject741,0.8666666666666667,0.8557335257335258
4,4,10.0,Subject819,0.65,0.5986080586080585
4,4,15.0,Subject424,0.8,0.7639153439153439
4,4,15.0,Subject455,0.7666666666666667,0.7231361231361232
4,4,15.0,Subject561,0.6833333333333333,0.6238095238095238
4,4,15.0,Subject571,0.8333333333333334,0.8088888888888889
4,4,15.0,Subject741,0.85,0.8397883597883599
4,4,15.0,Subject819,0.6666666666666666,0.614057794057794
4,4,inf,Subject424,0.8,0.7639153439153439
4,4,inf,Subject455,0.75,0.7062049062049063
4,4,inf,Subject561,0.6666666666666666,0.6126984126984126
4,4,inf,Subject571,0.8333333333333334,0.7866666666666667
4,4,inf,Subject741,0.8333333333333334,0.8185917785917787
4,4,inf,Subject819,0.7,0.6661945461945462
4,8,2.0,Subject424,0.8666666666666667,0.8333333333333334
4,8,2.0,Subject455,0.8666666666666667,0.8492063492063493
4,8,2.0,Subject561,0.8,0.7591919191919192
4,8,2.0,Subject571,0.7,0.6518518518518519
4,8,2.0,Subject741,0.95,0.9492063492063493
4,8,2.0,Subject819,0.8,0.7746560846560846
4,8,3.0,Subject424,0.8666666666666667,0.8333333333333334
4,8,3.0,Subject455,0.8666666666666667,0.8534391534391534
4,8,3.0,Subject561,0.75,0.7010101010101011
4,8,3.0,Subject571,0.8333333333333334,0.8088888888888889
4,8,3.0,Subject741,0.9333333333333333,0.9305820105820107
4,8,3.0,Subject819,0.8333333333333334,0.8116402116402117
4,8,4.0,Subject424,0.8333333333333334,0.7997354497354497
4,8,4.0,Subject455,0.8666666666666667,0.8490620490620491
4,8,4.0,Subject561,0.7333333333333333,0.6815392015392016
4,8,4.0,Subject571,0.8,0.7622222222222222
4,8,4.0,Subject741,0.9333333333333333,0.9305820105820107
4,8,4.0,Subject819,0.85,0.8278980278980279
4,8,6.0,Subject424,0.8333333333333334,0.7994708994708994
4,8,6.0,Subject455,0.8666666666666667,0.8422895622895623
4,8,6.0,Subject561,0.7666666666666667,0.7225974025974027
4,8,6.0,Subject571,0.7666666666666667,0.7088888888888889
4,8,6.0,Subject741,0.9333333333333333,0.9305820105820107
4,8,6.0,Subject819,0.8666666666666667,0.8431361231361231
4,8,8.0,Subject424,0.8333333333333334,0.7994708994708994
4,8,8.0,Subject455,0.8333333333333334,0.7936700336700337
4,8,8.0,Subject561,0.75,0.7098989898989899
4,8,8.0,Subject571,0.8,0.7622222222222222
4,8,8.0,Subject741,0.9333333333333333,0.9305820105820107
4,8,8.0,Subject819,0.9,0.8786916786916787
4,8,10.0,Subject424,0.8333333333333334,0.7994708994708994
4,8,10.0,Subject455,0.8333333333333334,0.7896296296296297
4,8,10.0,Subject561,0.7333333333333333,0.69005772005772
4,8,10.0,Subject571,0.8333333333333334,0.8114285714285714
4,8,10.0,Subject741,0.9333333333333333,0.9337566137566139
4,8,10.0,Subject819,0.8833333333333333,0.8617604617604618
4,8,15.0,Subject424,0.8333333333333334,0.7994708994708994
4,8,15.0,Subject455,0.8666666666666667,0.8374410774410775
4,8,15.0,Subject561,0.75,0.7098989898989899
4,8,15.0,Subject571,0.8333333333333334,0.8114285714285714
4,8,15.0,Subject741,0.8666666666666667,0.8652044252044252
4,8,15.0,Subject819,0.8666666666666667,0.8461375661375662
4,8,inf,Subject424,0.8333333333333334,0.7994708994708994
4,8,inf,Subject455,0.8666666666666667,0.8374410774410775
4,8,inf,Subject561,0.7166666666666667,0.6718903318903319
4,8,inf,Subject571,0.8666666666666667,0.8400000000000001
4,8,inf,Subject741,0.8833333333333333,0.8855218855218855
4,8,inf,Subject819,0.8833333333333333,0.8630687830687831
4,17,2.0,Subject424,0.85,0.8164021164021165
4,17,2.0,Subject455,0.8833333333333333,0.8661375661375661
4,17,2.0,Subject561,0.8,0.7545165945165945
4,17,2.0,Subject571,0.8333333333333334,0.8311111111111111
4,17,2.0,Subject741,0.9166666666666666,0.916825396825397
4,17,2.0,Subject819,0.8833333333333333,0.8617989417989418
4,17,3.0,Subject424,0.85,0.8164021164021165
4,17,3.0,Subject455,0.9166666666666666,0.8956228956228957
4,17,3.0,Subject561,0.7833333333333333,0.744992784992785
4,17,3.0,Subject571,0.8333333333333334,0.808888888888889
4,17,3.0,Subject741,0.9333333333333333,0.9248869648869648
4,17,3.0,Subject819,0.8833333333333333,0.8643060643060644
4,17,4.0,Subject424,0.8333333333333334,0.7994708994708996
4,17,4.0,Subject455,0.8666666666666667,0.8438095238095239
4,17,4.0,Subject561,0.7333333333333333,0.6954689754689755
4,17,4.0,Subject571,0.8666666666666667,0.8622222222222222
4,17,4.0,Subject741,0.9,0.8952910052910052
4,17,4.0,Subject819,0.85,0.8296296296296295
4,17,6.0,Subject424,0.8666666666666667,0.8452910052910053
4,17,6.0,Subject455,0.9,0.88
4,17,6.0,Subject561,0.7833333333333333,0.7418181818181819
4,17,6.0,Subject571,0.9,0.8977777777777778
4,17,6.0,Subject741,0.8666666666666667,0.8584656084656085
4,17,6.0,Subject819,0.8833333333333333,0.8645706145706147
4,17,8.0,Subject424,0.85,0.8164021164021165
4,17,8.0,Subject455,0.9166666666666666,0.8956228956228957
4,17,8.0,Subject561,0.7666666666666667,0.733953823953824
4,17,8.0,Subject571,0.9333333333333333,0.9333333333333332
4,17,8.0,Subject741,0.8833333333333333,0.8751322751322752
4,17,8.0,Subject819,0.8833333333333333,0.8645706145706147
4,17,10.0,Subject424,0.8333333333333334,0.7994708994708996
4,17,10.0,Subject455,0.9,0.8786916786916787
4,17,10.0,Subject561,0.7833333333333333,0.749033189033189
4,17,10.0,Subject571,0.9,0.8825396825396825
4,17,10.0,Subject741,0.9,0.8920634920634921
4,17,10.0,Subject819,0.8833333333333333,0.8645706145706147
4,17,15.0,Subject424,0.85,0.8164021164021165
4,17,15.0,Subject455,0.9,0.8786916786916787
4,17,15.0,Subject561,0.7833333333333333,0.749033189033189
4,17,15.0,Subject571,0.9,0.8977777777777777
4,17,15.0,Subject741,0.9,0.8950264550264551
4,17,15.0,Subject819,0.8666666666666667,0.8489417989417988
4,17,inf,Subject424,0.85,0.8164021164021165
4,17,inf,Subject455,0.9,0.8786916786916787
4,17,inf,Subject561,0.7833333333333333,0.7517652717652719
4,17,inf,Subject571,0.9,0.8977777777777777
4,17,inf,Subject741,0.8833333333333333,0.8749206349206349
4,17,inf,Subject819,0.8666666666666667,0.8489417989417988
5,2,2.0,Subject226,0.6333333333333333,0.5758730158730159
5,2,2.0,Subject424,0.6166666666666667,0.5492796092796092
5,2,2.0,Subject580,0.6444444444444445,0.6412265512265513
5,2,2.0,Subject819,0.7333333333333333,0.7150264550264551
5,2,2.0,Subject877,0.7,0.6869515669515669
5,2,2.0,Subject890,0.6,0.5358730158730158
5,2,3.0,Subject226,0.6,0.5469841269841269
5,2,3.0,Subject424,0.6,0.5234676434676434
5,2,3.0,Subject580,0.6666666666666666,0.6575835275835276
5,2,3.0,Subject819,0.7666666666666667,0.7483597883597884
5,2,3.0,Subject877,0.7333333333333333,0.7143060643060644
5,2,3.0,Subject890,0.6,0.5358730158730158
5,2,4.0,Subject226,0.6,0.5469841269841269
5,2,4.0,Subject424,0.55,0.47416361416361413
5,2,4.0,Subject580,0.6777777777777778,0.6813808413808414
5,2,4.0,Subject819,0.7833333333333333,0.7456277056277056
5,2,4.0,Subject877,0.7166666666666667,0.6988563288563289
5,2,4.0,Subject890,0.5666666666666667,0.5092063492063492
5,2,6.0,Subject226,0.6,0.558095238095238
5,2,6.0,Subject424,0.55,0.48031746031746025
5,2,6.0,Subject580,0.6666666666666666,0.6554501054501055
5,2,6.0,Subject819,0.7833333333333333,0.7481348281348281
5,2,6.0,Subject877,0.7166666666666667,0.6988563288563289
5,2,6.0,Subject890,0.6666666666666666,0.5968253968253967
5,2,8.0,Subject226,0.6,0.558095238095238
5,2,8.0,Subject424,0.55,0.48806267806267806
5,2,8.0,Subject580,0.7,0.7009534909534909
5,2,8.0,Subject819,0.75,0.7211314611314612
5,2,8.0,Subject877,0.7,0.6806023606023606
5,2,8.0,Subject890,0.6333333333333333,0.546031746031746
5,2,10.0,Subject226,0.6,0.558095238095238
5,2,10.0,Subject424,0.5333333333333333,0.4714285714285714
5,2,10.0,Subject580,0.6777777777777778,0.6698912198912199
5,2,10.0,Subject819,0.7833333333333333,0.7523483923483923
5,2,10.0,Subject877,0.7,0.6806023606023606
5,2,10.0,Subject890,0.6666666666666666,0.5666666666666667
5,2,15.0,Subject226,0.6,0.5533333333333332
5,2,15.0,Subject424,0.55,0.49222222222222217
5,2,15.0,Subject580,0.6555555555555556,0.6445835210541093
5,2,15.0,Subject819,0.7833333333333333,0.7523483923483923
5,2,15.0,Subject877,0.7333333333333333,0.7115921115921116
5,2,15.0,Subject890,0.6333333333333333,0.5425396825396825
5,2,inf,Subject226,0.6,0.5533333333333332
5,2,inf,Subject424,0.55,0.49222222222222217
5,2,inf,Subject580,0.6444444444444445,0.634063159063159
5,2,inf,Subject819,0.75,0.722930402930403
5,2,inf,Subject877,0.7333333333333333,0.7172486772486774
5,2,inf,Subject890,0.6333333333333333,0.5425396825396825
5,4,2.0,Subject226,0.6,0.5380952380952381
5,4,2.0,Subject424,0.5666666666666667,0.5143049543049544
5,4,2.0,Subject580,0.7111111111111111,0.6781861711273475
5,4,2.0,Subject819,0.8666666666666667,0.861957671957672
5,4,2.0,Subject877,0.9333333333333333,0.9331409331409332
5,4,2.0,Subject890,0.5666666666666667,0.4714285714285714
5,4,3.0,Subject226,0.5666666666666667,0.5247619047619048
5,4,3.0,Subject424,0.5333333333333333,0.4806184882655471
5,4,3.0,Subject580,0.6777777777777778,0.6515254725781042
5,4,3.0,Subject819,0.9166666666666666,0.9141798941798941
5,4,3.0,Subject877,0.9166666666666666,0.920952380952381
5,4,3.0,Subject890,0.6,0.5044444444444445
5,4,4.0,Subject226,0.5666666666666667,0.5247619047619048
5,4,4.0,Subject424,0.5,0.44189144189144186
5,4,4.0,Subject580,0.7444444444444445,0.7318584683290565
5,4,4.0,Subject819,0.9166666666666666,0.9079557479557481
5,4,4.0,Subject877,0.9166666666666666,0.9160317460317461
5,4,4.0,Subject890,0.6666666666666666,0.5892063492063493
5,4,6.0,Subject226,0.5666666666666667,0.5158730158730159
5,4,6.0,Subject424,0.5,0.4580643757114345
5,4,6.0,Subject580,0.7444444444444445,0.7256432456432457
5,4,6.0,Subject819,0.9333333333333333,0.924886964886965
5,4,6.0,Subject877,0.8833333333333333,0.8871572871572871
5,4,6.0,Subject890,0.6333333333333333,0.5511111111111112
5,4,8.0,Subject226,0.5666666666666667,0.5158730158730159
5,4,8.0,Subject424,0.5,0.4521384497855086
5,4,8.0,Subject580,0.7555555555555555,0.7439338439338439
5,4,8.0,Subject819,0.9333333333333333,0.924886964886965
5,4,8.0,Subject877,0.8833333333333333,0.8867724867724868
5,4,8.0,Subject890,0.6666666666666666,0.5955555555555556
5,4,10.0,Subject226,0.6,0.5380952380952381
5,4,10.0,Subject424,0.5,0.4435011611482199
5,4,10.0,Subject580,0.7333333333333333,0.7206637806637807
5,4,10.0,Subject819,0.9333333333333333,0.924886964886965
5,4,10.0,Subject877,0.8666666666666667,0.871957671957672
5,4,10.0,Subject890,0.6666666666666666,0.586984126984127
5,4,15.0,Subject226,0.6,0.5444444444444444
5,4,15.0,Subject424,0.48333333333333334,0.4161098161098162
5,4,15.0,Subject580,0.7555555555555555,0.7422333657627775
5,4,15.0,Subject819,0.95,0.9475132275132275
5,4,15.0,Subject877,0.8666666666666667,0.871957671957672
5,4,15.0,Subject890,0.6666666666666666,0.5955555555555556
5,4,inf,Subject226,0.6333333333333333,0.5866666666666667
5,4,inf,Subject424,0.48333333333333334,0.4094709968394179
5,4,inf,Subject580,0.7555555555555555,0.7408748223454107
5,4,inf,Subject819,0.9333333333333333,0.924886964886965
5,4,inf,Subject877,0.8666666666666667,0.871957671957672
5,4,inf,Subject890,0.6666666666666666,0.5955555555555556
5,8,2.0,Subject226,0.7,0.6355555555555555
5,8,2.0,Subject424,0.7666666666666667,0.7109685086155674
5,8,2.0,Subject580,0.7222222222222222,0.7060006224712106
5,8,2.0,Subject819,0.8833333333333333,0.8737037037037038
5,8,2.0,Subject877,0.9,0.8867724867724868
5,8,2.0,Subject890,0.8,0.8047619047619047
5,8,3.0,Subject226,0.6666666666666666,0.6022222222222222
5,8,3.0,Subject424,0.7166666666666667,0.6589947089947089
5,8,3.0,Subject580,0.7888888888888889,0.7784693084693085
5,8,3.0,Subject819,0.9,0.8885185185185185
5,8,3.0,Subject877,0.9166666666666666,0.9119576719576721
5,8,3.0,Subject890,0.7666666666666667,0.7758730158730158
5,8,4.0,Subject226,0.6666666666666666,0.6158730158730158
5,8,4.0,Subject424,0.7,0.6545165945165946
5,8,4.0,Subject580,0.7555555555555555,0.7479590779590779
5,8,4.0,Subject819,0.9166666666666666,0.9071428571428571
5,8,4.0,Subject877,0.95,0.9475132275132275
5,8,4.0,Subject890,0.7333333333333333,0.7136507936507936
5,8,6.0,Subject226,0.7333333333333333,0.6847619047619047
5,8,6.0,Subject424,0.7166666666666667,0.6752878929349518
5,8,6.0,Subject580,0.7555555555555555,0.7412332112332112
5,8,6.0,Subject819,0.9,0.878994708994709
5,8,6.0,Subject877,0.9333333333333333,0.9248869648869648
5,8,6.0,Subject890,0.7,0.6511111111111111
5,8,8.0,Subject226,0.7333333333333333,0.6847619047619047
5,8,8.0,Subject424,0.7,0.641478369125428
5,8,8.0,Subject580,0.7888888888888889,0.7824458874458876
5,8,8.0,Subject819,0.9,0.878994708994709
5,8,8.0,Subject877,0.9333333333333333,0.9248869648869648
5,8,8.0,Subject890,0.7,0.6336507936507937
5,8,10.0,Subject226,0.7333333333333333,0.6847619047619047
5,8,10.0,Subject424,0.6833333333333333,0.6199968876439466
5,8,10.0,Subject580,0.8,0.7886994486994486
5,8,10.0,Subject819,0.9,0.878994708994709
5,8,10.0,Subject877,0.9333333333333333,0.9248869648869648
5,8,10.0,Subject890,0.7333333333333333,0.6622222222222223
5,8,15.0,Subject226,0.7333333333333333,0.6847619047619047
5,8,15.0,Subject424,0.6833333333333333,0.6199968876439466
5,8,15.0,Subject580,0.8,0.7906571206571206
5,8,15.0,Subject819,0.9,0.878994708994709
5,8,15.0,Subject877,0.9166666666666666,0.907955747955748
5,8,15.0,Subject890,0.7666666666666667,0.6977777777777778
5,8,inf,Subject226,0.7333333333333333,0.6847619047619047
5,8,inf,Subject424,0.6833333333333333,0.6199968876439466
5,8,inf,Subject580,0.7888888888888889,0.7814996114996114
5,8,inf,Subject819,0.9,0.878994708994709
5,8,inf,Subject877,0.9166666666666666,0.907955747955748
5,8,inf,Subject890,0.7666666666666667,0.7066666666666667
5,17,2.0,Subject226,0.8333333333333334,0.8044444444444444
5,17,2.0,Subject424,0.8166666666666667,0.7891930291930292
5,17,2.0,Subject580,0.7777777777777778,0.7666380242850832
5,17,2.0,Subject819,0.9333333333333333,0.9291005291005291
5,17,2.0,Subject877,0.9666666666666667,0.9644444444444444
5,17,2.0,Subject890,0.8333333333333334,0.8222222222222223
5,17,3.0,Subject226,0.8666666666666667,0.8355555555555555
5,17,3.0,Subject424,0.85,0.83005291005291
5,17,3.0,Subject580,0.8111111111111111,0.800395378042437
5,17,3.0,Subject819,0.95,0.9460317460317461
5,17,3.0,Subject877,0.9833333333333333,0.9830687830687831
5,17,3.0,Subject890,0.8666666666666667,0.8622222222222222
5,17,4.0,Subject226,0.8666666666666667,0.8355555555555555
5,17,4.0,Subject424,0.8,0.7748014948014947
5,17,4.0,Subject580,0.8555555555555555,0.8447041847041847
5,17,4.0,Subject819,0.9166666666666666,0.9164021164021163
5,17,4.0,Subject877,1.0,1.0
5,17,4.0,Subject890,0.8666666666666667,0.8622222222222222
5,17,6.0,Subject226,0.8333333333333334,0.8044444444444444
5,17,6.0,Subject424,0.8,0.7718710918710918
5,17,6.0,Subject580,0.9111111111111111,0.9096192696192698
5,17,6.0,Subject819,0.9333333333333333,0.9331409331409332
5,17,6.0,Subject877,1.0,1.0
5,17,6.0,Subject890,0.9,0.8933333333333333
5,17,8.0,Subject226,0.8,0.7488888888888889
5,17,8.0,Subject424,0.7833333333333333,0.7403559403559403
5,17,8.0,Subject580,0.9444444444444444,0.9444155844155845
5,17,8.0,Subject819,0.9333333333333333,0.9331409331409332
5,17,8.0,Subject877,1.0,1.0
5,17,8.0,Subject890,0.9,0.8977777777777778
5,17,10.0,Subject226,0.8333333333333334,0.7777777777777778
5,17,10.0,Subject424,0.8166666666666667,0.7862433862433863
5,17,10.0,Subject580,0.9222222222222223,0.9231002331002333
5,17,10.0,Subject819,0.9333333333333333,0.9331409331409332
5,17,10.0,Subject877,1.0,1.0
5,17,10.0,Subject890,0.9,0.8977777777777778
5,17,15.0,Subject226,0.8333333333333334,0.7777777777777778
5,17,15.0,Subject424,0.8166666666666667,0.7862433862433863
5,17,15.0,Subject580,0.9222222222222223,0.9231002331002333
5,17,15.0,Subject819,0.9166666666666666,0.9183068783068784
5,17,15.0,Subject877,1.0,1.0
5,17,15.0,Subject890,0.9,0.8977777777777778
5,17,inf,Subject226,0.8333333333333334,0.7777777777777778
5,17,inf,Subject424,0.8166666666666667,0.7862433862433863
5,17,inf,Subject580,0.9111111111111111,0.9089044289044289
5,17,inf,Subject819,0.9166666666666666,0.9183068783068784
5,17,inf,Subject877,1.0,1.0
5,17,inf,Subject890,0.8666666666666667,0.8688888888888889
6,2,2.0,Subject424,0.75,0.7262300662300663
6,2,2.0,Subject455,0.85,0.8328042328042329
6,2,2.0,Subject571,0.7,0.6603174603174603
6,2,2.0,Subject819,0.5833333333333334,0.5068649868649868
6,2,2.0,Subject877,0.9333333333333333,0.9305820105820106
6,2,2.0,Subject890,0.7666666666666667,0.7311111111111112
6,2,3.0,Subject424,0.75,0.7219047619047619
6,2,3.0,Subject455,0.8666666666666667,0.8486772486772487
6,2,3.0,Subject571,0.8,0.7714285714285716
6,2,3.0,Subject819,0.6,0.518962148962149
6,2,3.0,Subject877,0.95,0.9492063492063493
6,2,3.0,Subject890,0.6666666666666666,0.6136507936507936
6,2,4.0,Subject424,0.7666666666666667,0.7405291005291006
6,2,4.0,Subject455,0.8833333333333333,0.8661375661375661
6,2,4.0,Subject571,0.8333333333333334,0.8
6,2,4.0,Subject819,0.6166666666666667,0.5385592185592185
6,2,4.0,Subject877,0.9666666666666667,0.9661375661375663
6,2,4.0,Subject890,0.7,0.66
6,2,6.0,Subject424,0.8,0.7752380952380952
6,2,6.0,Subject455,0.8666666666666667,0.8475132275132274
6,2,6.0,Subject571,0.8,0.7650793650793651
6,2,6.0,Subject819,0.6166666666666667,0.5385592185592185
6,2,6.0,Subject877,0.95,0.9492063492063493
6,2,6.0,Subject890,0.7666666666666667,0.7222222222222221
6,2,8.0,Subject424,0.7666666666666667,0.7252910052910053
6,2,8.0,Subject455,0.8666666666666667,0.8497354497354498
6,2,8.0,Subject571,0.8,0.7650793650793651
6,2,8.0,Subject819,0.6333333333333333,0.5639560439560439
6,2,8.0,Subject877,0.95,0.9475132275132274
6,2,8.0,Subject890,0.7666666666666667,0.7222222222222221
6,2,10.0,Subject424,0.75,0.7083597883597884
6,2,10.0,Subject455,0.8833333333333333,0.8661375661375661
6,2,10.0,Subject571,0.8333333333333334,0.8
6,2,10.0,Subject819,0.6333333333333333,0.5673748473748473
6,2,10.0,Subject877,0.9333333333333333,0.9305820105820106
6,2,10.0,Subject890,0.7666666666666667,0.7222222222222221
6,2,15.0,Subject424,0.7333333333333333,0.6816931216931218
6,2,15.0,Subject455,0.8833333333333333,0.8661375661375661
6,2,15.0,Subject571,0.8,0.7650793650793651
6,2,15.0,Subject819,0.6166666666666667,0.5402715802715803
6,2,15.0,Subject877,0.95,0.9475132275132274
6,2,15.0,Subject890,0.7666666666666667,0.7222222222222221
6,2,inf,Subject424,0.7333333333333333,0.6816931216931218
6,2,inf,Subject455,0.8666666666666667,0.8506878306878307
6,2,inf,Subject571,0.8,0.7714285714285715
6,2,inf,Subject819,0.6,0.5258608058608059
6,2,inf,Subject877,0.9333333333333333,0.9305820105820106
6,2,inf,Subject890,0.7333333333333333,0.6888888888888889
6,4,2.0,Subject424,0.75,0.7240933140933142
6,4,2.0,Subject455,0.8166666666666667,0.79994708994709
6,4,2.0,Subject571,0.7,0.6629629629629629
6,4,2.0,Subject819,0.6166666666666667,0.5358585858585859
6,4,2.0,Subject877,0.8333333333333334,0.8276719576719577
6,4,2.0,Subject890,0.6333333333333333,0.579047619047619
6,4,3.0,Subject424,0.7333333333333333,0.6786916786916787
6,4,3.0,Subject455,0.85,0.8164021164021165
6,4,3.0,Subject571,0.7666666666666667,0.7185185185185184
6,4,3.0,Subject819,0.65,0.5702164502164503
6,4,3.0,Subject877,0.8333333333333334,0.8182202982202983
6,4,3.0,Subject890,0.6,0.5193650793650794
6,4,4.0,Subject424,0.7166666666666667,0.663068783068783
6,4,4.0,Subject455,0.85,0.8357671957671957
6,4,4.0,Subject571,0.8333333333333334,0.7936507936507937
6,4,4.0,Subject819,0.6333333333333333,0.5643241943241943
6,4,4.0,Subject877,0.8333333333333334,0.8182202982202983
6,4,4.0,Subject890,0.6,0.5193650793650794
6,4,6.0,Subject424,0.7333333333333333,0.6799999999999999
6,4,6.0,Subject455,0.8666666666666667,0.8560846560846561
6,4,6.0,Subject571,0.8,0.7444444444444444
6,4,6.0,Subject819,0.65,0.5873208273208272
6,4,6.0,Subject877,0.85,0.830918710918711
6,4,6.0,Subject890,0.6666666666666666,0.5825396825396825
6,4,8.0,Subject424,0.7333333333333333,0.6799999999999999
6,4,8.0,Subject455,0.8666666666666667,0.8560846560846561
6,4,8.0,Subject571,0.8333333333333334,0.7936507936507937
6,4,8.0,Subject819,0.6833333333333333,0.6251996151996153
6,4,8.0,Subject877,0.85,0.8298412698412699
6,4,8.0,Subject890,0.6666666666666666,0.5825396825396825
6,4,10.0,Subject424,0.7333333333333333,0.6799999999999999
6,4,10.0,Subject455,0.8333333333333334,0.806878306878307
6,4,10.0,Subject571,0.8,0.7650793650793651
6,4,10.0,Subject819,0.6833333333333333,0.6254689754689754
6,4,10.0,Subject877,0.8333333333333334,0.8172486772486773
6,4,10.0,Subject890,0.7333333333333333,0.6777777777777778
6,4,15.0,Subject424,0.7666666666666667,0.7088888888888889
6,4,15.0,Subject455,0.8666666666666667,0.8560846560846561
6,4,15.0,Subject571,0.8333333333333334,0.7936507936507937
6,4,15.0,Subject819,0.6666666666666666,0.6087778887778889
6,4,15.0,Subject877,0.85,0.8341798941798941
6,4,15.0,Subject890,0.7,0.6466666666666666
6,4,inf,Subject424,0.7666666666666667,0.7088888888888889
6,4,inf,Subject455,0.85,0.8391534391534392
6,4,inf,Subject571,0.8,0.7650793650793651
6,4,inf,Subject819,0.6666666666666666,0.6087778887778889
6,4,inf,Subject877,0.8333333333333334,0.8150456950456951
6,4,inf,Subject890,0.6666666666666666,0.5958730158730159
6,8,2.0,Subject424,0.8,0.783036223036223
6,8,2.0,Subject455,0.9166666666666666,0.8941798941798942
6,8,2.0,Subject571,0.7666666666666667,0.7317460317460317
6,8,2.0,Subject819,0.8,0.7447811447811448
6,8,2.0,Subject877,0.95,0.9500721500721501
6,8,2.0,Subject890,0.9,0.8755555555555555
6,8,3.0,Subject424,0.8166666666666667,0.7921693121693122
6,8,3.0,Subject455,0.9166666666666666,0.8981684981684982
6,8,3.0,Subject571,0.8333333333333334,0.7936507936507937
6,8,3.0,Subject819,0.8,0.7447811447811448
6,8,3.0,Subject877,0.9833333333333333,0.9830687830687831
6,8,3.0,Subject890,0.7666666666666667,0.7288888888888889
6,8,4.0,Subject424,0.8166666666666667,0.7953439153439154
6,8,4.0,Subject455,0.9333333333333333,0.9111111111111111
6,8,4.0,Subject571,0.8333333333333334,0.7936507936507937
6,8,4.0,Subject819,0.8,0.7447811447811448
6,8,4.0,Subject877,0.9833333333333333,0.9830687830687831
6,8,4.0,Subject890,0.8,0.7644444444444445
6,8,6.0,Subject424,0.85,0.8300529100529102
6,8,6.0,Subject455,0.9333333333333333,0.9111111111111111
6,8,6.0,Subject571,0.8333333333333334,0.7936507936507937
6,8,6.0,Subject819,0.8,0.7481481481481481
6,8,6.0,Subject877,1.0,1.0
6,8,6.0,Subject890,0.8333333333333334,0.7977777777777778
6,8,8.0,Subject424,0.8166666666666667,0.7951322751322751
6,8,8.0,Subject455,0.95,0.9418181818181818
6,8,8.0,Subject571,0.8333333333333334,0.7936507936507937
6,8,8.0,Subject819,0.7833333333333333,0.7318518518518519
6,8,8.0,Subject877,1.0,1.0
6,8,8.0,Subject890,0.8666666666666667,0.8333333333333334
6,8,10.0,Subject424,0.8333333333333334,0.8137566137566138
6,8,10.0,Subject455,0.9333333333333333,0.9111111111111111
6,8,10.0,Subject571,0.8,0.7444444444444444
6,8,10.0,Subject819,0.8,0.7481481481481481
6,8,10.0,Subject877,1.0,1.0
6,8,10.0,Subject890,0.8666666666666667,0.8333333333333334
6,8,15.0,Subject424,0.8333333333333334,0.8137566137566138
6,8,15.0,Subject455,0.9166666666666666,0.8941798941798942
6,8,15.0,Subject571,0.8,0.7444444444444444
6,8,15.0,Subject819,0.8,0.7481481481481481
6,8,15.0,Subject877,1.0,1.0
6,8,15.0,Subject890,0.8666666666666667,0.8333333333333334
6,8,inf,Subject424,0.8,0.7725060125060124
6,8,inf,Subject455,0.9166666666666666,0.8941798941798942
6,8,inf,Subject571,0.8,0.7444444444444444
6,8,inf,Subject819,0.8166666666666667,0.7788552188552188
6,8,inf,Subject877,1.0,1.0
6,8,inf,Subject890,0.8666666666666667,0.8333333333333334
6,17,2.0,Subject424,0.85,0.8292063492063492
6,17,2.0,Subject455,0.9,0.8855218855218856
6,17,2.0,Subject571,0.7333333333333333,0.7136507936507938
6,17,2.0,Subject819,0.8333333333333334,0.8110774410774411
6,17,2.0,Subject877,0.95,0.9500721500721501
6,17,2.0,Subject890,0.8333333333333334,0.8222222222222223
6,17,3.0,Subject424,0.85,0.8292063492063492
6,17,3.0,Subject455,0.85,0.8315536315536316
6,17,3.0,Subject571,0.8666666666666667,0.8422222222222222
6,17,3.0,Subject819,0.8666666666666667,0.8563684463684463
6,17,3.0,Subject877,0.95,0.9500721500721501
6,17,3.0,Subject890,0.9,0.8933333333333332
6,17,4.0,Subject424,0.8333333333333334,0.8122751322751324
6,17,4.0,Subject455,0.85,0.834920634920635
6,17,4.0,Subject571,0.8666666666666667,0.8377777777777777
6,17,4.0,Subject819,0.9,0.8893314093314094
6,17,4.0,Subject877,0.9666666666666667,0.9644444444444444
6,17,4.0,Subject890,0.8666666666666667,0.86
6,17,6.0,Subject424,0.85,0.83005291005291
6,17,6.0,Subject455,0.8666666666666667,0.8537758537758537
6,17,6.0,Subject571,0.8666666666666667,0.846984126984127
6,17,6.0,Subject819,0.9,0.8810774410774411
6,17,6.0,Subject877,0.9833333333333333,0.9830687830687831
6,17,6.0,Subject890,0.9,0.8755555555555555
6,17,8.0,Subject424,0.85,0.8300529100529102
6,17,8.0,Subject455,0.8666666666666667,0.8571428571428571
6,17,8.0,Subject571,0.8666666666666667,0.846984126984127
6,17,8.0,Subject819,0.9,0.8878499278499279
6,17,8.0,Subject877,0.9833333333333333,0.9830687830687831
6,17,8.0,Subject890,0.9333333333333333,0.9111111111111111
6,17,10.0,Subject424,0.8333333333333334,0.8074266474266474
6,17,10.0,Subject455,0.8666666666666667,0.8537758537758537
6,17,10.0,Subject571,0.8666666666666667,0.846984126984127
6,17,10.0,Subject819,0.9333333333333333,0.924886964886965
6,17,10.0,Subject877,1.0,1.0
6,17,10.0,Subject890,0.9333333333333333,0.9111111111111111
6,17,15.0,Subject424,0.85,0.8300529100529102
6,17,15.0,Subject455,0.85,0.834920634920635
6,17,15.0,Subject571,0.8666666666666667,0.846984126984127
6,17,15.0,Subject819,0.9333333333333333,0.924886964886965
6,17,15.0,Subject877,1.0,1.0
6,17,15.0,Subject890,0.9333333333333333,0.9066666666666666
6,17,inf,Subject424,0.85,0.8300529100529102
6,17,inf,Subject455,0.85,0.834920634920635
6,17,inf,Subject571,0.9,0.8977777777777777
6,17,inf,Subject819,0.9333333333333333,0.924886964886965
6,17,inf,Subject877,1.0,1.0
6,17,inf,Subject890,0.9333333333333333,0.9111111111111111
7,2,2.0,Subject353,0.7333333333333333,0.6834258334258334
7,2,2.0,Subject354,0.8333333333333334,0.832169312169312
7,2,2.0,Subject455,0.75,0.7203122803122802
7,2,2.0,Subject561,0.65,0.5735508935508935
7,2,2.0,Subject729,0.6666666666666666,0.6015007215007215
7,2,2.0,Subject819,0.4666666666666667,0.39100057836899943
7,2,3.0,Subject353,0.7,0.6550264550264548
7,2,3.0,Subject354,0.8333333333333334,0.8212698412698411
7,2,3.0,Subject455,0.7666666666666667,0.7207744107744107
7,2,3.0,Subject561,0.6333333333333333,0.5391919191919192
7,2,3.0,Subject729,0.6833333333333333,0.6192459392459393
7,2,3.0,Subject819,0.48333333333333334,0.3962077138547727
7,2,4.0,Subject353,0.6833333333333333,0.643882783882784
7,2,4.0,Subject354,0.8,0.7915343915343914
7,2,4.0,Subject455,0.8166666666666667,0.7855892255892256
7,2,4.0,Subject561,0.6166666666666667,0.5084848484848484
7,2,4.0,Subject729,0.6666666666666666,0.6078499278499279
7,2,4.0,Subject819,0.5166666666666667,0.4225925925925926
7,2,6.0,Subject353,0.6833333333333333,0.6403907203907203
7,2,6.0,Subject354,0.8,0.7737566137566138
7,2,6.0,Subject455,0.8,0.7548821548821549
7,2,6.0,Subject561,0.6333333333333333,0.5391919191919192
7,2,6.0,Subject729,0.6833333333333333,0.6218048618048617
7,2,6.0,Subject819,0.5333333333333333,0.4225589225589225
7,2,8.0,Subject353,0.6666666666666666,0.6300144300144299
7,2,8.0,Subject354,0.7833333333333333,0.7607599807599806
7,2,8.0,Subject455,0.8,0.7548821548821549
7,2,8.0,Subject561,0.6333333333333333,0.5391919191919192
7,2,8.0,Subject729,0.6833333333333333,0.6192459392459393
7,2,8.0,Subject819,0.5833333333333334,0.4988888888888888
7,2,10.0,Subject353,0.6666666666666666,0.6240944240944241
7,2,10.0,Subject354,0.7833333333333333,0.7607599807599806
7,2,10.0,Subject455,0.8,0.7548821548821549
7,2,10.0,Subject561,0.6333333333333333,0.5391919191919192
7,2,10.0,Subject729,0.6833333333333333,0.6192459392459393
7,2,10.0,Subject819,0.55,0.44700336700336696
7,2,15.0,Subject353,0.6333333333333333,0.583068783068783
7,2,15.0,Subject354,0.7833333333333333,0.7631361231361231
7,2,15.0,Subject455,0.7833333333333333,0.7326599326599327
7,2,15.0,Subject561,0.6333333333333333,0.5391919191919192
7,2,15.0,Subject729,0.6833333333333333,0.6181684981684981
7,2,15.0,Subject819,0.5333333333333333,0.42430184194890075
7,2,inf,Subject353,0.65,0.6013949013949013
7,2,inf,Subject354,0.7833333333333333,0.7642135642135641
7,2,inf,Subject455,0.7833333333333333,0.7326599326599327
7,2,inf,Subject561,0.6333333333333333,0.5391919191919192
7,2,inf,Subject729,0.6833333333333333,0.6226129426129426
7,2,inf,Subject819,0.55,0.4429292929292929
7,4,2.0,Subject353,0.8,0.7622607022607022
7,4,2.0,Subject354,0.85,0.8281625781625781
7,4,2.0,Subject455,0.8833333333333333,0.8586243386243385
7,4,2.0,Subject561,0.7666666666666667,0.7049025049025048
7,4,2.0,Subject729,0.8833333333333333,0.8586243386243385
7,4,2.0,Subject819,0.6833333333333333,0.6124205424205424
7,4,3.0,Subject353,0.8166666666666667,0.7871632071632072
7,4,3.0,Subject354,0.8666666666666667,0.8433862433862432
7,4,3.0,Subject455,0.8666666666666667,0.835998075998076
7,4,3.0,Subject561,0.7333333333333333,0.6521885521885522
7,4,3.0,Subject729,0.8833333333333333,0.8592592592592592
7,4,3.0,Subject819,0.7166666666666667,0.6503570503570503
7,4,4.0,Subject353,0.7666666666666667,0.726018426018426
7,4,4.0,Subject354,0.8166666666666667,0.793121693121693
7,4,4.0,Subject455,0.85,0.8052910052910053
7,4,4.0,Subject561,0.7333333333333333,0.6521885521885522
7,4,4.0,Subject729,0.8666666666666667,0.8374277574277575
7,4,4.0,Subject819,0.75,0.7011495911495911
7,4,6.0,Subject353,0.7833333333333333,0.7384319384319386
7,4,6.0,Subject354,0.8166666666666667,0.7892063492063491
7,4,6.0,Subject455,0.8666666666666667,0.835998075998076
7,4,6.0,Subject561,0.7166666666666667,0.6352573352573353
7,4,6.0,Subject729,0.8666666666666667,0.8374277574277575
7,4,6.0,Subject819,0.7666666666666667,0.7018181818181818
7,4,8.0,Subject353,0.7833333333333333,0.7384319384319386
7,4,8.0,Subject354,0.8,0.7729100529100529
7,4,8.0,Subject455,0.8666666666666667,0.835998075998076
7,4,8.0,Subject561,0.7166666666666667,0.6352573352573353
7,4,8.0,Subject729,0.9,0.8755555555555555
7,4,8.0,Subject819,0.7666666666666667,0.7018181818181818
7,4,10.0,Subject353,0.7833333333333333,0.7384319384319386
7,4,10.0,Subject354,0.8166666666666667,0.7892063492063491
7,4,10.0,Subject455,0.8666666666666667,0.835998075998076
7,4,10.0,Subject561,0.7166666666666667,0.6352573352573353
7,4,10.0,Subject729,0.9166666666666666,0.8922943722943724
7,4,10.0,Subject819,0.7666666666666667,0.6944107744107744
7,4,15.0,Subject353,0.7833333333333333,0.7384319384319386
7,4,15.0,Subject354,0.8166666666666667,0.7875132275132274
7,4,15.0,Subject455,0.8666666666666667,0.835998075998076
7,4,15.0,Subject561,0.7166666666666667,0.6352573352573353
7,4,15.0,Subject729,0.9166666666666666,0.8941798941798942
7,4,15.0,Subject819,0.8166666666666667,0.7606734006734006
7,4,inf,Subject353,0.7833333333333333,0.7403174603174604
7,4,inf,Subject354,0.8166666666666667,0.7875132275132274
7,4,inf,Subject455,0.85,0.8052910052910053
7,4,inf,Subject561,0.7166666666666667,0.6352573352573353
7,4,inf,Subject729,0.9166666666666666,0.8941798941798942
7,4,inf,Subject819,0.8166666666666667,0.7606734006734006
7,8,2.0,Subject353,0.8333333333333334,0.8105820105820105
7,8,2.0,Subject354,0.75,0.7204761904761904
7,8,2.0,Subject455,0.8666666666666667,0.840846560846561
7,8,2.0,Subject561,0.7666666666666667,0.7233862433862436
7,8,2.0,Subject729,0.9166666666666666,0.913915343915344
7,8,2.0,Subject819,0.85,0.8392592592592593
7,8,3.0,Subject353,0.8333333333333334,0.8105820105820105
7,8,3.0,Subject354,0.75,0.717003367003367
7,8,3.0,Subject455,0.8666666666666667,0.840846560846561
7,8,3.0,Subject561,0.7666666666666667,0.7244444444444444
7,8,3.0,Subject729,0.9166666666666666,0.9157671957671958
7,8,3.0,Subject819,0.85,0.8218181818181817
7,8,4.0,Subject353,0.8333333333333334,0.8105820105820105
7,8,4.0,Subject354,0.7333333333333333,0.6958922558922558
7,8,4.0,Subject455,0.85,0.8264742664742665
7,8,4.0,Subject561,0.7166666666666667,0.6611832611832612
7,8,4.0,Subject729,0.9166666666666666,0.9157671957671958
7,8,4.0,Subject819,0.8833333333333333,0.875998075998076
7,8,6.0,Subject353,0.85,0.8241462241462241
7,8,6.0,Subject354,0.7333333333333333,0.6977777777777778
7,8,6.0,Subject455,0.8333333333333334,0.8072486772486774
7,8,6.0,Subject561,0.7166666666666667,0.6571428571428571
7,8,6.0,Subject729,0.9166666666666666,0.9157671957671958
7,8,6.0,Subject819,0.8,0.7625071225071225
7,8,8.0,Subject353,0.8333333333333334,0.802949642949643
7,8,8.0,Subject354,0.7666666666666667,0.7282154882154883
7,8,8.0,Subject455,0.8333333333333334,0.8095430495430496
7,8,8.0,Subject561,0.7166666666666667,0.6723617123617124
7,8,8.0,Subject729,0.9166666666666666,0.9157671957671958
7,8,8.0,Subject819,0.8333333333333334,0.8004425204425203
7,8,10.0,Subject353,0.8333333333333334,0.802949642949643
7,8,10.0,Subject354,0.7666666666666667,0.7288888888888889
7,8,10.0,Subject455,0.8166666666666667,0.7894179894179896
7,8,10.0,Subject561,0.7166666666666667,0.6723617123617124
7,8,10.0,Subject729,0.9333333333333333,0.9308465608465609
7,8,10.0,Subject819,0.8833333333333333,0.8734391534391535
7,8,15.0,Subject353,0.8333333333333334,0.802949642949643
7,8,15.0,Subject354,0.7833333333333333,0.7437037037037038
7,8,15.0,Subject455,0.8,0.7682924482924481
7,8,15.0,Subject561,0.7166666666666667,0.6723617123617124
7,8,15.0,Subject729,0.9333333333333333,0.9308465608465609
7,8,15.0,Subject819,0.8833333333333333,0.8651851851851852
7,8,inf,Subject353,0.8166666666666667,0.788908128908129
7,8,inf,Subject354,0.7833333333333333,0.7437037037037038
7,8,inf,Subject455,0.8166666666666667,0.7909187109187109
7,8,inf,Subject561,0.7833333333333333,0.746936026936027
7,8,inf,Subject729,0.9166666666666666,0.9130158730158731
7,8,inf,Subject819,0.8833333333333333,0.8651851851851852
7,17,2.0,Subject353,0.8666666666666667,0.85003848003848
7,17,2.0,Subject354,0.8,0.7877441077441077
7,17,2.0,Subject455,0.95,0.9475132275132275
7,17,2.0,Subject561,0.75,0.7022222222222222
7,17,2.0,Subject729,0.9333333333333333,0.9308465608465609
7,17,2.0,Subject819,0.9,0.886772486772487
7,17,3.0,Subject353,0.8333333333333334,0.8098075998075999
7,17,3.0,Subject354,0.8666666666666667,0.8536171236171235
7,17,3.0,Subject455,0.9166666666666666,0.9053968253968255
7,17,3.0,Subject561,0.7166666666666667,0.6611832611832612
7,17,3.0,Subject729,0.95,0.9494708994708995
7,17,3.0,Subject819,0.9333333333333333,0.9288888888888889
7,17,4.0,Subject353,0.8333333333333334,0.8126984126984127
7,17,4.0,Subject354,0.85,0.84005291005291
7,17,4.0,Subject455,0.9,0.8887301587301588
7,17,4.0,Subject561,0.6666666666666666,0.6040404040404042
7,17,4.0,Subject729,0.95,0.9494708994708995
7,17,4.0,Subject819,0.9333333333333333,0.9288888888888889
7,17,6.0,Subject353,0.85,0.8188552188552188
7,17,6.0,Subject354,0.85,0.8404761904761904
7,17,6.0,Subject455,0.9333333333333333,0.9223280423280423
7,17,6.0,Subject561,0.7166666666666667,0.6571428571428571
7,17,6.0,Subject729,0.9333333333333333,0.9308465608465609
7,17,6.0,Subject819,0.9166666666666666,0.9047811447811448
7,17,8.0,Subject353,0.85,0.8188552188552188
7,17,8.0,Subject354,0.8666666666666667,0.8587301587301588
7,17,8.0,Subject455,0.9166666666666666,0.9053968253968255
7,17,8.0,Subject561,0.6833333333333333,0.6142968142968144
7,17,8.0,Subject729,0.9333333333333333,0.9308465608465609
7,17,8.0,Subject819,0.9333333333333333,0.9274074074074075
7,17,10.0,Subject353,0.85,0.8188552188552188
7,17,10.0,Subject354,0.9,0.8912890812890812
7,17,10.0,Subject455,0.9166666666666666,0.9053968253968255
7,17,10.0,Subject561,0.7166666666666667,0.6606060606060606
7,17,10.0,Subject729,0.95,0.9475132275132275
7,17,10.0,Subject819,0.95,0.9475132275132275
7,17,15.0,Subject353,0.8333333333333334,0.8075998075998077
7,17,15.0,Subject354,0.8833333333333333,0.873035113035113
7,17,15.0,Subject455,0.9166666666666666,0.9139153439153439
7,17,15.0,Subject561,0.7333333333333333,0.7032323232323232
7,17,15.0,Subject729,0.95,0.9475132275132275
7,17,15.0,Subject819,0.9333333333333333,0.924886964886965
7,17,inf,Subject353,0.8166666666666667,0.7867917267917268
7,17,inf,Subject354,0.8833333333333333,0.873035113035113
7,17,inf,Subject455,0.9166666666666666,0.9139153439153439
7,17,inf,Subject561,0.7333333333333333,0.6893506493506494
7,17,inf,Subject729,0.95,0.9475132275132275
7,17,inf,Subject819,0.9333333333333333,0.924886964886965
8,2,2.0,Subject352,0.7666666666666667,0.7022222222222222
8,2,2.0,Subject376,0.5833333333333334,0.54006734006734
8,2,2.0,Subject494,0.5166666666666667,0.42474266474266476
8,2,2.0,Subject561,0.7333333333333333,0.684040404040404
8,2,2.0,Subject571,0.7,0.6492063492063491
8,2,2.0,Subject969,0.6333333333333333,0.5422222222222222
8,2,3.0,Subject352,0.7666666666666667,0.7311111111111112
8,2,3.0,Subject376,0.5833333333333334,0.529067969067969
8,2,3.0,Subject494,0.5,0.4170264043948254
8,2,3.0,Subject561,0.7,0.624040404040404
8,2,3.0,Subject571,0.6666666666666666,0.6296296296296297
8,2,3.0,Subject969,0.6333333333333333,0.551111111111111
8,2,4.0,Subject352,0.8,0.7644444444444444
8,2,4.0,Subject376,0.5666666666666667,0.5039153439153439
8,2,4.0,Subject494,0.43333333333333335,0.36890331890331896
8,2,4.0,Subject561,0.7,0.624040404040404
8,2,4.0,Subject571,0.7333333333333333,0.6829629629629629
8,2,4.0,Subject969,0.6333333333333333,0.551111111111111
8,2,6.0,Subject352,0.8,0.7714285714285715
8,2,6.0,Subject376,0.5833333333333334,0.5166137566137565
8,2,6.0,Subject494,0.4166666666666667,0.3435064935064935
8,2,6.0,Subject561,0.7166666666666667,0.6426647426647426
8,2,6.0,Subject571,0.7333333333333333,0.6829629629629629
8,2,6.0,Subject969,0.6333333333333333,0.5599999999999999
8,2,8.0,Subject352,0.8,0.7714285714285715
8,2,8.0,Subject376,0.5833333333333334,0.5166137566137565
8,2,8.0,Subject494,0.43333333333333335,0.35588023088023085
8,2,8.0,Subject561,0.7166666666666667,0.6426647426647426
8,2,8.0,Subject571,0.7333333333333333,0.6829629629629629
8,2,8.0,Subject969,0.6333333333333333,0.5555555555555555
8,2,10.0,Subject352,0.8333333333333334,0.8247619047619048
8,2,10.0,Subject376,0.5833333333333334,0.511957671957672
8,2,10.0,Subject494,0.43333333333333335,0.35588023088023085
8,2,10.0,Subject561,0.7333333333333333,0.6595959595959596
8,2,10.0,Subject571,0.7,0.6355555555555555
8,2,10.0,Subject969,0.6,0.4977777777777777
8,2,15.0,Subject352,0.8666666666666667,0.8469841269841271
8,2,15.0,Subject376,0.5833333333333334,0.5242328042328042
8,2,15.0,Subject494,0.45,0.3651394901394901
8,2,15.0,Subject561,0.7333333333333333,0.6595959595959596
8,2,15.0,Subject571,0.7,0.6355555555555555
8,2,15.0,Subject969,0.6333333333333333,0.5555555555555555
8,2,inf,Subject352,0.8333333333333334,0.8222222222222222
8,2,inf,Subject376,0.5666666666666667,0.49042328042328037
8,2,inf,Subject494,0.45,0.3646492940610587
8,2,inf,Subject561,0.75,0.6903030303030303
8,2,inf,Subject571,0.7,0.6355555555555555
8,2,inf,Subject969,0.6,0.5111111111111112
8,4,2.0,Subject352,0.8666666666666667,0.8555555555555555
8,4,2.0,Subject376,0.5833333333333334,0.5378499278499279
8,4,2.0,Subject494,0.6666666666666666,0.5996499796499798
8,4,2.0,Subject561,0.7833333333333333,0.7221367521367521
8,4,2.0,Subject571,0.7666666666666667,0.7555555555555556
8,4,2.0,Subject969,0.6666666666666666,0.5777777777777778
8,4,3.0,Subject352,0.8333333333333334,0.7999999999999999
8,4,3.0,Subject376,0.6333333333333333,0.5614230019493178
8,4,3.0,Subject494,0.6333333333333333,0.5606023606023606
8,4,3.0,Subject561,0.7333333333333333,0.6595959595959596
8,4,3.0,Subject571,0.8,0.7718518518518518
8,4,3.0,Subject969,0.6666666666666666,0.5911111111111111
8,4,4.0,Subject352,0.8333333333333334,0.7999999999999999
8,4,4.0,Subject376,0.65,0.6011584516847674
8,4,4.0,Subject494,0.6,0.5177248677248677
8,4,4.0,Subject561,0.7166666666666667,0.6367388167388167
8,4,4.0,Subject571,0.7666666666666667,0.7185185185185184
8,4,4.0,Subject969,0.6333333333333333,0.5688888888888889
8,4,6.0,Subject352,0.8333333333333334,0.7999999999999999
8,4,6.0,Subject376,0.6666666666666666,0.6264550264550264
8,4,6.0,Subject494,0.6333333333333333,0.5619240019240019
8,4,6.0,Subject561,0.7333333333333333,0.6521885521885522
8,4,6.0,Subject571,0.7666666666666667,0.7185185185185184
8,4,6.0,Subject969,0.6666666666666666,0.6
8,4,8.0,Subject352,0.8666666666666667,0.8533333333333333
8,4,8.0,Subject376,0.7,0.6533333333333332
8,4,8.0,Subject494,0.6333333333333333,0.5643915343915344
8,4,8.0,Subject561,0.7333333333333333,0.6521885521885522
8,4,8.0,Subject571,0.7666666666666667,0.7185185185185184
8,4,8.0,Subject969,0.6666666666666666,0.6
8,4,10.0,Subject352,0.8333333333333334,0.8088888888888889
8,4,10.0,Subject376,0.7166666666666667,0.69505291005291
8,4,10.0,Subject494,0.65,0.5845502645502646
8,4,10.0,Subject561,0.7333333333333333,0.6521885521885522
8,4,10.0,Subject571,0.7666666666666667,0.7185185185185184
8,4,10.0,Subject969,0.6333333333333333,0.5688888888888889
8,4,15.0,Subject352,0.8,0.7555555555555554
8,4,15.0,Subject376,0.7166666666666667,0.69505291005291
8,4,15.0,Subject494,0.6166666666666667,0.5358730158730158
8,4,15.0,Subject561,0.7333333333333333,0.6595959595959596
8,4,15.0,Subject571,0.7666666666666667,0.7185185185185184
8,4,15.0,Subject969,0.6666666666666666,0.6
8,4,inf,Subject352,0.8333333333333334,0.8088888888888889
8,4,inf,Subject376,0.7166666666666667,0.69505291005291
8,4,inf,Subject494,0.6166666666666667,0.5358730158730158
8,4,inf,Subject561,0.7333333333333333,0.6521885521885522
8,4,inf,Subject571,0.7666666666666667,0.7185185185185184
8,4,inf,Subject969,0.6666666666666666,0.6
8,8,2.0,Subject352,0.8333333333333334,0.7911111111111111
8,8,2.0,Subject376,0.65,0.6293650793650793
8,8,2.0,Subject494,0.6166666666666667,0.5484319384319385
8,8,2.0,Subject561,0.7833333333333333,0.7203907203907204
8,8,2.0,Subject571,0.7333333333333333,0.7051851851851851
8,8,2.0,Subject969,0.6666666666666666,0.5777777777777777
8,8,3.0,Subject352,0.7666666666666667,0.7533333333333333
8,8,3.0,Subject376,0.7333333333333333,0.6910317460317459
8,8,3.0,Subject494,0.55,0.49655773420479304
8,8,3.0,Subject561,0.7666666666666667,0.7047619047619047
8,8,3.0,Subject571,0.7666666666666667,0.7185185185185184
8,8,3.0,Subject969,0.7,0.6444444444444445
8,8,4.0,Subject352,0.8,0.7644444444444444
8,8,4.0,Subject376,0.7666666666666667,0.7260317460317459
8,8,4.0,Subject494,0.5,0.442962962962963
8,8,4.0,Subject561,0.75,0.6844444444444444
8,8,4.0,Subject571,0.7666666666666667,0.7185185185185184
8,8,4.0,Subject969,0.6666666666666666,0.6133333333333333
8,8,6.0,Subject352,0.8,0.7555555555555554
8,8,6.0,Subject376,0.7666666666666667,0.7319576719576718
8,8,6.0,Subject494,0.5166666666666667,0.46333022097727977
8,8,6.0,Subject561,0.7333333333333333,0.6555555555555554
8,8,6.0,Subject571,0.8,0.7444444444444444
8,8,6.0,Subject969,0.7,0.6444444444444445
8,8,8.0,Subject352,0.8,0.7644444444444445
8,8,8.0,Subject376,0.8,0.7646560846560846
8,8,8.0,Subject494,0.5333333333333333,0.4669281045751635
8,8,8.0,Subject561,0.7333333333333333,0.6555555555555554
8,8,8.0,Subject571,0.8,0.7444444444444444
8,8,8.0,Subject969,0.7,0.6444444444444445
8,8,10.0,Subject352,0.8,0.7644444444444445
8,8,10.0,Subject376,0.8,0.7646560846560846
8,8,10.0,Subject494,0.5,0.4284095860566449
8,8,10.0,Subject561,0.7333333333333333,0.6555555555555554
8,8,10.0,Subject571,0.8,0.7444444444444444
8,8,10.0,Subject969,0.7,0.6444444444444445
8,8,15.0,Subject352,0.8,0.7644444444444445
8,8,15.0,Subject376,0.8,0.7720634920634919
8,8,15.0,Subject494,0.5333333333333333,0.4550762527233116
8,8,15.0,Subject561,0.7333333333333333,0.6555555555555554
8,8,15.0,Subject571,0.8,0.7444444444444444
8,8,15.0,Subject969,0.7,0.6444444444444445
8,8,inf,Subject352,0.8,0.7644444444444445
8,8,inf,Subject376,0.8,0.7720634920634919
8,8,inf,Subject494,0.5166666666666667,0.43407407407407406
8,8,inf,Subject561,0.7333333333333333,0.6555555555555554
8,8,inf,Subject571,0.8,0.7444444444444444
8,8,inf,Subject969,0.6666666666666666,0.6
8,17,2.0,Subject352,0.8,0.7888888888888889
8,17,2.0,Subject376,0.75,0.7461131461131462
8,17,2.0,Subject494,0.65,0.5871428571428571
8,17,2.0,Subject561,0.8,0.7333333333333333
8,17,2.0,Subject571,0.8333333333333334,0.8158730158730159
8,17,2.0,Subject969,0.7666666666666667,0.7140740740740742
8,17,3.0,Subject352,0.8,0.7888888888888889
8,17,3.0,Subject376,0.7833333333333333,0.7684126984126984
8,17,3.0,Subject494,0.6333333333333333,0.5715873015873016
8,17,3.0,Subject561,0.8,0.7333333333333333
8,17,3.0,Subject571,0.8,0.7714285714285716
8,17,3.0,Subject969,0.7,0.6311111111111111
8,17,4.0,Subject352,0.8,0.7888888888888889
8,17,4.0,Subject376,0.7666666666666667,0.7458730158730159
8,17,4.0,Subject494,0.5833333333333334,0.5130832130832131
8,17,4.0,Subject561,0.75,0.6844444444444444
8,17,4.0,Subject571,0.8333333333333334,0.7936507936507937
8,17,4.0,Subject969,0.6333333333333333,0.5625396825396826
8,17,6.0,Subject352,0.8333333333333334,0.8088888888888889
8,17,6.0,Subject376,0.8,0.7860990860990861
8,17,6.0,Subject494,0.5833333333333334,0.5217044393514982
8,17,6.0,Subject561,0.7666666666666667,0.7047619047619047
8,17,6.0,Subject571,0.8333333333333334,0.7936507936507937
8,17,6.0,Subject969,0.6333333333333333,0.5733333333333334
8,17,8.0,Subject352,0.8333333333333334,0.8088888888888889
8,17,8.0,Subject376,0.8166666666666667,0.7987974987974987
8,17,8.0,Subject494,0.5833333333333334,0.5217044393514982
8,17,8.0,Subject561,0.7333333333333333,0.6555555555555554
8,17,8.0,Subject571,0.8,0.7444444444444444
8,17,8.0,Subject969,0.6,0.5377777777777778
8,17,10.0,Subject352,0.8333333333333334,0.8088888888888889
8,17,10.0,Subject376,0.8333333333333334,0.8236652236652237
8,17,10.0,Subject494,0.5833333333333334,0.5217044393514982
8,17,10.0,Subject561,0.7333333333333333,0.6555555555555554
8,17,10.0,Subject571,0.8,0.7444444444444444
8,17,10.0,Subject969,0.6333333333333333,0.5733333333333334
8,17,15.0,Subject352,0.8333333333333334,0.8088888888888889
8,17,15.0,Subject376,0.8166666666666667,0.8062049062049061
8,17,15.0,Subject494,0.5666666666666667,0.47958803723509613
8,17,15.0,Subject561,0.7333333333333333,0.6555555555555554
8,17,15.0,Subject571,0.8,0.7444444444444444
8,17,15.0,Subject969,0.6333333333333333,0.5733333333333334
8,17,inf,Subject352,0.8666666666666667,0.8444444444444444
8,17,inf,Subject376,0.8166666666666667,0.8062049062049061
8,17,inf,Subject494,0.5666666666666667,0.47958803723509613
8,17,inf,Subject561,0.7333333333333333,0.6555555555555554
8,17,inf,Subject571,0.8,0.7444444444444444
8,17,inf,Subject969,0.6333333333333333,0.5733333333333334
9,2,2.0,Subject139,0.6833333333333333,0.6201443001443001
9,2,2.0,Subject226,0.5666666666666667,0.5015873015873017
9,2,2.0,Subject424,0.6166666666666667,0.5804954304954305
9,2,2.0,Subject611,0.65,0.6027320827320827
9,2,2.0,Subject819,0.5666666666666667,0.4907878281562492
9,2,2.0,Subject867,0.7,0.6427513227513227
9,2,3.0,Subject139,0.7333333333333333,0.6582202982202982
9,2,3.0,Subject226,0.6,0.5222222222222223
9,2,3.0,Subject424,0.6333333333333333,0.5960846560846562
9,2,3.0,Subject611,0.65,0.6046176046176047
9,2,3.0,Subject819,0.5333333333333333,0.48015873015873023
9,2,3.0,Subject867,0.6833333333333333,0.6331949531949532
9,2,4.0,Subject139,0.7333333333333333,0.6444444444444444
9,2,4.0,Subject226,0.6333333333333333,0.5444444444444445
9,2,4.0,Subject424,0.65,0.6192784992784993
9,2,4.0,Subject611,0.65,0.6187301587301588
9,2,4.0,Subject819,0.6,0.5349206349206349
9,2,4.0,Subject867,0.6666666666666666,0.611077441077441
9,2,6.0,Subject139,0.75,0.6791919191919191
9,2,6.0,Subject226,0.6333333333333333,0.5444444444444444
9,2,6.0,Subject424,0.6666666666666666,0.6408465608465609
9,2,6.0,Subject611,0.7,0.6675132275132275
9,2,6.0,Subject819,0.6,0.5193650793650794
9,2,6.0,Subject867,0.7,0.6394708994708994
9,2,8.0,Subject139,0.75,0.6751515151515151
9,2,8.0,Subject226,0.6333333333333333,0.5444444444444444
9,2,8.0,Subject424,0.6666666666666666,0.6408465608465609
9,2,8.0,Subject611,0.6833333333333333,0.6488888888888888
9,2,8.0,Subject819,0.6,0.5182743182743182
9,2,8.0,Subject867,0.7333333333333333,0.7015739815739815
9,2,10.0,Subject139,0.75,0.6717845117845118
9,2,10.0,Subject226,0.6333333333333333,0.5444444444444444
9,2,10.0,Subject424,0.6833333333333333,0.6577777777777778
9,2,10.0,Subject611,0.6833333333333333,0.6557960557960558
9,2,10.0,Subject819,0.6333333333333333,0.5413623413623413
9,2,10.0,Subject867,0.7166666666666667,0.6825263625263625
9,2,15.0,Subject139,0.7333333333333333,0.6444444444444444
9,2,15.0,Subject226,0.6333333333333333,0.5444444444444444
9,2,15.0,Subject424,0.6666666666666666,0.6351515151515151
9,2,15.0,Subject611,0.6833333333333333,0.6520250120250121
9,2,15.0,Subject819,0.6166666666666667,0.5220251093935305
9,2,15.0,Subject867,0.7166666666666667,0.693089133089133
9,2,inf,Subject139,0.7333333333333333,0.641077441077441
9,2,inf,Subject226,0.6333333333333333,0.5444444444444444
9,2,inf,Subject424,0.6666666666666666,0.6351515151515151
9,2,inf,Subject611,0.6666666666666666,0.6334006734006734
9,2,inf,Subject819,0.6333333333333333,0.5413623413623413
9,2,inf,Subject867,0.7,0.6740415140415139
9,4,2.0,Subject139,0.6666666666666666,0.6179760979760979
9,4,2.0,Subject226,0.6,0.5225396825396825
9,4,2.0,Subject424,0.8,0.7582202982202982
9,4,2.0,Subject611,0.75,0.7085521885521886
9,4,2.0,Subject819,0.7333333333333333,0.6728101528101528
9,4,2.0,Subject867,0.6333333333333333,0.562116402116402
9,4,3.0,Subject139,0.6333333333333333,0.5593598993598994
9,4,3.0,Subject226,0.6333333333333333,0.5511111111111112
9,4,3.0,Subject424,0.7833333333333333,0.7412890812890814
9,4,3.0,Subject611,0.7833333333333333,0.7444107744107744
9,4,3.0,Subject819,0.7333333333333333,0.6556613756613757
9,4,3.0,Subject867,0.65,0.5790476190476191
9,4,4.0,Subject139,0.6833333333333333,0.6423902023902024
9,4,4.0,Subject226,0.6666666666666666,0.58
9,4,4.0,Subject424,0.7666666666666667,0.717989417989418
9,4,4.0,Subject611,0.7666666666666667,0.7347822547822548
9,4,4.0,Subject819,0.7333333333333333,0.6556613756613757
9,4,4.0,Subject867,0.6333333333333333,0.562116402116402
9,4,6.0,Subject139,0.6666666666666666,0.6114285714285714
9,4,6.0,Subject226,0.6666666666666666,0.58
9,4,6.0,Subject424,0.7666666666666667,0.717989417989418
9,4,6.0,Subject611,0.7833333333333333,0.7483993783993784
9,4,6.0,Subject819,0.7333333333333333,0.6596499796499796
9,4,6.0,Subject867,0.65,0.5790476190476191
9,4,8.0,Subject139,0.7,0.6553402153402154
9,4,8.0,Subject226,0.6666666666666666,0.58
9,4,8.0,Subject424,0.8,0.7444444444444444
9,4,8.0,Subject611,0.7666666666666667,0.7295633995633997
9,4,8.0,Subject819,0.7333333333333333,0.6556613756613757
9,4,8.0,Subject867,0.6333333333333333,0.5655555555555556
9,4,10.0,Subject139,0.7,0.6415873015873016
9,4,10.0,Subject226,0.6666666666666666,0.58
9,4,10.0,Subject424,0.8,0.7444444444444444
9,4,10.0,Subject611,0.75,0.69996632996633
9,4,10.0,Subject819,0.7166666666666667,0.6416546416546416
9,4,10.0,Subject867,0.65,0.5805291005291006
9,4,15.0,Subject139,0.7333333333333333,0.6975468975468976
9,4,15.0,Subject226,0.7,0.6155555555555555
9,4,15.0,Subject424,0.8,0.7444444444444444
9,4,15.0,Subject611,0.75,0.6981348281348281
9,4,15.0,Subject819,0.7333333333333333,0.6544107744107743
9,4,15.0,Subject867,0.6166666666666667,0.5552910052910053
9,4,inf,Subject139,0.7666666666666667,0.7282924482924483
9,4,inf,Subject226,0.7,0.6155555555555555
9,4,inf,Subject424,0.8,0.7444444444444444
9,4,inf,Subject611,0.75,0.6980482480482482
9,4,inf,Subject819,0.7333333333333333,0.6548148148148148
9,4,inf,Subject867,0.6333333333333333,0.5639501239501239
9,8,2.0,Subject139,0.8,0.7831072631072632
9,8,2.0,Subject226,0.7333333333333333,0.6866666666666666
9,8,2.0,Subject424,0.7666666666666667,0.7250793650793651
9,8,2.0,Subject611,0.8833333333333333,0.8734391534391535
9,8,2.0,Subject819,0.8666666666666667,0.8536171236171236
9,8,2.0,Subject867,0.7166666666666667,0.6813227513227512
9,8,3.0,Subject139,0.8166666666666667,0.7877633477633477
9,8,3.0,Subject226,0.7333333333333333,0.6577777777777778
9,8,3.0,Subject424,0.7833333333333333,0.7400000000000001
9,8,3.0,Subject611,0.9333333333333333,0.932063492063492
9,8,3.0,Subject819,0.85,0.8229100529100529
9,8,3.0,Subject867,0.75,0.7142857142857142
9,8,4.0,Subject139,0.8333333333333334,0.8063876863876864
9,8,4.0,Subject226,0.7,0.6288888888888889
9,8,4.0,Subject424,0.7666666666666667,0.7206878306878307
9,8,4.0,Subject611,0.8833333333333333,0.8626129426129426
9,8,4.0,Subject819,0.85,0.8275132275132274
9,8,4.0,Subject867,0.7333333333333333,0.6893650793650793
9,8,6.0,Subject139,0.7833333333333333,0.7589033189033189
9,8,6.0,Subject226,0.6666666666666666,0.5892063492063492
9,8,6.0,Subject424,0.7833333333333333,0.7362962962962963
9,8,6.0,Subject611,0.8833333333333333,0.8765811965811966
9,8,6.0,Subject819,0.8333333333333334,0.8063166463166463
9,8,6.0,Subject867,0.75,0.7142857142857142
9,8,8.0,Subject139,0.85,0.8213949013949013
9,8,8.0,Subject226,0.7,0.6247619047619046
9,8,8.0,Subject424,0.7666666666666667,0.7193650793650794
9,8,8.0,Subject611,0.8666666666666667,0.846984126984127
9,8,8.0,Subject819,0.8333333333333334,0.8063166463166463
9,8,8.0,Subject867,0.7666666666666667,0.732910052910053
9,8,10.0,Subject139,0.8666666666666667,0.832895622895623
9,8,10.0,Subject226,0.7,0.6203174603174603
9,8,10.0,Subject424,0.8,0.7564021164021164
9,8,10.0,Subject611,0.8833333333333333,0.8765811965811966
9,8,10.0,Subject819,0.8166666666666667,0.7922751322751324
9,8,10.0,Subject867,0.7833333333333333,0.7483597883597884
9,8,15.0,Subject139,0.8666666666666667,0.832895622895623
9,8,15.0,Subject226,0.7333333333333333,0.6647619047619048
9,8,15.0,Subject424,0.8,0.7564021164021164
9,8,15.0,Subject611,0.8833333333333333,0.8765811965811966
9,8,15.0,Subject819,0.8333333333333334,0.8072101972101973
9,8,15.0,Subject867,0.7833333333333333,0.7498412698412698
9,8,inf,Subject139,0.85,0.8162289562289562
9,8,inf,Subject226,0.7666666666666667,0.6888888888888888
9,8,inf,Subject424,0.8,0.7564021164021164
9,8,inf,Subject611,0.8833333333333333,0.8765811965811966
9,8,inf,Subject819,0.8166666666666667,0.7922751322751324
9,8,inf,Subject867,0.7833333333333333,0.7498412698412698
9,17,2.0,Subject139,0.9166666666666666,0.9136507936507937
9,17,2.0,Subject226,0.7666666666666667,0.6933333333333334
9,17,2.0,Subject424,0.8166666666666667,0.7751515151515153
9,17,2.0,Subject611,0.9166666666666666,0.9176190476190478
9,17,2.0,Subject819,0.9,0.8893314093314094
9,17,2.0,Subject867,0.7666666666666667,0.7397354497354498
9,17,3.0,Subject139,0.9166666666666666,0.9139153439153439
9,17,3.0,Subject226,0.7,0.6422222222222224
9,17,3.0,Subject424,0.8166666666666667,0.7751515151515153
9,17,3.0,Subject611,0.9333333333333333,0.9376190476190477
9,17,3.0,Subject819,0.9166666666666666,0.9119576719576721
9,17,3.0,Subject867,0.8166666666666667,0.791957671957672
9,17,4.0,Subject139,0.9,0.8938095238095237
9,17,4.0,Subject226,0.7,0.638095238095238
9,17,4.0,Subject424,0.8166666666666667,0.7751515151515153
9,17,4.0,Subject611,0.9166666666666666,0.9177777777777777
9,17,4.0,Subject819,0.8666666666666667,0.8582202982202982
9,17,4.0,Subject867,0.8166666666666667,0.791957671957672
9,17,6.0,Subject139,0.9333333333333333,0.9293650793650794
9,17,6.0,Subject226,0.6666666666666666,0.5936507936507935
9,17,6.0,Subject424,0.8166666666666667,0.7751515151515153
9,17,6.0,Subject611,0.9333333333333333,0.9341798941798942
9,17,6.0,Subject819,0.8833333333333333,0.8749591149591149
9,17,6.0,Subject867,0.8166666666666667,0.791957671957672
9,17,8.0,Subject139,0.95,0.9492063492063493
9,17,8.0,Subject226,0.6666666666666666,0.5936507936507935
9,17,8.0,Subject424,0.8,0.7582202982202982
9,17,8.0,Subject611,0.9333333333333333,0.9341798941798942
9,17,8.0,Subject819,0.8833333333333333,0.8749591149591149
9,17,8.0,Subject867,0.8166666666666667,0.791957671957672
9,17,10.0,Subject139,0.9666666666666667,0.9661375661375662
9,17,10.0,Subject226,0.6666666666666666,0.5936507936507935
9,17,10.0,Subject424,0.8,0.7582202982202982
9,17,10.0,Subject611,0.9333333333333333,0.9333333333333332
9,17,10.0,Subject819,0.9,0.8925060125060126
9,17,10.0,Subject867,0.8333333333333334,0.8203174603174603
9,17,15.0,Subject139,0.95,0.9492063492063493
9,17,15.0,Subject226,0.7333333333333333,0.6914285714285715
9,17,15.0,Subject424,0.8,0.7582202982202982
9,17,15.0,Subject611,0.9333333333333333,0.9333333333333332
9,17,15.0,Subject819,0.85,0.837023717023717
9,17,15.0,Subject867,0.8333333333333334,0.8171428571428571
9,17,inf,Subject139,0.95,0.9492063492063493
9,17,inf,Subject226,0.7333333333333333,0.6914285714285715
9,17,inf,Subject424,0.8,0.7582202982202982
9,17,inf,Subject611,0.9333333333333333,0.9333333333333332
9,17,inf,Subject819,0.8666666666666667,0.8596499796499797
9,17,inf,Subject867,0.85,0.8372486772486774
10,2,2.0,Subject147,0.7096774193548387,0.6247619047619047
10,2,2.0,Subject353,0.75,0.737037037037037
10,2,2.0,Subject571,0.7666666666666667,0.7003174603174603
10,2,2.0,Subject580,0.6555555555555556,0.6318099547511312
10,2,2.0,Subject867,0.6833333333333333,0.655117845117845
10,2,2.0,Subject877,0.7333333333333333,0.692063492063492
10,2,3.0,Subject147,0.6774193548387096,0.6
10,2,3.0,Subject353,0.7333333333333333,0.717051467051467
10,2,3.0,Subject571,0.8,0.7533333333333334
10,2,3.0,Subject580,0.7222222222222222,0.7059273406332232
10,2,3.0,Subject867,0.6833333333333333,0.6493314093314094
10,2,3.0,Subject877,0.7333333333333333,0.692063492063492
10,2,4.0,Subject147,0.7096774193548387,0.6222222222222222
10,2,4.0,Subject353,0.7666666666666667,0.751991341991342
10,2,4.0,Subject571,0.8333333333333334,0.8066666666666668
10,2,4.0,Subject580,0.7111111111111111,0.6966523781229664
10,2,4.0,Subject867,0.6333333333333333,0.598903318903319
10,2,4.0,Subject877,0.7333333333333333,0.692063492063492
10,2,6.0,Subject147,0.6451612903225806,0.562962962962963
10,2,6.0,Subject353,0.7,0.6862781662781663
10,2,6.0,Subject571,0.8333333333333334,0.7888888888888889
10,2,6.0,Subject580,0.7222222222222222,0.6953825368531249
10,2,6.0,Subject867,0.6166666666666667,0.5747282347282348
10,2,6.0,Subject877,0.7333333333333333,0.692063492063492
10,2,8.0,Subject147,0.6774193548387096,0.5936507936507937
10,2,8.0,Subject353,0.7,0.6815018315018315
10,2,8.0,Subject571,0.8333333333333334,0.8066666666666668
10,2,8.0,Subject580,0.7333333333333333,0.7082029408499998
10,2,8.0,Subject867,0.6333333333333333,0.5926262626262626
10,2,8.0,Subject877,0.7333333333333333,0.692063492063492
10,2,10.0,Subject147,0.7096774193548387,0.6199999999999999
10,2,10.0,Subject353,0.7166666666666667,0.6971295371295372
10,2,10.0,Subject571,0.8333333333333334,0.7844444444444445
10,2,10.0,Subject580,0.7222222222222222,0.6982823059293648
10,2,10.0,Subject867,0.65,0.6074987974987974
10,2,10.0,Subject877,0.7166666666666667,0.6759462759462759
10,2,15.0,Subject147,0.7096774193548387,0.6158730158730159
10,2,15.0,Subject353,0.7166666666666667,0.7022089022089022
10,2,15.0,Subject571,0.8666666666666667,0.8133333333333334
10,2,15.0,Subject580,0.7333333333333333,0.7138128148654463
10,2,15.0,Subject867,0.6666666666666666,0.6247341547341548
10,2,15.0,Subject877,0.7166666666666667,0.6759462759462759
10,2,inf,Subject147,0.6774193548387096,0.5936507936507937
10,2,inf,Subject353,0.7,0.6733200133200135
10,2,inf,Subject571,0.8333333333333334,0.7844444444444445
10,2,inf,Subject580,0.7333333333333333,0.7215746780452662
10,2,inf,Subject867,0.6666666666666666,0.6247341547341548
10,2,inf,Subject877,0.7333333333333333,0.692063492063492
10,4,2.0,Subject147,0.7096774193548387,0.6580952380952382
10,4,2.0,Subject353,0.7166666666666667,0.6855422355422355
10,4,2.0,Subject571,0.8333333333333334,0.8177777777777778
10,4,2.0,Subject580,0.7666666666666667,0.7299245634539753
10,4,2.0,Subject867,0.7333333333333333,0.6955074555074555
10,4,2.0,Subject877,0.8666666666666667,0.8582924482924482
10,4,3.0,Subject147,0.7096774193548387,0.6580952380952382
10,4,3.0,Subject353,0.7,0.666046176046176
10,4,3.0,Subject571,0.8666666666666667,0.86
10,4,3.0,Subject580,0.7666666666666667,0.7300810300810301
10,4,3.0,Subject867,0.7166666666666667,0.684040404040404
10,4,3.0,Subject877,0.85,0.839172679172679
10,4,4.0,Subject147,0.6774193548387096,0.62
10,4,4.0,Subject353,0.7,0.6437913937913938
10,4,4.0,Subject571,0.8333333333333334,0.8022222222222222
10,4,4.0,Subject580,0.7777777777777778,0.7483937848643731
10,4,4.0,Subject867,0.7,0.6685521885521886
10,4,4.0,Subject877,0.85,0.8455218855218853
10,4,6.0,Subject147,0.7419354838709677,0.6844444444444444
10,4,6.0,Subject353,0.65,0.5789765789765791
10,4,6.0,Subject571,0.8666666666666667,0.8355555555555555
10,4,6.0,Subject580,0.7888888888888889,0.7390452140452141
10,4,6.0,Subject867,0.6666666666666666,0.6184319384319383
10,4,6.0,Subject877,0.8666666666666667,0.8617989417989417
10,4,8.0,Subject147,0.7741935483870968,0.7088888888888889
10,4,8.0,Subject353,0.6666666666666666,0.6114163614163614
10,4,8.0,Subject571,0.8666666666666667,0.8355555555555555
10,4,8.0,Subject580,0.8111111111111111,0.7922978437684319
10,4,8.0,Subject867,0.7,0.6488755688755689
10,4,8.0,Subject877,0.85,0.8431746031746031
10,4,10.0,Subject147,0.7741935483870968,0.7088888888888889
10,4,10.0,Subject353,0.6666666666666666,0.6114163614163614
10,4,10.0,Subject571,0.9,0.8711111111111111
10,4,10.0,Subject580,0.7777777777777778,0.7454160654160653
10,4,10.0,Subject867,0.7,0.6488755688755689
10,4,10.0,Subject877,0.8333333333333334,0.827057387057387
10,4,15.0,Subject147,0.7741935483870968,0.7088888888888889
10,4,15.0,Subject353,0.6666666666666666,0.6114152514152515
10,4,15.0,Subject571,0.8666666666666667,0.8377777777777777
10,4,15.0,Subject580,0.7777777777777778,0.7454160654160653
10,4,15.0,Subject867,0.7333333333333333,0.6975853775853776
10,4,15.0,Subject877,0.8166666666666667,0.8088563288563289
10,4,inf,Subject147,0.7419354838709677,0.6888888888888888
10,4,inf,Subject353,0.6666666666666666,0.6114152514152515
10,4,inf,Subject571,0.8666666666666667,0.8377777777777777
10,4,inf,Subject580,0.7777777777777778,0.7454160654160653
10,4,inf,Subject867,0.75,0.7167928367928369
10,4,inf,Subject877,0.8,0.788134828134828
10,8,2.0,Subject147,0.7096774193548387,0.666984126984127
10,8,2.0,Subject353,0.8,0.7867388167388167
10,8,2.0,Subject571,0.8,0.7777777777777778
10,8,2.0,Subject580,0.7888888888888889,0.7710126910126911
10,8,2.0,Subject867,0.7333333333333333,0.6997210197210197
10,8,2.0,Subject877,0.8666666666666667,0.8431361231361232
10,8,3.0,Subject147,0.7741935483870968,0.7177777777777778
10,8,3.0,Subject353,0.8166666666666667,0.7951659451659452
10,8,3.0,Subject571,0.8333333333333334,0.7892063492063492
10,8,3.0,Subject580,0.8333333333333334,0.8182029082029081
10,8,3.0,Subject867,0.7166666666666667,0.6706734006734006
10,8,3.0,Subject877,0.85,0.8287638287638288
10,8,4.0,Subject147,0.7741935483870968,0.7311111111111112
10,8,4.0,Subject353,0.85,0.8287638287638288
10,8,4.0,Subject571,0.8333333333333334,0.8333333333333335
10,8,4.0,Subject580,0.8555555555555555,0.8500148000147999
10,8,4.0,Subject867,0.7,0.6547811447811448
10,8,4.0,Subject877,0.8666666666666667,0.8456950456950456
10,8,6.0,Subject147,0.8064516129032258,0.7777777777777778
10,8,6.0,Subject353,0.8333333333333334,0.8082539682539682
10,8,6.0,Subject571,0.8666666666666667,0.8469841269841271
10,8,6.0,Subject580,0.8444444444444444,0.8237029637029636
10,8,6.0,Subject867,0.7166666666666667,0.6666329966329966
10,8,6.0,Subject877,0.8666666666666667,0.8374410774410774
10,8,8.0,Subject147,0.8709677419354839,0.8422222222222222
10,8,8.0,Subject353,0.8333333333333334,0.8093121693121693
10,8,8.0,Subject571,0.8666666666666667,0.8469841269841271
10,8,8.0,Subject580,0.8111111111111111,0.7838065202771085
10,8,8.0,Subject867,0.7166666666666667,0.6774074074074075
10,8,8.0,Subject877,0.85,0.8067340067340066
10,8,10.0,Subject147,0.8709677419354839,0.8422222222222222
10,8,10.0,Subject353,0.8166666666666667,0.798994708994709
10,8,10.0,Subject571,0.8333333333333334,0.7892063492063492
10,8,10.0,Subject580,0.8333333333333334,0.817408473879062
10,8,10.0,Subject867,0.7166666666666667,0.674920634920635
10,8,10.0,Subject877,0.85,0.8067340067340066
10,8,15.0,Subject147,0.8387096774193549,0.7911111111111111
10,8,15.0,Subject353,0.8333333333333334,0.8199134199134198
10,8,15.0,Subject571,0.8333333333333334,0.7892063492063492
10,8,15.0,Subject580,0.8555555555555555,0.8492385392385392
10,8,15.0,Subject867,0.7333333333333333,0.7015873015873015
10,8,15.0,Subject877,0.8666666666666667,0.8374410774410774
10,8,inf,Subject147,0.8387096774193549,0.7911111111111111
10,8,inf,Subject353,0.8166666666666667,0.8054834054834055
10,8,inf,Subject571,0.8666666666666667,0.84
10,8,inf,Subject580,0.8444444444444444,0.8335730935730935
10,8,inf,Subject867,0.7333333333333333,0.7015873015873015
10,8,inf,Subject877,0.8666666666666667,0.8374410774410774
10,17,2.0,Subject147,0.8709677419354839,0.8622222222222221
10,17,2.0,Subject353,0.8,0.792804232804233
10,17,2.0,Subject571,0.8333333333333334,0.8311111111111111
10,17,2.0,Subject580,0.7444444444444445,0.7388109602815486
10,17,2.0,Subject867,0.8166666666666667,0.7945502645502647
10,17,2.0,Subject877,0.9666666666666667,0.9644444444444444
10,17,3.0,Subject147,0.8387096774193549,0.8266666666666665
10,17,3.0,Subject353,0.7833333333333333,0.766945646945647
10,17,3.0,Subject571,0.8333333333333334,0.808888888888889
10,17,3.0,Subject580,0.8,0.796360632831221
10,17,3.0,Subject867,0.8333333333333334,0.8177777777777778
10,17,3.0,Subject877,0.95,0.9475132275132275
10,17,4.0,Subject147,0.8709677419354839,0.8577777777777779
10,17,4.0,Subject353,0.8,0.7813046213046213
10,17,4.0,Subject571,0.8333333333333334,0.8114285714285715
10,17,4.0,Subject580,0.8222222222222222,0.8220057720057719
10,17,4.0,Subject867,0.8166666666666667,0.8
10,17,4.0,Subject877,0.9666666666666667,0.9676190476190477
10,17,6.0,Subject147,0.9354838709677419,0.9288888888888888
10,17,6.0,Subject353,0.8166666666666667,0.798941798941799
10,17,6.0,Subject571,0.8333333333333334,0.8114285714285715
10,17,6.0,Subject580,0.8444444444444444,0.8435329485329485
10,17,6.0,Subject867,0.7833333333333333,0.757037037037037
10,17,6.0,Subject877,0.9666666666666667,0.9661375661375663
10,17,8.0,Subject147,0.9032258064516129,0.8955555555555555
10,17,8.0,Subject353,0.8,0.7697354497354498
10,17,8.0,Subject571,0.8666666666666667,0.8469841269841271
10,17,8.0,Subject580,0.8666666666666667,0.8706221556221555
10,17,8.0,Subject867,0.8,0.7752910052910054
10,17,8.0,Subject877,0.9666666666666667,0.9661375661375663
10,17,10.0,Subject147,0.9354838709677419,0.9311111111111111
10,17,10.0,Subject353,0.8166666666666667,0.7944647944647945
10,17,10.0,Subject571,0.8666666666666667,0.8469841269841271
10,17,10.0,Subject580,0.8555555555555555,0.8578008048596283
10,17,10.0,Subject867,0.8166666666666667,0.793915343915344
10,17,10.0,Subject877,0.9666666666666667,0.9661375661375663
10,17,15.0,Subject147,0.9354838709677419,0.9311111111111111
10,17,15.0,Subject353,0.8333333333333334,0.8103570503570503
10,17,15.0,Subject571,0.8666666666666667,0.8469841269841271
10,17,15.0,Subject580,0.8666666666666667,0.8689896160484395
10,17,15.0,Subject867,0.85,0.8375132275132275
10,17,15.0,Subject877,0.95,0.9475132275132275
10,17,inf,Subject147,0.9354838709677419,0.9311111111111111
10,17,inf,Subject353,0.8333333333333334,0.8058393458393458
10,17,inf,Subject571,0.9333333333333333,0.9333333333333332
10,17,inf,Subject580,0.8666666666666667,0.8671670921670921
10,17,inf,Subject867,0.85,0.8375132275132275
10,17,inf,Subject877,0.95,0.9475132275132275
11,2,2.0,Subject139,0.7,0.6548148148148148
11,2,2.0,Subject352,0.4,0.35333333333333333
11,2,2.0,Subject354,0.6833333333333333,0.6624338624338625
11,2,2.0,Subject580,0.6888888888888889,0.6744936155462471
11,2,2.0,Subject819,0.6,0.5341991341991342
11,2,2.0,Subject867,0.7333333333333333,0.7007407407407409
11,2,3.0,Subject139,0.7,0.654987974987975
11,2,3.0,Subject352,0.43333333333333335,0.37629629629629624
11,2,3.0,Subject354,0.75,0.7219576719576719
11,2,3.0,Subject580,0.7222222222222222,0.7100658211184527
11,2,3.0,Subject819,0.6166666666666667,0.549062049062049
11,2,3.0,Subject867,0.7,0.6641077441077442
11,2,4.0,Subject139,0.7333333333333333,0.6948148148148149
11,2,4.0,Subject352,0.5,0.44666666666666666
11,2,4.0,Subject354,0.7166666666666667,0.6857142857142857
11,2,4.0,Subject580,0.7222222222222222,0.7099070909597225
11,2,4.0,Subject819,0.65,0.5829261805732394
11,2,4.0,Subject867,0.7166666666666667,0.6983213083213083
11,2,6.0,Subject139,0.7333333333333333,0.6785185185185185
11,2,6.0,Subject352,0.4666666666666667,0.4314285714285715
11,2,6.0,Subject354,0.7,0.662962962962963
11,2,6.0,Subject580,0.7333333333333333,0.7248277258803575
11,2,6.0,Subject819,0.65,0.5869665846136434
11,2,6.0,Subject867,0.7333333333333333,0.7099999999999999
11,2,8.0,Subject139,0.75,0.6956228956228955
11,2,8.0,Subject352,0.4666666666666667,0.4314285714285715
11,2,8.0,Subject354,0.7166666666666667,0.6783068783068784
11,2,8.0,Subject580,0.7444444444444445,0.7379894179894181
11,2,8.0,Subject819,0.65,0.5701779701779702
11,2,8.0,Subject867,0.7,0.6786387686387686
11,2,10.0,Subject139,0.75,0.6956228956228955
11,2,10.0,Subject352,0.4666666666666667,0.4314285714285715
11,2,10.0,Subject354,0.7333333333333333,0.6755555555555556
11,2,10.0,Subject580,0.7444444444444445,0.7351278351278352
11,2,10.0,Subject819,0.6666666666666666,0.591996151996152
11,2,10.0,Subject867,0.7166666666666667,0.6937181337181338
11,2,15.0,Subject139,0.75,0.6933333333333332
11,2,15.0,Subject352,0.4666666666666667,0.38900432900432896
11,2,15.0,Subject354,0.75,0.696917896917897
11,2,15.0,Subject580,0.7555555555555555,0.743882783882784
11,2,15.0,Subject819,0.6833333333333333,0.6214831791302379
11,2,15.0,Subject867,0.6833333333333333,0.6611784511784511
11,2,inf,Subject139,0.75,0.6933333333333332
11,2,inf,Subject352,0.5,0.43587301587301586
11,2,inf,Subject354,0.75,0.696917896917897
11,2,inf,Subject580,0.7444444444444445,0.7323779488485371
11,2,inf,Subject819,0.7,0.6421356421356422
11,2,inf,Subject867,0.6833333333333333,0.6611784511784511
11,4,2.0,Subject139,0.8,0.7519191919191919
11,4,2.0,Subject352,0.6666666666666666,0.6336507936507937
11,4,2.0,Subject354,0.7333333333333333,0.7081481481481482
11,4,2.0,Subject580,0.7111111111111111,0.7061305361305362
11,4,2.0,Subject819,0.7833333333333333,0.7437037037037036
11,4,2.0,Subject867,0.7333333333333333,0.7035305435305436
11,4,3.0,Subject139,0.8,0.7519191919191919
11,4,3.0,Subject352,0.7,0.6558730158730159
11,4,3.0,Subject354,0.7833333333333333,0.757989417989418
11,4,3.0,Subject580,0.7777777777777778,0.769030969030969
11,4,3.0,Subject819,0.7666666666666667,0.7267051467051467
11,4,3.0,Subject867,0.7333333333333333,0.6857335257335258
11,4,4.0,Subject139,0.7666666666666667,0.7222895622895623
11,4,4.0,Subject352,0.7,0.6469841269841271
11,4,4.0,Subject354,0.7833333333333333,0.7517460317460318
11,4,4.0,Subject580,0.7888888888888889,0.7806915306915305
11,4,4.0,Subject819,0.7833333333333333,0.7462626262626262
11,4,4.0,Subject867,0.7333333333333333,0.6982202982202981
11,4,6.0,Subject139,0.7833333333333333,0.7218337218337217
11,4,6.0,Subject352,0.7,0.6558730158730159
11,4,6.0,Subject354,0.7666666666666667,0.7253102453102453
11,4,6.0,Subject580,0.8333333333333334,0.829129204129204
11,4,6.0,Subject819,0.8166666666666667,0.7652910052910052
11,4,6.0,Subject867,0.7333333333333333,0.7170562770562771
11,4,8.0,Subject139,0.8,0.7519191919191919
11,4,8.0,Subject352,0.7,0.6558730158730159
11,4,8.0,Subject354,0.7666666666666667,0.7327513227513228
11,4,8.0,Subject580,0.8333333333333334,0.833970473970474
11,4,8.0,Subject819,0.8,0.7515536315536316
11,4,8.0,Subject867,0.7333333333333333,0.7005483405483406
11,4,10.0,Subject139,0.8,0.7519191919191919
11,4,10.0,Subject352,0.7333333333333333,0.6914285714285714
11,4,10.0,Subject354,0.7666666666666667,0.7303367003367003
11,4,10.0,Subject580,0.8333333333333334,0.8334132534132533
11,4,10.0,Subject819,0.8,0.755026455026455
11,4,10.0,Subject867,0.75,0.7244444444444443
11,4,15.0,Subject139,0.8166666666666667,0.7737373737373737
11,4,15.0,Subject352,0.7333333333333333,0.6914285714285714
11,4,15.0,Subject354,0.7333333333333333,0.6823280423280423
11,4,15.0,Subject580,0.8111111111111111,0.8128404928404929
11,4,15.0,Subject819,0.8166666666666667,0.771957671957672
11,4,15.0,Subject867,0.75,0.7212698412698413
11,4,inf,Subject139,0.8166666666666667,0.7737373737373737
11,4,inf,Subject352,0.7666666666666667,0.718095238095238
11,4,inf,Subject354,0.7333333333333333,0.6823280423280423
11,4,inf,Subject580,0.8,0.8025063825063826
11,4,inf,Subject819,0.8166666666666667,0.7685906685906687
11,4,inf,Subject867,0.7333333333333333,0.7038095238095238
11,8,2.0,Subject139,0.8333333333333334,0.7955555555555555
11,8,2.0,Subject352,0.7333333333333333,0.7200000000000001
11,8,2.0,Subject354,0.7666666666666667,0.7186783586783587
11,8,2.0,Subject580,0.7222222222222222,0.7172667855020797
11,8,2.0,Subject819,0.9,0.8935449735449735
11,8,2.0,Subject867,0.7333333333333333,0.7043771043771044
11,8,3.0,Subject139,0.8333333333333334,0.7832996632996633
11,8,3.0,Subject352,0.7333333333333333,0.7200000000000001
11,8,3.0,Subject354,0.8166666666666667,0.7974795574795573
11,8,3.0,Subject580,0.7777777777777778,0.7710262286732875
11,8,3.0,Subject819,0.9166666666666666,0.9121693121693123
11,8,3.0,Subject867,0.7333333333333333,0.7043771043771044
11,8,4.0,Subject139,0.85,0.8034054834054836
11,8,4.0,Subject352,0.7333333333333333,0.7200000000000001
11,8,4.0,Subject354,0.8166666666666667,0.7974795574795573
11,8,4.0,Subject580,0.7555555555555555,0.7503923853923854
11,8,4.0,Subject819,0.9333333333333333,0.9291005291005291
11,8,4.0,Subject867,0.7166666666666667,0.6855218855218855
11,8,6.0,Subject139,0.8666666666666667,0.8337037037037037
11,8,6.0,Subject352,0.7666666666666667,0.7422222222222222
11,8,6.0,Subject354,0.8,0.7841414141414141
11,8,6.0,Subject580,0.7888888888888889,0.7867271617271617
11,8,6.0,Subject819,0.9,0.8867724867724868
11,8,6.0,Subject867,0.7333333333333333,0.7043771043771044
11,8,8.0,Subject139,0.8333333333333334,0.7926647426647427
11,8,8.0,Subject352,0.7666666666666667,0.7422222222222222
11,8,8.0,Subject354,0.75,0.7405291005291005
11,8,8.0,Subject580,0.7888888888888889,0.7911333111333111
11,8,8.0,Subject819,0.9166666666666666,0.9053968253968255
11,8,8.0,Subject867,0.75,0.7291197691197691
11,8,10.0,Subject139,0.8833333333333333,0.8503703703703704
11,8,10.0,Subject352,0.7666666666666667,0.7422222222222222
11,8,10.0,Subject354,0.7666666666666667,0.7684896584896584
11,8,10.0,Subject580,0.8222222222222222,0.8223842823842823
11,8,10.0,Subject819,0.9166666666666666,0.9053968253968255
11,8,10.0,Subject867,0.7666666666666667,0.7354689754689755
11,8,15.0,Subject139,0.8833333333333333,0.866031746031746
11,8,15.0,Subject352,0.7666666666666667,0.7422222222222222
11,8,15.0,Subject354,0.7666666666666667,0.7684896584896584
11,8,15.0,Subject580,0.8111111111111111,0.8138616938616938
11,8,15.0,Subject819,0.9333333333333333,0.9223280423280423
11,8,15.0,Subject867,0.7833333333333333,0.7621356421356421
11,8,inf,Subject139,0.9,0.8846560846560847
11,8,inf,Subject352,0.7666666666666667,0.7422222222222222
11,8,inf,Subject354,0.75,0.7447293447293447
11,8,inf,Subject580,0.8111111111111111,0.8138616938616938
11,8,inf,Subject819,0.9333333333333333,0.9223280423280423
11,8,inf,Subject867,0.75,0.7314478114478115
11,17,2.0,Subject139,0.85,0.8264742664742665
11,17,2.0,Subject352,0.7333333333333333,0.7200000000000001
11,17,2.0,Subject354,0.8833333333333333,0.8794179894179893
11,17,2.0,Subject580,0.8444444444444444,0.842037962037962
11,17,2.0,Subject819,0.8333333333333334,0.8258393458393459
11,17,2.0,Subject867,0.7666666666666667,0.7371813371813372
11,17,3.0,Subject139,0.85,0.8264742664742665
11,17,3.0,Subject352,0.7666666666666667,0.7422222222222222
11,17,3.0,Subject354,0.9333333333333333,0.932804232804233
11,17,3.0,Subject580,0.8666666666666667,0.8644155844155846
11,17,3.0,Subject819,0.8833333333333333,0.8757671957671959
11,17,3.0,Subject867,0.75,0.7196344396344396
11,17,4.0,Subject139,0.8833333333333333,0.8645502645502645
11,17,4.0,Subject352,0.7333333333333333,0.7088888888888889
11,17,4.0,Subject354,0.9166666666666666,0.9161375661375661
11,17,4.0,Subject580,0.8666666666666667,0.8672438672438674
11,17,4.0,Subject819,0.8333333333333334,0.824094424094424
11,17,4.0,Subject867,0.7666666666666667,0.7340067340067339
11,17,6.0,Subject139,0.8666666666666667,0.8478835978835979
11,17,6.0,Subject352,0.7666666666666667,0.7422222222222222
11,17,6.0,Subject354,0.9166666666666666,0.9136507936507936
11,17,6.0,Subject580,0.8888888888888888,0.8870538720538721
11,17,6.0,Subject819,0.85,0.8412890812890813
11,17,6.0,Subject867,0.7666666666666667,0.7340067340067339
11,17,8.0,Subject139,0.8833333333333333,0.8741462241462242
11,17,8.0,Subject352,0.7666666666666667,0.7422222222222222
11,17,8.0,Subject354,0.9166666666666666,0.9117989417989418
11,17,8.0,Subject580,0.8888888888888888,0.8906634977223213
11,17,8.0,Subject819,0.8666666666666667,0.8596499796499797
11,17,8.0,Subject867,0.7666666666666667,0.7340067340067339
11,17,10.0,Subject139,0.9166666666666666,0.910918710918711
11,17,10.0,Subject352,0.7666666666666667,0.7422222222222222
11,17,10.0,Subject354,0.8833333333333333,0.8584656084656085
11,17,10.0,Subject580,0.8666666666666667,0.8682273717567833
11,17,10.0,Subject819,0.9,0.8893314093314093
11,17,10.0,Subject867,0.7666666666666667,0.7337758537758537
11,17,15.0,Subject139,0.9166666666666666,0.9147089947089948
11,17,15.0,Subject352,0.8,0.7866666666666666
11,17,15.0,Subject354,0.9,0.8891726791726792
11,17,15.0,Subject580,0.8777777777777778,0.8773802123802124
11,17,15.0,Subject819,0.8833333333333333,0.8643060643060644
11,17,15.0,Subject867,0.8,0.7693314093314093
11,17,inf,Subject139,0.9,0.8977777777777779
11,17,inf,Subject352,0.8333333333333334,0.8088888888888889
11,17,inf,Subject354,0.9,0.8891726791726792
11,17,inf,Subject580,0.8777777777777778,0.8782625653213889
11,17,inf,Subject819,0.9,0.8812372812372813
11,17,inf,Subject867,0.8,0.7693314093314093
12,2,2.0,Subject424,0.4666666666666667,0.3757609710550887
12,2,2.0,Subject611,0.7833333333333333,0.7602116402116403
12,2,2.0,Subject731,0.6666666666666666,0.6158730158730158
12,2,2.0,Subject867,0.6,0.5574603174603175
12,2,2.0,Subject890,0.5666666666666667,0.49142857142857144
12,2,2.0,Subject969,0.7333333333333333,0.6866666666666668
12,2,3.0,Subject424,0.4666666666666667,0.37772175536881414
12,2,3.0,Subject611,0.7666666666666667,0.7299968876439464
12,2,3.0,Subject731,0.6666666666666666,0.6158730158730158
12,2,3.0,Subject867,0.6166666666666667,0.5874806674806675
12,2,3.0,Subject890,0.5333333333333333,0.4692063492063492
12,2,3.0,Subject969,0.7,0.6518518518518518
12,2,4.0,Subject424,0.45,0.3669281045751634
12,2,4.0,Subject611,0.7833333333333333,0.7467357043827632
12,2,4.0,Subject731,0.7,0.6603174603174603
12,2,4.0,Subject867,0.5833333333333334,0.5354171754171754
12,2,4.0,Subject890,0.5333333333333333,0.47777777777777775
12,2,4.0,Subject969,0.7,0.6466666666666667
12,2,6.0,Subject424,0.4,0.32248366013071894
12,2,6.0,Subject611,0.7833333333333333,0.7466666666666666
12,2,6.0,Subject731,0.6666666666666666,0.6158730158730158
12,2,6.0,Subject867,0.6,0.5542205942205942
12,2,6.0,Subject890,0.5333333333333333,0.4785185185185185
12,2,6.0,Subject969,0.7,0.6422222222222221
12,2,8.0,Subject424,0.4,0.3212138188608777
12,2,8.0,Subject611,0.7833333333333333,0.7466666666666666
12,2,8.0,Subject731,0.6666666666666666,0.6158730158730158
12,2,8.0,Subject867,0.6333333333333333,0.5978510378510379
12,2,8.0,Subject890,0.5333333333333333,0.4785185185185185
12,2,8.0,Subject969,0.7666666666666667,0.726984126984127
12,2,10.0,Subject424,0.43333333333333335,0.36095238095238097
12,2,10.0,Subject611,0.7666666666666667,0.714074074074074
12,2,10.0,Subject731,0.6333333333333333,0.5825396825396825
12,2,10.0,Subject867,0.6333333333333333,0.6038827838827839
12,2,10.0,Subject890,0.4666666666666667,0.4081481481481482
12,2,10.0,Subject969,0.7333333333333333,0.6914285714285715
12,2,15.0,Subject424,0.43333333333333335,0.3558730158730159
12,2,15.0,Subject611,0.75,0.6977777777777778
12,2,15.0,Subject731,0.6,0.5380952380952381
12,2,15.0,Subject867,0.6166666666666667,0.5857142857142857
12,2,15.0,Subject890,0.5,0.43037037037037046
12,2,15.0,Subject969,0.7666666666666667,0.726984126984127
12,2,inf,Subject424,0.45,0.36793650793650795
12,2,inf,Subject611,0.75,0.6977777777777778
12,2,inf,Subject731,0.5666666666666667,0.48994708994708996
12,2,inf,Subject867,0.6166666666666667,0.5857142857142857
12,2,inf,Subject890,0.4666666666666667,0.4074074074074074
12,2,inf,Subject969,0.7333333333333333,0.6777777777777777
12,4,2.0,Subject424,0.75,0.7236507936507937
12,4,2.0,Subject611,0.7833333333333333,0.7853583453583453
12,4,2.0,Subject731,0.7666666666666667,0.7358730158730159
12,4,2.0,Subject867,0.7333333333333333,0.7153113553113554
12,4,2.0,Subject890,0.8666666666666667,0.84
12,4,2.0,Subject969,0.6,0.5644444444444443
12,4,3.0,Subject424,0.75,0.7123809523809524
12,4,3.0,Subject611,0.8,0.7957671957671958
12,4,3.0,Subject731,0.7666666666666667,0.72
12,4,3.0,Subject867,0.75,0.733935693935694
12,4,3.0,Subject890,0.8333333333333334,0.8044444444444444
12,4,3.0,Subject969,0.5666666666666667,0.5422222222222222
12,4,4.0,Subject424,0.7333333333333333,0.6922751322751323
12,4,4.0,Subject611,0.7666666666666667,0.7490150590150589
12,4,4.0,Subject731,0.7666666666666667,0.7168253968253968
12,4,4.0,Subject867,0.75,0.733935693935694
12,4,4.0,Subject890,0.8666666666666667,0.8444444444444443
12,4,4.0,Subject969,0.5666666666666667,0.5422222222222222
12,4,6.0,Subject424,0.7333333333333333,0.6922751322751323
12,4,6.0,Subject611,0.7666666666666667,0.7373748473748473
12,4,6.0,Subject731,0.8333333333333334,0.8177777777777778
12,4,6.0,Subject867,0.7666666666666667,0.7493854293854294
12,4,6.0,Subject890,0.9,0.8755555555555555
12,4,6.0,Subject969,0.6666666666666666,0.6412698412698412
12,4,8.0,Subject424,0.7166666666666667,0.6708609908609909
12,4,8.0,Subject611,0.7666666666666667,0.7411640211640211
12,4,8.0,Subject731,0.8,0.7701587301587303
12,4,8.0,Subject867,0.7833333333333333,0.7705820105820106
12,4,8.0,Subject890,0.9,0.8755555555555555
12,4,8.0,Subject969,0.6666666666666666,0.6412698412698412
12,4,10.0,Subject424,0.7,0.6568927368927369
12,4,10.0,Subject611,0.7666666666666667,0.7411640211640211
12,4,10.0,Subject731,0.8333333333333334,0.8057142857142857
12,4,10.0,Subject867,0.8,0.7873208273208273
12,4,10.0,Subject890,0.9,0.8755555555555555
12,4,10.0,Subject969,0.6666666666666666,0.6412698412698412
12,4,15.0,Subject424,0.7166666666666667,0.6764021164021164
12,4,15.0,Subject611,0.7666666666666667,0.7411640211640211
12,4,15.0,Subject731,0.8333333333333334,0.8177777777777778
12,4,15.0,Subject867,0.8,0.7873208273208273
12,4,15.0,Subject890,0.9,0.8755555555555555
12,4,15.0,Subject969,0.7,0.6688888888888889
12,4,inf,Subject424,0.7166666666666667,0.6764021164021164
12,4,inf,Subject611,0.75,0.7119576719576719
12,4,inf,Subject731,0.8333333333333334,0.8177777777777778
12,4,inf,Subject867,0.8,0.7873208273208273
12,4,inf,Subject890,0.9,0.8755555555555555
12,4,inf,Subject969,0.6333333333333333,0.5674074074074074
12,8,2.0,Subject424,0.7833333333333333,0.7396825396825398
12,8,2.0,Subject611,0.8833333333333333,0.8801058201058202
12,8,2.0,Subject731,0.6666666666666666,0.6355555555555554
12,8,2.0,Subject867,0.8166666666666667,0.8019047619047619
12,8,2.0,Subject890,0.9,0.8755555555555555
12,8,2.0,Subject969,0.7333333333333333,0.711111111111111
12,8,3.0,Subject424,0.7833333333333333,0.7363155363155364
12,8,3.0,Subject611,0.9,0.8914285714285715
12,8,3.0,Subject731,0.7666666666666667,0.72
12,8,3.0,Subject867,0.8,0.7844444444444444
12,8,3.0,Subject890,0.9,0.8755555555555555
12,8,3.0,Subject969,0.7,0.6977777777777778
12,8,4.0,Subject424,0.7666666666666667,0.7392592592592594
12,8,4.0,Subject611,0.8833333333333333,0.8573544973544974
12,8,4.0,Subject731,0.7666666666666667,0.72
12,8,4.0,Subject867,0.8,0.7844444444444444
12,8,4.0,Subject890,0.8666666666666667,0.8377777777777778
12,8,4.0,Subject969,0.7333333333333333,0.7333333333333333
12,8,6.0,Subject424,0.7833333333333333,0.7407081807081807
12,8,6.0,Subject611,0.9,0.8825396825396825
12,8,6.0,Subject731,0.8,0.7733333333333334
12,8,6.0,Subject867,0.8,0.7841269841269841
12,8,6.0,Subject890,0.9333333333333333,0.9066666666666667
12,8,6.0,Subject969,0.7666666666666667,0.7523809523809523
12,8,8.0,Subject424,0.7833333333333333,0.7561904761904762
12,8,8.0,Subject611,0.9,0.8825396825396825
12,8,8.0,Subject731,0.8,0.7733333333333334
12,8,8.0,Subject867,0.8,0.7841269841269841
12,8,8.0,Subject890,0.9333333333333333,0.9111111111111111
12,8,8.0,Subject969,0.7666666666666667,0.7523809523809523
12,8,10.0,Subject424,0.7666666666666667,0.7389284789284789
12,8,10.0,Subject611,0.9,0.8825396825396825
12,8,10.0,Subject731,0.8,0.7733333333333334
12,8,10.0,Subject867,0.8166666666666667,0.8027513227513228
12,8,10.0,Subject890,0.9333333333333333,0.9111111111111111
12,8,10.0,Subject969,0.7666666666666667,0.7523809523809523
12,8,15.0,Subject424,0.7833333333333333,0.7558596958596958
12,8,15.0,Subject611,0.9,0.8825396825396825
12,8,15.0,Subject731,0.8,0.7733333333333334
12,8,15.0,Subject867,0.8333333333333334,0.8162637362637362
12,8,15.0,Subject890,0.9,0.8800000000000001
12,8,15.0,Subject969,0.7666666666666667,0.7407407407407407
12,8,inf,Subject424,0.7666666666666667,0.7389284789284789
12,8,inf,Subject611,0.8666666666666667,0.846984126984127
12,8,inf,Subject731,0.8,0.7733333333333334
12,8,inf,Subject867,0.8333333333333334,0.8162637362637362
12,8,inf,Subject890,0.9,0.8800000000000001
12,8,inf,Subject969,0.7666666666666667,0.7407407407407407
12,17,2.0,Subject424,0.8333333333333334,0.8137566137566137
12,17,2.0,Subject611,0.9,0.9013756613756615
12,17,2.0,Subject731,0.8,0.7577777777777777
12,17,2.0,Subject867,0.8166666666666667,0.7941462241462242
12,17,2.0,Subject890,0.9,0.8755555555555555
12,17,2.0,Subject969,0.8,0.8044444444444444
12,17,3.0,Subject424,0.85,0.8292063492063491
12,17,3.0,Subject611,0.9333333333333333,0.9341991341991343
12,17,3.0,Subject731,0.8333333333333334,0.7844444444444444
12,17,3.0,Subject867,0.8166666666666667,0.791957671957672
12,17,3.0,Subject890,0.9,0.8755555555555555
12,17,3.0,Subject969,0.7666666666666667,0.7722222222222221
12,17,4.0,Subject424,0.8666666666666667,0.8455026455026455
12,17,4.0,Subject611,0.9333333333333333,0.9341991341991343
12,17,4.0,Subject731,0.8333333333333334,0.7844444444444444
12,17,4.0,Subject867,0.7833333333333333,0.757037037037037
12,17,4.0,Subject890,0.8666666666666667,0.8377777777777778
12,17,4.0,Subject969,0.7666666666666667,0.7634920634920636
12,17,6.0,Subject424,0.8833333333333333,0.8656084656084656
12,17,6.0,Subject611,0.9333333333333333,0.9333333333333332
12,17,6.0,Subject731,0.9,0.8711111111111112
12,17,6.0,Subject867,0.8,0.7752910052910054
12,17,6.0,Subject890,0.8333333333333334,0.8088888888888889
12,17,6.0,Subject969,0.7333333333333333,0.7388888888888888
12,17,8.0,Subject424,0.9,0.8825396825396825
12,17,8.0,Subject611,0.9333333333333333,0.9333333333333332
12,17,8.0,Subject731,0.9,0.8711111111111112
12,17,8.0,Subject867,0.8166666666666667,0.793915343915344
12,17,8.0,Subject890,0.8666666666666667,0.8444444444444446
12,17,8.0,Subject969,0.7666666666666667,0.7488888888888888
12,17,10.0,Subject424,0.9,0.8825396825396825
12,17,10.0,Subject611,0.9333333333333333,0.9333333333333332
12,17,10.0,Subject731,0.8666666666666667,0.8377777777777777
12,17,10.0,Subject867,0.8333333333333334,0.8108465608465608
12,17,10.0,Subject890,0.8666666666666667,0.8444444444444446
12,17,10.0,Subject969,0.7333333333333333,0.7123809523809523
12,17,15.0,Subject424,0.9,0.8825396825396825
12,17,15.0,Subject611,0.9333333333333333,0.9333333333333332
12,17,15.0,Subject731,0.8,0.7777777777777779
12,17,15.0,Subject867,0.85,0.8275132275132275
12,17,15.0,Subject890,0.8666666666666667,0.8422222222222222
12,17,15.0,Subject969,0.7333333333333333,0.7007407407407408
12,17,inf,Subject424,0.9,0.8825396825396825
12,17,inf,Subject611,0.9333333333333333,0.9333333333333332
12,17,inf,Subject731,0.8,0.7755555555555556
12,17,inf,Subject867,0.85,0.8240944240944241
12,17,inf,Subject890,0.8666666666666667,0.8422222222222222
12,17,inf,Subject969,0.7,0.674074074074074
13,2,2.0,Subject139,0.6333333333333333,0.6048532948532949
13,2,2.0,Subject226,0.7333333333333333,0.7047619047619047
13,2,2.0,Subject353,0.65,0.6119251119251119
13,2,2.0,Subject571,0.7333333333333333,0.6803174603174603
13,2,2.0,Subject741,0.7666666666666667,0.736844636844637
13,2,2.0,Subject819,0.48333333333333334,0.4634391534391534
13,2,3.0,Subject139,0.6666666666666666,0.6393314093314094
13,2,3.0,Subject226,0.7333333333333333,0.7047619047619047
13,2,3.0,Subject353,0.7,0.6712517112517113
13,2,3.0,Subject571,0.7666666666666667,0.7203174603174604
13,2,3.0,Subject741,0.7333333333333333,0.7083597883597883
13,2,3.0,Subject819,0.5166666666666667,0.4761904761904762
13,2,4.0,Subject139,0.7166666666666667,0.6900029600029601
13,2,4.0,Subject226,0.7666666666666667,0.7269841269841268
13,2,4.0,Subject353,0.6333333333333333,0.5881481481481482
13,2,4.0,Subject571,0.7333333333333333,0.6822222222222223
13,2,4.0,Subject741,0.7833333333333333,0.7422222222222222
13,2,4.0,Subject819,0.5166666666666667,0.4790754664438875
13,2,6.0,Subject139,0.7333333333333333,0.7192592592592593
13,2,6.0,Subject226,0.7666666666666667,0.7269841269841268
13,2,6.0,Subject353,0.65,0.5830303030303031
13,2,6.0,Subject571,0.7333333333333333,0.6866666666666666
13,2,6.0,Subject741,0.75,0.7206105006105006
13,2,6.0,Subject819,0.48333333333333334,0.4452130325814536
13,2,8.0,Subject139,0.7333333333333333,0.711111111111111
13,2,8.0,Subject226,0.7666666666666667,0.7269841269841268
13,2,8.0,Subject353,0.65,0.5808080808080808
13,2,8.0,Subject571,0.7333333333333333,0.6866666666666666
13,2,8.0,Subject741,0.7333333333333333,0.7008658008658007
13,2,8.0,Subject819,0.5,0.45473684210526316
13,2,10.0,Subject139,0.75,0.7362962962962963
13,2,10.0,Subject226,0.7666666666666667,0.7269841269841268
13,2,10.0,Subject353,0.65,0.5808080808080808
13,2,10.0,Subject571,0.7666666666666667,0.7177777777777778
13,2,10.0,Subject741,0.7166666666666667,0.6898360898360898
13,2,10.0,Subject819,0.48333333333333334,0.4452130325814536
13,2,15.0,Subject139,0.7333333333333333,0.7131216931216932
13,2,15.0,Subject226,0.7666666666666667,0.7269841269841268
13,2,15.0,Subject353,0.65,0.5977777777777777
13,2,15.0,Subject571,0.8,0.7558730158730159
13,2,15.0,Subject741,0.6666666666666666,0.6403907203907202
13,2,15.0,Subject819,0.5166666666666667,0.47169312169312166
13,2,inf,Subject139,0.7166666666666667,0.6894179894179895
13,2,inf,Subject226,0.7333333333333333,0.6999999999999998
13,2,inf,Subject353,0.6333333333333333,0.5882539682539683
13,2,inf,Subject571,0.7666666666666667,0.7177777777777778
13,2,inf,Subject741,0.6666666666666666,0.6403907203907202
13,2,inf,Subject819,0.5333333333333333,0.4812169312169312
13,4,2.0,Subject139,0.6666666666666666,0.6294179894179893
13,4,2.0,Subject226,0.7,0.6714285714285715
13,4,2.0,Subject353,0.75,0.7104965404965405
13,4,2.0,Subject571,0.6333333333333333,0.5718518518518519
13,4,2.0,Subject741,0.7333333333333333,0.7056228956228956
13,4,2.0,Subject819,0.4666666666666667,0.4262066038536627
13,4,3.0,Subject139,0.65,0.6053102453102454
13,4,3.0,Subject226,0.7333333333333333,0.7047619047619048
13,4,3.0,Subject353,0.7166666666666667,0.6785185185185186
13,4,3.0,Subject571,0.7333333333333333,0.6692063492063492
13,4,3.0,Subject741,0.7666666666666667,0.7310052910052911
13,4,3.0,Subject819,0.48333333333333334,0.43034632034632037
13,4,4.0,Subject139,0.6833333333333333,0.6605291005291005
13,4,4.0,Subject226,0.7666666666666667,0.7403174603174603
13,4,4.0,Subject353,0.7333333333333333,0.6878499278499279
13,4,4.0,Subject571,0.7666666666666667,0.6933333333333334
13,4,4.0,Subject741,0.7666666666666667,0.7208465608465608
13,4,4.0,Subject819,0.5666666666666667,0.5346176046176047
13,4,6.0,Subject139,0.65,0.6073304473304474
13,4,6.0,Subject226,0.7666666666666667,0.7403174603174603
13,4,6.0,Subject353,0.7333333333333333,0.6878499278499279
13,4,6.0,Subject571,0.7666666666666667,0.6977777777777778
13,4,6.0,Subject741,0.75,0.6986243386243386
13,4,6.0,Subject819,0.55,0.5017219817219817
13,4,8.0,Subject139,0.6833333333333333,0.6492159692159692
13,4,8.0,Subject226,0.8,0.7580952380952382
13,4,8.0,Subject353,0.75,0.7164021164021164
13,4,8.0,Subject571,0.7333333333333333,0.666984126984127
13,4,8.0,Subject741,0.8,0.7614814814814814
13,4,8.0,Subject819,0.55,0.48788655788655794
13,4,10.0,Subject139,0.7166666666666667,0.6859259259259259
13,4,10.0,Subject226,0.8,0.7580952380952382
13,4,10.0,Subject353,0.7666666666666667,0.7291005291005291
13,4,10.0,Subject571,0.7,0.6222222222222221
13,4,10.0,Subject741,0.7833333333333333,0.7414814814814814
13,4,10.0,Subject819,0.5666666666666667,0.5093680393680394
13,4,15.0,Subject139,0.75,0.7237037037037036
13,4,15.0,Subject226,0.8,0.7580952380952382
13,4,15.0,Subject353,0.7833333333333333,0.751944351944352
13,4,15.0,Subject571,0.7333333333333333,0.666984126984127
13,4,15.0,Subject741,0.7833333333333333,0.741952491952492
13,4,15.0,Subject819,0.55,0.4805128205128205
13,4,inf,Subject139,0.75,0.7162962962962962
13,4,inf,Subject226,0.8,0.7580952380952382
13,4,inf,Subject353,0.7833333333333333,0.7490139490139491
13,4,inf,Subject571,0.6666666666666666,0.5955555555555556
13,4,inf,Subject741,0.7833333333333333,0.741952491952492
13,4,inf,Subject819,0.5666666666666667,0.4986080586080586
13,8,2.0,Subject139,0.7666666666666667,0.7058585858585859
13,8,2.0,Subject226,0.7333333333333333,0.6577777777777778
13,8,2.0,Subject353,0.8333333333333334,0.8137758537758538
13,8,2.0,Subject571,0.7666666666666667,0.7355555555555555
13,8,2.0,Subject741,0.8,0.7736700336700336
13,8,2.0,Subject819,0.75,0.7071713471713472
13,8,3.0,Subject139,0.7833333333333333,0.7284848484848485
13,8,3.0,Subject226,0.7333333333333333,0.6577777777777778
13,8,3.0,Subject353,0.7833333333333333,0.7322751322751323
13,8,3.0,Subject571,0.8666666666666667,0.8355555555555555
13,8,3.0,Subject741,0.85,0.826050986050986
13,8,3.0,Subject819,0.7833333333333333,0.743010693010693
13,8,4.0,Subject139,0.7833333333333333,0.7261760461760463
13,8,4.0,Subject226,0.7666666666666667,0.6933333333333334
13,8,4.0,Subject353,0.7666666666666667,0.7256817256817257
13,8,4.0,Subject571,0.8666666666666667,0.8355555555555555
13,8,4.0,Subject741,0.8666666666666667,0.8441943241943242
13,8,4.0,Subject819,0.8,0.7596773596773597
13,8,6.0,Subject139,0.7833333333333333,0.7337566137566138
13,8,6.0,Subject226,0.7333333333333333,0.6644444444444445
13,8,6.0,Subject353,0.8,0.7555555555555554
13,8,6.0,Subject571,0.9,0.8755555555555555
13,8,6.0,Subject741,0.8666666666666667,0.8425396825396825
13,8,6.0,Subject819,0.8,0.7596773596773597
13,8,8.0,Subject139,0.7833333333333333,0.7337566137566138
13,8,8.0,Subject226,0.7333333333333333,0.6644444444444445
13,8,8.0,Subject353,0.8,0.7492063492063491
13,8,8.0,Subject571,0.9,0.8711111111111112
13,8,8.0,Subject741,0.8666666666666667,0.8428042328042328
13,8,8.0,Subject819,0.8166666666666667,0.7766085766085766
13,8,10.0,Subject139,0.8,0.7506878306878307
13,8,10.0,Subject226,0.7666666666666667,0.6933333333333334
13,8,10.0,Subject353,0.8,0.7432996632996632
13,8,10.0,Subject571,0.8666666666666667,0.8222222222222222
13,8,10.0,Subject741,0.8666666666666667,0.8424001924001925
13,8,10.0,Subject819,0.8166666666666667,0.7755311355311355
13,8,15.0,Subject139,0.8,0.7538624338624339
13,8,15.0,Subject226,0.7666666666666667,0.6933333333333334
13,8,15.0,Subject353,0.8166666666666667,0.76996632996633
13,8,15.0,Subject571,0.8666666666666667,0.8177777777777778
13,8,15.0,Subject741,0.8666666666666667,0.8424001924001925
13,8,15.0,Subject819,0.8333333333333334,0.7892063492063491
13,8,inf,Subject139,0.7833333333333333,0.7337566137566138
13,8,inf,Subject226,0.7666666666666667,0.6933333333333334
13,8,inf,Subject353,0.8166666666666667,0.76996632996633
13,8,inf,Subject571,0.8666666666666667,0.8177777777777778
13,8,inf,Subject741,0.8666666666666667,0.8424001924001925
13,8,inf,Subject819,0.8333333333333334,0.7892063492063491
13,17,2.0,Subject139,0.9666666666666667,0.9661375661375663
13,17,2.0,Subject226,0.7666666666666667,0.6933333333333334
13,17,2.0,Subject353,0.8166666666666667,0.8082347282347283
13,17,2.0,Subject571,0.8333333333333334,0.8288888888888889
13,17,2.0,Subject741,0.9,0.8943915343915344
13,17,2.0,Subject819,0.8833333333333333,0.8643060643060644
13,17,3.0,Subject139,0.9333333333333333,0.9293650793650794
13,17,3.0,Subject226,0.7666666666666667,0.6933333333333334
13,17,3.0,Subject353,0.8333333333333334,0.8063166463166463
13,17,3.0,Subject571,0.9,0.8933333333333333
13,17,3.0,Subject741,0.9333333333333333,0.9248869648869648
13,17,3.0,Subject819,0.9,0.8812372812372813
13,17,4.0,Subject139,0.9166666666666666,0.9126984126984127
13,17,4.0,Subject226,0.7666666666666667,0.6933333333333334
13,17,4.0,Subject353,0.7833333333333333,0.7661375661375661
13,17,4.0,Subject571,0.9333333333333333,0.9288888888888889
13,17,4.0,Subject741,0.9166666666666666,0.8941798941798942
13,17,4.0,Subject819,0.9,0.8812372812372813
13,17,6.0,Subject139,0.8833333333333333,0.8762433862433862
13,17,6.0,Subject226,0.7333333333333333,0.6644444444444445
13,17,6.0,Subject353,0.8166666666666667,0.7863969363969365
13,17,6.0,Subject571,0.9333333333333333,0.9288888888888889
13,17,6.0,Subject741,0.9166666666666666,0.907955747955748
13,17,6.0,Subject819,0.9,0.8812372812372813
13,17,8.0,Subject139,0.9,0.894074074074074
13,17,8.0,Subject226,0.7666666666666667,0.6999999999999998
13,17,8.0,Subject353,0.8333333333333334,0.7951515151515152
13,17,8.0,Subject571,0.9333333333333333,0.9288888888888889
13,17,8.0,Subject741,0.9,0.8912890812890812
13,17,8.0,Subject819,0.9,0.8812372812372813
13,17,10.0,Subject139,0.9166666666666666,0.9139153439153439
13,17,10.0,Subject226,0.8,0.7533333333333334
13,17,10.0,Subject353,0.8333333333333334,0.7902837902837904
13,17,10.0,Subject571,0.9333333333333333,0.9288888888888889
13,17,10.0,Subject741,0.8833333333333333,0.8730351130351129
13,17,10.0,Subject819,0.9,0.8812372812372813
13,17,15.0,Subject139,0.9166666666666666,0.9139153439153439
13,17,15.0,Subject226,0.8333333333333334,0.7822222222222223
13,17,15.0,Subject353,0.8666666666666667,0.835998075998076
13,17,15.0,Subject571,0.9666666666666667,0.9644444444444444
13,17,15.0,Subject741,0.8666666666666667,0.8423280423280421
13,17,15.0,Subject819,0.9,0.8812372812372813
13,17,inf,Subject139,0.9166666666666666,0.9139153439153439
13,17,inf,Subject226,0.8333333333333334,0.7777777777777778
13,17,inf,Subject353,0.85,0.8207744107744107
13,17,inf,Subject571,0.9666666666666667,0.9644444444444444
13,17,inf,Subject741,0.8666666666666667,0.8423280423280421
13,17,inf,Subject819,0.9,0.8812372812372813
14,2,2.0,Subject376,0.3,0.21579333709768492
14,2,2.0,Subject516,0.6,0.5355555555555556
14,2,2.0,Subject571,0.6,0.5247619047619048
14,2,2.0,Subject731,0.6,0.5295238095238095
14,2,2.0,Subject890,0.36666666666666664,0.2983164983164983
14,2,2.0,Subject969,0.6,0.4888888888888889
14,2,3.0,Subject376,0.36666666666666664,0.28014245014245015
14,2,3.0,Subject516,0.6666666666666666,0.6099470899470899
14,2,3.0,Subject571,0.5666666666666667,0.473968253968254
14,2,3.0,Subject731,0.6,0.5295238095238095
14,2,3.0,Subject890,0.4,0.322962962962963
14,2,3.0,Subject969,0.5333333333333333,0.46793650793650793
14,2,4.0,Subject376,0.36666666666666664,0.2794757834757835
14,2,4.0,Subject516,0.6666666666666666,0.6025396825396825
14,2,4.0,Subject571,0.5333333333333333,0.4447619047619048
14,2,4.0,Subject731,0.6,0.5292063492063492
14,2,4.0,Subject890,0.4,0.322962962962963
14,2,4.0,Subject969,0.6,0.5380952380952381
14,2,6.0,Subject376,0.35,0.26988835725677823
14,2,6.0,Subject516,0.6666666666666666,0.6162962962962962
14,2,6.0,Subject571,0.5666666666666667,0.473968253968254
14,2,6.0,Subject731,0.6,0.5292063492063492
14,2,6.0,Subject890,0.4,0.322962962962963
14,2,6.0,Subject969,0.6666666666666666,0.5888888888888888
14,2,8.0,Subject376,0.35,0.26988835725677823
14,2,8.0,Subject516,0.6666666666666666,0.6162962962962962
14,2,8.0,Subject571,0.5333333333333333,0.4447619047619048
14,2,8.0,Subject731,0.6,0.5292063492063492
14,2,8.0,Subject890,0.4,0.322962962962963
14,2,8.0,Subject969,0.6333333333333333,0.5711111111111111
14,2,10.0,Subject376,0.35,0.2663310450038139
14,2,10.0,Subject516,0.6333333333333333,0.5655026455026455
14,2,10.0,Subject571,0.5666666666666667,0.48253968253968255
14,2,10.0,Subject731,0.5666666666666667,0.5044444444444445
14,2,10.0,Subject890,0.4,0.32
14,2,10.0,Subject969,0.6333333333333333,0.5711111111111111
14,2,15.0,Subject376,0.35,0.2663310450038139
14,2,15.0,Subject516,0.6666666666666666,0.6099470899470899
14,2,15.0,Subject571,0.5666666666666667,0.48253968253968255
14,2,15.0,Subject731,0.5666666666666667,0.5118518518518519
14,2,15.0,Subject890,0.4,0.32
14,2,15.0,Subject969,0.6333333333333333,0.5711111111111111
14,2,inf,Subject376,0.35,0.2663310450038139
14,2,inf,Subject516,0.6666666666666666,0.6099470899470899
14,2,inf,Subject571,0.5666666666666667,0.48253968253968255
14,2,inf,Subject731,0.5666666666666667,0.5118518518518519
14,2,inf,Subject890,0.4,0.32
14,2,inf,Subject969,0.6333333333333333,0.5711111111111111
14,4,2.0,Subject376,0.55,0.5158855958855958
14,4,2.0,Subject516,0.6666666666666666,0.648888888888889
14,4,2.0,Subject571,0.6666666666666666,0.622857142857143
14,4,2.0,Subject731,0.7333333333333333,0.6873015873015872
14,4,2.0,Subject890,0.6666666666666666,0.5977777777777779
14,4,2.0,Subject969,0.6,0.5096296296296295
14,4,3.0,Subject376,0.6333333333333333,0.5846427646427645
14,4,3.0,Subject516,0.7333333333333333,0.7022222222222222
14,4,3.0,Subject571,0.7333333333333333,0.6825396825396826
14,4,3.0,Subject731,0.7,0.6603174603174603
14,4,3.0,Subject890,0.6333333333333333,0.5533333333333333
14,4,3.0,Subject969,0.6333333333333333,0.5644444444444444
14,4,4.0,Subject376,0.6333333333333333,0.5866426166426166
14,4,4.0,Subject516,0.8,0.7688888888888888
14,4,4.0,Subject571,0.7333333333333333,0.6825396825396824
14,4,4.0,Subject731,0.7,0.6603174603174603
14,4,4.0,Subject890,0.6333333333333333,0.5688888888888889
14,4,4.0,Subject969,0.6333333333333333,0.5674074074074074
14,4,6.0,Subject376,0.65,0.6022170422170422
14,4,6.0,Subject516,0.8,0.7666666666666665
14,4,6.0,Subject571,0.7333333333333333,0.6825396825396824
14,4,6.0,Subject731,0.7333333333333333,0.6873015873015872
14,4,6.0,Subject890,0.6333333333333333,0.5803174603174603
14,4,6.0,Subject969,0.6,0.5111111111111112
14,4,8.0,Subject376,0.6833333333333333,0.6274999074999076
14,4,8.0,Subject516,0.8,0.7666666666666665
14,4,8.0,Subject571,0.7,0.6380952380952382
14,4,8.0,Subject731,0.7333333333333333,0.6803174603174603
14,4,8.0,Subject890,0.6,0.5311111111111111
14,4,8.0,Subject969,0.6,0.5096296296296295
14,4,10.0,Subject376,0.6833333333333333,0.6245032745032746
14,4,10.0,Subject516,0.8,0.7666666666666665
14,4,10.0,Subject571,0.6666666666666666,0.6095238095238095
14,4,10.0,Subject731,0.7,0.6295238095238094
14,4,10.0,Subject890,0.6,0.5380952380952381
14,4,10.0,Subject969,0.6,0.5111111111111111
14,4,15.0,Subject376,0.65,0.6004292004292004
14,4,15.0,Subject516,0.8,0.7666666666666665
14,4,15.0,Subject571,0.7,0.638095238095238
14,4,15.0,Subject731,0.7,0.6469841269841269
14,4,15.0,Subject890,0.6333333333333333,0.5736507936507936
14,4,15.0,Subject969,0.6,0.5111111111111111
14,4,inf,Subject376,0.65,0.6004292004292004
14,4,inf,Subject516,0.8,0.7666666666666665
14,4,inf,Subject571,0.7,0.638095238095238
14,4,inf,Subject731,0.7,0.6377777777777778
14,4,inf,Subject890,0.6333333333333333,0.5736507936507936
14,4,inf,Subject969,0.6,0.5111111111111111
14,8,2.0,Subject376,0.7,0.6776334776334776
14,8,2.0,Subject516,0.7,0.6692063492063492
14,8,2.0,Subject571,0.7666666666666667,0.7177777777777777
14,8,2.0,Subject731,0.8,0.7803174603174603
14,8,2.0,Subject890,0.7666666666666667,0.7425396825396826
14,8,2.0,Subject969,0.8333333333333334,0.7892063492063491
14,8,3.0,Subject376,0.7,0.6605483405483406
14,8,3.0,Subject516,0.8,0.7822222222222222
14,8,3.0,Subject571,0.8,0.7466666666666667
14,8,3.0,Subject731,0.8,0.7577777777777777
14,8,3.0,Subject890,0.7333333333333333,0.6914285714285715
14,8,3.0,Subject969,0.7,0.6362962962962962
14,8,4.0,Subject376,0.7166666666666667,0.6746224146224146
14,8,4.0,Subject516,0.8,0.7822222222222222
14,8,4.0,Subject571,0.7666666666666667,0.7133333333333334
14,8,4.0,Subject731,0.8,0.7577777777777777
14,8,4.0,Subject890,0.7,0.666984126984127
14,8,4.0,Subject969,0.7,0.6362962962962962
14,8,6.0,Subject376,0.75,0.7036903836903837
14,8,6.0,Subject516,0.8333333333333334,0.8088888888888889
14,8,6.0,Subject571,0.8,0.7511111111111111
14,8,6.0,Subject731,0.8333333333333334,0.8111111111111111
14,8,6.0,Subject890,0.7666666666666667,0.726984126984127
14,8,6.0,Subject969,0.6666666666666666,0.5911111111111111
14,8,8.0,Subject376,0.7666666666666667,0.7203907203907204
14,8,8.0,Subject516,0.8666666666666667,0.8399999999999999
14,8,8.0,Subject571,0.8,0.7511111111111111
14,8,8.0,Subject731,0.7666666666666667,0.7269841269841268
14,8,8.0,Subject890,0.8,0.7625396825396825
14,8,8.0,Subject969,0.6,0.5377777777777778
14,8,10.0,Subject376,0.75,0.7026129426129426
14,8,10.0,Subject516,0.8666666666666667,0.8399999999999999
14,8,10.0,Subject571,0.7666666666666667,0.7177777777777777
14,8,10.0,Subject731,0.7666666666666667,0.7269841269841268
14,8,10.0,Subject890,0.7666666666666667,0.7133333333333334
14,8,10.0,Subject969,0.6333333333333333,0.5733333333333334
14,8,15.0,Subject376,0.75,0.6929159729159728
14,8,15.0,Subject516,0.8666666666666667,0.8399999999999999
14,8,15.0,Subject571,0.8333333333333334,0.7866666666666666
14,8,15.0,Subject731,0.8,0.7714285714285715
14,8,15.0,Subject890,0.7666666666666667,0.7133333333333334
14,8,15.0,Subject969,0.6666666666666666,0.6207407407407408
14,8,inf,Subject376,0.7333333333333333,0.6802175602175601
14,8,inf,Subject516,0.8666666666666667,0.8399999999999999
14,8,inf,Subject571,0.8666666666666667,0.8222222222222222
14,8,inf,Subject731,0.8333333333333334,0.8
14,8,inf,Subject890,0.7666666666666667,0.7088888888888889
14,8,inf,Subject969,0.6333333333333333,0.5733333333333334
14,17,2.0,Subject376,0.7666666666666667,0.7341798941798942
14,17,2.0,Subject516,0.8,0.791111111111111
14,17,2.0,Subject571,0.8,0.7733333333333333
14,17,2.0,Subject731,0.7333333333333333,0.6955555555555556
14,17,2.0,Subject890,0.8333333333333334,0.8088888888888889
14,17,2.0,Subject969,0.7,0.6474074074074074
14,17,3.0,Subject376,0.8,0.7671813371813373
14,17,3.0,Subject516,0.8333333333333334,0.8222222222222222
14,17,3.0,Subject571,0.8,0.7644444444444445
14,17,3.0,Subject731,0.8333333333333334,0.7866666666666666
14,17,3.0,Subject890,0.8333333333333334,0.8088888888888889
14,17,3.0,Subject969,0.6666666666666666,0.6162962962962962
14,17,4.0,Subject376,0.7666666666666667,0.7544540644540644
14,17,4.0,Subject516,0.8,0.7644444444444445
14,17,4.0,Subject571,0.8,0.7644444444444445
14,17,4.0,Subject731,0.8,0.7511111111111111
14,17,4.0,Subject890,0.8333333333333334,0.8088888888888889
14,17,4.0,Subject969,0.6333333333333333,0.5762962962962963
14,17,6.0,Subject376,0.8333333333333334,0.813987493987494
14,17,6.0,Subject516,0.8,0.7644444444444445
14,17,6.0,Subject571,0.8666666666666667,0.84
14,17,6.0,Subject731,0.8333333333333334,0.7866666666666666
14,17,6.0,Subject890,0.8,0.7755555555555556
14,17,6.0,Subject969,0.6333333333333333,0.5733333333333334
14,17,8.0,Subject376,0.85,0.8288023088023088
14,17,8.0,Subject516,0.8333333333333334,0.7822222222222222
14,17,8.0,Subject571,0.8,0.7580952380952382
14,17,8.0,Subject731,0.8,0.7511111111111111
14,17,8.0,Subject890,0.8333333333333334,0.8088888888888889
14,17,8.0,Subject969,0.6333333333333333,0.5733333333333334
14,17,10.0,Subject376,0.8666666666666667,0.8474266474266474
14,17,10.0,Subject516,0.8333333333333334,0.7822222222222222
14,17,10.0,Subject571,0.7666666666666667,0.7358730158730159
14,17,10.0,Subject731,0.8,0.7511111111111111
14,17,10.0,Subject890,0.8666666666666667,0.8555555555555556
14,17,10.0,Subject969,0.6333333333333333,0.5733333333333334
14,17,15.0,Subject376,0.8833333333333333,0.8646224146224145
14,17,15.0,Subject516,0.8333333333333334,0.7822222222222222
14,17,15.0,Subject571,0.8333333333333334,0.7936507936507937
14,17,15.0,Subject731,0.8,0.7511111111111111
14,17,15.0,Subject890,0.8666666666666667,0.8555555555555556
14,17,15.0,Subject969,0.6333333333333333,0.5733333333333334
14,17,inf,Subject376,0.8833333333333333,0.8646224146224145
14,17,inf,Subject516,0.8333333333333334,0.7822222222222222
14,17,inf,Subject571,0.8333333333333334,0.7936507936507937
14,17,inf,Subject731,0.8333333333333334,0.7866666666666666
14,17,inf,Subject890,0.8333333333333334,0.8266666666666667
14,17,inf,Subject969,0.6,0.5466666666666666
15,2,2.0,Subject226,0.6666666666666666,0.5866666666666666
15,2,2.0,Subject353,0.7166666666666667,0.6740944240944242
15,2,2.0,Subject455,0.75,0.7014141414141414
15,2,2.0,Subject516,0.8333333333333334,0.7936507936507937
15,2,2.0,Subject580,0.6888888888888889,0.6688746049272365
15,2,2.0,Subject969,0.5666666666666667,0.4948148148148148
15,2,3.0,Subject226,0.7333333333333333,0.6692063492063492
15,2,3.0,Subject353,0.7333333333333333,0.676971916971917
15,2,3.0,Subject455,0.75,0.6980471380471381
15,2,3.0,Subject516,0.8333333333333334,0.7936507936507937
15,2,3.0,Subject580,0.7444444444444445,0.7087811363043562
15,2,3.0,Subject969,0.5666666666666667,0.5081481481481481
15,2,4.0,Subject226,0.7,0.6158730158730158
15,2,4.0,Subject353,0.7166666666666667,0.6647619047619048
15,2,4.0,Subject455,0.75,0.6988552188552188
15,2,4.0,Subject516,0.8333333333333334,0.815873015873016
15,2,4.0,Subject580,0.7666666666666667,0.7299640664346546
15,2,4.0,Subject969,0.5,0.43703703703703706
15,2,6.0,Subject226,0.7,0.6158730158730158
15,2,6.0,Subject353,0.7333333333333333,0.681872201872202
15,2,6.0,Subject455,0.7333333333333333,0.6687697487697488
15,2,6.0,Subject516,0.8333333333333334,0.7977777777777778
15,2,6.0,Subject580,0.7444444444444445,0.7006959317485634
15,2,6.0,Subject969,0.5333333333333333,0.45037037037037037
15,2,8.0,Subject226,0.7333333333333333,0.6444444444444444
15,2,8.0,Subject353,0.7166666666666667,0.6662433862433862
15,2,8.0,Subject455,0.75,0.6870033670033671
15,2,8.0,Subject516,0.8333333333333334,0.7977777777777778
15,2,8.0,Subject580,0.7666666666666667,0.7240973840973841
15,2,8.0,Subject969,0.5333333333333333,0.4548148148148148
15,2,10.0,Subject226,0.7,0.6158730158730158
15,2,10.0,Subject353,0.7333333333333333,0.677883597883598
15,2,10.0,Subject455,0.7333333333333333,0.6736182336182336
15,2,10.0,Subject516,0.8666666666666667,0.8333333333333334
15,2,10.0,Subject580,0.7555555555555555,0.7146024346024346
15,2,10.0,Subject969,0.5333333333333333,0.4548148148148148
15,2,15.0,Subject226,0.7,0.6158730158730158
15,2,15.0,Subject353,0.75,0.711957671957672
15,2,15.0,Subject455,0.7333333333333333,0.6925071225071224
15,2,15.0,Subject516,0.8666666666666667,0.8333333333333334
15,2,15.0,Subject580,0.7666666666666667,0.7323161587867469
15,2,15.0,Subject969,0.5333333333333333,0.4266666666666667
15,2,inf,Subject226,0.7,0.6158730158730158
15,2,inf,Subject353,0.75,0.7085388685388686
15,2,inf,Subject455,0.75,0.7003367003367004
15,2,inf,Subject516,0.9,0.8825396825396825
15,2,inf,Subject580,0.7555555555555555,0.7220109084814966
15,2,inf,Subject969,0.5333333333333333,0.4222222222222222
15,4,2.0,Subject226,0.8333333333333334,0.7822222222222223
15,4,2.0,Subject353,0.75,0.7008332408332408
15,4,2.0,Subject455,0.75,0.7300529100529101
15,4,2.0,Subject516,0.8666666666666667,0.8577777777777779
15,4,2.0,Subject580,0.7111111111111111,0.6950205350205351
15,4,2.0,Subject969,0.5666666666666667,0.48666666666666664
15,4,3.0,Subject226,0.8666666666666667,0.8177777777777778
15,4,3.0,Subject353,0.7,0.66994708994709
15,4,3.0,Subject455,0.7666666666666667,0.7546560846560848
15,4,3.0,Subject516,0.9,0.8933333333333333
15,4,3.0,Subject580,0.7777777777777778,0.7645998445998444
15,4,3.0,Subject969,0.5666666666666667,0.48253968253968255
15,4,4.0,Subject226,0.8666666666666667,0.8177777777777778
15,4,4.0,Subject353,0.7166666666666667,0.6659991859991862
15,4,4.0,Subject455,0.8,0.7711111111111111
15,4,4.0,Subject516,0.8666666666666667,0.8711111111111112
15,4,4.0,Subject580,0.8111111111111111,0.797042957042957
15,4,4.0,Subject969,0.5666666666666667,0.48253968253968255
15,4,6.0,Subject226,0.8333333333333334,0.7822222222222223
15,4,6.0,Subject353,0.75,0.6988034188034188
15,4,6.0,Subject455,0.75,0.7317460317460317
15,4,6.0,Subject516,0.8666666666666667,0.8711111111111112
15,4,6.0,Subject580,0.8111111111111111,0.7839782439782439
15,4,6.0,Subject969,0.6333333333333333,0.539047619047619
15,4,8.0,Subject226,0.8333333333333334,0.7822222222222223
15,4,8.0,Subject353,0.7666666666666667,0.7154700854700855
15,4,8.0,Subject455,0.7833333333333333,0.76991341991342
15,4,8.0,Subject516,0.9,0.8933333333333333
15,4,8.0,Subject580,0.8222222222222222,0.7955111555111555
15,4,8.0,Subject969,0.6,0.5104761904761905
15,4,10.0,Subject226,0.8333333333333334,0.7822222222222223
15,4,10.0,Subject353,0.75,0.7119576719576719
15,4,10.0,Subject455,0.7666666666666667,0.742857142857143
15,4,10.0,Subject516,0.9,0.8933333333333333
15,4,10.0,Subject580,0.8222222222222222,0.7965501165501166
15,4,10.0,Subject969,0.6333333333333333,0.539047619047619
15,4,15.0,Subject226,0.8333333333333334,0.7822222222222223
15,4,15.0,Subject353,0.75,0.7085388685388685
15,4,15.0,Subject455,0.8166666666666667,0.7966329966329967
15,4,15.0,Subject516,0.9666666666666667,0.9644444444444444
15,4,15.0,Subject580,0.8333333333333334,0.8185259185259188
15,4,15.0,Subject969,0.6666666666666666,0.5666666666666667
15,4,inf,Subject226,0.8333333333333334,0.7822222222222223
15,4,inf,Subject353,0.75,0.7085388685388685
15,4,inf,Subject455,0.8166666666666667,0.7966329966329967
15,4,inf,Subject516,0.9666666666666667,0.9644444444444444
15,4,inf,Subject580,0.8333333333333334,0.8177489177489179
15,4,inf,Subject969,0.6666666666666666,0.5666666666666667
15,8,2.0,Subject226,0.7333333333333333,0.669206349206349
15,8,2.0,Subject353,0.8166666666666667,0.7915536315536316
15,8,2.0,Subject455,0.7833333333333333,0.7593650793650792
15,8,2.0,Subject516,0.9,0.8825396825396825
15,8,2.0,Subject580,0.8222222222222222,0.805887445887446
15,8,2.0,Subject969,0.6666666666666666,0.5777777777777778
15,8,3.0,Subject226,0.7333333333333333,0.6692063492063492
15,8,3.0,Subject353,0.7666666666666667,0.7227513227513228
15,8,3.0,Subject455,0.7666666666666667,0.7335064935064934
15,8,3.0,Subject516,0.8666666666666667,0.8577777777777776
15,8,3.0,Subject580,0.8222222222222222,0.8075518925518925
15,8,3.0,Subject969,0.6333333333333333,0.58
15,8,4.0,Subject226,0.7666666666666667,0.6977777777777778
15,8,4.0,Subject353,0.8,0.7614681614681615
15,8,4.0,Subject455,0.8,0.7717845117845118
15,8,4.0,Subject516,0.8333333333333334,0.8
15,8,4.0,Subject580,0.8333333333333334,0.8298407148407148
15,8,4.0,Subject969,0.6666666666666666,0.6355555555555555
15,8,6.0,Subject226,0.7666666666666667,0.6977777777777778
15,8,6.0,Subject353,0.8,0.7614681614681615
15,8,6.0,Subject455,0.8,0.7717845117845118
15,8,6.0,Subject516,0.9,0.8755555555555555
15,8,6.0,Subject580,0.8555555555555555,0.8478443778443777
15,8,6.0,Subject969,0.6,0.5355555555555557
15,8,8.0,Subject226,0.8,0.7288888888888889
15,8,8.0,Subject353,0.8,0.764886964886965
15,8,8.0,Subject455,0.8333333333333334,0.8108128908128908
15,8,8.0,Subject516,0.8666666666666667,0.8177777777777778
15,8,8.0,Subject580,0.8555555555555555,0.8403144567850449
15,8,8.0,Subject969,0.5666666666666667,0.49111111111111116
15,8,10.0,Subject226,0.7666666666666667,0.7003174603174603
15,8,10.0,Subject353,0.8166666666666667,0.791149591149591
15,8,10.0,Subject455,0.85,0.8294372294372294
15,8,10.0,Subject516,0.9,0.8755555555555555
15,8,10.0,Subject580,0.8444444444444444,0.8298871063576946
15,8,10.0,Subject969,0.6,0.5244444444444445
15,8,15.0,Subject226,0.7666666666666667,0.7003174603174603
15,8,15.0,Subject353,0.7666666666666667,0.7428571428571428
15,8,15.0,Subject455,0.8166666666666667,0.7955747955747956
15,8,15.0,Subject516,0.9,0.8755555555555555
15,8,15.0,Subject580,0.8333333333333334,0.8096392496392496
15,8,15.0,Subject969,0.6333333333333333,0.5822222222222223
15,8,inf,Subject226,0.7333333333333333,0.6511111111111112
15,8,inf,Subject353,0.7833333333333333,0.753002553002553
15,8,inf,Subject455,0.8166666666666667,0.7955747955747956
15,8,inf,Subject516,0.8666666666666667,0.8444444444444443
15,8,inf,Subject580,0.8222222222222222,0.7992822863411099
15,8,inf,Subject969,0.6333333333333333,0.5822222222222223
15,17,2.0,Subject226,0.8333333333333334,0.8088888888888889
15,17,2.0,Subject353,0.8166666666666667,0.7943193843193844
15,17,2.0,Subject455,0.9,0.8893121693121694
15,17,2.0,Subject516,0.8333333333333334,0.8044444444444444
15,17,2.0,Subject580,0.8555555555555555,0.8595915195915197
15,17,2.0,Subject969,0.7333333333333333,0.7051851851851852
15,17,3.0,Subject226,0.8,0.7580952380952382
15,17,3.0,Subject353,0.8,0.767989417989418
15,17,3.0,Subject455,0.8833333333333333,0.8692063492063492
15,17,3.0,Subject516,0.9,0.8977777777777778
15,17,3.0,Subject580,0.8444444444444444,0.8443290043290044
15,17,3.0,Subject969,0.7,0.6577777777777778
15,17,4.0,Subject226,0.8333333333333334,0.7866666666666667
15,17,4.0,Subject353,0.8,0.7641617641617642
15,17,4.0,Subject455,0.8833333333333333,0.8692063492063492
15,17,4.0,Subject516,0.8333333333333334,0.8222222222222222
15,17,4.0,Subject580,0.8555555555555555,0.8506648906648908
15,17,4.0,Subject969,0.7333333333333333,0.7051851851851852
15,17,6.0,Subject226,0.8333333333333334,0.7866666666666667
15,17,6.0,Subject353,0.8,0.7799999999999999
15,17,6.0,Subject455,0.9,0.8918710918710918
15,17,6.0,Subject516,0.8666666666666667,0.8577777777777776
15,17,6.0,Subject580,0.8888888888888888,0.8818070818070818
15,17,6.0,Subject969,0.7333333333333333,0.7051851851851852
15,17,8.0,Subject226,0.8333333333333334,0.7866666666666667
15,17,8.0,Subject353,0.8,0.7614814814814815
15,17,8.0,Subject455,0.9,0.8918710918710918
15,17,8.0,Subject516,0.9333333333333333,0.9288888888888888
15,17,8.0,Subject580,0.8888888888888888,0.8864224664224664
15,17,8.0,Subject969,0.7333333333333333,0.7051851851851852
15,17,10.0,Subject226,0.8333333333333334,0.7866666666666667
15,17,10.0,Subject353,0.8166666666666667,0.7911111111111111
15,17,10.0,Subject455,0.9,0.8893121693121694
15,17,10.0,Subject516,0.9333333333333333,0.9288888888888888
15,17,10.0,Subject580,0.8888888888888888,0.8864224664224664
15,17,10.0,Subject969,0.7,0.6577777777777778
15,17,15.0,Subject226,0.8,0.7580952380952382
15,17,15.0,Subject353,0.8333333333333334,0.8038095238095239
15,17,15.0,Subject455,0.9,0.8918710918710918
15,17,15.0,Subject516,0.9333333333333333,0.9288888888888888
15,17,15.0,Subject580,0.8777777777777778,0.8729359529359528
15,17,15.0,Subject969,0.7333333333333333,0.6933333333333334
15,17,inf,Subject226,0.7666666666666667,0.708888888888889
15,17,inf,Subject353,0.8166666666666667,0.785998075998076
15,17,inf,Subject455,0.8833333333333333,0.8728234728234727
15,17,inf,Subject516,0.9333333333333333,0.9288888888888888
15,17,inf,Subject580,0.8555555555555555,0.8546275946275945
15,17,inf,Subject969,0.7333333333333333,0.6933333333333334
16,2,2.0,Subject139,0.6333333333333333,0.5681829281829281
16,2,2.0,Subject226,0.6,0.5311111111111111
16,2,2.0,Subject424,0.5333333333333333,0.5304425204425204
16,2,2.0,Subject729,0.6166666666666667,0.5278306878306879
16,2,2.0,Subject731,0.5333333333333333,0.4568253968253968
16,2,2.0,Subject867,0.55,0.5115536315536315
16,2,3.0,Subject139,0.6166666666666667,0.5373881673881674
16,2,3.0,Subject226,0.5333333333333333,0.45174603174603173
16,2,3.0,Subject424,0.5166666666666667,0.5041798941798942
16,2,3.0,Subject729,0.65,0.5714285714285715
16,2,3.0,Subject731,0.5333333333333333,0.45111111111111113
16,2,3.0,Subject867,0.5666666666666667,0.5413949013949014
16,2,4.0,Subject139,0.6,0.51998075998076
16,2,4.0,Subject226,0.5666666666666667,0.506984126984127
16,2,4.0,Subject424,0.5333333333333333,0.5099567099567099
16,2,4.0,Subject729,0.65,0.5773063973063973
16,2,4.0,Subject731,0.5333333333333333,0.4422222222222222
16,2,4.0,Subject867,0.5333333333333333,0.4974277574277575
16,2,6.0,Subject139,0.6333333333333333,0.5495778295778295
16,2,6.0,Subject226,0.5666666666666667,0.48698412698412696
16,2,6.0,Subject424,0.5833333333333334,0.543882783882784
16,2,6.0,Subject729,0.65,0.5743589743589743
16,2,6.0,Subject731,0.5,0.40349206349206346
16,2,6.0,Subject867,0.5333333333333333,0.4938298738298738
16,2,8.0,Subject139,0.6166666666666667,0.5214104414104413
16,2,8.0,Subject226,0.6333333333333333,0.5692063492063492
16,2,8.0,Subject424,0.5666666666666667,0.5307081807081807
16,2,8.0,Subject729,0.65,0.5806060606060606
16,2,8.0,Subject731,0.5333333333333333,0.4438095238095238
16,2,8.0,Subject867,0.5666666666666667,0.5225792725792726
16,2,10.0,Subject139,0.6333333333333333,0.548077108077108
16,2,10.0,Subject226,0.5666666666666667,0.506984126984127
16,2,10.0,Subject424,0.6,0.5592999592999593
16,2,10.0,Subject729,0.6333333333333333,0.5632478632478632
16,2,10.0,Subject731,0.5,0.3946031746031746
16,2,10.0,Subject867,0.5666666666666667,0.5225792725792726
16,2,15.0,Subject139,0.6666666666666666,0.5777777777777777
16,2,15.0,Subject226,0.6,0.5247619047619048
16,2,15.0,Subject424,0.6166666666666667,0.5820512820512821
16,2,15.0,Subject729,0.6166666666666667,0.5489621489621489
16,2,15.0,Subject731,0.5,0.40952380952380957
16,2,15.0,Subject867,0.55,0.5073737373737374
16,2,inf,Subject139,0.6833333333333333,0.5945165945165946
16,2,inf,Subject226,0.5666666666666667,0.506984126984127
16,2,inf,Subject424,0.6166666666666667,0.5820512820512821
16,2,inf,Subject729,0.65,0.5901838901838902
16,2,inf,Subject731,0.5,0.4047619047619048
16,2,inf,Subject867,0.55,0.5073737373737374
16,4,2.0,Subject139,0.8,0.7716402116402116
16,4,2.0,Subject226,0.6666666666666666,0.5888888888888888
16,4,2.0,Subject424,0.6666666666666666,0.6197546897546897
16,4,2.0,Subject729,0.8166666666666667,0.7666329966329966
16,4,2.0,Subject731,0.5666666666666667,0.46793650793650793
16,4,2.0,Subject867,0.7,0.662045362045362
16,4,3.0,Subject139,0.8166666666666667,0.7978835978835978
16,4,3.0,Subject226,0.6666666666666666,0.5914285714285714
16,4,3.0,Subject424,0.6833333333333333,0.6432275132275131
16,4,3.0,Subject729,0.8333333333333334,0.783915343915344
16,4,3.0,Subject731,0.6333333333333333,0.539047619047619
16,4,3.0,Subject867,0.7,0.6704051504051504
16,4,4.0,Subject139,0.8333333333333334,0.8119251119251119
16,4,4.0,Subject226,0.6333333333333333,0.5492063492063493
16,4,4.0,Subject424,0.6333333333333333,0.6042531542531542
16,4,4.0,Subject729,0.85,0.8008465608465609
16,4,4.0,Subject731,0.6333333333333333,0.539047619047619
16,4,4.0,Subject867,0.6666666666666666,0.6311111111111111
16,4,6.0,Subject139,0.8333333333333334,0.8095441595441595
16,4,6.0,Subject226,0.6333333333333333,0.5492063492063493
16,4,6.0,Subject424,0.65,0.6004436304436305
16,4,6.0,Subject729,0.8833333333333333,0.8484848484848485
16,4,6.0,Subject731,0.6333333333333333,0.539047619047619
16,4,6.0,Subject867,0.7,0.6623628223628224
16,4,8.0,Subject139,0.8333333333333334,0.8137566137566137
16,4,8.0,Subject226,0.6333333333333333,0.5492063492063493
16,4,8.0,Subject424,0.65,0.5995970695970697
16,4,8.0,Subject729,0.8833333333333333,0.8484848484848485
16,4,8.0,Subject731,0.6333333333333333,0.5415873015873015
16,4,8.0,Subject867,0.7333333333333333,0.6980952380952381
16,4,10.0,Subject139,0.8166666666666667,0.794094424094424
16,4,10.0,Subject226,0.6333333333333333,0.5492063492063493
16,4,10.0,Subject424,0.6333333333333333,0.5941269841269841
16,4,10.0,Subject729,0.8833333333333333,0.8484848484848485
16,4,10.0,Subject731,0.6333333333333333,0.5415873015873015
16,4,10.0,Subject867,0.7333333333333333,0.6978306878306878
16,4,15.0,Subject139,0.8166666666666667,0.794094424094424
16,4,15.0,Subject226,0.6333333333333333,0.5492063492063493
16,4,15.0,Subject424,0.6333333333333333,0.5959991859991861
16,4,15.0,Subject729,0.8833333333333333,0.8484848484848485
16,4,15.0,Subject731,0.6,0.5136507936507936
16,4,15.0,Subject867,0.75,0.7074277574277574
16,4,inf,Subject139,0.8166666666666667,0.794094424094424
16,4,inf,Subject226,0.6333333333333333,0.5492063492063493
16,4,inf,Subject424,0.6333333333333333,0.5959991859991861
16,4,inf,Subject729,0.8833333333333333,0.8541798941798944
16,4,inf,Subject731,0.6,0.5136507936507936
16,4,inf,Subject867,0.7666666666666667,0.7185388685388685
16,8,2.0,Subject139,0.8,0.7652776852776854
16,8,2.0,Subject226,0.7666666666666667,0.7155555555555555
16,8,2.0,Subject424,0.8333333333333334,0.7902837902837903
16,8,2.0,Subject729,0.9,0.8775132275132276
16,8,2.0,Subject731,0.6333333333333333,0.5892063492063493
16,8,2.0,Subject867,0.7833333333333333,0.7703703703703705
16,8,3.0,Subject139,0.8166666666666667,0.7953631553631555
16,8,3.0,Subject226,0.8,0.7444444444444446
16,8,3.0,Subject424,0.8166666666666667,0.7733525733525733
16,8,3.0,Subject729,0.8833333333333333,0.8605820105820104
16,8,3.0,Subject731,0.6333333333333333,0.5701587301587302
16,8,3.0,Subject867,0.7666666666666667,0.7476190476190477
16,8,4.0,Subject139,0.8333333333333334,0.8093314093314095
16,8,4.0,Subject226,0.7666666666666667,0.7155555555555556
16,8,4.0,Subject424,0.7833333333333333,0.7388552188552189
16,8,4.0,Subject729,0.9,0.8741462241462241
16,8,4.0,Subject731,0.7,0.6234920634920635
16,8,4.0,Subject867,0.75,0.730952380952381
16,8,6.0,Subject139,0.8333333333333334,0.8171813371813372
16,8,6.0,Subject226,0.7333333333333333,0.675873015873016
16,8,6.0,Subject424,0.8,0.7589417989417989
16,8,6.0,Subject729,0.9,0.8741462241462241
16,8,6.0,Subject731,0.7333333333333333,0.6812698412698414
16,8,6.0,Subject867,0.7666666666666667,0.7478835978835979
16,8,8.0,Subject139,0.8166666666666667,0.7953631553631555
16,8,8.0,Subject226,0.7333333333333333,0.675873015873016
16,8,8.0,Subject424,0.7833333333333333,0.7422751322751323
16,8,8.0,Subject729,0.9,0.8775132275132276
16,8,8.0,Subject731,0.7333333333333333,0.6812698412698414
16,8,8.0,Subject867,0.7833333333333333,0.7606349206349207
16,8,10.0,Subject139,0.8,0.7767388167388167
16,8,10.0,Subject226,0.7333333333333333,0.675873015873016
16,8,10.0,Subject424,0.8,0.7566859066859066
16,8,10.0,Subject729,0.9166666666666666,0.8941798941798942
16,8,10.0,Subject731,0.7666666666666667,0.7346031746031746
16,8,10.0,Subject867,0.8,0.7733333333333333
16,8,15.0,Subject139,0.8166666666666667,0.7974603174603173
16,8,15.0,Subject226,0.7666666666666667,0.7155555555555556
16,8,15.0,Subject424,0.8,0.7566859066859066
16,8,15.0,Subject729,0.9166666666666666,0.8941798941798942
16,8,15.0,Subject731,0.7666666666666667,0.7346031746031746
16,8,15.0,Subject867,0.8,0.7733333333333333
16,8,inf,Subject139,0.8666666666666667,0.8605291005291006
16,8,inf,Subject226,0.8,0.7444444444444446
16,8,inf,Subject424,0.8,0.7566859066859066
16,8,inf,Subject729,0.9166666666666666,0.8941798941798942
16,8,inf,Subject731,0.7333333333333333,0.7066666666666668
16,8,inf,Subject867,0.8,0.7733333333333333
16,17,2.0,Subject139,0.8833333333333333,0.8605483405483406
16,17,2.0,Subject226,0.8,0.7711111111111112
16,17,2.0,Subject424,0.85,0.8243578643578644
16,17,2.0,Subject729,0.95,0.9492063492063493
16,17,2.0,Subject731,0.6666666666666666,0.6434920634920634
16,17,2.0,Subject867,0.8,0.7773737373737374
16,17,3.0,Subject139,0.9333333333333333,0.9293650793650794
16,17,3.0,Subject226,0.7333333333333333,0.6844444444444446
16,17,3.0,Subject424,0.8333333333333334,0.8136507936507937
16,17,3.0,Subject729,0.95,0.9460317460317461
16,17,3.0,Subject731,0.7,0.6625396825396825
16,17,3.0,Subject867,0.8333333333333334,0.8186243386243387
16,17,4.0,Subject139,0.95,0.9460317460317461
16,17,4.0,Subject226,0.7666666666666667,0.7177777777777778
16,17,4.0,Subject424,0.8666666666666667,0.8455026455026455
16,17,4.0,Subject729,0.95,0.9460317460317461
16,17,4.0,Subject731,0.7333333333333333,0.7133333333333333
16,17,4.0,Subject867,0.8166666666666667,0.8022222222222222
16,17,6.0,Subject139,0.95,0.9460317460317461
16,17,6.0,Subject226,0.7333333333333333,0.6892063492063494
16,17,6.0,Subject424,0.85,0.8306878306878307
16,17,6.0,Subject729,0.95,0.9460317460317461
16,17,6.0,Subject731,0.8,0.7733333333333334
16,17,6.0,Subject867,0.8166666666666667,0.791957671957672
16,17,8.0,Subject139,0.95,0.9492063492063493
16,17,8.0,Subject226,0.7666666666666667,0.7247619047619049
16,17,8.0,Subject424,0.8666666666666667,0.8486772486772487
16,17,8.0,Subject729,0.95,0.9460317460317461
16,17,8.0,Subject731,0.8,0.7733333333333334
16,17,8.0,Subject867,0.8166666666666667,0.791957671957672
16,17,10.0,Subject139,0.95,0.9492063492063493
16,17,10.0,Subject226,0.7666666666666667,0.7247619047619049
16,17,10.0,Subject424,0.85,0.8320105820105821
16,17,10.0,Subject729,0.95,0.9460317460317461
16,17,10.0,Subject731,0.8,0.7733333333333334
16,17,10.0,Subject867,0.85,0.8275132275132275
16,17,15.0,Subject139,0.95,0.9492063492063493
16,17,15.0,Subject226,0.7666666666666667,0.7203174603174602
16,17,15.0,Subject424,0.85,0.8300529100529102
16,17,15.0,Subject729,0.95,0.9460317460317461
16,17,15.0,Subject731,0.8,0.7755555555555556
16,17,15.0,Subject867,0.85,0.8275132275132275
16,17,inf,Subject139,0.9666666666666667,0.9661375661375663
16,17,inf,Subject226,0.7666666666666667,0.7155555555555556
16,17,inf,Subject424,0.85,0.8300529100529102
16,17,inf,Subject729,0.95,0.9475132275132275
16,17,inf,Subject731,0.7666666666666667,0.74
16,17,inf,Subject867,0.8666666666666667,0.8541798941798943
17,2,2.0,Subject147,0.7419354838709677,0.6755555555555556
17,2,2.0,Subject352,0.6,0.5555555555555556
17,2,2.0,Subject376,0.65,0.6084271284271285
17,2,2.0,Subject494,0.5,0.43111111111111106
17,2,2.0,Subject741,0.7,0.6406216006216006
17,2,2.0,Subject819,0.6166666666666667,0.5837614237614237
17,2,3.0,Subject147,0.7419354838709677,0.6755555555555556
17,2,3.0,Subject352,0.6666666666666666,0.6311111111111111
17,2,3.0,Subject376,0.6666666666666666,0.6229100529100529
17,2,3.0,Subject494,0.5,0.44211057947900056
17,2,3.0,Subject741,0.7,0.6332141932141933
17,2,3.0,Subject819,0.7,0.6516546416546416
17,2,4.0,Subject147,0.7419354838709677,0.6755555555555556
17,2,4.0,Subject352,0.6333333333333333,0.5777777777777778
17,2,4.0,Subject376,0.6833333333333333,0.642977392977393
17,2,4.0,Subject494,0.43333333333333335,0.3788888888888889
17,2,4.0,Subject741,0.65,0.6001346801346801
17,2,4.0,Subject819,0.6833333333333333,0.6347678247678249
17,2,6.0,Subject147,0.7741935483870968,0.711111111111111
17,2,6.0,Subject352,0.6666666666666666,0.6
17,2,6.0,Subject376,0.7,0.6749350649350649
17,2,6.0,Subject494,0.4666666666666667,0.4233333333333334
17,2,6.0,Subject741,0.6,0.534083694083694
17,2,6.0,Subject819,0.6833333333333333,0.6473785473785475
17,2,8.0,Subject147,0.7741935483870968,0.7092063492063493
17,2,8.0,Subject352,0.6666666666666666,0.6
17,2,8.0,Subject376,0.7,0.6714285714285714
17,2,8.0,Subject494,0.45,0.4119489007724303
17,2,8.0,Subject741,0.6,0.5356998556998557
17,2,8.0,Subject819,0.7166666666666667,0.6764309764309764
17,2,10.0,Subject147,0.7741935483870968,0.7092063492063493
17,2,10.0,Subject352,0.6666666666666666,0.6
17,2,10.0,Subject376,0.7333333333333333,0.7138095238095238
17,2,10.0,Subject494,0.4,0.36015151515151517
17,2,10.0,Subject741,0.6,0.5316594516594517
17,2,10.0,Subject819,0.7,0.6650741850741851
17,2,15.0,Subject147,0.7741935483870968,0.7092063492063493
17,2,15.0,Subject352,0.6666666666666666,0.6
17,2,15.0,Subject376,0.7166666666666667,0.6948677248677249
17,2,15.0,Subject494,0.43333333333333335,0.3861287949523244
17,2,15.0,Subject741,0.6333333333333333,0.5616546416546415
17,2,15.0,Subject819,0.7,0.6464550264550264
17,2,inf,Subject147,0.7741935483870968,0.7092063492063493
17,2,inf,Subject352,0.6666666666666666,0.6
17,2,inf,Subject376,0.7333333333333333,0.7107407407407408
17,2,inf,Subject494,0.45,0.4176439464674758
17,2,inf,Subject741,0.6333333333333333,0.5616546416546415
17,2,inf,Subject819,0.7,0.6464550264550264
17,4,2.0,Subject147,0.7741935483870968,0.7444444444444446
17,4,2.0,Subject352,0.7666666666666667,0.7555555555555554
17,4,2.0,Subject376,0.7,0.6706156806156807
17,4,2.0,Subject494,0.5333333333333333,0.45062909799751905
17,4,2.0,Subject741,0.7333333333333333,0.6740607540607542
17,4,2.0,Subject819,0.8333333333333334,0.7849927849927849
17,4,3.0,Subject147,0.8064516129032258,0.7777777777777779
17,4,3.0,Subject352,0.7333333333333333,0.7200000000000001
17,4,3.0,Subject376,0.6833333333333333,0.6551515151515152
17,4,3.0,Subject494,0.5333333333333333,0.4676998050682261
17,4,3.0,Subject741,0.6666666666666666,0.6056565656565657
17,4,3.0,Subject819,0.85,0.795998075998076
17,4,4.0,Subject147,0.8064516129032258,0.7777777777777779
17,4,4.0,Subject352,0.7666666666666667,0.7555555555555554
17,4,4.0,Subject376,0.7,0.6714478114478115
17,4,4.0,Subject494,0.45,0.3621885521885522
17,4,4.0,Subject741,0.65,0.5955940355940357
17,4,4.0,Subject819,0.8666666666666667,0.8144107744107744
17,4,6.0,Subject147,0.7741935483870968,0.7358730158730159
17,4,6.0,Subject352,0.8,0.7777777777777778
17,4,6.0,Subject376,0.6833333333333333,0.6725589225589226
17,4,6.0,Subject494,0.45,0.37523809523809526
17,4,6.0,Subject741,0.6166666666666667,0.5398778998778998
17,4,6.0,Subject819,0.8833333333333333,0.845925925925926
17,4,8.0,Subject147,0.7741935483870968,0.7358730158730159
17,4,8.0,Subject352,0.8,0.7777777777777778
17,4,8.0,Subject376,0.75,0.7309331409331411
17,4,8.0,Subject494,0.45,0.36682539682539683
17,4,8.0,Subject741,0.6,0.5225974025974026
17,4,8.0,Subject819,0.8833333333333333,0.8470033670033671
17,4,10.0,Subject147,0.7741935483870968,0.7358730158730159
17,4,10.0,Subject352,0.8,0.7777777777777778
17,4,10.0,Subject376,0.7666666666666667,0.7561183261183262
17,4,10.0,Subject494,0.43333333333333335,0.3477777777777778
17,4,10.0,Subject741,0.6,0.5225974025974026
17,4,10.0,Subject819,0.8833333333333333,0.8470033670033671
17,4,15.0,Subject147,0.7741935483870968,0.7311111111111112
17,4,15.0,Subject352,0.7666666666666667,0.7422222222222222
17,4,15.0,Subject376,0.7666666666666667,0.7561183261183262
17,4,15.0,Subject494,0.4166666666666667,0.3188888888888889
17,4,15.0,Subject741,0.6,0.522020202020202
17,4,15.0,Subject819,0.8666666666666667,0.8300721500721501
17,4,inf,Subject147,0.7741935483870968,0.7311111111111112
17,4,inf,Subject352,0.7666666666666667,0.7422222222222222
17,4,inf,Subject376,0.7666666666666667,0.7561183261183262
17,4,inf,Subject494,0.4166666666666667,0.3202923976608187
17,4,inf,Subject741,0.6,0.522020202020202
17,4,inf,Subject819,0.8666666666666667,0.8300721500721501
17,8,2.0,Subject147,0.7741935483870968,0.7425396825396826
17,8,2.0,Subject352,0.8333333333333334,0.8200000000000001
17,8,2.0,Subject376,0.7333333333333333,0.7030687830687831
17,8,2.0,Subject494,0.5166666666666667,0.43859927596769704
17,8,2.0,Subject741,0.8166666666666667,0.7903367003367004
17,8,2.0,Subject819,0.8166666666666667,0.7985906685906686
17,8,3.0,Subject147,0.8387096774193549,0.8288888888888889
17,8,3.0,Subject352,0.8,0.7911111111111111
17,8,3.0,Subject376,0.7166666666666667,0.6718518518518518
17,8,3.0,Subject494,0.48333333333333334,0.39946618683460783
17,8,3.0,Subject741,0.7666666666666667,0.7362626262626262
17,8,3.0,Subject819,0.85,0.8333718133718135
17,8,4.0,Subject147,0.8064516129032258,0.7803174603174603
17,8,4.0,Subject352,0.7666666666666667,0.7644444444444445
17,8,4.0,Subject376,0.7166666666666667,0.6694179894179894
17,8,4.0,Subject494,0.4166666666666667,0.31134310134310134
17,8,4.0,Subject741,0.75,0.7136363636363636
17,8,4.0,Subject819,0.85,0.8333718133718135
17,8,6.0,Subject147,0.8387096774193549,0.8158730158730159
17,8,6.0,Subject352,0.8,0.7866666666666666
17,8,6.0,Subject376,0.7166666666666667,0.6614814814814814
17,8,6.0,Subject494,0.4,0.3009671614934773
17,8,6.0,Subject741,0.7166666666666667,0.658855218855219
17,8,6.0,Subject819,0.85,0.8247619047619047
17,8,8.0,Subject147,0.8387096774193549,0.8158730158730159
17,8,8.0,Subject352,0.8,0.7866666666666666
17,8,8.0,Subject376,0.75,0.7118518518518518
17,8,8.0,Subject494,0.38333333333333336,0.2826984126984127
17,8,8.0,Subject741,0.7166666666666667,0.658855218855219
17,8,8.0,Subject819,0.85,0.8247619047619047
17,8,10.0,Subject147,0.8387096774193549,0.8158730158730159
17,8,10.0,Subject352,0.8,0.7866666666666666
17,8,10.0,Subject376,0.7666666666666667,0.745998075998076
17,8,10.0,Subject494,0.38333333333333336,0.30123617123617125
17,8,10.0,Subject741,0.7,0.6421548821548823
17,8,10.0,Subject819,0.8666666666666667,0.8554689754689754
17,8,15.0,Subject147,0.8387096774193549,0.8158730158730159
17,8,15.0,Subject352,0.8,0.7866666666666666
17,8,15.0,Subject376,0.75,0.7281673881673882
17,8,15.0,Subject494,0.4,0.29322169059011166
17,8,15.0,Subject741,0.7,0.6421548821548823
17,8,15.0,Subject819,0.8833333333333333,0.8603174603174603
17,8,inf,Subject147,0.8387096774193549,0.8158730158730159
17,8,inf,Subject352,0.8,0.7866666666666666
17,8,inf,Subject376,0.75,0.7281673881673882
17,8,inf,Subject494,0.4,0.314040404040404
17,8,inf,Subject741,0.7,0.6421548821548823
17,8,inf,Subject819,0.8833333333333333,0.8603174603174603
17,17,2.0,Subject147,0.8387096774193549,0.8066666666666668
17,17,2.0,Subject352,0.8,0.7911111111111111
17,17,2.0,Subject376,0.8333333333333334,0.8227176527176527
17,17,2.0,Subject494,0.6333333333333333,0.5657785134255723
17,17,2.0,Subject741,0.8666666666666667,0.8563492063492064
17,17,2.0,Subject819,0.8666666666666667,0.8579894179894182
17,17,3.0,Subject147,0.8387096774193549,0.808888888888889
17,17,3.0,Subject352,0.7666666666666667,0.7644444444444445
17,17,3.0,Subject376,0.8166666666666667,0.805046805046805
17,17,3.0,Subject494,0.6333333333333333,0.5935418611889199
17,17,3.0,Subject741,0.8833333333333333,0.8734391534391536
17,17,3.0,Subject819,0.9,0.8955555555555555
17,17,4.0,Subject147,0.8387096774193549,0.808888888888889
17,17,4.0,Subject352,0.7666666666666667,0.7533333333333333
17,17,4.0,Subject376,0.8333333333333334,0.8288888888888888
17,17,4.0,Subject494,0.5333333333333333,0.4611224287694876
17,17,4.0,Subject741,0.8166666666666667,0.8019432419432418
17,17,4.0,Subject819,0.9,0.8972486772486773
17,17,6.0,Subject147,0.8387096774193549,0.8088888888888889
17,17,6.0,Subject352,0.8,0.7866666666666666
17,17,6.0,Subject376,0.8833333333333333,0.8774795574795573
17,17,6.0,Subject494,0.55,0.4703816880287468
17,17,6.0,Subject741,0.8,0.7824531024531025
17,17,6.0,Subject819,0.9166666666666666,0.9147089947089948
17,17,8.0,Subject147,0.8387096774193549,0.8088888888888889
17,17,8.0,Subject352,0.8,0.7866666666666666
17,17,8.0,Subject376,0.8833333333333333,0.8774795574795573
17,17,8.0,Subject494,0.55,0.4703816880287468
17,17,8.0,Subject741,0.8166666666666667,0.8000673400673403
17,17,8.0,Subject819,0.9333333333333333,0.9316402116402116
17,17,10.0,Subject147,0.8387096774193549,0.8088888888888889
17,17,10.0,Subject352,0.8,0.7866666666666666
17,17,10.0,Subject376,0.8666666666666667,0.8626647426647426
17,17,10.0,Subject494,0.5666666666666667,0.48667798432504306
17,17,10.0,Subject741,0.8166666666666667,0.7995574795574796
17,17,10.0,Subject819,0.9333333333333333,0.9316402116402116
17,17,15.0,Subject147,0.8709677419354839,0.8444444444444444
17,17,15.0,Subject352,0.8,0.7866666666666666
17,17,15.0,Subject376,0.8666666666666667,0.8642520442520443
17,17,15.0,Subject494,0.6,0.525465863112922
17,17,15.0,Subject741,0.85,0.8341798941798942
17,17,15.0,Subject819,0.9166666666666666,0.913015873015873
17,17,inf,Subject147,0.8709677419354839,0.8444444444444444
17,17,inf,Subject352,0.8,0.7866666666666666
17,17,inf,Subject376,0.85,0.8475853775853776
17,17,inf,Subject494,0.6,0.525465863112922
17,17,inf,Subject741,0.85,0.8341798941798942
17,17,inf,Subject819,0.9166666666666666,0.913015873015873
18,2,2.0,Subject139,0.8333333333333334,0.805046805046805
18,2,2.0,Subject226,0.7,0.6177777777777779
18,2,2.0,Subject455,0.7666666666666667,0.7312169312169312
18,2,2.0,Subject867,0.7,0.665993265993266
18,2,2.0,Subject890,0.5666666666666667,0.5092063492063492
18,2,2.0,Subject969,0.6,0.5203174603174603
18,2,3.0,Subject139,0.8666666666666667,0.8463166463166463
18,2,3.0,Subject226,0.7,0.6158730158730159
18,2,3.0,Subject455,0.75,0.7176719576719577
18,2,3.0,Subject867,0.7166666666666667,0.6808609908609908
18,2,3.0,Subject890,0.43333333333333335,0.33904761904761904
18,2,3.0,Subject969,0.6333333333333333,0.5533333333333333
18,2,4.0,Subject139,0.8666666666666667,0.8455229955229954
18,2,4.0,Subject226,0.7,0.6158730158730159
18,2,4.0,Subject455,0.7666666666666667,0.7326984126984128
18,2,4.0,Subject867,0.6666666666666666,0.6445502645502645
18,2,4.0,Subject890,0.4666666666666667,0.38666666666666666
18,2,4.0,Subject969,0.6333333333333333,0.5666666666666667
18,2,6.0,Subject139,0.8333333333333334,0.8102319902319902
18,2,6.0,Subject226,0.6666666666666666,0.586984126984127
18,2,6.0,Subject455,0.7666666666666667,0.7326984126984128
18,2,6.0,Subject867,0.7,0.665993265993266
18,2,6.0,Subject890,0.5,0.41333333333333333
18,2,6.0,Subject969,0.6333333333333333,0.5603174603174603
18,2,8.0,Subject139,0.85,0.826018426018426
18,2,8.0,Subject226,0.6666666666666666,0.586984126984127
18,2,8.0,Subject455,0.75,0.7068398268398269
18,2,8.0,Subject867,0.6833333333333333,0.6540740740740741
18,2,8.0,Subject890,0.5333333333333333,0.4358730158730158
18,2,8.0,Subject969,0.6,0.526984126984127
18,2,10.0,Subject139,0.85,0.8233200133200133
18,2,10.0,Subject226,0.7,0.611111111111111
18,2,10.0,Subject455,0.7666666666666667,0.7182683982683983
18,2,10.0,Subject867,0.7166666666666667,0.688994708994709
18,2,10.0,Subject890,0.5333333333333333,0.4444444444444444
18,2,10.0,Subject969,0.6,0.526984126984127
18,2,15.0,Subject139,0.8833333333333333,0.8768253968253968
18,2,15.0,Subject226,0.7333333333333333,0.64
18,2,15.0,Subject455,0.7666666666666667,0.7326984126984128
18,2,15.0,Subject867,0.7333333333333333,0.7060990860990862
18,2,15.0,Subject890,0.5333333333333333,0.4444444444444444
18,2,15.0,Subject969,0.5666666666666667,0.5111111111111111
18,2,inf,Subject139,0.85,0.8268986568986568
18,2,inf,Subject226,0.7666666666666667,0.6977777777777777
18,2,inf,Subject455,0.7666666666666667,0.7326984126984128
18,2,inf,Subject867,0.7666666666666667,0.7367195767195767
18,2,inf,Subject890,0.5333333333333333,0.45015873015873015
18,2,inf,Subject969,0.5666666666666667,0.5111111111111111
18,4,2.0,Subject139,0.9166666666666666,0.8941798941798942
18,4,2.0,Subject226,0.7666666666666667,0.7111111111111111
18,4,2.0,Subject455,0.8333333333333334,0.8149206349206348
18,4,2.0,Subject867,0.8166666666666667,0.7985185185185184
18,4,2.0,Subject890,0.7,0.6577777777777777
18,4,2.0,Subject969,0.7,0.6590476190476191
18,4,3.0,Subject139,0.8666666666666667,0.8497354497354497
18,4,3.0,Subject226,0.7666666666666667,0.7066666666666668
18,4,3.0,Subject455,0.8166666666666667,0.7993650793650794
18,4,3.0,Subject867,0.8166666666666667,0.7985185185185184
18,4,3.0,Subject890,0.6333333333333333,0.5622222222222223
18,4,3.0,Subject969,0.6666666666666666,0.6457142857142857
18,4,4.0,Subject139,0.8666666666666667,0.8497354497354497
18,4,4.0,Subject226,0.7333333333333333,0.6933333333333334
18,4,4.0,Subject455,0.85,0.8317460317460317
18,4,4.0,Subject867,0.7666666666666667,0.7422222222222223
18,4,4.0,Subject890,0.6666666666666666,0.5892063492063493
18,4,4.0,Subject969,0.6666666666666666,0.6457142857142857
18,4,6.0,Subject139,0.8666666666666667,0.8497354497354497
18,4,6.0,Subject226,0.7333333333333333,0.7
18,4,6.0,Subject455,0.8666666666666667,0.8563492063492063
18,4,6.0,Subject867,0.7666666666666667,0.7437037037037038
18,4,6.0,Subject890,0.7,0.6225396825396826
18,4,6.0,Subject969,0.5666666666666667,0.55
18,4,8.0,Subject139,0.8833333333333333,0.8764021164021165
18,4,8.0,Subject226,0.7333333333333333,0.6911111111111111
18,4,8.0,Subject455,0.85,0.8373015873015872
18,4,8.0,Subject867,0.8166666666666667,0.7925925925925926
18,4,8.0,Subject890,0.7333333333333333,0.6580952380952382
18,4,8.0,Subject969,0.5333333333333333,0.5125925925925926
18,4,10.0,Subject139,0.8833333333333333,0.8764021164021165
18,4,10.0,Subject226,0.7666666666666667,0.7200000000000001
18,4,10.0,Subject455,0.85,0.8373015873015872
18,4,10.0,Subject867,0.8333333333333334,0.8162962962962964
18,4,10.0,Subject890,0.7333333333333333,0.6555555555555554
18,4,10.0,Subject969,0.5666666666666667,0.548148148148148
18,4,15.0,Subject139,0.8833333333333333,0.8764021164021165
18,4,15.0,Subject226,0.7666666666666667,0.7200000000000001
18,4,15.0,Subject455,0.85,0.8317460317460317
18,4,15.0,Subject867,0.8,0.7610774410774411
18,4,15.0,Subject890,0.7333333333333333,0.6555555555555554
18,4,15.0,Subject969,0.5666666666666667,0.548148148148148
18,4,inf,Subject139,0.8666666666666667,0.8463166463166463
18,4,inf,Subject226,0.7666666666666667,0.7200000000000001
18,4,inf,Subject455,0.85,0.8317460317460317
18,4,inf,Subject867,0.8166666666666667,0.7925925925925926
18,4,inf,Subject890,0.7333333333333333,0.6580952380952382
18,4,inf,Subject969,0.6,0.56
18,8,2.0,Subject139,0.9333333333333333,0.9322751322751324
18,8,2.0,Subject226,0.7,0.6444444444444444
18,8,2.0,Subject455,0.9,0.8753631553631553
18,8,2.0,Subject867,0.7166666666666667,0.6592592592592592
18,8,2.0,Subject890,0.7666666666666667,0.6977777777777778
18,8,2.0,Subject969,0.7,0.6377777777777778
18,8,3.0,Subject139,0.9166666666666666,0.9153439153439155
18,8,3.0,Subject226,0.7333333333333333,0.6844444444444445
18,8,3.0,Subject455,0.9,0.8846560846560847
18,8,3.0,Subject867,0.7333333333333333,0.6778835978835979
18,8,3.0,Subject890,0.7,0.62
18,8,3.0,Subject969,0.7333333333333333,0.6892063492063493
18,8,4.0,Subject139,0.9333333333333333,0.9322751322751323
18,8,4.0,Subject226,0.7,0.6555555555555554
18,8,4.0,Subject455,0.9,0.8846560846560847
18,8,4.0,Subject867,0.7166666666666667,0.6452910052910052
18,8,4.0,Subject890,0.7,0.6155555555555556
18,8,4.0,Subject969,0.6666666666666666,0.6311111111111111
18,8,6.0,Subject139,0.9,0.8994708994708996
18,8,6.0,Subject226,0.6666666666666666,0.6158730158730158
18,8,6.0,Subject455,0.9,0.8846560846560847
18,8,6.0,Subject867,0.7,0.6266666666666666
18,8,6.0,Subject890,0.7,0.6225396825396826
18,8,6.0,Subject969,0.6666666666666666,0.6288888888888889
18,8,8.0,Subject139,0.9166666666666666,0.9153439153439155
18,8,8.0,Subject226,0.6666666666666666,0.6158730158730158
18,8,8.0,Subject455,0.8833333333333333,0.867989417989418
18,8,8.0,Subject867,0.6833333333333333,0.6103703703703703
18,8,8.0,Subject890,0.7,0.6225396825396826
18,8,8.0,Subject969,0.6666666666666666,0.6251851851851852
18,8,10.0,Subject139,0.9,0.8967195767195767
18,8,10.0,Subject226,0.6666666666666666,0.6158730158730158
18,8,10.0,Subject455,0.9,0.8976190476190475
18,8,10.0,Subject867,0.7166666666666667,0.6463684463684464
18,8,10.0,Subject890,0.7,0.626984126984127
18,8,10.0,Subject969,0.7,0.6511111111111111
18,8,15.0,Subject139,0.9166666666666666,0.9136507936507936
18,8,15.0,Subject226,0.7,0.6555555555555554
18,8,15.0,Subject455,0.8833333333333333,0.8846764346764346
18,8,15.0,Subject867,0.7333333333333333,0.6804425204425204
18,8,15.0,Subject890,0.7,0.626984126984127
18,8,15.0,Subject969,0.7333333333333333,0.6733333333333333
18,8,inf,Subject139,0.9333333333333333,0.9311111111111111
18,8,inf,Subject226,0.7,0.6555555555555554
18,8,inf,Subject455,0.8666666666666667,0.8653642653642654
18,8,inf,Subject867,0.75,0.6973737373737373
18,8,inf,Subject890,0.7333333333333333,0.6555555555555554
18,8,inf,Subject969,0.7,0.6474074074074074
18,17,2.0,Subject139,0.85,0.8247619047619049
18,17,2.0,Subject226,0.8666666666666667,0.8177777777777778
18,17,2.0,Subject455,0.9,0.8972486772486773
18,17,2.0,Subject867,0.7,0.6533333333333332
18,17,2.0,Subject890,0.8666666666666667,0.84
18,17,2.0,Subject969,0.7666666666666667,0.7447619047619048
18,17,3.0,Subject139,0.9,0.891024531024531
18,17,3.0,Subject226,0.8666666666666667,0.8177777777777778
18,17,3.0,Subject455,0.9166666666666666,0.9083597883597885
18,17,3.0,Subject867,0.7166666666666667,0.669206349206349
18,17,3.0,Subject890,0.8333333333333334,0.7977777777777778
18,17,3.0,Subject969,0.7666666666666667,0.7225396825396826
18,17,4.0,Subject139,0.8666666666666667,0.8616931216931217
18,17,4.0,Subject226,0.8666666666666667,0.8177777777777778
18,17,4.0,Subject455,0.9166666666666666,0.9083597883597885
18,17,4.0,Subject867,0.7166666666666667,0.669206349206349
18,17,4.0,Subject890,0.8333333333333334,0.7977777777777778
18,17,4.0,Subject969,0.7666666666666667,0.7311111111111112
18,17,6.0,Subject139,0.85,0.8458201058201059
18,17,6.0,Subject226,0.8333333333333334,0.7888888888888889
18,17,6.0,Subject455,0.9,0.8924867724867727
18,17,6.0,Subject867,0.7166666666666667,0.669206349206349
18,17,6.0,Subject890,0.8666666666666667,0.8333333333333334
18,17,6.0,Subject969,0.7333333333333333,0.6733333333333333
18,17,8.0,Subject139,0.9,0.8977777777777779
18,17,8.0,Subject226,0.8333333333333334,0.7888888888888889
18,17,8.0,Subject455,0.9,0.8924867724867727
18,17,8.0,Subject867,0.75,0.703068783068783
18,17,8.0,Subject890,0.8666666666666667,0.8333333333333334
18,17,8.0,Subject969,0.7666666666666667,0.7225396825396826
18,17,10.0,Subject139,0.9166666666666666,0.9156084656084658
18,17,10.0,Subject226,0.8333333333333334,0.7888888888888889
18,17,10.0,Subject455,0.8833333333333333,0.8685906685906686
18,17,10.0,Subject867,0.75,0.7030687830687831
18,17,10.0,Subject890,0.8666666666666667,0.8333333333333334
18,17,10.0,Subject969,0.7333333333333333,0.6733333333333333
18,17,15.0,Subject139,0.9333333333333333,0.9305820105820107
18,17,15.0,Subject226,0.8333333333333334,0.7888888888888889
18,17,15.0,Subject455,0.8833333333333333,0.8685906685906686
18,17,15.0,Subject867,0.7666666666666667,0.72
18,17,15.0,Subject890,0.8666666666666667,0.8333333333333334
18,17,15.0,Subject969,0.7333333333333333,0.7051851851851851
18,17,inf,Subject139,0.9333333333333333,0.9305820105820107
18,17,inf,Subject226,0.8333333333333334,0.7888888888888889
18,17,inf,Subject455,0.8833333333333333,0.8685906685906686
18,17,inf,Subject867,0.7666666666666667,0.72
18,17,inf,Subject890,0.8666666666666667,0.8333333333333334
18,17,inf,Subject969,0.7333333333333333,0.7051851851851851
19,2,2.0,Subject147,0.7096774193548387,0.6447619047619048
19,2,2.0,Subject354,0.7666666666666667,0.7505483405483404
19,2,2.0,Subject494,0.6333333333333333,0.5706318082788672
19,2,2.0,Subject729,0.7,0.6427320827320828
19,2,2.0,Subject731,0.6,0.5343915343915344
19,2,2.0,Subject890,0.7,0.6377777777777779
19,2,3.0,Subject147,0.7096774193548387,0.6444444444444444
19,2,3.0,Subject354,0.8166666666666667,0.8030014430014429
19,2,3.0,Subject494,0.55,0.4653367003367004
19,2,3.0,Subject729,0.7,0.6378835978835979
19,2,3.0,Subject731,0.5666666666666667,0.5051851851851852
19,2,3.0,Subject890,0.7,0.6447619047619048
19,2,4.0,Subject147,0.7419354838709677,0.68
19,2,4.0,Subject354,0.7833333333333333,0.761096681096681
19,2,4.0,Subject494,0.5,0.42740740740740735
19,2,4.0,Subject729,0.7,0.6362289562289563
19,2,4.0,Subject731,0.5666666666666667,0.5051851851851852
19,2,4.0,Subject890,0.7,0.6422222222222221
19,2,6.0,Subject147,0.7419354838709677,0.6844444444444445
19,2,6.0,Subject354,0.7166666666666667,0.6759403559403558
19,2,6.0,Subject494,0.48333333333333334,0.39703703703703713
19,2,6.0,Subject729,0.7166666666666667,0.6607792207792208
19,2,6.0,Subject731,0.6333333333333333,0.5607407407407408
19,2,6.0,Subject890,0.7333333333333333,0.6803174603174604
19,2,8.0,Subject147,0.7419354838709677,0.7022222222222222
19,2,8.0,Subject354,0.7166666666666667,0.6679172679172679
19,2,8.0,Subject494,0.48333333333333334,0.39703703703703713
19,2,8.0,Subject729,0.7,0.6306937506937508
19,2,8.0,Subject731,0.6666666666666666,0.6096296296296297
19,2,8.0,Subject890,0.7333333333333333,0.6803174603174604
19,2,10.0,Subject147,0.7741935483870968,0.7422222222222222
19,2,10.0,Subject354,0.7333333333333333,0.667051467051467
19,2,10.0,Subject494,0.4166666666666667,0.3405291005291005
19,2,10.0,Subject729,0.7333333333333333,0.6668842268842268
19,2,10.0,Subject731,0.6333333333333333,0.5674074074074074
19,2,10.0,Subject890,0.7666666666666667,0.7088888888888889
19,2,15.0,Subject147,0.7741935483870968,0.7377777777777778
19,2,15.0,Subject354,0.75,0.6858548858548857
19,2,15.0,Subject494,0.48333333333333334,0.3792592592592593
19,2,15.0,Subject729,0.75,0.6905686905686906
19,2,15.0,Subject731,0.6666666666666666,0.6096296296296297
19,2,15.0,Subject890,0.7666666666666667,0.7088888888888889
19,2,inf,Subject147,0.7741935483870968,0.7377777777777778
19,2,inf,Subject354,0.7333333333333333,0.6734006734006733
19,2,inf,Subject494,0.48333333333333334,0.3794901394901395
19,2,inf,Subject729,0.7666666666666667,0.7172353572353573
19,2,inf,Subject731,0.6666666666666666,0.6096296296296297
19,2,inf,Subject890,0.7,0.6447619047619048
19,4,2.0,Subject147,0.6774193548387096,0.6066666666666667
19,4,2.0,Subject354,0.8333333333333334,0.8211832611832611
19,4,2.0,Subject494,0.5333333333333333,0.46280423280423283
19,4,2.0,Subject729,0.85,0.8320298220298221
19,4,2.0,Subject731,0.7666666666666667,0.7377777777777778
19,4,2.0,Subject890,0.8333333333333334,0.8088888888888889
19,4,3.0,Subject147,0.6774193548387096,0.6123809523809525
19,4,3.0,Subject354,0.8,0.7582202982202982
19,4,3.0,Subject494,0.5166666666666667,0.44650793650793646
19,4,3.0,Subject729,0.8166666666666667,0.7970370370370371
19,4,3.0,Subject731,0.7666666666666667,0.7269841269841268
19,4,3.0,Subject890,0.8,0.7777777777777778
19,4,4.0,Subject147,0.6774193548387096,0.6123809523809525
19,4,4.0,Subject354,0.8,0.7582202982202982
19,4,4.0,Subject494,0.4666666666666667,0.4081230854915065
19,4,4.0,Subject729,0.8,0.7885185185185186
19,4,4.0,Subject731,0.8666666666666667,0.8380952380952381
19,4,4.0,Subject890,0.7333333333333333,0.6914285714285715
19,4,6.0,Subject147,0.6451612903225806,0.5955555555555557
19,4,6.0,Subject354,0.7666666666666667,0.710846560846561
19,4,6.0,Subject494,0.4666666666666667,0.41034530771372874
19,4,6.0,Subject729,0.8166666666666667,0.8017460317460318
19,4,6.0,Subject731,0.8333333333333334,0.8088888888888889
19,4,6.0,Subject890,0.7666666666666667,0.7177777777777777
19,4,8.0,Subject147,0.6774193548387096,0.6466666666666667
19,4,8.0,Subject354,0.7333333333333333,0.6771043771043771
19,4,8.0,Subject494,0.4666666666666667,0.4081230854915065
19,4,8.0,Subject729,0.8333333333333334,0.8186772486772488
19,4,8.0,Subject731,0.8333333333333334,0.8088888888888889
19,4,8.0,Subject890,0.7666666666666667,0.7177777777777777
19,4,10.0,Subject147,0.7096774193548387,0.6911111111111111
19,4,10.0,Subject354,0.7333333333333333,0.6771043771043771
19,4,10.0,Subject494,0.45,0.4057142857142857
19,4,10.0,Subject729,0.85,0.8368253968253969
19,4,10.0,Subject731,0.8333333333333334,0.8088888888888889
19,4,10.0,Subject890,0.7666666666666667,0.7225396825396826
19,4,15.0,Subject147,0.7096774193548387,0.6911111111111111
19,4,15.0,Subject354,0.7333333333333333,0.6771043771043771
19,4,15.0,Subject494,0.48333333333333334,0.4371707045391256
19,4,15.0,Subject729,0.85,0.8420634920634921
19,4,15.0,Subject731,0.8333333333333334,0.8247619047619049
19,4,15.0,Subject890,0.8,0.7580952380952382
19,4,inf,Subject147,0.7419354838709677,0.7244444444444444
19,4,inf,Subject354,0.7333333333333333,0.6771043771043771
19,4,inf,Subject494,0.5,0.4477527151211362
19,4,inf,Subject729,0.85,0.8370370370370371
19,4,inf,Subject731,0.8,0.7803174603174604
19,4,inf,Subject890,0.8,0.7580952380952382
19,8,2.0,Subject147,0.8064516129032258,0.7733333333333334
19,8,2.0,Subject354,0.9,0.8972486772486773
19,8,2.0,Subject494,0.55,0.4793843193843194
19,8,2.0,Subject729,0.85,0.8440211640211641
19,8,2.0,Subject731,0.7333333333333333,0.708888888888889
19,8,2.0,Subject890,0.8333333333333334,0.808888888888889
19,8,3.0,Subject147,0.8709677419354839,0.8444444444444446
19,8,3.0,Subject354,0.8833333333333333,0.8786243386243388
19,8,3.0,Subject494,0.5,0.4291005291005291
19,8,3.0,Subject729,0.8333333333333334,0.8250264550264551
19,8,3.0,Subject731,0.7666666666666667,0.7358730158730159
19,8,3.0,Subject890,0.7666666666666667,0.7422222222222222
19,8,4.0,Subject147,0.8709677419354839,0.8444444444444446
19,8,4.0,Subject354,0.9333333333333333,0.9308465608465609
19,8,4.0,Subject494,0.4166666666666667,0.3467724867724868
19,8,4.0,Subject729,0.8333333333333334,0.8250264550264551
19,8,4.0,Subject731,0.8333333333333334,0.7866666666666666
19,8,4.0,Subject890,0.7666666666666667,0.7555555555555558
19,8,6.0,Subject147,0.8709677419354839,0.8444444444444444
19,8,6.0,Subject354,0.9166666666666666,0.9122222222222223
19,8,6.0,Subject494,0.4666666666666667,0.38841637665167084
19,8,6.0,Subject729,0.8333333333333334,0.8218518518518519
19,8,6.0,Subject731,0.8666666666666667,0.84
19,8,6.0,Subject890,0.8,0.788888888888889
19,8,8.0,Subject147,0.8709677419354839,0.8444444444444444
19,8,8.0,Subject354,0.9333333333333333,0.9312169312169313
19,8,8.0,Subject494,0.45,0.3827213309566251
19,8,8.0,Subject729,0.85,0.8385185185185187
19,8,8.0,Subject731,0.8666666666666667,0.84
19,8,8.0,Subject890,0.8,0.788888888888889
19,8,10.0,Subject147,0.8709677419354839,0.8444444444444444
19,8,10.0,Subject354,0.9166666666666666,0.9122222222222223
19,8,10.0,Subject494,0.45,0.38959595959595966
19,8,10.0,Subject729,0.8833333333333333,0.8723809523809525
19,8,10.0,Subject731,0.8666666666666667,0.84
19,8,10.0,Subject890,0.8,0.7669841269841271
19,8,15.0,Subject147,0.8709677419354839,0.8444444444444444
19,8,15.0,Subject354,0.9333333333333333,0.9320634920634921
19,8,15.0,Subject494,0.43333333333333335,0.3737758537758538
19,8,15.0,Subject729,0.8833333333333333,0.8723809523809525
19,8,15.0,Subject731,0.9,0.8977777777777778
19,8,15.0,Subject890,0.8,0.7622222222222222
19,8,inf,Subject147,0.8709677419354839,0.8444444444444444
19,8,inf,Subject354,0.9333333333333333,0.9320634920634921
19,8,inf,Subject494,0.43333333333333335,0.3737758537758538
19,8,inf,Subject729,0.8833333333333333,0.8723809523809525
19,8,inf,Subject731,0.8333333333333334,0.8200000000000001
19,8,inf,Subject890,0.8,0.7622222222222222
19,17,2.0,Subject147,0.8064516129032258,0.7955555555555556
19,17,2.0,Subject354,0.9166666666666666,0.9156084656084658
19,17,2.0,Subject494,0.6333333333333333,0.5682732082732083
19,17,2.0,Subject729,0.9166666666666666,0.9125925925925925
19,17,2.0,Subject731,0.7666666666666667,0.7225396825396826
19,17,2.0,Subject890,0.9666666666666667,0.9644444444444444
19,17,3.0,Subject147,0.7741935483870968,0.7666666666666667
19,17,3.0,Subject354,0.95,0.9475132275132275
19,17,3.0,Subject494,0.6166666666666667,0.5356806156806156
19,17,3.0,Subject729,0.9333333333333333,0.9312169312169313
19,17,3.0,Subject731,0.8,0.7511111111111111
19,17,3.0,Subject890,0.9,0.8955555555555555
19,17,4.0,Subject147,0.8387096774193549,0.8311111111111111
19,17,4.0,Subject354,0.9333333333333333,0.9288888888888889
19,17,4.0,Subject494,0.5666666666666667,0.47599807599807603
19,17,4.0,Subject729,0.9166666666666666,0.9125925925925925
19,17,4.0,Subject731,0.8,0.7511111111111111
19,17,4.0,Subject890,0.8666666666666667,0.8622222222222222
19,17,6.0,Subject147,0.8709677419354839,0.8533333333333334
19,17,6.0,Subject354,0.95,0.9475132275132275
19,17,6.0,Subject494,0.5833333333333334,0.5252130325814536
19,17,6.0,Subject729,0.9333333333333333,0.9308465608465609
19,17,6.0,Subject731,0.9,0.8755555555555555
19,17,6.0,Subject890,0.9,0.8888888888888888
19,17,8.0,Subject147,0.8709677419354839,0.8533333333333334
19,17,8.0,Subject354,0.9666666666666667,0.9661375661375663
19,17,8.0,Subject494,0.5333333333333333,0.4523954797639008
19,17,8.0,Subject729,0.9333333333333333,0.9308465608465609
19,17,8.0,Subject731,0.9,0.8755555555555555
19,17,8.0,Subject890,0.8666666666666667,0.8533333333333333
19,17,10.0,Subject147,0.8709677419354839,0.8533333333333334
19,17,10.0,Subject354,0.95,0.9492063492063493
19,17,10.0,Subject494,0.5166666666666667,0.4650176838412133
19,17,10.0,Subject729,0.9333333333333333,0.9308465608465609
19,17,10.0,Subject731,0.8666666666666667,0.8444444444444446
19,17,10.0,Subject890,0.8666666666666667,0.846984126984127
19,17,15.0,Subject147,0.9032258064516129,0.8955555555555555
19,17,15.0,Subject354,0.9833333333333333,0.9830687830687831
19,17,15.0,Subject494,0.55,0.4912169312169313
19,17,15.0,Subject729,0.9333333333333333,0.9308465608465609
19,17,15.0,Subject731,0.8333333333333334,0.8111111111111112
19,17,15.0,Subject890,0.8,0.7834920634920636
19,17,inf,Subject147,0.8709677419354839,0.8444444444444444
19,17,inf,Subject354,0.9833333333333333,0.9830687830687831
19,17,inf,Subject494,0.5833333333333334,0.5257335257335257
19,17,inf,Subject729,0.9333333333333333,0.9308465608465609
19,17,inf,Subject731,0.8333333333333334,0.8111111111111112
19,17,inf,Subject890,0.8333333333333334,0.7977777777777778
20,2,2.0,Subject354,0.7333333333333333,0.6962481962481962
20,2,2.0,Subject516,0.6666666666666666,0.6047619047619047
20,2,2.0,Subject561,0.6666666666666666,0.6069696969696969
20,2,2.0,Subject571,0.7,0.6714285714285714
20,2,2.0,Subject580,0.7,0.6970285270285269
20,2,2.0,Subject890,0.7,0.6488888888888888
20,2,3.0,Subject354,0.7166666666666667,0.6573737373737374
20,2,3.0,Subject516,0.6,0.5447619047619049
20,2,3.0,Subject561,0.6333333333333333,0.5795093795093795
20,2,3.0,Subject571,0.8,0.7755555555555556
20,2,3.0,Subject580,0.7,0.6881932446638328
20,2,3.0,Subject890,0.6,0.5638095238095239
20,2,4.0,Subject354,0.7166666666666667,0.6607407407407407
20,2,4.0,Subject516,0.6333333333333333,0.5726984126984128
20,2,4.0,Subject561,0.6166666666666667,0.5605194805194805
20,2,4.0,Subject571,0.7333333333333333,0.6958730158730159
20,2,4.0,Subject580,0.7333333333333333,0.7177550227550228
20,2,4.0,Subject890,0.5666666666666667,0.5177777777777778
20,2,6.0,Subject354,0.7333333333333333,0.6880808080808082
20,2,6.0,Subject516,0.7333333333333333,0.6603174603174602
20,2,6.0,Subject561,0.6333333333333333,0.5814141414141414
20,2,6.0,Subject571,0.7666666666666667,0.7466666666666666
20,2,6.0,Subject580,0.7666666666666667,0.7473390443978679
20,2,6.0,Subject890,0.6,0.5336507936507936
20,2,8.0,Subject354,0.7333333333333333,0.6940067340067341
20,2,8.0,Subject516,0.7333333333333333,0.6603174603174602
20,2,8.0,Subject561,0.6166666666666667,0.5624242424242425
20,2,8.0,Subject571,0.6666666666666666,0.6184126984126984
20,2,8.0,Subject580,0.7777777777777778,0.7611341381929617
20,2,8.0,Subject890,0.6,0.5517460317460317
20,2,10.0,Subject354,0.7166666666666667,0.6673400673400673
20,2,10.0,Subject516,0.7333333333333333,0.6666666666666665
20,2,10.0,Subject561,0.6166666666666667,0.5624242424242425
20,2,10.0,Subject571,0.7,0.6628571428571429
20,2,10.0,Subject580,0.7777777777777778,0.7611341381929617
20,2,10.0,Subject890,0.5333333333333333,0.4628571428571428
20,2,15.0,Subject354,0.7333333333333333,0.7014141414141414
20,2,15.0,Subject516,0.7333333333333333,0.6666666666666665
20,2,15.0,Subject561,0.6,0.5347474747474747
20,2,15.0,Subject571,0.7666666666666667,0.7247619047619048
20,2,15.0,Subject580,0.7777777777777778,0.765992525992526
20,2,15.0,Subject890,0.5333333333333333,0.4311111111111111
20,2,inf,Subject354,0.7166666666666667,0.6884848484848484
20,2,inf,Subject516,0.7333333333333333,0.6666666666666665
20,2,inf,Subject561,0.6333333333333333,0.5773737373737374
20,2,inf,Subject571,0.7666666666666667,0.7247619047619048
20,2,inf,Subject580,0.7888888888888889,0.7730999501587738
20,2,inf,Subject890,0.5333333333333333,0.4311111111111111
20,4,2.0,Subject354,0.7666666666666667,0.7263684463684464
20,4,2.0,Subject516,0.6333333333333333,0.5666666666666667
20,4,2.0,Subject561,0.8166666666666667,0.7744492544492546
20,4,2.0,Subject571,0.7666666666666667,0.7311111111111112
20,4,2.0,Subject580,0.6111111111111112,0.595422203069262
20,4,2.0,Subject890,0.6666666666666666,0.6066666666666667
20,4,3.0,Subject354,0.7333333333333333,0.6844444444444445
20,4,3.0,Subject516,0.7333333333333333,0.6977777777777778
20,4,3.0,Subject561,0.8166666666666667,0.7744492544492546
20,4,3.0,Subject571,0.8333333333333334,0.8022222222222223
20,4,3.0,Subject580,0.6777777777777778,0.6599649152590329
20,4,3.0,Subject890,0.6666666666666666,0.6088888888888889
20,4,4.0,Subject354,0.7333333333333333,0.6844444444444445
20,4,4.0,Subject516,0.7333333333333333,0.6977777777777778
20,4,4.0,Subject561,0.8166666666666667,0.775930735930736
20,4,4.0,Subject571,0.8,0.7577777777777778
20,4,4.0,Subject580,0.7555555555555555,0.738441402651929
20,4,4.0,Subject890,0.6333333333333333,0.5866666666666667
20,4,6.0,Subject354,0.7333333333333333,0.6977452177452178
20,4,6.0,Subject516,0.7333333333333333,0.6977777777777778
20,4,6.0,Subject561,0.8166666666666667,0.7778162578162578
20,4,6.0,Subject571,0.8333333333333334,0.8022222222222223
20,4,6.0,Subject580,0.7666666666666667,0.7566886816886818
20,4,6.0,Subject890,0.7,0.6355555555555555
20,4,8.0,Subject354,0.7333333333333333,0.6977452177452178
20,4,8.0,Subject516,0.7333333333333333,0.6977777777777778
20,4,8.0,Subject561,0.8166666666666667,0.7788552188552188
20,4,8.0,Subject571,0.8333333333333334,0.8022222222222223
20,4,8.0,Subject580,0.7555555555555555,0.7457135457135456
20,4,8.0,Subject890,0.7,0.6355555555555555
20,4,10.0,Subject354,0.7333333333333333,0.6977452177452178
20,4,10.0,Subject516,0.7666666666666667,0.7155555555555556
20,4,10.0,Subject561,0.8,0.7625589225589225
20,4,10.0,Subject571,0.8333333333333334,0.8022222222222223
20,4,10.0,Subject580,0.7555555555555555,0.7502923976608188
20,4,10.0,Subject890,0.6666666666666666,0.6044444444444445
20,4,15.0,Subject354,0.75,0.7197173197173198
20,4,15.0,Subject516,0.7333333333333333,0.6622222222222223
20,4,15.0,Subject561,0.7833333333333333,0.7485906685906687
20,4,15.0,Subject571,0.8666666666666667,0.8355555555555557
20,4,15.0,Subject580,0.7777777777777778,0.7652525252525252
20,4,15.0,Subject890,0.6666666666666666,0.6044444444444445
20,4,inf,Subject354,0.75,0.7197173197173198
20,4,inf,Subject516,0.7333333333333333,0.6622222222222223
20,4,inf,Subject561,0.7666666666666667,0.7327176527176528
20,4,inf,Subject571,0.9,0.8711111111111112
20,4,inf,Subject580,0.7444444444444445,0.7310334110334112
20,4,inf,Subject890,0.6666666666666666,0.6044444444444445
20,8,2.0,Subject354,0.8,0.7648869648869651
20,8,2.0,Subject516,0.6666666666666666,0.6266666666666667
20,8,2.0,Subject561,0.8166666666666667,0.777816257816258
20,8,2.0,Subject571,0.8333333333333334,0.8288888888888889
20,8,2.0,Subject580,0.7111111111111111,0.6994993894993896
20,8,2.0,Subject890,0.8,0.7733333333333333
20,8,3.0,Subject354,0.85,0.814006734006734
20,8,3.0,Subject516,0.6666666666666666,0.6501587301587303
20,8,3.0,Subject561,0.7833333333333333,0.7500384800384801
20,8,3.0,Subject571,0.9,0.8933333333333334
20,8,3.0,Subject580,0.6888888888888889,0.6729029793735676
20,8,3.0,Subject890,0.8,0.7555555555555556
20,8,4.0,Subject354,0.85,0.8296296296296296
20,8,4.0,Subject516,0.6666666666666666,0.6501587301587303
20,8,4.0,Subject561,0.7833333333333333,0.7492448292448292
20,8,4.0,Subject571,0.9,0.8933333333333334
20,8,4.0,Subject580,0.7444444444444445,0.7456132756132755
20,8,4.0,Subject890,0.7666666666666667,0.7244444444444444
20,8,6.0,Subject354,0.8666666666666667,0.8518518518518519
20,8,6.0,Subject516,0.7333333333333333,0.7311111111111112
20,8,6.0,Subject561,0.8,0.7591919191919192
20,8,6.0,Subject571,0.8333333333333334,0.8088888888888889
20,8,6.0,Subject580,0.7777777777777778,0.7770806970806972
20,8,6.0,Subject890,0.8333333333333334,0.7866666666666666
20,8,8.0,Subject354,0.8666666666666667,0.841957671957672
20,8,8.0,Subject516,0.7666666666666667,0.7577777777777777
20,8,8.0,Subject561,0.8,0.7591919191919192
20,8,8.0,Subject571,0.8666666666666667,0.8622222222222223
20,8,8.0,Subject580,0.8,0.7975706646294881
20,8,8.0,Subject890,0.8333333333333334,0.7866666666666666
20,8,10.0,Subject354,0.8666666666666667,0.841957671957672
20,8,10.0,Subject516,0.7666666666666667,0.7577777777777777
20,8,10.0,Subject561,0.7833333333333333,0.7447619047619047
20,8,10.0,Subject571,0.8333333333333334,0.8114285714285715
20,8,10.0,Subject580,0.8,0.8004062604062604
20,8,10.0,Subject890,0.8333333333333334,0.7866666666666666
20,8,15.0,Subject354,0.8833333333333333,0.8605820105820107
20,8,15.0,Subject516,0.8,0.7803174603174603
20,8,15.0,Subject561,0.8166666666666667,0.7818181818181817
20,8,15.0,Subject571,0.9,0.8755555555555555
20,8,15.0,Subject580,0.8222222222222222,0.8185230455818691
20,8,15.0,Subject890,0.8333333333333334,0.7866666666666666
20,8,inf,Subject354,0.8833333333333333,0.8605820105820107
20,8,inf,Subject516,0.8,0.7803174603174603
20,8,inf,Subject561,0.8333333333333334,0.8061242461242462
20,8,inf,Subject571,0.9,0.8755555555555555
20,8,inf,Subject580,0.8111111111111111,0.8092218892218892
20,8,inf,Subject890,0.8666666666666667,0.8222222222222222
20,17,2.0,Subject354,0.9333333333333333,0.9305820105820106
20,17,2.0,Subject516,0.7333333333333333,0.7533333333333333
20,17,2.0,Subject561,0.8333333333333334,0.7947474747474748
20,17,2.0,Subject571,0.8,0.7977777777777778
20,17,2.0,Subject580,0.7777777777777778,0.7685114885114884
20,17,2.0,Subject890,0.9,0.8933333333333333
20,17,3.0,Subject354,0.95,0.9492063492063493
20,17,3.0,Subject516,0.8666666666666667,0.8711111111111111
20,17,3.0,Subject561,0.8,0.7333333333333333
20,17,3.0,Subject571,0.9,0.8977777777777778
20,17,3.0,Subject580,0.8222222222222222,0.8132101232101231
20,17,3.0,Subject890,0.8666666666666667,0.8622222222222222
20,17,4.0,Subject354,0.9666666666666667,0.9661375661375663
20,17,4.0,Subject516,0.7333333333333333,0.727936507936508
20,17,4.0,Subject561,0.7666666666666667,0.7076923076923076
20,17,4.0,Subject571,0.8666666666666667,0.8622222222222222
20,17,4.0,Subject580,0.8555555555555555,0.856018426018426
20,17,4.0,Subject890,0.8333333333333334,0.8333333333333335
20,17,6.0,Subject354,0.9666666666666667,0.9661375661375662
20,17,6.0,Subject516,0.8,0.7844444444444444
20,17,6.0,Subject561,0.8,0.7333333333333333
20,17,6.0,Subject571,0.8666666666666667,0.8622222222222222
20,17,6.0,Subject580,0.9111111111111111,0.9111266511266511
20,17,6.0,Subject890,0.8,0.7866666666666667
20,17,8.0,Subject354,0.9666666666666667,0.9661375661375662
20,17,8.0,Subject516,0.8666666666666667,0.8622222222222221
20,17,8.0,Subject561,0.8166666666666667,0.7640404040404041
20,17,8.0,Subject571,0.8666666666666667,0.8622222222222222
20,17,8.0,Subject580,0.9,0.9004428904428905
20,17,8.0,Subject890,0.8333333333333334,0.8200000000000001
20,17,10.0,Subject354,0.9666666666666667,0.9661375661375662
20,17,10.0,Subject516,0.8,0.7622222222222222
20,17,10.0,Subject561,0.8166666666666667,0.7640404040404041
20,17,10.0,Subject571,0.8666666666666667,0.8622222222222222
20,17,10.0,Subject580,0.9,0.9008003108003106
20,17,10.0,Subject890,0.8,0.7834920634920635
20,17,15.0,Subject354,0.9666666666666667,0.9661375661375662
20,17,15.0,Subject516,0.8666666666666667,0.8622222222222221
20,17,15.0,Subject561,0.8,0.7510977910977911
20,17,15.0,Subject571,0.9333333333333333,0.9333333333333332
20,17,15.0,Subject580,0.9111111111111111,0.911425567896156
20,17,15.0,Subject890,0.8333333333333334,0.7977777777777778
20,17,inf,Subject354,0.9666666666666667,0.9661375661375662
20,17,inf,Subject516,0.8666666666666667,0.8622222222222221
20,17,inf,Subject561,0.8,0.7510977910977911
20,17,inf,Subject571,0.8666666666666667,0.8333333333333334
20,17,inf,Subject580,0.9222222222222223,0.9232556332556333
20,17,inf,Subject890,0.8,0.7834920634920635
21,2,2.0,Subject376,0.55,0.5159451659451659
21,2,2.0,Subject494,0.5166666666666667,0.42898027898027896
21,2,2.0,Subject611,0.75,0.7204425204425206
21,2,2.0,Subject741,0.6333333333333333,0.5793650793650793
21,2,2.0,Subject819,0.7,0.6545787545787546
21,2,2.0,Subject969,0.6666666666666666,0.6088888888888888
21,2,3.0,Subject376,0.6166666666666667,0.5905291005291003
21,2,3.0,Subject494,0.5333333333333333,0.46012506012506016
21,2,3.0,Subject611,0.7666666666666667,0.7315536315536316
21,2,3.0,Subject741,0.6333333333333333,0.5698183298183298
21,2,3.0,Subject819,0.7166666666666667,0.6732804232804234
21,2,3.0,Subject969,0.6333333333333333,0.5847619047619047
21,2,4.0,Subject376,0.6333333333333333,0.6104761904761904
21,2,4.0,Subject494,0.5166666666666667,0.44107744107744107
21,2,4.0,Subject611,0.75,0.7140067340067339
21,2,4.0,Subject741,0.6166666666666667,0.576055796055796
21,2,4.0,Subject819,0.75,0.6985714285714285
21,2,4.0,Subject969,0.6333333333333333,0.5628571428571428
21,2,6.0,Subject376,0.6666666666666666,0.6239651416122005
21,2,6.0,Subject494,0.5,0.4188552188552189
21,2,6.0,Subject611,0.7333333333333333,0.6836363636363636
21,2,6.0,Subject741,0.65,0.6074266474266474
21,2,6.0,Subject819,0.75,0.6966533466533467
21,2,6.0,Subject969,0.6,0.5222222222222223
21,2,8.0,Subject376,0.6666666666666666,0.6112169312169313
21,2,8.0,Subject494,0.5,0.4286155674390969
21,2,8.0,Subject611,0.7333333333333333,0.6836363636363636
21,2,8.0,Subject741,0.6333333333333333,0.5967532467532467
21,2,8.0,Subject819,0.7833333333333333,0.730991970991971
21,2,8.0,Subject969,0.6,0.508888888888889
21,2,10.0,Subject376,0.6833333333333333,0.6292561469032057
21,2,10.0,Subject494,0.4666666666666667,0.3953880542115835
21,2,10.0,Subject611,0.7333333333333333,0.6855218855218855
21,2,10.0,Subject741,0.6166666666666667,0.5810245310245309
21,2,10.0,Subject819,0.7833333333333333,0.730991970991971
21,2,10.0,Subject969,0.6,0.5136507936507937
21,2,15.0,Subject376,0.6666666666666666,0.6130014430014431
21,2,15.0,Subject494,0.5,0.4326559714795009
21,2,15.0,Subject611,0.7333333333333333,0.6870033670033671
21,2,15.0,Subject741,0.6166666666666667,0.581111111111111
21,2,15.0,Subject819,0.7833333333333333,0.730991970991971
21,2,15.0,Subject969,0.6,0.5136507936507937
21,2,inf,Subject376,0.65,0.6000721500721501
21,2,inf,Subject494,0.5,0.4345414933650228
21,2,inf,Subject611,0.7333333333333333,0.6870033670033671
21,2,inf,Subject741,0.6,0.5607692307692307
21,2,inf,Subject819,0.7833333333333333,0.730991970991971
21,2,inf,Subject969,0.6,0.526984126984127
21,4,2.0,Subject376,0.7166666666666667,0.6675132275132275
21,4,2.0,Subject494,0.5,0.41296296296296303
21,4,2.0,Subject611,0.8833333333333333,0.8600673400673401
21,4,2.0,Subject741,0.6833333333333333,0.6255892255892255
21,4,2.0,Subject819,0.75,0.6964886964886965
21,4,2.0,Subject969,0.7,0.6447619047619048
21,4,3.0,Subject376,0.7166666666666667,0.6688521064991654
21,4,3.0,Subject494,0.5166666666666667,0.44199502023031434
21,4,3.0,Subject611,0.9,0.8755555555555555
21,4,3.0,Subject741,0.6666666666666666,0.6095959595959596
21,4,3.0,Subject819,0.7166666666666667,0.6635064935064935
21,4,3.0,Subject969,0.5666666666666667,0.5244444444444444
21,4,4.0,Subject376,0.7166666666666667,0.6688521064991654
21,4,4.0,Subject494,0.43333333333333335,0.3429292929292929
21,4,4.0,Subject611,0.8833333333333333,0.8596825396825397
21,4,4.0,Subject741,0.6666666666666666,0.6063011063011063
21,4,4.0,Subject819,0.75,0.6810774410774411
21,4,4.0,Subject969,0.6,0.5377777777777778
21,4,6.0,Subject376,0.7,0.6422500696184907
21,4,6.0,Subject494,0.43333333333333335,0.3429292929292929
21,4,6.0,Subject611,0.9,0.8755555555555555
21,4,6.0,Subject741,0.65,0.5971428571428572
21,4,6.0,Subject819,0.75,0.6862626262626262
21,4,6.0,Subject969,0.6,0.5288888888888889
21,4,8.0,Subject376,0.7,0.6422500696184907
21,4,8.0,Subject494,0.43333333333333335,0.3518181818181818
21,4,8.0,Subject611,0.9,0.8755555555555555
21,4,8.0,Subject741,0.6666666666666666,0.6141462241462242
21,4,8.0,Subject819,0.75,0.6862626262626262
21,4,8.0,Subject969,0.6666666666666666,0.6511111111111111
21,4,10.0,Subject376,0.7166666666666667,0.6591812865497076
21,4,10.0,Subject494,0.43333333333333335,0.35942364824717765
21,4,10.0,Subject611,0.8833333333333333,0.8596825396825397
21,4,10.0,Subject741,0.6666666666666666,0.6200721500721501
21,4,10.0,Subject819,0.75,0.6862626262626262
21,4,10.0,Subject969,0.7,0.6777777777777777
21,4,15.0,Subject376,0.7166666666666667,0.6591812865497076
21,4,15.0,Subject494,0.4166666666666667,0.33933706816059755
21,4,15.0,Subject611,0.8833333333333333,0.8596825396825397
21,4,15.0,Subject741,0.65,0.5841125541125541
21,4,15.0,Subject819,0.75,0.6862626262626262
21,4,15.0,Subject969,0.6333333333333333,0.6022222222222222
21,4,inf,Subject376,0.7166666666666667,0.6591812865497076
21,4,inf,Subject494,0.4,0.31671080553433495
21,4,inf,Subject611,0.8833333333333333,0.8596825396825397
21,4,inf,Subject741,0.65,0.5841125541125541
21,4,inf,Subject819,0.75,0.6862626262626262
21,4,inf,Subject969,0.6666666666666666,0.6377777777777778
21,8,2.0,Subject376,0.8,0.7951996151996151
21,8,2.0,Subject494,0.55,0.4668944345414934
21,8,2.0,Subject611,0.9,0.8920634920634921
21,8,2.0,Subject741,0.7833333333333333,0.7632419432419433
21,8,2.0,Subject819,0.8166666666666667,0.78980278980279
21,8,2.0,Subject969,0.8666666666666667,0.8444444444444444
21,8,3.0,Subject376,0.8,0.7948292448292448
21,8,3.0,Subject494,0.5333333333333333,0.4591534391534392
21,8,3.0,Subject611,0.9166666666666666,0.9056613756613757
21,8,3.0,Subject741,0.7833333333333333,0.7643578643578643
21,8,3.0,Subject819,0.8333333333333334,0.8004425204425204
21,8,3.0,Subject969,0.8,0.7533333333333334
21,8,4.0,Subject376,0.8166666666666667,0.8111303511303511
21,8,4.0,Subject494,0.4666666666666667,0.39538126361655773
21,8,4.0,Subject611,0.9333333333333333,0.9223280423280424
21,8,4.0,Subject741,0.6833333333333333,0.6414141414141415
21,8,4.0,Subject819,0.85,0.8173737373737373
21,8,4.0,Subject969,0.8,0.7866666666666666
21,8,6.0,Subject376,0.8166666666666667,0.815026455026455
21,8,6.0,Subject494,0.48333333333333334,0.4048677248677249
21,8,6.0,Subject611,0.9333333333333333,0.9305820105820106
21,8,6.0,Subject741,0.7,0.667003367003367
21,8,6.0,Subject819,0.8666666666666667,0.835998075998076
21,8,6.0,Subject969,0.8,0.7422222222222222
21,8,8.0,Subject376,0.8166666666666667,0.8123483923483924
21,8,8.0,Subject494,0.48333333333333334,0.404578111946533
21,8,8.0,Subject611,0.9333333333333333,0.9305820105820106
21,8,8.0,Subject741,0.6833333333333333,0.6433333333333333
21,8,8.0,Subject819,0.8666666666666667,0.835998075998076
21,8,8.0,Subject969,0.8,0.7644444444444444
21,8,10.0,Subject376,0.8,0.7956817256817257
21,8,10.0,Subject494,0.5,0.4409994683678894
21,8,10.0,Subject611,0.9333333333333333,0.9305820105820106
21,8,10.0,Subject741,0.6833333333333333,0.6433333333333333
21,8,10.0,Subject819,0.8833333333333333,0.8529292929292929
21,8,10.0,Subject969,0.7333333333333333,0.6755555555555556
21,8,15.0,Subject376,0.8166666666666667,0.8128245828245828
21,8,15.0,Subject494,0.5,0.4132938406622617
21,8,15.0,Subject611,0.9333333333333333,0.9305820105820106
21,8,15.0,Subject741,0.7166666666666667,0.6759259259259259
21,8,15.0,Subject819,0.85,0.8205098605098605
21,8,15.0,Subject969,0.8,0.7688888888888888
21,8,inf,Subject376,0.8166666666666667,0.8128245828245828
21,8,inf,Subject494,0.5,0.4132938406622617
21,8,inf,Subject611,0.9333333333333333,0.9305820105820106
21,8,inf,Subject741,0.7166666666666667,0.6759259259259259
21,8,inf,Subject819,0.8666666666666667,0.8374410774410774
21,8,inf,Subject969,0.8333333333333334,0.7999999999999999
21,17,2.0,Subject376,0.8666666666666667,0.8637566137566137
21,17,2.0,Subject494,0.5666666666666667,0.5057304133774723
21,17,2.0,Subject611,0.9333333333333333,0.9293650793650793
21,17,2.0,Subject741,0.8833333333333333,0.8802116402116403
21,17,2.0,Subject819,0.8666666666666667,0.8597354497354497
21,17,2.0,Subject969,0.9333333333333333,0.9288888888888889
21,17,3.0,Subject376,0.8333333333333334,0.8253102453102453
21,17,3.0,Subject494,0.5666666666666667,0.5076159352629941
21,17,3.0,Subject611,0.9666666666666667,0.962962962962963
21,17,3.0,Subject741,0.9,0.8956613756613757
21,17,3.0,Subject819,0.9,0.8895959595959596
21,17,3.0,Subject969,0.8333333333333334,0.8025396825396826
21,17,4.0,Subject376,0.8333333333333334,0.8288888888888889
21,17,4.0,Subject494,0.55,0.4909155985626574
21,17,4.0,Subject611,0.9333333333333333,0.9238095238095239
21,17,4.0,Subject741,0.8333333333333334,0.8256613756613759
21,17,4.0,Subject819,0.9,0.8949206349206349
21,17,4.0,Subject969,0.8333333333333334,0.8247619047619048
21,17,6.0,Subject376,0.8666666666666667,0.8645502645502645
21,17,6.0,Subject494,0.55,0.505465863112922
21,17,6.0,Subject611,0.95,0.9475132275132275
21,17,6.0,Subject741,0.8166666666666667,0.8059259259259259
21,17,6.0,Subject819,0.9333333333333333,0.924886964886965
21,17,6.0,Subject969,0.8333333333333334,0.82
21,17,8.0,Subject376,0.8666666666666667,0.863915343915344
21,17,8.0,Subject494,0.5333333333333333,0.4851515151515152
21,17,8.0,Subject611,0.95,0.9475132275132275
21,17,8.0,Subject741,0.8333333333333334,0.8253968253968256
21,17,8.0,Subject819,0.9333333333333333,0.9331409331409332
21,17,8.0,Subject969,0.8333333333333334,0.8222222222222222
21,17,10.0,Subject376,0.8833333333333333,0.8828042328042328
21,17,10.0,Subject494,0.5666666666666667,0.5174747474747475
21,17,10.0,Subject611,0.9333333333333333,0.9333333333333332
21,17,10.0,Subject741,0.8333333333333334,0.8253968253968256
21,17,10.0,Subject819,0.9333333333333333,0.9308465608465608
21,17,10.0,Subject969,0.8333333333333334,0.8222222222222222
21,17,15.0,Subject376,0.8833333333333333,0.8828042328042328
21,17,15.0,Subject494,0.55,0.48888888888888893
21,17,15.0,Subject611,0.9333333333333333,0.9333333333333332
21,17,15.0,Subject741,0.85,0.8377441077441078
21,17,15.0,Subject819,0.9333333333333333,0.924886964886965
21,17,15.0,Subject969,0.8666666666666667,0.8469841269841271
21,17,inf,Subject376,0.8833333333333333,0.8828042328042328
21,17,inf,Subject494,0.6,0.5326984126984127
21,17,inf,Subject611,0.9333333333333333,0.9333333333333332
21,17,inf,Subject741,0.85,0.8377441077441078
21,17,inf,Subject819,0.9333333333333333,0.924886964886965
21,17,inf,Subject969,0.9,0.8825396825396825
22,2,2.0,Subject226,0.7333333333333333,0.6733333333333333
22,2,2.0,Subject561,0.7166666666666667,0.6586243386243387
22,2,2.0,Subject731,0.7,0.6533333333333332
22,2,2.0,Subject741,0.6666666666666666,0.609013949013949
22,2,2.0,Subject819,0.6666666666666666,0.6143782143782144
22,2,2.0,Subject867,0.75,0.7300721500721501
22,2,3.0,Subject226,0.7,0.6466666666666666
22,2,3.0,Subject561,0.65,0.5999999999999999
22,2,3.0,Subject731,0.7333333333333333,0.6844444444444445
22,2,3.0,Subject741,0.6833333333333333,0.6228571428571429
22,2,3.0,Subject819,0.6,0.5227139527139527
22,2,3.0,Subject867,0.7166666666666667,0.6824686424686425
22,2,4.0,Subject226,0.7,0.6466666666666666
22,2,4.0,Subject561,0.65,0.5999999999999999
22,2,4.0,Subject731,0.7333333333333333,0.6888888888888889
22,2,4.0,Subject741,0.65,0.6019191919191919
22,2,4.0,Subject819,0.6666666666666666,0.6003030303030303
22,2,4.0,Subject867,0.7166666666666667,0.6901454101454102
22,2,6.0,Subject226,0.7,0.631111111111111
22,2,6.0,Subject561,0.65,0.5999999999999999
22,2,6.0,Subject731,0.7333333333333333,0.6888888888888889
22,2,6.0,Subject741,0.7,0.6463166463166463
22,2,6.0,Subject819,0.7,0.6513960113960114
22,2,6.0,Subject867,0.7666666666666667,0.7428245828245829
22,2,8.0,Subject226,0.6333333333333333,0.56
22,2,8.0,Subject561,0.65,0.5999999999999999
22,2,8.0,Subject731,0.7333333333333333,0.6888888888888889
22,2,8.0,Subject741,0.6833333333333333,0.6386243386243386
22,2,8.0,Subject819,0.7,0.6344647944647944
22,2,8.0,Subject867,0.6833333333333333,0.6524205424205424
22,2,10.0,Subject226,0.6666666666666666,0.6044444444444445
22,2,10.0,Subject561,0.6666666666666666,0.6151515151515151
22,2,10.0,Subject731,0.7333333333333333,0.6844444444444445
22,2,10.0,Subject741,0.6833333333333333,0.6386243386243386
22,2,10.0,Subject819,0.7166666666666667,0.641077441077441
22,2,10.0,Subject867,0.7166666666666667,0.6998412698412699
22,2,15.0,Subject226,0.7,0.6622222222222222
22,2,15.0,Subject561,0.6666666666666666,0.6143434343434344
22,2,15.0,Subject731,0.7333333333333333,0.6844444444444445
22,2,15.0,Subject741,0.65,0.6056613756613757
22,2,15.0,Subject819,0.7,0.6349206349206349
22,2,15.0,Subject867,0.7333333333333333,0.7093650793650794
22,2,inf,Subject226,0.7,0.6622222222222222
22,2,inf,Subject561,0.6666666666666666,0.6043689643689644
22,2,inf,Subject731,0.7333333333333333,0.6844444444444445
22,2,inf,Subject741,0.65,0.6056613756613757
22,2,inf,Subject819,0.7166666666666667,0.6470033670033669
22,2,inf,Subject867,0.7166666666666667,0.6998412698412699
22,4,2.0,Subject226,0.6333333333333333,0.5936507936507937
22,4,2.0,Subject561,0.8,0.7922943722943724
22,4,2.0,Subject731,0.6,0.5733333333333334
22,4,2.0,Subject741,0.7,0.6774218374218375
22,4,2.0,Subject819,0.6833333333333333,0.6133200133200134
22,4,2.0,Subject867,0.65,0.6086580086580086
22,4,3.0,Subject226,0.7,0.6469841269841269
22,4,3.0,Subject561,0.7833333333333333,0.7662289562289561
22,4,3.0,Subject731,0.6333333333333333,0.6088888888888888
22,4,3.0,Subject741,0.6333333333333333,0.5877644577644577
22,4,3.0,Subject819,0.6666666666666666,0.5906937506937506
22,4,3.0,Subject867,0.65,0.6086580086580086
22,4,4.0,Subject226,0.7,0.6469841269841269
22,4,4.0,Subject561,0.7666666666666667,0.7582924482924482
22,4,4.0,Subject731,0.6666666666666666,0.6279365079365078
22,4,4.0,Subject741,0.6,0.54998667998668
22,4,4.0,Subject819,0.6833333333333333,0.6173604173604174
22,4,4.0,Subject867,0.6166666666666667,0.5797302697302698
22,4,6.0,Subject226,0.7333333333333333,0.6892063492063493
22,4,6.0,Subject561,0.8166666666666667,0.805998075998076
22,4,6.0,Subject731,0.6666666666666666,0.6355555555555554
22,4,6.0,Subject741,0.5833333333333334,0.5233200133200133
22,4,6.0,Subject819,0.7,0.6268842268842268
22,4,6.0,Subject867,0.6333333333333333,0.5852573352573353
22,4,8.0,Subject226,0.7333333333333333,0.6892063492063493
22,4,8.0,Subject561,0.85,0.8402116402116403
22,4,8.0,Subject731,0.6666666666666666,0.6355555555555554
22,4,8.0,Subject741,0.55,0.4825274725274726
22,4,8.0,Subject819,0.7,0.6268842268842268
22,4,8.0,Subject867,0.6333333333333333,0.5950741850741851
22,4,10.0,Subject226,0.7666666666666667,0.7225396825396826
22,4,10.0,Subject561,0.8333333333333334,0.8220105820105821
22,4,10.0,Subject731,0.6666666666666666,0.6355555555555554
22,4,10.0,Subject741,0.6,0.5485592185592185
22,4,10.0,Subject819,0.6666666666666666,0.5695104895104895
22,4,10.0,Subject867,0.65,0.6212117512117512
22,4,15.0,Subject226,0.7333333333333333,0.6892063492063493
22,4,15.0,Subject561,0.8333333333333334,0.8137566137566138
22,4,15.0,Subject731,0.6333333333333333,0.6088888888888888
22,4,15.0,Subject741,0.6166666666666667,0.5718914418914418
22,4,15.0,Subject819,0.7,0.6276923076923077
22,4,15.0,Subject867,0.6666666666666666,0.6514285714285715
22,4,inf,Subject226,0.7666666666666667,0.7225396825396826
22,4,inf,Subject561,0.85,0.8315873015873017
22,4,inf,Subject731,0.6,0.5777777777777777
22,4,inf,Subject741,0.6,0.5403762903762903
22,4,inf,Subject819,0.7,0.6247293447293447
22,4,inf,Subject867,0.65,0.6347619047619049
22,8,2.0,Subject226,0.8,0.7758730158730158
22,8,2.0,Subject561,0.85,0.8228956228956229
22,8,2.0,Subject731,0.6666666666666666,0.6257142857142858
22,8,2.0,Subject741,0.75,0.7312890812890812
22,8,2.0,Subject819,0.85,0.840899470899471
22,8,2.0,Subject867,0.7333333333333333,0.7128379028379028
22,8,3.0,Subject226,0.8333333333333334,0.8044444444444444
22,8,3.0,Subject561,0.8333333333333334,0.7913804713804714
22,8,3.0,Subject731,0.7333333333333333,0.6882539682539683
22,8,3.0,Subject741,0.75,0.7232130832130832
22,8,3.0,Subject819,0.8833333333333333,0.8793650793650795
22,8,3.0,Subject867,0.7333333333333333,0.7128379028379028
22,8,4.0,Subject226,0.8333333333333334,0.8044444444444444
22,8,4.0,Subject561,0.8166666666666667,0.7818048618048619
22,8,4.0,Subject731,0.7666666666666667,0.7168253968253968
22,8,4.0,Subject741,0.7333333333333333,0.7111303511303512
22,8,4.0,Subject819,0.85,0.840846560846561
22,8,4.0,Subject867,0.7,0.6814814814814815
22,8,6.0,Subject226,0.7666666666666667,0.7225396825396825
22,8,6.0,Subject561,0.8166666666666667,0.7640404040404041
22,8,6.0,Subject731,0.8,0.7492063492063491
22,8,6.0,Subject741,0.7166666666666667,0.6867724867724868
22,8,6.0,Subject819,0.85,0.8340740740740741
22,8,6.0,Subject867,0.7,0.6637037037037037
22,8,8.0,Subject226,0.7666666666666667,0.7225396825396825
22,8,8.0,Subject561,0.7833333333333333,0.7284848484848485
22,8,8.0,Subject731,0.8,0.7492063492063491
22,8,8.0,Subject741,0.7166666666666667,0.6819240019240019
22,8,8.0,Subject819,0.8666666666666667,0.8562962962962963
22,8,8.0,Subject867,0.7166666666666667,0.6859259259259259
22,8,10.0,Subject226,0.8,0.7733333333333332
22,8,10.0,Subject561,0.7666666666666667,0.7155422355422356
22,8,10.0,Subject731,0.7666666666666667,0.72
22,8,10.0,Subject741,0.7333333333333333,0.7034054834054834
22,8,10.0,Subject819,0.8833333333333333,0.8753968253968254
22,8,10.0,Subject867,0.7166666666666667,0.6851515151515152
22,8,15.0,Subject226,0.7666666666666667,0.7177777777777778
22,8,15.0,Subject561,0.7833333333333333,0.7284848484848485
22,8,15.0,Subject731,0.8333333333333334,0.7936507936507937
22,8,15.0,Subject741,0.7166666666666667,0.6859451659451659
22,8,15.0,Subject819,0.8333333333333334,0.8186243386243387
22,8,15.0,Subject867,0.75,0.718961038961039
22,8,inf,Subject226,0.7666666666666667,0.7177777777777778
22,8,inf,Subject561,0.7833333333333333,0.7251178451178452
22,8,inf,Subject731,0.7666666666666667,0.711111111111111
22,8,inf,Subject741,0.7333333333333333,0.7037229437229438
22,8,inf,Subject819,0.85,0.8355555555555555
22,8,inf,Subject867,0.7833333333333333,0.7682539682539683
22,17,2.0,Subject226,0.7666666666666667,0.7200000000000001
22,17,2.0,Subject561,0.85,0.8173737373737374
22,17,2.0,Subject731,0.7666666666666667,0.7333333333333332
22,17,2.0,Subject741,0.9166666666666666,0.9136507936507937
22,17,2.0,Subject819,0.8833333333333333,0.874920634920635
22,17,2.0,Subject867,0.85,0.8404761904761905
22,17,3.0,Subject226,0.8,0.7511111111111112
22,17,3.0,Subject561,0.8166666666666667,0.7640404040404041
22,17,3.0,Subject731,0.7333333333333333,0.7
22,17,3.0,Subject741,0.9166666666666666,0.9136507936507937
22,17,3.0,Subject819,0.9,0.888908128908129
22,17,3.0,Subject867,0.8333333333333334,0.8226647426647425
22,17,4.0,Subject226,0.7333333333333333,0.6692063492063494
22,17,4.0,Subject561,0.8166666666666667,0.7811832611832611
22,17,4.0,Subject731,0.7666666666666667,0.7244444444444443
22,17,4.0,Subject741,0.8833333333333333,0.8743578643578644
22,17,4.0,Subject819,0.9166666666666666,0.9115343915343915
22,17,4.0,Subject867,0.85,0.8393314093314094
22,17,6.0,Subject226,0.7333333333333333,0.6692063492063494
22,17,6.0,Subject561,0.8333333333333334,0.7947474747474748
22,17,6.0,Subject731,0.8666666666666667,0.8444444444444446
22,17,6.0,Subject741,0.8333333333333334,0.8250264550264551
22,17,6.0,Subject819,0.9,0.8914285714285715
22,17,6.0,Subject867,0.8166666666666667,0.7917989417989417
22,17,8.0,Subject226,0.7666666666666667,0.7047619047619047
22,17,8.0,Subject561,0.8333333333333334,0.7947474747474748
22,17,8.0,Subject731,0.8666666666666667,0.8444444444444446
22,17,8.0,Subject741,0.8333333333333334,0.8250264550264551
22,17,8.0,Subject819,0.9,0.888908128908129
22,17,8.0,Subject867,0.8166666666666667,0.7917989417989417
22,17,10.0,Subject226,0.7666666666666667,0.7047619047619047
22,17,10.0,Subject561,0.8166666666666667,0.7640404040404041
22,17,10.0,Subject731,0.8666666666666667,0.8444444444444446
22,17,10.0,Subject741,0.8333333333333334,0.8305820105820104
22,17,10.0,Subject819,0.9166666666666666,0.9082202982202983
22,17,10.0,Subject867,0.8333333333333334,0.8222414622414623
22,17,15.0,Subject226,0.7666666666666667,0.6999999999999998
22,17,15.0,Subject561,0.8,0.7510977910977911
22,17,15.0,Subject731,0.9,0.8955555555555555
22,17,15.0,Subject741,0.8333333333333334,0.8279365079365079
22,17,15.0,Subject819,0.9333333333333333,0.9308465608465608
22,17,15.0,Subject867,0.8666666666666667,0.8429629629629629
22,17,inf,Subject226,0.7666666666666667,0.6999999999999998
22,17,inf,Subject561,0.8333333333333334,0.7947474747474748
22,17,inf,Subject731,0.9,0.8955555555555555
22,17,inf,Subject741,0.8333333333333334,0.8279365079365079
22,17,inf,Subject819,0.9333333333333333,0.9308465608465608
22,17,inf,Subject867,0.8666666666666667,0.8547811447811448
23,2,2.0,Subject353,0.7666666666666667,0.7536123136123136
23,2,2.0,Subject354,0.6,0.5851526251526251
23,2,2.0,Subject424,0.7,0.6384511784511785
23,2,2.0,Subject455,0.8333333333333334,0.817989417989418
23,2,2.0,Subject494,0.5833333333333334,0.49080808080808086
23,2,2.0,Subject731,0.7333333333333333,0.6923809523809524
23,2,3.0,Subject353,0.8,0.788003848003848
23,2,3.0,Subject354,0.6166666666666667,0.5742520442520441
23,2,3.0,Subject424,0.7166666666666667,0.64006734006734
23,2,3.0,Subject455,0.8,0.7883597883597884
23,2,3.0,Subject494,0.55,0.45067719804561907
23,2,3.0,Subject731,0.7333333333333333,0.6834920634920636
23,2,4.0,Subject353,0.75,0.7365367965367965
23,2,4.0,Subject354,0.6166666666666667,0.5746560846560845
23,2,4.0,Subject424,0.7166666666666667,0.64006734006734
23,2,4.0,Subject455,0.8333333333333334,0.8105820105820106
23,2,4.0,Subject494,0.48333333333333334,0.3715766689450899
23,2,4.0,Subject731,0.7333333333333333,0.6923809523809524
23,2,6.0,Subject353,0.7333333333333333,0.7174747474747475
23,2,6.0,Subject354,0.6,0.5513094313094313
23,2,6.0,Subject424,0.6833333333333333,0.6091293891293892
23,2,6.0,Subject455,0.8,0.7886243386243386
23,2,6.0,Subject494,0.5,0.379657477025898
23,2,6.0,Subject731,0.7333333333333333,0.6923809523809524
23,2,8.0,Subject353,0.7166666666666667,0.7005435305435306
23,2,8.0,Subject354,0.5666666666666667,0.4958537758537759
23,2,8.0,Subject424,0.7,0.6245791245791246
23,2,8.0,Subject455,0.8166666666666667,0.7978835978835979
23,2,8.0,Subject494,0.5,0.3811004784688995
23,2,8.0,Subject731,0.7666666666666667,0.7123809523809524
23,2,10.0,Subject353,0.7166666666666667,0.7035064935064935
23,2,10.0,Subject354,0.55,0.46705146705146705
23,2,10.0,Subject424,0.7166666666666667,0.654882154882155
23,2,10.0,Subject455,0.8,0.7812169312169313
23,2,10.0,Subject494,0.5166666666666667,0.3891812865497076
23,2,10.0,Subject731,0.7333333333333333,0.6901587301587302
23,2,15.0,Subject353,0.7333333333333333,0.7184415584415584
23,2,15.0,Subject354,0.5833333333333334,0.5291197691197692
23,2,15.0,Subject424,0.7,0.6245791245791246
23,2,15.0,Subject455,0.7333333333333333,0.7230351130351131
23,2,15.0,Subject494,0.5166666666666667,0.3891812865497076
23,2,15.0,Subject731,0.7333333333333333,0.7066666666666668
23,2,inf,Subject353,0.7166666666666667,0.6904761904761905
23,2,inf,Subject354,0.5833333333333334,0.5331601731601733
23,2,inf,Subject424,0.7,0.6245791245791246
23,2,inf,Subject455,0.7333333333333333,0.7230351130351131
23,2,inf,Subject494,0.5166666666666667,0.3891812865497076
23,2,inf,Subject731,0.7333333333333333,0.7066666666666668
23,4,2.0,Subject353,0.7166666666666667,0.7113756613756614
23,4,2.0,Subject354,0.7833333333333333,0.7689417989417989
23,4,2.0,Subject424,0.75,0.7005788982259571
23,4,2.0,Subject455,0.8666666666666667,0.8385185185185183
23,4,2.0,Subject494,0.6,0.5132996632996634
23,4,2.0,Subject731,0.7666666666666667,0.7377777777777778
23,4,3.0,Subject353,0.7333333333333333,0.7294853294853295
23,4,3.0,Subject354,0.8333333333333334,0.8203367003367004
23,4,3.0,Subject424,0.7333333333333333,0.6842826019296607
23,4,3.0,Subject455,0.85,0.8148148148148148
23,4,3.0,Subject494,0.5666666666666667,0.48336118072960177
23,4,3.0,Subject731,0.7666666666666667,0.7422222222222222
23,4,4.0,Subject353,0.7,0.6998556998556998
23,4,4.0,Subject354,0.8166666666666667,0.7758922558922557
23,4,4.0,Subject424,0.7333333333333333,0.682589480236539
23,4,4.0,Subject455,0.8333333333333334,0.8066329966329966
23,4,4.0,Subject494,0.48333333333333334,0.39576719576719577
23,4,4.0,Subject731,0.7333333333333333,0.6911111111111111
23,4,6.0,Subject353,0.7,0.7013371813371815
23,4,6.0,Subject354,0.8166666666666667,0.7907070707070708
23,4,6.0,Subject424,0.7166666666666667,0.6582202982202983
23,4,6.0,Subject455,0.8166666666666667,0.7744107744107744
23,4,6.0,Subject494,0.5166666666666667,0.435998075998076
23,4,6.0,Subject731,0.8,0.7533333333333334
23,4,8.0,Subject353,0.6833333333333333,0.6839826839826841
23,4,8.0,Subject354,0.8,0.7885377585377585
23,4,8.0,Subject424,0.7166666666666667,0.6582202982202983
23,4,8.0,Subject455,0.8333333333333334,0.81007215007215
23,4,8.0,Subject494,0.48333333333333334,0.39576719576719577
23,4,8.0,Subject731,0.8333333333333334,0.7844444444444444
23,4,10.0,Subject353,0.7,0.6935064935064936
23,4,10.0,Subject354,0.8333333333333334,0.8265271765271766
23,4,10.0,Subject424,0.7333333333333333,0.6751515151515153
23,4,10.0,Subject455,0.8333333333333334,0.8131746031746032
23,4,10.0,Subject494,0.5,0.4093314093314094
23,4,10.0,Subject731,0.7666666666666667,0.72
23,4,15.0,Subject353,0.7166666666666667,0.7187493987493987
23,4,15.0,Subject354,0.7833333333333333,0.771077441077441
23,4,15.0,Subject424,0.7333333333333333,0.6751515151515153
23,4,15.0,Subject455,0.8333333333333334,0.8131746031746032
23,4,15.0,Subject494,0.5,0.42037037037037034
23,4,15.0,Subject731,0.8,0.7644444444444445
23,4,inf,Subject353,0.7166666666666667,0.7182924482924484
23,4,inf,Subject354,0.7833333333333333,0.7697546897546897
23,4,inf,Subject424,0.7333333333333333,0.6751515151515153
23,4,inf,Subject455,0.8333333333333334,0.8131746031746032
23,4,inf,Subject494,0.48333333333333334,0.3862962962962963
23,4,inf,Subject731,0.7666666666666667,0.7333333333333332
23,8,2.0,Subject353,0.8166666666666667,0.7894901394901396
23,8,2.0,Subject354,0.8166666666666667,0.7903174603174604
23,8,2.0,Subject424,0.8,0.7656084656084656
23,8,2.0,Subject455,0.85,0.8201058201058201
23,8,2.0,Subject494,0.5833333333333334,0.4954775828460039
23,8,2.0,Subject731,0.7666666666666667,0.7200000000000001
23,8,3.0,Subject353,0.7833333333333333,0.7661375661375661
23,8,3.0,Subject354,0.8333333333333334,0.806984126984127
23,8,3.0,Subject424,0.8166666666666667,0.7808465608465609
23,8,3.0,Subject455,0.8666666666666667,0.8403907203907204
23,8,3.0,Subject494,0.6,0.5093015366699577
23,8,3.0,Subject731,0.7666666666666667,0.7244444444444443
23,8,4.0,Subject353,0.7666666666666667,0.7516931216931216
23,8,4.0,Subject354,0.85,0.8240885040885041
23,8,4.0,Subject424,0.8,0.7664742664742665
23,8,4.0,Subject455,0.8666666666666667,0.8420838420838419
23,8,4.0,Subject494,0.5166666666666667,0.43010582010582005
23,8,4.0,Subject731,0.7666666666666667,0.72
23,8,6.0,Subject353,0.7833333333333333,0.7714526214526214
23,8,6.0,Subject354,0.85,0.8340740740740741
23,8,6.0,Subject424,0.7666666666666667,0.7294372294372294
23,8,6.0,Subject455,0.8666666666666667,0.8415343915343915
23,8,6.0,Subject494,0.55,0.44565074301916413
23,8,6.0,Subject731,0.7666666666666667,0.72
23,8,8.0,Subject353,0.75,0.7431409331409332
23,8,8.0,Subject354,0.85,0.8370370370370371
23,8,8.0,Subject424,0.75,0.7108465608465608
23,8,8.0,Subject455,0.85,0.8260846560846561
23,8,8.0,Subject494,0.5666666666666667,0.45881091617933717
23,8,8.0,Subject731,0.7666666666666667,0.72
23,8,10.0,Subject353,0.7666666666666667,0.7571139971139971
23,8,10.0,Subject354,0.8666666666666667,0.852929292929293
23,8,10.0,Subject424,0.75,0.7052910052910053
23,8,10.0,Subject455,0.85,0.8260846560846561
23,8,10.0,Subject494,0.55,0.4484405458089668
23,8,10.0,Subject731,0.7666666666666667,0.72
23,8,15.0,Subject353,0.7333333333333333,0.7286435786435786
23,8,15.0,Subject354,0.8666666666666667,0.852929292929293
23,8,15.0,Subject424,0.7666666666666667,0.7253968253968254
23,8,15.0,Subject455,0.85,0.8260846560846561
23,8,15.0,Subject494,0.5833333333333334,0.48292347029189137
23,8,15.0,Subject731,0.7666666666666667,0.7333333333333332
23,8,inf,Subject353,0.7333333333333333,0.7286435786435786
23,8,inf,Subject354,0.8666666666666667,0.852929292929293
23,8,inf,Subject424,0.7666666666666667,0.7253968253968254
23,8,inf,Subject455,0.85,0.83012506012506
23,8,inf,Subject494,0.6,0.5055497329181541
23,8,inf,Subject731,0.7666666666666667,0.7333333333333332
23,17,2.0,Subject353,0.85,0.826050986050986
23,17,2.0,Subject354,0.8166666666666667,0.7939153439153439
23,17,2.0,Subject424,0.8666666666666667,0.8469841269841271
23,17,2.0,Subject455,0.9,0.8891005291005292
23,17,2.0,Subject494,0.6833333333333333,0.6324499900970489
23,17,2.0,Subject731,0.7666666666666667,0.7244444444444443
23,17,3.0,Subject353,0.8166666666666667,0.7952573352573353
23,17,3.0,Subject354,0.85,0.8294708994708996
23,17,3.0,Subject424,0.85,0.83005291005291
23,17,3.0,Subject455,0.9,0.886772486772487
23,17,3.0,Subject494,0.65,0.5979718756189346
23,17,3.0,Subject731,0.8,0.7511111111111111
23,17,4.0,Subject353,0.8333333333333334,0.8126984126984127
23,17,4.0,Subject354,0.85,0.8275132275132276
23,17,4.0,Subject424,0.8333333333333334,0.8074266474266474
23,17,4.0,Subject455,0.9,0.8882539682539684
23,17,4.0,Subject494,0.5833333333333334,0.5337758537758538
23,17,4.0,Subject731,0.8333333333333334,0.7844444444444444
23,17,6.0,Subject353,0.8,0.7849879749879751
23,17,6.0,Subject354,0.8333333333333334,0.8108128908128908
23,17,6.0,Subject424,0.8166666666666667,0.7904954304954305
23,17,6.0,Subject455,0.9,0.8946031746031747
23,17,6.0,Subject494,0.6,0.5638095238095239
23,17,6.0,Subject731,0.8666666666666667,0.8377777777777777
23,17,8.0,Subject353,0.7833333333333333,0.7641269841269841
23,17,8.0,Subject354,0.8166666666666667,0.7941798941798942
23,17,8.0,Subject424,0.8166666666666667,0.7904954304954305
23,17,8.0,Subject455,0.9,0.8935449735449736
23,17,8.0,Subject494,0.6,0.5638095238095239
23,17,8.0,Subject731,0.8333333333333334,0.8111111111111112
23,17,10.0,Subject353,0.7666666666666667,0.752904872904873
23,17,10.0,Subject354,0.8666666666666667,0.8423280423280423
23,17,10.0,Subject424,0.8,0.7712169312169312
23,17,10.0,Subject455,0.9,0.8935449735449736
23,17,10.0,Subject494,0.5833333333333334,0.5248089921774133
23,17,10.0,Subject731,0.8333333333333334,0.8111111111111112
23,17,15.0,Subject353,0.7666666666666667,0.7593939393939394
23,17,15.0,Subject354,0.8666666666666667,0.8563684463684463
23,17,15.0,Subject424,0.8166666666666667,0.7915343915343915
23,17,15.0,Subject455,0.8666666666666667,0.8405483405483405
23,17,15.0,Subject494,0.6166666666666667,0.567507404875826
23,17,15.0,Subject731,0.8666666666666667,0.8533333333333334
23,17,inf,Subject353,0.7666666666666667,0.7554689754689755
23,17,inf,Subject354,0.8666666666666667,0.8563684463684463
23,17,inf,Subject424,0.8,0.7612313612313613
23,17,inf,Subject455,0.8666666666666667,0.8405483405483405
23,17,inf,Subject494,0.6166666666666667,0.567507404875826
23,17,inf,Subject731,0.8333333333333334,0.7955555555555556
24,2,2.0,Subject139,0.8333333333333334,0.8188359788359788
24,2,2.0,Subject352,0.9,0.8755555555555555
24,2,2.0,Subject353,0.6666666666666666,0.6486868686868686
24,2,2.0,Subject611,0.8833333333333333,0.8847089947089947
24,2,2.0,Subject877,0.85,0.8290150590150591
24,2,2.0,Subject890,0.6333333333333333,0.5603174603174603
24,2,3.0,Subject139,0.8666666666666667,0.8596499796499797
24,2,3.0,Subject352,0.8333333333333334,0.8088888888888888
24,2,3.0,Subject353,0.6666666666666666,0.6415873015873017
24,2,3.0,Subject611,0.9,0.8967195767195766
24,2,3.0,Subject877,0.8333333333333334,0.8097557997557997
24,2,3.0,Subject890,0.6,0.5292063492063492
24,2,4.0,Subject139,0.8333333333333334,0.8244973544973546
24,2,4.0,Subject352,0.8,0.7533333333333332
24,2,4.0,Subject353,0.65,0.6389947089947089
24,2,4.0,Subject611,0.8833333333333333,0.8811832611832613
24,2,4.0,Subject877,0.8166666666666667,0.7801587301587302
24,2,4.0,Subject890,0.6,0.5203174603174604
24,2,6.0,Subject139,0.9,0.8952055352055353
24,2,6.0,Subject352,0.8666666666666667,0.84
24,2,6.0,Subject353,0.6166666666666667,0.5928811928811928
24,2,6.0,Subject611,0.8833333333333333,0.8811832611832613
24,2,6.0,Subject877,0.8166666666666667,0.7777777777777778
24,2,6.0,Subject890,0.6666666666666666,0.5755555555555556
24,2,8.0,Subject139,0.8666666666666667,0.8596499796499797
24,2,8.0,Subject352,0.8333333333333334,0.7866666666666666
24,2,8.0,Subject353,0.6166666666666667,0.5812794612794613
24,2,8.0,Subject611,0.8833333333333333,0.8729292929292929
24,2,8.0,Subject877,0.85,0.8061771561771561
24,2,8.0,Subject890,0.6666666666666666,0.5755555555555556
24,2,10.0,Subject139,0.85,0.833035113035113
24,2,10.0,Subject352,0.8333333333333334,0.7866666666666666
24,2,10.0,Subject353,0.6333333333333333,0.5927080327080326
24,2,10.0,Subject611,0.8833333333333333,0.8729292929292929
24,2,10.0,Subject877,0.85,0.8061771561771561
24,2,10.0,Subject890,0.6666666666666666,0.5780952380952381
24,2,15.0,Subject139,0.9,0.8944107744107743
24,2,15.0,Subject352,0.8333333333333334,0.7892063492063492
24,2,15.0,Subject353,0.5833333333333334,0.555983645983646
24,2,15.0,Subject611,0.8333333333333334,0.8109187109187109
24,2,15.0,Subject877,0.8333333333333334,0.7913419913419912
24,2,15.0,Subject890,0.7,0.6314285714285715
24,2,inf,Subject139,0.9,0.8944107744107743
24,2,inf,Subject352,0.8333333333333334,0.7892063492063492
24,2,inf,Subject353,0.5833333333333334,0.555983645983646
24,2,inf,Subject611,0.8333333333333334,0.8109187109187109
24,2,inf,Subject877,0.8333333333333334,0.7913419913419912
24,2,inf,Subject890,0.7,0.6314285714285715
24,4,2.0,Subject139,0.8,0.7790150590150589
24,4,2.0,Subject352,0.7666666666666667,0.7047619047619047
24,4,2.0,Subject353,0.7666666666666667,0.763030303030303
24,4,2.0,Subject611,0.9166666666666666,0.9082202982202983
24,4,2.0,Subject877,0.9166666666666666,0.9037037037037038
24,4,2.0,Subject890,0.8333333333333334,0.8111111111111111
24,4,3.0,Subject139,0.85,0.8518518518518517
24,4,3.0,Subject352,0.7666666666666667,0.7047619047619047
24,4,3.0,Subject353,0.7333333333333333,0.7113960113960114
24,4,3.0,Subject611,0.9166666666666666,0.8941798941798942
24,4,3.0,Subject877,0.8833333333333333,0.8584319384319385
24,4,3.0,Subject890,0.8,0.768888888888889
24,4,4.0,Subject139,0.8666666666666667,0.866931216931217
24,4,4.0,Subject352,0.7666666666666667,0.7047619047619047
24,4,4.0,Subject353,0.7,0.6904195804195805
24,4,4.0,Subject611,0.8833333333333333,0.8692063492063493
24,4,4.0,Subject877,0.9166666666666666,0.9079557479557481
24,4,4.0,Subject890,0.8,0.7644444444444445
24,4,6.0,Subject139,0.85,0.8486772486772486
24,4,6.0,Subject352,0.7666666666666667,0.7047619047619047
24,4,6.0,Subject353,0.6833333333333333,0.6614681614681616
24,4,6.0,Subject611,0.9166666666666666,0.8941798941798942
24,4,6.0,Subject877,0.9166666666666666,0.9079557479557481
24,4,6.0,Subject890,0.8333333333333334,0.7977777777777778
24,4,8.0,Subject139,0.85,0.8486772486772486
24,4,8.0,Subject352,0.8,0.7333333333333332
24,4,8.0,Subject353,0.7166666666666667,0.6805046805046805
24,4,8.0,Subject611,0.9166666666666666,0.8941798941798942
24,4,8.0,Subject877,0.9,0.8893314093314094
24,4,8.0,Subject890,0.8333333333333334,0.7977777777777778
24,4,10.0,Subject139,0.85,0.845998075998076
24,4,10.0,Subject352,0.8,0.7333333333333332
24,4,10.0,Subject353,0.7166666666666667,0.6805046805046805
24,4,10.0,Subject611,0.9333333333333333,0.924886964886965
24,4,10.0,Subject877,0.8833333333333333,0.8667051467051466
24,4,10.0,Subject890,0.8333333333333334,0.7977777777777778
24,4,15.0,Subject139,0.8333333333333334,0.8277441077441077
24,4,15.0,Subject352,0.8,0.7333333333333332
24,4,15.0,Subject353,0.75,0.7264742664742665
24,4,15.0,Subject611,0.95,0.9475132275132275
24,4,15.0,Subject877,0.9,0.8893314093314093
24,4,15.0,Subject890,0.8333333333333334,0.7977777777777778
24,4,inf,Subject139,0.85,0.8414814814814815
24,4,inf,Subject352,0.8,0.7333333333333332
24,4,inf,Subject353,0.7166666666666667,0.6927080327080328
24,4,inf,Subject611,0.95,0.9475132275132275
24,4,inf,Subject877,0.9333333333333333,0.9305820105820106
24,4,inf,Subject890,0.8333333333333334,0.7977777777777778
24,8,2.0,Subject139,0.8333333333333334,0.8089092389092389
24,8,2.0,Subject352,0.8,0.7580952380952382
24,8,2.0,Subject353,0.7833333333333333,0.7693314093314093
24,8,2.0,Subject611,0.9166666666666666,0.9170899470899472
24,8,2.0,Subject877,0.9666666666666667,0.9676190476190477
24,8,2.0,Subject890,0.8666666666666667,0.8422222222222222
24,8,3.0,Subject139,0.8666666666666667,0.835998075998076
24,8,3.0,Subject352,0.8,0.7580952380952382
24,8,3.0,Subject353,0.75,0.7386964886964886
24,8,3.0,Subject611,0.9666666666666667,0.9661375661375662
24,8,3.0,Subject877,0.95,0.9506878306878307
24,8,3.0,Subject890,0.8666666666666667,0.8422222222222222
24,8,4.0,Subject139,0.8666666666666667,0.8433862433862434
24,8,4.0,Subject352,0.8,0.7580952380952382
24,8,4.0,Subject353,0.7166666666666667,0.7106878306878308
24,8,4.0,Subject611,0.9333333333333333,0.9308465608465609
24,8,4.0,Subject877,0.9666666666666667,0.9676190476190477
24,8,4.0,Subject890,0.8333333333333334,0.8136507936507937
24,8,6.0,Subject139,0.9,0.8777777777777778
24,8,6.0,Subject352,0.8333333333333334,0.7866666666666666
24,8,6.0,Subject353,0.6833333333333333,0.6753631553631555
24,8,6.0,Subject611,0.9833333333333333,0.9830687830687831
24,8,6.0,Subject877,0.9666666666666667,0.9676190476190477
24,8,6.0,Subject890,0.8666666666666667,0.84
24,8,8.0,Subject139,0.9,0.8772486772486773
24,8,8.0,Subject352,0.8333333333333334,0.7866666666666666
24,8,8.0,Subject353,0.7333333333333333,0.7316786916786917
24,8,8.0,Subject611,0.9833333333333333,0.9830687830687831
24,8,8.0,Subject877,0.9833333333333333,0.9830687830687831
24,8,8.0,Subject890,0.8333333333333334,0.7866666666666667
24,8,10.0,Subject139,0.9166666666666666,0.8941798941798942
24,8,10.0,Subject352,0.8333333333333334,0.7866666666666666
24,8,10.0,Subject353,0.7,0.7018181818181818
24,8,10.0,Subject611,0.9833333333333333,0.9830687830687831
24,8,10.0,Subject877,0.9833333333333333,0.9830687830687831
24,8,10.0,Subject890,0.8,0.758095238095238
24,8,15.0,Subject139,0.9166666666666666,0.8941798941798942
24,8,15.0,Subject352,0.8333333333333334,0.7866666666666666
24,8,15.0,Subject353,0.6833333333333333,0.6806216006216007
24,8,15.0,Subject611,0.9833333333333333,0.9830687830687831
24,8,15.0,Subject877,0.9833333333333333,0.9830687830687831
24,8,15.0,Subject890,0.8333333333333334,0.7866666666666667
24,8,inf,Subject139,0.9166666666666666,0.8941798941798942
24,8,inf,Subject352,0.8333333333333334,0.7866666666666666
24,8,inf,Subject353,0.6833333333333333,0.6806216006216007
24,8,inf,Subject611,0.9666666666666667,0.9661375661375662
24,8,inf,Subject877,0.9833333333333333,0.9830687830687831
24,8,inf,Subject890,0.8,0.758095238095238
24,17,2.0,Subject139,0.9,0.8950264550264551
24,17,2.0,Subject352,0.7333333333333333,0.7200000000000001
24,17,2.0,Subject353,0.85,0.8437902837902838
24,17,2.0,Subject611,0.9333333333333333,0.935873015873016
24,17,2.0,Subject877,0.9666666666666667,0.9661375661375663
24,17,2.0,Subject890,0.9,0.8755555555555555
24,17,3.0,Subject139,0.8333333333333334,0.8211832611832612
24,17,3.0,Subject352,0.7333333333333333,0.7200000000000001
24,17,3.0,Subject353,0.8333333333333334,0.8130832130832132
24,17,3.0,Subject611,0.9833333333333333,0.9830687830687831
24,17,3.0,Subject877,1.0,1.0
24,17,3.0,Subject890,0.9,0.8755555555555555
24,17,4.0,Subject139,0.8333333333333334,0.8192784992784994
24,17,4.0,Subject352,0.7333333333333333,0.7200000000000001
24,17,4.0,Subject353,0.7833333333333333,0.7735449735449735
24,17,4.0,Subject611,0.95,0.9509523809523811
24,17,4.0,Subject877,0.9833333333333333,0.9830687830687831
24,17,4.0,Subject890,0.9,0.8755555555555555
24,17,6.0,Subject139,0.8166666666666667,0.7985569985569987
24,17,6.0,Subject352,0.7666666666666667,0.7422222222222222
24,17,6.0,Subject353,0.8333333333333334,0.8155555555555555
24,17,6.0,Subject611,0.9833333333333333,0.9830687830687831
24,17,6.0,Subject877,0.9833333333333333,0.9830687830687831
24,17,6.0,Subject890,0.9,0.8755555555555555
24,17,8.0,Subject139,0.8333333333333334,0.8192784992784994
24,17,8.0,Subject352,0.7666666666666667,0.7422222222222222
24,17,8.0,Subject353,0.8333333333333334,0.8092063492063492
24,17,8.0,Subject611,0.9833333333333333,0.9830687830687831
24,17,8.0,Subject877,1.0,1.0
24,17,8.0,Subject890,0.9333333333333333,0.9111111111111111
24,17,10.0,Subject139,0.85,0.8379028379028379
24,17,10.0,Subject352,0.7666666666666667,0.7422222222222222
24,17,10.0,Subject353,0.8166666666666667,0.791986531986532
24,17,10.0,Subject611,0.9666666666666667,0.9676190476190477
24,17,10.0,Subject877,1.0,1.0
24,17,10.0,Subject890,0.9,0.8755555555555555
24,17,15.0,Subject139,0.8833333333333333,0.8734583934583936
24,17,15.0,Subject352,0.8,0.7866666666666666
24,17,15.0,Subject353,0.8333333333333334,0.8058393458393458
24,17,15.0,Subject611,0.9666666666666667,0.9676190476190477
24,17,15.0,Subject877,1.0,1.0
24,17,15.0,Subject890,0.9333333333333333,0.9111111111111111
24,17,inf,Subject139,0.8666666666666667,0.8565271765271766
24,17,inf,Subject352,0.8333333333333334,0.8088888888888889
24,17,inf,Subject353,0.8166666666666667,0.791986531986532
24,17,inf,Subject611,0.9666666666666667,0.9676190476190477
24,17,inf,Subject877,1.0,1.0
24,17,inf,Subject890,0.9333333333333333,0.9111111111111111
25,2,2.0,Subject352,0.6666666666666666,0.6523809523809523
25,2,2.0,Subject353,0.7833333333333333,0.7408128908128908
25,2,2.0,Subject354,0.65,0.616148296148296
25,2,2.0,Subject561,0.7333333333333333,0.6859126059126059
25,2,2.0,Subject571,0.7333333333333333,0.6888888888888888
25,2,2.0,Subject611,0.7166666666666667,0.6995767195767196
25,2,3.0,Subject352,0.6666666666666666,0.619047619047619
25,2,3.0,Subject353,0.75,0.706084656084656
25,2,3.0,Subject354,0.65,0.6072801272801273
25,2,3.0,Subject561,0.75,0.7115343915343915
25,2,3.0,Subject571,0.7666666666666667,0.7177777777777778
25,2,3.0,Subject611,0.75,0.7343589743589743
25,2,4.0,Subject352,0.6666666666666666,0.6199999999999999
25,2,4.0,Subject353,0.7166666666666667,0.6727716727716727
25,2,4.0,Subject354,0.6666666666666666,0.6297465497465498
25,2,4.0,Subject561,0.7333333333333333,0.6937566137566137
25,2,4.0,Subject571,0.7,0.6447619047619048
25,2,4.0,Subject611,0.75,0.7415547415547415
25,2,6.0,Subject352,0.6333333333333333,0.5822222222222222
25,2,6.0,Subject353,0.6833333333333333,0.6310785510785509
25,2,6.0,Subject354,0.6333333333333333,0.5915536315536315
25,2,6.0,Subject561,0.7166666666666667,0.6564021164021163
25,2,6.0,Subject571,0.7333333333333333,0.6892063492063492
25,2,6.0,Subject611,0.7166666666666667,0.6910929810929811
25,2,8.0,Subject352,0.6666666666666666,0.6155555555555555
25,2,8.0,Subject353,0.6666666666666666,0.5933862433862434
25,2,8.0,Subject354,0.6666666666666666,0.6311111111111111
25,2,8.0,Subject561,0.7166666666666667,0.6644829244829246
25,2,8.0,Subject571,0.7333333333333333,0.6714285714285714
25,2,8.0,Subject611,0.7666666666666667,0.7574469974469974
25,2,10.0,Subject352,0.6,0.5622222222222223
25,2,10.0,Subject353,0.6666666666666666,0.59001924001924
25,2,10.0,Subject354,0.6666666666666666,0.6311111111111111
25,2,10.0,Subject561,0.75,0.7097354497354497
25,2,10.0,Subject571,0.7666666666666667,0.7225396825396826
25,2,10.0,Subject611,0.7833333333333333,0.7688023088023088
25,2,15.0,Subject352,0.7333333333333333,0.6977777777777778
25,2,15.0,Subject353,0.6666666666666666,0.59001924001924
25,2,15.0,Subject354,0.6833333333333333,0.6412698412698413
25,2,15.0,Subject561,0.7333333333333333,0.687109187109187
25,2,15.0,Subject571,0.6666666666666666,0.6066666666666668
25,2,15.0,Subject611,0.7833333333333333,0.7688023088023088
25,2,inf,Subject352,0.7333333333333333,0.6822222222222223
25,2,inf,Subject353,0.6666666666666666,0.59001924001924
25,2,inf,Subject354,0.7,0.6590476190476191
25,2,inf,Subject561,0.7333333333333333,0.687109187109187
25,2,inf,Subject571,0.6666666666666666,0.6066666666666668
25,2,inf,Subject611,0.7833333333333333,0.7688023088023088
25,4,2.0,Subject352,0.7,0.6666666666666666
25,4,2.0,Subject353,0.7333333333333333,0.7002116402116402
25,4,2.0,Subject354,0.7666666666666667,0.7482202982202982
25,4,2.0,Subject561,0.7333333333333333,0.6666666666666666
25,4,2.0,Subject571,0.7333333333333333,0.6834920634920636
25,4,2.0,Subject611,0.7333333333333333,0.7139345839345841
25,4,3.0,Subject352,0.6,0.5555555555555556
25,4,3.0,Subject353,0.7166666666666667,0.6919191919191919
25,4,3.0,Subject354,0.8,0.7771813371813372
25,4,3.0,Subject561,0.75,0.6933333333333334
25,4,3.0,Subject571,0.8,0.7777777777777778
25,4,3.0,Subject611,0.8666666666666667,0.8625396825396827
25,4,4.0,Subject352,0.7333333333333333,0.7066666666666667
25,4,4.0,Subject353,0.7,0.6831361231361233
25,4,4.0,Subject354,0.7833333333333333,0.7631746031746032
25,4,4.0,Subject561,0.7,0.6444444444444445
25,4,4.0,Subject571,0.8,0.7644444444444445
25,4,4.0,Subject611,0.8833333333333333,0.8785377585377585
25,4,6.0,Subject352,0.7,0.6711111111111111
25,4,6.0,Subject353,0.6833333333333333,0.657104377104377
25,4,6.0,Subject354,0.8,0.7805483405483405
25,4,6.0,Subject561,0.7333333333333333,0.6666666666666666
25,4,6.0,Subject571,0.8,0.7644444444444445
25,4,6.0,Subject611,0.85,0.8392592592592593
25,4,8.0,Subject352,0.7666666666666667,0.7288888888888889
25,4,8.0,Subject353,0.6833333333333333,0.6585858585858585
25,4,8.0,Subject354,0.8166666666666667,0.7967051467051467
25,4,8.0,Subject561,0.7333333333333333,0.6931409331409332
25,4,8.0,Subject571,0.8,0.7644444444444445
25,4,8.0,Subject611,0.85,0.8475132275132273
25,4,10.0,Subject352,0.7666666666666667,0.7422222222222222
25,4,10.0,Subject353,0.7,0.6734391534391534
25,4,10.0,Subject354,0.8333333333333334,0.8167388167388168
25,4,10.0,Subject561,0.75,0.709033189033189
25,4,10.0,Subject571,0.7666666666666667,0.711111111111111
25,4,10.0,Subject611,0.8333333333333334,0.8223280423280422
25,4,15.0,Subject352,0.7333333333333333,0.6888888888888888
25,4,15.0,Subject353,0.6833333333333333,0.6545839345839347
25,4,15.0,Subject354,0.85,0.829015059015059
25,4,15.0,Subject561,0.7666666666666667,0.7178835978835978
25,4,15.0,Subject571,0.8333333333333334,0.8
25,4,15.0,Subject611,0.8333333333333334,0.8071957671957671
25,4,inf,Subject352,0.7333333333333333,0.6888888888888888
25,4,inf,Subject353,0.7,0.6592977392977394
25,4,inf,Subject354,0.85,0.829015059015059
25,4,inf,Subject561,0.7333333333333333,0.6783261183261184
25,4,inf,Subject571,0.8,0.7577777777777778
25,4,inf,Subject611,0.8333333333333334,0.8071957671957671
25,8,2.0,Subject352,0.7333333333333333,0.7200000000000001
25,8,2.0,Subject353,0.7333333333333333,0.6941665741665742
25,8,2.0,Subject354,0.85,0.8279172679172679
25,8,2.0,Subject561,0.7666666666666667,0.7011784511784512
25,8,2.0,Subject571,0.8666666666666667,0.8666666666666667
25,8,2.0,Subject611,0.8,0.7616157916157917
25,8,3.0,Subject352,0.7,0.6755555555555556
25,8,3.0,Subject353,0.7333333333333333,0.68005291005291
25,8,3.0,Subject354,0.8833333333333333,0.8529292929292929
25,8,3.0,Subject561,0.7166666666666667,0.6533862433862434
25,8,3.0,Subject571,0.8666666666666667,0.8644444444444446
25,8,3.0,Subject611,0.8333333333333334,0.7911640211640212
25,8,4.0,Subject352,0.7333333333333333,0.7088888888888889
25,8,4.0,Subject353,0.75,0.6996499796499797
25,8,4.0,Subject354,0.8833333333333333,0.8529292929292929
25,8,4.0,Subject561,0.7,0.6248148148148148
25,8,4.0,Subject571,0.9,0.8977777777777778
25,8,4.0,Subject611,0.85,0.8078306878306879
25,8,6.0,Subject352,0.7,0.6733333333333333
25,8,6.0,Subject353,0.75,0.7015873015873015
25,8,6.0,Subject354,0.9166666666666666,0.8941798941798942
25,8,6.0,Subject561,0.7,0.6355555555555555
25,8,6.0,Subject571,0.9333333333333333,0.9333333333333332
25,8,6.0,Subject611,0.8333333333333334,0.7892063492063492
25,8,8.0,Subject352,0.7666666666666667,0.7422222222222222
25,8,8.0,Subject353,0.7833333333333333,0.7490139490139491
25,8,8.0,Subject354,0.9166666666666666,0.8941798941798942
25,8,8.0,Subject561,0.7166666666666667,0.6386243386243386
25,8,8.0,Subject571,0.9333333333333333,0.9333333333333332
25,8,8.0,Subject611,0.8666666666666667,0.8374277574277575
25,8,10.0,Subject352,0.7666666666666667,0.7422222222222222
25,8,10.0,Subject353,0.7666666666666667,0.7331409331409333
25,8,10.0,Subject354,0.9166666666666666,0.9062626262626261
25,8,10.0,Subject561,0.7333333333333333,0.6675132275132275
25,8,10.0,Subject571,0.9,0.8825396825396825
25,8,10.0,Subject611,0.85,0.8078306878306879
25,8,15.0,Subject352,0.7666666666666667,0.7422222222222222
25,8,15.0,Subject353,0.7666666666666667,0.7306012506012507
25,8,15.0,Subject354,0.9166666666666666,0.9062626262626261
25,8,15.0,Subject561,0.7333333333333333,0.6693314093314093
25,8,15.0,Subject571,0.9,0.8977777777777777
25,8,15.0,Subject611,0.85,0.8078306878306879
25,8,inf,Subject352,0.7666666666666667,0.7422222222222222
25,8,inf,Subject353,0.7666666666666667,0.7283790283790285
25,8,inf,Subject354,0.9166666666666666,0.9062626262626261
25,8,inf,Subject561,0.75,0.6862626262626262
25,8,inf,Subject571,0.9333333333333333,0.9288888888888888
25,8,inf,Subject611,0.8333333333333334,0.7908994708994709
25,17,2.0,Subject352,0.7,0.6866666666666666
25,17,2.0,Subject353,0.7833333333333333,0.7333718133718136
25,17,2.0,Subject354,0.9,0.8988359788359789
25,17,2.0,Subject561,0.8166666666666667,0.7640404040404041
25,17,2.0,Subject571,0.8,0.7955555555555556
25,17,2.0,Subject611,0.85,0.826031746031746
25,17,3.0,Subject352,0.7333333333333333,0.7088888888888889
25,17,3.0,Subject353,0.7833333333333333,0.7386243386243386
25,17,3.0,Subject354,0.9333333333333333,0.9305820105820106
25,17,3.0,Subject561,0.7333333333333333,0.6721885521885522
25,17,3.0,Subject571,0.9333333333333333,0.9288888888888889
25,17,3.0,Subject611,0.8833333333333333,0.8567388167388168
25,17,4.0,Subject352,0.7333333333333333,0.7088888888888889
25,17,4.0,Subject353,0.7666666666666667,0.7231361231361232
25,17,4.0,Subject354,0.9333333333333333,0.9305820105820106
25,17,4.0,Subject561,0.75,0.6862626262626264
25,17,4.0,Subject571,0.9,0.8755555555555555
25,17,4.0,Subject611,0.8666666666666667,0.839191919191919
25,17,6.0,Subject352,0.7666666666666667,0.7533333333333333
25,17,6.0,Subject353,0.7666666666666667,0.7302789802789802
25,17,6.0,Subject354,0.95,0.9475132275132274
25,17,6.0,Subject561,0.7666666666666667,0.7151515151515152
25,17,6.0,Subject571,0.9,0.8755555555555555
25,17,6.0,Subject611,0.9,0.8747474747474747
25,17,8.0,Subject352,0.8,0.7755555555555556
25,17,8.0,Subject353,0.7833333333333333,0.7472823472823472
25,17,8.0,Subject354,0.9666666666666667,0.9661375661375663
25,17,8.0,Subject561,0.7333333333333333,0.6555555555555554
25,17,8.0,Subject571,0.9333333333333333,0.9333333333333332
25,17,8.0,Subject611,0.9,0.8747474747474747
25,17,10.0,Subject352,0.8333333333333334,0.8088888888888889
25,17,10.0,Subject353,0.8,0.7615536315536316
25,17,10.0,Subject354,0.9666666666666667,0.9661375661375663
25,17,10.0,Subject561,0.75,0.6862626262626262
25,17,10.0,Subject571,0.9333333333333333,0.9333333333333332
25,17,10.0,Subject611,0.9,0.8747474747474747
25,17,15.0,Subject352,0.8333333333333334,0.8088888888888889
25,17,15.0,Subject353,0.7666666666666667,0.732948532948533
25,17,15.0,Subject354,0.9833333333333333,0.9830687830687831
25,17,15.0,Subject561,0.75,0.6862626262626262
25,17,15.0,Subject571,0.9666666666666667,0.9644444444444444
25,17,15.0,Subject611,0.9,0.8747474747474747
25,17,inf,Subject352,0.8333333333333334,0.8088888888888889
25,17,inf,Subject353,0.75,0.7174469974469974
25,17,inf,Subject354,0.9833333333333333,0.9830687830687831
25,17,inf,Subject561,0.7666666666666667,0.716969696969697
25,17,inf,Subject571,0.9666666666666667,0.9644444444444444
25,17,inf,Subject611,0.9,0.8747474747474747
26,2,2.0,Subject147,0.7419354838709677,0.6688888888888889
26,2,2.0,Subject352,0.7666666666666667,0.7269841269841268
26,2,2.0,Subject494,0.43333333333333335,0.35229437229437227
26,2,2.0,Subject580,0.6444444444444445,0.6184755114166881
26,2,2.0,Subject611,0.8666666666666667,0.8612698412698413
26,2,2.0,Subject969,0.5666666666666667,0.5155555555555555
26,2,3.0,Subject147,0.7741935483870968,0.7203174603174604
26,2,3.0,Subject352,0.7,0.6603174603174602
26,2,3.0,Subject494,0.38333333333333336,0.3104809787162728
26,2,3.0,Subject580,0.6444444444444445,0.633388920447744
26,2,3.0,Subject611,0.85,0.833881673881674
26,2,3.0,Subject969,0.6333333333333333,0.56
26,2,4.0,Subject147,0.7419354838709677,0.6892063492063492
26,2,4.0,Subject352,0.7,0.6469841269841269
26,2,4.0,Subject494,0.35,0.2988034188034188
26,2,4.0,Subject580,0.6111111111111112,0.6041123983229245
26,2,4.0,Subject611,0.9,0.8911111111111112
26,2,4.0,Subject969,0.6,0.5203174603174603
26,2,6.0,Subject147,0.7741935483870968,0.7177777777777777
26,2,6.0,Subject352,0.7,0.6469841269841269
26,2,6.0,Subject494,0.35,0.2973737373737374
26,2,6.0,Subject580,0.6444444444444445,0.6371728271728272
26,2,6.0,Subject611,0.8833333333333333,0.8564021164021164
26,2,6.0,Subject969,0.6333333333333333,0.5577777777777778
26,2,8.0,Subject147,0.7741935483870968,0.7247619047619047
26,2,8.0,Subject352,0.7333333333333333,0.7003174603174602
26,2,8.0,Subject494,0.35,0.2973737373737374
26,2,8.0,Subject580,0.6666666666666666,0.6541368761956998
26,2,8.0,Subject611,0.8833333333333333,0.8564021164021164
26,2,8.0,Subject969,0.6666666666666666,0.6
26,2,10.0,Subject147,0.7741935483870968,0.7247619047619047
26,2,10.0,Subject352,0.7,0.6511111111111111
26,2,10.0,Subject494,0.35,0.2973737373737374
26,2,10.0,Subject580,0.6444444444444445,0.6311820532408768
26,2,10.0,Subject611,0.8833333333333333,0.8564021164021164
26,2,10.0,Subject969,0.6666666666666666,0.5936507936507937
26,2,15.0,Subject147,0.7741935483870968,0.7247619047619047
26,2,15.0,Subject352,0.7,0.6422222222222221
26,2,15.0,Subject494,0.36666666666666664,0.31622895622895625
26,2,15.0,Subject580,0.6333333333333333,0.6205146315672632
26,2,15.0,Subject611,0.8833333333333333,0.8541991341991343
26,2,15.0,Subject969,0.6333333333333333,0.5625396825396826
26,2,inf,Subject147,0.7741935483870968,0.7247619047619047
26,2,inf,Subject352,0.7,0.6422222222222221
26,2,inf,Subject494,0.36666666666666664,0.31622895622895625
26,2,inf,Subject580,0.6444444444444445,0.634611662846957
26,2,inf,Subject611,0.8666666666666667,0.8372679172679174
26,2,inf,Subject969,0.6333333333333333,0.5536507936507937
26,4,2.0,Subject147,0.7741935483870968,0.76
26,4,2.0,Subject352,0.7666666666666667,0.7333333333333333
26,4,2.0,Subject494,0.4666666666666667,0.38312576312576313
26,4,2.0,Subject580,0.6888888888888889,0.6548269858796175
26,4,2.0,Subject611,0.85,0.8401058201058202
26,4,2.0,Subject969,0.7,0.6340740740740741
26,4,3.0,Subject147,0.8709677419354839,0.857777777777778
26,4,3.0,Subject352,0.7333333333333333,0.711111111111111
26,4,3.0,Subject494,0.4666666666666667,0.3791482591482591
26,4,3.0,Subject580,0.7222222222222222,0.7081386741913057
26,4,3.0,Subject611,0.8833333333333333,0.8766137566137566
26,4,3.0,Subject969,0.7333333333333333,0.6799999999999999
26,4,4.0,Subject147,0.8709677419354839,0.8644444444444445
26,4,4.0,Subject352,0.7666666666666667,0.7333333333333333
26,4,4.0,Subject494,0.38333333333333336,0.3057142857142857
26,4,4.0,Subject580,0.6555555555555556,0.6428038192744074
26,4,4.0,Subject611,0.9,0.8967195767195766
26,4,4.0,Subject969,0.7333333333333333,0.7051851851851851
26,4,6.0,Subject147,0.8709677419354839,0.86
26,4,6.0,Subject352,0.8,0.7555555555555554
26,4,6.0,Subject494,0.38333333333333336,0.3146031746031746
26,4,6.0,Subject580,0.6666666666666666,0.6339974404680288
26,4,6.0,Subject611,0.9333333333333333,0.9288888888888888
26,4,6.0,Subject969,0.7666666666666667,0.7377777777777778
26,4,8.0,Subject147,0.8709677419354839,0.86
26,4,8.0,Subject352,0.8333333333333334,0.8088888888888889
26,4,8.0,Subject494,0.4,0.3212698412698413
26,4,8.0,Subject580,0.6888888888888889,0.6634343434343435
26,4,8.0,Subject611,0.9333333333333333,0.9288888888888888
26,4,8.0,Subject969,0.7,0.6518518518518519
26,4,10.0,Subject147,0.8387096774193549,0.8133333333333334
26,4,10.0,Subject352,0.8333333333333334,0.8088888888888889
26,4,10.0,Subject494,0.38333333333333336,0.3115728715728716
26,4,10.0,Subject580,0.7111111111111111,0.6793917193917195
26,4,10.0,Subject611,0.9333333333333333,0.9288888888888888
26,4,10.0,Subject969,0.7666666666666667,0.7162962962962962
26,4,15.0,Subject147,0.8709677419354839,0.8488888888888889
26,4,15.0,Subject352,0.8,0.7866666666666666
26,4,15.0,Subject494,0.4,0.3212698412698413
26,4,15.0,Subject580,0.7111111111111111,0.6863755199049317
26,4,15.0,Subject611,0.9333333333333333,0.9288888888888888
26,4,15.0,Subject969,0.7,0.648888888888889
26,4,inf,Subject147,0.8709677419354839,0.8488888888888889
26,4,inf,Subject352,0.8333333333333334,0.8222222222222222
26,4,inf,Subject494,0.38333333333333336,0.29333333333333333
26,4,inf,Subject580,0.7111111111111111,0.6872489601901367
26,4,inf,Subject611,0.9166666666666666,0.911957671957672
26,4,inf,Subject969,0.7,0.6577777777777778
26,8,2.0,Subject147,0.8387096774193549,0.8044444444444445
26,8,2.0,Subject352,0.7333333333333333,0.72
26,8,2.0,Subject494,0.4666666666666667,0.3811427787898376
26,8,2.0,Subject580,0.7777777777777778,0.7507448107448108
26,8,2.0,Subject611,0.7833333333333333,0.7661375661375661
26,8,2.0,Subject969,0.7,0.662962962962963
26,8,3.0,Subject147,0.8709677419354839,0.857777777777778
26,8,3.0,Subject352,0.7333333333333333,0.72
26,8,3.0,Subject494,0.43333333333333335,0.3382828282828283
26,8,3.0,Subject580,0.8,0.7837062937062937
26,8,3.0,Subject611,0.7666666666666667,0.7358922558922558
26,8,3.0,Subject969,0.7333333333333333,0.6911111111111111
26,8,4.0,Subject147,0.8709677419354839,0.857777777777778
26,8,4.0,Subject352,0.7333333333333333,0.72
26,8,4.0,Subject494,0.36666666666666664,0.2781144781144781
26,8,4.0,Subject580,0.7666666666666667,0.7531934731934733
26,8,4.0,Subject611,0.8166666666666667,0.7919576719576719
26,8,4.0,Subject969,0.7333333333333333,0.674074074074074
26,8,6.0,Subject147,0.8709677419354839,0.84
26,8,6.0,Subject352,0.7333333333333333,0.711111111111111
26,8,6.0,Subject494,0.35,0.2502923976608187
26,8,6.0,Subject580,0.7777777777777778,0.7498094062799944
26,8,6.0,Subject611,0.8333333333333334,0.8088888888888889
26,8,6.0,Subject969,0.7333333333333333,0.6711111111111111
26,8,8.0,Subject147,0.9032258064516129,0.8933333333333333
26,8,8.0,Subject352,0.7666666666666667,0.7555555555555554
26,8,8.0,Subject494,0.35,0.2518518518518518
26,8,8.0,Subject580,0.7888888888888889,0.7578302743008625
26,8,8.0,Subject611,0.85,0.8245117845117844
26,8,8.0,Subject969,0.7333333333333333,0.6666666666666666
26,8,10.0,Subject147,0.9032258064516129,0.8933333333333333
26,8,10.0,Subject352,0.7666666666666667,0.7555555555555554
26,8,10.0,Subject494,0.35,0.24740740740740735
26,8,10.0,Subject580,0.7777777777777778,0.7487149887149885
26,8,10.0,Subject611,0.85,0.8245117845117844
26,8,10.0,Subject969,0.7333333333333333,0.6711111111111111
26,8,15.0,Subject147,0.8387096774193549,0.7866666666666666
26,8,15.0,Subject352,0.8,0.7866666666666666
26,8,15.0,Subject494,0.35,0.24740740740740735
26,8,15.0,Subject580,0.7888888888888889,0.7669789469789469
26,8,15.0,Subject611,0.8666666666666667,0.8548148148148147
26,8,15.0,Subject969,0.7,0.6444444444444444
26,8,inf,Subject147,0.8387096774193549,0.7866666666666666
26,8,inf,Subject352,0.8333333333333334,0.8222222222222222
26,8,inf,Subject494,0.35,0.24584795321637423
26,8,inf,Subject580,0.7888888888888889,0.7733843933843934
26,8,inf,Subject611,0.8833333333333333,0.8707070707070705
26,8,inf,Subject969,0.7,0.6444444444444444
26,17,2.0,Subject147,0.8709677419354839,0.857777777777778
26,17,2.0,Subject352,0.7666666666666667,0.7555555555555554
26,17,2.0,Subject494,0.6666666666666666,0.6002614379084968
26,17,2.0,Subject580,0.8444444444444444,0.8478255078255078
26,17,2.0,Subject611,0.8166666666666667,0.7957671957671959
26,17,2.0,Subject969,0.8,0.7718518518518518
26,17,3.0,Subject147,0.9354838709677419,0.9288888888888889
26,17,3.0,Subject352,0.7666666666666667,0.7555555555555554
26,17,3.0,Subject494,0.6666666666666666,0.6002614379084968
26,17,3.0,Subject580,0.9111111111111111,0.9077899877899878
26,17,3.0,Subject611,0.8333333333333334,0.8120634920634922
26,17,3.0,Subject969,0.7,0.6666666666666665
26,17,4.0,Subject147,0.9032258064516129,0.8933333333333334
26,17,4.0,Subject352,0.7666666666666667,0.7555555555555554
26,17,4.0,Subject494,0.5833333333333334,0.5074074074074074
26,17,4.0,Subject580,0.9,0.8989765789765788
26,17,4.0,Subject611,0.8333333333333334,0.8241462241462242
26,17,4.0,Subject969,0.7666666666666667,0.7518518518518518
26,17,6.0,Subject147,0.9354838709677419,0.9311111111111111
26,17,6.0,Subject352,0.8333333333333334,0.8222222222222222
26,17,6.0,Subject494,0.5833333333333334,0.5155555555555555
26,17,6.0,Subject580,0.9333333333333333,0.9327450327450325
26,17,6.0,Subject611,0.8833333333333333,0.875998075998076
26,17,6.0,Subject969,0.7333333333333333,0.7162962962962962
26,17,8.0,Subject147,0.9354838709677419,0.9311111111111111
26,17,8.0,Subject352,0.8333333333333334,0.8222222222222222
26,17,8.0,Subject494,0.5833333333333334,0.5115151515151515
26,17,8.0,Subject580,0.9444444444444444,0.943201243201243
26,17,8.0,Subject611,0.8833333333333333,0.861183261183261
26,17,8.0,Subject969,0.7,0.6807407407407406
26,17,10.0,Subject147,0.9354838709677419,0.9311111111111111
26,17,10.0,Subject352,0.8666666666666667,0.8444444444444444
26,17,10.0,Subject494,0.5666666666666667,0.4773631047315258
26,17,10.0,Subject580,0.9333333333333333,0.9320124320124319
26,17,10.0,Subject611,0.8833333333333333,0.861183261183261
26,17,10.0,Subject969,0.7333333333333333,0.7007407407407408
26,17,15.0,Subject147,0.9354838709677419,0.9311111111111111
26,17,15.0,Subject352,0.8666666666666667,0.8444444444444444
26,17,15.0,Subject494,0.6166666666666667,0.5417402091086302
26,17,15.0,Subject580,0.9333333333333333,0.9325430125430124
26,17,15.0,Subject611,0.8833333333333333,0.861183261183261
26,17,15.0,Subject969,0.7,0.6533333333333334
26,17,inf,Subject147,0.9354838709677419,0.9311111111111111
26,17,inf,Subject352,0.8666666666666667,0.8444444444444444
26,17,inf,Subject494,0.6166666666666667,0.5417402091086302
26,17,inf,Subject580,0.9111111111111111,0.90997890997891
26,17,inf,Subject611,0.8833333333333333,0.861183261183261
26,17,inf,Subject969,0.7,0.6533333333333334
27,2,2.0,Subject226,0.7,0.6492063492063491
27,2,2.0,Subject352,0.8666666666666667,0.84
27,2,2.0,Subject611,0.85,0.8250264550264551
27,2,2.0,Subject741,0.5833333333333334,0.5498508898508898
27,2,2.0,Subject890,0.6,0.5298412698412698
27,2,2.0,Subject969,0.7,0.611111111111111
27,2,3.0,Subject226,0.6333333333333333,0.562962962962963
27,2,3.0,Subject352,0.8,0.7755555555555554
27,2,3.0,Subject611,0.8333333333333334,0.8067724867724867
27,2,3.0,Subject741,0.6,0.5512169312169313
27,2,3.0,Subject890,0.5666666666666667,0.5111111111111112
27,2,3.0,Subject969,0.6333333333333333,0.5451851851851851
27,2,4.0,Subject226,0.6333333333333333,0.562962962962963
27,2,4.0,Subject352,0.8333333333333334,0.8088888888888888
27,2,4.0,Subject611,0.85,0.814006734006734
27,2,4.0,Subject741,0.5833333333333334,0.5158891435362024
27,2,4.0,Subject890,0.5666666666666667,0.5044444444444445
27,2,4.0,Subject969,0.7,0.6488888888888888
27,2,6.0,Subject226,0.6666666666666666,0.5851851851851851
27,2,6.0,Subject352,0.8666666666666667,0.8444444444444443
27,2,6.0,Subject611,0.8333333333333334,0.8004425204425203
27,2,6.0,Subject741,0.5666666666666667,0.5008128908128909
27,2,6.0,Subject890,0.6,0.5380952380952381
27,2,6.0,Subject969,0.7,0.6288888888888888
27,2,8.0,Subject226,0.5666666666666667,0.5136507936507937
27,2,8.0,Subject352,0.9,0.8755555555555555
27,2,8.0,Subject611,0.85,0.8190668590668589
27,2,8.0,Subject741,0.55,0.47962651727357614
27,2,8.0,Subject890,0.6,0.5444444444444444
27,2,8.0,Subject969,0.7,0.6288888888888888
27,2,10.0,Subject226,0.6,0.5377777777777778
27,2,10.0,Subject352,0.9,0.8755555555555555
27,2,10.0,Subject611,0.85,0.8190668590668589
27,2,10.0,Subject741,0.55,0.4776507152977741
27,2,10.0,Subject890,0.6333333333333333,0.5825396825396825
27,2,10.0,Subject969,0.6666666666666666,0.5755555555555555
27,2,15.0,Subject226,0.6333333333333333,0.5496296296296297
27,2,15.0,Subject352,0.9,0.8755555555555555
27,2,15.0,Subject611,0.8333333333333334,0.7883597883597883
27,2,15.0,Subject741,0.5333333333333333,0.4492411292411293
27,2,15.0,Subject890,0.7,0.6469841269841269
27,2,15.0,Subject969,0.7,0.6288888888888888
27,2,inf,Subject226,0.6666666666666666,0.5718518518518518
27,2,inf,Subject352,0.9333333333333333,0.9111111111111111
27,2,inf,Subject611,0.8333333333333334,0.7883597883597883
27,2,inf,Subject741,0.5333333333333333,0.4532372306056517
27,2,inf,Subject890,0.7,0.6469841269841269
27,2,inf,Subject969,0.7333333333333333,0.6644444444444445
27,4,2.0,Subject226,0.6,0.5425396825396827
27,4,2.0,Subject352,0.9,0.8755555555555555
27,4,2.0,Subject611,0.8166666666666667,0.7938624338624339
27,4,2.0,Subject741,0.6666666666666666,0.6082202982202981
27,4,2.0,Subject890,0.5666666666666667,0.5121693121693122
27,4,2.0,Subject969,0.8,0.74
27,4,3.0,Subject226,0.6333333333333333,0.5666666666666667
27,4,3.0,Subject352,0.9,0.8755555555555555
27,4,3.0,Subject611,0.7666666666666667,0.746504824151883
27,4,3.0,Subject741,0.6333333333333333,0.572983312983313
27,4,3.0,Subject890,0.6,0.5451851851851852
27,4,3.0,Subject969,0.8333333333333334,0.8158730158730159
27,4,4.0,Subject226,0.6,0.5222222222222223
27,4,4.0,Subject352,0.9333333333333333,0.9111111111111111
27,4,4.0,Subject611,0.75,0.7166137566137567
27,4,4.0,Subject741,0.6333333333333333,0.5740933140933141
27,4,4.0,Subject890,0.6,0.5432804232804233
27,4,4.0,Subject969,0.8,0.7666666666666667
27,4,6.0,Subject226,0.6333333333333333,0.5533333333333333
27,4,6.0,Subject352,0.9333333333333333,0.9111111111111111
27,4,6.0,Subject611,0.7666666666666667,0.7356613756613757
27,4,6.0,Subject741,0.65,0.5928967328967328
27,4,6.0,Subject890,0.6,0.52
27,4,6.0,Subject969,0.8,0.7666666666666667
27,4,8.0,Subject226,0.5666666666666667,0.5007407407407408
27,4,8.0,Subject352,0.9333333333333333,0.9111111111111111
27,4,8.0,Subject611,0.7666666666666667,0.7356613756613757
27,4,8.0,Subject741,0.6333333333333333,0.5664224664224664
27,4,8.0,Subject890,0.5666666666666667,0.4911111111111111
27,4,8.0,Subject969,0.8,0.7666666666666667
27,4,10.0,Subject226,0.6,0.5318518518518519
27,4,10.0,Subject352,0.9333333333333333,0.9111111111111111
27,4,10.0,Subject611,0.75,0.7040682514366724
27,4,10.0,Subject741,0.6166666666666667,0.5503052503052502
27,4,10.0,Subject890,0.5666666666666667,0.4911111111111111
27,4,10.0,Subject969,0.8,0.7666666666666667
27,4,15.0,Subject226,0.6666666666666666,0.5888888888888889
27,4,15.0,Subject352,0.9333333333333333,0.9111111111111111
27,4,15.0,Subject611,0.75,0.7074352548036758
27,4,15.0,Subject741,0.6166666666666667,0.5503052503052502
27,4,15.0,Subject890,0.5666666666666667,0.4911111111111111
27,4,15.0,Subject969,0.8,0.7666666666666667
27,4,inf,Subject226,0.6666666666666666,0.5888888888888889
27,4,inf,Subject352,0.9333333333333333,0.9111111111111111
27,4,inf,Subject611,0.75,0.7074352548036758
27,4,inf,Subject741,0.6166666666666667,0.5553113553113553
27,4,inf,Subject890,0.5333333333333333,0.4688888888888888
27,4,inf,Subject969,0.7666666666666667,0.7311111111111112
27,8,2.0,Subject226,0.8,0.7511111111111112
27,8,2.0,Subject352,0.9,0.8888888888888888
27,8,2.0,Subject611,0.85,0.8445502645502645
27,8,2.0,Subject741,0.8166666666666667,0.806791726791727
27,8,2.0,Subject890,0.8,0.758095238095238
27,8,2.0,Subject969,0.8333333333333334,0.7977777777777778
27,8,3.0,Subject226,0.8,0.7555555555555556
27,8,3.0,Subject352,0.8666666666666667,0.8533333333333333
27,8,3.0,Subject611,0.85,0.8415007215007215
27,8,3.0,Subject741,0.7666666666666667,0.743068783068783
27,8,3.0,Subject890,0.7666666666666667,0.7244444444444443
27,8,3.0,Subject969,0.8333333333333334,0.8247619047619047
27,8,4.0,Subject226,0.7,0.6514285714285715
27,8,4.0,Subject352,0.8333333333333334,0.7999999999999999
27,8,4.0,Subject611,0.8833333333333333,0.8785388685388685
27,8,4.0,Subject741,0.7666666666666667,0.7456469456469457
27,8,4.0,Subject890,0.7333333333333333,0.6666666666666666
27,8,4.0,Subject969,0.8333333333333334,0.8111111111111111
27,8,6.0,Subject226,0.7,0.638095238095238
27,8,6.0,Subject352,0.8666666666666667,0.8533333333333333
27,8,6.0,Subject611,0.8666666666666667,0.8404232804232805
27,8,6.0,Subject741,0.7333333333333333,0.7052055352055352
27,8,6.0,Subject890,0.7,0.6355555555555555
27,8,6.0,Subject969,0.8,0.7755555555555556
27,8,8.0,Subject226,0.6666666666666666,0.6069841269841271
27,8,8.0,Subject352,0.8666666666666667,0.8533333333333333
27,8,8.0,Subject611,0.8666666666666667,0.846984126984127
27,8,8.0,Subject741,0.75,0.7127391127391127
27,8,8.0,Subject890,0.7,0.6355555555555555
27,8,8.0,Subject969,0.8,0.7755555555555556
27,8,10.0,Subject226,0.7,0.638095238095238
27,8,10.0,Subject352,0.8666666666666667,0.8533333333333333
27,8,10.0,Subject611,0.8666666666666667,0.846984126984127
27,8,10.0,Subject741,0.7333333333333333,0.6964428164428165
27,8,10.0,Subject890,0.7333333333333333,0.666984126984127
27,8,10.0,Subject969,0.8333333333333334,0.8111111111111111
27,8,15.0,Subject226,0.7,0.638095238095238
27,8,15.0,Subject352,0.8666666666666667,0.8533333333333333
27,8,15.0,Subject611,0.8833333333333333,0.8765811965811966
27,8,15.0,Subject741,0.7333333333333333,0.7116065416065415
27,8,15.0,Subject890,0.7666666666666667,0.7025396825396826
27,8,15.0,Subject969,0.8333333333333334,0.8111111111111111
27,8,inf,Subject226,0.7333333333333333,0.6777777777777777
27,8,inf,Subject352,0.8666666666666667,0.8666666666666666
27,8,inf,Subject611,0.8666666666666667,0.8513960113960114
27,8,inf,Subject741,0.7333333333333333,0.7116065416065415
27,8,inf,Subject890,0.7666666666666667,0.7025396825396826
27,8,inf,Subject969,0.8,0.7666666666666667
27,17,2.0,Subject226,0.8666666666666667,0.84
27,17,2.0,Subject352,0.8,0.7911111111111111
27,17,2.0,Subject611,0.9333333333333333,0.9373544973544975
27,17,2.0,Subject741,0.9333333333333333,0.9305820105820107
27,17,2.0,Subject890,0.8666666666666667,0.8577777777777779
27,17,2.0,Subject969,0.8666666666666667,0.8469841269841271
27,17,3.0,Subject226,0.8333333333333334,0.82
27,17,3.0,Subject352,0.7333333333333333,0.7200000000000001
27,17,3.0,Subject611,0.9666666666666667,0.962962962962963
27,17,3.0,Subject741,0.9333333333333333,0.9305820105820107
27,17,3.0,Subject890,0.9,0.8977777777777778
27,17,3.0,Subject969,0.8666666666666667,0.86
27,17,4.0,Subject226,0.8666666666666667,0.84
27,17,4.0,Subject352,0.7333333333333333,0.7088888888888889
27,17,4.0,Subject611,0.9333333333333333,0.9299663299663299
27,17,4.0,Subject741,0.9333333333333333,0.9305820105820107
27,17,4.0,Subject890,0.9,0.8977777777777778
27,17,4.0,Subject969,0.8333333333333334,0.8222222222222222
27,17,6.0,Subject226,0.8333333333333334,0.8088888888888889
27,17,6.0,Subject352,0.8,0.7866666666666666
27,17,6.0,Subject611,0.9666666666666667,0.9676190476190477
27,17,6.0,Subject741,0.95,0.9492063492063493
27,17,6.0,Subject890,0.8666666666666667,0.8577777777777779
27,17,6.0,Subject969,0.8333333333333334,0.8222222222222222
27,17,8.0,Subject226,0.8,0.7888888888888889
27,17,8.0,Subject352,0.8,0.7866666666666666
27,17,8.0,Subject611,0.9666666666666667,0.962962962962963
27,17,8.0,Subject741,0.95,0.9492063492063493
27,17,8.0,Subject890,0.9,0.8933333333333333
27,17,8.0,Subject969,0.8333333333333334,0.8203174603174603
27,17,10.0,Subject226,0.8333333333333334,0.8088888888888889
27,17,10.0,Subject352,0.8,0.7866666666666666
27,17,10.0,Subject611,0.9333333333333333,0.9333333333333332
27,17,10.0,Subject741,0.95,0.9492063492063493
27,17,10.0,Subject890,0.9,0.8933333333333333
27,17,10.0,Subject969,0.8,0.7711111111111111
27,17,15.0,Subject226,0.8333333333333334,0.8088888888888889
27,17,15.0,Subject352,0.8,0.7866666666666666
27,17,15.0,Subject611,0.9166666666666666,0.9081481481481481
27,17,15.0,Subject741,0.9166666666666666,0.9139153439153439
27,17,15.0,Subject890,0.9,0.8933333333333333
27,17,15.0,Subject969,0.8,0.7711111111111111
27,17,inf,Subject226,0.8,0.7533333333333334
27,17,inf,Subject352,0.8333333333333334,0.8088888888888889
27,17,inf,Subject611,0.9166666666666666,0.9081481481481481
27,17,inf,Subject741,0.9166666666666666,0.9139153439153439
27,17,inf,Subject890,0.8666666666666667,0.8666666666666667
27,17,inf,Subject969,0.8,0.7711111111111111
28,2,2.0,Subject139,0.7666666666666667,0.7136700336700337
28,2,2.0,Subject352,0.7666666666666667,0.7377777777777776
28,2,2.0,Subject494,0.48333333333333334,0.40615098351940465
28,2,2.0,Subject516,0.7333333333333333,0.711111111111111
28,2,2.0,Subject729,0.7833333333333333,0.7538298738298739
28,2,2.0,Subject877,0.8333333333333334,0.8256998556998557
28,2,3.0,Subject139,0.7666666666666667,0.7000925000925001
28,2,3.0,Subject352,0.7666666666666667,0.7377777777777776
28,2,3.0,Subject494,0.5333333333333333,0.44850519850519854
28,2,3.0,Subject516,0.7333333333333333,0.711111111111111
28,2,3.0,Subject729,0.7833333333333333,0.7538298738298739
28,2,3.0,Subject877,0.8166666666666667,0.803073593073593
28,2,4.0,Subject139,0.7666666666666667,0.7000925000925001
28,2,4.0,Subject352,0.7333333333333333,0.7022222222222221
28,2,4.0,Subject494,0.5,0.41352583089425193
28,2,4.0,Subject516,0.8,0.7777777777777778
28,2,4.0,Subject729,0.7666666666666667,0.7212372812372813
28,2,4.0,Subject877,0.8166666666666667,0.8065800865800866
28,2,6.0,Subject139,0.7833333333333333,0.7170237170237171
28,2,6.0,Subject352,0.7666666666666667,0.7333333333333333
28,2,6.0,Subject494,0.55,0.4823222196906407
28,2,6.0,Subject516,0.8333333333333334,0.8088888888888889
28,2,6.0,Subject729,0.8,0.7511111111111111
28,2,6.0,Subject877,0.7833333333333333,0.7672150072150072
28,2,8.0,Subject139,0.7833333333333333,0.7170237170237171
28,2,8.0,Subject352,0.7666666666666667,0.7333333333333333
28,2,8.0,Subject494,0.5333333333333333,0.4522367496051707
28,2,8.0,Subject516,0.8333333333333334,0.8088888888888889
28,2,8.0,Subject729,0.8,0.7511111111111111
28,2,8.0,Subject877,0.7833333333333333,0.7672150072150072
28,2,10.0,Subject139,0.7833333333333333,0.7170237170237171
28,2,10.0,Subject352,0.7666666666666667,0.7333333333333333
28,2,10.0,Subject494,0.5333333333333333,0.4522367496051707
28,2,10.0,Subject516,0.8333333333333334,0.8088888888888889
28,2,10.0,Subject729,0.8,0.7511111111111111
28,2,10.0,Subject877,0.7833333333333333,0.7672150072150072
28,2,15.0,Subject139,0.7833333333333333,0.7170237170237171
28,2,15.0,Subject352,0.8,0.7688888888888888
28,2,15.0,Subject494,0.5666666666666667,0.4956817256817256
28,2,15.0,Subject516,0.8333333333333334,0.8088888888888889
28,2,15.0,Subject729,0.8,0.7511111111111111
28,2,15.0,Subject877,0.8,0.7898412698412699
28,2,inf,Subject139,0.7833333333333333,0.7170237170237171
28,2,inf,Subject352,0.8,0.7688888888888888
28,2,inf,Subject494,0.55,0.47705738705738704
28,2,inf,Subject516,0.8333333333333334,0.8088888888888889
28,2,inf,Subject729,0.7833333333333333,0.7381684981684982
28,2,inf,Subject877,0.8,0.7898412698412699
28,4,2.0,Subject139,0.7666666666666667,0.7088215488215488
28,4,2.0,Subject352,0.7333333333333333,0.7155555555555556
28,4,2.0,Subject494,0.5666666666666667,0.48259259259259263
28,4,2.0,Subject516,0.7666666666666667,0.7511111111111112
28,4,2.0,Subject729,0.8166666666666667,0.8056817256817257
28,4,2.0,Subject877,0.8666666666666667,0.8463684463684463
28,4,3.0,Subject139,0.8166666666666667,0.7752573352573352
28,4,3.0,Subject352,0.7333333333333333,0.731111111111111
28,4,3.0,Subject494,0.5333333333333333,0.454040404040404
28,4,3.0,Subject516,0.8666666666666667,0.8422222222222222
28,4,3.0,Subject729,0.8166666666666667,0.8056817256817257
28,4,3.0,Subject877,0.85,0.8368446368446368
28,4,4.0,Subject139,0.85,0.817989417989418
28,4,4.0,Subject352,0.7,0.6955555555555555
28,4,4.0,Subject494,0.5166666666666667,0.4358142831827042
28,4,4.0,Subject516,0.8666666666666667,0.8577777777777779
28,4,4.0,Subject729,0.8,0.7887505087505088
28,4,4.0,Subject877,0.85,0.8275132275132275
28,4,6.0,Subject139,0.85,0.817989417989418
28,4,6.0,Subject352,0.7666666666666667,0.7511111111111111
28,4,6.0,Subject494,0.5166666666666667,0.4358142831827042
28,4,6.0,Subject516,0.8666666666666667,0.8222222222222222
28,4,6.0,Subject729,0.8166666666666667,0.791957671957672
28,4,6.0,Subject877,0.8333333333333334,0.817989417989418
28,4,8.0,Subject139,0.85,0.817989417989418
28,4,8.0,Subject352,0.7666666666666667,0.7511111111111111
28,4,8.0,Subject494,0.5166666666666667,0.4358142831827042
28,4,8.0,Subject516,0.9,0.8755555555555555
28,4,8.0,Subject729,0.8166666666666667,0.791957671957672
28,4,8.0,Subject877,0.85,0.8275132275132275
28,4,10.0,Subject139,0.85,0.817989417989418
28,4,10.0,Subject352,0.8,0.7866666666666666
28,4,10.0,Subject494,0.5333333333333333,0.45248094984937093
28,4,10.0,Subject516,0.9,0.8755555555555555
28,4,10.0,Subject729,0.8,0.775026455026455
28,4,10.0,Subject877,0.85,0.8275132275132275
28,4,15.0,Subject139,0.8333333333333334,0.8040211640211641
28,4,15.0,Subject352,0.8333333333333334,0.8088888888888889
28,4,15.0,Subject494,0.5666666666666667,0.48803650540492644
28,4,15.0,Subject516,0.9,0.8755555555555555
28,4,15.0,Subject729,0.8,0.775026455026455
28,4,15.0,Subject877,0.85,0.8275132275132275
28,4,inf,Subject139,0.8333333333333334,0.8040211640211641
28,4,inf,Subject352,0.8333333333333334,0.8088888888888889
28,4,inf,Subject494,0.55,0.45732943469785586
28,4,inf,Subject516,0.9,0.8755555555555555
28,4,inf,Subject729,0.8,0.775026455026455
28,4,inf,Subject877,0.85,0.8275132275132275
28,8,2.0,Subject139,0.8,0.7602116402116402
28,8,2.0,Subject352,0.7666666666666667,0.7644444444444445
28,8,2.0,Subject494,0.6666666666666666,0.5926070226070227
28,8,2.0,Subject516,0.8,0.7911111111111111
28,8,2.0,Subject729,0.8833333333333333,0.8787301587301588
28,8,2.0,Subject877,0.9666666666666667,0.9661375661375662
28,8,3.0,Subject139,0.8,0.7545165945165946
28,8,3.0,Subject352,0.7666666666666667,0.7644444444444445
28,8,3.0,Subject494,0.6833333333333333,0.6229100529100529
28,8,3.0,Subject516,0.8666666666666667,0.8711111111111112
28,8,3.0,Subject729,0.9,0.8956613756613757
28,8,3.0,Subject877,0.95,0.9492063492063493
28,8,4.0,Subject139,0.85,0.8173737373737373
28,8,4.0,Subject352,0.7666666666666667,0.7533333333333333
28,8,4.0,Subject494,0.65,0.5812592086276296
28,8,4.0,Subject516,0.8,0.8
28,8,4.0,Subject729,0.8833333333333333,0.878994708994709
28,8,4.0,Subject877,1.0,1.0
28,8,6.0,Subject139,0.8333333333333334,0.7947474747474748
28,8,6.0,Subject352,0.7666666666666667,0.7555555555555554
28,8,6.0,Subject494,0.65,0.5871851345535555
28,8,6.0,Subject516,0.7666666666666667,0.7644444444444445
28,8,6.0,Subject729,0.9166666666666666,0.9125925925925925
28,8,6.0,Subject877,0.9833333333333333,0.9830687830687831
28,8,8.0,Subject139,0.8166666666666667,0.7807792207792209
28,8,8.0,Subject352,0.7666666666666667,0.7555555555555554
28,8,8.0,Subject494,0.6333333333333333,0.565636313004734
28,8,8.0,Subject516,0.8666666666666667,0.8666666666666667
28,8,8.0,Subject729,0.9166666666666666,0.913915343915344
28,8,8.0,Subject877,0.9833333333333333,0.9830687830687831
28,8,10.0,Subject139,0.8166666666666667,0.7807792207792209
28,8,10.0,Subject352,0.7666666666666667,0.7555555555555554
28,8,10.0,Subject494,0.6333333333333333,0.5608022581706791
28,8,10.0,Subject516,0.8666666666666667,0.8666666666666667
28,8,10.0,Subject729,0.9333333333333333,0.9305820105820106
28,8,10.0,Subject877,1.0,1.0
28,8,15.0,Subject139,0.8333333333333334,0.8114862914862916
28,8,15.0,Subject352,0.7666666666666667,0.7555555555555554
28,8,15.0,Subject494,0.65,0.5774689248373458
28,8,15.0,Subject516,0.8666666666666667,0.8666666666666667
28,8,15.0,Subject729,0.9166666666666666,0.913915343915344
28,8,15.0,Subject877,1.0,1.0
28,8,inf,Subject139,0.8166666666666667,0.7807792207792209
28,8,inf,Subject352,0.7666666666666667,0.7555555555555554
28,8,inf,Subject494,0.6833333333333333,0.6136786410470622
28,8,inf,Subject516,0.9,0.8825396825396825
28,8,inf,Subject729,0.9333333333333333,0.9305820105820106
28,8,inf,Subject877,1.0,1.0
28,17,2.0,Subject139,0.85,0.8255759055759054
28,17,2.0,Subject352,0.8,0.7866666666666667
28,17,2.0,Subject494,0.6166666666666667,0.5700721500721501
28,17,2.0,Subject516,0.8,0.7777777777777778
28,17,2.0,Subject729,0.9166666666666666,0.9125925925925925
28,17,2.0,Subject877,0.9166666666666666,0.9062626262626262
28,17,3.0,Subject139,0.8833333333333333,0.8586243386243386
28,17,3.0,Subject352,0.7666666666666667,0.7644444444444445
28,17,3.0,Subject494,0.6,0.5481673881673881
28,17,3.0,Subject516,0.8666666666666667,0.8666666666666667
28,17,3.0,Subject729,0.9166666666666666,0.9125925925925925
28,17,3.0,Subject877,0.9666666666666667,0.9661375661375663
28,17,4.0,Subject139,0.8833333333333333,0.8586243386243386
28,17,4.0,Subject352,0.7666666666666667,0.7644444444444445
28,17,4.0,Subject494,0.5833333333333334,0.5174603174603175
28,17,4.0,Subject516,0.8666666666666667,0.8666666666666667
28,17,4.0,Subject729,0.9166666666666666,0.9125925925925925
28,17,4.0,Subject877,0.9833333333333333,0.9830687830687831
28,17,6.0,Subject139,0.8833333333333333,0.8586243386243386
28,17,6.0,Subject352,0.8,0.7866666666666666
28,17,6.0,Subject494,0.6166666666666667,0.5596825396825397
28,17,6.0,Subject516,0.9,0.8933333333333333
28,17,6.0,Subject729,0.9166666666666666,0.9125925925925925
28,17,6.0,Subject877,0.9666666666666667,0.9644444444444444
28,17,8.0,Subject139,0.8666666666666667,0.8399999999999999
28,17,8.0,Subject352,0.8,0.7866666666666666
28,17,8.0,Subject494,0.6166666666666667,0.5607685881370091
28,17,8.0,Subject516,0.9,0.8933333333333333
28,17,8.0,Subject729,0.9,0.8956613756613757
28,17,8.0,Subject877,0.9833333333333333,0.9830687830687831
28,17,10.0,Subject139,0.8666666666666667,0.8399999999999999
28,17,10.0,Subject352,0.8,0.7866666666666666
28,17,10.0,Subject494,0.6333333333333333,0.5709994683678895
28,17,10.0,Subject516,0.9333333333333333,0.9333333333333333
28,17,10.0,Subject729,0.9166666666666666,0.9125925925925925
28,17,10.0,Subject877,0.9833333333333333,0.9830687830687831
28,17,15.0,Subject139,0.9,0.8772486772486773
28,17,15.0,Subject352,0.8,0.7866666666666666
28,17,15.0,Subject494,0.6833333333333333,0.6128849902534114
28,17,15.0,Subject516,0.9,0.9044444444444444
28,17,15.0,Subject729,0.9,0.8956613756613757
28,17,15.0,Subject877,0.9833333333333333,0.9830687830687831
28,17,inf,Subject139,0.9,0.8772486772486773
28,17,inf,Subject352,0.8333333333333334,0.8088888888888889
28,17,inf,Subject494,0.7,0.6315093288777499
28,17,inf,Subject516,0.9,0.9044444444444444
28,17,inf,Subject729,0.9333333333333333,0.9308465608465609
28,17,inf,Subject877,0.9833333333333333,0.9830687830687831
29,2,2.0,Subject139,0.7833333333333333,0.7707936507936508
29,2,2.0,Subject226,0.6333333333333333,0.5492063492063491
29,2,2.0,Subject353,0.7666666666666667,0.7442287342287343
29,2,2.0,Subject424,0.7166666666666667,0.6668649868649869
29,2,2.0,Subject516,0.6,0.5425396825396825
29,2,2.0,Subject571,0.8,0.7718518518518518
29,2,3.0,Subject139,0.7333333333333333,0.7082924482924483
29,2,3.0,Subject226,0.6666666666666666,0.5777777777777777
29,2,3.0,Subject353,0.75,0.7280911680911681
29,2,3.0,Subject424,0.7333333333333333,0.6866522366522365
29,2,3.0,Subject516,0.7,0.638095238095238
29,2,3.0,Subject571,0.8,0.7718518518518518
29,2,4.0,Subject139,0.6833333333333333,0.6458730158730158
29,2,4.0,Subject226,0.6666666666666666,0.5777777777777777
29,2,4.0,Subject353,0.6833333333333333,0.663001443001443
29,2,4.0,Subject424,0.7833333333333333,0.7542520442520443
29,2,4.0,Subject516,0.7333333333333333,0.6936507936507935
29,2,4.0,Subject571,0.8,0.7755555555555556
29,2,6.0,Subject139,0.6333333333333333,0.6067532467532467
29,2,6.0,Subject226,0.6333333333333333,0.5492063492063491
29,2,6.0,Subject353,0.7,0.6624723424723425
29,2,6.0,Subject424,0.8,0.7752910052910054
29,2,6.0,Subject516,0.7333333333333333,0.6977777777777777
29,2,6.0,Subject571,0.8,0.7718518518518518
29,2,8.0,Subject139,0.6166666666666667,0.576046176046176
29,2,8.0,Subject226,0.6333333333333333,0.5555555555555556
29,2,8.0,Subject353,0.7333333333333333,0.7056277056277056
29,2,8.0,Subject424,0.8,0.7741269841269841
29,2,8.0,Subject516,0.7333333333333333,0.6977777777777777
29,2,8.0,Subject571,0.8,0.7718518518518518
29,2,10.0,Subject139,0.65,0.6031746031746031
29,2,10.0,Subject226,0.6666666666666666,0.5777777777777777
29,2,10.0,Subject353,0.75,0.7271091871091871
29,2,10.0,Subject424,0.7666666666666667,0.7391197691197692
29,2,10.0,Subject516,0.7333333333333333,0.6977777777777777
29,2,10.0,Subject571,0.7666666666666667,0.7385185185185185
29,2,15.0,Subject139,0.6333333333333333,0.5917460317460318
29,2,15.0,Subject226,0.6333333333333333,0.56
29,2,15.0,Subject353,0.7666666666666667,0.7465079365079367
29,2,15.0,Subject424,0.7666666666666667,0.7410774410774412
29,2,15.0,Subject516,0.7333333333333333,0.6977777777777777
29,2,15.0,Subject571,0.7666666666666667,0.7385185185185185
29,2,inf,Subject139,0.6666666666666666,0.6241269841269842
29,2,inf,Subject226,0.6,0.5377777777777778
29,2,inf,Subject353,0.75,0.7282539682539683
29,2,inf,Subject424,0.75,0.7224531024531025
29,2,inf,Subject516,0.7333333333333333,0.6977777777777777
29,2,inf,Subject571,0.7333333333333333,0.6962962962962962
29,4,2.0,Subject139,0.8666666666666667,0.8605291005291006
29,4,2.0,Subject226,0.8333333333333334,0.7866666666666666
29,4,2.0,Subject353,0.6833333333333333,0.6395959595959596
29,4,2.0,Subject424,0.7833333333333333,0.7414814814814814
29,4,2.0,Subject516,0.8,0.758095238095238
29,4,2.0,Subject571,0.8666666666666667,0.846984126984127
29,4,3.0,Subject139,0.8833333333333333,0.8794179894179894
29,4,3.0,Subject226,0.8,0.7533333333333333
29,4,3.0,Subject353,0.7,0.6664165464165462
29,4,3.0,Subject424,0.8,0.7742857142857144
29,4,3.0,Subject516,0.8333333333333334,0.82
29,4,3.0,Subject571,0.8666666666666667,0.846984126984127
29,4,4.0,Subject139,0.8833333333333333,0.8737229437229439
29,4,4.0,Subject226,0.8,0.7533333333333333
29,4,4.0,Subject353,0.65,0.620966810966811
29,4,4.0,Subject424,0.7666666666666667,0.727510115157174
29,4,4.0,Subject516,0.8333333333333334,0.82
29,4,4.0,Subject571,0.7666666666666667,0.7066666666666667
29,4,6.0,Subject139,0.85,0.8401250601250604
29,4,6.0,Subject226,0.7666666666666667,0.6999999999999998
29,4,6.0,Subject353,0.6833333333333333,0.6093314093314093
29,4,6.0,Subject424,0.7333333333333333,0.6960286336756926
29,4,6.0,Subject516,0.8666666666666667,0.846984126984127
29,4,6.0,Subject571,0.8,0.7400000000000001
29,4,8.0,Subject139,0.8666666666666667,0.8422222222222222
29,4,8.0,Subject226,0.7666666666666667,0.6999999999999998
29,4,8.0,Subject353,0.7333333333333333,0.656969696969697
29,4,8.0,Subject424,0.7166666666666667,0.675552443199502
29,4,8.0,Subject516,0.8666666666666667,0.846984126984127
29,4,8.0,Subject571,0.7666666666666667,0.7066666666666667
29,4,10.0,Subject139,0.8666666666666667,0.8422222222222222
29,4,10.0,Subject226,0.7666666666666667,0.6999999999999998
29,4,10.0,Subject353,0.7166666666666667,0.6424397824397824
29,4,10.0,Subject424,0.7166666666666667,0.6708465608465609
29,4,10.0,Subject516,0.9,0.8825396825396825
29,4,10.0,Subject571,0.8,0.7444444444444444
29,4,15.0,Subject139,0.8833333333333333,0.8592592592592593
29,4,15.0,Subject226,0.7666666666666667,0.6999999999999998
29,4,15.0,Subject353,0.7,0.6252236652236652
29,4,15.0,Subject424,0.7333333333333333,0.6861038961038962
29,4,15.0,Subject516,0.9,0.8825396825396825
29,4,15.0,Subject571,0.8,0.7444444444444444
29,4,inf,Subject139,0.85,0.8264550264550266
29,4,inf,Subject226,0.7666666666666667,0.6999999999999998
29,4,inf,Subject353,0.7,0.6429170829170829
29,4,inf,Subject424,0.7166666666666667,0.6674795574795576
29,4,inf,Subject516,0.9,0.8825396825396825
29,4,inf,Subject571,0.7333333333333333,0.6777777777777777
29,8,2.0,Subject139,0.7833333333333333,0.7440944240944241
29,8,2.0,Subject226,0.7666666666666667,0.7377777777777778
29,8,2.0,Subject353,0.7166666666666667,0.6735449735449736
29,8,2.0,Subject424,0.8,0.7686772486772486
29,8,2.0,Subject516,0.6666666666666666,0.6234920634920635
29,8,2.0,Subject571,0.9,0.8933333333333333
29,8,3.0,Subject139,0.7833333333333333,0.7440944240944241
29,8,3.0,Subject226,0.7666666666666667,0.7266666666666668
29,8,3.0,Subject353,0.7333333333333333,0.6947293447293448
29,8,3.0,Subject424,0.7833333333333333,0.752010582010582
29,8,3.0,Subject516,0.7666666666666667,0.7422222222222222
29,8,3.0,Subject571,0.9,0.8755555555555555
29,8,4.0,Subject139,0.7833333333333333,0.7415873015873016
29,8,4.0,Subject226,0.7666666666666667,0.7200000000000001
29,8,4.0,Subject353,0.7166666666666667,0.6884411884411885
29,8,4.0,Subject424,0.8,0.7680952380952382
29,8,4.0,Subject516,0.7333333333333333,0.7123809523809524
29,8,4.0,Subject571,0.8666666666666667,0.8422222222222222
29,8,6.0,Subject139,0.8,0.7655411255411255
29,8,6.0,Subject226,0.7666666666666667,0.7200000000000001
29,8,6.0,Subject353,0.7333333333333333,0.6934583934583934
29,8,6.0,Subject424,0.8,0.7664021164021164
29,8,6.0,Subject516,0.8333333333333334,0.8177777777777777
29,8,6.0,Subject571,0.9,0.8755555555555555
29,8,8.0,Subject139,0.8,0.7707936507936508
29,8,8.0,Subject226,0.7333333333333333,0.7022222222222223
29,8,8.0,Subject353,0.75,0.7201406001406002
29,8,8.0,Subject424,0.8166666666666667,0.793068783068783
29,8,8.0,Subject516,0.8333333333333334,0.8200000000000001
29,8,8.0,Subject571,0.9,0.8755555555555555
29,8,10.0,Subject139,0.8,0.7722943722943723
29,8,10.0,Subject226,0.7333333333333333,0.7022222222222223
29,8,10.0,Subject353,0.75,0.7168253968253969
29,8,10.0,Subject424,0.8166666666666667,0.793068783068783
29,8,10.0,Subject516,0.8666666666666667,0.8444444444444444
29,8,10.0,Subject571,0.9,0.8755555555555555
29,8,15.0,Subject139,0.8,0.7707936507936508
29,8,15.0,Subject226,0.7333333333333333,0.711111111111111
29,8,15.0,Subject353,0.7666666666666667,0.7386435786435787
29,8,15.0,Subject424,0.8166666666666667,0.793068783068783
29,8,15.0,Subject516,0.8666666666666667,0.8444444444444444
29,8,15.0,Subject571,0.9,0.8755555555555555
29,8,inf,Subject139,0.8166666666666667,0.7949206349206349
29,8,inf,Subject226,0.7333333333333333,0.711111111111111
29,8,inf,Subject353,0.7333333333333333,0.6946031746031748
29,8,inf,Subject424,0.8166666666666667,0.793068783068783
29,8,inf,Subject516,0.8666666666666667,0.8422222222222222
29,8,inf,Subject571,0.9,0.8755555555555555
29,17,2.0,Subject139,0.9,0.8910245310245312
29,17,2.0,Subject226,0.8,0.7844444444444445
29,17,2.0,Subject353,0.8166666666666667,0.8082347282347283
29,17,2.0,Subject424,0.8666666666666667,0.8444444444444444
29,17,2.0,Subject516,0.8333333333333334,0.8311111111111111
29,17,2.0,Subject571,0.9,0.8933333333333332
29,17,3.0,Subject139,0.9166666666666666,0.911957671957672
29,17,3.0,Subject226,0.7666666666666667,0.7266666666666667
29,17,3.0,Subject353,0.7833333333333333,0.7735449735449735
29,17,3.0,Subject424,0.85,0.8240944240944241
29,17,3.0,Subject516,0.9,0.8933333333333333
29,17,3.0,Subject571,0.9333333333333333,0.9288888888888889
29,17,4.0,Subject139,0.9,0.8967195767195767
29,17,4.0,Subject226,0.7666666666666667,0.7266666666666667
29,17,4.0,Subject353,0.7333333333333333,0.7254641654641655
29,17,4.0,Subject424,0.85,0.8240944240944241
29,17,4.0,Subject516,0.8666666666666667,0.8577777777777776
29,17,4.0,Subject571,0.9666666666666667,0.9644444444444444
29,17,6.0,Subject139,0.9333333333333333,0.9305820105820106
29,17,6.0,Subject226,0.7666666666666667,0.7177777777777778
29,17,6.0,Subject353,0.7333333333333333,0.7326984126984127
29,17,6.0,Subject424,0.8666666666666667,0.8507610907610909
29,17,6.0,Subject516,0.8666666666666667,0.8399999999999999
29,17,6.0,Subject571,0.9666666666666667,0.9644444444444444
29,17,8.0,Subject139,0.95,0.9475132275132275
29,17,8.0,Subject226,0.8333333333333334,0.7822222222222223
29,17,8.0,Subject353,0.7666666666666667,0.7585185185185186
29,17,8.0,Subject424,0.8666666666666667,0.841025641025641
29,17,8.0,Subject516,0.9333333333333333,0.9288888888888888
29,17,8.0,Subject571,0.9333333333333333,0.9111111111111111
29,17,10.0,Subject139,0.9666666666666667,0.9644444444444444
29,17,10.0,Subject226,0.8333333333333334,0.7822222222222223
29,17,10.0,Subject353,0.7833333333333333,0.7678499278499279
29,17,10.0,Subject424,0.85,0.8240944240944241
29,17,10.0,Subject516,0.9333333333333333,0.9288888888888888
29,17,10.0,Subject571,0.9333333333333333,0.9111111111111111
29,17,15.0,Subject139,0.9333333333333333,0.9288888888888888
29,17,15.0,Subject226,0.8333333333333334,0.7822222222222223
29,17,15.0,Subject353,0.7666666666666667,0.7515536315536316
29,17,15.0,Subject424,0.85,0.8240944240944241
29,17,15.0,Subject516,0.9666666666666667,0.9644444444444444
29,17,15.0,Subject571,0.9333333333333333,0.9111111111111111
29,17,inf,Subject139,0.95,0.9475132275132275
29,17,inf,Subject226,0.8333333333333334,0.7822222222222223
29,17,inf,Subject353,0.7666666666666667,0.7515536315536316
29,17,inf,Subject424,0.85,0.8240944240944241
29,17,inf,Subject516,0.9666666666666667,0.9644444444444444
29,17,inf,Subject571,0.9333333333333333,0.9111111111111111
