athlete,n_bouts,macro_f1,balanced_acc,accuracy,model,repeat,budget,n_team,depth,group
Subject139,60,0.7735449735449735,0.8166666666666667,0.8166666666666667,logreg,0,4,1,4,new
Subject353,60,0.42461279461279466,0.4666666666666667,0.4666666666666667,logreg,0,4,1,4,new
Subject424,60,0.35768440709617183,0.36666666666666664,0.36666666666666664,logreg,0,4,1,4,new
Subject455,60,0.5453968253968253,0.5666666666666667,0.5666666666666667,logreg,0,4,1,4,new
Subject731,30,0.5232804232804232,0.6,0.6,logreg,0,4,1,4,new
Subject890,30,0.43777777777777777,0.5,0.5,logreg,0,4,1,4,new
Subject139,60,0.5702212602212602,0.6,0.6,rules,0,4,1,4,new
Subject353,60,0.2703459503459503,0.3,0.3,rules,0,4,1,4,new
Subject424,60,0.17777777777777776,0.25,0.25,rules,0,4,1,4,new
Subject455,60,0.37746031746031755,0.4666666666666667,0.4666666666666667,rules,0,4,1,4,new
Subject731,30,0.359047619047619,0.4666666666666667,0.4666666666666667,rules,0,4,1,4,new
Subject890,30,0.36190476190476184,0.43333333333333335,0.43333333333333335,rules,0,4,1,4,new
Subject139,60,0.8407407407407407,0.85,0.85,logreg,0,4,2,2,new
Subject353,60,0.5812646612646613,0.6166666666666667,0.6166666666666667,logreg,0,4,2,2,new
Subject424,60,0.6433189033189033,0.7,0.7,logreg,0,4,2,2,new
Subject455,60,0.7665608465608466,0.8,0.8,logreg,0,4,2,2,new
Subject731,30,0.6607407407407407,0.7333333333333333,0.7333333333333333,logreg,0,4,2,2,new
Subject890,30,0.6733333333333333,0.7333333333333333,0.7333333333333333,logreg,0,4,2,2,new
Subject139,60,0.5059932659932661,0.5333333333333333,0.5333333333333333,rules,0,4,2,2,new
Subject353,60,0.3797883597883598,0.45,0.45,rules,0,4,2,2,new
Subject424,60,0.38925925925925925,0.48333333333333334,0.48333333333333334,rules,0,4,2,2,new
Subject455,60,0.703035113035113,0.75,0.75,rules,0,4,2,2,new
Subject731,30,0.611111111111111,0.6666666666666666,0.6666666666666666,rules,0,4,2,2,new
Subject890,30,0.5917460317460317,0.6333333333333333,0.6333333333333333,rules,0,4,2,2,new
Subject139,60,0.8021367521367521,0.8333333333333334,0.8333333333333334,logreg,0,4,4,1,new
Subject353,60,0.825945165945166,0.8333333333333334,0.8333333333333334,logreg,0,4,4,1,new
Subject424,60,0.7524307500778089,0.7833333333333333,0.7833333333333333,logreg,0,4,4,1,new
Subject455,60,0.814814814814815,0.8166666666666667,0.8166666666666667,logreg,0,4,4,1,new
Subject731,30,0.7511111111111111,0.8,0.8,logreg,0,4,4,1,new
Subject890,30,0.726984126984127,0.7666666666666667,0.7666666666666667,logreg,0,4,4,1,new
Subject139,60,0.6475228475228475,0.65,0.65,rules,0,4,4,1,new
Subject353,60,0.5034065934065933,0.55,0.55,rules,0,4,4,1,new
Subject424,60,0.23104007104007104,0.26666666666666666,0.26666666666666666,rules,0,4,4,1,new
Subject455,60,0.5153966730437318,0.5666666666666667,0.5666666666666667,rules,0,4,4,1,new
Subject731,30,0.38888888888888895,0.4666666666666667,0.4666666666666667,rules,0,4,4,1,new
Subject890,30,0.3171428571428571,0.4,0.4,rules,0,4,4,1,new
Subject139,60,0.8797883597883599,0.8833333333333333,0.8833333333333333,logreg,0,8,2,4,new
Subject353,60,0.7192063492063492,0.7166666666666667,0.7166666666666667,logreg,0,8,2,4,new
Subject424,60,0.6246205646205646,0.6666666666666666,0.6666666666666666,logreg,0,8,2,4,new
Subject455,60,0.7203703703703704,0.7666666666666667,0.7666666666666667,logreg,0,8,2,4,new
Subject731,30,0.7644444444444445,0.8,0.8,logreg,0,8,2,4,new
Subject890,30,0.7044444444444444,0.7666666666666667,0.7666666666666667,logreg,0,8,2,4,new
Subject139,60,0.5415873015873014,0.55,0.55,rules,0,8,2,4,new
Subject353,60,0.39460317460317457,0.45,0.45,rules,0,8,2,4,new
Subject424,60,0.34577422577422584,0.43333333333333335,0.43333333333333335,rules,0,8,2,4,new
Subject455,60,0.692948532948533,0.75,0.75,rules,0,8,2,4,new
Subject731,30,0.6088888888888888,0.6666666666666666,0.6666666666666666,rules,0,8,2,4,new
Subject890,30,0.5914285714285713,0.6333333333333333,0.6333333333333333,rules,0,8,2,4,new
Subject139,60,0.8755555555555555,0.9,0.9,logreg,0,8,4,2,new
Subject353,60,0.7384126984126985,0.75,0.75,logreg,0,8,4,2,new
Subject424,60,0.6736123136123136,0.7,0.7,logreg,0,8,4,2,new
Subject455,60,0.7390476190476192,0.75,0.75,logreg,0,8,4,2,new
Subject731,30,0.6333333333333332,0.7,0.7,logreg,0,8,4,2,new
Subject890,30,0.6269841269841269,0.7,0.7,logreg,0,8,4,2,new
Subject139,60,0.5543915343915344,0.55,0.55,rules,0,8,4,2,new
Subject353,60,0.46420024420024414,0.5333333333333333,0.5333333333333333,rules,0,8,4,2,new
Subject424,60,0.23318903318903317,0.2833333333333333,0.2833333333333333,rules,0,8,4,2,new
Subject455,60,0.5034339734339733,0.5666666666666667,0.5666666666666667,rules,0,8,4,2,new
Subject731,30,0.44000000000000006,0.5333333333333333,0.5333333333333333,rules,0,8,4,2,new
Subject890,30,0.3682539682539682,0.43333333333333335,0.43333333333333335,rules,0,8,4,2,new
Subject139,60,0.9053968253968255,0.9166666666666666,0.9166666666666666,logreg,0,8,8,1,new
Subject353,60,0.8046176046176046,0.8166666666666667,0.8166666666666667,logreg,0,8,8,1,new
Subject424,60,0.7367917267917269,0.7666666666666667,0.7666666666666667,logreg,0,8,8,1,new
Subject455,60,0.946031746031746,0.95,0.95,logreg,0,8,8,1,new
Subject731,30,0.8088888888888889,0.8333333333333334,0.8333333333333334,logreg,0,8,8,1,new
Subject890,30,0.6755555555555557,0.7333333333333333,0.7333333333333333,logreg,0,8,8,1,new
Subject139,60,0.5507070707070708,0.5833333333333334,0.5833333333333334,rules,0,8,8,1,new
Subject353,60,0.49552299552299556,0.55,0.55,rules,0,8,8,1,new
Subject424,60,0.4342723942723943,0.5166666666666667,0.5166666666666667,rules,0,8,8,1,new
Subject455,60,0.6147119547119547,0.6666666666666666,0.6666666666666666,rules,0,8,8,1,new
Subject731,30,0.5536507936507936,0.6,0.6,rules,0,8,8,1,new
Subject890,30,0.5580952380952381,0.6333333333333333,0.6333333333333333,rules,0,8,8,1,new
Subject139,60,0.9506878306878309,0.95,0.95,logreg,0,16,4,4,new
Subject353,60,0.7203848003848005,0.7333333333333333,0.7333333333333333,logreg,0,16,4,4,new
Subject424,60,0.6015018315018316,0.65,0.65,logreg,0,16,4,4,new
Subject455,60,0.7536182336182337,0.8,0.8,logreg,0,16,4,4,new
Subject731,30,0.7088888888888889,0.7333333333333333,0.7333333333333333,logreg,0,16,4,4,new
Subject890,30,0.4822222222222222,0.5666666666666667,0.5666666666666667,logreg,0,16,4,4,new
Subject139,60,0.6380423280423281,0.65,0.65,rules,0,16,4,4,new
Subject353,60,0.47894179894179884,0.5333333333333333,0.5333333333333333,rules,0,16,4,4,new
Subject424,60,0.2030880230880231,0.25,0.25,rules,0,16,4,4,new
Subject455,60,0.4506462382932971,0.5333333333333333,0.5333333333333333,rules,0,16,4,4,new
Subject731,30,0.36507936507936506,0.43333333333333335,0.43333333333333335,rules,0,16,4,4,new
Subject890,30,0.45629629629629626,0.5,0.5,rules,0,16,4,4,new
Subject139,60,0.9238095238095239,0.9333333333333333,0.9333333333333333,logreg,0,16,8,2,new
Subject353,60,0.7775853775853776,0.8,0.8,logreg,0,16,8,2,new
Subject424,60,0.7891930291930294,0.8166666666666667,0.8166666666666667,logreg,0,16,8,2,new
Subject455,60,0.8951322751322751,0.9,0.9,logreg,0,16,8,2,new
Subject731,30,0.84,0.8666666666666667,0.8666666666666667,logreg,0,16,8,2,new
Subject890,30,0.7288888888888889,0.7666666666666667,0.7666666666666667,logreg,0,16,8,2,new
Subject139,60,0.5928667628667628,0.6,0.6,rules,0,16,8,2,new
Subject353,60,0.4935449735449735,0.5666666666666667,0.5666666666666667,rules,0,16,8,2,new
Subject424,60,0.402897842897843,0.5,0.5,rules,0,16,8,2,new
Subject455,60,0.594049654049654,0.6666666666666666,0.6666666666666666,rules,0,16,8,2,new
Subject731,30,0.5279365079365079,0.5666666666666667,0.5666666666666667,rules,0,16,8,2,new
Subject890,30,0.48793650793650795,0.5666666666666667,0.5666666666666667,rules,0,16,8,2,new
Subject139,60,0.9238095238095239,0.9333333333333333,0.9333333333333333,logreg,0,16,16,1,new
Subject353,60,0.8632996632996632,0.8833333333333333,0.8833333333333333,logreg,0,16,16,1,new
Subject424,60,0.7582202982202982,0.8,0.8,logreg,0,16,16,1,new
Subject455,60,0.9296296296296297,0.9333333333333333,0.9333333333333333,logreg,0,16,16,1,new
Subject731,30,0.7269841269841268,0.7666666666666667,0.7666666666666667,logreg,0,16,16,1,new
Subject890,30,0.7834920634920636,0.8,0.8,logreg,0,16,16,1,new
Subject139,60,0.5067388167388168,0.5166666666666667,0.5166666666666667,rules,0,16,16,1,new
Subject353,60,0.5235642135642136,0.5666666666666667,0.5666666666666667,rules,0,16,16,1,new
Subject424,60,0.5043386243386243,0.55,0.55,rules,0,16,16,1,new
Subject455,60,0.6771428571428573,0.7166666666666667,0.7166666666666667,rules,0,16,16,1,new
Subject731,30,0.5047619047619046,0.5666666666666667,0.5666666666666667,rules,0,16,16,1,new
Subject890,30,0.49809523809523815,0.6,0.6,rules,0,16,16,1,new
Subject226,30,0.5079365079365079,0.5666666666666667,0.5666666666666667,logreg,1,4,1,4,new
Subject354,60,0.48335257335257337,0.5333333333333333,0.5333333333333333,logreg,1,4,1,4,new
Subject455,60,0.5453968253968253,0.5666666666666667,0.5666666666666667,logreg,1,4,1,4,new
Subject580,90,0.5152314352314352,0.5666666666666667,0.5666666666666667,logreg,1,4,1,4,new
Subject890,30,0.43777777777777777,0.5,0.5,logreg,1,4,1,4,new
Subject969,30,0.49841269841269836,0.5666666666666667,0.5666666666666667,logreg,1,4,1,4,new
Subject226,30,0.3488888888888889,0.4666666666666667,0.4666666666666667,rules,1,4,1,4,new
Subject354,60,0.3851851851851852,0.4666666666666667,0.4666666666666667,rules,1,4,1,4,new
Subject455,60,0.37746031746031755,0.4666666666666667,0.4666666666666667,rules,1,4,1,4,new
Subject580,90,0.3590095239011648,0.41111111111111115,0.4111111111111111,rules,1,4,1,4,new
Subject890,30,0.36190476190476184,0.43333333333333335,0.43333333333333335,rules,1,4,1,4,new
Subject969,30,0.3777777777777777,0.4666666666666667,0.4666666666666667,rules,1,4,1,4,new
Subject226,30,0.5380952380952381,0.6,0.6,logreg,1,4,2,2,new
Subject354,60,0.7705686905686906,0.8,0.8,logreg,1,4,2,2,new
Subject455,60,0.7665608465608466,0.8,0.8,logreg,1,4,2,2,new
Subject580,90,0.6340231600757916,0.6666666666666666,0.6666666666666666,logreg,1,4,2,2,new
Subject890,30,0.6733333333333333,0.7333333333333333,0.7333333333333333,logreg,1,4,2,2,new
Subject969,30,0.6577777777777778,0.7,0.7,logreg,1,4,2,2,new
Subject226,30,0.5366666666666667,0.5333333333333333,0.5333333333333333,rules,1,4,2,2,new
Subject354,60,0.5670033670033671,0.65,0.65,rules,1,4,2,2,new
Subject455,60,0.703035113035113,0.75,0.75,rules,1,4,2,2,new
Subject580,90,0.4945687645687646,0.5333333333333333,0.5333333333333333,rules,1,4,2,2,new
Subject890,30,0.5917460317460317,0.6333333333333333,0.6333333333333333,rules,1,4,2,2,new
Subject969,30,0.17248677248677247,0.26666666666666666,0.26666666666666666,rules,1,4,2,2,new
Subject226,30,0.7422222222222222,0.8,0.8,logreg,1,4,4,1,new
Subject354,60,0.7528042328042328,0.8,0.8,logreg,1,4,4,1,new
Subject455,60,0.7898268398268399,0.8166666666666667,0.8166666666666667,logreg,1,4,4,1,new
Subject580,90,0.7246803196803197,0.7444444444444444,0.7444444444444445,logreg,1,4,4,1,new
Subject890,30,0.6088888888888887,0.6666666666666666,0.6666666666666666,logreg,1,4,4,1,new
Subject969,30,0.6888888888888888,0.7333333333333333,0.7333333333333333,logreg,1,4,4,1,new
Subject226,30,0.4955555555555555,0.5666666666666667,0.5666666666666667,rules,1,4,4,1,new
Subject354,60,0.5426129426129426,0.5833333333333334,0.5833333333333334,rules,1,4,4,1,new
Subject455,60,0.6434391534391535,0.6833333333333333,0.6833333333333333,rules,1,4,4,1,new
Subject580,90,0.43208074534161495,0.4888888888888889,0.4888888888888889,rules,1,4,4,1,new
Subject890,30,0.6111111111111112,0.6666666666666666,0.6666666666666666,rules,1,4,4,1,new
Subject969,30,0.1562962962962963,0.26666666666666666,0.26666666666666666,rules,1,4,4,1,new
Subject226,30,0.6825396825396824,0.7333333333333333,0.7333333333333333,logreg,1,8,2,4,new
Subject354,60,0.8667051467051468,0.8833333333333333,0.8833333333333333,logreg,1,8,2,4,new
Subject455,60,0.7203703703703704,0.7666666666666667,0.7666666666666667,logreg,1,8,2,4,new
Subject580,90,0.6874425139131021,0.6999999999999998,0.7,logreg,1,8,2,4,new
Subject890,30,0.7044444444444444,0.7666666666666667,0.7666666666666667,logreg,1,8,2,4,new
Subject969,30,0.6555555555555556,0.7333333333333333,0.7333333333333333,logreg,1,8,2,4,new
Subject226,30,0.45,0.4666666666666667,0.4666666666666667,rules,1,8,2,4,new
Subject354,60,0.5410437710437712,0.6166666666666667,0.6166666666666667,rules,1,8,2,4,new
Subject455,60,0.692948532948533,0.75,0.75,rules,1,8,2,4,new
Subject580,90,0.513322194374826,0.5555555555555557,0.5555555555555556,rules,1,8,2,4,new
Subject890,30,0.5914285714285713,0.6333333333333333,0.6333333333333333,rules,1,8,2,4,new
Subject969,30,0.16772486772486772,0.26666666666666666,0.26666666666666666,rules,1,8,2,4,new
Subject226,30,0.7492063492063491,0.7666666666666667,0.7666666666666667,logreg,1,8,4,2,new
Subject354,60,0.9141798941798942,0.9166666666666666,0.9166666666666666,logreg,1,8,4,2,new
Subject455,60,0.8247619047619048,0.85,0.85,logreg,1,8,4,2,new
Subject580,90,0.683011618011618,0.7111111111111111,0.7111111111111111,logreg,1,8,4,2,new
Subject890,30,0.7044444444444445,0.7666666666666667,0.7666666666666667,logreg,1,8,4,2,new
Subject969,30,0.6577777777777777,0.7,0.7,logreg,1,8,4,2,new
Subject226,30,0.5517460317460317,0.6,0.6,rules,1,8,4,2,new
Subject354,60,0.5785185185185184,0.65,0.65,rules,1,8,4,2,new
Subject455,60,0.7532467532467533,0.7833333333333333,0.7833333333333333,rules,1,8,4,2,new
Subject580,90,0.5190201737260561,0.5555555555555555,0.5555555555555556,rules,1,8,4,2,new
Subject890,30,0.5333333333333334,0.6,0.6,rules,1,8,4,2,new
Subject969,30,0.20846560846560844,0.3,0.3,rules,1,8,4,2,new
Subject226,30,0.7799999999999999,0.8,0.8,logreg,1,8,8,1,new
Subject354,60,0.9104761904761905,0.9166666666666666,0.9166666666666666,logreg,1,8,8,1,new
Subject455,60,0.7903651903651904,0.8166666666666667,0.8166666666666667,logreg,1,8,8,1,new
Subject580,90,0.7916520516520518,0.8000000000000002,0.8,logreg,1,8,8,1,new
Subject890,30,0.6822222222222223,0.7333333333333333,0.7333333333333333,logreg,1,8,8,1,new
Subject969,30,0.6380952380952382,0.7,0.7,logreg,1,8,8,1,new
Subject226,30,0.42,0.4666666666666667,0.4666666666666667,rules,1,8,8,1,new
Subject354,60,0.49707181707181713,0.5833333333333334,0.5833333333333334,rules,1,8,8,1,new
Subject455,60,0.6373382173382173,0.6833333333333333,0.6833333333333333,rules,1,8,8,1,new
Subject580,90,0.4694469582704877,0.48888888888888893,0.4888888888888889,rules,1,8,8,1,new
Subject890,30,0.4695238095238095,0.5666666666666667,0.5666666666666667,rules,1,8,8,1,new
Subject969,30,0.19259259259259262,0.3,0.3,rules,1,8,8,1,new
Subject226,30,0.8066666666666666,0.8333333333333334,0.8333333333333334,logreg,1,16,4,4,new
Subject354,60,0.9497354497354498,0.95,0.95,logreg,1,16,4,4,new
Subject455,60,0.874074074074074,0.9,0.9,logreg,1,16,4,4,new
Subject580,90,0.7642571807277688,0.788888888888889,0.7888888888888889,logreg,1,16,4,4,new
Subject890,30,0.6511111111111112,0.7,0.7,logreg,1,16,4,4,new
Subject969,30,0.6,0.6666666666666666,0.6666666666666666,logreg,1,16,4,4,new
Subject226,30,0.6799999999999999,0.7333333333333333,0.7333333333333333,rules,1,16,4,4,new
Subject354,60,0.6008465608465609,0.6666666666666666,0.6666666666666666,rules,1,16,4,4,new
Subject455,60,0.7197017797017797,0.7666666666666667,0.7666666666666667,rules,1,16,4,4,new
Subject580,90,0.5706164206164206,0.6,0.6,rules,1,16,4,4,new
Subject890,30,0.6244444444444445,0.6666666666666666,0.6666666666666666,rules,1,16,4,4,new
Subject969,30,0.19142857142857142,0.3,0.3,rules,1,16,4,4,new
Subject226,30,0.8422222222222222,0.8666666666666667,0.8666666666666667,logreg,1,16,8,2,new
Subject354,60,0.9418181818181818,0.95,0.95,logreg,1,16,8,2,new
Subject455,60,0.912962962962963,0.9166666666666666,0.9166666666666666,logreg,1,16,8,2,new
Subject580,90,0.8665978465978466,0.8666666666666666,0.8666666666666667,logreg,1,16,8,2,new
Subject890,30,0.8025396825396826,0.8333333333333334,0.8333333333333334,logreg,1,16,8,2,new
Subject969,30,0.6044444444444445,0.6666666666666666,0.6666666666666666,logreg,1,16,8,2,new
Subject226,30,0.5925925925925927,0.6,0.6,rules,1,16,8,2,new
Subject354,60,0.5337181337181338,0.6,0.6,rules,1,16,8,2,new
Subject455,60,0.7228101528101529,0.7666666666666667,0.7666666666666667,rules,1,16,8,2,new
Subject580,90,0.5622356292944528,0.5777777777777777,0.5777777777777777,rules,1,16,8,2,new
Subject890,30,0.5580952380952381,0.6333333333333333,0.6333333333333333,rules,1,16,8,2,new
Subject969,30,0.20814814814814814,0.3,0.3,rules,1,16,8,2,new
Subject226,30,0.7244444444444443,0.8,0.8,logreg,1,16,16,1,new
Subject354,60,0.8956228956228957,0.9166666666666666,0.9166666666666666,logreg,1,16,16,1,new
Subject455,60,0.8482154882154883,0.8666666666666667,0.8666666666666667,logreg,1,16,16,1,new
Subject580,90,0.8352214452214451,0.8444444444444446,0.8444444444444444,logreg,1,16,16,1,new
Subject890,30,0.8933333333333333,0.9,0.9,logreg,1,16,16,1,new
Subject969,30,0.8222222222222223,0.8666666666666667,0.8666666666666667,logreg,1,16,16,1,new
Subject226,30,0.4777777777777778,0.5333333333333333,0.5333333333333333,rules,1,16,16,1,new
Subject354,60,0.4941280941280942,0.5666666666666667,0.5666666666666667,rules,1,16,16,1,new
Subject455,60,0.5942857142857143,0.6333333333333333,0.6333333333333333,rules,1,16,16,1,new
Subject580,90,0.50151228888071,0.5444444444444445,0.5444444444444444,rules,1,16,16,1,new
Subject890,30,0.5130158730158729,0.6,0.6,rules,1,16,16,1,new
Subject969,30,0.20074074074074072,0.3333333333333333,0.3333333333333333,rules,1,16,16,1,new
Subject376,60,0.5671957671957671,0.6166666666666667,0.6166666666666667,logreg,2,4,1,4,new
Subject424,60,0.5084656084656084,0.5833333333333334,0.5833333333333334,logreg,2,4,1,4,new
Subject494,60,0.47388167388167385,0.48333333333333334,0.48333333333333334,logreg,2,4,1,4,new
Subject571,30,0.6311111111111111,0.7,0.7,logreg,2,4,1,4,new
Subject611,60,0.8146031746031747,0.8166666666666667,0.8166666666666667,logreg,2,4,1,4,new
Subject969,30,0.68,0.7333333333333333,0.7333333333333333,logreg,2,4,1,4,new
Subject376,60,0.3208140008140008,0.36666666666666664,0.36666666666666664,rules,2,4,1,4,new
Subject424,60,0.3895726495726496,0.48333333333333334,0.48333333333333334,rules,2,4,1,4,new
Subject494,60,0.4066666666666668,0.48333333333333334,0.48333333333333334,rules,2,4,1,4,new
Subject571,30,0.4317460317460318,0.5333333333333333,0.5333333333333333,rules,2,4,1,4,new
Subject611,60,0.5251628328098916,0.6,0.6,rules,2,4,1,4,new
Subject969,30,0.2203174603174603,0.3333333333333333,0.3333333333333333,rules,2,4,1,4,new
Subject376,60,0.6646560846560846,0.6833333333333333,0.6833333333333333,logreg,2,4,2,2,new
Subject424,60,0.5632996632996632,0.6,0.6,logreg,2,4,2,2,new
Subject494,60,0.648888888888889,0.6833333333333333,0.6833333333333333,logreg,2,4,2,2,new
Subject571,30,0.7333333333333332,0.8,0.8,logreg,2,4,2,2,new
Subject611,60,0.8533333333333333,0.8833333333333333,0.8833333333333333,logreg,2,4,2,2,new
Subject969,30,0.6562962962962964,0.7,0.7,logreg,2,4,2,2,new
Subject376,60,0.35417989417989415,0.4,0.4,rules,2,4,2,2,new
Subject424,60,0.32888888888888884,0.4,0.4,rules,2,4,2,2,new
Subject494,60,0.4967399267399267,0.5333333333333333,0.5333333333333333,rules,2,4,2,2,new
Subject571,30,0.3844444444444444,0.4666666666666667,0.4666666666666667,rules,2,4,2,2,new
Subject611,60,0.3524747474747475,0.4166666666666667,0.4166666666666667,rules,2,4,2,2,new
Subject969,30,0.20296296296296296,0.3,0.3,rules,2,4,2,2,new
Subject376,60,0.7268783068783069,0.75,0.75,logreg,2,4,4,1,new
Subject424,60,0.6818181818181818,0.75,0.75,logreg,2,4,4,1,new
Subject494,60,0.6696488696488696,0.7333333333333333,0.7333333333333333,logreg,2,4,4,1,new
Subject571,30,0.6644444444444445,0.7333333333333333,0.7333333333333333,logreg,2,4,4,1,new
Subject611,60,0.8380952380952381,0.85,0.85,logreg,2,4,4,1,new
Subject969,30,0.6812698412698412,0.7333333333333333,0.7333333333333333,logreg,2,4,4,1,new
Subject376,60,0.41703703703703704,0.4666666666666667,0.4666666666666667,rules,2,4,4,1,new
Subject424,60,0.39397787397787404,0.48333333333333334,0.48333333333333334,rules,2,4,4,1,new
Subject494,60,0.3341798941798942,0.3333333333333333,0.3333333333333333,rules,2,4,4,1,new
Subject571,30,0.3580952380952381,0.43333333333333335,0.43333333333333335,rules,2,4,4,1,new
Subject611,60,0.3691812865497076,0.4166666666666667,0.4166666666666667,rules,2,4,4,1,new
Subject969,30,0.1983164983164983,0.3,0.3,rules,2,4,4,1,new
Subject376,60,0.6353631553631554,0.6666666666666666,0.6666666666666666,logreg,2,8,2,4,new
Subject424,60,0.743068783068783,0.7833333333333333,0.7833333333333333,logreg,2,8,2,4,new
Subject494,60,0.6229908103592314,0.6666666666666666,0.6666666666666666,logreg,2,8,2,4,new
Subject571,30,0.7333333333333332,0.8,0.8,logreg,2,8,2,4,new
Subject611,60,0.8711111111111111,0.9,0.9,logreg,2,8,2,4,new
Subject969,30,0.65015873015873,0.7,0.7,logreg,2,8,2,4,new
Subject376,60,0.3741534391534392,0.38333333333333336,0.38333333333333336,rules,2,8,2,4,new
Subject424,60,0.3466560492647449,0.43333333333333335,0.43333333333333335,rules,2,8,2,4,new
Subject494,60,0.5267484367484366,0.5666666666666667,0.5666666666666667,rules,2,8,2,4,new
Subject571,30,0.4492063492063492,0.5333333333333333,0.5333333333333333,rules,2,8,2,4,new
Subject611,60,0.4986446886446885,0.55,0.55,rules,2,8,2,4,new
Subject969,30,0.2203174603174603,0.3,0.3,rules,2,8,2,4,new
Subject376,60,0.6978835978835979,0.7333333333333333,0.7333333333333333,logreg,2,8,4,2,new
Subject424,60,0.7664021164021163,0.8,0.8,logreg,2,8,4,2,new
Subject494,60,0.7813960113960114,0.8166666666666667,0.8166666666666667,logreg,2,8,4,2,new
Subject571,30,0.7533333333333333,0.8,0.8,logreg,2,8,4,2,new
Subject611,60,0.858008658008658,0.8666666666666667,0.8666666666666667,logreg,2,8,4,2,new
Subject969,30,0.6533333333333334,0.7,0.7,logreg,2,8,4,2,new
Subject376,60,0.44052910052910055,0.48333333333333334,0.48333333333333334,rules,2,8,4,2,new
Subject424,60,0.3980952380952381,0.48333333333333334,0.48333333333333334,rules,2,8,4,2,new
Subject494,60,0.3630880230880231,0.35,0.35,rules,2,8,4,2,new
Subject571,30,0.42031746031746037,0.5,0.5,rules,2,8,4,2,new
Subject611,60,0.41160765160765156,0.4666666666666667,0.4666666666666667,rules,2,8,4,2,new
Subject969,30,0.22666666666666666,0.3333333333333333,0.3333333333333333,rules,2,8,4,2,new
Subject376,60,0.7304232804232805,0.7666666666666667,0.7666666666666667,logreg,2,8,8,1,new
Subject424,60,0.7527657527657527,0.7833333333333333,0.7833333333333333,logreg,2,8,8,1,new
Subject494,60,0.6577777777777777,0.7166666666666667,0.7166666666666667,logreg,2,8,8,1,new
Subject571,30,0.7088888888888889,0.7666666666666667,0.7666666666666667,logreg,2,8,8,1,new
Subject611,60,0.9316402116402116,0.9333333333333333,0.9333333333333333,logreg,2,8,8,1,new
Subject969,30,0.7666666666666667,0.8,0.8,logreg,2,8,8,1,new
Subject376,60,0.3784889511360099,0.4,0.4,rules,2,8,8,1,new
Subject424,60,0.43269841269841264,0.5,0.5,rules,2,8,8,1,new
Subject494,60,0.4010021786492375,0.48333333333333334,0.48333333333333334,rules,2,8,8,1,new
Subject571,30,0.49587301587301597,0.5333333333333333,0.5333333333333333,rules,2,8,8,1,new
Subject611,60,0.5407877090230031,0.5833333333333334,0.5833333333333334,rules,2,8,8,1,new
Subject969,30,0.16,0.26666666666666666,0.26666666666666666,rules,2,8,8,1,new
Subject376,60,0.7341798941798942,0.75,0.75,logreg,2,16,4,4,new
Subject424,60,0.8797557997557999,0.8833333333333333,0.8833333333333333,logreg,2,16,4,4,new
Subject494,60,0.7607039583510172,0.7833333333333333,0.7833333333333333,logreg,2,16,4,4,new
Subject571,30,0.7333333333333332,0.8,0.8,logreg,2,16,4,4,new
Subject611,60,0.8749398749398749,0.8833333333333333,0.8833333333333333,logreg,2,16,4,4,new
Subject969,30,0.6562962962962964,0.7,0.7,logreg,2,16,4,4,new
Subject376,60,0.4396574770258981,0.48333333333333334,0.48333333333333334,rules,2,16,4,4,new
Subject424,60,0.5257335257335257,0.6,0.6,rules,2,16,4,4,new
Subject494,60,0.46017485782191664,0.48333333333333334,0.48333333333333334,rules,2,16,4,4,new
Subject571,30,0.45841269841269844,0.5333333333333333,0.5333333333333333,rules,2,16,4,4,new
Subject611,60,0.5112698412698413,0.5333333333333333,0.5333333333333333,rules,2,16,4,4,new
Subject969,30,0.1562962962962963,0.26666666666666666,0.26666666666666666,rules,2,16,4,4,new
Subject376,60,0.7586243386243386,0.7833333333333333,0.7833333333333333,logreg,2,16,8,2,new
Subject424,60,0.7395715395715395,0.7666666666666667,0.7666666666666667,logreg,2,16,8,2,new
Subject494,60,0.7425396825396825,0.7666666666666667,0.7666666666666667,logreg,2,16,8,2,new
Subject571,30,0.8222222222222222,0.8666666666666667,0.8666666666666667,logreg,2,16,8,2,new
Subject611,60,0.9475132275132275,0.95,0.95,logreg,2,16,8,2,new
Subject969,30,0.662962962962963,0.7,0.7,logreg,2,16,8,2,new
Subject376,60,0.4304497354497354,0.43333333333333335,0.43333333333333335,rules,2,16,8,2,new
Subject424,60,0.4808994708994708,0.5666666666666667,0.5666666666666667,rules,2,16,8,2,new
Subject494,60,0.4552745729216317,0.5333333333333333,0.5333333333333333,rules,2,16,8,2,new
Subject571,30,0.5577777777777778,0.6,0.6,rules,2,16,8,2,new
Subject611,60,0.5756288156288156,0.6333333333333333,0.6333333333333333,rules,2,16,8,2,new
Subject969,30,0.16296296296296298,0.26666666666666666,0.26666666666666666,rules,2,16,8,2,new
Subject376,60,0.7314814814814814,0.7666666666666667,0.7666666666666667,logreg,2,16,16,1,new
Subject424,60,0.8484848484848485,0.8833333333333333,0.8833333333333333,logreg,2,16,16,1,new
Subject494,60,0.7032216905901117,0.7333333333333333,0.7333333333333333,logreg,2,16,16,1,new
Subject571,30,0.7892063492063492,0.8333333333333334,0.8333333333333334,logreg,2,16,16,1,new
Subject611,60,0.9392592592592593,0.95,0.95,logreg,2,16,16,1,new
Subject969,30,0.6977777777777777,0.7333333333333333,0.7333333333333333,logreg,2,16,16,1,new
Subject376,60,0.3818253968253968,0.4,0.4,rules,2,16,16,1,new
Subject424,60,0.48005291005291,0.55,0.55,rules,2,16,16,1,new
Subject494,60,0.42766884531590416,0.5,0.5,rules,2,16,16,1,new
Subject571,30,0.49587301587301597,0.5333333333333333,0.5333333333333333,rules,2,16,16,1,new
Subject611,60,0.5851526251526251,0.6333333333333333,0.6333333333333333,rules,2,16,16,1,new
Subject969,30,0.2037037037037037,0.3,0.3,rules,2,16,16,1,new
Subject226,30,0.52,0.6,0.6,logreg,3,4,1,4,new
Subject354,60,0.5096296296296295,0.55,0.55,logreg,3,4,1,4,new
Subject376,60,0.376610644257703,0.48333333333333334,0.48333333333333334,logreg,3,4,1,4,new
Subject424,60,0.4802069275753486,0.5666666666666667,0.5666666666666667,logreg,3,4,1,4,new
Subject729,60,0.8946031746031746,0.9,0.9,logreg,3,4,1,4,new
Subject969,30,0.49333333333333335,0.6,0.6,logreg,3,4,1,4,new
Subject226,30,0.25999999999999995,0.36666666666666664,0.36666666666666664,rules,3,4,1,4,new
Subject354,60,0.26936507936507936,0.3333333333333333,0.3333333333333333,rules,3,4,1,4,new
Subject376,60,0.21038961038961038,0.3,0.3,rules,3,4,1,4,new
Subject424,60,0.21325925925925926,0.26666666666666666,0.26666666666666666,rules,3,4,1,4,new
Subject729,60,0.5781684981684981,0.6333333333333333,0.6333333333333333,rules,3,4,1,4,new
Subject969,30,0.35333333333333333,0.4666666666666667,0.4666666666666667,rules,3,4,1,4,new
Subject226,30,0.6158730158730158,0.6666666666666666,0.6666666666666666,logreg,3,4,2,2,new
Subject354,60,0.6799999999999999,0.7166666666666667,0.7166666666666667,logreg,3,4,2,2,new
Subject376,60,0.6317216117216119,0.6666666666666666,0.6666666666666666,logreg,3,4,2,2,new
Subject424,60,0.7244444444444443,0.75,0.75,logreg,3,4,2,2,new
Subject729,60,0.924886964886965,0.9333333333333333,0.9333333333333333,logreg,3,4,2,2,new
Subject969,30,0.6777777777777778,0.7333333333333333,0.7333333333333333,logreg,3,4,2,2,new
Subject226,30,0.64,0.7,0.7,rules,3,4,2,2,new
Subject354,60,0.5062433862433864,0.55,0.55,rules,3,4,2,2,new
Subject376,60,0.398035113035113,0.43333333333333335,0.43333333333333335,rules,3,4,2,2,new
Subject424,60,0.4111303511303511,0.48333333333333334,0.48333333333333334,rules,3,4,2,2,new
Subject729,60,0.6888552188552188,0.7,0.7,rules,3,4,2,2,new
Subject969,30,0.15047619047619049,0.23333333333333334,0.23333333333333334,rules,3,4,2,2,new
Subject226,30,0.6555555555555556,0.7,0.7,logreg,3,4,4,1,new
Subject354,60,0.7007792207792208,0.7333333333333333,0.7333333333333333,logreg,3,4,4,1,new
Subject376,60,0.6929598506069095,0.7333333333333333,0.7333333333333333,logreg,3,4,4,1,new
Subject424,60,0.7644311244311245,0.7833333333333333,0.7833333333333333,logreg,3,4,4,1,new
Subject729,60,0.8772486772486772,0.9,0.9,logreg,3,4,4,1,new
Subject969,30,0.7822222222222223,0.8,0.8,logreg,3,4,4,1,new
Subject226,30,0.42666666666666675,0.5333333333333333,0.5333333333333333,rules,3,4,4,1,new
Subject354,60,0.4571428571428572,0.5166666666666667,0.5166666666666667,rules,3,4,4,1,new
Subject376,60,0.2654129530600119,0.3333333333333333,0.3333333333333333,rules,3,4,4,1,new
Subject424,60,0.3223280423280423,0.4,0.4,rules,3,4,4,1,new
Subject729,60,0.42123617123617124,0.48333333333333334,0.48333333333333334,rules,3,4,4,1,new
Subject969,30,0.21534391534391534,0.3,0.3,rules,3,4,4,1,new
Subject226,30,0.611111111111111,0.6666666666666666,0.6666666666666666,logreg,3,8,2,4,new
Subject354,60,0.7817989417989418,0.8166666666666667,0.8166666666666667,logreg,3,8,2,4,new
Subject376,60,0.667037037037037,0.6833333333333333,0.6833333333333333,logreg,3,8,2,4,new
Subject424,60,0.7132275132275133,0.7333333333333333,0.7333333333333333,logreg,3,8,2,4,new
Subject729,60,0.9147089947089948,0.9166666666666666,0.9166666666666666,logreg,3,8,2,4,new
Subject969,30,0.6340740740740741,0.6666666666666666,0.6666666666666666,logreg,3,8,2,4,new
Subject226,30,0.5092063492063492,0.5666666666666667,0.5666666666666667,rules,3,8,2,4,new
Subject354,60,0.46948702713408597,0.5666666666666667,0.5666666666666667,rules,3,8,2,4,new
Subject376,60,0.2522414622414622,0.31666666666666665,0.31666666666666665,rules,3,8,2,4,new
Subject424,60,0.394939874939875,0.45,0.45,rules,3,8,2,4,new
Subject729,60,0.527057387057387,0.5833333333333334,0.5833333333333334,rules,3,8,2,4,new
Subject969,30,0.23333333333333334,0.3333333333333333,0.3333333333333333,rules,3,8,2,4,new
Subject226,30,0.7288888888888888,0.8,0.8,logreg,3,8,4,2,new
Subject354,60,0.7076586376586377,0.75,0.75,logreg,3,8,4,2,new
Subject376,60,0.6802645502645501,0.6833333333333333,0.6833333333333333,logreg,3,8,4,2,new
Subject424,60,0.7891737891737892,0.8333333333333334,0.8333333333333334,logreg,3,8,4,2,new
Subject729,60,0.9418181818181818,0.95,0.95,logreg,3,8,4,2,new
Subject969,30,0.871111111111111,0.9,0.9,logreg,3,8,4,2,new
Subject226,30,0.5496296296296296,0.6333333333333333,0.6333333333333333,rules,3,8,4,2,new
Subject354,60,0.4352055352055352,0.5,0.5,rules,3,8,4,2,new
Subject376,60,0.36783068783068784,0.4166666666666667,0.4166666666666667,rules,3,8,4,2,new
Subject424,60,0.34006734006734,0.43333333333333335,0.43333333333333335,rules,3,8,4,2,new
Subject729,60,0.45682539682539686,0.5333333333333333,0.5333333333333333,rules,3,8,4,2,new
Subject969,30,0.2222222222222222,0.3,0.3,rules,3,8,4,2,new
Subject226,30,0.6444444444444444,0.7,0.7,logreg,3,8,8,1,new
Subject354,60,0.8594179894179894,0.8666666666666667,0.8666666666666667,logreg,3,8,8,1,new
Subject376,60,0.7727269027269028,0.7833333333333333,0.7833333333333333,logreg,3,8,8,1,new
Subject424,60,0.7132659932659933,0.75,0.75,logreg,3,8,8,1,new
Subject729,60,0.9089947089947091,0.9166666666666666,0.9166666666666666,logreg,3,8,8,1,new
Subject969,30,0.8466666666666666,0.8666666666666667,0.8666666666666667,logreg,3,8,8,1,new
Subject226,30,0.4740740740740741,0.5333333333333333,0.5333333333333333,rules,3,8,8,1,new
Subject354,60,0.39333333333333337,0.4666666666666667,0.4666666666666667,rules,3,8,8,1,new
Subject376,60,0.2801731601731602,0.35,0.35,rules,3,8,8,1,new
Subject424,60,0.32725348725348724,0.4,0.4,rules,3,8,8,1,new
Subject729,60,0.38941798941798944,0.43333333333333335,0.43333333333333335,rules,3,8,8,1,new
Subject969,30,0.20253968253968252,0.3,0.3,rules,3,8,8,1,new
Subject226,30,0.7333333333333332,0.8,0.8,logreg,3,16,4,4,new
Subject354,60,0.8125925925925926,0.8333333333333334,0.8333333333333334,logreg,3,16,4,4,new
Subject376,60,0.6138095238095238,0.6333333333333333,0.6333333333333333,logreg,3,16,4,4,new
Subject424,60,0.8059451659451661,0.8166666666666667,0.8166666666666667,logreg,3,16,4,4,new
Subject729,60,0.924886964886965,0.9333333333333333,0.9333333333333333,logreg,3,16,4,4,new
Subject969,30,0.7447619047619047,0.8,0.8,logreg,3,16,4,4,new
Subject226,30,0.4044444444444445,0.4666666666666667,0.4666666666666667,rules,3,16,4,4,new
Subject354,60,0.470991970991971,0.55,0.55,rules,3,16,4,4,new
Subject376,60,0.40008288008288,0.43333333333333335,0.43333333333333335,rules,3,16,4,4,new
Subject424,60,0.3847293447293447,0.48333333333333334,0.48333333333333334,rules,3,16,4,4,new
Subject729,60,0.44451178451178447,0.5,0.5,rules,3,16,4,4,new
Subject969,30,0.2822222222222222,0.36666666666666664,0.36666666666666664,rules,3,16,4,4,new
Subject226,30,0.6622222222222222,0.7333333333333333,0.7333333333333333,logreg,3,16,8,2,new
Subject354,60,0.8103703703703704,0.8333333333333334,0.8333333333333334,logreg,3,16,8,2,new
Subject376,60,0.782025012025012,0.8,0.8,logreg,3,16,8,2,new
Subject424,60,0.7854160654160655,0.8,0.8,logreg,3,16,8,2,new
Subject729,60,0.911957671957672,0.9166666666666666,0.9166666666666666,logreg,3,16,8,2,new
Subject969,30,0.8755555555555555,0.9,0.9,logreg,3,16,8,2,new
Subject226,30,0.4851851851851852,0.5333333333333333,0.5333333333333333,rules,3,16,8,2,new
Subject354,60,0.32915032679738565,0.4,0.4,rules,3,16,8,2,new
Subject376,60,0.3655343349460997,0.43333333333333335,0.43333333333333335,rules,3,16,8,2,new
Subject424,60,0.2955693581780538,0.38333333333333336,0.38333333333333336,rules,3,16,8,2,new
Subject729,60,0.46605098605098605,0.5,0.5,rules,3,16,8,2,new
Subject969,30,0.23703703703703702,0.3333333333333333,0.3333333333333333,rules,3,16,8,2,new
Subject226,30,0.7822222222222223,0.8333333333333334,0.8333333333333334,logreg,3,16,16,1,new
Subject354,60,0.9288888888888888,0.9333333333333333,0.9333333333333333,logreg,3,16,16,1,new
Subject376,60,0.7258119658119658,0.7333333333333333,0.7333333333333333,logreg,3,16,16,1,new
Subject424,60,0.7226647426647427,0.7666666666666667,0.7666666666666667,logreg,3,16,16,1,new
Subject729,60,0.9830687830687831,0.9833333333333333,0.9833333333333333,logreg,3,16,16,1,new
Subject969,30,0.7758730158730159,0.8,0.8,logreg,3,16,16,1,new
Subject226,30,0.482962962962963,0.5333333333333333,0.5333333333333333,rules,3,16,16,1,new
Subject354,60,0.46404901141743243,0.5333333333333333,0.5333333333333333,rules,3,16,16,1,new
Subject376,60,0.3196316646316646,0.36666666666666664,0.36666666666666664,rules,3,16,16,1,new
Subject424,60,0.34922015182884747,0.43333333333333335,0.43333333333333335,rules,3,16,16,1,new
Subject729,60,0.5339031339031339,0.6166666666666667,0.6166666666666667,rules,3,16,16,1,new
Subject969,30,0.18,0.3,0.3,rules,3,16,16,1,new
Subject424,60,0.5829883406353995,0.65,0.65,logreg,4,4,1,4,new
Subject455,60,0.7244829244829245,0.7666666666666667,0.7666666666666667,logreg,4,4,1,4,new
Subject561,60,0.734179894179894,0.7833333333333333,0.7833333333333333,logreg,4,4,1,4,new
Subject571,30,0.6628571428571429,0.7333333333333333,0.7333333333333333,logreg,4,4,1,4,new
Subject741,60,0.6079537456008044,0.65,0.65,logreg,4,4,1,4,new
Subject819,60,0.47689865689865685,0.5666666666666667,0.5666666666666667,logreg,4,4,1,4,new
Subject424,60,0.42665334665334664,0.5166666666666667,0.5166666666666667,rules,4,4,1,4,new
Subject455,60,0.38075686840392725,0.4666666666666667,0.4666666666666667,rules,4,4,1,4,new
Subject561,60,0.5546705146705146,0.6166666666666667,0.6166666666666667,rules,4,4,1,4,new
Subject571,30,0.36222222222222217,0.4666666666666667,0.4666666666666667,rules,4,4,1,4,new
Subject741,60,0.4340740740740741,0.5333333333333333,0.5333333333333333,rules,4,4,1,4,new
Subject819,60,0.25146335146335147,0.31666666666666665,0.31666666666666665,rules,4,4,1,4,new
Subject424,60,0.6281829281829282,0.6833333333333333,0.6833333333333333,logreg,4,4,2,2,new
Subject455,60,0.8173737373737374,0.85,0.85,logreg,4,4,2,2,new
Subject561,60,0.6757671957671959,0.7333333333333333,0.7333333333333333,logreg,4,4,2,2,new
Subject571,30,0.7669841269841269,0.8,0.8,logreg,4,4,2,2,new
Subject741,60,0.6931714908185497,0.7333333333333333,0.7333333333333333,logreg,4,4,2,2,new
Subject819,60,0.6721885521885522,0.7166666666666667,0.7166666666666667,logreg,4,4,2,2,new
Subject424,60,0.31208072972778855,0.4,0.4,rules,4,4,2,2,new
Subject455,60,0.5412372812372812,0.6166666666666667,0.6166666666666667,rules,4,4,2,2,new
Subject561,60,0.5723317205670146,0.6166666666666667,0.6166666666666667,rules,4,4,2,2,new
Subject571,30,0.508888888888889,0.5666666666666667,0.5666666666666667,rules,4,4,2,2,new
Subject741,60,0.4260815437286026,0.5,0.5,rules,4,4,2,2,new
Subject819,60,0.38964886964886963,0.45,0.45,rules,4,4,2,2,new
Subject424,60,0.7193063466747678,0.7333333333333333,0.7333333333333333,logreg,4,4,4,1,new
Subject455,60,0.7656277056277055,0.8,0.8,logreg,4,4,4,1,new
Subject561,60,0.6152910052910053,0.6666666666666666,0.6666666666666666,logreg,4,4,4,1,new
Subject571,30,0.8755555555555555,0.9,0.9,logreg,4,4,4,1,new
Subject741,60,0.7871295371295371,0.8,0.8,logreg,4,4,4,1,new
Subject819,60,0.6546499796499797,0.7,0.7,logreg,4,4,4,1,new
Subject424,60,0.32989417989417985,0.36666666666666664,0.36666666666666664,rules,4,4,4,1,new
Subject455,60,0.6296296296296295,0.65,0.65,rules,4,4,4,1,new
Subject561,60,0.45885521885521885,0.5333333333333333,0.5333333333333333,rules,4,4,4,1,new
Subject571,30,0.2914285714285714,0.3333333333333333,0.3333333333333333,rules,4,4,4,1,new
Subject741,60,0.44808191808191805,0.5166666666666667,0.5166666666666667,rules,4,4,4,1,new
Subject819,60,0.4555229955229956,0.5333333333333333,0.5333333333333333,rules,4,4,4,1,new
Subject424,60,0.7515873015873016,0.7833333333333333,0.7833333333333333,logreg,4,8,2,4,new
Subject455,60,0.8197210197210196,0.85,0.85,logreg,4,8,2,4,new
Subject561,60,0.6751515151515152,0.75,0.75,logreg,4,8,2,4,new
Subject571,30,0.7580952380952382,0.8,0.8,logreg,4,8,2,4,new
Subject741,60,0.7168783068783069,0.7333333333333333,0.7333333333333333,logreg,4,8,2,4,new
Subject819,60,0.7014141414141414,0.7333333333333333,0.7333333333333333,logreg,4,8,2,4,new
Subject424,60,0.4031746031746032,0.5166666666666667,0.5166666666666667,rules,4,8,2,4,new
Subject455,60,0.6233477633477633,0.6833333333333333,0.6833333333333333,rules,4,8,2,4,new
Subject561,60,0.4962578162578163,0.55,0.55,rules,4,8,2,4,new
Subject571,30,0.5777777777777778,0.6333333333333333,0.6333333333333333,rules,4,8,2,4,new
Subject741,60,0.48063492063492064,0.55,0.55,rules,4,8,2,4,new
Subject819,60,0.38089947089947085,0.45,0.45,rules,4,8,2,4,new
Subject424,60,0.7375410749094959,0.7666666666666667,0.7666666666666667,logreg,4,8,4,2,new
Subject455,60,0.797142857142857,0.8166666666666667,0.8166666666666667,logreg,4,8,4,2,new
Subject561,60,0.6392540792540793,0.7,0.7,logreg,4,8,4,2,new
Subject571,30,0.8977777777777777,0.9,0.9,logreg,4,8,4,2,new
Subject741,60,0.7950660450660451,0.8166666666666667,0.8166666666666667,logreg,4,8,4,2,new
Subject819,60,0.7127798127798127,0.75,0.75,logreg,4,8,4,2,new
Subject424,60,0.3437037037037037,0.38333333333333336,0.38333333333333336,rules,4,8,4,2,new
Subject455,60,0.5627380027380028,0.6166666666666667,0.6166666666666667,rules,4,8,4,2,new
Subject561,60,0.5104791504791505,0.5833333333333334,0.5833333333333334,rules,4,8,4,2,new
Subject571,30,0.3266666666666667,0.36666666666666664,0.36666666666666664,rules,4,8,4,2,new
Subject741,60,0.44386243386243385,0.5,0.5,rules,4,8,4,2,new
Subject819,60,0.5083272283272283,0.5833333333333334,0.5833333333333334,rules,4,8,4,2,new
Subject424,60,0.7871091871091872,0.8166666666666667,0.8166666666666667,logreg,4,8,8,1,new
Subject455,60,0.8711111111111111,0.8833333333333333,0.8833333333333333,logreg,4,8,8,1,new
Subject561,60,0.6862626262626262,0.75,0.75,logreg,4,8,8,1,new
Subject571,30,0.9047619047619048,0.9,0.9,logreg,4,8,8,1,new
Subject741,60,0.9136507936507937,0.9166666666666666,0.9166666666666666,logreg,4,8,8,1,new
Subject819,60,0.8556613756613757,0.8666666666666667,0.8666666666666667,logreg,4,8,8,1,new
Subject424,60,0.32632478632478634,0.4,0.4,rules,4,8,8,1,new
Subject455,60,0.5217663817663818,0.5666666666666667,0.5666666666666667,rules,4,8,8,1,new
Subject561,60,0.455704643939938,0.55,0.55,rules,4,8,8,1,new
Subject571,30,0.45841269841269844,0.5,0.5,rules,4,8,8,1,new
Subject741,60,0.47942501942501947,0.55,0.55,rules,4,8,8,1,new
Subject819,60,0.5636700336700338,0.6166666666666667,0.6166666666666667,rules,4,8,8,1,new
Subject424,60,0.7808465608465608,0.8166666666666667,0.8166666666666667,logreg,4,16,4,4,new
Subject455,60,0.7674074074074074,0.7833333333333333,0.7833333333333333,logreg,4,16,4,4,new
Subject561,60,0.6992784992784993,0.75,0.75,logreg,4,16,4,4,new
Subject571,30,0.9644444444444444,0.9666666666666667,0.9666666666666667,logreg,4,16,4,4,new
Subject741,60,0.8777777777777778,0.9,0.9,logreg,4,16,4,4,new
Subject819,60,0.8294179894179894,0.85,0.85,logreg,4,16,4,4,new
Subject424,60,0.39790394790394784,0.4666666666666667,0.4666666666666667,rules,4,16,4,4,new
Subject455,60,0.5552980352980352,0.5833333333333334,0.5833333333333334,rules,4,16,4,4,new
Subject561,60,0.5056349206349207,0.5666666666666667,0.5666666666666667,rules,4,16,4,4,new
Subject571,30,0.41904761904761906,0.4666666666666667,0.4666666666666667,rules,4,16,4,4,new
Subject741,60,0.3921164021164021,0.45,0.45,rules,4,16,4,4,new
Subject819,60,0.4385185185185184,0.5333333333333333,0.5333333333333333,rules,4,16,4,4,new
Subject424,60,0.7733333333333333,0.8166666666666667,0.8166666666666667,logreg,4,16,8,2,new
Subject455,60,0.8711111111111111,0.8833333333333333,0.8833333333333333,logreg,4,16,8,2,new
Subject561,60,0.7354689754689755,0.7833333333333333,0.7833333333333333,logreg,4,16,8,2,new
Subject571,30,1.0,1.0,1.0,logreg,4,16,8,2,new
Subject741,60,0.8707070707070707,0.8833333333333333,0.8833333333333333,logreg,4,16,8,2,new
Subject819,60,0.9193843193843194,0.9166666666666666,0.9166666666666666,logreg,4,16,8,2,new
Subject424,60,0.42333333333333323,0.4666666666666667,0.4666666666666667,rules,4,16,8,2,new
Subject455,60,0.5917327117327117,0.6333333333333333,0.6333333333333333,rules,4,16,8,2,new
Subject561,60,0.591976911976912,0.65,0.65,rules,4,16,8,2,new
Subject571,30,0.48253968253968255,0.5333333333333333,0.5333333333333333,rules,4,16,8,2,new
Subject741,60,0.5266341066341067,0.5666666666666667,0.5666666666666667,rules,4,16,8,2,new
Subject819,60,0.4302085278555866,0.5,0.5,rules,4,16,8,2,new
Subject424,60,0.7424205424205425,0.7833333333333333,0.7833333333333333,logreg,4,16,16,1,new
Subject455,60,1.0,1.0,1.0,logreg,4,16,16,1,new
Subject561,60,0.6854689754689754,0.7333333333333333,0.7333333333333333,logreg,4,16,16,1,new
Subject571,30,0.8825396825396825,0.9,0.9,logreg,4,16,16,1,new
Subject741,60,0.9136507936507937,0.9166666666666666,0.9166666666666666,logreg,4,16,16,1,new
Subject819,60,0.8497354497354497,0.8666666666666667,0.8666666666666667,logreg,4,16,16,1,new
Subject424,60,0.44743796508502387,0.5166666666666667,0.5166666666666667,rules,4,16,16,1,new
Subject455,60,0.6615873015873016,0.7,0.7,rules,4,16,16,1,new
Subject561,60,0.4515824915824916,0.55,0.55,rules,4,16,16,1,new
Subject571,30,0.4825396825396826,0.5333333333333333,0.5333333333333333,rules,4,16,16,1,new
Subject741,60,0.41285403050108926,0.48333333333333334,0.48333333333333334,rules,4,16,16,1,new
Subject819,60,0.5833525733525733,0.6666666666666666,0.6666666666666666,rules,4,16,16,1,new
Subject226,30,0.6892063492063493,0.7333333333333333,0.7333333333333333,logreg,5,4,1,4,new
Subject424,60,0.5331216931216931,0.5833333333333334,0.5833333333333334,logreg,5,4,1,4,new
Subject580,90,0.47372921764226117,0.5333333333333333,0.5333333333333333,logreg,5,4,1,4,new
Subject819,60,0.8011111111111112,0.8333333333333334,0.8333333333333334,logreg,5,4,1,4,new
Subject877,60,0.5489429089429089,0.6333333333333333,0.6333333333333333,logreg,5,4,1,4,new
Subject890,30,0.6088888888888888,0.7,0.7,logreg,5,4,1,4,new
Subject226,30,0.6144444444444445,0.6333333333333333,0.6333333333333333,rules,5,4,1,4,new
Subject424,60,0.4363636363636364,0.5166666666666667,0.5166666666666667,rules,5,4,1,4,new
Subject580,90,0.6656228956228956,0.6777777777777777,0.6777777777777778,rules,5,4,1,4,new
Subject819,60,0.3125060125060125,0.4166666666666667,0.4166666666666667,rules,5,4,1,4,new
Subject877,60,0.4712006512006512,0.5,0.5,rules,5,4,1,4,new
Subject890,30,0.5473015873015873,0.6,0.6,rules,5,4,1,4,new
Subject226,30,0.7358730158730159,0.8,0.8,logreg,5,4,2,2,new
Subject424,60,0.49876109076109076,0.5833333333333334,0.5833333333333334,logreg,5,4,2,2,new
Subject580,90,0.6555293290587407,0.7000000000000001,0.7,logreg,5,4,2,2,new
Subject819,60,0.8643060643060643,0.8833333333333333,0.8833333333333333,logreg,5,4,2,2,new
Subject877,60,0.7567928367928367,0.8,0.8,logreg,5,4,2,2,new
Subject890,30,0.5888888888888888,0.6666666666666666,0.6666666666666666,logreg,5,4,2,2,new
Subject226,30,0.42962962962962964,0.5333333333333333,0.5333333333333333,rules,5,4,2,2,new
Subject424,60,0.21714285714285714,0.26666666666666666,0.26666666666666666,rules,5,4,2,2,new
Subject580,90,0.43880707527766355,0.49999999999999994,0.5,rules,5,4,2,2,new
Subject819,60,0.4051526251526251,0.4666666666666667,0.4666666666666667,rules,5,4,2,2,new
Subject877,60,0.4648270248270248,0.5,0.5,rules,5,4,2,2,new
Subject890,30,0.4980952380952381,0.5666666666666667,0.5666666666666667,rules,5,4,2,2,new
Subject226,30,0.6533333333333332,0.7,0.7,logreg,5,4,4,1,new
Subject424,60,0.5426129426129426,0.6166666666666667,0.6166666666666667,logreg,5,4,4,1,new
Subject580,90,0.6271945701357465,0.6555555555555554,0.6555555555555556,logreg,5,4,4,1,new
Subject819,60,0.8941798941798942,0.9166666666666666,0.9166666666666666,logreg,5,4,4,1,new
Subject877,60,0.7778162578162578,0.8166666666666667,0.8166666666666667,logreg,5,4,4,1,new
Subject890,30,0.6511111111111111,0.7333333333333333,0.7333333333333333,logreg,5,4,4,1,new
Subject226,30,0.4410582010582011,0.5333333333333333,0.5333333333333333,rules,5,4,4,1,new
Subject424,60,0.30699522699522697,0.36666666666666664,0.36666666666666664,rules,5,4,4,1,new
Subject580,90,0.4760404040404041,0.5444444444444444,0.5444444444444444,rules,5,4,4,1,new
Subject819,60,0.5144973544973545,0.5833333333333334,0.5833333333333334,rules,5,4,4,1,new
Subject877,60,0.5141414141414141,0.55,0.55,rules,5,4,4,1,new
Subject890,30,0.49682539682539684,0.5666666666666667,0.5666666666666667,rules,5,4,4,1,new
Subject226,30,0.8177777777777778,0.8666666666666667,0.8666666666666667,logreg,5,8,2,4,new
Subject424,60,0.5866666666666667,0.6333333333333333,0.6333333333333333,logreg,5,8,2,4,new
Subject580,90,0.7092385392385392,0.7333333333333335,0.7333333333333333,logreg,5,8,2,4,new
Subject819,60,0.8721885521885522,0.9,0.9,logreg,5,8,2,4,new
Subject877,60,0.7866666666666666,0.8333333333333334,0.8333333333333334,logreg,5,8,2,4,new
Subject890,30,0.6444444444444444,0.7333333333333333,0.7333333333333333,logreg,5,8,2,4,new
Subject226,30,0.5051851851851852,0.5666666666666667,0.5666666666666667,rules,5,8,2,4,new
Subject424,60,0.3466666666666666,0.45,0.45,rules,5,8,2,4,new
Subject580,90,0.4701566146272029,0.5222222222222223,0.5222222222222223,rules,5,8,2,4,new
Subject819,60,0.3903133903133903,0.4666666666666667,0.4666666666666667,rules,5,8,2,4,new
Subject877,60,0.39451770451770457,0.4166666666666667,0.4166666666666667,rules,5,8,2,4,new
Subject890,30,0.5247619047619048,0.6,0.6,rules,5,8,2,4,new
Subject226,30,0.6355555555555555,0.7,0.7,logreg,5,8,4,2,new
Subject424,60,0.5125396825396825,0.5833333333333334,0.5833333333333334,logreg,5,8,4,2,new
Subject580,90,0.7525855190561074,0.7666666666666668,0.7666666666666667,logreg,5,8,4,2,new
Subject819,60,0.8941798941798942,0.9166666666666666,0.9166666666666666,logreg,5,8,4,2,new
Subject877,60,0.8350937950937951,0.85,0.85,logreg,5,8,4,2,new
Subject890,30,0.626984126984127,0.7,0.7,logreg,5,8,4,2,new
Subject226,30,0.44888888888888895,0.5333333333333333,0.5333333333333333,rules,5,8,4,2,new
Subject424,60,0.35096850861556744,0.4166666666666667,0.4166666666666667,rules,5,8,4,2,new
Subject580,90,0.40233021880080705,0.4888888888888889,0.4888888888888889,rules,5,8,4,2,new
Subject819,60,0.49258038258038256,0.5666666666666667,0.5666666666666667,rules,5,8,4,2,new
Subject877,60,0.5383416583416584,0.55,0.55,rules,5,8,4,2,new
Subject890,30,0.5761904761904761,0.6333333333333333,0.6333333333333333,rules,5,8,4,2,new
Subject226,30,0.7666666666666667,0.8,0.8,logreg,5,8,8,1,new
Subject424,60,0.644021164021164,0.6833333333333333,0.6833333333333333,logreg,5,8,8,1,new
Subject580,90,0.7669681734387618,0.7888888888888891,0.7888888888888889,logreg,5,8,8,1,new
Subject819,60,0.8690476190476191,0.8833333333333333,0.8833333333333333,logreg,5,8,8,1,new
Subject877,60,0.9644444444444444,0.9666666666666667,0.9666666666666667,logreg,5,8,8,1,new
Subject890,30,0.7047619047619047,0.7666666666666667,0.7666666666666667,logreg,5,8,8,1,new
Subject226,30,0.5496296296296296,0.6333333333333333,0.6333333333333333,rules,5,8,8,1,new
Subject424,60,0.3292796092796093,0.43333333333333335,0.43333333333333335,rules,5,8,8,1,new
Subject580,90,0.5389379431484695,0.5888888888888889,0.5888888888888889,rules,5,8,8,1,new
Subject819,60,0.43871091871091866,0.5,0.5,rules,5,8,8,1,new
Subject877,60,0.5258608058608059,0.5666666666666667,0.5666666666666667,rules,5,8,8,1,new
Subject890,30,0.5812698412698413,0.6333333333333333,0.6333333333333333,rules,5,8,8,1,new
Subject226,30,0.7822222222222222,0.8333333333333334,0.8333333333333334,logreg,5,16,4,4,new
Subject424,60,0.5122089022089023,0.5833333333333334,0.5833333333333334,logreg,5,16,4,4,new
Subject580,90,0.7408964673670556,0.7555555555555554,0.7555555555555555,logreg,5,16,4,4,new
Subject819,60,0.8908128908128907,0.9166666666666666,0.9166666666666666,logreg,5,16,4,4,new
Subject877,60,0.7844444444444445,0.8333333333333334,0.8333333333333334,logreg,5,16,4,4,new
Subject890,30,0.7866666666666667,0.8333333333333334,0.8333333333333334,logreg,5,16,4,4,new
Subject226,30,0.4677248677248677,0.5666666666666667,0.5666666666666667,rules,5,16,4,4,new
Subject424,60,0.35523809523809524,0.45,0.45,rules,5,16,4,4,new
Subject580,90,0.4558130322836206,0.5222222222222223,0.5222222222222223,rules,5,16,4,4,new
Subject819,60,0.3324307500778089,0.43333333333333335,0.43333333333333335,rules,5,16,4,4,new
Subject877,60,0.6110896510896511,0.6166666666666667,0.6166666666666667,rules,5,16,4,4,new
Subject890,30,0.4822222222222222,0.5666666666666667,0.5666666666666667,rules,5,16,4,4,new
Subject226,30,0.7222222222222221,0.7666666666666667,0.7666666666666667,logreg,5,16,8,2,new
Subject424,60,0.6633862433862434,0.7166666666666667,0.7166666666666667,logreg,5,16,8,2,new
Subject580,90,0.7516666666666666,0.7777777777777779,0.7777777777777778,logreg,5,16,8,2,new
Subject819,60,0.83998667998668,0.8666666666666667,0.8666666666666667,logreg,5,16,8,2,new
Subject877,60,0.9475132275132275,0.95,0.95,logreg,5,16,8,2,new
Subject890,30,0.7866666666666667,0.8333333333333334,0.8333333333333334,logreg,5,16,8,2,new
Subject226,30,0.5244444444444445,0.6,0.6,rules,5,16,8,2,new
Subject424,60,0.4380392156862746,0.5333333333333333,0.5333333333333333,rules,5,16,8,2,new
Subject580,90,0.4928076601760812,0.5555555555555556,0.5555555555555556,rules,5,16,8,2,new
Subject819,60,0.40766884531590414,0.48333333333333334,0.48333333333333334,rules,5,16,8,2,new
Subject877,60,0.5757753357753358,0.6333333333333333,0.6333333333333333,rules,5,16,8,2,new
Subject890,30,0.6384126984126984,0.7,0.7,rules,5,16,8,2,new
Subject226,30,0.6999999999999998,0.7666666666666667,0.7666666666666667,logreg,5,16,16,1,new
Subject424,60,0.8724001924001925,0.8833333333333333,0.8833333333333333,logreg,5,16,16,1,new
Subject580,90,0.8743301143301143,0.8777777777777779,0.8777777777777778,logreg,5,16,16,1,new
Subject819,60,0.8675805675805677,0.8666666666666667,0.8666666666666667,logreg,5,16,16,1,new
Subject877,60,0.9661375661375663,0.9666666666666667,0.9666666666666667,logreg,5,16,16,1,new
Subject890,30,0.8155555555555555,0.8333333333333334,0.8333333333333334,logreg,5,16,16,1,new
Subject226,30,0.6447619047619048,0.7,0.7,rules,5,16,16,1,new
Subject424,60,0.4310021786492374,0.5,0.5,rules,5,16,16,1,new
Subject580,90,0.5394154703873374,0.5777777777777777,0.5777777777777777,rules,5,16,16,1,new
Subject819,60,0.5227128427128427,0.5833333333333334,0.5833333333333334,rules,5,16,16,1,new
Subject877,60,0.5906745106745106,0.6333333333333333,0.6333333333333333,rules,5,16,16,1,new
Subject890,30,0.5955555555555556,0.6666666666666666,0.6666666666666666,rules,5,16,16,1,new
Subject424,60,0.5236171236171235,0.6,0.6,logreg,6,4,1,4,new
Subject455,60,0.8275132275132275,0.85,0.85,logreg,6,4,1,4,new
Subject571,30,0.7714285714285715,0.8,0.8,logreg,6,4,1,4,new
Subject819,60,0.506099086099086,0.5833333333333334,0.5833333333333334,logreg,6,4,1,4,new
Subject877,60,0.762135642135642,0.8,0.8,logreg,6,4,1,4,new
Subject890,30,0.7088888888888889,0.7666666666666667,0.7666666666666667,logreg,6,4,1,4,new
Subject424,60,0.397027417027417,0.43333333333333335,0.43333333333333335,rules,6,4,1,4,new
Subject455,60,0.519015059015059,0.5833333333333334,0.5833333333333334,rules,6,4,1,4,new
Subject571,30,0.566984126984127,0.6333333333333333,0.6333333333333333,rules,6,4,1,4,new
Subject819,60,0.34662078662078666,0.45,0.45,rules,6,4,1,4,new
Subject877,60,0.40359788359788357,0.45,0.45,rules,6,4,1,4,new
Subject890,30,0.6936507936507936,0.7333333333333333,0.7333333333333333,rules,6,4,1,4,new
Subject424,60,0.8395604395604396,0.85,0.85,logreg,6,4,2,2,new
Subject455,60,0.9485714285714286,0.95,0.95,logreg,6,4,2,2,new
Subject571,30,0.5788359788359789,0.6333333333333333,0.6333333333333333,logreg,6,4,2,2,new
Subject819,60,0.6114959114959114,0.6833333333333333,0.6833333333333333,logreg,6,4,2,2,new
Subject877,60,0.8586243386243385,0.8833333333333333,0.8833333333333333,logreg,6,4,2,2,new
Subject890,30,0.74,0.8,0.8,logreg,6,4,2,2,new
Subject424,60,0.5267693744164332,0.6,0.6,rules,6,4,2,2,new
Subject455,60,0.4963876863876865,0.55,0.55,rules,6,4,2,2,new
Subject571,30,0.34730158730158733,0.43333333333333335,0.43333333333333335,rules,6,4,2,2,new
Subject819,60,0.28686498686498685,0.4166666666666667,0.4166666666666667,rules,6,4,2,2,new
Subject877,60,0.3985185185185186,0.48333333333333334,0.48333333333333334,rules,6,4,2,2,new
Subject890,30,0.5400000000000001,0.6333333333333333,0.6333333333333333,rules,6,4,2,2,new
Subject424,60,0.7491005291005292,0.75,0.75,logreg,6,4,4,1,new
Subject455,60,0.8622222222222221,0.8666666666666667,0.8666666666666667,logreg,6,4,4,1,new
Subject571,30,0.7222222222222221,0.7666666666666667,0.7666666666666667,logreg,6,4,4,1,new
Subject819,60,0.7428774928774929,0.8,0.8,logreg,6,4,4,1,new
Subject877,60,0.9037037037037037,0.9166666666666666,0.9166666666666666,logreg,6,4,4,1,new
Subject890,30,0.7177777777777778,0.7666666666666667,0.7666666666666667,logreg,6,4,4,1,new
Subject424,60,0.5600721500721502,0.6333333333333333,0.6333333333333333,rules,6,4,4,1,new
Subject455,60,0.5992592592592593,0.6666666666666666,0.6666666666666666,rules,6,4,4,1,new
Subject571,30,0.46920634920634924,0.5333333333333333,0.5333333333333333,rules,6,4,4,1,new
Subject819,60,0.37033358798064686,0.4666666666666667,0.4666666666666667,rules,6,4,4,1,new
Subject877,60,0.5796344396344396,0.6,0.6,rules,6,4,4,1,new
Subject890,30,0.49142857142857144,0.5666666666666667,0.5666666666666667,rules,6,4,4,1,new
Subject424,60,0.8656084656084656,0.8833333333333333,0.8833333333333333,logreg,6,8,2,4,new
Subject455,60,0.9115343915343916,0.9166666666666666,0.9166666666666666,logreg,6,8,2,4,new
Subject571,30,0.7650793650793651,0.8,0.8,logreg,6,8,2,4,new
Subject819,60,0.5771247271247272,0.65,0.65,logreg,6,8,2,4,new
Subject877,60,0.8755555555555555,0.9,0.9,logreg,6,8,2,4,new
Subject890,30,0.73015873015873,0.7666666666666667,0.7666666666666667,logreg,6,8,2,4,new
Subject424,60,0.5836537536537537,0.6166666666666667,0.6166666666666667,rules,6,8,2,4,new
Subject455,60,0.48031746031746025,0.5333333333333333,0.5333333333333333,rules,6,8,2,4,new
Subject571,30,0.3139682539682539,0.4,0.4,rules,6,8,2,4,new
Subject819,60,0.3811832611832611,0.4666666666666667,0.4666666666666667,rules,6,8,2,4,new
Subject877,60,0.4422089022089023,0.5333333333333333,0.5333333333333333,rules,6,8,2,4,new
Subject890,30,0.49333333333333323,0.5666666666666667,0.5666666666666667,rules,6,8,2,4,new
Subject424,60,0.7314285714285714,0.75,0.75,logreg,6,8,4,2,new
Subject455,60,0.8383838383838385,0.85,0.85,logreg,6,8,4,2,new
Subject571,30,0.7222222222222221,0.7666666666666667,0.7666666666666667,logreg,6,8,4,2,new
Subject819,60,0.7337758537758537,0.7666666666666667,0.7666666666666667,logreg,6,8,4,2,new
Subject877,60,0.8897354497354498,0.9,0.9,logreg,6,8,4,2,new
Subject890,30,0.6733333333333335,0.7333333333333333,0.7333333333333333,logreg,6,8,4,2,new
Subject424,60,0.4555903355903356,0.5333333333333333,0.5333333333333333,rules,6,8,4,2,new
Subject455,60,0.5837421837421838,0.6166666666666667,0.6166666666666667,rules,6,8,4,2,new
Subject571,30,0.46285714285714286,0.5333333333333333,0.5333333333333333,rules,6,8,4,2,new
Subject819,60,0.4083742183742184,0.5,0.5,rules,6,8,4,2,new
Subject877,60,0.575925925925926,0.6333333333333333,0.6333333333333333,rules,6,8,4,2,new
Subject890,30,0.5914285714285714,0.6666666666666666,0.6666666666666666,rules,6,8,4,2,new
Subject424,60,0.7662626262626263,0.8,0.8,logreg,6,8,8,1,new
Subject455,60,0.8888888888888888,0.9,0.9,logreg,6,8,8,1,new
Subject571,30,0.8825396825396825,0.9,0.9,logreg,6,8,8,1,new
Subject819,60,0.7722751322751322,0.8,0.8,logreg,6,8,8,1,new
Subject877,60,0.9830687830687831,0.9833333333333333,0.9833333333333333,logreg,6,8,8,1,new
Subject890,30,0.7533333333333334,0.8,0.8,logreg,6,8,8,1,new
Subject424,60,0.44737484737484734,0.55,0.55,rules,6,8,8,1,new
Subject455,60,0.7106204906204906,0.75,0.75,rules,6,8,8,1,new
Subject571,30,0.4695238095238095,0.5333333333333333,0.5333333333333333,rules,6,8,8,1,new
Subject819,60,0.4658393458393458,0.5166666666666667,0.5166666666666667,rules,6,8,8,1,new
Subject877,60,0.6473737373737374,0.6666666666666666,0.6666666666666666,rules,6,8,8,1,new
Subject890,30,0.5606349206349207,0.6333333333333333,0.6333333333333333,rules,6,8,8,1,new
Subject424,60,0.7226647426647426,0.7666666666666667,0.7666666666666667,logreg,6,16,4,4,new
Subject455,60,0.818855218855219,0.8333333333333334,0.8333333333333334,logreg,6,16,4,4,new
Subject571,30,0.7222222222222221,0.7666666666666667,0.7666666666666667,logreg,6,16,4,4,new
Subject819,60,0.8222222222222222,0.8666666666666667,0.8666666666666667,logreg,6,16,4,4,new
Subject877,60,0.9126984126984128,0.9166666666666666,0.9166666666666666,logreg,6,16,4,4,new
Subject890,30,0.6666666666666666,0.7333333333333333,0.7333333333333333,logreg,6,16,4,4,new
Subject424,60,0.5744444444444443,0.6,0.6,rules,6,16,4,4,new
Subject455,60,0.6056143856143856,0.65,0.65,rules,6,16,4,4,new
Subject571,30,0.46920634920634924,0.5333333333333333,0.5333333333333333,rules,6,16,4,4,new
Subject819,60,0.39801862625392037,0.4666666666666667,0.4666666666666667,rules,6,16,4,4,new
Subject877,60,0.6475853775853776,0.6666666666666666,0.6666666666666666,rules,6,16,4,4,new
Subject890,30,0.6469841269841269,0.7,0.7,rules,6,16,4,4,new
Subject424,60,0.7458201058201059,0.75,0.75,logreg,6,16,8,2,new
Subject455,60,0.9077441077441076,0.9166666666666666,0.9166666666666666,logreg,6,16,8,2,new
Subject571,30,0.8200000000000001,0.8333333333333334,0.8333333333333334,logreg,6,16,8,2,new
Subject819,60,0.7811640211640211,0.8166666666666667,0.8166666666666667,logreg,6,16,8,2,new
Subject877,60,0.9481481481481481,0.95,0.95,logreg,6,16,8,2,new
Subject890,30,0.7834920634920636,0.8,0.8,logreg,6,16,8,2,new
Subject424,60,0.48462041226747105,0.55,0.55,rules,6,16,8,2,new
Subject455,60,0.6963876863876864,0.7333333333333333,0.7333333333333333,rules,6,16,8,2,new
Subject571,30,0.5580952380952381,0.6333333333333333,0.6333333333333333,rules,6,16,8,2,new
Subject819,60,0.39692307692307693,0.48333333333333334,0.48333333333333334,rules,6,16,8,2,new
Subject877,60,0.7073400673400674,0.7333333333333333,0.7333333333333333,rules,6,16,8,2,new
Subject890,30,0.6447619047619048,0.7,0.7,rules,6,16,8,2,new
Subject424,60,0.7022607022607023,0.75,0.75,logreg,6,16,16,1,new
Subject455,60,0.9225925925925925,0.9333333333333333,0.9333333333333333,logreg,6,16,16,1,new
Subject571,30,0.9644444444444444,0.9666666666666667,0.9666666666666667,logreg,6,16,16,1,new
Subject819,60,0.9341991341991343,0.9333333333333333,0.9333333333333333,logreg,6,16,16,1,new
Subject877,60,0.9830687830687831,0.9833333333333333,0.9833333333333333,logreg,6,16,16,1,new
Subject890,30,0.7977777777777778,0.8333333333333334,0.8333333333333334,logreg,6,16,16,1,new
Subject424,60,0.47475783475783473,0.55,0.55,rules,6,16,16,1,new
Subject455,60,0.6425396825396826,0.6833333333333333,0.6833333333333333,rules,6,16,16,1,new
Subject571,30,0.5266666666666666,0.5666666666666667,0.5666666666666667,rules,6,16,16,1,new
Subject819,60,0.4683037659508248,0.55,0.55,rules,6,16,16,1,new
Subject877,60,0.5539549339549339,0.6,0.6,rules,6,16,16,1,new
Subject890,30,0.5428571428571428,0.6,0.6,rules,6,16,16,1,new
Subject353,60,0.6392796092796093,0.7,0.7,logreg,7,4,1,4,new
Subject354,60,0.7526984126984128,0.8,0.8,logreg,7,4,1,4,new
Subject455,60,0.7303703703703703,0.7833333333333333,0.7833333333333333,logreg,7,4,1,4,new
Subject561,60,0.6092929292929292,0.6666666666666666,0.6666666666666666,logreg,7,4,1,4,new
Subject729,60,0.6905168905168907,0.75,0.75,logreg,7,4,1,4,new
Subject819,60,0.5388359788359788,0.6166666666666667,0.6166666666666667,logreg,7,4,1,4,new
Subject353,60,0.463035113035113,0.5166666666666667,0.5166666666666667,rules,7,4,1,4,new
Subject354,60,0.5436171236171236,0.6,0.6,rules,7,4,1,4,new
Subject455,60,0.451024531024531,0.5166666666666667,0.5166666666666667,rules,7,4,1,4,new
Subject561,60,0.5177970177970178,0.6166666666666667,0.6166666666666667,rules,7,4,1,4,new
Subject729,60,0.3914398890869479,0.5,0.5,rules,7,4,1,4,new
Subject819,60,0.34969696969696973,0.43333333333333335,0.43333333333333335,rules,7,4,1,4,new
Subject353,60,0.76,0.7833333333333333,0.7833333333333333,logreg,7,4,2,2,new
Subject354,60,0.8220298220298221,0.85,0.85,logreg,7,4,2,2,new
Subject455,60,0.8459259259259259,0.8666666666666667,0.8666666666666667,logreg,7,4,2,2,new
Subject561,60,0.6772486772486772,0.7333333333333333,0.7333333333333333,logreg,7,4,2,2,new
Subject729,60,0.84,0.8666666666666667,0.8666666666666667,logreg,7,4,2,2,new
Subject819,60,0.5574603174603173,0.6166666666666667,0.6166666666666667,logreg,7,4,2,2,new
Subject353,60,0.5215536315536317,0.55,0.55,rules,7,4,2,2,new
Subject354,60,0.5277004477004477,0.5833333333333334,0.5833333333333334,rules,7,4,2,2,new
Subject455,60,0.6664165464165464,0.7166666666666667,0.7166666666666667,rules,7,4,2,2,new
Subject561,60,0.4336756924992219,0.4666666666666667,0.4666666666666667,rules,7,4,2,2,new
Subject729,60,0.40148148148148155,0.45,0.45,rules,7,4,2,2,new
Subject819,60,0.3177777777777777,0.4166666666666667,0.4166666666666667,rules,7,4,2,2,new
Subject353,60,0.8252910052910053,0.8333333333333334,0.8333333333333334,logreg,7,4,4,1,new
Subject354,60,0.819066859066859,0.85,0.85,logreg,7,4,4,1,new
Subject455,60,0.9062626262626262,0.9166666666666666,0.9166666666666666,logreg,7,4,4,1,new
Subject561,60,0.7517556517556517,0.7833333333333333,0.7833333333333333,logreg,7,4,4,1,new
Subject729,60,0.9475132275132274,0.95,0.95,logreg,7,4,4,1,new
Subject819,60,0.724040404040404,0.7666666666666667,0.7666666666666667,logreg,7,4,4,1,new
Subject353,60,0.5134583934583934,0.5666666666666667,0.5666666666666667,rules,7,4,4,1,new
Subject354,60,0.5687301587301588,0.6166666666666667,0.6166666666666667,rules,7,4,4,1,new
Subject455,60,0.6308802308802309,0.6833333333333333,0.6833333333333333,rules,7,4,4,1,new
Subject561,60,0.504007844007844,0.5666666666666667,0.5666666666666667,rules,7,4,4,1,new
Subject729,60,0.5754689754689755,0.6166666666666667,0.6166666666666667,rules,7,4,4,1,new
Subject819,60,0.4344973544973545,0.5,0.5,rules,7,4,4,1,new
Subject353,60,0.7701587301587303,0.8,0.8,logreg,7,8,2,4,new
Subject354,60,0.8375661375661375,0.85,0.85,logreg,7,8,2,4,new
Subject455,60,0.8941798941798942,0.9166666666666666,0.9166666666666666,logreg,7,8,2,4,new
Subject561,60,0.6337758537758539,0.7,0.7,logreg,7,8,2,4,new
Subject729,60,0.7467051467051466,0.8,0.8,logreg,7,8,2,4,new
Subject819,60,0.5886964886964886,0.65,0.65,logreg,7,8,2,4,new
Subject353,60,0.34460798460798453,0.38333333333333336,0.38333333333333336,rules,7,8,2,4,new
Subject354,60,0.7405483405483406,0.7666666666666667,0.7666666666666667,rules,7,8,2,4,new
Subject455,60,0.6922751322751322,0.7166666666666667,0.7166666666666667,rules,7,8,2,4,new
Subject561,60,0.5521212121212122,0.6166666666666667,0.6166666666666667,rules,7,8,2,4,new
Subject729,60,0.3515969215969216,0.4166666666666667,0.4166666666666667,rules,7,8,2,4,new
Subject819,60,0.35658119658119664,0.45,0.45,rules,7,8,2,4,new
Subject353,60,0.8132467532467532,0.8333333333333334,0.8333333333333334,logreg,7,8,4,2,new
Subject354,60,0.8603174603174603,0.8833333333333333,0.8833333333333333,logreg,7,8,4,2,new
Subject455,60,0.9392592592592592,0.95,0.95,logreg,7,8,4,2,new
Subject561,60,0.8065800865800866,0.8333333333333334,0.8333333333333334,logreg,7,8,4,2,new
Subject729,60,1.0,1.0,1.0,logreg,7,8,4,2,new
Subject819,60,0.7773737373737375,0.8,0.8,logreg,7,8,4,2,new
Subject353,60,0.4732915232915233,0.5,0.5,rules,7,8,4,2,new
Subject354,60,0.6673737373737373,0.7,0.7,rules,7,8,4,2,new
Subject455,60,0.673971213971214,0.7,0.7,rules,7,8,4,2,new
Subject561,60,0.5733200133200133,0.6333333333333333,0.6333333333333333,rules,7,8,4,2,new
Subject729,60,0.5937854737854736,0.6333333333333333,0.6333333333333333,rules,7,8,4,2,new
Subject819,60,0.42518518518518517,0.5,0.5,rules,7,8,4,2,new
Subject353,60,0.8644444444444445,0.8666666666666667,0.8666666666666667,logreg,7,8,8,1,new
Subject354,60,0.8046657046657046,0.8166666666666667,0.8166666666666667,logreg,7,8,8,1,new
Subject455,60,0.780913900913901,0.8,0.8,logreg,7,8,8,1,new
Subject561,60,0.7341991341991342,0.7833333333333333,0.7833333333333333,logreg,7,8,8,1,new
Subject729,60,0.9475132275132274,0.95,0.95,logreg,7,8,8,1,new
Subject819,60,0.7726984126984128,0.8,0.8,logreg,7,8,8,1,new
Subject353,60,0.511024531024531,0.5666666666666667,0.5666666666666667,rules,7,8,8,1,new
Subject354,60,0.4236075036075036,0.5,0.5,rules,7,8,8,1,new
Subject455,60,0.5079794279794279,0.5833333333333334,0.5833333333333334,rules,7,8,8,1,new
Subject561,60,0.47991341991342,0.55,0.55,rules,7,8,8,1,new
Subject729,60,0.579124579124579,0.6166666666666667,0.6166666666666667,rules,7,8,8,1,new
Subject819,60,0.40656380656380653,0.48333333333333334,0.48333333333333334,rules,7,8,8,1,new
Subject353,60,0.8106826506826507,0.8333333333333334,0.8333333333333334,logreg,7,16,4,4,new
Subject354,60,0.8691678691678691,0.8833333333333333,0.8833333333333333,logreg,7,16,4,4,new
Subject455,60,0.9077441077441077,0.9333333333333333,0.9333333333333333,logreg,7,16,4,4,new
Subject561,60,0.7275132275132276,0.7833333333333333,0.7833333333333333,logreg,7,16,4,4,new
Subject729,60,1.0,1.0,1.0,logreg,7,16,4,4,new
Subject819,60,0.8325396825396825,0.85,0.85,logreg,7,16,4,4,new
Subject353,60,0.3977777777777778,0.43333333333333335,0.43333333333333335,rules,7,16,4,4,new
Subject354,60,0.801058201058201,0.8333333333333334,0.8333333333333334,rules,7,16,4,4,new
Subject455,60,0.76996632996633,0.8,0.8,rules,7,16,4,4,new
Subject561,60,0.611024531024531,0.6666666666666666,0.6666666666666666,rules,7,16,4,4,new
Subject729,60,0.5546127946127946,0.6166666666666667,0.6166666666666667,rules,7,16,4,4,new
Subject819,60,0.46529100529100526,0.5333333333333333,0.5333333333333333,rules,7,16,4,4,new
Subject353,60,0.8106826506826507,0.8333333333333334,0.8333333333333334,logreg,7,16,8,2,new
Subject354,60,0.9311111111111111,0.9333333333333333,0.9333333333333333,logreg,7,16,8,2,new
Subject455,60,0.8884656084656085,0.9,0.9,logreg,7,16,8,2,new
Subject561,60,0.7341798941798942,0.7833333333333333,0.7833333333333333,logreg,7,16,8,2,new
Subject729,60,0.9475132275132274,0.95,0.95,logreg,7,16,8,2,new
Subject819,60,0.8195959595959595,0.8333333333333334,0.8333333333333334,logreg,7,16,8,2,new
Subject353,60,0.5115536315536315,0.55,0.55,rules,7,16,8,2,new
Subject354,60,0.45269841269841266,0.5333333333333333,0.5333333333333333,rules,7,16,8,2,new
Subject455,60,0.4996581196581197,0.5833333333333334,0.5833333333333334,rules,7,16,8,2,new
Subject561,60,0.46220890220890226,0.5333333333333333,0.5333333333333333,rules,7,16,8,2,new
Subject729,60,0.5899470899470901,0.65,0.65,rules,7,16,8,2,new
Subject819,60,0.41903799903799904,0.5,0.5,rules,7,16,8,2,new
Subject353,60,0.7992540792540793,0.8166666666666667,0.8166666666666667,logreg,7,16,16,1,new
Subject354,60,0.8803174603174603,0.8833333333333333,0.8833333333333333,logreg,7,16,16,1,new
Subject455,60,0.8711111111111111,0.8833333333333333,0.8833333333333333,logreg,7,16,16,1,new
Subject561,60,0.6703703703703704,0.7333333333333333,0.7333333333333333,logreg,7,16,16,1,new
Subject729,60,0.9661375661375662,0.9666666666666667,0.9666666666666667,logreg,7,16,16,1,new
Subject819,60,0.8017429193899783,0.8333333333333334,0.8333333333333334,logreg,7,16,16,1,new
Subject353,60,0.41651903651903655,0.4666666666666667,0.4666666666666667,rules,7,16,16,1,new
Subject354,60,0.4822089022089022,0.55,0.55,rules,7,16,16,1,new
Subject455,60,0.6462840862840864,0.7,0.7,rules,7,16,16,1,new
Subject561,60,0.4049118637353933,0.45,0.45,rules,7,16,16,1,new
Subject729,60,0.5150035150035149,0.5666666666666667,0.5666666666666667,rules,7,16,16,1,new
Subject819,60,0.44509660274366153,0.5333333333333333,0.5333333333333333,rules,7,16,16,1,new
Subject352,30,0.6422222222222221,0.7,0.7,logreg,8,4,1,4,new
Subject376,60,0.7019240019240018,0.7333333333333333,0.7333333333333333,logreg,8,4,1,4,new
Subject494,60,0.6112169312169312,0.65,0.65,logreg,8,4,1,4,new
Subject561,60,0.6697354497354497,0.7,0.7,logreg,8,4,1,4,new
Subject571,30,0.6422222222222221,0.7,0.7,logreg,8,4,1,4,new
Subject969,30,0.44888888888888884,0.5333333333333333,0.5333333333333333,logreg,8,4,1,4,new
Subject352,30,0.26666666666666666,0.3333333333333333,0.3333333333333333,rules,8,4,1,4,new
Subject376,60,0.3940740740740741,0.4166666666666667,0.4166666666666667,rules,8,4,1,4,new
Subject494,60,0.45880341880341885,0.5333333333333333,0.5333333333333333,rules,8,4,1,4,new
Subject561,60,0.2755555555555556,0.36666666666666664,0.36666666666666664,rules,8,4,1,4,new
Subject571,30,0.4488888888888889,0.5333333333333333,0.5333333333333333,rules,8,4,1,4,new
Subject969,30,0.1943915343915344,0.3,0.3,rules,8,4,1,4,new
Subject352,30,0.7066666666666667,0.7666666666666667,0.7666666666666667,logreg,8,4,2,2,new
Subject376,60,0.5517724867724867,0.6,0.6,logreg,8,4,2,2,new
Subject494,60,0.5643018419489008,0.6333333333333333,0.6333333333333333,logreg,8,4,2,2,new
Subject561,60,0.5666666666666667,0.6666666666666666,0.6666666666666666,logreg,8,4,2,2,new
Subject571,30,0.5492063492063491,0.6333333333333333,0.6333333333333333,logreg,8,4,2,2,new
Subject969,30,0.5911111111111111,0.6666666666666666,0.6666666666666666,logreg,8,4,2,2,new
Subject352,30,0.4425396825396825,0.5,0.5,rules,8,4,2,2,new
Subject376,60,0.3229100529100529,0.35,0.35,rules,8,4,2,2,new
Subject494,60,0.5410870610870611,0.6,0.6,rules,8,4,2,2,new
Subject561,60,0.46917378917378916,0.5,0.5,rules,8,4,2,2,new
Subject571,30,0.5133333333333334,0.6,0.6,rules,8,4,2,2,new
Subject969,30,0.25206349206349205,0.36666666666666664,0.36666666666666664,rules,8,4,2,2,new
Subject352,30,0.8266666666666667,0.8666666666666667,0.8666666666666667,logreg,8,4,4,1,new
Subject376,60,0.7593650793650794,0.7833333333333333,0.7833333333333333,logreg,8,4,4,1,new
Subject494,60,0.6541019214703425,0.7,0.7,logreg,8,4,4,1,new
Subject561,60,0.5497354497354497,0.65,0.65,logreg,8,4,4,1,new
Subject571,30,0.6355555555555555,0.7,0.7,logreg,8,4,4,1,new
Subject969,30,0.6222222222222221,0.6666666666666666,0.6666666666666666,logreg,8,4,4,1,new
Subject352,30,0.3977777777777778,0.4666666666666667,0.4666666666666667,rules,8,4,4,1,new
Subject376,60,0.41753968253968254,0.43333333333333335,0.43333333333333335,rules,8,4,4,1,new
Subject494,60,0.48200244200244197,0.5333333333333333,0.5333333333333333,rules,8,4,4,1,new
Subject561,60,0.18698412698412697,0.23333333333333334,0.23333333333333334,rules,8,4,4,1,new
Subject571,30,0.442962962962963,0.5,0.5,rules,8,4,4,1,new
Subject969,30,0.17407407407407408,0.23333333333333334,0.23333333333333334,rules,8,4,4,1,new
Subject352,30,0.7377777777777778,0.8,0.8,logreg,8,8,2,4,new
Subject376,60,0.5451851851851852,0.5833333333333334,0.5833333333333334,logreg,8,8,2,4,new
Subject494,60,0.6048089921774131,0.65,0.65,logreg,8,8,2,4,new
Subject561,60,0.5666666666666667,0.6666666666666666,0.6666666666666666,logreg,8,8,2,4,new
Subject571,30,0.6025396825396824,0.6666666666666666,0.6666666666666666,logreg,8,8,2,4,new
Subject969,30,0.5555555555555555,0.6333333333333333,0.6333333333333333,logreg,8,8,2,4,new
Subject352,30,0.4444444444444445,0.5,0.5,rules,8,8,2,4,new
Subject376,60,0.3726733500417711,0.38333333333333336,0.38333333333333336,rules,8,8,2,4,new
Subject494,60,0.48481481481481487,0.5333333333333333,0.5333333333333333,rules,8,8,2,4,new
Subject561,60,0.6177126577126576,0.6333333333333333,0.6333333333333333,rules,8,8,2,4,new
Subject571,30,0.48253968253968255,0.5666666666666667,0.5666666666666667,rules,8,8,2,4,new
Subject969,30,0.3180952380952381,0.43333333333333335,0.43333333333333335,rules,8,8,2,4,new
Subject352,30,0.8266666666666667,0.8666666666666667,0.8666666666666667,logreg,8,8,4,2,new
Subject376,60,0.7589417989417989,0.7833333333333333,0.7833333333333333,logreg,8,8,4,2,new
Subject494,60,0.6991812865497076,0.75,0.75,logreg,8,8,4,2,new
Subject561,60,0.5666666666666667,0.6666666666666666,0.6666666666666666,logreg,8,8,4,2,new
Subject571,30,0.8555555555555555,0.8666666666666667,0.8666666666666667,logreg,8,8,4,2,new
Subject969,30,0.6933333333333334,0.7333333333333333,0.7333333333333333,logreg,8,8,4,2,new
Subject352,30,0.4666666666666667,0.5333333333333333,0.5333333333333333,rules,8,8,4,2,new
Subject376,60,0.29262108262108266,0.31666666666666665,0.31666666666666665,rules,8,8,4,2,new
Subject494,60,0.46930905695611574,0.5333333333333333,0.5333333333333333,rules,8,8,4,2,new
Subject561,60,0.4284604284604285,0.4666666666666667,0.4666666666666667,rules,8,8,4,2,new
Subject571,30,0.526984126984127,0.5666666666666667,0.5666666666666667,rules,8,8,4,2,new
Subject969,30,0.14333333333333334,0.2,0.2,rules,8,8,4,2,new
Subject352,30,0.8888888888888888,0.9,0.9,logreg,8,8,8,1,new
Subject376,60,0.7463492063492063,0.7833333333333333,0.7833333333333333,logreg,8,8,8,1,new
Subject494,60,0.6588857765328354,0.7,0.7,logreg,8,8,8,1,new
Subject561,60,0.5973737373737374,0.6833333333333333,0.6833333333333333,logreg,8,8,8,1,new
Subject571,30,0.5822222222222222,0.6666666666666666,0.6666666666666666,logreg,8,8,8,1,new
Subject969,30,0.6577777777777778,0.7,0.7,logreg,8,8,8,1,new
Subject352,30,0.3079365079365079,0.3333333333333333,0.3333333333333333,rules,8,8,8,1,new
Subject376,60,0.48807401748578216,0.5,0.5,rules,8,8,8,1,new
Subject494,60,0.3697354497354498,0.43333333333333335,0.43333333333333335,rules,8,8,8,1,new
Subject561,60,0.34118437118437117,0.38333333333333336,0.38333333333333336,rules,8,8,8,1,new
Subject571,30,0.45587301587301593,0.5,0.5,rules,8,8,8,1,new
Subject969,30,0.20074074074074075,0.3,0.3,rules,8,8,8,1,new
Subject352,30,0.8266666666666667,0.8666666666666667,0.8666666666666667,logreg,8,16,4,4,new
Subject376,60,0.7575757575757577,0.7833333333333333,0.7833333333333333,logreg,8,16,4,4,new
Subject494,60,0.6991812865497076,0.75,0.75,logreg,8,16,4,4,new
Subject561,60,0.5786243386243386,0.6666666666666666,0.6666666666666666,logreg,8,16,4,4,new
Subject571,30,0.8825396825396825,0.9,0.9,logreg,8,16,4,4,new
Subject969,30,0.6933333333333334,0.7333333333333333,0.7333333333333333,logreg,8,16,4,4,new
Subject352,30,0.3088888888888889,0.36666666666666664,0.36666666666666664,rules,8,16,4,4,new
Subject376,60,0.3901851851851852,0.4,0.4,rules,8,16,4,4,new
Subject494,60,0.4522191098661687,0.5,0.5,rules,8,16,4,4,new
Subject561,60,0.4817663817663818,0.5333333333333333,0.5333333333333333,rules,8,16,4,4,new
Subject571,30,0.41555555555555557,0.4666666666666667,0.4666666666666667,rules,8,16,4,4,new
Subject969,30,0.2492063492063492,0.3,0.3,rules,8,16,4,4,new
Subject352,30,0.8844444444444444,0.9,0.9,logreg,8,16,8,2,new
Subject376,60,0.7315536315536316,0.7666666666666667,0.7666666666666667,logreg,8,16,8,2,new
Subject494,60,0.721058201058201,0.7666666666666667,0.7666666666666667,logreg,8,16,8,2,new
Subject561,60,0.5955555555555556,0.6833333333333333,0.6833333333333333,logreg,8,16,8,2,new
Subject571,30,0.8074074074074074,0.8333333333333334,0.8333333333333334,logreg,8,16,8,2,new
Subject969,30,0.6377777777777778,0.6666666666666666,0.6666666666666666,logreg,8,16,8,2,new
Subject352,30,0.44920634920634916,0.4666666666666667,0.4666666666666667,rules,8,16,8,2,new
Subject376,60,0.3848412698412698,0.4,0.4,rules,8,16,8,2,new
Subject494,60,0.41037037037037033,0.45,0.45,rules,8,16,8,2,new
Subject561,60,0.4893650793650794,0.5333333333333333,0.5333333333333333,rules,8,16,8,2,new
Subject571,30,0.6288888888888889,0.6666666666666666,0.6666666666666666,rules,8,16,8,2,new
Subject969,30,0.17851851851851855,0.3,0.3,rules,8,16,8,2,new
Subject352,30,0.8888888888888888,0.9,0.9,logreg,8,16,16,1,new
Subject376,60,0.793068783068783,0.8166666666666667,0.8166666666666667,logreg,8,16,16,1,new
Subject494,60,0.7718518518518518,0.8,0.8,logreg,8,16,16,1,new
Subject561,60,0.6555555555555554,0.7333333333333333,0.7333333333333333,logreg,8,16,16,1,new
Subject571,30,0.7088888888888889,0.7666666666666667,0.7666666666666667,logreg,8,16,16,1,new
Subject969,30,0.6674074074074076,0.7,0.7,logreg,8,16,16,1,new
Subject352,30,0.4288888888888888,0.4666666666666667,0.4666666666666667,rules,8,16,16,1,new
Subject376,60,0.42537037037037034,0.43333333333333335,0.43333333333333335,rules,8,16,16,1,new
Subject494,60,0.4671895424836601,0.5166666666666667,0.5166666666666667,rules,8,16,16,1,new
Subject561,60,0.4884848484848485,0.5333333333333333,0.5333333333333333,rules,8,16,16,1,new
Subject571,30,0.5180952380952382,0.5666666666666667,0.5666666666666667,rules,8,16,16,1,new
Subject969,30,0.2562962962962963,0.36666666666666664,0.36666666666666664,rules,8,16,16,1,new
Subject139,60,0.43549953314659196,0.5166666666666667,0.5166666666666667,logreg,9,4,1,4,new
Subject226,30,0.38031746031746033,0.43333333333333335,0.43333333333333335,logreg,9,4,1,4,new
Subject424,60,0.6234439634439635,0.6666666666666666,0.6666666666666666,logreg,9,4,1,4,new
Subject611,60,0.45029239766081874,0.48333333333333334,0.48333333333333334,logreg,9,4,1,4,new
Subject819,60,0.33609710550887023,0.38333333333333336,0.38333333333333336,logreg,9,4,1,4,new
Subject867,60,0.5588888888888889,0.6166666666666667,0.6166666666666667,logreg,9,4,1,4,new
Subject139,60,0.25373848373848373,0.3,0.3,rules,9,4,1,4,new
Subject226,30,0.41111111111111115,0.4666666666666667,0.4666666666666667,rules,9,4,1,4,new
Subject424,60,0.5031938431938433,0.5333333333333333,0.5333333333333333,rules,9,4,1,4,new
Subject611,60,0.3058169934640523,0.35,0.35,rules,9,4,1,4,new
Subject819,60,0.16451770451770453,0.21666666666666667,0.21666666666666667,rules,9,4,1,4,new
Subject867,60,0.4611699411699412,0.5166666666666667,0.5166666666666667,rules,9,4,1,4,new
Subject139,60,0.6673400673400673,0.75,0.75,logreg,9,4,2,2,new
Subject226,30,0.5533333333333332,0.6333333333333333,0.6333333333333333,logreg,9,4,2,2,new
Subject424,60,0.4601443001443002,0.5,0.5,logreg,9,4,2,2,new
Subject611,60,0.5996825396825397,0.6333333333333333,0.6333333333333333,logreg,9,4,2,2,new
Subject819,60,0.5817195767195766,0.6166666666666667,0.6166666666666667,logreg,9,4,2,2,new
Subject867,60,0.6953165353165354,0.7166666666666667,0.7166666666666667,logreg,9,4,2,2,new
Subject139,60,0.4588359788359788,0.48333333333333334,0.48333333333333334,rules,9,4,2,2,new
Subject226,30,0.3851851851851852,0.4,0.4,rules,9,4,2,2,new
Subject424,60,0.39213564213564217,0.48333333333333334,0.48333333333333334,rules,9,4,2,2,new
Subject611,60,0.48128908128908127,0.5333333333333333,0.5333333333333333,rules,9,4,2,2,new
Subject819,60,0.44440596440596436,0.5333333333333333,0.5333333333333333,rules,9,4,2,2,new
Subject867,60,0.3610652310652311,0.4166666666666667,0.4166666666666667,rules,9,4,2,2,new
Subject139,60,0.8036700336700338,0.8333333333333334,0.8333333333333334,logreg,9,4,4,1,new
Subject226,30,0.5257142857142857,0.6,0.6,logreg,9,4,4,1,new
Subject424,60,0.6337037037037038,0.7,0.7,logreg,9,4,4,1,new
Subject611,60,0.7238095238095238,0.75,0.75,logreg,9,4,4,1,new
Subject819,60,0.7937913937913937,0.8333333333333334,0.8333333333333334,logreg,9,4,4,1,new
Subject867,60,0.7299855699855701,0.75,0.75,logreg,9,4,4,1,new
Subject139,60,0.49880341880341883,0.55,0.55,rules,9,4,4,1,new
Subject226,30,0.34074074074074073,0.4,0.4,rules,9,4,4,1,new
Subject424,60,0.42755170755170757,0.5166666666666667,0.5166666666666667,rules,9,4,4,1,new
Subject611,60,0.4525874125874126,0.5166666666666667,0.5166666666666667,rules,9,4,4,1,new
Subject819,60,0.30552188552188553,0.4,0.4,rules,9,4,4,1,new
Subject867,60,0.32659692159692155,0.4,0.4,rules,9,4,4,1,new
Subject139,60,0.6732141932141932,0.75,0.75,logreg,9,8,2,4,new
Subject226,30,0.5888888888888889,0.6666666666666666,0.6666666666666666,logreg,9,8,2,4,new
Subject424,60,0.6533333333333334,0.6666666666666666,0.6666666666666666,logreg,9,8,2,4,new
Subject611,60,0.6371717171717173,0.6833333333333333,0.6833333333333333,logreg,9,8,2,4,new
Subject819,60,0.617849927849928,0.65,0.65,logreg,9,8,2,4,new
Subject867,60,0.7399134199134199,0.7833333333333333,0.7833333333333333,logreg,9,8,2,4,new
Subject139,60,0.36843304843304847,0.4,0.4,rules,9,8,2,4,new
Subject226,30,0.3111111111111111,0.3333333333333333,0.3333333333333333,rules,9,8,2,4,new
Subject424,60,0.42282458282458285,0.5,0.5,rules,9,8,2,4,new
Subject611,60,0.4386528286528286,0.5,0.5,rules,9,8,2,4,new
Subject819,60,0.2762433862433863,0.3333333333333333,0.3333333333333333,rules,9,8,2,4,new
Subject867,60,0.4223940873940874,0.4666666666666667,0.4666666666666667,rules,9,8,2,4,new
Subject139,60,0.782029822029822,0.8166666666666667,0.8166666666666667,logreg,9,8,4,2,new
Subject226,30,0.6555555555555554,0.7333333333333333,0.7333333333333333,logreg,9,8,4,2,new
Subject424,60,0.6895928472399061,0.7333333333333333,0.7333333333333333,logreg,9,8,4,2,new
Subject611,60,0.743068783068783,0.7833333333333333,0.7833333333333333,logreg,9,8,4,2,new
Subject819,60,0.804040404040404,0.8333333333333334,0.8333333333333334,logreg,9,8,4,2,new
Subject867,60,0.7240404040404039,0.7666666666666667,0.7666666666666667,logreg,9,8,4,2,new
Subject139,60,0.6048148148148147,0.6333333333333333,0.6333333333333333,rules,9,8,4,2,new
Subject226,30,0.3911111111111111,0.4666666666666667,0.4666666666666667,rules,9,8,4,2,new
Subject424,60,0.3658922558922559,0.43333333333333335,0.43333333333333335,rules,9,8,4,2,new
Subject611,60,0.49071299071299074,0.55,0.55,rules,9,8,4,2,new
Subject819,60,0.41345839345839347,0.48333333333333334,0.48333333333333334,rules,9,8,4,2,new
Subject867,60,0.4496373996373996,0.5,0.5,rules,9,8,4,2,new
Subject139,60,0.8912890812890814,0.9,0.9,logreg,9,8,8,1,new
Subject226,30,0.6955555555555555,0.7666666666666667,0.7666666666666667,logreg,9,8,8,1,new
Subject424,60,0.7792784992784993,0.8,0.8,logreg,9,8,8,1,new
Subject611,60,0.8933333333333332,0.9,0.9,logreg,9,8,8,1,new
Subject819,60,0.7993650793650794,0.8333333333333334,0.8333333333333334,logreg,9,8,8,1,new
Subject867,60,0.8609187109187109,0.8666666666666667,0.8666666666666667,logreg,9,8,8,1,new
Subject139,60,0.5622558922558923,0.6333333333333333,0.6333333333333333,rules,9,8,8,1,new
Subject226,30,0.4,0.43333333333333335,0.43333333333333335,rules,9,8,8,1,new
Subject424,60,0.47367003367003363,0.55,0.55,rules,9,8,8,1,new
Subject611,60,0.562962962962963,0.6166666666666667,0.6166666666666667,rules,9,8,8,1,new
Subject819,60,0.4489092389092389,0.5166666666666667,0.5166666666666667,rules,9,8,8,1,new
Subject867,60,0.4969119769119769,0.55,0.55,rules,9,8,8,1,new
Subject139,60,0.7210966810966811,0.7666666666666667,0.7666666666666667,logreg,9,16,4,4,new
Subject226,30,0.7444444444444444,0.8,0.8,logreg,9,16,4,4,new
Subject424,60,0.804040404040404,0.8333333333333334,0.8333333333333334,logreg,9,16,4,4,new
Subject611,60,0.8149206349206349,0.8333333333333334,0.8333333333333334,logreg,9,16,4,4,new
Subject819,60,0.8586243386243385,0.8833333333333333,0.8833333333333333,logreg,9,16,4,4,new
Subject867,60,0.7240404040404039,0.7666666666666667,0.7666666666666667,logreg,9,16,4,4,new
Subject139,60,0.5940211640211641,0.6166666666666667,0.6166666666666667,rules,9,16,4,4,new
Subject226,30,0.40105820105820106,0.4666666666666667,0.4666666666666667,rules,9,16,4,4,new
Subject424,60,0.38235949235949235,0.4666666666666667,0.4666666666666667,rules,9,16,4,4,new
Subject611,60,0.5675324675324676,0.6333333333333333,0.6333333333333333,rules,9,16,4,4,new
Subject819,60,0.42671646436352323,0.5,0.5,rules,9,16,4,4,new
Subject867,60,0.42428682428682424,0.5,0.5,rules,9,16,4,4,new
Subject139,60,0.8173737373737373,0.85,0.85,logreg,9,16,8,2,new
Subject226,30,0.7844444444444444,0.8333333333333334,0.8333333333333334,logreg,9,16,8,2,new
Subject424,60,0.7348148148148148,0.7666666666666667,0.7666666666666667,logreg,9,16,8,2,new
Subject611,60,0.8933333333333332,0.9,0.9,logreg,9,16,8,2,new
Subject819,60,0.8456817256817256,0.8666666666666667,0.8666666666666667,logreg,9,16,8,2,new
Subject867,60,0.8488888888888889,0.8666666666666667,0.8666666666666667,logreg,9,16,8,2,new
Subject139,60,0.5920838420838421,0.6333333333333333,0.6333333333333333,rules,9,16,8,2,new
Subject226,30,0.5888888888888888,0.6333333333333333,0.6333333333333333,rules,9,16,8,2,new
Subject424,60,0.6441943241943241,0.6833333333333333,0.6833333333333333,rules,9,16,8,2,new
Subject611,60,0.5511399711399712,0.6,0.6,rules,9,16,8,2,new
Subject819,60,0.4215873015873016,0.5,0.5,rules,9,16,8,2,new
Subject867,60,0.5857527657527657,0.6166666666666667,0.6166666666666667,rules,9,16,8,2,new
Subject139,60,0.907955747955748,0.9166666666666666,0.9166666666666666,logreg,9,16,16,1,new
Subject226,30,0.7888888888888889,0.8333333333333334,0.8333333333333334,logreg,9,16,16,1,new
Subject424,60,0.8452910052910052,0.8666666666666667,0.8666666666666667,logreg,9,16,16,1,new
Subject611,60,0.8950264550264551,0.9,0.9,logreg,9,16,16,1,new
Subject819,60,0.8622222222222221,0.8833333333333333,0.8833333333333333,logreg,9,16,16,1,new
Subject867,60,0.812929292929293,0.8333333333333334,0.8333333333333334,logreg,9,16,16,1,new
Subject139,60,0.5062962962962964,0.5333333333333333,0.5333333333333333,rules,9,16,16,1,new
Subject226,30,0.5140740740740741,0.5666666666666667,0.5666666666666667,rules,9,16,16,1,new
Subject424,60,0.4359788359788359,0.48333333333333334,0.48333333333333334,rules,9,16,16,1,new
Subject611,60,0.5215162615162615,0.5833333333333334,0.5833333333333334,rules,9,16,16,1,new
Subject819,60,0.47864357864357865,0.55,0.55,rules,9,16,16,1,new
Subject867,60,0.5414141414141415,0.5666666666666667,0.5666666666666667,rules,9,16,16,1,new
Subject147,31,0.4311111111111111,0.4666666666666667,0.4838709677419355,logreg,10,4,1,4,new
Subject353,60,0.5820105820105821,0.6333333333333333,0.6333333333333333,logreg,10,4,1,4,new
Subject571,30,0.7047619047619047,0.7666666666666667,0.7666666666666667,logreg,10,4,1,4,new
Subject580,90,0.5501343101343102,0.5777777777777777,0.5777777777777777,logreg,10,4,1,4,new
Subject867,60,0.5335560735560736,0.5833333333333334,0.5833333333333334,logreg,10,4,1,4,new
Subject877,60,0.6062049062049062,0.65,0.65,logreg,10,4,1,4,new
Subject147,31,0.28,0.36666666666666664,0.3870967741935484,rules,10,4,1,4,new
Subject353,60,0.3698087098087098,0.43333333333333335,0.43333333333333335,rules,10,4,1,4,new
Subject571,30,0.38063492063492066,0.5,0.5,rules,10,4,1,4,new
Subject580,90,0.36061360861360864,0.43333333333333335,0.43333333333333335,rules,10,4,1,4,new
Subject867,60,0.3403367003367003,0.4166666666666667,0.4166666666666667,rules,10,4,1,4,new
Subject877,60,0.33922358687064574,0.43333333333333335,0.43333333333333335,rules,10,4,1,4,new
Subject147,31,0.5447619047619049,0.611111111111111,0.6129032258064516,logreg,10,4,2,2,new
Subject353,60,0.7866666666666667,0.7833333333333333,0.7833333333333333,logreg,10,4,2,2,new
Subject571,30,0.8755555555555556,0.9,0.9,logreg,10,4,2,2,new
Subject580,90,0.7053883153883154,0.7333333333333335,0.7333333333333333,logreg,10,4,2,2,new
Subject867,60,0.7406878306878307,0.75,0.75,logreg,10,4,2,2,new
Subject877,60,0.8297017797017797,0.85,0.85,logreg,10,4,2,2,new
Subject147,31,0.4136507936507937,0.5,0.5161290322580645,rules,10,4,2,2,new
Subject353,60,0.5157844334314922,0.55,0.55,rules,10,4,2,2,new
Subject571,30,0.5777777777777777,0.6,0.6,rules,10,4,2,2,new
Subject580,90,0.4805188275776511,0.5333333333333333,0.5333333333333333,rules,10,4,2,2,new
Subject867,60,0.45181929181929187,0.5166666666666667,0.5166666666666667,rules,10,4,2,2,new
Subject877,60,0.5428763828763828,0.6,0.6,rules,10,4,2,2,new
Subject147,31,0.7533333333333334,0.8,0.8064516129032258,logreg,10,4,4,1,new
Subject353,60,0.7396581196581197,0.7333333333333333,0.7333333333333333,logreg,10,4,4,1,new
Subject571,30,0.8755555555555555,0.9,0.9,logreg,10,4,4,1,new
Subject580,90,0.7454693454693454,0.7777777777777779,0.7777777777777778,logreg,10,4,4,1,new
Subject867,60,0.7248148148148148,0.75,0.75,logreg,10,4,4,1,new
Subject877,60,0.714920634920635,0.75,0.75,logreg,10,4,4,1,new
Subject147,31,0.3914285714285714,0.4666666666666667,0.4838709677419355,rules,10,4,4,1,new
Subject353,60,0.3529038281979459,0.4,0.4,rules,10,4,4,1,new
Subject571,30,0.5822222222222222,0.6333333333333333,0.6333333333333333,rules,10,4,4,1,new
Subject580,90,0.46912420912420916,0.5111111111111111,0.5111111111111111,rules,10,4,4,1,new
Subject867,60,0.48183372183372175,0.55,0.55,rules,10,4,4,1,new
Subject877,60,0.40398860398860403,0.4666666666666667,0.4666666666666667,rules,10,4,4,1,new
Subject147,31,0.6088888888888889,0.6666666666666666,0.6774193548387096,logreg,10,8,2,4,new
Subject353,60,0.783941798941799,0.7833333333333333,0.7833333333333333,logreg,10,8,2,4,new
Subject571,30,0.8755555555555556,0.9,0.9,logreg,10,8,2,4,new
Subject580,90,0.7054706404706403,0.7333333333333335,0.7333333333333333,logreg,10,8,2,4,new
Subject867,60,0.8230014430014431,0.8333333333333334,0.8333333333333334,logreg,10,8,2,4,new
Subject877,60,0.7976393976393976,0.8166666666666667,0.8166666666666667,logreg,10,8,2,4,new
Subject147,31,0.4803174603174603,0.5666666666666667,0.5806451612903226,rules,10,8,2,4,new
Subject353,60,0.5117632694103282,0.55,0.55,rules,10,8,2,4,new
Subject571,30,0.5,0.5333333333333333,0.5333333333333333,rules,10,8,2,4,new
Subject580,90,0.47238387343650506,0.5333333333333333,0.5333333333333333,rules,10,8,2,4,new
Subject867,60,0.4763588263588263,0.5333333333333333,0.5333333333333333,rules,10,8,2,4,new
Subject877,60,0.6381673881673883,0.6833333333333333,0.6833333333333333,rules,10,8,2,4,new
Subject147,31,0.7092063492063493,0.7666666666666667,0.7741935483870968,logreg,10,8,4,2,new
Subject353,60,0.7702741702741703,0.7666666666666667,0.7666666666666667,logreg,10,8,4,2,new
Subject571,30,0.9288888888888889,0.9333333333333333,0.9333333333333333,logreg,10,8,4,2,new
Subject580,90,0.7734657499363382,0.8,0.8,logreg,10,8,4,2,new
Subject867,60,0.7061904761904763,0.7333333333333333,0.7333333333333333,logreg,10,8,4,2,new
Subject877,60,0.7952136752136753,0.8166666666666667,0.8166666666666667,logreg,10,8,4,2,new
Subject147,31,0.44761904761904764,0.5333333333333333,0.5483870967741935,rules,10,8,4,2,new
Subject353,60,0.31655773420479305,0.36666666666666664,0.36666666666666664,rules,10,8,4,2,new
Subject571,30,0.4958730158730159,0.5333333333333333,0.5333333333333333,rules,10,8,4,2,new
Subject580,90,0.46003963830050787,0.5111111111111112,0.5111111111111111,rules,10,8,4,2,new
Subject867,60,0.527073667073667,0.5666666666666667,0.5666666666666667,rules,10,8,4,2,new
Subject877,60,0.4241269841269841,0.5,0.5,rules,10,8,4,2,new
Subject147,31,0.8444444444444444,0.8666666666666667,0.8709677419354839,logreg,10,8,8,1,new
Subject353,60,0.8240740740740741,0.8333333333333334,0.8333333333333334,logreg,10,8,8,1,new
Subject571,30,0.8755555555555555,0.9,0.9,logreg,10,8,8,1,new
Subject580,90,0.7997791097791097,0.8111111111111111,0.8111111111111111,logreg,10,8,8,1,new
Subject867,60,0.798961038961039,0.8166666666666667,0.8166666666666667,logreg,10,8,8,1,new
Subject877,60,0.8888888888888888,0.9,0.9,logreg,10,8,8,1,new
Subject147,31,0.3428571428571428,0.43333333333333335,0.45161290322580644,rules,10,8,8,1,new
Subject353,60,0.4047293447293447,0.45,0.45,rules,10,8,8,1,new
Subject571,30,0.551111111111111,0.6,0.6,rules,10,8,8,1,new
Subject580,90,0.5120449920449921,0.5666666666666667,0.5666666666666667,rules,10,8,8,1,new
Subject867,60,0.4297643097643098,0.48333333333333334,0.48333333333333334,rules,10,8,8,1,new
Subject877,60,0.4698279498279499,0.5166666666666667,0.5166666666666667,rules,10,8,8,1,new
Subject147,31,0.6955555555555556,0.7333333333333333,0.7419354838709677,logreg,10,16,4,4,new
Subject353,60,0.7087667887667888,0.7333333333333333,0.7333333333333333,logreg,10,16,4,4,new
Subject571,30,0.9288888888888889,0.9333333333333333,0.9333333333333333,logreg,10,16,4,4,new
Subject580,90,0.7645561410267291,0.788888888888889,0.7888888888888889,logreg,10,16,4,4,new
Subject867,60,0.7551515151515151,0.7833333333333333,0.7833333333333333,logreg,10,16,4,4,new
Subject877,60,0.8077922077922077,0.8166666666666667,0.8166666666666667,logreg,10,16,4,4,new
Subject147,31,0.3142857142857142,0.4,0.41935483870967744,rules,10,16,4,4,new
Subject353,60,0.29642857142857143,0.35,0.35,rules,10,16,4,4,new
Subject571,30,0.4958730158730159,0.5333333333333333,0.5333333333333333,rules,10,16,4,4,new
Subject580,90,0.45367521367521374,0.4888888888888888,0.4888888888888889,rules,10,16,4,4,new
Subject867,60,0.5193325193325193,0.5666666666666667,0.5666666666666667,rules,10,16,4,4,new
Subject877,60,0.5280097680097681,0.5833333333333334,0.5833333333333334,rules,10,16,4,4,new
Subject147,31,0.8088888888888889,0.8333333333333334,0.8387096774193549,logreg,10,16,8,2,new
Subject353,60,0.7828763828763828,0.8,0.8,logreg,10,16,8,2,new
Subject571,30,0.8755555555555555,0.9,0.9,logreg,10,16,8,2,new
Subject580,90,0.8442316942316943,0.8555555555555557,0.8555555555555555,logreg,10,16,8,2,new
Subject867,60,0.798961038961039,0.8166666666666667,0.8166666666666667,logreg,10,16,8,2,new
Subject877,60,0.865993265993266,0.8833333333333333,0.8833333333333333,logreg,10,16,8,2,new
Subject147,31,0.34761904761904755,0.4666666666666667,0.4838709677419355,rules,10,16,8,2,new
Subject353,60,0.4352055352055351,0.48333333333333334,0.48333333333333334,rules,10,16,8,2,new
Subject571,30,0.5577777777777778,0.6,0.6,rules,10,16,8,2,new
Subject580,90,0.5109957800484116,0.5777777777777777,0.5777777777777777,rules,10,16,8,2,new
Subject867,60,0.48864357864357866,0.55,0.55,rules,10,16,8,2,new
Subject877,60,0.4607081807081807,0.5166666666666667,0.5166666666666667,rules,10,16,8,2,new
Subject147,31,0.8755555555555555,0.9,0.9032258064516129,logreg,10,16,16,1,new
Subject353,60,0.7992784992784993,0.8166666666666667,0.8166666666666667,logreg,10,16,16,1,new
Subject571,30,0.9644444444444444,0.9666666666666667,0.9666666666666667,logreg,10,16,16,1,new
Subject580,90,0.8372503422503422,0.8444444444444444,0.8444444444444444,logreg,10,16,16,1,new
Subject867,60,0.9248869648869648,0.9333333333333333,0.9333333333333333,logreg,10,16,16,1,new
Subject877,60,0.9251515151515152,0.9333333333333333,0.9333333333333333,logreg,10,16,16,1,new
Subject147,31,0.41365079365079366,0.5,0.5161290322580645,rules,10,16,16,1,new
Subject353,60,0.39666666666666667,0.45,0.45,rules,10,16,16,1,new
Subject571,30,0.6003174603174604,0.6333333333333333,0.6333333333333333,rules,10,16,16,1,new
Subject580,90,0.5117417658594129,0.5444444444444444,0.5444444444444444,rules,10,16,16,1,new
Subject867,60,0.5143241943241943,0.5666666666666667,0.5666666666666667,rules,10,16,16,1,new
Subject877,60,0.565945165945166,0.6,0.6,rules,10,16,16,1,new
Subject139,60,0.40049231813937697,0.48333333333333334,0.48333333333333334,logreg,11,4,1,4,new
Subject352,30,0.44333333333333336,0.5,0.5,logreg,11,4,1,4,new
Subject354,60,0.5908942908942909,0.6666666666666666,0.6666666666666666,logreg,11,4,1,4,new
Subject580,90,0.6603381642512077,0.711111111111111,0.7111111111111111,logreg,11,4,1,4,new
Subject819,60,0.3711111111111111,0.45,0.45,logreg,11,4,1,4,new
Subject867,60,0.5716157916157916,0.6166666666666667,0.6166666666666667,logreg,11,4,1,4,new
Subject139,60,0.2993902393902394,0.38333333333333336,0.38333333333333336,rules,11,4,1,4,new
Subject352,30,0.28031746031746035,0.36666666666666664,0.36666666666666664,rules,11,4,1,4,new
Subject354,60,0.38442002442002443,0.43333333333333335,0.43333333333333335,rules,11,4,1,4,new
Subject580,90,0.3586824769433465,0.41111111111111115,0.4111111111111111,rules,11,4,1,4,new
Subject819,60,0.25992063492063494,0.36666666666666664,0.36666666666666664,rules,11,4,1,4,new
Subject867,60,0.49853886853886853,0.5166666666666667,0.5166666666666667,rules,11,4,1,4,new
Subject139,60,0.6799999999999999,0.7166666666666667,0.7166666666666667,logreg,11,4,2,2,new
Subject352,30,0.5428571428571428,0.6,0.6,logreg,11,4,2,2,new
Subject354,60,0.732025012025012,0.7666666666666667,0.7666666666666667,logreg,11,4,2,2,new
Subject580,90,0.6759229269755587,0.711111111111111,0.7111111111111111,logreg,11,4,2,2,new
Subject819,60,0.6636075036075035,0.7,0.7,logreg,11,4,2,2,new
Subject867,60,0.7443578643578644,0.7666666666666667,0.7666666666666667,logreg,11,4,2,2,new
Subject139,60,0.5989273689273689,0.65,0.65,rules,11,4,2,2,new
Subject352,30,0.45555555555555555,0.5333333333333333,0.5333333333333333,rules,11,4,2,2,new
Subject354,60,0.5178835978835978,0.5666666666666667,0.5666666666666667,rules,11,4,2,2,new
Subject580,90,0.6734670884670885,0.6777777777777777,0.6777777777777778,rules,11,4,2,2,new
Subject819,60,0.306950456950457,0.4,0.4,rules,11,4,2,2,new
Subject867,60,0.45936507936507937,0.4666666666666667,0.4666666666666667,rules,11,4,2,2,new
Subject139,60,0.6922943722943723,0.7333333333333333,0.7333333333333333,logreg,11,4,4,1,new
Subject352,30,0.7977777777777778,0.8333333333333334,0.8333333333333334,logreg,11,4,4,1,new
Subject354,60,0.8107744107744108,0.8333333333333334,0.8333333333333334,logreg,11,4,4,1,new
Subject580,90,0.8086117586117585,0.8111111111111111,0.8111111111111111,logreg,11,4,4,1,new
Subject819,60,0.7306878306878307,0.7666666666666667,0.7666666666666667,logreg,11,4,4,1,new
Subject867,60,0.7811832611832613,0.7833333333333333,0.7833333333333333,logreg,11,4,4,1,new
Subject139,60,0.367936507936508,0.4,0.4,rules,11,4,4,1,new
Subject352,30,0.3579365079365079,0.43333333333333335,0.43333333333333335,rules,11,4,4,1,new
Subject354,60,0.46226070226070226,0.5333333333333333,0.5333333333333333,rules,11,4,4,1,new
Subject580,90,0.5913526778232661,0.611111111111111,0.6111111111111112,rules,11,4,4,1,new
Subject819,60,0.3,0.4,0.4,rules,11,4,4,1,new
Subject867,60,0.5099278499278499,0.5333333333333333,0.5333333333333333,rules,11,4,4,1,new
Subject139,60,0.7343589743589742,0.75,0.75,logreg,11,8,2,4,new
Subject352,30,0.7111111111111111,0.7666666666666667,0.7666666666666667,logreg,11,8,2,4,new
Subject354,60,0.702972582972583,0.7333333333333333,0.7333333333333333,logreg,11,8,2,4,new
Subject580,90,0.642886548149706,0.6777777777777777,0.6777777777777778,logreg,11,8,2,4,new
Subject819,60,0.7092063492063492,0.75,0.75,logreg,11,8,2,4,new
Subject867,60,0.7484271284271284,0.7666666666666667,0.7666666666666667,logreg,11,8,2,4,new
Subject139,60,0.4584126984126984,0.5333333333333333,0.5333333333333333,rules,11,8,2,4,new
Subject352,30,0.3898412698412698,0.4666666666666667,0.4666666666666667,rules,11,8,2,4,new
Subject354,60,0.4608332408332408,0.5,0.5,rules,11,8,2,4,new
Subject580,90,0.6128222648810885,0.6222222222222223,0.6222222222222222,rules,11,8,2,4,new
Subject819,60,0.3308780108780109,0.4166666666666667,0.4166666666666667,rules,11,8,2,4,new
Subject867,60,0.5834147334147334,0.5833333333333334,0.5833333333333334,rules,11,8,2,4,new
Subject139,60,0.7500529100529101,0.7833333333333333,0.7833333333333333,logreg,11,8,4,2,new
Subject352,30,0.8444444444444444,0.8666666666666667,0.8666666666666667,logreg,11,8,4,2,new
Subject354,60,0.8711111111111111,0.8833333333333333,0.8833333333333333,logreg,11,8,4,2,new
Subject580,90,0.7906293706293706,0.8,0.8,logreg,11,8,4,2,new
Subject819,60,0.8135316535316535,0.8333333333333334,0.8333333333333334,logreg,11,8,4,2,new
Subject867,60,0.8586772486772486,0.8666666666666667,0.8666666666666667,logreg,11,8,4,2,new
Subject139,60,0.44954304954304963,0.5,0.5,rules,11,8,4,2,new
Subject352,30,0.48476190476190484,0.5666666666666667,0.5666666666666667,rules,11,8,4,2,new
Subject354,60,0.4516402116402116,0.5,0.5,rules,11,8,4,2,new
Subject580,90,0.6153683353683355,0.6444444444444445,0.6444444444444445,rules,11,8,4,2,new
Subject819,60,0.2929833129833129,0.38333333333333336,0.38333333333333336,rules,11,8,4,2,new
Subject867,60,0.4014907314907315,0.4666666666666667,0.4666666666666667,rules,11,8,4,2,new
Subject139,60,0.8217989417989418,0.85,0.85,logreg,11,8,8,1,new
Subject352,30,0.9111111111111111,0.9333333333333333,0.9333333333333333,logreg,11,8,8,1,new
Subject354,60,0.9111111111111111,0.9333333333333333,0.9333333333333333,logreg,11,8,8,1,new
Subject580,90,0.8320539591127827,0.8333333333333334,0.8333333333333334,logreg,11,8,8,1,new
Subject819,60,0.7789417989417989,0.8,0.8,logreg,11,8,8,1,new
Subject867,60,0.8803848003848004,0.8833333333333333,0.8833333333333333,logreg,11,8,8,1,new
Subject139,60,0.5051948051948051,0.55,0.55,rules,11,8,8,1,new
Subject352,30,0.34253968253968253,0.4,0.4,rules,11,8,8,1,new
Subject354,60,0.397962962962963,0.4666666666666667,0.4666666666666667,rules,11,8,8,1,new
Subject580,90,0.5981551781551782,0.6111111111111113,0.6111111111111112,rules,11,8,8,1,new
Subject819,60,0.40437710437710445,0.5,0.5,rules,11,8,8,1,new
Subject867,60,0.5103030303030303,0.55,0.55,rules,11,8,8,1,new
Subject139,60,0.8023280423280424,0.8333333333333334,0.8333333333333334,logreg,11,16,4,4,new
Subject352,30,0.8444444444444444,0.8666666666666667,0.8666666666666667,logreg,11,16,4,4,new
Subject354,60,0.8490620490620491,0.85,0.85,logreg,11,16,4,4,new
Subject580,90,0.8045935545935545,0.8111111111111111,0.8111111111111111,logreg,11,16,4,4,new
Subject819,60,0.8106012506012505,0.8333333333333334,0.8333333333333334,logreg,11,16,4,4,new
Subject867,60,0.8807599807599807,0.8833333333333333,0.8833333333333333,logreg,11,16,4,4,new
Subject139,60,0.4726051726051726,0.5166666666666667,0.5166666666666667,rules,11,16,4,4,new
Subject352,30,0.4017989417989419,0.4666666666666667,0.4666666666666667,rules,11,16,4,4,new
Subject354,60,0.42155363155363157,0.4666666666666667,0.4666666666666667,rules,11,16,4,4,new
Subject580,90,0.6580425422530686,0.6777777777777777,0.6777777777777778,rules,11,16,4,4,new
Subject819,60,0.3306318082788671,0.4166666666666667,0.4166666666666667,rules,11,16,4,4,new
Subject867,60,0.5336023236023236,0.55,0.55,rules,11,16,4,4,new
Subject139,60,0.8137566137566138,0.8333333333333334,0.8333333333333334,logreg,11,16,8,2,new
Subject352,30,0.8755555555555555,0.9,0.9,logreg,11,16,8,2,new
Subject354,60,0.8888888888888888,0.9,0.9,logreg,11,16,8,2,new
Subject580,90,0.8118881118881119,0.8222222222222223,0.8222222222222222,logreg,11,16,8,2,new
Subject819,60,0.7807936507936508,0.8,0.8,logreg,11,16,8,2,new
Subject867,60,0.9172486772486773,0.9166666666666666,0.9166666666666666,logreg,11,16,8,2,new
Subject139,60,0.541967291967292,0.5666666666666667,0.5666666666666667,rules,11,16,8,2,new
Subject352,30,0.4222222222222222,0.4666666666666667,0.4666666666666667,rules,11,16,8,2,new
Subject354,60,0.37608465608465613,0.48333333333333334,0.48333333333333334,rules,11,16,8,2,new
Subject580,90,0.4832752432752433,0.5333333333333333,0.5333333333333333,rules,11,16,8,2,new
Subject819,60,0.4775335775335775,0.5333333333333333,0.5333333333333333,rules,11,16,8,2,new
Subject867,60,0.42753246753246754,0.48333333333333334,0.48333333333333334,rules,11,16,8,2,new
Subject139,60,0.8164021164021165,0.85,0.85,logreg,11,16,16,1,new
Subject352,30,0.8755555555555555,0.9,0.9,logreg,11,16,16,1,new
Subject354,60,0.9475132275132274,0.95,0.95,logreg,11,16,16,1,new
Subject580,90,0.8502845302845302,0.8555555555555556,0.8555555555555555,logreg,11,16,16,1,new
Subject819,60,0.833035113035113,0.85,0.85,logreg,11,16,16,1,new
Subject867,60,0.9047811447811447,0.9166666666666666,0.9166666666666666,logreg,11,16,16,1,new
Subject139,60,0.578051948051948,0.5833333333333334,0.5833333333333334,rules,11,16,16,1,new
Subject352,30,0.43682539682539684,0.5,0.5,rules,11,16,16,1,new
Subject354,60,0.5016546416546417,0.55,0.55,rules,11,16,16,1,new
Subject580,90,0.5020216167274991,0.5444444444444445,0.5444444444444444,rules,11,16,16,1,new
Subject819,60,0.3696296296296296,0.4166666666666667,0.4166666666666667,rules,11,16,16,1,new
Subject867,60,0.48799422799422804,0.5166666666666667,0.5166666666666667,rules,11,16,16,1,new
Subject424,60,0.35768440709617183,0.36666666666666664,0.36666666666666664,logreg,12,4,1,4,new
Subject611,60,0.6807936507936508,0.7166666666666667,0.7166666666666667,logreg,12,4,1,4,new
Subject731,30,0.5232804232804232,0.6,0.6,logreg,12,4,1,4,new
Subject867,60,0.6938816738816739,0.7333333333333333,0.7333333333333333,logreg,12,4,1,4,new
Subject890,30,0.43777777777777777,0.5,0.5,logreg,12,4,1,4,new
Subject969,30,0.49841269841269836,0.5666666666666667,0.5666666666666667,logreg,12,4,1,4,new
Subject424,60,0.17777777777777776,0.25,0.25,rules,12,4,1,4,new
Subject611,60,0.5176393976393977,0.5833333333333334,0.5833333333333334,rules,12,4,1,4,new
Subject731,30,0.359047619047619,0.4666666666666667,0.4666666666666667,rules,12,4,1,4,new
Subject867,60,0.31555555555555553,0.4,0.4,rules,12,4,1,4,new
Subject890,30,0.36190476190476184,0.43333333333333335,0.43333333333333335,rules,12,4,1,4,new
Subject969,30,0.3777777777777777,0.4666666666666667,0.4666666666666667,rules,12,4,1,4,new
Subject424,60,0.3728138528138529,0.43333333333333335,0.43333333333333335,logreg,12,4,2,2,new
Subject611,60,0.7192224768695357,0.75,0.75,logreg,12,4,2,2,new
Subject731,30,0.6555555555555556,0.7,0.7,logreg,12,4,2,2,new
Subject867,60,0.7576911976911977,0.7833333333333333,0.7833333333333333,logreg,12,4,2,2,new
Subject890,30,0.6628571428571429,0.7,0.7,logreg,12,4,2,2,new
Subject969,30,0.5977777777777777,0.6666666666666666,0.6666666666666666,logreg,12,4,2,2,new
Subject424,60,0.303036223036223,0.38333333333333336,0.38333333333333336,rules,12,4,2,2,new
Subject611,60,0.4969130869130869,0.55,0.55,rules,12,4,2,2,new
Subject731,30,0.3358730158730159,0.43333333333333335,0.43333333333333335,rules,12,4,2,2,new
Subject867,60,0.24360269360269357,0.3,0.3,rules,12,4,2,2,new
Subject890,30,0.4714285714285714,0.5666666666666667,0.5666666666666667,rules,12,4,2,2,new
Subject969,30,0.3207407407407407,0.36666666666666664,0.36666666666666664,rules,12,4,2,2,new
Subject424,60,0.732910052910053,0.7666666666666667,0.7666666666666667,logreg,12,4,4,1,new
Subject611,60,0.8422954822954823,0.85,0.85,logreg,12,4,4,1,new
Subject731,30,0.7288888888888889,0.7666666666666667,0.7666666666666667,logreg,12,4,4,1,new
Subject867,60,0.874074074074074,0.8833333333333333,0.8833333333333333,logreg,12,4,4,1,new
Subject890,30,0.846984126984127,0.8666666666666667,0.8666666666666667,logreg,12,4,4,1,new
Subject969,30,0.6066666666666667,0.6666666666666666,0.6666666666666666,logreg,12,4,4,1,new
Subject424,60,0.34869695606537715,0.4166666666666667,0.4166666666666667,rules,12,4,4,1,new
Subject611,60,0.4072455648926237,0.45,0.45,rules,12,4,4,1,new
Subject731,30,0.3225396825396825,0.36666666666666664,0.36666666666666664,rules,12,4,4,1,new
Subject867,60,0.34427239427239426,0.38333333333333336,0.38333333333333336,rules,12,4,4,1,new
Subject890,30,0.5523809523809523,0.6333333333333333,0.6333333333333333,rules,12,4,4,1,new
Subject969,30,0.18677248677248676,0.26666666666666666,0.26666666666666666,rules,12,4,4,1,new
Subject424,60,0.44234247234247237,0.5166666666666667,0.5166666666666667,logreg,12,8,2,4,new
Subject611,60,0.7830687830687831,0.8,0.8,logreg,12,8,2,4,new
Subject731,30,0.6962962962962963,0.7333333333333333,0.7333333333333333,logreg,12,8,2,4,new
Subject867,60,0.7896488696488697,0.8166666666666667,0.8166666666666667,logreg,12,8,2,4,new
Subject890,30,0.7047619047619046,0.7333333333333333,0.7333333333333333,logreg,12,8,2,4,new
Subject969,30,0.5977777777777777,0.6666666666666666,0.6666666666666666,logreg,12,8,2,4,new
Subject424,60,0.2963791763791763,0.36666666666666664,0.36666666666666664,rules,12,8,2,4,new
Subject611,60,0.4169484545955135,0.5,0.5,rules,12,8,2,4,new
Subject731,30,0.3266666666666667,0.4,0.4,rules,12,8,2,4,new
Subject867,60,0.351091871091871,0.4166666666666667,0.4166666666666667,rules,12,8,2,4,new
Subject890,30,0.5422222222222222,0.6333333333333333,0.6333333333333333,rules,12,8,2,4,new
Subject969,30,0.38253968253968246,0.4,0.4,rules,12,8,2,4,new
Subject424,60,0.7494372294372295,0.7666666666666667,0.7666666666666667,logreg,12,8,4,2,new
Subject611,60,0.9305820105820106,0.9333333333333333,0.9333333333333333,logreg,12,8,4,2,new
Subject731,30,0.6533333333333332,0.7,0.7,logreg,12,8,4,2,new
Subject867,60,0.8920634920634921,0.9,0.9,logreg,12,8,4,2,new
Subject890,30,0.8333333333333334,0.8666666666666667,0.8666666666666667,logreg,12,8,4,2,new
Subject969,30,0.6425396825396825,0.7,0.7,logreg,12,8,4,2,new
Subject424,60,0.30176046176046173,0.36666666666666664,0.36666666666666664,rules,12,8,4,2,new
Subject611,60,0.45014245014245013,0.5,0.5,rules,12,8,4,2,new
Subject731,30,0.35015873015873017,0.4,0.4,rules,12,8,4,2,new
Subject867,60,0.32139601139601137,0.36666666666666664,0.36666666666666664,rules,12,8,4,2,new
Subject890,30,0.619047619047619,0.6666666666666666,0.6666666666666666,rules,12,8,4,2,new
Subject969,30,0.21851851851851847,0.3,0.3,rules,12,8,4,2,new
Subject424,60,0.8335449735449736,0.85,0.85,logreg,12,8,8,1,new
Subject611,60,0.9140933140933141,0.9166666666666666,0.9166666666666666,logreg,12,8,8,1,new
Subject731,30,0.6822222222222223,0.7,0.7,logreg,12,8,8,1,new
Subject867,60,0.7744107744107744,0.8166666666666667,0.8166666666666667,logreg,12,8,8,1,new
Subject890,30,0.7968253968253969,0.8,0.8,logreg,12,8,8,1,new
Subject969,30,0.6577777777777777,0.7,0.7,logreg,12,8,8,1,new
Subject424,60,0.37421800421800416,0.43333333333333335,0.43333333333333335,rules,12,8,8,1,new
Subject611,60,0.47682539682539676,0.5166666666666667,0.5166666666666667,rules,12,8,8,1,new
Subject731,30,0.3292063492063492,0.4,0.4,rules,12,8,8,1,new
Subject867,60,0.4938816738816739,0.5333333333333333,0.5333333333333333,rules,12,8,8,1,new
Subject890,30,0.46031746031746035,0.5666666666666667,0.5666666666666667,rules,12,8,8,1,new
Subject969,30,0.24952380952380954,0.36666666666666664,0.36666666666666664,rules,12,8,8,1,new
Subject424,60,0.7632467532467532,0.7833333333333333,0.7833333333333333,logreg,12,16,4,4,new
Subject611,60,0.9107407407407406,0.9166666666666666,0.9166666666666666,logreg,12,16,4,4,new
Subject731,30,0.766984126984127,0.8,0.8,logreg,12,16,4,4,new
Subject867,60,0.8950456950456951,0.9,0.9,logreg,12,16,4,4,new
Subject890,30,0.8380952380952381,0.8666666666666667,0.8666666666666667,logreg,12,16,4,4,new
Subject969,30,0.6425396825396825,0.7,0.7,logreg,12,16,4,4,new
Subject424,60,0.34383838383838383,0.43333333333333335,0.43333333333333335,rules,12,16,4,4,new
Subject611,60,0.49592281356987233,0.5666666666666667,0.5666666666666667,rules,12,16,4,4,new
Subject731,30,0.3850793650793651,0.43333333333333335,0.43333333333333335,rules,12,16,4,4,new
Subject867,60,0.37409812409812404,0.4,0.4,rules,12,16,4,4,new
Subject890,30,0.5457142857142857,0.6333333333333333,0.6333333333333333,rules,12,16,4,4,new
Subject969,30,0.2,0.26666666666666666,0.26666666666666666,rules,12,16,4,4,new
Subject424,60,0.9168253968253969,0.9166666666666666,0.9166666666666666,logreg,12,16,8,2,new
Subject611,60,0.9475132275132275,0.95,0.95,logreg,12,16,8,2,new
Subject731,30,0.7777777777777779,0.8,0.8,logreg,12,16,8,2,new
Subject867,60,0.7608465608465608,0.8,0.8,logreg,12,16,8,2,new
Subject890,30,0.7866666666666667,0.8,0.8,logreg,12,16,8,2,new
Subject969,30,0.7007407407407408,0.7333333333333333,0.7333333333333333,logreg,12,16,8,2,new
Subject424,60,0.4054256854256854,0.5,0.5,rules,12,16,8,2,new
Subject611,60,0.47867724867724865,0.55,0.55,rules,12,16,8,2,new
Subject731,30,0.5358730158730158,0.6,0.6,rules,12,16,8,2,new
Subject867,60,0.482943722943723,0.5333333333333333,0.5333333333333333,rules,12,16,8,2,new
Subject890,30,0.5384126984126983,0.6333333333333333,0.6333333333333333,rules,12,16,8,2,new
Subject969,30,0.31629629629629635,0.43333333333333335,0.43333333333333335,rules,12,16,8,2,new
Subject424,60,0.7392592592592593,0.8,0.8,logreg,12,16,16,1,new
Subject611,60,0.9644444444444444,0.9666666666666667,0.9666666666666667,logreg,12,16,16,1,new
Subject731,30,0.6866666666666668,0.7333333333333333,0.7333333333333333,logreg,12,16,16,1,new
Subject867,60,0.7555555555555554,0.8,0.8,logreg,12,16,16,1,new
Subject890,30,0.7936507936507937,0.8333333333333334,0.8333333333333334,logreg,12,16,16,1,new
Subject969,30,0.774074074074074,0.8,0.8,logreg,12,16,16,1,new
Subject424,60,0.2856980056980057,0.36666666666666664,0.36666666666666664,rules,12,16,16,1,new
Subject611,60,0.5076968565203859,0.5333333333333333,0.5333333333333333,rules,12,16,16,1,new
Subject731,30,0.3326984126984127,0.4,0.4,rules,12,16,16,1,new
Subject867,60,0.4775435675435676,0.5,0.5,rules,12,16,16,1,new
Subject890,30,0.5549206349206349,0.6333333333333333,0.6333333333333333,rules,12,16,16,1,new
Subject969,30,0.20074074074074075,0.3333333333333333,0.3333333333333333,rules,12,16,16,1,new
Subject139,60,0.40049231813937697,0.48333333333333334,0.48333333333333334,logreg,13,4,1,4,new
Subject226,30,0.722962962962963,0.7666666666666667,0.7666666666666667,logreg,13,4,1,4,new
Subject353,60,0.6269841269841269,0.7,0.7,logreg,13,4,1,4,new
Subject571,30,0.6355555555555554,0.7,0.7,logreg,13,4,1,4,new
Subject741,60,0.7497354497354498,0.7833333333333333,0.7833333333333333,logreg,13,4,1,4,new
Subject819,60,0.3711111111111111,0.45,0.45,logreg,13,4,1,4,new
Subject139,60,0.2993902393902394,0.38333333333333336,0.38333333333333336,rules,13,4,1,4,new
Subject226,30,0.3555555555555555,0.4666666666666667,0.4666666666666667,rules,13,4,1,4,new
Subject353,60,0.37621082621082624,0.45,0.45,rules,13,4,1,4,new
Subject571,30,0.386984126984127,0.4666666666666667,0.4666666666666667,rules,13,4,1,4,new
Subject741,60,0.41243075007780894,0.5,0.5,rules,13,4,1,4,new
Subject819,60,0.25992063492063494,0.36666666666666664,0.36666666666666664,rules,13,4,1,4,new
Subject139,60,0.571024531024531,0.65,0.65,logreg,13,4,2,2,new
Subject226,30,0.7481481481481481,0.7666666666666667,0.7666666666666667,logreg,13,4,2,2,new
Subject353,60,0.7716402116402118,0.8,0.8,logreg,13,4,2,2,new
Subject571,30,0.74,0.8,0.8,logreg,13,4,2,2,new
Subject741,60,0.8626262626262626,0.8833333333333333,0.8833333333333333,logreg,13,4,2,2,new
Subject819,60,0.5718518518518518,0.6333333333333333,0.6333333333333333,logreg,13,4,2,2,new
Subject139,60,0.35096200096200103,0.4,0.4,rules,13,4,2,2,new
Subject226,30,0.5222222222222223,0.5666666666666667,0.5666666666666667,rules,13,4,2,2,new
Subject353,60,0.38476190476190475,0.43333333333333335,0.43333333333333335,rules,13,4,2,2,new
Subject571,30,0.4434920634920635,0.5333333333333333,0.5333333333333333,rules,13,4,2,2,new
Subject741,60,0.47042328042328035,0.5333333333333333,0.5333333333333333,rules,13,4,2,2,new
Subject819,60,0.4209390609390609,0.5166666666666667,0.5166666666666667,rules,13,4,2,2,new
Subject139,60,0.6709259259259259,0.7166666666666667,0.7166666666666667,logreg,13,4,4,1,new
Subject226,30,0.76,0.7666666666666667,0.7666666666666667,logreg,13,4,4,1,new
Subject353,60,0.7903030303030304,0.8333333333333334,0.8333333333333334,logreg,13,4,4,1,new
Subject571,30,0.5444444444444444,0.6333333333333333,0.6333333333333333,logreg,13,4,4,1,new
Subject741,60,0.7326599326599328,0.7666666666666667,0.7666666666666667,logreg,13,4,4,1,new
Subject819,60,0.4720538720538721,0.55,0.55,logreg,13,4,4,1,new
Subject139,60,0.467057387057387,0.48333333333333334,0.48333333333333334,rules,13,4,4,1,new
Subject226,30,0.5501587301587301,0.5666666666666667,0.5666666666666667,rules,13,4,4,1,new
Subject353,60,0.499015059015059,0.5666666666666667,0.5666666666666667,rules,13,4,4,1,new
Subject571,30,0.2866666666666667,0.4,0.4,rules,13,4,4,1,new
Subject741,60,0.509098679098679,0.55,0.55,rules,13,4,4,1,new
Subject819,60,0.31855810855810857,0.38333333333333336,0.38333333333333336,rules,13,4,4,1,new
Subject139,60,0.635946275946276,0.7,0.7,logreg,13,8,2,4,new
Subject226,30,0.7266666666666667,0.7666666666666667,0.7666666666666667,logreg,13,8,2,4,new
Subject353,60,0.7631746031746033,0.7833333333333333,0.7833333333333333,logreg,13,8,2,4,new
Subject571,30,0.6666666666666666,0.7333333333333333,0.7333333333333333,logreg,13,8,2,4,new
Subject741,60,0.8600673400673401,0.8833333333333333,0.8833333333333333,logreg,13,8,2,4,new
Subject819,60,0.5662962962962964,0.6166666666666667,0.6166666666666667,logreg,13,8,2,4,new
Subject139,60,0.3431598031598032,0.4,0.4,rules,13,8,2,4,new
Subject226,30,0.5968253968253968,0.6333333333333333,0.6333333333333333,rules,13,8,2,4,new
Subject353,60,0.3994987468671679,0.45,0.45,rules,13,8,2,4,new
Subject571,30,0.47111111111111115,0.5666666666666667,0.5666666666666667,rules,13,8,2,4,new
Subject741,60,0.5635013135013136,0.6166666666666667,0.6166666666666667,rules,13,8,2,4,new
Subject819,60,0.30507936507936506,0.4166666666666667,0.4166666666666667,rules,13,8,2,4,new
Subject139,60,0.7244444444444443,0.75,0.75,logreg,13,8,4,2,new
Subject226,30,0.8222222222222222,0.8333333333333334,0.8333333333333334,logreg,13,8,4,2,new
Subject353,60,0.791077441077441,0.8333333333333334,0.8333333333333334,logreg,13,8,4,2,new
Subject571,30,0.7714285714285716,0.8,0.8,logreg,13,8,4,2,new
Subject741,60,0.8467724867724867,0.8666666666666667,0.8666666666666667,logreg,13,8,4,2,new
Subject819,60,0.5681192881192881,0.6,0.6,logreg,13,8,4,2,new
Subject139,60,0.3830880230880231,0.4,0.4,rules,13,8,4,2,new
Subject226,30,0.48253968253968255,0.5333333333333333,0.5333333333333333,rules,13,8,4,2,new
Subject353,60,0.49599807599807605,0.5833333333333334,0.5833333333333334,rules,13,8,4,2,new
Subject571,30,0.4625396825396825,0.5333333333333333,0.5333333333333333,rules,13,8,4,2,new
Subject741,60,0.5334757834757835,0.5666666666666667,0.5666666666666667,rules,13,8,4,2,new
Subject819,60,0.2489272165742754,0.31666666666666665,0.31666666666666665,rules,13,8,4,2,new
Subject139,60,0.7886243386243386,0.8333333333333334,0.8333333333333334,logreg,13,8,8,1,new
Subject226,30,0.7866666666666666,0.8333333333333334,0.8333333333333334,logreg,13,8,8,1,new
Subject353,60,0.8234920634920635,0.8333333333333334,0.8333333333333334,logreg,13,8,8,1,new
Subject571,30,0.8158730158730159,0.8333333333333334,0.8333333333333334,logreg,13,8,8,1,new
Subject741,60,0.8511396011396012,0.8666666666666667,0.8666666666666667,logreg,13,8,8,1,new
Subject819,60,0.724886964886965,0.7666666666666667,0.7666666666666667,logreg,13,8,8,1,new
Subject139,60,0.47317867317867324,0.5,0.5,rules,13,8,8,1,new
Subject226,30,0.6666666666666666,0.7,0.7,rules,13,8,8,1,new
Subject353,60,0.6078928478928479,0.6333333333333333,0.6333333333333333,rules,13,8,8,1,new
Subject571,30,0.6644444444444445,0.7,0.7,rules,13,8,8,1,new
Subject741,60,0.5438095238095237,0.5666666666666667,0.5666666666666667,rules,13,8,8,1,new
Subject819,60,0.362069782069782,0.43333333333333335,0.43333333333333335,rules,13,8,8,1,new
Subject139,60,0.7802789802789803,0.8166666666666667,0.8166666666666667,logreg,13,16,4,4,new
Subject226,30,0.7833333333333333,0.8,0.8,logreg,13,16,4,4,new
Subject353,60,0.7818181818181817,0.8166666666666667,0.8166666666666667,logreg,13,16,4,4,new
Subject571,30,0.6911111111111111,0.7333333333333333,0.7333333333333333,logreg,13,16,4,4,new
Subject741,60,0.9212842712842713,0.9166666666666666,0.9166666666666666,logreg,13,16,4,4,new
Subject819,60,0.6052910052910053,0.6333333333333333,0.6333333333333333,logreg,13,16,4,4,new
Subject139,60,0.36213564213564214,0.4166666666666667,0.4166666666666667,rules,13,16,4,4,new
Subject226,30,0.4666666666666666,0.5333333333333333,0.5333333333333333,rules,13,16,4,4,new
Subject353,60,0.48631664631664623,0.5666666666666667,0.5666666666666667,rules,13,16,4,4,new
Subject571,30,0.49333333333333335,0.5666666666666667,0.5666666666666667,rules,13,16,4,4,new
Subject741,60,0.5524897324897324,0.6,0.6,rules,13,16,4,4,new
Subject819,60,0.26571428571428574,0.36666666666666664,0.36666666666666664,rules,13,16,4,4,new
Subject139,60,0.7886243386243386,0.8333333333333334,0.8333333333333334,logreg,13,16,8,2,new
Subject226,30,0.8825396825396825,0.9,0.9,logreg,13,16,8,2,new
Subject353,60,0.8563492063492063,0.8666666666666667,0.8666666666666667,logreg,13,16,8,2,new
Subject571,30,0.8114285714285715,0.8333333333333334,0.8333333333333334,logreg,13,16,8,2,new
Subject741,60,0.8622895622895623,0.8833333333333333,0.8833333333333333,logreg,13,16,8,2,new
Subject819,60,0.7097125097125097,0.7666666666666667,0.7666666666666667,logreg,13,16,8,2,new
Subject139,60,0.42299365122894533,0.45,0.45,rules,13,16,8,2,new
Subject226,30,0.6,0.6333333333333333,0.6333333333333333,rules,13,16,8,2,new
Subject353,60,0.5332659932659933,0.6,0.6,rules,13,16,8,2,new
Subject571,30,0.6288888888888889,0.6666666666666666,0.6666666666666666,rules,13,16,8,2,new
Subject741,60,0.47185185185185186,0.5166666666666667,0.5166666666666667,rules,13,16,8,2,new
Subject819,60,0.4459066859066859,0.5333333333333333,0.5333333333333333,rules,13,16,8,2,new
Subject139,60,0.8955026455026456,0.9,0.9,logreg,13,16,16,1,new
Subject226,30,0.8177777777777778,0.8666666666666667,0.8666666666666667,logreg,13,16,16,1,new
Subject353,60,0.8355555555555555,0.8333333333333334,0.8333333333333334,logreg,13,16,16,1,new
Subject571,30,0.9644444444444444,0.9666666666666667,0.9666666666666667,logreg,13,16,16,1,new
Subject741,60,0.8338624338624339,0.85,0.85,logreg,13,16,16,1,new
Subject819,60,0.7598697598697599,0.7833333333333333,0.7833333333333333,logreg,13,16,16,1,new
Subject139,60,0.5792640692640691,0.6,0.6,rules,13,16,16,1,new
Subject226,30,0.6292063492063492,0.6666666666666666,0.6666666666666666,rules,13,16,16,1,new
Subject353,60,0.5808658008658009,0.6166666666666667,0.6166666666666667,rules,13,16,16,1,new
Subject571,30,0.5911111111111113,0.6333333333333333,0.6333333333333333,rules,13,16,16,1,new
Subject741,60,0.48667073667073674,0.5333333333333333,0.5333333333333333,rules,13,16,16,1,new
Subject819,60,0.4104532504532505,0.4666666666666667,0.4666666666666667,rules,13,16,16,1,new
Subject376,60,0.376610644257703,0.48333333333333334,0.48333333333333334,logreg,14,4,1,4,new
Subject516,30,0.7866666666666666,0.8333333333333334,0.8333333333333334,logreg,14,4,1,4,new
Subject571,30,0.6444444444444444,0.7333333333333333,0.7333333333333333,logreg,14,4,1,4,new
Subject731,30,0.5692063492063492,0.6666666666666666,0.6666666666666666,logreg,14,4,1,4,new
Subject890,30,0.5580952380952381,0.6666666666666666,0.6666666666666666,logreg,14,4,1,4,new
Subject969,30,0.49333333333333335,0.6,0.6,logreg,14,4,1,4,new
Subject376,60,0.21038961038961038,0.3,0.3,rules,14,4,1,4,new
Subject516,30,0.5644444444444444,0.6,0.6,rules,14,4,1,4,new
Subject571,30,0.5206349206349207,0.6,0.6,rules,14,4,1,4,new
Subject731,30,0.22424242424242424,0.3,0.3,rules,14,4,1,4,new
Subject890,30,0.2958730158730159,0.4,0.4,rules,14,4,1,4,new
Subject969,30,0.35333333333333333,0.4666666666666667,0.4666666666666667,rules,14,4,1,4,new
Subject376,60,0.2968478144948733,0.38333333333333336,0.38333333333333336,logreg,14,4,2,2,new
Subject516,30,0.6380952380952379,0.7,0.7,logreg,14,4,2,2,new
Subject571,30,0.6933333333333334,0.7666666666666667,0.7666666666666667,logreg,14,4,2,2,new
Subject731,30,0.6733333333333335,0.7333333333333333,0.7333333333333333,logreg,14,4,2,2,new
Subject890,30,0.4488888888888889,0.5333333333333333,0.5333333333333333,logreg,14,4,2,2,new
Subject969,30,0.5425396825396825,0.6333333333333333,0.6333333333333333,logreg,14,4,2,2,new
Subject376,60,0.3052910052910053,0.38333333333333336,0.38333333333333336,rules,14,4,2,2,new
Subject516,30,0.41703703703703704,0.4666666666666667,0.4666666666666667,rules,14,4,2,2,new
Subject571,30,0.5615873015873016,0.6333333333333333,0.6333333333333333,rules,14,4,2,2,new
Subject731,30,0.40740740740740744,0.5,0.5,rules,14,4,2,2,new
Subject890,30,0.33544973544973544,0.4,0.4,rules,14,4,2,2,new
Subject969,30,0.40518518518518515,0.4666666666666667,0.4666666666666667,rules,14,4,2,2,new
Subject376,60,0.6144107744107745,0.6666666666666666,0.6666666666666666,logreg,14,4,4,1,new
Subject516,30,0.8222222222222222,0.8666666666666667,0.8666666666666667,logreg,14,4,4,1,new
Subject571,30,0.7222222222222222,0.7666666666666667,0.7666666666666667,logreg,14,4,4,1,new
Subject731,30,0.6321693121693123,0.7,0.7,logreg,14,4,4,1,new
Subject890,30,0.6866666666666668,0.7333333333333333,0.7333333333333333,logreg,14,4,4,1,new
Subject969,30,0.6711111111111111,0.7333333333333333,0.7333333333333333,logreg,14,4,4,1,new
Subject376,60,0.36273504273504276,0.43333333333333335,0.43333333333333335,rules,14,4,4,1,new
Subject516,30,0.598095238095238,0.6333333333333333,0.6333333333333333,rules,14,4,4,1,new
Subject571,30,0.5980952380952381,0.6666666666666666,0.6666666666666666,rules,14,4,4,1,new
Subject731,30,0.548888888888889,0.6,0.6,rules,14,4,4,1,new
Subject890,30,0.526984126984127,0.6,0.6,rules,14,4,4,1,new
Subject969,30,0.2153439153439153,0.3333333333333333,0.3333333333333333,rules,14,4,4,1,new
Subject376,60,0.4392486266170477,0.5166666666666667,0.5166666666666667,logreg,14,8,2,4,new
Subject516,30,0.7555555555555556,0.8,0.8,logreg,14,8,2,4,new
Subject571,30,0.7288888888888889,0.8,0.8,logreg,14,8,2,4,new
Subject731,30,0.7400000000000001,0.8,0.8,logreg,14,8,2,4,new
Subject890,30,0.56994708994709,0.6333333333333333,0.6333333333333333,logreg,14,8,2,4,new
Subject969,30,0.6607407407407407,0.7,0.7,logreg,14,8,2,4,new
Subject376,60,0.3037037037037037,0.38333333333333336,0.38333333333333336,rules,14,8,2,4,new
Subject516,30,0.4990476190476191,0.5333333333333333,0.5333333333333333,rules,14,8,2,4,new
Subject571,30,0.6044444444444445,0.7,0.7,rules,14,8,2,4,new
Subject731,30,0.41111111111111115,0.5,0.5,rules,14,8,2,4,new
Subject890,30,0.41079365079365077,0.4666666666666667,0.4666666666666667,rules,14,8,2,4,new
Subject969,30,0.4666666666666667,0.5333333333333333,0.5333333333333333,rules,14,8,2,4,new
Subject376,60,0.5684656084656085,0.6166666666666667,0.6166666666666667,logreg,14,8,4,2,new
Subject516,30,0.8222222222222222,0.8666666666666667,0.8666666666666667,logreg,14,8,4,2,new
Subject571,30,0.682962962962963,0.7333333333333333,0.7333333333333333,logreg,14,8,4,2,new
Subject731,30,0.7185185185185184,0.7666666666666667,0.7666666666666667,logreg,14,8,4,2,new
Subject890,30,0.6755555555555557,0.7333333333333333,0.7333333333333333,logreg,14,8,4,2,new
Subject969,30,0.6666666666666666,0.7333333333333333,0.7333333333333333,logreg,14,8,4,2,new
Subject376,60,0.27436647173489276,0.35,0.35,rules,14,8,4,2,new
Subject516,30,0.5422222222222222,0.5666666666666667,0.5666666666666667,rules,14,8,4,2,new
Subject571,30,0.5488888888888889,0.6,0.6,rules,14,8,4,2,new
Subject731,30,0.6311111111111111,0.6666666666666666,0.6666666666666666,rules,14,8,4,2,new
Subject890,30,0.5206349206349207,0.6,0.6,rules,14,8,4,2,new
Subject969,30,0.20550264550264552,0.3,0.3,rules,14,8,4,2,new
Subject376,60,0.7622222222222221,0.8,0.8,logreg,14,8,8,1,new
Subject516,30,0.8222222222222222,0.8666666666666667,0.8666666666666667,logreg,14,8,8,1,new
Subject571,30,0.7311111111111112,0.7666666666666667,0.7666666666666667,logreg,14,8,8,1,new
Subject731,30,0.8933333333333334,0.9,0.9,logreg,14,8,8,1,new
Subject890,30,0.7301587301587301,0.7666666666666667,0.7666666666666667,logreg,14,8,8,1,new
Subject969,30,0.7718518518518519,0.8,0.8,logreg,14,8,8,1,new
Subject376,60,0.38355514855514855,0.4166666666666667,0.4166666666666667,rules,14,8,8,1,new
Subject516,30,0.5158730158730158,0.5333333333333333,0.5333333333333333,rules,14,8,8,1,new
Subject571,30,0.5292063492063492,0.5666666666666667,0.5666666666666667,rules,14,8,8,1,new
Subject731,30,0.4822222222222222,0.5333333333333333,0.5333333333333333,rules,14,8,8,1,new
Subject890,30,0.676190476190476,0.7333333333333333,0.7333333333333333,rules,14,8,8,1,new
Subject969,30,0.20444444444444443,0.3333333333333333,0.3333333333333333,rules,14,8,8,1,new
Subject376,60,0.6225589225589228,0.7,0.7,logreg,14,16,4,4,new
Subject516,30,0.7936507936507936,0.8333333333333334,0.8333333333333334,logreg,14,16,4,4,new
Subject571,30,0.682962962962963,0.7333333333333333,0.7333333333333333,logreg,14,16,4,4,new
Subject731,30,0.7140740740740742,0.7666666666666667,0.7666666666666667,logreg,14,16,4,4,new
Subject890,30,0.6288888888888889,0.7,0.7,logreg,14,16,4,4,new
Subject969,30,0.5777777777777777,0.6666666666666666,0.6666666666666666,logreg,14,16,4,4,new
Subject376,60,0.3386243386243386,0.4,0.4,rules,14,16,4,4,new
Subject516,30,0.6158730158730158,0.6666666666666666,0.6666666666666666,rules,14,16,4,4,new
Subject571,30,0.5914285714285714,0.6666666666666666,0.6666666666666666,rules,14,16,4,4,new
Subject731,30,0.6066666666666668,0.6333333333333333,0.6333333333333333,rules,14,16,4,4,new
Subject890,30,0.5822222222222223,0.6333333333333333,0.6333333333333333,rules,14,16,4,4,new
Subject969,30,0.15925925925925927,0.26666666666666666,0.26666666666666666,rules,14,16,4,4,new
Subject376,60,0.6762962962962963,0.7166666666666667,0.7166666666666667,logreg,14,16,8,2,new
Subject516,30,0.7822222222222222,0.8333333333333334,0.8333333333333334,logreg,14,16,8,2,new
Subject571,30,0.758095238095238,0.8,0.8,logreg,14,16,8,2,new
Subject731,30,0.8755555555555555,0.9,0.9,logreg,14,16,8,2,new
Subject890,30,0.7977777777777778,0.8333333333333334,0.8333333333333334,logreg,14,16,8,2,new
Subject969,30,0.7177777777777777,0.7666666666666667,0.7666666666666667,logreg,14,16,8,2,new
Subject376,60,0.3802930402930403,0.4166666666666667,0.4166666666666667,rules,14,16,8,2,new
Subject516,30,0.5222222222222223,0.5333333333333333,0.5333333333333333,rules,14,16,8,2,new
Subject571,30,0.6755555555555556,0.7,0.7,rules,14,16,8,2,new
Subject731,30,0.6177777777777778,0.6666666666666666,0.6666666666666666,rules,14,16,8,2,new
Subject890,30,0.6606349206349207,0.7,0.7,rules,14,16,8,2,new
Subject969,30,0.14333333333333334,0.23333333333333334,0.23333333333333334,rules,14,16,8,2,new
Subject376,60,0.7808465608465609,0.8166666666666667,0.8166666666666667,logreg,14,16,16,1,new
Subject516,30,0.9111111111111111,0.9333333333333333,0.9333333333333333,logreg,14,16,16,1,new
Subject571,30,0.7666666666666665,0.8,0.8,logreg,14,16,16,1,new
Subject731,30,0.8044444444444444,0.8333333333333334,0.8333333333333334,logreg,14,16,16,1,new
Subject890,30,0.7301587301587301,0.7666666666666667,0.7666666666666667,logreg,14,16,16,1,new
Subject969,30,0.7407407407407407,0.7666666666666667,0.7666666666666667,logreg,14,16,16,1,new
Subject376,60,0.4684656084656084,0.4666666666666667,0.4666666666666667,rules,14,16,16,1,new
Subject516,30,0.36952380952380953,0.43333333333333335,0.43333333333333335,rules,14,16,16,1,new
Subject571,30,0.5892063492063494,0.6333333333333333,0.6333333333333333,rules,14,16,16,1,new
Subject731,30,0.4279365079365079,0.4666666666666667,0.4666666666666667,rules,14,16,16,1,new
Subject890,30,0.6025396825396825,0.6666666666666666,0.6666666666666666,rules,14,16,16,1,new
Subject969,30,0.19777777777777775,0.3333333333333333,0.3333333333333333,rules,14,16,16,1,new
Subject226,30,0.6333333333333333,0.7,0.7,logreg,15,4,1,4,new
Subject353,60,0.6903703703703705,0.7166666666666667,0.7166666666666667,logreg,15,4,1,4,new
Subject455,60,0.5873208273208274,0.6333333333333333,0.6333333333333333,logreg,15,4,1,4,new
Subject516,30,0.7555555555555556,0.8,0.8,logreg,15,4,1,4,new
Subject580,90,0.48860598465861627,0.5555555555555555,0.5555555555555556,logreg,15,4,1,4,new
Subject969,30,0.5377777777777778,0.6,0.6,logreg,15,4,1,4,new
Subject226,30,0.4088888888888889,0.4666666666666667,0.4666666666666667,rules,15,4,1,4,new
Subject353,60,0.4418337218337218,0.5166666666666667,0.5166666666666667,rules,15,4,1,4,new
Subject455,60,0.4929292929292929,0.5333333333333333,0.5333333333333333,rules,15,4,1,4,new
Subject516,30,0.34285714285714286,0.4,0.4,rules,15,4,1,4,new
Subject580,90,0.535914455914456,0.5555555555555556,0.5555555555555556,rules,15,4,1,4,new
Subject969,30,0.2148148148148148,0.26666666666666666,0.26666666666666666,rules,15,4,1,4,new
Subject226,30,0.8377777777777777,0.8666666666666667,0.8666666666666667,logreg,15,4,2,2,new
Subject353,60,0.7815873015873016,0.8,0.8,logreg,15,4,2,2,new
Subject455,60,0.7713708513708515,0.7833333333333333,0.7833333333333333,logreg,15,4,2,2,new
Subject516,30,0.8066666666666666,0.8333333333333334,0.8333333333333334,logreg,15,4,2,2,new
Subject580,90,0.6985874256462492,0.7444444444444444,0.7444444444444445,logreg,15,4,2,2,new
Subject969,30,0.6074074074074074,0.6666666666666666,0.6666666666666666,logreg,15,4,2,2,new
Subject226,30,0.38888888888888895,0.4666666666666667,0.4666666666666667,rules,15,4,2,2,new
Subject353,60,0.4694179894179895,0.55,0.55,rules,15,4,2,2,new
Subject455,60,0.5413997113997114,0.55,0.55,rules,15,4,2,2,new
Subject516,30,0.5247619047619048,0.6,0.6,rules,15,4,2,2,new
Subject580,90,0.5227371430312607,0.5444444444444444,0.5444444444444444,rules,15,4,2,2,new
Subject969,30,0.16476190476190475,0.26666666666666666,0.26666666666666666,rules,15,4,2,2,new
Subject226,30,0.8088888888888889,0.8333333333333334,0.8333333333333334,logreg,15,4,4,1,new
Subject353,60,0.8074266474266474,0.8333333333333334,0.8333333333333334,logreg,15,4,4,1,new
Subject455,60,0.8655555555555555,0.8666666666666667,0.8666666666666667,logreg,15,4,4,1,new
Subject516,30,0.8088888888888889,0.8333333333333334,0.8333333333333334,logreg,15,4,4,1,new
Subject580,90,0.8016058016058017,0.8111111111111111,0.8111111111111111,logreg,15,4,4,1,new
Subject969,30,0.6466666666666667,0.7,0.7,logreg,15,4,4,1,new
Subject226,30,0.4336507936507937,0.5,0.5,rules,15,4,4,1,new
Subject353,60,0.4664387464387465,0.5166666666666667,0.5166666666666667,rules,15,4,4,1,new
Subject455,60,0.47343915343915344,0.5333333333333333,0.5333333333333333,rules,15,4,4,1,new
Subject516,30,0.4977777777777777,0.5,0.5,rules,15,4,4,1,new
Subject580,90,0.4974181374181374,0.5222222222222223,0.5222222222222223,rules,15,4,4,1,new
Subject969,30,0.16,0.26666666666666666,0.26666666666666666,rules,15,4,4,1,new
Subject226,30,0.8222222222222222,0.8666666666666667,0.8666666666666667,logreg,15,8,2,4,new
Subject353,60,0.6857142857142856,0.7333333333333333,0.7333333333333333,logreg,15,8,2,4,new
Subject455,60,0.7203655603655604,0.75,0.75,logreg,15,8,2,4,new
Subject516,30,0.8066666666666666,0.8333333333333334,0.8333333333333334,logreg,15,8,2,4,new
Subject580,90,0.7436463536463537,0.7777777777777778,0.7777777777777778,logreg,15,8,2,4,new
Subject969,30,0.5318518518518519,0.6,0.6,logreg,15,8,2,4,new
Subject226,30,0.46,0.5333333333333333,0.5333333333333333,rules,15,8,2,4,new
Subject353,60,0.59003367003367,0.6666666666666666,0.6666666666666666,rules,15,8,2,4,new
Subject455,60,0.6296392496392496,0.65,0.65,rules,15,8,2,4,new
Subject516,30,0.52,0.6,0.6,rules,15,8,2,4,new
Subject580,90,0.5795840760546642,0.5999999999999999,0.6,rules,15,8,2,4,new
Subject969,30,0.17407407407407405,0.23333333333333334,0.23333333333333334,rules,15,8,2,4,new
Subject226,30,0.84,0.8666666666666667,0.8666666666666667,logreg,15,8,4,2,new
Subject353,60,0.7607407407407407,0.8,0.8,logreg,15,8,4,2,new
Subject455,60,0.9185714285714286,0.9166666666666666,0.9166666666666666,logreg,15,8,4,2,new
Subject516,30,0.8380952380952381,0.8666666666666667,0.8666666666666667,logreg,15,8,4,2,new
Subject580,90,0.8641336441336441,0.8666666666666667,0.8666666666666667,logreg,15,8,4,2,new
Subject969,30,0.6203174603174603,0.7,0.7,logreg,15,8,4,2,new
Subject226,30,0.508888888888889,0.5666666666666667,0.5666666666666667,rules,15,8,4,2,new
Subject353,60,0.5182905982905983,0.5666666666666667,0.5666666666666667,rules,15,8,4,2,new
Subject455,60,0.6247485847485847,0.6666666666666666,0.6666666666666666,rules,15,8,4,2,new
Subject516,30,0.5311111111111111,0.5333333333333333,0.5333333333333333,rules,15,8,4,2,new
Subject580,90,0.5470562770562772,0.5666666666666667,0.5666666666666667,rules,15,8,4,2,new
Subject969,30,0.1562962962962963,0.26666666666666666,0.26666666666666666,rules,15,8,4,2,new
Subject226,30,0.7580952380952382,0.8,0.8,logreg,15,8,8,1,new
Subject353,60,0.7828438228438228,0.8166666666666667,0.8166666666666667,logreg,15,8,8,1,new
Subject455,60,0.8141991341991341,0.8333333333333334,0.8333333333333334,logreg,15,8,8,1,new
Subject516,30,0.8469841269841268,0.8666666666666667,0.8666666666666667,logreg,15,8,8,1,new
Subject580,90,0.743460199930788,0.7666666666666665,0.7666666666666667,logreg,15,8,8,1,new
Subject969,30,0.5688888888888889,0.6333333333333333,0.6333333333333333,logreg,15,8,8,1,new
Subject226,30,0.6311111111111111,0.6666666666666666,0.6666666666666666,rules,15,8,8,1,new
Subject353,60,0.43393939393939396,0.5,0.5,rules,15,8,8,1,new
Subject455,60,0.654155844155844,0.6833333333333333,0.6833333333333333,rules,15,8,8,1,new
Subject516,30,0.7333333333333333,0.7666666666666667,0.7666666666666667,rules,15,8,8,1,new
Subject580,90,0.5430405754089965,0.5666666666666667,0.5666666666666667,rules,15,8,8,1,new
Subject969,30,0.20074074074074075,0.3,0.3,rules,15,8,8,1,new
Subject226,30,0.8422222222222222,0.8666666666666667,0.8666666666666667,logreg,15,16,4,4,new
Subject353,60,0.7596773596773597,0.8,0.8,logreg,15,16,4,4,new
Subject455,60,0.8789562289562289,0.8833333333333333,0.8833333333333333,logreg,15,16,4,4,new
Subject516,30,0.8136507936507936,0.8333333333333334,0.8333333333333334,logreg,15,16,4,4,new
Subject580,90,0.8502847479318068,0.8444444444444444,0.8444444444444444,logreg,15,16,4,4,new
Subject969,30,0.6469841269841271,0.7,0.7,logreg,15,16,4,4,new
Subject226,30,0.5755555555555555,0.6333333333333333,0.6333333333333333,rules,15,16,4,4,new
Subject353,60,0.4763107263107263,0.5333333333333333,0.5333333333333333,rules,15,16,4,4,new
Subject455,60,0.7167388167388168,0.75,0.75,rules,15,16,4,4,new
Subject516,30,0.5511111111111112,0.6,0.6,rules,15,16,4,4,new
Subject580,90,0.5523176823176823,0.5666666666666667,0.5666666666666667,rules,15,16,4,4,new
Subject969,30,0.1562962962962963,0.26666666666666666,0.26666666666666666,rules,15,16,4,4,new
Subject226,30,0.7936507936507937,0.8333333333333334,0.8333333333333334,logreg,15,16,8,2,new
Subject353,60,0.7837037037037038,0.8166666666666667,0.8166666666666667,logreg,15,16,8,2,new
Subject455,60,0.8734006734006734,0.8833333333333333,0.8833333333333333,logreg,15,16,8,2,new
Subject516,30,0.8977777777777777,0.9,0.9,logreg,15,16,8,2,new
Subject580,90,0.841165501165501,0.8444444444444443,0.8444444444444444,logreg,15,16,8,2,new
Subject969,30,0.6074074074074074,0.6666666666666666,0.6666666666666666,logreg,15,16,8,2,new
Subject226,30,0.6034920634920635,0.6333333333333333,0.6333333333333333,rules,15,16,8,2,new
Subject353,60,0.5185185185185185,0.5833333333333334,0.5833333333333334,rules,15,16,8,2,new
Subject455,60,0.7278306878306878,0.7666666666666667,0.7666666666666667,rules,15,16,8,2,new
Subject516,30,0.7244444444444444,0.7333333333333333,0.7333333333333333,rules,15,16,8,2,new
Subject580,90,0.571052096052096,0.5888888888888889,0.5888888888888889,rules,15,16,8,2,new
Subject969,30,0.1562962962962963,0.26666666666666666,0.26666666666666666,rules,15,16,8,2,new
Subject226,30,0.6603174603174602,0.7333333333333333,0.7333333333333333,logreg,15,16,16,1,new
Subject353,60,0.7862626262626262,0.8166666666666667,0.8166666666666667,logreg,15,16,16,1,new
Subject455,60,0.8577777777777779,0.8833333333333333,0.8833333333333333,logreg,15,16,16,1,new
Subject516,30,0.8955555555555555,0.9,0.9,logreg,15,16,16,1,new
Subject580,90,0.8179020979020979,0.8222222222222223,0.8222222222222222,logreg,15,16,16,1,new
Subject969,30,0.7266666666666667,0.7666666666666667,0.7666666666666667,logreg,15,16,16,1,new
Subject226,30,0.6888888888888889,0.7333333333333333,0.7333333333333333,rules,15,16,16,1,new
Subject353,60,0.42,0.5,0.5,rules,15,16,16,1,new
Subject455,60,0.7551141451141452,0.7833333333333333,0.7833333333333333,rules,15,16,16,1,new
Subject516,30,0.6466666666666666,0.6666666666666666,0.6666666666666666,rules,15,16,16,1,new
Subject580,90,0.5149223325693913,0.5333333333333334,0.5333333333333333,rules,15,16,16,1,new
Subject969,30,0.20253968253968252,0.3,0.3,rules,15,16,16,1,new
Subject139,60,0.5435508935508936,0.6333333333333333,0.6333333333333333,logreg,16,4,1,4,new
Subject226,30,0.688888888888889,0.7333333333333333,0.7333333333333333,logreg,16,4,1,4,new
Subject424,60,0.6297354497354497,0.6833333333333333,0.6833333333333333,logreg,16,4,1,4,new
Subject729,60,0.7341991341991342,0.7833333333333333,0.7833333333333333,logreg,16,4,1,4,new
Subject731,30,0.5536507936507936,0.6333333333333333,0.6333333333333333,logreg,16,4,1,4,new
Subject867,60,0.6408332408332408,0.7,0.7,logreg,16,4,1,4,new
Subject139,60,0.6113227513227513,0.6166666666666667,0.6166666666666667,rules,16,4,1,4,new
Subject226,30,0.3333333333333333,0.4,0.4,rules,16,4,1,4,new
Subject424,60,0.16946778711484592,0.23333333333333334,0.23333333333333334,rules,16,4,1,4,new
Subject729,60,0.4634175084175084,0.5,0.5,rules,16,4,1,4,new
Subject731,30,0.37555555555555553,0.43333333333333335,0.43333333333333335,rules,16,4,1,4,new
Subject867,60,0.3158404558404558,0.38333333333333336,0.38333333333333336,rules,16,4,1,4,new
Subject139,60,0.5659211159211158,0.65,0.65,logreg,16,4,2,2,new
Subject226,30,0.8400000000000001,0.8666666666666667,0.8666666666666667,logreg,16,4,2,2,new
Subject424,60,0.6583801383801384,0.7166666666666667,0.7166666666666667,logreg,16,4,2,2,new
Subject729,60,0.6074603174603176,0.6333333333333333,0.6333333333333333,logreg,16,4,2,2,new
Subject731,30,0.5399999999999999,0.6,0.6,logreg,16,4,2,2,new
Subject867,60,0.49795685795685796,0.5666666666666667,0.5666666666666667,logreg,16,4,2,2,new
Subject139,60,0.42038961038961037,0.43333333333333335,0.43333333333333335,rules,16,4,2,2,new
Subject226,30,0.49777777777777776,0.5333333333333333,0.5333333333333333,rules,16,4,2,2,new
Subject424,60,0.30663299663299665,0.3,0.3,rules,16,4,2,2,new
Subject729,60,0.4155266955266956,0.48333333333333334,0.48333333333333334,rules,16,4,2,2,new
Subject731,30,0.3736507936507936,0.43333333333333335,0.43333333333333335,rules,16,4,2,2,new
Subject867,60,0.5845695045695045,0.6333333333333333,0.6333333333333333,rules,16,4,2,2,new
Subject139,60,0.8488888888888888,0.8666666666666667,0.8666666666666667,logreg,16,4,4,1,new
Subject226,30,0.7666666666666665,0.8,0.8,logreg,16,4,4,1,new
Subject424,60,0.7204425204425203,0.75,0.75,logreg,16,4,4,1,new
Subject729,60,0.7667724867724868,0.8,0.8,logreg,16,4,4,1,new
Subject731,30,0.46444444444444444,0.5333333333333333,0.5333333333333333,logreg,16,4,4,1,new
Subject867,60,0.6584511784511785,0.7,0.7,logreg,16,4,4,1,new
Subject139,60,0.4324627224627225,0.45,0.45,rules,16,4,4,1,new
Subject226,30,0.5644444444444444,0.5666666666666667,0.5666666666666667,rules,16,4,4,1,new
Subject424,60,0.3290792867263456,0.4,0.4,rules,16,4,4,1,new
Subject729,60,0.4254545454545454,0.4666666666666667,0.4666666666666667,rules,16,4,4,1,new
Subject731,30,0.4625396825396825,0.5,0.5,rules,16,4,4,1,new
Subject867,60,0.6503570503570504,0.6833333333333333,0.6833333333333333,rules,16,4,4,1,new
Subject139,60,0.6084138084138083,0.6833333333333333,0.6833333333333333,logreg,16,8,2,4,new
Subject226,30,0.7088888888888889,0.7333333333333333,0.7333333333333333,logreg,16,8,2,4,new
Subject424,60,0.701202501202501,0.7333333333333333,0.7333333333333333,logreg,16,8,2,4,new
Subject729,60,0.6477581677581679,0.6666666666666666,0.6666666666666666,logreg,16,8,2,4,new
Subject731,30,0.49142857142857144,0.6,0.6,logreg,16,8,2,4,new
Subject867,60,0.466504824151883,0.5333333333333333,0.5333333333333333,logreg,16,8,2,4,new
Subject139,60,0.5977777777777779,0.6166666666666667,0.6166666666666667,rules,16,8,2,4,new
Subject226,30,0.46222222222222226,0.5,0.5,rules,16,8,2,4,new
Subject424,60,0.27164983164983164,0.2833333333333333,0.2833333333333333,rules,16,8,2,4,new
Subject729,60,0.35612200435729846,0.4166666666666667,0.4166666666666667,rules,16,8,2,4,new
Subject731,30,0.33142857142857135,0.4,0.4,rules,16,8,2,4,new
Subject867,60,0.5696825396825396,0.5833333333333334,0.5833333333333334,rules,16,8,2,4,new
Subject139,60,0.7947474747474746,0.8333333333333334,0.8333333333333334,logreg,16,8,4,2,new
Subject226,30,0.8755555555555555,0.9,0.9,logreg,16,8,4,2,new
Subject424,60,0.8111111111111111,0.8333333333333334,0.8333333333333334,logreg,16,8,4,2,new
Subject729,60,0.907955747955748,0.9166666666666666,0.9166666666666666,logreg,16,8,4,2,new
Subject731,30,0.5577777777777778,0.6333333333333333,0.6333333333333333,logreg,16,8,4,2,new
Subject867,60,0.7623280423280423,0.8,0.8,logreg,16,8,4,2,new
Subject139,60,0.436984126984127,0.45,0.45,rules,16,8,4,2,new
Subject226,30,0.5,0.5333333333333333,0.5333333333333333,rules,16,8,4,2,new
Subject424,60,0.2833333333333333,0.31666666666666665,0.31666666666666665,rules,16,8,4,2,new
Subject729,60,0.4296632996632996,0.5,0.5,rules,16,8,4,2,new
Subject731,30,0.3692063492063492,0.43333333333333335,0.43333333333333335,rules,16,8,4,2,new
Subject867,60,0.6215414215414214,0.6666666666666666,0.6666666666666666,rules,16,8,4,2,new
Subject139,60,0.9830687830687831,0.9833333333333333,0.9833333333333333,logreg,16,8,8,1,new
Subject226,30,0.7288888888888888,0.8,0.8,logreg,16,8,8,1,new
Subject424,60,0.8685388685388685,0.8833333333333333,0.8833333333333333,logreg,16,8,8,1,new
Subject729,60,0.9248869648869648,0.9333333333333333,0.9333333333333333,logreg,16,8,8,1,new
Subject731,30,0.5777777777777777,0.6,0.6,logreg,16,8,8,1,new
Subject867,60,0.754920634920635,0.8,0.8,logreg,16,8,8,1,new
Subject139,60,0.5560413660413661,0.5666666666666667,0.5666666666666667,rules,16,8,8,1,new
Subject226,30,0.5718518518518518,0.6,0.6,rules,16,8,8,1,new
Subject424,60,0.3887445887445887,0.45,0.45,rules,16,8,8,1,new
Subject729,60,0.529013949013949,0.5833333333333334,0.5833333333333334,rules,16,8,8,1,new
Subject731,30,0.5314285714285715,0.5666666666666667,0.5666666666666667,rules,16,8,8,1,new
Subject867,60,0.5984319384319384,0.6166666666666667,0.6166666666666667,rules,16,8,8,1,new
Subject139,60,0.9299663299663299,0.9333333333333333,0.9333333333333333,logreg,16,16,4,4,new
Subject226,30,0.7777777777777778,0.8333333333333334,0.8333333333333334,logreg,16,16,4,4,new
Subject424,60,0.84,0.8666666666666667,0.8666666666666667,logreg,16,16,4,4,new
Subject729,60,0.875998075998076,0.8833333333333333,0.8833333333333333,logreg,16,16,4,4,new
Subject731,30,0.6222222222222221,0.7,0.7,logreg,16,16,4,4,new
Subject867,60,0.6973737373737374,0.75,0.75,logreg,16,16,4,4,new
Subject139,60,0.4855026455026455,0.5166666666666667,0.5166666666666667,rules,16,16,4,4,new
Subject226,30,0.5333333333333333,0.5666666666666667,0.5666666666666667,rules,16,16,4,4,new
Subject424,60,0.35444444444444445,0.36666666666666664,0.36666666666666664,rules,16,16,4,4,new
Subject729,60,0.45670033670033666,0.5166666666666667,0.5166666666666667,rules,16,16,4,4,new
Subject731,30,0.3780952380952381,0.43333333333333335,0.43333333333333335,rules,16,16,4,4,new
Subject867,60,0.5834583934583935,0.6166666666666667,0.6166666666666667,rules,16,16,4,4,new
Subject139,60,0.9392592592592592,0.95,0.95,logreg,16,16,8,2,new
Subject226,30,0.7311111111111113,0.7666666666666667,0.7666666666666667,logreg,16,16,8,2,new
Subject424,60,0.8744973544973546,0.8833333333333333,0.8833333333333333,logreg,16,16,8,2,new
Subject729,60,0.906878306878307,0.9166666666666666,0.9166666666666666,logreg,16,16,8,2,new
Subject731,30,0.6666666666666666,0.7,0.7,logreg,16,16,8,2,new
Subject867,60,0.8529292929292929,0.8833333333333333,0.8833333333333333,logreg,16,16,8,2,new
Subject139,60,0.4897191697191697,0.5,0.5,rules,16,16,8,2,new
Subject226,30,0.5718518518518518,0.6,0.6,rules,16,16,8,2,new
Subject424,60,0.268758391367087,0.36666666666666664,0.36666666666666664,rules,16,16,8,2,new
Subject729,60,0.4356384356384357,0.5166666666666667,0.5166666666666667,rules,16,16,8,2,new
Subject731,30,0.4825396825396826,0.5333333333333333,0.5333333333333333,rules,16,16,8,2,new
Subject867,60,0.5262433862433863,0.55,0.55,rules,16,16,8,2,new
Subject139,60,0.9661375661375662,0.9666666666666667,0.9666666666666667,logreg,16,16,16,1,new
Subject226,30,0.7888888888888889,0.8333333333333334,0.8333333333333334,logreg,16,16,16,1,new
Subject424,60,0.8266666666666665,0.85,0.85,logreg,16,16,16,1,new
Subject729,60,0.9644444444444444,0.9666666666666667,0.9666666666666667,logreg,16,16,16,1,new
Subject731,30,0.758095238095238,0.8,0.8,logreg,16,16,16,1,new
Subject867,60,0.9096296296296296,0.9166666666666666,0.9166666666666666,logreg,16,16,16,1,new
Subject139,60,0.5641462241462242,0.5833333333333334,0.5833333333333334,rules,16,16,16,1,new
Subject226,30,0.6422222222222221,0.6666666666666666,0.6666666666666666,rules,16,16,16,1,new
Subject424,60,0.47040515040515035,0.55,0.55,rules,16,16,16,1,new
Subject729,60,0.575003515003515,0.5833333333333334,0.5833333333333334,rules,16,16,16,1,new
Subject731,30,0.4371428571428571,0.5,0.5,rules,16,16,16,1,new
Subject867,60,0.5032944832944833,0.5333333333333333,0.5333333333333333,rules,16,16,16,1,new
Subject147,31,0.5111111111111112,0.6,0.6129032258064516,logreg,17,4,1,4,new
Subject352,30,0.3977777777777778,0.43333333333333335,0.43333333333333335,logreg,17,4,1,4,new
Subject376,60,0.6376190476190475,0.6833333333333333,0.6833333333333333,logreg,17,4,1,4,new
Subject494,60,0.542876382876383,0.6,0.6,logreg,17,4,1,4,new
Subject741,60,0.6588857765328353,0.7,0.7,logreg,17,4,1,4,new
Subject819,60,0.3513725490196078,0.43333333333333335,0.43333333333333335,logreg,17,4,1,4,new
Subject147,31,0.4203174603174603,0.5,0.5161290322580645,rules,17,4,1,4,new
Subject352,30,0.24074074074074076,0.3,0.3,rules,17,4,1,4,new
Subject376,60,0.38448070448070454,0.45,0.45,rules,17,4,1,4,new
Subject494,60,0.32344877344877343,0.38333333333333336,0.38333333333333336,rules,17,4,1,4,new
Subject741,60,0.3425907425907425,0.4166666666666667,0.4166666666666667,rules,17,4,1,4,new
Subject819,60,0.2996536796536796,0.38333333333333336,0.38333333333333336,rules,17,4,1,4,new
Subject147,31,0.6355555555555555,0.7,0.7096774193548387,logreg,17,4,2,2,new
Subject352,30,0.631111111111111,0.6666666666666666,0.6666666666666666,logreg,17,4,2,2,new
Subject376,60,0.7167388167388168,0.7666666666666667,0.7666666666666667,logreg,17,4,2,2,new
Subject494,60,0.6469841269841271,0.65,0.65,logreg,17,4,2,2,new
Subject741,60,0.7961771561771562,0.8333333333333334,0.8333333333333334,logreg,17,4,2,2,new
Subject819,60,0.5146956746956748,0.6,0.6,logreg,17,4,2,2,new
Subject147,31,0.37650793650793646,0.4666666666666667,0.4838709677419355,rules,17,4,2,2,new
Subject352,30,0.24698412698412697,0.3,0.3,rules,17,4,2,2,new
Subject376,60,0.36026936026936024,0.4166666666666667,0.4166666666666667,rules,17,4,2,2,new
Subject494,60,0.3022222222222222,0.36666666666666664,0.36666666666666664,rules,17,4,2,2,new
Subject741,60,0.44809523809523805,0.5166666666666667,0.5166666666666667,rules,17,4,2,2,new
Subject819,60,0.3743915343915344,0.48333333333333334,0.48333333333333334,rules,17,4,2,2,new
Subject147,31,0.8488888888888888,0.8777777777777778,0.8709677419354839,logreg,17,4,4,1,new
Subject352,30,0.9111111111111111,0.9333333333333333,0.9333333333333333,logreg,17,4,4,1,new
Subject376,60,0.7022222222222222,0.7333333333333333,0.7333333333333333,logreg,17,4,4,1,new
Subject494,60,0.5793169793169793,0.6166666666666667,0.6166666666666667,logreg,17,4,4,1,new
Subject741,60,0.7343915343915344,0.8,0.8,logreg,17,4,4,1,new
Subject819,60,0.8169696969696969,0.8666666666666667,0.8666666666666667,logreg,17,4,4,1,new
Subject147,31,0.47555555555555556,0.5666666666666667,0.5806451612903226,rules,17,4,4,1,new
Subject352,30,0.4012698412698413,0.4666666666666667,0.4666666666666667,rules,17,4,4,1,new
Subject376,60,0.4715921115921116,0.5166666666666667,0.5166666666666667,rules,17,4,4,1,new
Subject494,60,0.40634609399315286,0.45,0.45,rules,17,4,4,1,new
Subject741,60,0.44637410519763454,0.5166666666666667,0.5166666666666667,rules,17,4,4,1,new
Subject819,60,0.40594035594035593,0.48333333333333334,0.48333333333333334,rules,17,4,4,1,new
Subject147,31,0.6155555555555555,0.6666666666666666,0.6774193548387096,logreg,17,8,2,4,new
Subject352,30,0.6666666666666665,0.7,0.7,logreg,17,8,2,4,new
Subject376,60,0.7267195767195767,0.75,0.75,logreg,17,8,2,4,new
Subject494,60,0.5589528989528989,0.6,0.6,logreg,17,8,2,4,new
Subject741,60,0.7437037037037036,0.7666666666666667,0.7666666666666667,logreg,17,8,2,4,new
Subject819,60,0.4121885521885522,0.5333333333333333,0.5333333333333333,logreg,17,8,2,4,new
Subject147,31,0.41841269841269846,0.5333333333333333,0.5483870967741935,rules,17,8,2,4,new
Subject352,30,0.23015873015873015,0.26666666666666666,0.26666666666666666,rules,17,8,2,4,new
Subject376,60,0.405010175010175,0.45,0.45,rules,17,8,2,4,new
Subject494,60,0.3824703401173989,0.43333333333333335,0.43333333333333335,rules,17,8,2,4,new
Subject741,60,0.42634920634920637,0.5,0.5,rules,17,8,2,4,new
Subject819,60,0.4122751322751323,0.5166666666666667,0.5166666666666667,rules,17,8,2,4,new
Subject147,31,0.8177777777777778,0.8444444444444444,0.8387096774193549,logreg,17,8,4,2,new
Subject352,30,0.9111111111111111,0.9333333333333333,0.9333333333333333,logreg,17,8,4,2,new
Subject376,60,0.7014814814814815,0.75,0.75,logreg,17,8,4,2,new
Subject494,60,0.7291503267973857,0.7833333333333333,0.7833333333333333,logreg,17,8,4,2,new
Subject741,60,0.77997557997558,0.8166666666666667,0.8166666666666667,logreg,17,8,4,2,new
Subject819,60,0.8222222222222222,0.8666666666666667,0.8666666666666667,logreg,17,8,4,2,new
Subject147,31,0.38666666666666666,0.5,0.5161290322580645,rules,17,8,4,2,new
Subject352,30,0.34444444444444444,0.4,0.4,rules,17,8,4,2,new
Subject376,60,0.4417663817663818,0.5,0.5,rules,17,8,4,2,new
Subject494,60,0.33830065359477124,0.4,0.4,rules,17,8,4,2,new
Subject741,60,0.37989417989417984,0.48333333333333334,0.48333333333333334,rules,17,8,4,2,new
Subject819,60,0.4245117845117845,0.5166666666666667,0.5166666666666667,rules,17,8,4,2,new
Subject147,31,0.8800000000000001,0.9,0.9032258064516129,logreg,17,8,8,1,new
Subject352,30,0.9111111111111111,0.9333333333333333,0.9333333333333333,logreg,17,8,8,1,new
Subject376,60,0.7882539682539682,0.8166666666666667,0.8166666666666667,logreg,17,8,8,1,new
Subject494,60,0.5858891435362025,0.6666666666666666,0.6666666666666666,logreg,17,8,8,1,new
Subject741,60,0.7751515151515153,0.8166666666666667,0.8166666666666667,logreg,17,8,8,1,new
Subject819,60,0.8222222222222222,0.8666666666666667,0.8666666666666667,logreg,17,8,8,1,new
Subject147,31,0.3628571428571428,0.4666666666666667,0.4838709677419355,rules,17,8,8,1,new
Subject352,30,0.4755555555555555,0.5,0.5,rules,17,8,8,1,new
Subject376,60,0.4330127606598195,0.4666666666666667,0.4666666666666667,rules,17,8,8,1,new
Subject494,60,0.4450762527233116,0.5,0.5,rules,17,8,8,1,new
Subject741,60,0.48013227513227513,0.55,0.55,rules,17,8,8,1,new
Subject819,60,0.3802837902837903,0.45,0.45,rules,17,8,8,1,new
Subject147,31,0.8955555555555555,0.9,0.9032258064516129,logreg,17,16,4,4,new
Subject352,30,0.8444444444444444,0.8666666666666667,0.8666666666666667,logreg,17,16,4,4,new
Subject376,60,0.7553642653642654,0.7666666666666667,0.7666666666666667,logreg,17,16,4,4,new
Subject494,60,0.6548148148148148,0.7,0.7,logreg,17,16,4,4,new
Subject741,60,0.8116161616161616,0.8333333333333334,0.8333333333333334,logreg,17,16,4,4,new
Subject819,60,0.8222222222222222,0.8666666666666667,0.8666666666666667,logreg,17,16,4,4,new
Subject147,31,0.446984126984127,0.5333333333333333,0.5483870967741935,rules,17,16,4,4,new
Subject352,30,0.33555555555555555,0.4,0.4,rules,17,16,4,4,new
Subject376,60,0.44110799875505763,0.4666666666666667,0.4666666666666667,rules,17,16,4,4,new
Subject494,60,0.37493365022776787,0.45,0.45,rules,17,16,4,4,new
Subject741,60,0.3603703703703704,0.45,0.45,rules,17,16,4,4,new
Subject819,60,0.3655218855218855,0.43333333333333335,0.43333333333333335,rules,17,16,4,4,new
Subject147,31,0.9311111111111111,0.9333333333333333,0.9354838709677419,logreg,17,16,8,2,new
Subject352,30,0.8755555555555555,0.9,0.9,logreg,17,16,8,2,new
Subject376,60,0.7519576719576719,0.7666666666666667,0.7666666666666667,logreg,17,16,8,2,new
Subject494,60,0.7174716351186939,0.7666666666666667,0.7666666666666667,logreg,17,16,8,2,new
Subject741,60,0.8393650793650793,0.8666666666666667,0.8666666666666667,logreg,17,16,8,2,new
Subject819,60,0.8222222222222222,0.8666666666666667,0.8666666666666667,logreg,17,16,8,2,new
Subject147,31,0.42000000000000004,0.4666666666666667,0.4838709677419355,rules,17,16,8,2,new
Subject352,30,0.4692063492063492,0.5,0.5,rules,17,16,8,2,new
Subject376,60,0.3934391534391534,0.45,0.45,rules,17,16,8,2,new
Subject494,60,0.4458699035169623,0.48333333333333334,0.48333333333333334,rules,17,16,8,2,new
Subject741,60,0.40969178969178977,0.48333333333333334,0.48333333333333334,rules,17,16,8,2,new
Subject819,60,0.49876863876863886,0.5833333333333334,0.5833333333333334,rules,17,16,8,2,new
Subject147,31,0.8800000000000001,0.9,0.9032258064516129,logreg,17,16,16,1,new
Subject352,30,0.9111111111111111,0.9333333333333333,0.9333333333333333,logreg,17,16,16,1,new
Subject376,60,0.838941798941799,0.85,0.85,logreg,17,16,16,1,new
Subject494,60,0.6647811447811448,0.7166666666666667,0.7166666666666667,logreg,17,16,16,1,new
Subject741,60,0.8442520442520443,0.8666666666666667,0.8666666666666667,logreg,17,16,16,1,new
Subject819,60,0.849100529100529,0.8666666666666667,0.8666666666666667,logreg,17,16,16,1,new
Subject147,31,0.4580952380952381,0.5333333333333333,0.5483870967741935,rules,17,16,16,1,new
Subject352,30,0.38666666666666666,0.4,0.4,rules,17,16,16,1,new
Subject376,60,0.4266945140629351,0.4666666666666667,0.4666666666666667,rules,17,16,16,1,new
Subject494,60,0.3876688453159041,0.45,0.45,rules,17,16,16,1,new
Subject741,60,0.486955266955267,0.5333333333333333,0.5333333333333333,rules,17,16,16,1,new
Subject819,60,0.3709042809042809,0.43333333333333335,0.43333333333333335,rules,17,16,16,1,new
Subject139,60,0.7735449735449735,0.8166666666666667,0.8166666666666667,logreg,18,4,1,4,new
Subject226,30,0.5079365079365079,0.5666666666666667,0.5666666666666667,logreg,18,4,1,4,new
Subject455,60,0.5453968253968253,0.5666666666666667,0.5666666666666667,logreg,18,4,1,4,new
Subject867,60,0.6938816738816739,0.7333333333333333,0.7333333333333333,logreg,18,4,1,4,new
Subject890,30,0.43777777777777777,0.5,0.5,logreg,18,4,1,4,new
Subject969,30,0.49841269841269836,0.5666666666666667,0.5666666666666667,logreg,18,4,1,4,new
Subject139,60,0.5702212602212602,0.6,0.6,rules,18,4,1,4,new
Subject226,30,0.3488888888888889,0.4666666666666667,0.4666666666666667,rules,18,4,1,4,new
Subject455,60,0.37746031746031755,0.4666666666666667,0.4666666666666667,rules,18,4,1,4,new
Subject867,60,0.31555555555555553,0.4,0.4,rules,18,4,1,4,new
Subject890,30,0.36190476190476184,0.43333333333333335,0.43333333333333335,rules,18,4,1,4,new
Subject969,30,0.3777777777777777,0.4666666666666667,0.4666666666666667,rules,18,4,1,4,new
Subject139,60,0.9089947089947091,0.9166666666666666,0.9166666666666666,logreg,18,4,2,2,new
Subject226,30,0.7247619047619047,0.7666666666666667,0.7666666666666667,logreg,18,4,2,2,new
Subject455,60,0.9248869648869648,0.9333333333333333,0.9333333333333333,logreg,18,4,2,2,new
Subject867,60,0.8529292929292929,0.8666666666666667,0.8666666666666667,logreg,18,4,2,2,new
Subject890,30,0.6666666666666666,0.7333333333333333,0.7333333333333333,logreg,18,4,2,2,new
Subject969,30,0.5985185185185186,0.6666666666666666,0.6666666666666666,logreg,18,4,2,2,new
Subject139,60,0.3692176668647257,0.4,0.4,rules,18,4,2,2,new
Subject226,30,0.6,0.6,0.6,rules,18,4,2,2,new
Subject455,60,0.5325955525955526,0.5666666666666667,0.5666666666666667,rules,18,4,2,2,new
Subject867,60,0.6191737891737892,0.6333333333333333,0.6333333333333333,rules,18,4,2,2,new
Subject890,30,0.466031746031746,0.5333333333333333,0.5333333333333333,rules,18,4,2,2,new
Subject969,30,0.20444444444444443,0.3333333333333333,0.3333333333333333,rules,18,4,2,2,new
Subject139,60,0.9151515151515152,0.9166666666666666,0.9166666666666666,logreg,18,4,4,1,new
Subject226,30,0.7358730158730159,0.8,0.8,logreg,18,4,4,1,new
Subject455,60,0.9153439153439155,0.9166666666666666,0.9166666666666666,logreg,18,4,4,1,new
Subject867,60,0.8592063492063492,0.8666666666666667,0.8666666666666667,logreg,18,4,4,1,new
Subject890,30,0.7511111111111113,0.8,0.8,logreg,18,4,4,1,new
Subject969,30,0.6222222222222221,0.6666666666666666,0.6666666666666666,logreg,18,4,4,1,new
Subject139,60,0.3924963924963924,0.4166666666666667,0.4166666666666667,rules,18,4,4,1,new
Subject226,30,0.5555555555555555,0.6,0.6,rules,18,4,4,1,new
Subject455,60,0.5226118326118326,0.6,0.6,rules,18,4,4,1,new
Subject867,60,0.5386628186628186,0.55,0.55,rules,18,4,4,1,new
Subject890,30,0.5933333333333334,0.6666666666666666,0.6666666666666666,rules,18,4,4,1,new
Subject969,30,0.20074074074074075,0.3333333333333333,0.3333333333333333,rules,18,4,4,1,new
Subject139,60,0.9475132275132275,0.95,0.95,logreg,18,8,2,4,new
Subject226,30,0.6958730158730158,0.7333333333333333,0.7333333333333333,logreg,18,8,2,4,new
Subject455,60,0.8412372812372814,0.85,0.85,logreg,18,8,2,4,new
Subject867,60,0.8071632071632071,0.8333333333333334,0.8333333333333334,logreg,18,8,2,4,new
Subject890,30,0.5904761904761905,0.6333333333333333,0.6333333333333333,logreg,18,8,2,4,new
Subject969,30,0.6603174603174602,0.7,0.7,logreg,18,8,2,4,new
Subject139,60,0.32616541353383455,0.35,0.35,rules,18,8,2,4,new
Subject226,30,0.6311111111111111,0.6333333333333333,0.6333333333333333,rules,18,8,2,4,new
Subject455,60,0.5970592370592371,0.6333333333333333,0.6333333333333333,rules,18,8,2,4,new
Subject867,60,0.6579313279313279,0.6666666666666666,0.6666666666666666,rules,18,8,2,4,new
Subject890,30,0.46444444444444444,0.5333333333333333,0.5333333333333333,rules,18,8,2,4,new
Subject969,30,0.2092063492063492,0.3333333333333333,0.3333333333333333,rules,18,8,2,4,new
Subject139,60,0.9312169312169313,0.9333333333333333,0.9333333333333333,logreg,18,8,4,2,new
Subject226,30,0.7936507936507936,0.8333333333333334,0.8333333333333334,logreg,18,8,4,2,new
Subject455,60,0.9515873015873015,0.95,0.95,logreg,18,8,4,2,new
Subject867,60,0.8723280423280424,0.8833333333333333,0.8833333333333333,logreg,18,8,4,2,new
Subject890,30,0.7400000000000001,0.8,0.8,logreg,18,8,4,2,new
Subject969,30,0.6340740740740741,0.7,0.7,logreg,18,8,4,2,new
Subject139,60,0.46217893217893213,0.5,0.5,rules,18,8,4,2,new
Subject226,30,0.5777777777777778,0.6333333333333333,0.6333333333333333,rules,18,8,4,2,new
Subject455,60,0.5210977910977912,0.5833333333333334,0.5833333333333334,rules,18,8,4,2,new
Subject867,60,0.5010774410774411,0.5166666666666667,0.5166666666666667,rules,18,8,4,2,new
Subject890,30,0.5533333333333333,0.6333333333333333,0.6333333333333333,rules,18,8,4,2,new
Subject969,30,0.19777777777777775,0.3333333333333333,0.3333333333333333,rules,18,8,4,2,new
Subject139,60,0.9331409331409332,0.9333333333333333,0.9333333333333333,logreg,18,8,8,1,new
Subject226,30,0.7692063492063492,0.8,0.8,logreg,18,8,8,1,new
Subject455,60,0.8278062678062679,0.8333333333333334,0.8333333333333334,logreg,18,8,8,1,new
Subject867,60,0.8082924482924482,0.8166666666666667,0.8166666666666667,logreg,18,8,8,1,new
Subject890,30,0.7444444444444444,0.8,0.8,logreg,18,8,8,1,new
Subject969,30,0.7,0.7333333333333333,0.7333333333333333,logreg,18,8,8,1,new
Subject139,60,0.4448677248677248,0.4666666666666667,0.4666666666666667,rules,18,8,8,1,new
Subject226,30,0.4811111111111111,0.5333333333333333,0.5333333333333333,rules,18,8,8,1,new
Subject455,60,0.5959980759980759,0.65,0.65,rules,18,8,8,1,new
Subject867,60,0.4368842268842269,0.48333333333333334,0.48333333333333334,rules,18,8,8,1,new
Subject890,30,0.5517460317460317,0.6333333333333333,0.6333333333333333,rules,18,8,8,1,new
Subject969,30,0.2711111111111111,0.4,0.4,rules,18,8,8,1,new
Subject139,60,0.9494708994708996,0.95,0.95,logreg,18,16,4,4,new
Subject226,30,0.84,0.8666666666666667,0.8666666666666667,logreg,18,16,4,4,new
Subject455,60,0.9077441077441077,0.9333333333333333,0.9333333333333333,logreg,18,16,4,4,new
Subject867,60,0.7997739297739297,0.8166666666666667,0.8166666666666667,logreg,18,16,4,4,new
Subject890,30,0.6634920634920635,0.7,0.7,logreg,18,16,4,4,new
Subject969,30,0.5985185185185186,0.6333333333333333,0.6333333333333333,logreg,18,16,4,4,new
Subject139,60,0.43567099567099565,0.45,0.45,rules,18,16,4,4,new
Subject226,30,0.6111111111111112,0.6333333333333333,0.6333333333333333,rules,18,16,4,4,new
Subject455,60,0.6232996632996634,0.6666666666666666,0.6666666666666666,rules,18,16,4,4,new
Subject867,60,0.5660458060458062,0.5833333333333334,0.5833333333333334,rules,18,16,4,4,new
Subject890,30,0.611111111111111,0.6666666666666666,0.6666666666666666,rules,18,16,4,4,new
Subject969,30,0.20888888888888887,0.3333333333333333,0.3333333333333333,rules,18,16,4,4,new
Subject139,60,1.0,1.0,1.0,logreg,18,16,8,2,new
Subject226,30,0.7844444444444444,0.8333333333333334,0.8333333333333334,logreg,18,16,8,2,new
Subject455,60,0.8886446886446887,0.9,0.9,logreg,18,16,8,2,new
Subject867,60,0.7526647426647427,0.7833333333333333,0.7833333333333333,logreg,18,16,8,2,new
Subject890,30,0.7301587301587301,0.7666666666666667,0.7666666666666667,logreg,18,16,8,2,new
Subject969,30,0.7051851851851851,0.7333333333333333,0.7333333333333333,logreg,18,16,8,2,new
Subject139,60,0.4872053872053873,0.5,0.5,rules,18,16,8,2,new
Subject226,30,0.6311111111111111,0.6666666666666666,0.6666666666666666,rules,18,16,8,2,new
Subject455,60,0.6121693121693121,0.6666666666666666,0.6666666666666666,rules,18,16,8,2,new
Subject867,60,0.5617937617937618,0.5666666666666667,0.5666666666666667,rules,18,16,8,2,new
Subject890,30,0.49396825396825395,0.6,0.6,rules,18,16,8,2,new
Subject969,30,0.19777777777777775,0.3333333333333333,0.3333333333333333,rules,18,16,8,2,new
Subject139,60,0.9830687830687831,0.9833333333333333,0.9833333333333333,logreg,18,16,16,1,new
Subject226,30,0.7888888888888889,0.8333333333333334,0.8333333333333334,logreg,18,16,16,1,new
Subject455,60,0.8336700336700337,0.85,0.85,logreg,18,16,16,1,new
Subject867,60,0.833035113035113,0.85,0.85,logreg,18,16,16,1,new
Subject890,30,0.7977777777777778,0.8333333333333334,0.8333333333333334,logreg,18,16,16,1,new
Subject969,30,0.7911111111111111,0.8333333333333334,0.8333333333333334,logreg,18,16,16,1,new
Subject139,60,0.5380952380952382,0.55,0.55,rules,18,16,16,1,new
Subject226,30,0.5412698412698412,0.5666666666666667,0.5666666666666667,rules,18,16,16,1,new
Subject455,60,0.6916402116402115,0.7166666666666667,0.7166666666666667,rules,18,16,16,1,new
Subject867,60,0.5706204906204906,0.5666666666666667,0.5666666666666667,rules,18,16,16,1,new
Subject890,30,0.5155555555555555,0.6,0.6,rules,18,16,16,1,new
Subject969,30,0.2092063492063492,0.3333333333333333,0.3333333333333333,rules,18,16,16,1,new
Subject147,31,0.5803174603174602,0.6444444444444444,0.6451612903225806,logreg,19,4,1,4,new
Subject354,60,0.4776393976393976,0.5333333333333333,0.5333333333333333,logreg,19,4,1,4,new
Subject494,60,0.5462962962962963,0.6,0.6,logreg,19,4,1,4,new
Subject729,60,0.7341991341991342,0.7833333333333333,0.7833333333333333,logreg,19,4,1,4,new
Subject731,30,0.5536507936507936,0.6333333333333333,0.6333333333333333,logreg,19,4,1,4,new
Subject890,30,0.5888888888888888,0.6666666666666666,0.6666666666666666,logreg,19,4,1,4,new
Subject147,31,0.3603174603174603,0.43333333333333335,0.45161290322580644,rules,19,4,1,4,new
Subject354,60,0.4195848595848596,0.48333333333333334,0.48333333333333334,rules,19,4,1,4,new
Subject494,60,0.2704761904761905,0.26666666666666666,0.26666666666666666,rules,19,4,1,4,new
Subject729,60,0.4634175084175084,0.5,0.5,rules,19,4,1,4,new
Subject731,30,0.37555555555555553,0.43333333333333335,0.43333333333333335,rules,19,4,1,4,new
Subject890,30,0.31111111111111106,0.4,0.4,rules,19,4,1,4,new
Subject147,31,0.7233333333333333,0.7666666666666667,0.7741935483870968,logreg,19,4,2,2,new
Subject354,60,0.7325060125060125,0.75,0.75,logreg,19,4,2,2,new
Subject494,60,0.5022414622414623,0.5833333333333334,0.5833333333333334,logreg,19,4,2,2,new
Subject729,60,0.7895430495430495,0.8166666666666667,0.8166666666666667,logreg,19,4,2,2,new
Subject731,30,0.6044444444444443,0.6666666666666666,0.6666666666666666,logreg,19,4,2,2,new
Subject890,30,0.7444444444444444,0.8,0.8,logreg,19,4,2,2,new
Subject147,31,0.6206349206349207,0.6666666666666666,0.6774193548387096,rules,19,4,2,2,new
Subject354,60,0.524494242141301,0.5833333333333334,0.5833333333333334,rules,19,4,2,2,new
Subject494,60,0.4834439634439634,0.5,0.5,rules,19,4,2,2,new
Subject729,60,0.48000000000000004,0.5333333333333333,0.5333333333333333,rules,19,4,2,2,new
Subject731,30,0.3993650793650793,0.4666666666666667,0.4666666666666667,rules,19,4,2,2,new
Subject890,30,0.5292063492063491,0.5666666666666667,0.5666666666666667,rules,19,4,2,2,new
Subject147,31,0.7092063492063493,0.7444444444444444,0.7419354838709677,logreg,19,4,4,1,new
Subject354,60,0.6793314093314093,0.7166666666666667,0.7166666666666667,logreg,19,4,4,1,new
Subject494,60,0.6337005913476502,0.6666666666666666,0.6666666666666666,logreg,19,4,4,1,new
Subject729,60,0.8065416065416067,0.8333333333333334,0.8333333333333334,logreg,19,4,4,1,new
Subject731,30,0.7311111111111112,0.7666666666666667,0.7666666666666667,logreg,19,4,4,1,new
Subject890,30,0.7580952380952382,0.8,0.8,logreg,19,4,4,1,new
Subject147,31,0.5133333333333333,0.5666666666666667,0.5806451612903226,rules,19,4,4,1,new
Subject354,60,0.43658119658119665,0.5333333333333333,0.5333333333333333,rules,19,4,4,1,new
Subject494,60,0.2502564102564102,0.26666666666666666,0.26666666666666666,rules,19,4,4,1,new
Subject729,60,0.4377441077441078,0.5,0.5,rules,19,4,4,1,new
Subject731,30,0.4492063492063492,0.5,0.5,rules,19,4,4,1,new
Subject890,30,0.5380952380952381,0.6,0.6,rules,19,4,4,1,new
Subject147,31,0.6888888888888888,0.7333333333333333,0.7419354838709677,logreg,19,8,2,4,new
Subject354,60,0.8276863876863877,0.85,0.85,logreg,19,8,2,4,new
Subject494,60,0.5335449735449735,0.6166666666666667,0.6166666666666667,logreg,19,8,2,4,new
Subject729,60,0.6180808080808081,0.7,0.7,logreg,19,8,2,4,new
Subject731,30,0.6385185185185185,0.7,0.7,logreg,19,8,2,4,new
Subject890,30,0.6777777777777778,0.7333333333333333,0.7333333333333333,logreg,19,8,2,4,new
Subject147,31,0.6222222222222222,0.6666666666666666,0.6774193548387096,rules,19,8,2,4,new
Subject354,60,0.5239651416122004,0.5833333333333334,0.5833333333333334,rules,19,8,2,4,new
Subject494,60,0.45007215007215007,0.4666666666666667,0.4666666666666667,rules,19,8,2,4,new
Subject729,60,0.5148148148148148,0.5666666666666667,0.5666666666666667,rules,19,8,2,4,new
Subject731,30,0.49460317460317454,0.5333333333333333,0.5333333333333333,rules,19,8,2,4,new
Subject890,30,0.4933333333333333,0.5333333333333333,0.5333333333333333,rules,19,8,2,4,new
Subject147,31,0.7790476190476191,0.8111111111111111,0.8064516129032258,logreg,19,8,4,2,new
Subject354,60,0.6652055352055352,0.7,0.7,logreg,19,8,4,2,new
Subject494,60,0.6259537733221945,0.6833333333333333,0.6833333333333333,logreg,19,8,4,2,new
Subject729,60,0.8878499278499279,0.9,0.9,logreg,19,8,4,2,new
Subject731,30,0.8200000000000001,0.8333333333333334,0.8333333333333334,logreg,19,8,4,2,new
Subject890,30,0.7492063492063491,0.8,0.8,logreg,19,8,4,2,new
Subject147,31,0.5177777777777778,0.6,0.6129032258064516,rules,19,8,4,2,new
Subject354,60,0.5378804855275443,0.6166666666666667,0.6166666666666667,rules,19,8,4,2,new
Subject494,60,0.36062678062678066,0.4,0.4,rules,19,8,4,2,new
Subject729,60,0.6559114959114959,0.6833333333333333,0.6833333333333333,rules,19,8,4,2,new
Subject731,30,0.4793650793650794,0.5333333333333333,0.5333333333333333,rules,19,8,4,2,new
Subject890,30,0.5847619047619048,0.6666666666666666,0.6666666666666666,rules,19,8,4,2,new
Subject147,31,0.7492063492063491,0.8,0.8064516129032258,logreg,19,8,8,1,new
Subject354,60,0.8146224146224146,0.8333333333333334,0.8333333333333334,logreg,19,8,8,1,new
Subject494,60,0.7825396825396826,0.8166666666666667,0.8166666666666667,logreg,19,8,8,1,new
Subject729,60,0.8941798941798942,0.9166666666666666,0.9166666666666666,logreg,19,8,8,1,new
Subject731,30,0.8444444444444443,0.8666666666666667,0.8666666666666667,logreg,19,8,8,1,new
Subject890,30,0.7936507936507937,0.8333333333333334,0.8333333333333334,logreg,19,8,8,1,new
Subject147,31,0.4955555555555555,0.5333333333333333,0.5483870967741935,rules,19,8,8,1,new
Subject354,60,0.5573463573463573,0.5833333333333334,0.5833333333333334,rules,19,8,8,1,new
Subject494,60,0.42715898480604364,0.4666666666666667,0.4666666666666667,rules,19,8,8,1,new
Subject729,60,0.5237229437229438,0.6,0.6,rules,19,8,8,1,new
Subject731,30,0.3180952380952381,0.36666666666666664,0.36666666666666664,rules,19,8,8,1,new
Subject890,30,0.5701587301587302,0.6333333333333333,0.6333333333333333,rules,19,8,8,1,new
Subject147,31,0.8311111111111111,0.8444444444444444,0.8387096774193549,logreg,19,16,4,4,new
Subject354,60,0.8046176046176046,0.8333333333333334,0.8333333333333334,logreg,19,16,4,4,new
Subject494,60,0.702567529935951,0.75,0.75,logreg,19,16,4,4,new
Subject729,60,0.8950264550264551,0.9,0.9,logreg,19,16,4,4,new
Subject731,30,0.9644444444444444,0.9666666666666667,0.9666666666666667,logreg,19,16,4,4,new
Subject890,30,0.7936507936507937,0.8333333333333334,0.8333333333333334,logreg,19,16,4,4,new
Subject147,31,0.4755555555555555,0.5333333333333333,0.5483870967741935,rules,19,16,4,4,new
Subject354,60,0.451046176046176,0.5333333333333333,0.5333333333333333,rules,19,16,4,4,new
Subject494,60,0.3426984126984127,0.36666666666666664,0.36666666666666664,rules,19,16,4,4,new
Subject729,60,0.6277152477152477,0.65,0.65,rules,19,16,4,4,new
Subject731,30,0.4158730158730159,0.4666666666666667,0.4666666666666667,rules,19,16,4,4,new
Subject890,30,0.4673015873015873,0.5666666666666667,0.5666666666666667,rules,19,16,4,4,new
Subject147,31,0.8800000000000001,0.9,0.9032258064516129,logreg,19,16,8,2,new
Subject354,60,0.9053968253968254,0.9166666666666666,0.9166666666666666,logreg,19,16,8,2,new
Subject494,60,0.6807376283846873,0.7333333333333333,0.7333333333333333,logreg,19,16,8,2,new
Subject729,60,0.9830687830687831,0.9833333333333333,0.9833333333333333,logreg,19,16,8,2,new
Subject731,30,0.857777777777778,0.8666666666666667,0.8666666666666667,logreg,19,16,8,2,new
Subject890,30,0.711111111111111,0.7333333333333333,0.7333333333333333,logreg,19,16,8,2,new
Subject147,31,0.46698412698412706,0.5333333333333333,0.5483870967741935,rules,19,16,8,2,new
Subject354,60,0.5217989417989418,0.5833333333333334,0.5833333333333334,rules,19,16,8,2,new
Subject494,60,0.4257833234303823,0.5,0.5,rules,19,16,8,2,new
Subject729,60,0.5582010582010583,0.6166666666666667,0.6166666666666667,rules,19,16,8,2,new
Subject731,30,0.4577777777777779,0.5333333333333333,0.5333333333333333,rules,19,16,8,2,new
Subject890,30,0.6095238095238095,0.6666666666666666,0.6666666666666666,rules,19,16,8,2,new
Subject147,31,0.8800000000000001,0.9,0.9032258064516129,logreg,19,16,16,1,new
Subject354,60,0.9644444444444444,0.9666666666666667,0.9666666666666667,logreg,19,16,16,1,new
Subject494,60,0.8074074074074074,0.8333333333333334,0.8333333333333334,logreg,19,16,16,1,new
Subject729,60,0.9475132275132275,0.95,0.95,logreg,19,16,16,1,new
Subject731,30,0.7603174603174604,0.8,0.8,logreg,19,16,16,1,new
Subject890,30,0.7911111111111111,0.8,0.8,logreg,19,16,16,1,new
Subject147,31,0.56,0.6333333333333333,0.6451612903225806,rules,19,16,16,1,new
Subject354,60,0.5332244008714596,0.6,0.6,rules,19,16,16,1,new
Subject494,60,0.43470588235294116,0.48333333333333334,0.48333333333333334,rules,19,16,16,1,new
Subject729,60,0.5940740740740741,0.65,0.65,rules,19,16,16,1,new
Subject731,30,0.5333333333333333,0.5666666666666667,0.5666666666666667,rules,19,16,16,1,new
Subject890,30,0.6892063492063492,0.7333333333333333,0.7333333333333333,rules,19,16,16,1,new
Subject354,60,0.526984126984127,0.5833333333333334,0.5833333333333334,logreg,20,4,1,4,new
Subject516,30,0.6288888888888889,0.6666666666666666,0.6666666666666666,logreg,20,4,1,4,new
Subject561,60,0.6196488696488698,0.6833333333333333,0.6833333333333333,logreg,20,4,1,4,new
Subject571,30,0.6161904761904762,0.6666666666666666,0.6666666666666666,logreg,20,4,1,4,new
Subject580,90,0.7034295334295334,0.7333333333333333,0.7333333333333333,logreg,20,4,1,4,new
Subject890,30,0.7168253968253968,0.7666666666666667,0.7666666666666667,logreg,20,4,1,4,new
Subject354,60,0.37243867243867246,0.4166666666666667,0.4166666666666667,rules,20,4,1,4,new
Subject516,30,0.34444444444444444,0.4,0.4,rules,20,4,1,4,new
Subject561,60,0.27359206096048194,0.3333333333333333,0.3333333333333333,rules,20,4,1,4,new
Subject571,30,0.46550264550264553,0.5333333333333333,0.5333333333333333,rules,20,4,1,4,new
Subject580,90,0.5003703703703704,0.49999999999999994,0.5,rules,20,4,1,4,new
Subject890,30,0.5733333333333334,0.6,0.6,rules,20,4,1,4,new
Subject354,60,0.8364021164021164,0.85,0.85,logreg,20,4,2,2,new
Subject516,30,0.9288888888888889,0.9333333333333333,0.9333333333333333,logreg,20,4,2,2,new
Subject561,60,0.5376767676767678,0.6,0.6,logreg,20,4,2,2,new
Subject571,30,0.7123809523809523,0.7666666666666667,0.7666666666666667,logreg,20,4,2,2,new
Subject580,90,0.7887940130045393,0.8111111111111113,0.8111111111111111,logreg,20,4,2,2,new
Subject890,30,0.6244444444444444,0.7,0.7,logreg,20,4,2,2,new
Subject354,60,0.45078033078033086,0.48333333333333334,0.48333333333333334,rules,20,4,2,2,new
Subject516,30,0.4758730158730159,0.5,0.5,rules,20,4,2,2,new
Subject561,60,0.3282863432863433,0.4,0.4,rules,20,4,2,2,new
Subject571,30,0.5628571428571428,0.6,0.6,rules,20,4,2,2,new
Subject580,90,0.5024664224664225,0.5444444444444444,0.5444444444444444,rules,20,4,2,2,new
Subject890,30,0.46994708994709,0.5333333333333333,0.5333333333333333,rules,20,4,2,2,new
Subject354,60,0.7947089947089947,0.8166666666666667,0.8166666666666667,logreg,20,4,4,1,new
Subject516,30,0.7911111111111111,0.8333333333333334,0.8333333333333334,logreg,20,4,4,1,new
Subject561,60,0.6262626262626262,0.6833333333333333,0.6833333333333333,logreg,20,4,4,1,new
Subject571,30,0.7511111111111111,0.8,0.8,logreg,20,4,4,1,new
Subject580,90,0.8564760729466611,0.8666666666666668,0.8666666666666667,logreg,20,4,4,1,new
Subject890,30,0.7977777777777778,0.8333333333333334,0.8333333333333334,logreg,20,4,4,1,new
Subject354,60,0.3881144781144782,0.48333333333333334,0.48333333333333334,rules,20,4,4,1,new
Subject516,30,0.5155555555555555,0.5333333333333333,0.5333333333333333,rules,20,4,4,1,new
Subject561,60,0.47883412883412885,0.5333333333333333,0.5333333333333333,rules,20,4,4,1,new
Subject571,30,0.5536507936507936,0.6,0.6,rules,20,4,4,1,new
Subject580,90,0.4724258543388977,0.5333333333333333,0.5333333333333333,rules,20,4,4,1,new
Subject890,30,0.4917460317460317,0.5333333333333333,0.5333333333333333,rules,20,4,4,1,new
Subject354,60,0.8535449735449735,0.85,0.85,logreg,20,8,2,4,new
Subject516,30,0.9288888888888889,0.9333333333333333,0.9333333333333333,logreg,20,8,2,4,new
Subject561,60,0.5974603174603175,0.6666666666666666,0.6666666666666666,logreg,20,8,2,4,new
Subject571,30,0.8222222222222222,0.8666666666666667,0.8666666666666667,logreg,20,8,2,4,new
Subject580,90,0.8349857160383477,0.8444444444444444,0.8444444444444444,logreg,20,8,2,4,new
Subject890,30,0.6955555555555556,0.7666666666666667,0.7666666666666667,logreg,20,8,2,4,new
Subject354,60,0.4051670551670551,0.5,0.5,rules,20,8,2,4,new
Subject516,30,0.5311111111111111,0.5666666666666667,0.5666666666666667,rules,20,8,2,4,new
Subject561,60,0.43765567765567764,0.4666666666666667,0.4666666666666667,rules,20,8,2,4,new
Subject571,30,0.6314285714285713,0.7,0.7,rules,20,8,2,4,new
Subject580,90,0.5429049211657907,0.5777777777777777,0.5777777777777777,rules,20,8,2,4,new
Subject890,30,0.40105820105820106,0.5,0.5,rules,20,8,2,4,new
Subject354,60,0.8380952380952381,0.8666666666666667,0.8666666666666667,logreg,20,8,4,2,new
Subject516,30,0.9111111111111111,0.9333333333333333,0.9333333333333333,logreg,20,8,4,2,new
Subject561,60,0.7045695045695047,0.7666666666666667,0.7666666666666667,logreg,20,8,4,2,new
Subject571,30,0.7866666666666665,0.8333333333333334,0.8333333333333334,logreg,20,8,4,2,new
Subject580,90,0.7454112554112554,0.7666666666666667,0.7666666666666667,logreg,20,8,4,2,new
Subject890,30,0.6955555555555556,0.7666666666666667,0.7666666666666667,logreg,20,8,4,2,new
Subject354,60,0.44158730158730164,0.5,0.5,rules,20,8,4,2,new
Subject516,30,0.5022222222222222,0.5333333333333333,0.5333333333333333,rules,20,8,4,2,new
Subject561,60,0.5563695563695564,0.5833333333333334,0.5833333333333334,rules,20,8,4,2,new
Subject571,30,0.6025396825396825,0.6333333333333333,0.6333333333333333,rules,20,8,4,2,new
Subject580,90,0.45998001998001986,0.5444444444444445,0.5444444444444444,rules,20,8,4,2,new
Subject890,30,0.49809523809523815,0.5666666666666667,0.5666666666666667,rules,20,8,4,2,new
Subject354,60,0.8944444444444444,0.9166666666666666,0.9166666666666666,logreg,20,8,8,1,new
Subject516,30,0.9111111111111111,0.9333333333333333,0.9333333333333333,logreg,20,8,8,1,new
Subject561,60,0.6199948199948201,0.6833333333333333,0.6833333333333333,logreg,20,8,8,1,new
Subject571,30,0.9333333333333332,0.9333333333333333,0.9333333333333333,logreg,20,8,8,1,new
Subject580,90,0.8403678674266909,0.8444444444444443,0.8444444444444444,logreg,20,8,8,1,new
Subject890,30,0.8088888888888889,0.8333333333333334,0.8333333333333334,logreg,20,8,8,1,new
Subject354,60,0.3915306915306916,0.5,0.5,rules,20,8,8,1,new
Subject516,30,0.46476190476190476,0.5,0.5,rules,20,8,8,1,new
Subject561,60,0.41333333333333333,0.4666666666666667,0.4666666666666667,rules,20,8,8,1,new
Subject571,30,0.45111111111111113,0.5333333333333333,0.5333333333333333,rules,20,8,8,1,new
Subject580,90,0.4575325157933854,0.5111111111111112,0.5111111111111111,rules,20,8,8,1,new
Subject890,30,0.46984126984126984,0.5666666666666667,0.5666666666666667,rules,20,8,8,1,new
Subject354,60,0.9481481481481481,0.95,0.95,logreg,20,16,4,4,new
Subject516,30,0.8755555555555555,0.9,0.9,logreg,20,16,4,4,new
Subject561,60,0.7311303511303512,0.7666666666666667,0.7666666666666667,logreg,20,16,4,4,new
Subject571,30,0.7866666666666666,0.8333333333333334,0.8333333333333334,logreg,20,16,4,4,new
Subject580,90,0.8085730935730936,0.8333333333333334,0.8333333333333334,logreg,20,16,4,4,new
Subject890,30,0.7866666666666666,0.8333333333333334,0.8333333333333334,logreg,20,16,4,4,new
Subject354,60,0.4643060643060643,0.5333333333333333,0.5333333333333333,rules,20,16,4,4,new
Subject516,30,0.5336507936507936,0.6,0.6,rules,20,16,4,4,new
Subject561,60,0.5202675102675103,0.55,0.55,rules,20,16,4,4,new
Subject571,30,0.6377777777777778,0.7,0.7,rules,20,16,4,4,new
Subject580,90,0.5227364792070675,0.5888888888888889,0.5888888888888889,rules,20,16,4,4,new
Subject890,30,0.5400000000000001,0.6333333333333333,0.6333333333333333,rules,20,16,4,4,new
Subject354,60,0.8970370370370371,0.9,0.9,logreg,20,16,8,2,new
Subject516,30,0.9288888888888888,0.9333333333333333,0.9333333333333333,logreg,20,16,8,2,new
Subject561,60,0.6797017797017797,0.7333333333333333,0.7333333333333333,logreg,20,16,8,2,new
Subject571,30,0.8755555555555555,0.9,0.9,logreg,20,16,8,2,new
Subject580,90,0.8561299811299812,0.8666666666666667,0.8666666666666667,logreg,20,16,8,2,new
Subject890,30,0.8222222222222222,0.8666666666666667,0.8666666666666667,logreg,20,16,8,2,new
Subject354,60,0.48292929292929293,0.55,0.55,rules,20,16,8,2,new
Subject516,30,0.5092063492063492,0.5333333333333333,0.5333333333333333,rules,20,16,8,2,new
Subject561,60,0.5192622192622193,0.5833333333333334,0.5833333333333334,rules,20,16,8,2,new
Subject571,30,0.4933333333333333,0.5333333333333333,0.5333333333333333,rules,20,16,8,2,new
Subject580,90,0.47630332000301046,0.5333333333333333,0.5333333333333333,rules,20,16,8,2,new
Subject890,30,0.6717460317460318,0.7333333333333333,0.7333333333333333,rules,20,16,8,2,new
Subject354,60,0.9644444444444444,0.9666666666666667,0.9666666666666667,logreg,20,16,16,1,new
Subject516,30,0.9288888888888889,0.9333333333333333,0.9333333333333333,logreg,20,16,16,1,new
Subject561,60,0.7371295371295371,0.7833333333333333,0.7833333333333333,logreg,20,16,16,1,new
Subject571,30,0.8469841269841271,0.8666666666666667,0.8666666666666667,logreg,20,16,16,1,new
Subject580,90,0.8649032013737895,0.8666666666666666,0.8666666666666667,logreg,20,16,16,1,new
Subject890,30,0.7301587301587301,0.7666666666666667,0.7666666666666667,logreg,20,16,16,1,new
Subject354,60,0.44179894179894175,0.48333333333333334,0.48333333333333334,rules,20,16,16,1,new
Subject516,30,0.5914285714285714,0.6,0.6,rules,20,16,16,1,new
Subject561,60,0.4175324675324675,0.48333333333333334,0.48333333333333334,rules,20,16,16,1,new
Subject571,30,0.5136507936507937,0.5666666666666667,0.5666666666666667,rules,20,16,16,1,new
Subject580,90,0.48589036694299853,0.5333333333333333,0.5333333333333333,rules,20,16,16,1,new
Subject890,30,0.638095238095238,0.7,0.7,rules,20,16,16,1,new
Subject376,60,0.6376190476190475,0.6833333333333333,0.6833333333333333,logreg,21,4,1,4,new
Subject494,60,0.542876382876383,0.6,0.6,logreg,21,4,1,4,new
Subject611,60,0.6003907203907203,0.6666666666666666,0.6666666666666666,logreg,21,4,1,4,new
Subject741,60,0.6588857765328353,0.7,0.7,logreg,21,4,1,4,new
Subject819,60,0.3513725490196078,0.43333333333333335,0.43333333333333335,logreg,21,4,1,4,new
Subject969,30,0.6114285714285714,0.6666666666666666,0.6666666666666666,logreg,21,4,1,4,new
Subject376,60,0.38448070448070454,0.45,0.45,rules,21,4,1,4,new
Subject494,60,0.32344877344877343,0.38333333333333336,0.38333333333333336,rules,21,4,1,4,new
Subject611,60,0.39687645687645684,0.4666666666666667,0.4666666666666667,rules,21,4,1,4,new
Subject741,60,0.3425907425907425,0.4166666666666667,0.4166666666666667,rules,21,4,1,4,new
Subject819,60,0.2996536796536796,0.38333333333333336,0.38333333333333336,rules,21,4,1,4,new
Subject969,30,0.2533333333333333,0.3333333333333333,0.3333333333333333,rules,21,4,1,4,new
Subject376,60,0.7074458874458874,0.7333333333333333,0.7333333333333333,logreg,21,4,2,2,new
Subject494,60,0.5551072124756335,0.6166666666666667,0.6166666666666667,logreg,21,4,2,2,new
Subject611,60,0.7781684981684981,0.8,0.8,logreg,21,4,2,2,new
Subject741,60,0.6608465608465609,0.7166666666666667,0.7166666666666667,logreg,21,4,2,2,new
Subject819,60,0.6349206349206349,0.7166666666666667,0.7166666666666667,logreg,21,4,2,2,new
Subject969,30,0.8422222222222222,0.8666666666666667,0.8666666666666667,logreg,21,4,2,2,new
Subject376,60,0.348997668997669,0.43333333333333335,0.43333333333333335,rules,21,4,2,2,new
Subject494,60,0.37160173160173154,0.4666666666666667,0.4666666666666667,rules,21,4,2,2,new
Subject611,60,0.329641197009618,0.4166666666666667,0.4166666666666667,rules,21,4,2,2,new
Subject741,60,0.391078551078551,0.5,0.5,rules,21,4,2,2,new
Subject819,60,0.36736152736152733,0.4666666666666667,0.4666666666666667,rules,21,4,2,2,new
Subject969,30,0.20253968253968252,0.3,0.3,rules,21,4,2,2,new
Subject376,60,0.6101587301587302,0.6666666666666666,0.6666666666666666,logreg,21,4,4,1,new
Subject494,60,0.5742520442520443,0.6166666666666667,0.6166666666666667,logreg,21,4,4,1,new
Subject611,60,0.8596825396825397,0.8833333333333333,0.8833333333333333,logreg,21,4,4,1,new
Subject741,60,0.7778162578162578,0.8166666666666667,0.8166666666666667,logreg,21,4,4,1,new
Subject819,60,0.5900721500721501,0.6833333333333333,0.6833333333333333,logreg,21,4,4,1,new
Subject969,30,0.74,0.7666666666666667,0.7666666666666667,logreg,21,4,4,1,new
Subject376,60,0.36004979769685647,0.4166666666666667,0.4166666666666667,rules,21,4,4,1,new
Subject494,60,0.40880341880341875,0.48333333333333334,0.48333333333333334,rules,21,4,4,1,new
Subject611,60,0.5479365079365078,0.6,0.6,rules,21,4,4,1,new
Subject741,60,0.4540740740740741,0.5166666666666667,0.5166666666666667,rules,21,4,4,1,new
Subject819,60,0.359113544407662,0.43333333333333335,0.43333333333333335,rules,21,4,4,1,new
Subject969,30,0.23174603174603173,0.3,0.3,rules,21,4,4,1,new
Subject376,60,0.6952380952380952,0.7,0.7,logreg,21,8,2,4,new
Subject494,60,0.6423558897243108,0.6833333333333333,0.6833333333333333,logreg,21,8,2,4,new
Subject611,60,0.8431361231361231,0.8666666666666667,0.8666666666666667,logreg,21,8,2,4,new
Subject741,60,0.6797720797720798,0.7166666666666667,0.7166666666666667,logreg,21,8,2,4,new
Subject819,60,0.6417123617123617,0.7,0.7,logreg,21,8,2,4,new
Subject969,30,0.7866666666666667,0.8333333333333334,0.8333333333333334,logreg,21,8,2,4,new
Subject376,60,0.35893868658574546,0.4166666666666667,0.4166666666666667,rules,21,8,2,4,new
Subject494,60,0.4271477645161855,0.5,0.5,rules,21,8,2,4,new
Subject611,60,0.40253968253968253,0.4666666666666667,0.4666666666666667,rules,21,8,2,4,new
Subject741,60,0.3584371184371184,0.4666666666666667,0.4666666666666667,rules,21,8,2,4,new
Subject819,60,0.3422222222222222,0.4666666666666667,0.4666666666666667,rules,21,8,2,4,new
Subject969,30,0.19777777777777775,0.3,0.3,rules,21,8,2,4,new
Subject376,60,0.6296488696488697,0.6833333333333333,0.6833333333333333,logreg,21,8,4,2,new
Subject494,60,0.5902116402116403,0.6333333333333333,0.6333333333333333,logreg,21,8,4,2,new
Subject611,60,0.8755555555555555,0.9,0.9,logreg,21,8,4,2,new
Subject741,60,0.7752765752765753,0.8,0.8,logreg,21,8,4,2,new
Subject819,60,0.6497354497354497,0.7166666666666667,0.7166666666666667,logreg,21,8,4,2,new
Subject969,30,0.9311111111111111,0.9333333333333333,0.9333333333333333,logreg,21,8,4,2,new
Subject376,60,0.45737173501879375,0.5333333333333333,0.5333333333333333,rules,21,8,4,2,new
Subject494,60,0.4305435305435305,0.48333333333333334,0.48333333333333334,rules,21,8,4,2,new
Subject611,60,0.5905291005291005,0.6333333333333333,0.6333333333333333,rules,21,8,4,2,new
Subject741,60,0.44960520960520955,0.5166666666666667,0.5166666666666667,rules,21,8,4,2,new
Subject819,60,0.3711079987550575,0.43333333333333335,0.43333333333333335,rules,21,8,4,2,new
Subject969,30,0.1670995670995671,0.26666666666666666,0.26666666666666666,rules,21,8,4,2,new
Subject376,60,0.6886492374727669,0.7,0.7,logreg,21,8,8,1,new
Subject494,60,0.5745502645502645,0.6333333333333333,0.6333333333333333,logreg,21,8,8,1,new
Subject611,60,0.9644444444444444,0.9666666666666667,0.9666666666666667,logreg,21,8,8,1,new
Subject741,60,0.8164021164021165,0.85,0.85,logreg,21,8,8,1,new
Subject819,60,0.723982683982684,0.7666666666666667,0.7666666666666667,logreg,21,8,8,1,new
Subject969,30,0.7185185185185184,0.7666666666666667,0.7666666666666667,logreg,21,8,8,1,new
Subject376,60,0.3940754664438876,0.4166666666666667,0.4166666666666667,rules,21,8,8,1,new
Subject494,60,0.41689443454149333,0.5,0.5,rules,21,8,8,1,new
Subject611,60,0.5619749096219685,0.6166666666666667,0.6166666666666667,rules,21,8,8,1,new
Subject741,60,0.42624338624338626,0.5333333333333333,0.5333333333333333,rules,21,8,8,1,new
Subject819,60,0.3231216931216931,0.4166666666666667,0.4166666666666667,rules,21,8,8,1,new
Subject969,30,0.27777777777777773,0.36666666666666664,0.36666666666666664,rules,21,8,8,1,new
Subject376,60,0.6151601225285436,0.6666666666666666,0.6666666666666666,logreg,21,16,4,4,new
Subject494,60,0.6946560846560846,0.7166666666666667,0.7166666666666667,logreg,21,16,4,4,new
Subject611,60,0.8755555555555555,0.9,0.9,logreg,21,16,4,4,new
Subject741,60,0.7966329966329967,0.8166666666666667,0.8166666666666667,logreg,21,16,4,4,new
Subject819,60,0.6400384800384801,0.7,0.7,logreg,21,16,4,4,new
Subject969,30,0.8488888888888888,0.8666666666666667,0.8666666666666667,logreg,21,16,4,4,new
Subject376,60,0.47803921568627455,0.55,0.55,rules,21,16,4,4,new
Subject494,60,0.45486772486772487,0.5166666666666667,0.5166666666666667,rules,21,16,4,4,new
Subject611,60,0.5823809523809522,0.6166666666666667,0.6166666666666667,rules,21,16,4,4,new
Subject741,60,0.4066810966810966,0.48333333333333334,0.48333333333333334,rules,21,16,4,4,new
Subject819,60,0.33164021164021157,0.4166666666666667,0.4166666666666667,rules,21,16,4,4,new
Subject969,30,0.16,0.26666666666666666,0.26666666666666666,rules,21,16,4,4,new
Subject376,60,0.6453159041394336,0.6666666666666666,0.6666666666666666,logreg,21,16,8,2,new
Subject494,60,0.7032216905901117,0.7333333333333333,0.7333333333333333,logreg,21,16,8,2,new
Subject611,60,0.9644444444444444,0.9666666666666667,0.9666666666666667,logreg,21,16,8,2,new
Subject741,60,0.863068783068783,0.8833333333333333,0.8833333333333333,logreg,21,16,8,2,new
Subject819,60,0.7614622414622415,0.8,0.8,logreg,21,16,8,2,new
Subject969,30,0.7377777777777778,0.7666666666666667,0.7666666666666667,logreg,21,16,8,2,new
Subject376,60,0.5054641654641655,0.55,0.55,rules,21,16,8,2,new
Subject494,60,0.46473372974920957,0.5166666666666667,0.5166666666666667,rules,21,16,8,2,new
Subject611,60,0.5432093832093832,0.6166666666666667,0.6166666666666667,rules,21,16,8,2,new
Subject741,60,0.5406012506012506,0.6166666666666667,0.6166666666666667,rules,21,16,8,2,new
Subject819,60,0.32555555555555554,0.4166666666666667,0.4166666666666667,rules,21,16,8,2,new
Subject969,30,0.16,0.26666666666666666,0.26666666666666666,rules,21,16,8,2,new
Subject376,60,0.7808465608465609,0.8166666666666667,0.8166666666666667,logreg,21,16,16,1,new
Subject494,60,0.662962962962963,0.7166666666666667,0.7166666666666667,logreg,21,16,16,1,new
Subject611,60,0.9830687830687831,0.9833333333333333,0.9833333333333333,logreg,21,16,16,1,new
Subject741,60,0.8744973544973544,0.8833333333333333,0.8833333333333333,logreg,21,16,16,1,new
Subject819,60,0.7861471861471861,0.8166666666666667,0.8166666666666667,logreg,21,16,16,1,new
Subject969,30,0.7666666666666667,0.8,0.8,logreg,21,16,16,1,new
Subject376,60,0.38418923124805476,0.4,0.4,rules,21,16,16,1,new
Subject494,60,0.4010021786492375,0.48333333333333334,0.48333333333333334,rules,21,16,16,1,new
Subject611,60,0.4733681133681133,0.5333333333333333,0.5333333333333333,rules,21,16,16,1,new
Subject741,60,0.5053504229974819,0.55,0.55,rules,21,16,16,1,new
Subject819,60,0.4955577755577754,0.5666666666666667,0.5666666666666667,rules,21,16,16,1,new
Subject969,30,0.2351322751322751,0.3333333333333333,0.3333333333333333,rules,21,16,16,1,new
Subject226,30,0.7133333333333334,0.7666666666666667,0.7666666666666667,logreg,22,4,1,4,new
Subject561,60,0.5767388167388167,0.6666666666666666,0.6666666666666666,logreg,22,4,1,4,new
Subject731,30,0.6422222222222221,0.7,0.7,logreg,22,4,1,4,new
Subject741,60,0.7531949531949531,0.8,0.8,logreg,22,4,1,4,new
Subject819,60,0.7704761904761904,0.8,0.8,logreg,22,4,1,4,new
Subject867,60,0.814006734006734,0.85,0.85,logreg,22,4,1,4,new
Subject226,30,0.41365079365079366,0.5333333333333333,0.5333333333333333,rules,22,4,1,4,new
Subject561,60,0.4816546416546416,0.55,0.55,rules,22,4,1,4,new
Subject731,30,0.2625396825396825,0.3333333333333333,0.3333333333333333,rules,22,4,1,4,new
Subject741,60,0.4995382395382395,0.55,0.55,rules,22,4,1,4,new
Subject819,60,0.49037037037037035,0.5666666666666667,0.5666666666666667,rules,22,4,1,4,new
Subject867,60,0.4634595034595035,0.5,0.5,rules,22,4,1,4,new
Subject226,30,0.8755555555555555,0.9,0.9,logreg,22,4,2,2,new
Subject561,60,0.5385592185592185,0.6166666666666667,0.6166666666666667,logreg,22,4,2,2,new
Subject731,30,0.653968253968254,0.7,0.7,logreg,22,4,2,2,new
Subject741,60,0.7134421134421134,0.75,0.75,logreg,22,4,2,2,new
Subject819,60,0.6975853775853776,0.7666666666666667,0.7666666666666667,logreg,22,4,2,2,new
Subject867,60,0.7833189033189033,0.8,0.8,logreg,22,4,2,2,new
Subject226,30,0.43587301587301586,0.5,0.5,rules,22,4,2,2,new
Subject561,60,0.43922558922558924,0.5333333333333333,0.5333333333333333,rules,22,4,2,2,new
Subject731,30,0.33587301587301593,0.4,0.4,rules,22,4,2,2,new
Subject741,60,0.498051948051948,0.55,0.55,rules,22,4,2,2,new
Subject819,60,0.3505483405483405,0.4,0.4,rules,22,4,2,2,new
Subject867,60,0.4608465608465609,0.48333333333333334,0.48333333333333334,rules,22,4,2,2,new
Subject226,30,0.8422222222222222,0.8666666666666667,0.8666666666666667,logreg,22,4,4,1,new
Subject561,60,0.671130351130351,0.7166666666666667,0.7166666666666667,logreg,22,4,4,1,new
Subject731,30,0.7555555555555556,0.7666666666666667,0.7666666666666667,logreg,22,4,4,1,new
Subject741,60,0.7964550264550263,0.8166666666666667,0.8166666666666667,logreg,22,4,4,1,new
Subject819,60,0.6701261701261702,0.7166666666666667,0.7166666666666667,logreg,22,4,4,1,new
Subject867,60,0.7322943722943723,0.7666666666666667,0.7666666666666667,logreg,22,4,4,1,new
Subject226,30,0.5451851851851851,0.6333333333333333,0.6333333333333333,rules,22,4,4,1,new
Subject561,60,0.5274266474266475,0.5833333333333334,0.5833333333333334,rules,22,4,4,1,new
Subject731,30,0.43269841269841264,0.5,0.5,rules,22,4,4,1,new
Subject741,60,0.3984800384800385,0.45,0.45,rules,22,4,4,1,new
Subject819,60,0.516892736892737,0.5666666666666667,0.5666666666666667,rules,22,4,4,1,new
Subject867,60,0.3652910052910053,0.4166666666666667,0.4166666666666667,rules,22,4,4,1,new
Subject226,30,0.7866666666666667,0.8333333333333334,0.8333333333333334,logreg,22,8,2,4,new
Subject561,60,0.6653835053835054,0.7166666666666667,0.7166666666666667,logreg,22,8,2,4,new
Subject731,30,0.5650793650793651,0.6333333333333333,0.6333333333333333,logreg,22,8,2,4,new
Subject741,60,0.6368091168091168,0.6833333333333333,0.6833333333333333,logreg,22,8,2,4,new
Subject819,60,0.7519576719576719,0.8,0.8,logreg,22,8,2,4,new
Subject867,60,0.8061242461242462,0.8333333333333334,0.8333333333333334,logreg,22,8,2,4,new
Subject226,30,0.5733333333333334,0.6333333333333333,0.6333333333333333,rules,22,8,2,4,new
Subject561,60,0.4981818181818182,0.5666666666666667,0.5666666666666667,rules,22,8,2,4,new
Subject731,30,0.39269841269841266,0.4666666666666667,0.4666666666666667,rules,22,8,2,4,new
Subject741,60,0.4739519739519739,0.5333333333333333,0.5333333333333333,rules,22,8,2,4,new
Subject819,60,0.4248869648869648,0.48333333333333334,0.48333333333333334,rules,22,8,2,4,new
Subject867,60,0.42730158730158724,0.4666666666666667,0.4666666666666667,rules,22,8,2,4,new
Subject226,30,0.7580952380952382,0.8,0.8,logreg,22,8,4,2,new
Subject561,60,0.7148532948532949,0.7666666666666667,0.7666666666666667,logreg,22,8,4,2,new
Subject731,30,0.64,0.6666666666666666,0.6666666666666666,logreg,22,8,4,2,new
Subject741,60,0.6663247863247863,0.7166666666666667,0.7166666666666667,logreg,22,8,4,2,new
Subject819,60,0.7315018315018315,0.7833333333333333,0.7833333333333333,logreg,22,8,4,2,new
Subject867,60,0.6966666666666668,0.7333333333333333,0.7333333333333333,logreg,22,8,4,2,new
Subject226,30,0.4777777777777778,0.5666666666666667,0.5666666666666667,rules,22,8,4,2,new
Subject561,60,0.5927909127909128,0.65,0.65,rules,22,8,4,2,new
Subject731,30,0.33365079365079364,0.4,0.4,rules,22,8,4,2,new
Subject741,60,0.40188552188552185,0.48333333333333334,0.48333333333333334,rules,22,8,4,2,new
Subject819,60,0.526984126984127,0.5833333333333334,0.5833333333333334,rules,22,8,4,2,new
Subject867,60,0.38626262626262625,0.45,0.45,rules,22,8,4,2,new
Subject226,30,0.8755555555555555,0.9,0.9,logreg,22,8,8,1,new
Subject561,60,0.8071957671957671,0.8333333333333334,0.8333333333333334,logreg,22,8,8,1,new
Subject731,30,0.7933333333333333,0.8,0.8,logreg,22,8,8,1,new
Subject741,60,0.7771428571428571,0.8166666666666667,0.8166666666666667,logreg,22,8,8,1,new
Subject819,60,0.8543589743589742,0.8833333333333333,0.8833333333333333,logreg,22,8,8,1,new
Subject867,60,0.785998075998076,0.8166666666666667,0.8166666666666667,logreg,22,8,8,1,new
Subject226,30,0.5496296296296296,0.6333333333333333,0.6333333333333333,rules,22,8,8,1,new
Subject561,60,0.6214478114478115,0.6833333333333333,0.6833333333333333,rules,22,8,8,1,new
Subject731,30,0.45809523809523806,0.5,0.5,rules,22,8,8,1,new
Subject741,60,0.48770044770044774,0.5333333333333333,0.5333333333333333,rules,22,8,8,1,new
Subject819,60,0.49193362193362183,0.5166666666666667,0.5166666666666667,rules,22,8,8,1,new
Subject867,60,0.36126984126984124,0.43333333333333335,0.43333333333333335,rules,22,8,8,1,new
Subject226,30,0.8177777777777777,0.8666666666666667,0.8666666666666667,logreg,22,16,4,4,new
Subject561,60,0.715998075998076,0.7666666666666667,0.7666666666666667,logreg,22,16,4,4,new
Subject731,30,0.728888888888889,0.7666666666666667,0.7666666666666667,logreg,22,16,4,4,new
Subject741,60,0.6994912494912495,0.7166666666666667,0.7166666666666667,logreg,22,16,4,4,new
Subject819,60,0.6535508935508935,0.7166666666666667,0.7166666666666667,logreg,22,16,4,4,new
Subject867,60,0.7073737373737373,0.75,0.75,logreg,22,16,4,4,new
Subject226,30,0.5733333333333334,0.6333333333333333,0.6333333333333333,rules,22,16,4,4,new
Subject561,60,0.5927909127909128,0.65,0.65,rules,22,16,4,4,new
Subject731,30,0.41460317460317453,0.4666666666666667,0.4666666666666667,rules,22,16,4,4,new
Subject741,60,0.45054353054353047,0.5166666666666667,0.5166666666666667,rules,22,16,4,4,new
Subject819,60,0.5182406482406483,0.5833333333333334,0.5833333333333334,rules,22,16,4,4,new
Subject867,60,0.3588023088023088,0.4166666666666667,0.4166666666666667,rules,22,16,4,4,new
Subject226,30,0.7533333333333333,0.8,0.8,logreg,22,16,8,2,new
Subject561,60,0.8004425204425204,0.8333333333333334,0.8333333333333334,logreg,22,16,8,2,new
Subject731,30,0.8444444444444444,0.8666666666666667,0.8666666666666667,logreg,22,16,8,2,new
Subject741,60,0.7068783068783069,0.7666666666666667,0.7666666666666667,logreg,22,16,8,2,new
Subject819,60,0.7824338624338625,0.8333333333333334,0.8333333333333334,logreg,22,16,8,2,new
Subject867,60,0.7911111111111111,0.8333333333333334,0.8333333333333334,logreg,22,16,8,2,new
Subject226,30,0.52,0.6,0.6,rules,22,16,8,2,new
Subject561,60,0.6309390609390609,0.6833333333333333,0.6833333333333333,rules,22,16,8,2,new
Subject731,30,0.4257142857142856,0.4666666666666667,0.4666666666666667,rules,22,16,8,2,new
Subject741,60,0.4662433862433862,0.5166666666666667,0.5166666666666667,rules,22,16,8,2,new
Subject819,60,0.4400817700817701,0.4666666666666667,0.4666666666666667,rules,22,16,8,2,new
Subject867,60,0.3894017094017094,0.45,0.45,rules,22,16,8,2,new
Subject226,30,0.7888888888888889,0.8333333333333334,0.8333333333333334,logreg,22,16,16,1,new
Subject561,60,0.7923483923483924,0.8333333333333334,0.8333333333333334,logreg,22,16,16,1,new
Subject731,30,0.8444444444444444,0.8666666666666667,0.8666666666666667,logreg,22,16,16,1,new
Subject741,60,0.8608465608465609,0.8833333333333333,0.8833333333333333,logreg,22,16,16,1,new
Subject819,60,0.7994708994708994,0.8333333333333334,0.8333333333333334,logreg,22,16,16,1,new
Subject867,60,0.8529292929292929,0.8833333333333333,0.8833333333333333,logreg,22,16,16,1,new
Subject226,30,0.5851851851851853,0.6333333333333333,0.6333333333333333,rules,22,16,16,1,new
Subject561,60,0.47991341991341996,0.5166666666666667,0.5166666666666667,rules,22,16,16,1,new
Subject731,30,0.6177777777777778,0.6666666666666666,0.6666666666666666,rules,22,16,16,1,new
Subject741,60,0.49148243912949796,0.5333333333333333,0.5333333333333333,rules,22,16,16,1,new
Subject819,60,0.5154364154364154,0.6,0.6,rules,22,16,16,1,new
Subject867,60,0.5917845117845119,0.6333333333333333,0.6333333333333333,rules,22,16,16,1,new
Subject353,60,0.6062145262145262,0.6166666666666667,0.6166666666666667,logreg,23,4,1,4,new
Subject354,60,0.7163369963369963,0.75,0.75,logreg,23,4,1,4,new
Subject424,60,0.6561771561771562,0.7333333333333333,0.7333333333333333,logreg,23,4,1,4,new
Subject455,60,0.6874074074074075,0.6833333333333333,0.6833333333333333,logreg,23,4,1,4,new
Subject494,60,0.6111495911495912,0.6833333333333333,0.6833333333333333,logreg,23,4,1,4,new
Subject731,30,0.6844444444444444,0.7333333333333333,0.7333333333333333,logreg,23,4,1,4,new
Subject353,60,0.2859259259259259,0.3,0.3,rules,23,4,1,4,new
Subject354,60,0.27235277736825725,0.3333333333333333,0.3333333333333333,rules,23,4,1,4,new
Subject424,60,0.3331216931216931,0.4166666666666667,0.4166666666666667,rules,23,4,1,4,new
Subject455,60,0.345974765974766,0.45,0.45,rules,23,4,1,4,new
Subject494,60,0.46531024531024534,0.5333333333333333,0.5333333333333333,rules,23,4,1,4,new
Subject731,30,0.2457142857142857,0.3,0.3,rules,23,4,1,4,new
Subject353,60,0.8026984126984126,0.8,0.8,logreg,23,4,2,2,new
Subject354,60,0.6918903318903318,0.7333333333333333,0.7333333333333333,logreg,23,4,2,2,new
Subject424,60,0.5589050165520753,0.6333333333333333,0.6333333333333333,logreg,23,4,2,2,new
Subject455,60,0.6835978835978835,0.7,0.7,logreg,23,4,2,2,new
Subject494,60,0.5467388167388167,0.6166666666666667,0.6166666666666667,logreg,23,4,2,2,new
Subject731,30,0.6199999999999999,0.6666666666666666,0.6666666666666666,logreg,23,4,2,2,new
Subject353,60,0.3034920634920635,0.36666666666666664,0.36666666666666664,rules,23,4,2,2,new
Subject354,60,0.30249766573295983,0.35,0.35,rules,23,4,2,2,new
Subject424,60,0.3488888888888889,0.45,0.45,rules,23,4,2,2,new
Subject455,60,0.46568986568986565,0.5333333333333333,0.5333333333333333,rules,23,4,2,2,new
Subject494,60,0.435998075998076,0.48333333333333334,0.48333333333333334,rules,23,4,2,2,new
Subject731,30,0.36793650793650795,0.4,0.4,rules,23,4,2,2,new
Subject353,60,0.7324897324897325,0.75,0.75,logreg,23,4,4,1,new
Subject354,60,0.8097354497354499,0.8333333333333334,0.8333333333333334,logreg,23,4,4,1,new
Subject424,60,0.6378510378510377,0.7,0.7,logreg,23,4,4,1,new
Subject455,60,0.7866666666666667,0.8,0.8,logreg,23,4,4,1,new
Subject494,60,0.5418487394957983,0.6333333333333333,0.6333333333333333,logreg,23,4,4,1,new
Subject731,30,0.638095238095238,0.6666666666666666,0.6666666666666666,logreg,23,4,4,1,new
Subject353,60,0.44060606060606056,0.45,0.45,rules,23,4,4,1,new
Subject354,60,0.41473748473748473,0.5,0.5,rules,23,4,4,1,new
Subject424,60,0.35777777777777775,0.45,0.45,rules,23,4,4,1,new
Subject455,60,0.472967772967773,0.5166666666666667,0.5166666666666667,rules,23,4,4,1,new
Subject494,60,0.40278780043485923,0.48333333333333334,0.48333333333333334,rules,23,4,4,1,new
Subject731,30,0.4577777777777778,0.5,0.5,rules,23,4,4,1,new
Subject353,60,0.747903947903948,0.75,0.75,logreg,23,8,2,4,new
Subject354,60,0.715946275946276,0.7333333333333333,0.7333333333333333,logreg,23,8,2,4,new
Subject424,60,0.6358730158730158,0.7,0.7,logreg,23,8,2,4,new
Subject455,60,0.7686609686609687,0.7666666666666667,0.7666666666666667,logreg,23,8,2,4,new
Subject494,60,0.6608465608465609,0.7166666666666667,0.7166666666666667,logreg,23,8,2,4,new
Subject731,30,0.7466666666666666,0.7666666666666667,0.7666666666666667,logreg,23,8,2,4,new
Subject353,60,0.32111111111111107,0.35,0.35,rules,23,8,2,4,new
Subject354,60,0.30356532356532356,0.38333333333333336,0.38333333333333336,rules,23,8,2,4,new
Subject424,60,0.36880230880230885,0.4666666666666667,0.4666666666666667,rules,23,8,2,4,new
Subject455,60,0.42330447330447335,0.48333333333333334,0.48333333333333334,rules,23,8,2,4,new
Subject494,60,0.4103907203907204,0.43333333333333335,0.43333333333333335,rules,23,8,2,4,new
Subject731,30,0.3949206349206349,0.4666666666666667,0.4666666666666667,rules,23,8,2,4,new
Subject353,60,0.75007215007215,0.7666666666666667,0.7666666666666667,logreg,23,8,4,2,new
Subject354,60,0.801077441077441,0.8333333333333334,0.8333333333333334,logreg,23,8,4,2,new
Subject424,60,0.6749206349206349,0.7333333333333333,0.7333333333333333,logreg,23,8,4,2,new
Subject455,60,0.826031746031746,0.8333333333333334,0.8333333333333334,logreg,23,8,4,2,new
Subject494,60,0.6098883572567784,0.6833333333333333,0.6833333333333333,logreg,23,8,4,2,new
Subject731,30,0.7533333333333333,0.8,0.8,logreg,23,8,4,2,new
Subject353,60,0.4697913197913198,0.5,0.5,rules,23,8,4,2,new
Subject354,60,0.3817429193899783,0.48333333333333334,0.48333333333333334,rules,23,8,4,2,new
Subject424,60,0.42558069381598795,0.5166666666666667,0.5166666666666667,rules,23,8,4,2,new
Subject455,60,0.4595360195360196,0.5333333333333333,0.5333333333333333,rules,23,8,4,2,new
Subject494,60,0.3435947712418301,0.43333333333333335,0.43333333333333335,rules,23,8,4,2,new
Subject731,30,0.4057142857142857,0.4666666666666667,0.4666666666666667,rules,23,8,4,2,new
Subject353,60,0.784957264957265,0.8,0.8,logreg,23,8,8,1,new
Subject354,60,0.9111111111111111,0.9333333333333333,0.9333333333333333,logreg,23,8,8,1,new
Subject424,60,0.6878306878306879,0.75,0.75,logreg,23,8,8,1,new
Subject455,60,0.7933333333333333,0.8166666666666667,0.8166666666666667,logreg,23,8,8,1,new
Subject494,60,0.5751072124756337,0.6333333333333333,0.6333333333333333,logreg,23,8,8,1,new
Subject731,30,0.7066666666666667,0.7333333333333333,0.7333333333333333,logreg,23,8,8,1,new
Subject353,60,0.5316870166870167,0.5833333333333334,0.5833333333333334,rules,23,8,8,1,new
Subject354,60,0.47004979769685645,0.5333333333333333,0.5333333333333333,rules,23,8,8,1,new
Subject424,60,0.40293891293891293,0.5,0.5,rules,23,8,8,1,new
Subject455,60,0.650866910866911,0.7,0.7,rules,23,8,8,1,new
Subject494,60,0.3952380952380953,0.4666666666666667,0.4666666666666667,rules,23,8,8,1,new
Subject731,30,0.47888888888888886,0.5333333333333333,0.5333333333333333,rules,23,8,8,1,new
Subject353,60,0.7282569282569283,0.7666666666666667,0.7666666666666667,logreg,23,16,4,4,new
Subject354,60,0.8052910052910053,0.8333333333333334,0.8333333333333334,logreg,23,16,4,4,new
Subject424,60,0.7724542124542124,0.8,0.8,logreg,23,16,4,4,new
Subject455,60,0.8059259259259259,0.8333333333333334,0.8333333333333334,logreg,23,16,4,4,new
Subject494,60,0.683519910888332,0.7333333333333333,0.7333333333333333,logreg,23,16,4,4,new
Subject731,30,0.8777777777777778,0.9,0.9,logreg,23,16,4,4,new
Subject353,60,0.34917378917378916,0.36666666666666664,0.36666666666666664,rules,23,16,4,4,new
Subject354,60,0.48634920634920636,0.5666666666666667,0.5666666666666667,rules,23,16,4,4,new
Subject424,60,0.4042424242424243,0.48333333333333334,0.48333333333333334,rules,23,16,4,4,new
Subject455,60,0.6178451178451179,0.65,0.65,rules,23,16,4,4,new
Subject494,60,0.4442489318959907,0.5,0.5,rules,23,16,4,4,new
Subject731,30,0.3377777777777778,0.36666666666666664,0.36666666666666664,rules,23,16,4,4,new
Subject353,60,0.8097354497354498,0.8333333333333334,0.8333333333333334,logreg,23,16,8,2,new
Subject354,60,0.9111111111111111,0.9333333333333333,0.9333333333333333,logreg,23,16,8,2,new
Subject424,60,0.8772486772486773,0.9,0.9,logreg,23,16,8,2,new
Subject455,60,0.8562626262626264,0.8666666666666667,0.8666666666666667,logreg,23,16,8,2,new
Subject494,60,0.6687830687830689,0.7166666666666667,0.7166666666666667,logreg,23,16,8,2,new
Subject731,30,0.6825396825396824,0.7333333333333333,0.7333333333333333,logreg,23,16,8,2,new
Subject353,60,0.52997557997558,0.5666666666666667,0.5666666666666667,rules,23,16,8,2,new
Subject354,60,0.4261050061050061,0.5,0.5,rules,23,16,8,2,new
Subject424,60,0.3851526251526251,0.48333333333333334,0.48333333333333334,rules,23,16,8,2,new
Subject455,60,0.5734391534391534,0.6333333333333333,0.6333333333333333,rules,23,16,8,2,new
Subject494,60,0.4011079987550576,0.45,0.45,rules,23,16,8,2,new
Subject731,30,0.4466666666666666,0.5,0.5,rules,23,16,8,2,new
Subject353,60,0.8451851851851853,0.85,0.85,logreg,23,16,16,1,new
Subject354,60,0.9830687830687831,0.9833333333333333,0.9833333333333333,logreg,23,16,16,1,new
Subject424,60,0.7314285714285714,0.7666666666666667,0.7666666666666667,logreg,23,16,16,1,new
Subject455,60,0.8247293447293448,0.85,0.85,logreg,23,16,16,1,new
Subject494,60,0.6425589225589226,0.7,0.7,logreg,23,16,16,1,new
Subject731,30,0.8400000000000001,0.8666666666666667,0.8666666666666667,logreg,23,16,16,1,new
Subject353,60,0.4475132275132275,0.5,0.5,rules,23,16,16,1,new
Subject354,60,0.45359477124183,0.5166666666666667,0.5166666666666667,rules,23,16,16,1,new
Subject424,60,0.4473544973544973,0.5166666666666667,0.5166666666666667,rules,23,16,16,1,new
Subject455,60,0.6791726791726792,0.7333333333333333,0.7333333333333333,rules,23,16,16,1,new
Subject494,60,0.44073451602863367,0.48333333333333334,0.48333333333333334,rules,23,16,16,1,new
Subject731,30,0.6066666666666667,0.6333333333333333,0.6333333333333333,rules,23,16,16,1,new
Subject139,60,0.6406452806452807,0.6833333333333333,0.6833333333333333,logreg,24,4,1,4,new
Subject352,30,0.7714285714285712,0.8,0.8,logreg,24,4,1,4,new
Subject353,60,0.6062145262145262,0.6166666666666667,0.6166666666666667,logreg,24,4,1,4,new
Subject611,60,0.7645502645502645,0.8,0.8,logreg,24,4,1,4,new
Subject877,60,0.6559462759462759,0.7,0.7,logreg,24,4,1,4,new
Subject890,30,0.5977777777777776,0.6666666666666666,0.6666666666666666,logreg,24,4,1,4,new
Subject139,60,0.3252584452584453,0.35,0.35,rules,24,4,1,4,new
Subject352,30,0.38476190476190475,0.43333333333333335,0.43333333333333335,rules,24,4,1,4,new
Subject353,60,0.2859259259259259,0.3,0.3,rules,24,4,1,4,new
Subject611,60,0.4192159692159692,0.4666666666666667,0.4666666666666667,rules,24,4,1,4,new
Subject877,60,0.26747474747474753,0.3333333333333333,0.3333333333333333,rules,24,4,1,4,new
Subject890,30,0.4814814814814815,0.5666666666666667,0.5666666666666667,rules,24,4,1,4,new
Subject139,60,0.9312169312169313,0.9333333333333333,0.9333333333333333,logreg,24,4,2,2,new
Subject352,30,0.7936507936507936,0.8333333333333334,0.8333333333333334,logreg,24,4,2,2,new
Subject353,60,0.720918710918711,0.7333333333333333,0.7333333333333333,logreg,24,4,2,2,new
Subject611,60,0.8230687830687831,0.8333333333333334,0.8333333333333334,logreg,24,4,2,2,new
Subject877,60,0.8299326599326597,0.85,0.85,logreg,24,4,2,2,new
Subject890,30,0.6422222222222221,0.7,0.7,logreg,24,4,2,2,new
Subject139,60,0.43539497539497535,0.43333333333333335,0.43333333333333335,rules,24,4,2,2,new
Subject352,30,0.33999999999999997,0.4,0.4,rules,24,4,2,2,new
Subject353,60,0.22825396825396824,0.26666666666666666,0.26666666666666666,rules,24,4,2,2,new
Subject611,60,0.4745607333842628,0.5166666666666667,0.5166666666666667,rules,24,4,2,2,new
Subject877,60,0.49631664631664635,0.5333333333333333,0.5333333333333333,rules,24,4,2,2,new
Subject890,30,0.3480952380952381,0.4,0.4,rules,24,4,2,2,new
Subject139,60,0.9494708994708996,0.95,0.95,logreg,24,4,4,1,new
Subject352,30,0.791111111111111,0.8333333333333334,0.8333333333333334,logreg,24,4,4,1,new
Subject353,60,0.7452910052910053,0.7833333333333333,0.7833333333333333,logreg,24,4,4,1,new
Subject611,60,0.9475132275132275,0.95,0.95,logreg,24,4,4,1,new
Subject877,60,0.9119576719576721,0.9166666666666666,0.9166666666666666,logreg,24,4,4,1,new
Subject890,30,0.7222222222222221,0.7666666666666667,0.7666666666666667,logreg,24,4,4,1,new
Subject139,60,0.40518207282913166,0.43333333333333335,0.43333333333333335,rules,24,4,4,1,new
Subject352,30,0.25015873015873014,0.3,0.3,rules,24,4,4,1,new
Subject353,60,0.5367195767195767,0.5666666666666667,0.5666666666666667,rules,24,4,4,1,new
Subject611,60,0.6668553668553668,0.6666666666666666,0.6666666666666666,rules,24,4,4,1,new
Subject877,60,0.5622414622414623,0.6,0.6,rules,24,4,4,1,new
Subject890,30,0.6244444444444444,0.7,0.7,rules,24,4,4,1,new
Subject139,60,0.9130351130351131,0.9166666666666666,0.9166666666666666,logreg,24,8,2,4,new
Subject352,30,0.8222222222222222,0.8666666666666667,0.8666666666666667,logreg,24,8,2,4,new
Subject353,60,0.5917327117327117,0.6166666666666667,0.6166666666666667,logreg,24,8,2,4,new
Subject611,60,0.8107936507936508,0.8333333333333334,0.8333333333333334,logreg,24,8,2,4,new
Subject877,60,0.8408465608465611,0.85,0.85,logreg,24,8,2,4,new
Subject890,30,0.6555555555555554,0.7,0.7,logreg,24,8,2,4,new
Subject139,60,0.4094757094757095,0.4,0.4,rules,24,8,2,4,new
Subject352,30,0.41777777777777775,0.5,0.5,rules,24,8,2,4,new
Subject353,60,0.28365079365079365,0.31666666666666665,0.31666666666666665,rules,24,8,2,4,new
Subject611,60,0.4103896103896104,0.4666666666666667,0.4666666666666667,rules,24,8,2,4,new
Subject877,60,0.39561327561327564,0.38333333333333336,0.38333333333333336,rules,24,8,2,4,new
Subject890,30,0.45714285714285713,0.5333333333333333,0.5333333333333333,rules,24,8,2,4,new
Subject139,60,0.9312169312169313,0.9333333333333333,0.9333333333333333,logreg,24,8,4,2,new
Subject352,30,0.7866666666666666,0.8333333333333334,0.8333333333333334,logreg,24,8,4,2,new
Subject353,60,0.7463776963776964,0.7833333333333333,0.7833333333333333,logreg,24,8,4,2,new
Subject611,60,0.9661375661375663,0.9666666666666667,0.9666666666666667,logreg,24,8,4,2,new
Subject877,60,0.8186243386243387,0.85,0.85,logreg,24,8,4,2,new
Subject890,30,0.7079365079365079,0.7333333333333333,0.7333333333333333,logreg,24,8,4,2,new
Subject139,60,0.3871957671957672,0.43333333333333335,0.43333333333333335,rules,24,8,4,2,new
Subject352,30,0.25015873015873014,0.3,0.3,rules,24,8,4,2,new
Subject353,60,0.455959595959596,0.5,0.5,rules,24,8,4,2,new
Subject611,60,0.5581673881673882,0.5666666666666667,0.5666666666666667,rules,24,8,4,2,new
Subject877,60,0.625925925925926,0.65,0.65,rules,24,8,4,2,new
Subject890,30,0.508888888888889,0.6,0.6,rules,24,8,4,2,new
Subject139,60,0.9392592592592592,0.95,0.95,logreg,24,8,8,1,new
Subject352,30,0.7644444444444445,0.8,0.8,logreg,24,8,8,1,new
Subject353,60,0.8004040404040403,0.8166666666666667,0.8166666666666667,logreg,24,8,8,1,new
Subject611,60,0.9305820105820107,0.9333333333333333,0.9333333333333333,logreg,24,8,8,1,new
Subject877,60,0.9661375661375663,0.9666666666666667,0.9666666666666667,logreg,24,8,8,1,new
Subject890,30,0.8177777777777778,0.8666666666666667,0.8666666666666667,logreg,24,8,8,1,new
Subject139,60,0.5462626262626262,0.55,0.55,rules,24,8,8,1,new
Subject352,30,0.52,0.5666666666666667,0.5666666666666667,rules,24,8,8,1,new
Subject353,60,0.512104192104192,0.5833333333333334,0.5833333333333334,rules,24,8,8,1,new
Subject611,60,0.5261749144102085,0.5666666666666667,0.5666666666666667,rules,24,8,8,1,new
Subject877,60,0.6411843711843712,0.6833333333333333,0.6833333333333333,rules,24,8,8,1,new
Subject890,30,0.5780952380952381,0.6666666666666666,0.6666666666666666,rules,24,8,8,1,new
Subject139,60,0.9830687830687831,0.9833333333333333,0.9833333333333333,logreg,24,16,4,4,new
Subject352,30,0.8222222222222222,0.8666666666666667,0.8666666666666667,logreg,24,16,4,4,new
Subject353,60,0.745909645909646,0.7666666666666667,0.7666666666666667,logreg,24,16,4,4,new
Subject611,60,0.9308465608465609,0.9333333333333333,0.9333333333333333,logreg,24,16,4,4,new
Subject877,60,0.8334391534391534,0.8666666666666667,0.8666666666666667,logreg,24,16,4,4,new
Subject890,30,0.6644444444444445,0.7333333333333333,0.7333333333333333,logreg,24,16,4,4,new
Subject139,60,0.4875805675805676,0.5166666666666667,0.5166666666666667,rules,24,16,4,4,new
Subject352,30,0.33015873015873015,0.36666666666666664,0.36666666666666664,rules,24,16,4,4,new
Subject353,60,0.4410774410774411,0.48333333333333334,0.48333333333333334,rules,24,16,4,4,new
Subject611,60,0.6208831908831909,0.6166666666666667,0.6166666666666667,rules,24,16,4,4,new
Subject877,60,0.5962674362674363,0.6166666666666667,0.6166666666666667,rules,24,16,4,4,new
Subject890,30,0.6158730158730159,0.6666666666666666,0.6666666666666666,rules,24,16,4,4,new
Subject139,60,0.9830687830687831,0.9833333333333333,0.9833333333333333,logreg,24,16,8,2,new
Subject352,30,0.7866666666666667,0.8333333333333334,0.8333333333333334,logreg,24,16,8,2,new
Subject353,60,0.7881481481481482,0.8,0.8,logreg,24,16,8,2,new
Subject611,60,0.9460317460317461,0.95,0.95,logreg,24,16,8,2,new
Subject877,60,1.0,1.0,1.0,logreg,24,16,8,2,new
Subject890,30,0.7911111111111111,0.8,0.8,logreg,24,16,8,2,new
Subject139,60,0.5384367484367484,0.5333333333333333,0.5333333333333333,rules,24,16,8,2,new
Subject352,30,0.45809523809523806,0.5,0.5,rules,24,16,8,2,new
Subject353,60,0.44231583231583227,0.5,0.5,rules,24,16,8,2,new
Subject611,60,0.522063492063492,0.55,0.55,rules,24,16,8,2,new
Subject877,60,0.5710785510785511,0.6166666666666667,0.6166666666666667,rules,24,16,8,2,new
Subject890,30,0.6225396825396826,0.6666666666666666,0.6666666666666666,rules,24,16,8,2,new
Subject139,60,0.9238095238095239,0.9333333333333333,0.9333333333333333,logreg,24,16,16,1,new
Subject352,30,0.8755555555555555,0.9,0.9,logreg,24,16,16,1,new
Subject353,60,0.8148148148148148,0.8333333333333334,0.8333333333333334,logreg,24,16,16,1,new
Subject611,60,0.9119576719576721,0.9166666666666666,0.9166666666666666,logreg,24,16,16,1,new
Subject877,60,0.9676190476190477,0.9666666666666667,0.9666666666666667,logreg,24,16,16,1,new
Subject890,30,0.8977777777777778,0.9,0.9,logreg,24,16,16,1,new
Subject139,60,0.4985185185185185,0.5166666666666667,0.5166666666666667,rules,24,16,16,1,new
Subject352,30,0.49777777777777776,0.5333333333333333,0.5333333333333333,rules,24,16,16,1,new
Subject353,60,0.491978021978022,0.55,0.55,rules,24,16,16,1,new
Subject611,60,0.5214489214489215,0.5833333333333334,0.5833333333333334,rules,24,16,16,1,new
Subject877,60,0.5965475265475265,0.6666666666666666,0.6666666666666666,rules,24,16,16,1,new
Subject890,30,0.6428571428571428,0.7,0.7,rules,24,16,16,1,new
Subject352,30,0.5225396825396825,0.6,0.6,logreg,25,4,1,4,new
Subject353,60,0.6651256151256152,0.6833333333333333,0.6833333333333333,logreg,25,4,1,4,new
Subject354,60,0.8234391534391535,0.8333333333333334,0.8333333333333334,logreg,25,4,1,4,new
Subject561,60,0.5407407407407407,0.6333333333333333,0.6333333333333333,logreg,25,4,1,4,new
Subject571,30,0.4247619047619048,0.5,0.5,logreg,25,4,1,4,new
Subject611,60,0.7036171236171236,0.7333333333333333,0.7333333333333333,logreg,25,4,1,4,new
Subject352,30,0.2921693121693122,0.36666666666666664,0.36666666666666664,rules,25,4,1,4,new
Subject353,60,0.3183068783068783,0.36666666666666664,0.36666666666666664,rules,25,4,1,4,new
Subject354,60,0.5346127946127945,0.5666666666666667,0.5666666666666667,rules,25,4,1,4,new
Subject561,60,0.5832323232323233,0.65,0.65,rules,25,4,1,4,new
Subject571,30,0.29888888888888887,0.36666666666666664,0.36666666666666664,rules,25,4,1,4,new
Subject611,60,0.4896296296296296,0.5333333333333333,0.5333333333333333,rules,25,4,1,4,new
Subject352,30,0.6844444444444445,0.7333333333333333,0.7333333333333333,logreg,25,4,2,2,new
Subject353,60,0.7816701816701817,0.8166666666666667,0.8166666666666667,logreg,25,4,2,2,new
Subject354,60,0.8023280423280424,0.8166666666666667,0.8166666666666667,logreg,25,4,2,2,new
Subject561,60,0.6475132275132275,0.7166666666666667,0.7166666666666667,logreg,25,4,2,2,new
Subject571,30,0.6666666666666665,0.7333333333333333,0.7333333333333333,logreg,25,4,2,2,new
Subject611,60,0.7866666666666666,0.8,0.8,logreg,25,4,2,2,new
Subject352,30,0.26666666666666666,0.3,0.3,rules,25,4,2,2,new
Subject353,60,0.43622895622895624,0.5,0.5,rules,25,4,2,2,new
Subject354,60,0.6118710918710918,0.6666666666666666,0.6666666666666666,rules,25,4,2,2,new
Subject561,60,0.5674458874458875,0.6333333333333333,0.6333333333333333,rules,25,4,2,2,new
Subject571,30,0.44222222222222224,0.5,0.5,rules,25,4,2,2,new
Subject611,60,0.5930158730158729,0.6333333333333333,0.6333333333333333,rules,25,4,2,2,new
Subject352,30,0.7555555555555554,0.8,0.8,logreg,25,4,4,1,new
Subject353,60,0.7481481481481481,0.7833333333333333,0.7833333333333333,logreg,25,4,4,1,new
Subject354,60,0.859015059015059,0.8666666666666667,0.8666666666666667,logreg,25,4,4,1,new
Subject561,60,0.6996499796499797,0.75,0.75,logreg,25,4,4,1,new
Subject571,30,0.7822222222222223,0.8333333333333334,0.8333333333333334,logreg,25,4,4,1,new
Subject611,60,0.9288888888888889,0.9333333333333333,0.9333333333333333,logreg,25,4,4,1,new
Subject352,30,0.38476190476190475,0.43333333333333335,0.43333333333333335,rules,25,4,4,1,new
Subject353,60,0.46585858585858586,0.5333333333333333,0.5333333333333333,rules,25,4,4,1,new
Subject354,60,0.37886382623224724,0.45,0.45,rules,25,4,4,1,new
Subject561,60,0.38516594516594516,0.45,0.45,rules,25,4,4,1,new
Subject571,30,0.5015873015873017,0.5666666666666667,0.5666666666666667,rules,25,4,4,1,new
Subject611,60,0.4204639804639804,0.5,0.5,rules,25,4,4,1,new
Subject352,30,0.7777777777777776,0.8,0.8,logreg,25,8,2,4,new
Subject353,60,0.7752380952380953,0.8,0.8,logreg,25,8,2,4,new
Subject354,60,0.805978835978836,0.8333333333333334,0.8333333333333334,logreg,25,8,2,4,new
Subject561,60,0.6777777777777778,0.7333333333333333,0.7333333333333333,logreg,25,8,2,4,new
Subject571,30,0.6247619047619047,0.7,0.7,logreg,25,8,2,4,new
Subject611,60,0.7972486772486772,0.8,0.8,logreg,25,8,2,4,new
Subject352,30,0.26666666666666666,0.3,0.3,rules,25,8,2,4,new
Subject353,60,0.4032467532467533,0.4666666666666667,0.4666666666666667,rules,25,8,2,4,new
Subject354,60,0.5898797498797498,0.6333333333333333,0.6333333333333333,rules,25,8,2,4,new
Subject561,60,0.5778162578162579,0.6333333333333333,0.6333333333333333,rules,25,8,2,4,new
Subject571,30,0.40730158730158733,0.5,0.5,rules,25,8,2,4,new
Subject611,60,0.5210582010582011,0.5833333333333334,0.5833333333333334,rules,25,8,2,4,new
Subject352,30,0.7866666666666666,0.8333333333333334,0.8333333333333334,logreg,25,8,4,2,new
Subject353,60,0.7393162393162392,0.7666666666666667,0.7666666666666667,logreg,25,8,4,2,new
Subject354,60,0.9305820105820106,0.9333333333333333,0.9333333333333333,logreg,25,8,4,2,new
Subject561,60,0.7366666666666667,0.7833333333333333,0.7833333333333333,logreg,25,8,4,2,new
Subject571,30,0.7555555555555554,0.8,0.8,logreg,25,8,4,2,new
Subject611,60,0.9312169312169313,0.9333333333333333,0.9333333333333333,logreg,25,8,4,2,new
Subject352,30,0.3603174603174603,0.4,0.4,rules,25,8,4,2,new
Subject353,60,0.4498989898989899,0.5166666666666667,0.5166666666666667,rules,25,8,4,2,new
Subject354,60,0.42158730158730157,0.5,0.5,rules,25,8,4,2,new
Subject561,60,0.4666533466533466,0.5333333333333333,0.5333333333333333,rules,25,8,4,2,new
Subject571,30,0.5447619047619049,0.6,0.6,rules,25,8,4,2,new
Subject611,60,0.5515018315018314,0.6166666666666667,0.6166666666666667,rules,25,8,4,2,new
Subject352,30,0.8888888888888888,0.9,0.9,logreg,25,8,8,1,new
Subject353,60,0.7344107744107744,0.7833333333333333,0.7833333333333333,logreg,25,8,8,1,new
Subject354,60,0.8275132275132275,0.85,0.85,logreg,25,8,8,1,new
Subject561,60,0.7533333333333334,0.8,0.8,logreg,25,8,8,1,new
Subject571,30,0.8755555555555555,0.9,0.9,logreg,25,8,8,1,new
Subject611,60,0.8711111111111111,0.9,0.9,logreg,25,8,8,1,new
Subject352,30,0.40698412698412695,0.4666666666666667,0.4666666666666667,rules,25,8,8,1,new
Subject353,60,0.43486772486772485,0.4666666666666667,0.4666666666666667,rules,25,8,8,1,new
Subject354,60,0.4764021164021164,0.55,0.55,rules,25,8,8,1,new
Subject561,60,0.45516705516705513,0.5333333333333333,0.5333333333333333,rules,25,8,8,1,new
Subject571,30,0.5622222222222223,0.6333333333333333,0.6333333333333333,rules,25,8,8,1,new
Subject611,60,0.53995670995671,0.6,0.6,rules,25,8,8,1,new
Subject352,30,0.7155555555555555,0.7666666666666667,0.7666666666666667,logreg,25,16,4,4,new
Subject353,60,0.7525925925925925,0.7666666666666667,0.7666666666666667,logreg,25,16,4,4,new
Subject354,60,0.8893314093314095,0.9,0.9,logreg,25,16,4,4,new
Subject561,60,0.6522751322751323,0.7166666666666667,0.7166666666666667,logreg,25,16,4,4,new
Subject571,30,0.7555555555555554,0.8,0.8,logreg,25,16,4,4,new
Subject611,60,0.9312169312169313,0.9333333333333333,0.9333333333333333,logreg,25,16,4,4,new
Subject352,30,0.3333333333333333,0.36666666666666664,0.36666666666666664,rules,25,16,4,4,new
Subject353,60,0.4784656084656085,0.5166666666666667,0.5166666666666667,rules,25,16,4,4,new
Subject354,60,0.4585185185185185,0.5333333333333333,0.5333333333333333,rules,25,16,4,4,new
Subject561,60,0.5105879305879306,0.5833333333333334,0.5833333333333334,rules,25,16,4,4,new
Subject571,30,0.6203174603174603,0.6666666666666666,0.6666666666666666,rules,25,16,4,4,new
Subject611,60,0.5612698412698413,0.6,0.6,rules,25,16,4,4,new
Subject352,30,0.9111111111111111,0.9333333333333333,0.9333333333333333,logreg,25,16,8,2,new
Subject353,60,0.7545165945165946,0.7833333333333333,0.7833333333333333,logreg,25,16,8,2,new
Subject354,60,0.8380952380952381,0.8666666666666667,0.8666666666666667,logreg,25,16,8,2,new
Subject561,60,0.7533333333333334,0.8,0.8,logreg,25,16,8,2,new
Subject571,30,0.8444444444444444,0.8666666666666667,0.8666666666666667,logreg,25,16,8,2,new
Subject611,60,0.9288888888888889,0.9333333333333333,0.9333333333333333,logreg,25,16,8,2,new
Subject352,30,0.32126984126984126,0.36666666666666664,0.36666666666666664,rules,25,16,8,2,new
Subject353,60,0.44111592111592113,0.4666666666666667,0.4666666666666667,rules,25,16,8,2,new
Subject354,60,0.43989587754293635,0.5,0.5,rules,25,16,8,2,new
Subject561,60,0.46292929292929297,0.5,0.5,rules,25,16,8,2,new
Subject571,30,0.46476190476190476,0.5,0.5,rules,25,16,8,2,new
Subject611,60,0.5415873015873015,0.5833333333333334,0.5833333333333334,rules,25,16,8,2,new
Subject352,30,0.9111111111111111,0.9333333333333333,0.9333333333333333,logreg,25,16,16,1,new
Subject353,60,0.7432996632996632,0.8,0.8,logreg,25,16,16,1,new
Subject354,60,0.9644444444444444,0.9666666666666667,0.9666666666666667,logreg,25,16,16,1,new
Subject561,60,0.7582202982202982,0.8,0.8,logreg,25,16,16,1,new
Subject571,30,0.8825396825396825,0.9,0.9,logreg,25,16,16,1,new
Subject611,60,0.9223280423280424,0.9333333333333333,0.9333333333333333,logreg,25,16,16,1,new
Subject352,30,0.4088888888888889,0.4666666666666667,0.4666666666666667,rules,25,16,16,1,new
Subject353,60,0.4769023569023569,0.5333333333333333,0.5333333333333333,rules,25,16,16,1,new
Subject354,60,0.4593090569561158,0.5333333333333333,0.5333333333333333,rules,25,16,16,1,new
Subject561,60,0.4645959595959596,0.5,0.5,rules,25,16,16,1,new
Subject571,30,0.6044444444444446,0.6333333333333333,0.6333333333333333,rules,25,16,16,1,new
Subject611,60,0.5368590668590668,0.5833333333333334,0.5833333333333334,rules,25,16,16,1,new
Subject147,31,0.7022222222222223,0.7777777777777778,0.7741935483870968,logreg,26,4,1,4,new
Subject352,30,0.4568253968253968,0.5333333333333333,0.5333333333333333,logreg,26,4,1,4,new
Subject494,60,0.596971916971917,0.65,0.65,logreg,26,4,1,4,new
Subject580,90,0.6245480445480445,0.6333333333333333,0.6333333333333333,logreg,26,4,1,4,new
Subject611,60,0.6918710918710919,0.7333333333333333,0.7333333333333333,logreg,26,4,1,4,new
Subject969,30,0.3762962962962963,0.4666666666666667,0.4666666666666667,logreg,26,4,1,4,new
Subject147,31,0.5625396825396826,0.6333333333333333,0.6451612903225806,rules,26,4,1,4,new
Subject352,30,0.3603174603174603,0.43333333333333335,0.43333333333333335,rules,26,4,1,4,new
Subject494,60,0.42790986790986796,0.5166666666666667,0.5166666666666667,rules,26,4,1,4,new
Subject580,90,0.4835764235764236,0.5111111111111112,0.5111111111111111,rules,26,4,1,4,new
Subject611,60,0.4424109224109224,0.5333333333333333,0.5333333333333333,rules,26,4,1,4,new
Subject969,30,0.17629629629629628,0.23333333333333334,0.23333333333333334,rules,26,4,1,4,new
Subject147,31,0.7844444444444445,0.8333333333333334,0.8387096774193549,logreg,26,4,2,2,new
Subject352,30,0.7936507936507937,0.8333333333333334,0.8333333333333334,logreg,26,4,2,2,new
Subject494,60,0.495882635882636,0.55,0.55,logreg,26,4,2,2,new
Subject580,90,0.6881335331335331,0.6888888888888888,0.6888888888888889,logreg,26,4,2,2,new
Subject611,60,0.8781144781144781,0.9,0.9,logreg,26,4,2,2,new
Subject969,30,0.4177777777777777,0.5333333333333333,0.5333333333333333,logreg,26,4,2,2,new
Subject147,31,0.3612698412698413,0.4,0.41935483870967744,rules,26,4,2,2,new
Subject352,30,0.42793650793650795,0.4666666666666667,0.4666666666666667,rules,26,4,2,2,new
Subject494,60,0.4532682132682132,0.5166666666666667,0.5166666666666667,rules,26,4,2,2,new
Subject580,90,0.4572871572871573,0.47777777777777786,0.4777777777777778,rules,26,4,2,2,new
Subject611,60,0.4551256151256151,0.5,0.5,rules,26,4,2,2,new
Subject969,30,0.2211111111111111,0.3,0.3,rules,26,4,2,2,new
Subject147,31,0.8222222222222222,0.8333333333333334,0.8387096774193549,logreg,26,4,4,1,new
Subject352,30,0.7533333333333334,0.8,0.8,logreg,26,4,4,1,new
Subject494,60,0.5566137566137566,0.6,0.6,logreg,26,4,4,1,new
Subject580,90,0.669396855867444,0.711111111111111,0.7111111111111111,logreg,26,4,4,1,new
Subject611,60,0.9392592592592593,0.95,0.95,logreg,26,4,4,1,new
Subject969,30,0.5755555555555555,0.6333333333333333,0.6333333333333333,logreg,26,4,4,1,new
Subject147,31,0.5047619047619047,0.5666666666666667,0.5806451612903226,rules,26,4,4,1,new
Subject352,30,0.49333333333333335,0.5333333333333333,0.5333333333333333,rules,26,4,4,1,new
Subject494,60,0.5310582010582011,0.5833333333333334,0.5833333333333334,rules,26,4,4,1,new
Subject580,90,0.49215303215303213,0.5444444444444445,0.5444444444444444,rules,26,4,4,1,new
Subject611,60,0.5507070707070708,0.6166666666666667,0.6166666666666667,rules,26,4,4,1,new
Subject969,30,0.15333333333333332,0.26666666666666666,0.26666666666666666,rules,26,4,4,1,new
Subject147,31,0.6822222222222223,0.7333333333333333,0.7419354838709677,logreg,26,8,2,4,new
Subject352,30,0.8311111111111111,0.8666666666666667,0.8666666666666667,logreg,26,8,2,4,new
Subject494,60,0.3756613756613757,0.45,0.45,logreg,26,8,2,4,new
Subject580,90,0.6692188856894739,0.6888888888888888,0.6888888888888889,logreg,26,8,2,4,new
Subject611,60,0.8578162578162577,0.8833333333333333,0.8833333333333333,logreg,26,8,2,4,new
Subject969,30,0.5003174603174603,0.5666666666666667,0.5666666666666667,logreg,26,8,2,4,new
Subject147,31,0.3879365079365079,0.4,0.41935483870967744,rules,26,8,2,4,new
Subject352,30,0.4533333333333333,0.5333333333333333,0.5333333333333333,rules,26,8,2,4,new
Subject494,60,0.40246864246864245,0.4666666666666667,0.4666666666666667,rules,26,8,2,4,new
Subject580,90,0.5115264691735281,0.5222222222222223,0.5222222222222223,rules,26,8,2,4,new
Subject611,60,0.4773478373478373,0.5166666666666667,0.5166666666666667,rules,26,8,2,4,new
Subject969,30,0.298095238095238,0.36666666666666664,0.36666666666666664,rules,26,8,2,4,new
Subject147,31,0.8888888888888888,0.9,0.9032258064516129,logreg,26,8,4,2,new
Subject352,30,0.9111111111111111,0.9333333333333333,0.9333333333333333,logreg,26,8,4,2,new
Subject494,60,0.5286772486772485,0.5666666666666667,0.5666666666666667,logreg,26,8,4,2,new
Subject580,90,0.7311865911865911,0.7555555555555554,0.7555555555555555,logreg,26,8,4,2,new
Subject611,60,0.9475132275132275,0.95,0.95,logreg,26,8,4,2,new
Subject969,30,0.606984126984127,0.6666666666666666,0.6666666666666666,logreg,26,8,4,2,new
Subject147,31,0.4736507936507936,0.5333333333333333,0.5483870967741935,rules,26,8,4,2,new
Subject352,30,0.5355555555555556,0.5666666666666667,0.5666666666666667,rules,26,8,4,2,new
Subject494,60,0.45784511784511783,0.5,0.5,rules,26,8,4,2,new
Subject580,90,0.42884518989782155,0.4666666666666667,0.4666666666666667,rules,26,8,4,2,new
Subject611,60,0.47462807345160285,0.5166666666666667,0.5166666666666667,rules,26,8,4,2,new
Subject969,30,0.1562962962962963,0.26666666666666666,0.26666666666666666,rules,26,8,4,2,new
Subject147,31,0.9311111111111111,0.9333333333333333,0.9354838709677419,logreg,26,8,8,1,new
Subject352,30,0.7666666666666667,0.8,0.8,logreg,26,8,8,1,new
Subject494,60,0.6537566137566138,0.7166666666666667,0.7166666666666667,logreg,26,8,8,1,new
Subject580,90,0.7457682668208985,0.7666666666666667,0.7666666666666667,logreg,26,8,8,1,new
Subject611,60,0.9475132275132275,0.95,0.95,logreg,26,8,8,1,new
Subject969,30,0.76,0.8,0.8,logreg,26,8,8,1,new
Subject147,31,0.5225396825396825,0.6,0.6129032258064516,rules,26,8,8,1,new
Subject352,30,0.47555555555555556,0.5,0.5,rules,26,8,8,1,new
Subject494,60,0.42481170245876126,0.5,0.5,rules,26,8,8,1,new
Subject580,90,0.5802635273223509,0.611111111111111,0.6111111111111112,rules,26,8,8,1,new
Subject611,60,0.5231918408388997,0.5666666666666667,0.5666666666666667,rules,26,8,8,1,new
Subject969,30,0.1914285714285714,0.3333333333333333,0.3333333333333333,rules,26,8,8,1,new
Subject147,31,0.8888888888888888,0.9,0.9032258064516129,logreg,26,16,4,4,new
Subject352,30,0.8888888888888888,0.9,0.9,logreg,26,16,4,4,new
Subject494,60,0.6126984126984127,0.65,0.65,logreg,26,16,4,4,new
Subject580,90,0.753982683982684,0.7666666666666668,0.7666666666666667,logreg,26,16,4,4,new
Subject611,60,0.9077441077441077,0.9333333333333333,0.9333333333333333,logreg,26,16,4,4,new
Subject969,30,0.7088888888888889,0.7666666666666667,0.7666666666666667,logreg,26,16,4,4,new
Subject147,31,0.5311111111111111,0.5666666666666667,0.5806451612903226,rules,26,16,4,4,new
Subject352,30,0.551111111111111,0.6,0.6,rules,26,16,4,4,new
Subject494,60,0.41183261183261183,0.4666666666666667,0.4666666666666667,rules,26,16,4,4,new
Subject580,90,0.538617596140816,0.5555555555555556,0.5555555555555556,rules,26,16,4,4,new
Subject611,60,0.5733007733007732,0.6,0.6,rules,26,16,4,4,new
Subject969,30,0.22476190476190475,0.3333333333333333,0.3333333333333333,rules,26,16,4,4,new
Subject147,31,0.8800000000000001,0.9,0.9032258064516129,logreg,26,16,8,2,new
Subject352,30,0.8555555555555555,0.8666666666666667,0.8666666666666667,logreg,26,16,8,2,new
Subject494,60,0.6555555555555554,0.7333333333333333,0.7333333333333333,logreg,26,16,8,2,new
Subject580,90,0.778089688089688,0.7888888888888889,0.7888888888888889,logreg,26,16,8,2,new
Subject611,60,0.9111111111111111,0.9333333333333333,0.9333333333333333,logreg,26,16,8,2,new
Subject969,30,0.6425396825396826,0.7,0.7,logreg,26,16,8,2,new
Subject147,31,0.5492063492063493,0.6,0.6129032258064516,rules,26,16,8,2,new
Subject352,30,0.4380952380952381,0.4666666666666667,0.4666666666666667,rules,26,16,8,2,new
Subject494,60,0.4010021786492375,0.48333333333333334,0.48333333333333334,rules,26,16,8,2,new
Subject580,90,0.5982938303526539,0.6333333333333333,0.6333333333333333,rules,26,16,8,2,new
Subject611,60,0.530991970991971,0.5833333333333334,0.5833333333333334,rules,26,16,8,2,new
Subject969,30,0.19439153439153442,0.3333333333333333,0.3333333333333333,rules,26,16,8,2,new
Subject147,31,0.9311111111111111,0.9333333333333333,0.9354838709677419,logreg,26,16,16,1,new
Subject352,30,0.9111111111111111,0.9333333333333333,0.9333333333333333,logreg,26,16,16,1,new
Subject494,60,0.7896296296296297,0.8166666666666667,0.8166666666666667,logreg,26,16,16,1,new
Subject580,90,0.8652602952602952,0.8666666666666667,0.8666666666666667,logreg,26,16,16,1,new
Subject611,60,0.9661375661375663,0.9666666666666667,0.9666666666666667,logreg,26,16,16,1,new
Subject969,30,0.6933333333333332,0.7333333333333333,0.7333333333333333,logreg,26,16,16,1,new
Subject147,31,0.5403174603174603,0.6,0.6129032258064516,rules,26,16,16,1,new
Subject352,30,0.5111111111111111,0.5333333333333333,0.5333333333333333,rules,26,16,16,1,new
Subject494,60,0.5043386243386243,0.55,0.55,rules,26,16,16,1,new
Subject580,90,0.5239986422595119,0.5444444444444445,0.5444444444444444,rules,26,16,16,1,new
Subject611,60,0.5451526251526251,0.6,0.6,rules,26,16,16,1,new
Subject969,30,0.15925925925925927,0.26666666666666666,0.26666666666666666,rules,26,16,16,1,new
Subject226,30,0.5079365079365079,0.5666666666666667,0.5666666666666667,logreg,27,4,1,4,new
Subject352,30,0.7333333333333332,0.8,0.8,logreg,27,4,1,4,new
Subject611,60,0.6807936507936508,0.7166666666666667,0.7166666666666667,logreg,27,4,1,4,new
Subject741,60,0.49798630563336455,0.5666666666666667,0.5666666666666667,logreg,27,4,1,4,new
Subject890,30,0.43777777777777777,0.5,0.5,logreg,27,4,1,4,new
Subject969,30,0.49841269841269836,0.5666666666666667,0.5666666666666667,logreg,27,4,1,4,new
Subject226,30,0.3488888888888889,0.4666666666666667,0.4666666666666667,rules,27,4,1,4,new
Subject352,30,0.5599999999999999,0.6333333333333333,0.6333333333333333,rules,27,4,1,4,new
Subject611,60,0.5176393976393977,0.5833333333333334,0.5833333333333334,rules,27,4,1,4,new
Subject741,60,0.2756643356643357,0.36666666666666664,0.36666666666666664,rules,27,4,1,4,new
Subject890,30,0.36190476190476184,0.43333333333333335,0.43333333333333335,rules,27,4,1,4,new
Subject969,30,0.3777777777777777,0.4666666666666667,0.4666666666666667,rules,27,4,1,4,new
Subject226,30,0.7822222222222223,0.8333333333333334,0.8333333333333334,logreg,27,4,2,2,new
Subject352,30,0.7936507936507936,0.8333333333333334,0.8333333333333334,logreg,27,4,2,2,new
Subject611,60,0.8230687830687831,0.8333333333333334,0.8333333333333334,logreg,27,4,2,2,new
Subject741,60,0.6985185185185185,0.75,0.75,logreg,27,4,2,2,new
Subject890,30,0.6422222222222221,0.7,0.7,logreg,27,4,2,2,new
Subject969,30,0.546984126984127,0.6333333333333333,0.6333333333333333,logreg,27,4,2,2,new
Subject226,30,0.37999999999999995,0.4,0.4,rules,27,4,2,2,new
Subject352,30,0.33999999999999997,0.4,0.4,rules,27,4,2,2,new
Subject611,60,0.4745607333842628,0.5166666666666667,0.5166666666666667,rules,27,4,2,2,new
Subject741,60,0.42888851888851887,0.48333333333333334,0.48333333333333334,rules,27,4,2,2,new
Subject890,30,0.3480952380952381,0.4,0.4,rules,27,4,2,2,new
Subject969,30,0.17883597883597882,0.26666666666666666,0.26666666666666666,rules,27,4,2,2,new
Subject226,30,0.6936507936507936,0.7333333333333333,0.7333333333333333,logreg,27,4,4,1,new
Subject352,30,0.7866666666666666,0.8333333333333334,0.8333333333333334,logreg,27,4,4,1,new
Subject611,60,0.8052910052910053,0.85,0.85,logreg,27,4,4,1,new
Subject741,60,0.6292063492063492,0.6833333333333333,0.6833333333333333,logreg,27,4,4,1,new
Subject890,30,0.6336507936507938,0.7,0.7,logreg,27,4,4,1,new
Subject969,30,0.8044444444444444,0.8333333333333334,0.8333333333333334,logreg,27,4,4,1,new
Subject226,30,0.3888888888888889,0.4666666666666667,0.4666666666666667,rules,27,4,4,1,new
Subject352,30,0.47904761904761906,0.5333333333333333,0.5333333333333333,rules,27,4,4,1,new
Subject611,60,0.45449735449735446,0.5166666666666667,0.5166666666666667,rules,27,4,4,1,new
Subject741,60,0.4155229955229955,0.5,0.5,rules,27,4,4,1,new
Subject890,30,0.3777777777777778,0.43333333333333335,0.43333333333333335,rules,27,4,4,1,new
Subject969,30,0.31,0.36666666666666664,0.36666666666666664,rules,27,4,4,1,new
Subject226,30,0.8177777777777777,0.8666666666666667,0.8666666666666667,logreg,27,8,2,4,new
Subject352,30,0.8222222222222222,0.8666666666666667,0.8666666666666667,logreg,27,8,2,4,new
Subject611,60,0.8107936507936508,0.8333333333333334,0.8333333333333334,logreg,27,8,2,4,new
Subject741,60,0.6303651903651903,0.6833333333333333,0.6833333333333333,logreg,27,8,2,4,new
Subject890,30,0.6555555555555554,0.7,0.7,logreg,27,8,2,4,new
Subject969,30,0.5911111111111111,0.6666666666666666,0.6666666666666666,logreg,27,8,2,4,new
Subject226,30,0.36666666666666664,0.4,0.4,rules,27,8,2,4,new
Subject352,30,0.41777777777777775,0.5,0.5,rules,27,8,2,4,new
Subject611,60,0.4103896103896104,0.4666666666666667,0.4666666666666667,rules,27,8,2,4,new
Subject741,60,0.33709956709956707,0.36666666666666664,0.36666666666666664,rules,27,8,2,4,new
Subject890,30,0.45714285714285713,0.5333333333333333,0.5333333333333333,rules,27,8,2,4,new
Subject969,30,0.24550264550264553,0.3333333333333333,0.3333333333333333,rules,27,8,2,4,new
Subject226,30,0.7533333333333333,0.8,0.8,logreg,27,8,4,2,new
Subject352,30,0.9111111111111111,0.9333333333333333,0.9333333333333333,logreg,27,8,4,2,new
Subject611,60,0.8456817256817257,0.8666666666666667,0.8666666666666667,logreg,27,8,4,2,new
Subject741,60,0.6165656565656565,0.6666666666666666,0.6666666666666666,logreg,27,8,4,2,new
Subject890,30,0.6422222222222221,0.7,0.7,logreg,27,8,4,2,new
Subject969,30,0.8755555555555555,0.9,0.9,logreg,27,8,4,2,new
Subject226,30,0.46476190476190476,0.5333333333333333,0.5333333333333333,rules,27,8,4,2,new
Subject352,30,0.5012698412698413,0.5666666666666667,0.5666666666666667,rules,27,8,4,2,new
Subject611,60,0.437989417989418,0.5166666666666667,0.5166666666666667,rules,27,8,4,2,new
Subject741,60,0.477089947089947,0.55,0.55,rules,27,8,4,2,new
Subject890,30,0.38253968253968257,0.4666666666666667,0.4666666666666667,rules,27,8,4,2,new
Subject969,30,0.31,0.36666666666666664,0.36666666666666664,rules,27,8,4,2,new
Subject226,30,0.7533333333333333,0.8,0.8,logreg,27,8,8,1,new
Subject352,30,0.9111111111111111,0.9333333333333333,0.9333333333333333,logreg,27,8,8,1,new
Subject611,60,0.9460317460317461,0.95,0.95,logreg,27,8,8,1,new
Subject741,60,0.7399470899470899,0.7666666666666667,0.7666666666666667,logreg,27,8,8,1,new
Subject890,30,0.6400000000000001,0.7,0.7,logreg,27,8,8,1,new
Subject969,30,0.7977777777777778,0.8333333333333334,0.8333333333333334,logreg,27,8,8,1,new
Subject226,30,0.5851851851851851,0.6666666666666666,0.6666666666666666,rules,27,8,8,1,new
Subject352,30,0.4803174603174603,0.5333333333333333,0.5333333333333333,rules,27,8,8,1,new
Subject611,60,0.6095430495430495,0.65,0.65,rules,27,8,8,1,new
Subject741,60,0.474094424094424,0.5333333333333333,0.5333333333333333,rules,27,8,8,1,new
Subject890,30,0.72,0.7666666666666667,0.7666666666666667,rules,27,8,8,1,new
Subject969,30,0.1562962962962963,0.26666666666666666,0.26666666666666666,rules,27,8,8,1,new
Subject226,30,0.8355555555555557,0.8666666666666667,0.8666666666666667,logreg,27,16,4,4,new
Subject352,30,0.9111111111111111,0.9333333333333333,0.9333333333333333,logreg,27,16,4,4,new
Subject611,60,0.8626129426129426,0.8833333333333333,0.8833333333333333,logreg,27,16,4,4,new
Subject741,60,0.5858056758056758,0.65,0.65,logreg,27,16,4,4,new
Subject890,30,0.6555555555555556,0.7,0.7,logreg,27,16,4,4,new
Subject969,30,0.6777777777777777,0.7333333333333333,0.7333333333333333,logreg,27,16,4,4,new
Subject226,30,0.4333333333333333,0.5,0.5,rules,27,16,4,4,new
Subject352,30,0.4590476190476191,0.5333333333333333,0.5333333333333333,rules,27,16,4,4,new
Subject611,60,0.43677248677248676,0.5166666666666667,0.5166666666666667,rules,27,16,4,4,new
Subject741,60,0.4550762527233116,0.5333333333333333,0.5333333333333333,rules,27,16,4,4,new
Subject890,30,0.38253968253968257,0.4666666666666667,0.4666666666666667,rules,27,16,4,4,new
Subject969,30,0.282020202020202,0.3333333333333333,0.3333333333333333,rules,27,16,4,4,new
Subject226,30,0.7892063492063492,0.8333333333333334,0.8333333333333334,logreg,27,16,8,2,new
Subject352,30,0.9111111111111111,0.9333333333333333,0.9333333333333333,logreg,27,16,8,2,new
Subject611,60,0.9475132275132275,0.95,0.95,logreg,27,16,8,2,new
Subject741,60,0.7754689754689753,0.8,0.8,logreg,27,16,8,2,new
Subject890,30,0.6088888888888887,0.6333333333333333,0.6333333333333333,logreg,27,16,8,2,new
Subject969,30,0.7492063492063491,0.8,0.8,logreg,27,16,8,2,new
Subject226,30,0.5380952380952381,0.6,0.6,rules,27,16,8,2,new
Subject352,30,0.5088888888888888,0.5333333333333333,0.5333333333333333,rules,27,16,8,2,new
Subject611,60,0.5618362900715842,0.6,0.6,rules,27,16,8,2,new
Subject741,60,0.493988603988604,0.5833333333333334,0.5833333333333334,rules,27,16,8,2,new
Subject890,30,0.5666666666666667,0.6333333333333333,0.6333333333333333,rules,27,16,8,2,new
Subject969,30,0.2529100529100529,0.36666666666666664,0.36666666666666664,rules,27,16,8,2,new
Subject226,30,0.7888888888888889,0.8333333333333334,0.8333333333333334,logreg,27,16,16,1,new
Subject352,30,0.9111111111111111,0.9333333333333333,0.9333333333333333,logreg,27,16,16,1,new
Subject611,60,0.9475132275132275,0.95,0.95,logreg,27,16,16,1,new
Subject741,60,0.9497354497354498,0.95,0.95,logreg,27,16,16,1,new
Subject890,30,0.8755555555555555,0.9,0.9,logreg,27,16,16,1,new
Subject969,30,0.8755555555555555,0.9,0.9,logreg,27,16,16,1,new
Subject226,30,0.5588888888888889,0.6,0.6,rules,27,16,16,1,new
Subject352,30,0.47555555555555556,0.5,0.5,rules,27,16,16,1,new
Subject611,60,0.493036223036223,0.5333333333333333,0.5333333333333333,rules,27,16,16,1,new
Subject741,60,0.4454334554334554,0.5,0.5,rules,27,16,16,1,new
Subject890,30,0.6936507936507935,0.7333333333333333,0.7333333333333333,rules,27,16,16,1,new
Subject969,30,0.15333333333333332,0.26666666666666666,0.26666666666666666,rules,27,16,16,1,new
Subject139,60,0.700913900913901,0.7666666666666667,0.7666666666666667,logreg,28,4,1,4,new
Subject352,30,0.6422222222222221,0.7,0.7,logreg,28,4,1,4,new
Subject494,60,0.6112169312169312,0.65,0.65,logreg,28,4,1,4,new
Subject516,30,0.6311111111111111,0.6666666666666666,0.6666666666666666,logreg,28,4,1,4,new
Subject729,60,0.84,0.8666666666666667,0.8666666666666667,logreg,28,4,1,4,new
Subject877,60,0.8321885521885523,0.85,0.85,logreg,28,4,1,4,new
Subject139,60,0.38253968253968257,0.43333333333333335,0.43333333333333335,rules,28,4,1,4,new
Subject352,30,0.26666666666666666,0.3333333333333333,0.3333333333333333,rules,28,4,1,4,new
Subject494,60,0.45880341880341885,0.5333333333333333,0.5333333333333333,rules,28,4,1,4,new
Subject516,30,0.6692063492063494,0.7333333333333333,0.7333333333333333,rules,28,4,1,4,new
Subject729,60,0.40077552077552075,0.5,0.5,rules,28,4,1,4,new
Subject877,60,0.5532275132275132,0.6,0.6,rules,28,4,1,4,new
Subject139,60,0.5932275132275132,0.6833333333333333,0.6833333333333333,logreg,28,4,2,2,new
Subject352,30,0.6977777777777778,0.7666666666666667,0.7666666666666667,logreg,28,4,2,2,new
Subject494,60,0.701851851851852,0.7333333333333333,0.7333333333333333,logreg,28,4,2,2,new
Subject516,30,0.7936507936507936,0.8333333333333334,0.8333333333333334,logreg,28,4,2,2,new
Subject729,60,0.7766870166870168,0.8,0.8,logreg,28,4,2,2,new
Subject877,60,0.8297017797017797,0.85,0.85,logreg,28,4,2,2,new
Subject139,60,0.46653642653642646,0.5,0.5,rules,28,4,2,2,new
Subject352,30,0.41333333333333333,0.43333333333333335,0.43333333333333335,rules,28,4,2,2,new
Subject494,60,0.3473970800441389,0.43333333333333335,0.43333333333333335,rules,28,4,2,2,new
Subject516,30,0.49142857142857144,0.5333333333333333,0.5333333333333333,rules,28,4,2,2,new
Subject729,60,0.5872612572612571,0.6333333333333333,0.6333333333333333,rules,28,4,2,2,new
Subject877,60,0.5428763828763828,0.6,0.6,rules,28,4,2,2,new
Subject139,60,0.7944973544973545,0.8166666666666667,0.8166666666666667,logreg,28,4,4,1,new
Subject352,30,0.7999999999999999,0.8333333333333334,0.8333333333333334,logreg,28,4,4,1,new
Subject494,60,0.5091166567637156,0.5833333333333334,0.5833333333333334,logreg,28,4,4,1,new
Subject516,30,0.8755555555555555,0.9,0.9,logreg,28,4,4,1,new
Subject729,60,0.8088888888888889,0.8333333333333334,0.8333333333333334,logreg,28,4,4,1,new
Subject877,60,0.7513227513227513,0.7666666666666667,0.7666666666666667,logreg,28,4,4,1,new
Subject139,60,0.4954112554112554,0.5166666666666667,0.5166666666666667,rules,28,4,4,1,new
Subject352,30,0.3726984126984127,0.43333333333333335,0.43333333333333335,rules,28,4,4,1,new
Subject494,60,0.40977192741898627,0.48333333333333334,0.48333333333333334,rules,28,4,4,1,new
Subject516,30,0.5866666666666666,0.6,0.6,rules,28,4,4,1,new
Subject729,60,0.4830687830687831,0.5166666666666667,0.5166666666666667,rules,28,4,4,1,new
Subject877,60,0.6062193362193361,0.65,0.65,rules,28,4,4,1,new
Subject139,60,0.7892977392977393,0.8166666666666667,0.8166666666666667,logreg,28,8,2,4,new
Subject352,30,0.7511111111111111,0.8,0.8,logreg,28,8,2,4,new
Subject494,60,0.6481759955444166,0.6833333333333333,0.6833333333333333,logreg,28,8,2,4,new
Subject516,30,0.8114285714285714,0.8333333333333334,0.8333333333333334,logreg,28,8,2,4,new
Subject729,60,0.8434054834054834,0.8666666666666667,0.8666666666666667,logreg,28,8,2,4,new
Subject877,60,0.7976393976393976,0.8166666666666667,0.8166666666666667,logreg,28,8,2,4,new
Subject139,60,0.50005291005291,0.5333333333333333,0.5333333333333333,rules,28,8,2,4,new
Subject352,30,0.3622222222222222,0.36666666666666664,0.36666666666666664,rules,28,8,2,4,new
Subject494,60,0.38467532467532467,0.4666666666666667,0.4666666666666667,rules,28,8,2,4,new
Subject516,30,0.5155555555555555,0.5333333333333333,0.5333333333333333,rules,28,8,2,4,new
Subject729,60,0.5550937950937951,0.6,0.6,rules,28,8,2,4,new
Subject877,60,0.6381673881673883,0.6833333333333333,0.6833333333333333,rules,28,8,2,4,new
Subject139,60,0.7322943722943723,0.7666666666666667,0.7666666666666667,logreg,28,8,4,2,new
Subject352,30,0.8533333333333333,0.8666666666666667,0.8666666666666667,logreg,28,8,4,2,new
Subject494,60,0.6284095860566449,0.7,0.7,logreg,28,8,4,2,new
Subject516,30,0.8755555555555555,0.9,0.9,logreg,28,8,4,2,new
Subject729,60,0.8355555555555555,0.85,0.85,logreg,28,8,4,2,new
Subject877,60,0.7875132275132276,0.8,0.8,logreg,28,8,4,2,new
Subject139,60,0.542077922077922,0.5666666666666667,0.5666666666666667,rules,28,8,4,2,new
Subject352,30,0.35936507936507933,0.4,0.4,rules,28,8,4,2,new
Subject494,60,0.40999688764394643,0.5,0.5,rules,28,8,4,2,new
Subject516,30,0.6,0.6333333333333333,0.6333333333333333,rules,28,8,4,2,new
Subject729,60,0.4883190883190884,0.5166666666666667,0.5166666666666667,rules,28,8,4,2,new
Subject877,60,0.5902319902319901,0.65,0.65,rules,28,8,4,2,new
Subject139,60,0.8522943722943723,0.8666666666666667,0.8666666666666667,logreg,28,8,8,1,new
Subject352,30,0.6533333333333334,0.7333333333333333,0.7333333333333333,logreg,28,8,8,1,new
Subject494,60,0.6958142831827043,0.75,0.75,logreg,28,8,8,1,new
Subject516,30,0.9111111111111111,0.9333333333333333,0.9333333333333333,logreg,28,8,8,1,new
Subject729,60,0.8960846560846563,0.9,0.9,logreg,28,8,8,1,new
Subject877,60,0.8755555555555555,0.9,0.9,logreg,28,8,8,1,new
Subject139,60,0.4685978835978836,0.48333333333333334,0.48333333333333334,rules,28,8,8,1,new
Subject352,30,0.3555555555555555,0.4,0.4,rules,28,8,8,1,new
Subject494,60,0.4448117024587612,0.5,0.5,rules,28,8,8,1,new
Subject516,30,0.4603174603174603,0.5,0.5,rules,28,8,8,1,new
Subject729,60,0.5394383394383394,0.5833333333333334,0.5833333333333334,rules,28,8,8,1,new
Subject877,60,0.6766810966810968,0.7,0.7,rules,28,8,8,1,new
Subject139,60,0.7716931216931219,0.8,0.8,logreg,28,16,4,4,new
Subject352,30,0.7555555555555556,0.7666666666666667,0.7666666666666667,logreg,28,16,4,4,new
Subject494,60,0.6472648049118638,0.7,0.7,logreg,28,16,4,4,new
Subject516,30,0.8222222222222222,0.8666666666666667,0.8666666666666667,logreg,28,16,4,4,new
Subject729,60,0.8355555555555555,0.85,0.85,logreg,28,16,4,4,new
Subject877,60,0.7705820105820106,0.7833333333333333,0.7833333333333333,logreg,28,16,4,4,new
Subject139,60,0.5430303030303031,0.5833333333333334,0.5833333333333334,rules,28,16,4,4,new
Subject352,30,0.26825396825396824,0.3333333333333333,0.3333333333333333,rules,28,16,4,4,new
Subject494,60,0.4760286336756925,0.55,0.55,rules,28,16,4,4,new
Subject516,30,0.4666666666666667,0.5,0.5,rules,28,16,4,4,new
Subject729,60,0.47351611351611356,0.5,0.5,rules,28,16,4,4,new
Subject877,60,0.6053054353054353,0.65,0.65,rules,28,16,4,4,new
Subject139,60,0.8732804232804234,0.8833333333333333,0.8833333333333333,logreg,28,16,8,2,new
Subject352,30,0.7866666666666666,0.8333333333333334,0.8333333333333334,logreg,28,16,8,2,new
Subject494,60,0.8017429193899782,0.8333333333333334,0.8333333333333334,logreg,28,16,8,2,new
Subject516,30,0.8933333333333333,0.9,0.9,logreg,28,16,8,2,new
Subject729,60,0.8960846560846562,0.9,0.9,logreg,28,16,8,2,new
Subject877,60,0.9288888888888889,0.9333333333333333,0.9333333333333333,logreg,28,16,8,2,new
Subject139,60,0.5180423280423281,0.5333333333333333,0.5333333333333333,rules,28,16,8,2,new
Subject352,30,0.3977777777777778,0.43333333333333335,0.43333333333333335,rules,28,16,8,2,new
Subject494,60,0.40322440087145967,0.48333333333333334,0.48333333333333334,rules,28,16,8,2,new
Subject516,30,0.5111111111111112,0.5333333333333333,0.5333333333333333,rules,28,16,8,2,new
Subject729,60,0.47513227513227513,0.5,0.5,rules,28,16,8,2,new
Subject877,60,0.6668590668590668,0.7,0.7,rules,28,16,8,2,new
Subject139,60,0.9418181818181818,0.95,0.95,logreg,28,16,16,1,new
Subject352,30,0.8755555555555555,0.9,0.9,logreg,28,16,16,1,new
Subject494,60,0.6725146198830408,0.7333333333333333,0.7333333333333333,logreg,28,16,16,1,new
Subject516,30,0.9288888888888888,0.9333333333333333,0.9333333333333333,logreg,28,16,16,1,new
Subject729,60,0.9325396825396826,0.9333333333333333,0.9333333333333333,logreg,28,16,16,1,new
Subject877,60,0.962962962962963,0.9666666666666667,0.9666666666666667,logreg,28,16,16,1,new
Subject139,60,0.4962183235867446,0.5,0.5,rules,28,16,16,1,new
Subject352,30,0.3412698412698412,0.36666666666666664,0.36666666666666664,rules,28,16,16,1,new
Subject494,60,0.43311546840958604,0.5,0.5,rules,28,16,16,1,new
Subject516,30,0.5688888888888889,0.6,0.6,rules,28,16,16,1,new
Subject729,60,0.5723280423280424,0.6166666666666667,0.6166666666666667,rules,28,16,16,1,new
Subject877,60,0.6631216931216931,0.7166666666666667,0.7166666666666667,rules,28,16,16,1,new
Subject139,60,0.6272101972101972,0.6666666666666666,0.6666666666666666,logreg,29,4,1,4,new
Subject226,30,0.7292063492063492,0.7666666666666667,0.7666666666666667,logreg,29,4,1,4,new
Subject353,60,0.6392796092796093,0.7,0.7,logreg,29,4,1,4,new
Subject424,60,0.7115536315536315,0.7666666666666667,0.7666666666666667,logreg,29,4,1,4,new
Subject516,30,0.7444444444444444,0.7666666666666667,0.7666666666666667,logreg,29,4,1,4,new
Subject571,30,0.6533333333333334,0.7333333333333333,0.7333333333333333,logreg,29,4,1,4,new
Subject139,60,0.30484848484848487,0.38333333333333336,0.38333333333333336,rules,29,4,1,4,new
Subject226,30,0.49777777777777776,0.5333333333333333,0.5333333333333333,rules,29,4,1,4,new
Subject353,60,0.463035113035113,0.5166666666666667,0.5166666666666667,rules,29,4,1,4,new
Subject424,60,0.5544973544973544,0.5833333333333334,0.5833333333333334,rules,29,4,1,4,new
Subject516,30,0.34666666666666673,0.43333333333333335,0.43333333333333335,rules,29,4,1,4,new
Subject571,30,0.3063492063492063,0.36666666666666664,0.36666666666666664,rules,29,4,1,4,new
Subject139,60,0.6662433862433862,0.7166666666666667,0.7166666666666667,logreg,29,4,2,2,new
Subject226,30,0.6758730158730158,0.7333333333333333,0.7333333333333333,logreg,29,4,2,2,new
Subject353,60,0.7612890812890813,0.8,0.8,logreg,29,4,2,2,new
Subject424,60,0.7507599807599806,0.8,0.8,logreg,29,4,2,2,new
Subject516,30,0.8088888888888889,0.8333333333333334,0.8333333333333334,logreg,29,4,2,2,new
Subject571,30,0.5851851851851853,0.6666666666666666,0.6666666666666666,logreg,29,4,2,2,new
Subject139,60,0.35963443963443964,0.4,0.4,rules,29,4,2,2,new
Subject226,30,0.6333333333333333,0.6333333333333333,0.6333333333333333,rules,29,4,2,2,new
Subject353,60,0.503920153920154,0.5333333333333333,0.5333333333333333,rules,29,4,2,2,new
Subject424,60,0.454128094128094,0.5166666666666667,0.5166666666666667,rules,29,4,2,2,new
Subject516,30,0.5511111111111112,0.6,0.6,rules,29,4,2,2,new
Subject571,30,0.44698412698412704,0.5333333333333333,0.5333333333333333,rules,29,4,2,2,new
Subject139,60,0.9126984126984128,0.9166666666666666,0.9166666666666666,logreg,29,4,4,1,new
Subject226,30,0.7533333333333333,0.8,0.8,logreg,29,4,4,1,new
Subject353,60,0.6484656084656085,0.6833333333333333,0.6833333333333333,logreg,29,4,4,1,new
Subject424,60,0.6950762527233115,0.7333333333333333,0.7333333333333333,logreg,29,4,4,1,new
Subject516,30,0.84,0.8666666666666667,0.8666666666666667,logreg,29,4,4,1,new
Subject571,30,0.7580952380952382,0.8,0.8,logreg,29,4,4,1,new
Subject139,60,0.3480471380471381,0.4,0.4,rules,29,4,4,1,new
Subject226,30,0.518095238095238,0.5666666666666667,0.5666666666666667,rules,29,4,4,1,new
Subject353,60,0.3484330484330484,0.36666666666666664,0.36666666666666664,rules,29,4,4,1,new
Subject424,60,0.2279365079365079,0.3,0.3,rules,29,4,4,1,new
Subject516,30,0.46888888888888897,0.4666666666666667,0.4666666666666667,rules,29,4,4,1,new
Subject571,30,0.36507936507936506,0.43333333333333335,0.43333333333333335,rules,29,4,4,1,new
Subject139,60,0.7052910052910053,0.75,0.75,logreg,29,8,2,4,new
Subject226,30,0.6377777777777778,0.7,0.7,logreg,29,8,2,4,new
Subject353,60,0.8041798941798942,0.8333333333333334,0.8333333333333334,logreg,29,8,2,4,new
Subject424,60,0.6910245310245311,0.7666666666666667,0.7666666666666667,logreg,29,8,2,4,new
Subject516,30,0.8444444444444444,0.8666666666666667,0.8666666666666667,logreg,29,8,2,4,new
Subject571,30,0.6603174603174603,0.7333333333333333,0.7333333333333333,logreg,29,8,2,4,new
Subject139,60,0.5002308802308802,0.5333333333333333,0.5333333333333333,rules,29,8,2,4,new
Subject226,30,0.5892063492063492,0.6333333333333333,0.6333333333333333,rules,29,8,2,4,new
Subject353,60,0.45927849927849934,0.5,0.5,rules,29,8,2,4,new
Subject424,60,0.4203367003367004,0.5,0.5,rules,29,8,2,4,new
Subject516,30,0.5311111111111112,0.5666666666666667,0.5666666666666667,rules,29,8,2,4,new
Subject571,30,0.5161904761904762,0.6,0.6,rules,29,8,2,4,new
Subject139,60,0.8734583934583936,0.8833333333333333,0.8833333333333333,logreg,29,8,4,2,new
Subject226,30,0.7222222222222222,0.7666666666666667,0.7666666666666667,logreg,29,8,4,2,new
Subject353,60,0.6272882672882673,0.6833333333333333,0.6833333333333333,logreg,29,8,4,2,new
Subject424,60,0.7084330484330484,0.75,0.75,logreg,29,8,4,2,new
Subject516,30,0.846984126984127,0.8666666666666667,0.8666666666666667,logreg,29,8,4,2,new
Subject571,30,0.7555555555555556,0.8,0.8,logreg,29,8,4,2,new
Subject139,60,0.44377511377511375,0.48333333333333334,0.48333333333333334,rules,29,8,4,2,new
Subject226,30,0.4966666666666667,0.5666666666666667,0.5666666666666667,rules,29,8,4,2,new
Subject353,60,0.36527898027898026,0.4,0.4,rules,29,8,4,2,new
Subject424,60,0.2694017094017094,0.36666666666666664,0.36666666666666664,rules,29,8,4,2,new
Subject516,30,0.6155555555555556,0.6333333333333333,0.6333333333333333,rules,29,8,4,2,new
Subject571,30,0.3939682539682539,0.4666666666666667,0.4666666666666667,rules,29,8,4,2,new
Subject139,60,0.8692255892255892,0.8833333333333333,0.8833333333333333,logreg,29,8,8,1,new
Subject226,30,0.5977777777777777,0.6666666666666666,0.6666666666666666,logreg,29,8,8,1,new
Subject353,60,0.8516076516076515,0.8666666666666667,0.8666666666666667,logreg,29,8,8,1,new
Subject424,60,0.7388359788359788,0.7833333333333333,0.7833333333333333,logreg,29,8,8,1,new
Subject516,30,0.8825396825396825,0.9,0.9,logreg,29,8,8,1,new
Subject571,30,0.8066666666666666,0.8333333333333334,0.8333333333333334,logreg,29,8,8,1,new
Subject139,60,0.4919413919413919,0.5333333333333333,0.5333333333333333,rules,29,8,8,1,new
Subject226,30,0.5051851851851852,0.5666666666666667,0.5666666666666667,rules,29,8,8,1,new
Subject353,60,0.33301587301587293,0.36666666666666664,0.36666666666666664,rules,29,8,8,1,new
Subject424,60,0.2536507936507936,0.35,0.35,rules,29,8,8,1,new
Subject516,30,0.5422222222222222,0.5333333333333333,0.5333333333333333,rules,29,8,8,1,new
Subject571,30,0.38031746031746033,0.43333333333333335,0.43333333333333335,rules,29,8,8,1,new
Subject139,60,0.8908128908128907,0.9,0.9,logreg,29,16,4,4,new
Subject226,30,0.7022222222222222,0.7666666666666667,0.7666666666666667,logreg,29,16,4,4,new
Subject353,60,0.7132659932659934,0.75,0.75,logreg,29,16,4,4,new
Subject424,60,0.6703982177666388,0.7166666666666667,0.7166666666666667,logreg,29,16,4,4,new
Subject516,30,0.9644444444444444,0.9666666666666667,0.9666666666666667,logreg,29,16,4,4,new
Subject571,30,0.8933333333333332,0.9,0.9,logreg,29,16,4,4,new
Subject139,60,0.4437085137085137,0.48333333333333334,0.48333333333333334,rules,29,16,4,4,new
Subject226,30,0.5011111111111111,0.5666666666666667,0.5666666666666667,rules,29,16,4,4,new
Subject353,60,0.3809390609390609,0.45,0.45,rules,29,16,4,4,new
Subject424,60,0.3119413919413919,0.38333333333333336,0.38333333333333336,rules,29,16,4,4,new
Subject516,30,0.5822222222222223,0.6,0.6,rules,29,16,4,4,new
Subject571,30,0.4739682539682539,0.5333333333333333,0.5333333333333333,rules,29,16,4,4,new
Subject139,60,0.8681481481481481,0.8833333333333333,0.8833333333333333,logreg,29,16,8,2,new
Subject226,30,0.6644444444444446,0.7333333333333333,0.7333333333333333,logreg,29,16,8,2,new
Subject353,60,0.8172101972101973,0.8333333333333334,0.8333333333333334,logreg,29,16,8,2,new
Subject424,60,0.7402849002849002,0.7833333333333333,0.7833333333333333,logreg,29,16,8,2,new
Subject516,30,0.8444444444444446,0.8666666666666667,0.8666666666666667,logreg,29,16,8,2,new
Subject571,30,0.8933333333333333,0.9,0.9,logreg,29,16,8,2,new
Subject139,60,0.5042886742886742,0.5333333333333333,0.5333333333333333,rules,29,16,8,2,new
Subject226,30,0.5185185185185185,0.5666666666666667,0.5666666666666667,rules,29,16,8,2,new
Subject353,60,0.27480667480667476,0.35,0.35,rules,29,16,8,2,new
Subject424,60,0.2641414141414141,0.36666666666666664,0.36666666666666664,rules,29,16,8,2,new
Subject516,30,0.6088888888888888,0.6,0.6,rules,29,16,8,2,new
Subject571,30,0.4736507936507936,0.5333333333333333,0.5333333333333333,rules,29,16,8,2,new
Subject139,60,0.9322751322751324,0.9333333333333333,0.9333333333333333,logreg,29,16,16,1,new
Subject226,30,0.788888888888889,0.8333333333333334,0.8333333333333334,logreg,29,16,16,1,new
Subject353,60,0.8686868686868686,0.8833333333333333,0.8833333333333333,logreg,29,16,16,1,new
Subject424,60,0.8740740740740741,0.8833333333333333,0.8833333333333333,logreg,29,16,16,1,new
Subject516,30,0.9644444444444444,0.9666666666666667,0.9666666666666667,logreg,29,16,16,1,new
Subject571,30,0.8825396825396825,0.9,0.9,logreg,29,16,16,1,new
Subject139,60,0.5288888888888887,0.5333333333333333,0.5333333333333333,rules,29,16,16,1,new
Subject226,30,0.5496296296296296,0.5666666666666667,0.5666666666666667,rules,29,16,16,1,new
Subject353,60,0.459034299034299,0.5166666666666667,0.5166666666666667,rules,29,16,16,1,new
Subject424,60,0.3501154401154401,0.4166666666666667,0.4166666666666667,rules,29,16,16,1,new
Subject516,30,0.4488888888888889,0.4666666666666667,0.4666666666666667,rules,29,16,16,1,new
Subject571,30,0.39555555555555555,0.43333333333333335,0.43333333333333335,rules,29,16,16,1,new
