segment_id,athlete,cls,forearm_direction,forearm_turning,rep_speed_hz,movement_size_g
Subject105_2019_0111_131319_segment00_00,Subject105,0,0.421402831032568,9.575432358170389,0.3070624360286592,0.48158749666880235
Subject105_2019_0111_131319_segment01_01,Subject105,1,0.9647865537728347,1.2016059889157091,1.2778904665314401,0.13171465952846706
Subject105_2019_0111_131319_segment02_02,Subject105,2,0.819910920053635,3.582275217654613,0.2935420743639922,0.23410634705166034
Subject105_2019_0111_131319_segment03_03,Subject105,3,0.9924914001892714,2.4345620816061144,2.0060790273556233,2.8762712378781017
Subject105_2019_0111_131319_segment04_04,Subject105,4,-0.9927716322866403,2.79817118938914,0.2535211267605634,0.12417118666406754
Subject105_2019_0111_131319_segment05_05,Subject105,5,-0.1694706611391523,10.63509152574634,0.5847953216374269,0.3758260716936249
Subject105_2019_0111_131319_segment06_06,Subject105,6,0.9388657782105392,0.8597658988839382,0.3206997084548105,0.07641082667906977
Subject105_2019_0111_131319_segment08_07,Subject105,7,-0.910256489204785,2.5752314108837364,0.36319612590799033,0.29936943845432956
Subject105_2019_0111_131319_segment09_08,Subject105,8,-0.843233502112684,6.025685872172744,0.29821073558648115,0.15907181817003602
Subject105_2019_0111_131319_segment10_09,Subject105,9,-0.08373641189289203,12.813599389055327,0.7291666666666667,0.6182397516365189
Subject105_2019_0111_131319_segment11_10,Subject105,10,-0.9518657518364779,1.7261257303438584,0.41379310344827586,0.1918200480785145
Subject105_2019_0111_131319_segment12_11,Subject105,11,0.964908348216915,2.0374782143826535,0.4388297872340426,0.22422467208248636
Subject105_2019_0111_131319_segment13_12,Subject105,12,0.9684034515333425,4.020520467144003,0.29411764705882354,1.3117660773950024
Subject105_2019_0111_131319_segment14_13,Subject105,13,-0.5717798213916853,18.630146130898883,0.4608294930875576,0.8482713468237504
Subject105_2019_0111_131319_segment15_14,Subject105,14,0.8533566492711079,4.160665041686955,0.4622496147919877,0.5390424075420404
Subject105_2019_0111_133707_segment00_00,Subject105,0,0.5458839768988689,8.449755922756992,0.3496503496503497,0.7046792214624804
Subject105_2019_0111_133707_segment01_01,Subject105,1,0.9412921995872284,0.8520011923787689,2.2738386308068463,0.12993177013982118
Subject105_2019_0111_133707_segment02_02,Subject105,2,0.6018912388361813,2.5938023933179464,0.7481296758104738,0.28202296989753756
Subject105_2019_0111_133707_segment03_03,Subject105,3,0.9796854323177222,4.386145879672267,1.96875,2.9230539859599958
Subject105_2019_0111_133707_segment04_04,Subject105,4,-0.9780059661914511,3.5699058586944257,0.8472400513478819,0.18102583441382672
Subject105_2019_0111_133707_segment05_05,Subject105,5,-0.16223048544492247,9.790789512842158,0.7403055229142186,0.49247291129601234
Subject105_2019_0111_133707_segment07_06,Subject105,6,0.9627393124332783,1.2767106352941542,0.3424657534246575,0.09443564496780667
Subject105_2019_0111_133707_segment08_07,Subject105,7,-0.9413635498390273,8.333767739811496,0.38961038961038963,0.3320180489549344
Subject105_2019_0111_133707_segment09_08,Subject105,8,-0.8450475150334504,1.6357959568533509,0.3382187147688839,0.19544145176886094
Subject105_2019_0111_133707_segment10_09,Subject105,9,0.14626882896252102,7.9634810796852475,0.8021390374331551,0.6563912968457797
Subject105_2019_0111_133707_segment11_10,Subject105,10,-0.9060195400082939,1.7733343714764913,1.3596491228070176,0.20666055605729103
Subject105_2019_0111_133707_segment12_11,Subject105,11,0.9895105592552118,1.674583347724079,0.4622496147919877,0.2638358285538314
Subject105_2019_0111_133707_segment13_12,Subject105,12,0.974448452486538,3.7789765943247935,0.2895752895752896,1.4337878940013964
Subject105_2019_0111_133707_segment14_13,Subject105,13,-0.4136417085950596,4.69642861036079,0.5347593582887701,1.0238118860028311
Subject105_2019_0111_133707_segment15_14,Subject105,14,0.810665530464157,4.03972598601764,0.5128205128205128,0.5851880246489596
Subject132_2018_1221_160004_segment00_00,Subject132,0,0.17562454721965104,1.2269872374763244,1.3968957871396894,0.4122244007966009
Subject132_2018_1221_160004_segment01_01,Subject132,1,0.8342654725437627,2.882910005306446,0.8333333333333334,0.23329012750825678
Subject132_2018_1221_160004_segment02_02,Subject132,2,0.9308807104893,4.51296921557738,0.8948863636363638,0.34257986260962353
Subject132_2018_1221_160004_segment03_03,Subject132,3,0.8213285590642938,6.273241181047883,1.8382352941176472,2.8315959420828527
Subject132_2018_1221_160004_segment04_04,Subject132,4,-0.9290597997191337,2.0089016404124007,2.0325203252032518,0.6803204180700927
Subject132_2018_1221_160004_segment05_05,Subject132,5,-0.25072002379118224,4.943278812549014,0.8875739644970415,0.5980732387009765
Subject132_2018_1221_160004_segment06_06,Subject132,6,0.9680089816065521,0.8611479362166811,1.0762331838565022,0.24790520155381265
Subject132_2018_1221_160004_segment07_07,Subject132,7,-0.8626653806874339,1.3305213670526745,1.4754098360655739,0.5865832754203999
Subject132_2018_1221_160004_segment08_08,Subject132,8,-0.9116834823324701,2.2696635104625025,1.5024232633279484,0.24390817854449368
Subject132_2018_1221_160004_segment09_09,Subject132,9,-0.3035874887187015,5.883915342460393,1.4482758620689655,0.634913647320785
Subject132_2018_1221_160004_segment10_10,Subject132,10,-0.8416451644286864,1.788225357083495,1.456953642384106,0.39842625312175006
Subject132_2018_1221_160004_segment11_11,Subject132,11,0.9640265973319677,2.121533219893274,1.5037593984962407,0.31750954535609044
Subject132_2018_1221_160004_segment12_12,Subject132,12,0.867000231056654,3.7156203072788343,0.35791757049891537,1.3247160228293833
Subject132_2018_1221_160004_segment13_13,Subject132,13,-0.9124292819675426,3.7309716049411743,1.5989847715736043,0.7155782247039395
Subject132_2018_1221_160004_segment14_14,Subject132,14,0.5054192390192793,4.118580865213698,1.2820512820512822,0.8237069664686498
Subject132_2018_1221_161737_segment00_00,Subject132,0,0.15594080371717264,10.661156999637779,1.4482758620689655,0.5862812182437308
Subject132_2018_1221_161737_segment01_01,Subject132,1,0.8109401497230952,2.9322359335987467,2.0723684210526314,0.17416133196044087
Subject132_2018_1221_161737_segment02_02,Subject132,2,0.9568502975601266,1.82964043387981,0.5565862708719852,0.3746654539207048
Subject132_2018_1221_161737_segment03_03,Subject132,3,0.4979231456796375,12.02018184456152,1.9526627218934913,2.2905839852496745
Subject132_2018_1221_161737_segment04_04,Subject132,4,-0.8789101044444165,1.8115677522156224,0.6367924528301887,0.35842610891676246
Subject132_2018_1221_161737_segment05_05,Subject132,5,-0.42704719227980054,2.887712184242486,1.048951048951049,0.6742158803289457
Subject132_2018_1221_161737_segment06_06,Subject132,6,0.9915399344756984,1.58786066830063,1.1753731343283582,0.31643476017747496
Subject132_2018_1221_161737_segment07_07,Subject132,7,-0.9139955160951813,2.6459115200859116,1.5207373271889402,0.5876728217709198
Subject132_2018_1221_161737_segment08_08,Subject132,8,-0.8233598615309506,1.3600937885058102,2.0,0.3577668754460682
Subject132_2018_1221_161737_segment09_09,Subject132,9,-0.29339538119187936,2.2398601686544466,1.694915254237288,0.550532161429393
Subject132_2018_1221_161737_segment10_10,Subject132,10,-0.8276006660633841,1.6492961330841058,1.662269129287599,0.48725335050755203
Subject132_2018_1221_161737_segment11_11,Subject132,11,0.9562162738151102,2.1378242183276863,1.7191977077363898,0.39510177341966546
Subject132_2018_1221_161737_segment12_12,Subject132,12,0.8723882049934897,5.191241549652373,0.36630036630036633,1.4388834476920251
Subject132_2018_1221_161737_segment13_13,Subject132,13,-0.8155144632389838,1.9946709232675477,1.8750000000000002,0.6497602922207147
Subject132_2018_1221_161737_segment14_14,Subject132,14,0.49917736901947213,3.6368489210117625,1.3070539419087137,0.8176744702303756
Subject139_2019_0114_141445_segment00_00,Subject139,0,-0.4284175309316162,2.540127866826621,0.41666666666666663,0.1634909459695578
Subject139_2019_0114_141445_segment01_01,Subject139,1,0.8870748095308638,1.7675503054969435,0.78125,0.1667356066448039
Subject139_2019_0114_141445_segment02_02,Subject139,2,0.6076743011262433,2.68747350761687,0.7806691449814127,0.22373124242531245
Subject139_2019_0114_141445_segment03_03,Subject139,3,0.9746418306544122,3.5754091376382515,2.2105263157894735,3.113009767786741
Subject139_2019_0114_141445_segment04_04,Subject139,4,-0.9337845523102313,1.6637478595095767,1.0687022900763359,0.17070741757482522
Subject139_2019_0114_141445_segment05_05,Subject139,5,-0.0660951602022556,7.946323768742881,0.6109979633401221,0.3425559696384565
Subject139_2019_0114_141445_segment06_06,Subject139,6,0.9887617048457202,0.7795236346201185,1.2516823687752356,0.12468530874431193
Subject139_2019_0114_141445_segment07_07,Subject139,7,-0.8425346553640826,10.10040212600317,0.48,0.6358976609760755
Subject139_2019_0114_141445_segment08_08,Subject139,8,-0.8161802699679414,1.7140278177555717,0.8275862068965517,0.20557360384311943
Subject139_2019_0114_141445_segment09_09,Subject139,9,-0.21749351576856613,10.936482391127274,0.7398273736128237,0.6474111455972278
Subject139_2019_0114_141445_segment10_10,Subject139,10,-0.9659711080609032,4.187455092949271,0.6842737094837935,0.29248941627303154
Subject139_2019_0114_141445_segment11_11,Subject139,11,0.9971957966125454,1.6533734006317864,0.4608294930875576,0.23900838001571845
Subject139_2019_0114_141445_segment12_12,Subject139,12,0.7495928742457134,9.841177509873516,0.3264417845484222,1.060665175947538
Subject139_2019_0114_141445_segment13_13,Subject139,13,-0.10492075030084716,8.239731593522269,0.5454545454545455,1.2022651100879722
Subject139_2019_0114_141445_segment14_14,Subject139,14,0.8105019723820571,4.709223749873006,0.3978779840848806,0.43877644185608244
Subject139_2019_0114_144023_segment00_00,Subject139,0,-0.5586359481032578,4.058861441358726,1.27007299270073,0.20742249730433585
Subject139_2019_0114_144023_segment01_01,Subject139,1,0.7768880776467364,1.6250503086819088,0.8119079837618404,0.15344220672102277
Subject139_2019_0114_144023_segment02_02,Subject139,2,0.6156010627298358,6.74147288563284,0.7335907335907336,0.275708364681783
Subject139_2019_0114_144023_segment03_03,Subject139,3,0.9657119174523483,6.02144828146069,2.127659574468085,3.105303553498539
Subject139_2019_0114_144023_segment04_04,Subject139,4,-0.9170752356045381,2.3032435958533273,0.4545454545454546,0.2302742254827482
Subject139_2019_0114_144023_segment05_05,Subject139,5,-0.1071523642314572,7.436358154254296,0.7281553398058254,0.48653734135435733
Subject139_2019_0114_144023_segment06_06,Subject139,6,0.9825202726978606,1.2526860622227196,0.44843049327354256,0.18002461881920453
Subject139_2019_0114_144023_segment07_07,Subject139,7,-0.8867610898556837,5.292260665444542,0.4862236628849271,0.668692977189544
Subject139_2019_0114_144023_segment08_08,Subject139,8,-0.6993249762180307,2.298085502710932,0.8450704225352113,0.2661291185502571
Subject139_2019_0114_144023_segment09_09,Subject139,9,0.10193096763043907,10.800855100072548,0.8995502248875562,0.7243613645860909
Subject139_2019_0114_144023_segment10_10,Subject139,10,-0.9128563571844175,4.318370000450623,0.3731343283582089,0.3316250591387343
Subject139_2019_0114_144023_segment11_11,Subject139,11,0.9420915808908684,1.4297716746753193,2.0797227036395145,0.32029239564993317
Subject139_2019_0114_144023_segment12_12,Subject139,12,0.8888478547125852,8.551589236530411,0.32502708559046584,1.0978937892776461
Subject139_2019_0114_144023_segment13_13,Subject139,13,-0.2855368798031478,8.514529581905206,0.47244094488188976,1.0938349247313903
Subject139_2019_0114_144023_segment14_14,Subject139,14,0.8472770041869065,5.522292584313926,0.4807692307692307,0.5018016023399088
Subject139_2019_0121_105610_segment00_00,Subject139,0,-0.5336303317268558,6.876861380586558,0.4054054054054054,0.18366517010357042
Subject139_2019_0121_105610_segment01_01,Subject139,1,0.7909938322244637,2.1970558046253346,0.32876712328767127,0.10746155402321594
Subject139_2019_0121_105610_segment02_02,Subject139,2,0.7380995466975723,7.758932890180113,0.7228915662650602,0.24230853564946356
Subject139_2019_0121_105610_segment03_03,Subject139,3,0.9777687102031208,5.819484729714324,2.236842105263158,3.021012392285911
Subject139_2019_0121_105610_segment04_04,Subject139,4,-0.911771679273795,1.777302475358552,0.3697996918335901,0.17043301749078033
Subject139_2019_0121_105610_segment05_05,Subject139,5,0.09151292344285031,7.2748113133834655,0.6504065040650406,0.34119700112200163
Subject139_2019_0121_105610_segment06_06,Subject139,6,0.9667665526759196,1.444632094431775,0.4262877442273535,0.1293965690052747
Subject139_2019_0121_105610_segment07_07,Subject139,7,-0.9172088941199583,1.917908729512691,0.5454545454545455,0.6138503231015942
Subject139_2019_0121_105610_segment08_08,Subject139,8,-0.7223373137265823,2.381537997628995,0.4109589041095891,0.1815218035552512
Subject139_2019_0121_105610_segment09_09,Subject139,9,-0.07468153400298996,10.013279788846463,0.794701986754967,0.6227481105649089
Subject139_2019_0121_105610_segment10_10,Subject139,10,-0.9395940381862657,8.294332627779504,0.2599653379549393,0.27406910852793914
Subject139_2019_0121_105610_segment11_11,Subject139,11,0.9900986836397885,0.9722012939586168,0.49079754601226994,0.2399438875681834
Subject139_2019_0121_105610_segment12_12,Subject139,12,0.9244077424184786,4.939906214630401,0.3529411764705882,1.2376118657468622
Subject139_2019_0121_105610_segment13_13,Subject139,13,-0.7267488765510332,2.3072873226189805,0.6233766233766234,0.39114412486166633
Subject139_2019_0121_105610_segment14_14,Subject139,14,0.9083180900755673,4.196464728684928,0.4519774011299435,0.4850465432823558
Subject139_2019_0121_111009_segment00_00,Subject139,0,-0.3927252526233463,3.2217521627835595,1.2956810631229236,0.20805214667929822
Subject139_2019_0121_111009_segment01_01,Subject139,1,0.8050106374913045,1.4531338165496743,0.7489597780859917,0.13155535659238138
Subject139_2019_0121_111009_segment02_02,Subject139,2,0.8560984760941044,2.205847604569664,0.7448275862068965,0.25178654249231885
Subject139_2019_0121_111009_segment03_03,Subject139,3,0.9497752711544498,8.979708566468979,2.316602316602317,3.1897631027224795
Subject139_2019_0121_111009_segment04_04,Subject139,4,-0.9791462857239288,4.018088607099898,0.3571428571428571,0.20787968246866856
Subject139_2019_0121_111009_segment05_05,Subject139,5,-0.0018886606653562622,7.111855145773506,0.6674473067915692,0.3144101594331384
Subject139_2019_0121_111009_segment06_06,Subject139,6,0.939788252510496,1.8540188164414388,1.229135053110774,0.12003536246061115
Subject139_2019_0121_111009_segment07_07,Subject139,7,-0.8881831397503627,5.44709827421189,0.483005366726297,0.60678922191162
Subject139_2019_0121_111009_segment08_08,Subject139,8,-0.6776056738067702,1.6314853778891705,0.879765395894428,0.1906457244538539
Subject139_2019_0121_111009_segment09_09,Subject139,9,-0.2835351195333991,9.058825118340145,0.7573632538569425,0.6038363914155186
Subject139_2019_0121_111009_segment10_10,Subject139,10,-0.9502470781824268,4.468003591087095,1.519536903039074,0.27284104970683865
Subject139_2019_0121_111009_segment11_11,Subject139,11,0.9817307112565129,1.4079765915234939,1.7529215358931554,0.24219894670135533
Subject139_2019_0121_111009_segment12_12,Subject139,12,0.9353522290742788,7.187612238969049,0.3840682788051209,1.213888957088012
Subject139_2019_0121_111009_segment13_13,Subject139,13,-0.899820309120453,4.338493626672537,0.6053811659192825,0.4316386524526993
Subject139_2019_0121_111009_segment14_14,Subject139,14,0.9554915664942584,1.8487406266007327,0.48561151079136694,0.4679842359201764
Subject139_2019_0128_110603_segment00_00,Subject139,0,-0.5402476270248509,14.596602651711665,1.4663951120162932,0.3693510734835193
Subject139_2019_0128_110603_segment01_01,Subject139,1,0.7651600072437068,2.6566623713834563,0.9073724007561437,0.32419866297151084
Subject139_2019_0128_110603_segment02_02,Subject139,2,0.6841385221766058,3.004748753103074,1.6610738255033557,0.2506166775930531
Subject139_2019_0128_110603_segment03_03,Subject139,3,0.9520781779051973,6.123376467111543,2.317596566523605,2.9798606619647527
Subject139_2019_0128_110603_segment04_04,Subject139,4,-0.9548899853541493,1.64859548739433,0.48561151079136694,0.2550135490998715
Subject139_2019_0128_110603_segment05_05,Subject139,5,0.07748517055522063,7.505462797606152,0.6075949367088608,0.3109704822953286
Subject139_2019_0128_110603_segment06_06,Subject139,6,0.9683172250544816,1.0408428169208574,1.3142857142857143,0.14787225157137052
Subject139_2019_0128_110603_segment07_07,Subject139,7,-0.9317201808621625,3.7810101131429548,0.5042016806722689,0.6411093994212833
Subject139_2019_0128_110603_segment08_08,Subject139,8,-0.7245007521563498,1.83093466457407,0.39473684210526316,0.18290016915037408
Subject139_2019_0128_110603_segment09_09,Subject139,9,-0.2048624571114462,7.737672784854965,0.8916083916083917,0.6722702471245926
Subject139_2019_0128_110603_segment10_10,Subject139,10,-0.9552219618959996,3.4487335892930693,0.3993344425956739,0.25663968413226984
Subject139_2019_0128_110603_segment11_11,Subject139,11,0.9802477222214298,1.208940508918915,1.4168377823408624,0.24383257178504214
Subject139_2019_0128_110603_segment12_12,Subject139,12,0.8411625484600973,9.225632194742033,0.3779527559055118,1.289333936838375
Subject139_2019_0128_110603_segment13_13,Subject139,13,-0.7928062886089169,7.1200371436737635,0.6611570247933884,0.474340926271189
Subject139_2019_0128_110603_segment14_14,Subject139,14,0.9643374587031033,2.2772543630396345,0.5042016806722689,0.46648567015630615
Subject139_2019_0128_112001_segment00_00,Subject139,0,-0.3938685009111565,7.462247933926686,0.41450777202072536,0.2523051515712897
Subject139_2019_0128_112001_segment01_01,Subject139,1,0.7647219179117154,2.2879755426369934,0.7973421926910299,0.18976610692146545
Subject139_2019_0128_112001_segment02_02,Subject139,2,0.7503874181017103,2.3471426444707686,1.4906832298136647,0.2488846524277013
Subject139_2019_0128_112001_segment03_03,Subject139,3,0.9589549934909066,7.073666108596113,2.2891566265060237,2.893940973665688
Subject139_2019_0128_112001_segment04_04,Subject139,4,-0.9396087079204956,2.241964744234531,0.43269230769230765,0.23545331666288408
Subject139_2019_0128_112001_segment05_05,Subject139,5,-0.01719577397663626,8.088911601745865,0.6091370558375635,0.3341565909980389
Subject139_2019_0128_112001_segment06_06,Subject139,6,0.9383199168608808,0.6228524966555153,0.44526901669758817,0.15525982913594094
Subject139_2019_0128_112001_segment07_07,Subject139,7,-0.9403086412258582,2.669054456860122,0.5466970387243736,0.7387480684879173
Subject139_2019_0128_112001_segment08_08,Subject139,8,-0.6862491826957182,2.0755837453308077,0.42477876106194695,0.20179463051672472
Subject139_2019_0128_112001_segment09_09,Subject139,9,0.06443380927817631,8.917566245358348,0.8013355592654424,0.670207091106435
Subject139_2019_0128_112001_segment10_10,Subject139,10,-0.9541402633830025,7.741954877614851,0.8191126279863482,0.3183037647945738
Subject139_2019_0128_112001_segment11_11,Subject139,11,0.9684381048957312,1.9668387584930198,0.5381165919282511,0.2952933867050766
Subject139_2019_0128_112001_segment12_12,Subject139,12,0.8170839735242292,10.645682766056185,0.37209302325581395,1.37642313052339
Subject139_2019_0128_112001_segment13_13,Subject139,13,-0.7521660052735278,9.139904700156755,1.8703241895261846,0.5341915242925872
Subject139_2019_0128_112001_segment14_14,Subject139,14,0.9091142685434073,2.447205205185242,0.4752475247524753,0.48146389674161977
Subject147_2018_1206_141935_segment00_00,Subject147,0,-0.05412664729223339,2.193358565209358,0.49180327868852464,0.1966940482088925
Subject147_2018_1206_141935_segment02_01,Subject147,1,0.9258706527643453,2.2157663071773492,0.7528230865746549,0.16375875654184466
Subject147_2018_1206_141935_segment03_02,Subject147,2,0.8704733978944601,2.1470467906956303,1.6449086161879896,0.3285633116947092
Subject147_2018_1206_141935_segment04_03,Subject147,3,0.9902754658110925,1.8601312089115778,2.291666666666667,3.13053409153998
Subject147_2018_1206_141935_segment05_04,Subject147,4,-0.9291375589350535,1.8101225723866672,0.4424778761061947,0.17602480334514614
Subject147_2018_1206_141935_segment06_05,Subject147,5,-0.32119497785845597,8.337544219808018,0.8910891089108911,0.7024051290674296
Subject147_2018_1206_141935_segment07_06,Subject147,6,0.9978939443370849,1.627192834829095,0.4143646408839779,0.16516402112746634
Subject147_2018_1206_141935_segment08_07,Subject147,7,-0.8421041466069669,5.43105601898229,0.4596100278551532,0.5923732564616414
Subject147_2018_1206_141935_segment10_08,Subject147,8,-0.6589249776849139,1.1028047639984335,1.003184713375796,0.2749256426150236
Subject147_2018_1206_141935_segment11_09,Subject147,9,0.2122130135299963,9.691283757380015,0.8534850640113798,0.7129059757625497
Subject147_2018_1206_141935_segment12_10,Subject147,10,-0.8567611522181927,14.141127384152401,1.1130742049469966,0.30732368203639776
Subject147_2018_1206_141935_segment13_11,Subject147,11,0.9712986626942022,1.73982908938057,1.5107913669064748,0.34111199155579436
Subject147_2018_1206_141935_segment14_12,Subject147,12,0.9829429804305726,1.8807964526001242,0.4126547455295736,0.8998768805712558
Subject147_2018_1206_141935_segment15_13,Subject147,13,-0.7218315557638205,14.176361696376128,0.6,1.2973220474685836
Subject147_2018_1206_141935_segment16_14,Subject147,14,0.8721277192112864,3.696406834264674,0.5434782608695653,0.49468152062824283
Subject147_2018_1206_144316_segment00_00,Subject147,0,-0.05540878054061923,3.3189002494103095,1.875,0.42813651415415865
Subject147_2018_1206_144316_segment01_01,Subject147,1,0.9752371459499546,2.6213399949402643,0.7011070110701108,0.2004687067053106
Subject147_2018_1206_144316_segment02_02,Subject147,2,0.8326911649714015,2.720630862747422,0.4189944134078212,0.39238687236302916
Subject147_2018_1206_144316_segment03_03,Subject147,3,0.9890091567792072,2.5022131521516586,2.2340425531914896,3.4370765392767697
Subject147_2018_1206_144316_segment04_04,Subject147,4,-0.8811597652474067,2.734059123806825,0.5813953488372093,0.3352415372499381
Subject147_2018_1206_144316_segment05_05,Subject147,5,-0.48889328984597624,6.645371111334283,1.0118043844856661,0.8518486577029547
Subject147_2018_1206_144316_segment06_06,Subject147,6,0.9959259725025942,1.7906423932761835,0.5119453924914676,0.24175988571498674
Subject147_2018_1206_144316_segment07_07,Subject147,7,-0.8609366828049501,2.006746525393097,1.6423357664233578,0.9572929847998106
Subject147_2018_1206_144316_segment08_08,Subject147,8,-0.7813308507979244,1.3757743122703712,1.2966601178781927,0.3282289376066259
Subject147_2018_1206_144316_segment09_09,Subject147,9,0.2627303960826034,4.411359408778956,0.617283950617284,0.8339483911069263
Subject147_2018_1206_144316_segment10_10,Subject147,10,-0.8700827762918355,2.0642677527403426,0.7009345794392524,0.46724801949748057
Subject147_2018_1206_144316_segment11_11,Subject147,11,0.9686218757179432,1.7717168006477633,1.5555555555555554,0.3968147022696482
Subject147_2018_1206_144316_segment12_14,Subject147,14,0.9150925747736823,2.8208387850426355,0.591715976331361,0.5670996157269798
Subject147_2018_1206_144316_segment13_12,Subject147,12,0.9823143195140792,2.440101621548581,0.8435207823960881,0.867061364446867
Subject147_2018_1206_144316_segment14_13,Subject147,13,-0.8745814641873849,13.695914878065867,1.3669064748201438,0.6326504937321086
Subject147_2019_0123_101038_segment00_00,Subject147,0,-0.02871459891817412,14.35102529693614,1.686746987951807,0.4084465817055808
Subject147_2019_0123_101038_segment01_01,Subject147,1,0.9134128059636296,1.9895662779033625,0.8916083916083917,0.3083349097828664
Subject147_2019_0123_101038_segment02_02,Subject147,2,0.9417666279435294,3.538238127965667,0.8278580814717477,0.3526275329203978
Subject147_2019_0123_101038_segment03_03,Subject147,3,0.9658714364717407,2.5030263545816234,2.2167487684729066,2.631244737450376
Subject147_2019_0123_101038_segment04_03,Subject147,3,0.9277855979151962,2.493386852459392,2.2147651006711406,3.2510488494412866
Subject147_2019_0123_101038_segment05_04,Subject147,4,-0.9726651143751291,3.3015128460684506,0.4199066874027994,0.2327317979253519
Subject147_2019_0123_101038_segment06_05,Subject147,5,-0.49509816915029903,13.109118610006389,1.0899653979238755,0.8590403629424798
Subject147_2019_0123_101038_segment07_06,Subject147,6,0.9211746914568715,0.7871254636477084,0.44642857142857145,0.1330804072511879
Subject147_2019_0123_101038_segment08_07,Subject147,7,-0.8359784630023894,5.717095781620377,0.39603960396039606,0.6193605112507693
Subject147_2019_0123_101038_segment09_08,Subject147,8,-0.6924549465960733,2.7613538428917597,0.8869565217391304,0.24033587192593847
Subject147_2019_0123_101038_segment10_09,Subject147,9,0.1581334536756916,11.134504442287714,0.826580226904376,0.6422582513194748
Subject147_2019_0123_101038_segment11_10,Subject147,10,-0.8850359536318589,3.7689169171734522,1.3714285714285714,0.38185008323518166
Subject147_2019_0123_101038_segment12_11,Subject147,11,0.9506865571306082,1.9964389528923239,1.9241982507288629,0.388626688056918
Subject147_2019_0123_101038_segment13_12,Subject147,12,0.9784984487193272,2.029188066633978,0.8837970540098199,0.7612142454246854
Subject147_2019_0123_101038_segment14_13,Subject147,13,-0.8832656842219783,7.937286808053866,0.6417112299465241,0.5376529618205753
Subject147_2019_0123_101038_segment15_14,Subject147,14,0.7503844644132357,5.680025537638566,0.6432748538011696,0.528089246961508
Subject147_2019_0123_103220_segment00_00,Subject147,0,-0.10907848402333538,3.0794230960354065,1.8299445471349356,0.34570085450862115
Subject147_2019_0123_103220_segment01_01,Subject147,1,0.9213257631105813,3.3963308244873143,0.8835341365461847,0.33093588916810723
Subject147_2019_0123_103220_segment02_02,Subject147,2,0.9375663203431226,6.244279825710513,0.7855361596009975,0.3900563015275323
Subject147_2019_0123_103220_segment03_03,Subject147,3,0.94005329607838,2.439437974002914,2.2525597269624575,3.490894482198868
Subject147_2019_0123_103220_segment04_04,Subject147,4,-0.9707783302654769,2.2595319670350418,1.2969924812030074,0.3176625903145817
Subject147_2019_0123_103220_segment05_05,Subject147,5,-0.4569435990649772,14.392003116196205,1.2426035502958581,0.9387784379896981
Subject147_2019_0123_103220_segment06_06,Subject147,6,0.9352377577579107,1.0281230027613943,1.890145395799677,0.2599180325936243
Subject147_2019_0123_103220_segment07_07,Subject147,7,-0.8248156245480821,4.75613841585576,0.6308411214953271,0.6940674419005266
Subject147_2019_0123_103220_segment08_08,Subject147,8,-0.7515091123905951,2.559840105401415,1.1242603550295858,0.3266135111539612
Subject147_2019_0123_103220_segment09_09,Subject147,9,0.27811491182395104,10.7881792185085,0.7222222222222222,0.5803033564310389
Subject147_2019_0123_103220_segment10_10,Subject147,10,-0.8512483835191869,5.761988302624648,1.5501519756838906,0.4201509602338065
Subject147_2019_0123_103220_segment11_11,Subject147,11,0.965069965505621,2.7548718993734265,2.108626198083067,0.4636613356279935
Subject147_2019_0123_103220_segment12_12,Subject147,12,0.9808048897143133,2.1548400767918867,0.848585690515807,0.8617390955830923
Subject147_2019_0123_103220_segment13_13,Subject147,13,-0.8625578479507333,8.822028088448205,0.8219178082191781,0.622207726105571
Subject147_2019_0123_103220_segment14_14,Subject147,14,0.8822783434371602,3.7986780424596898,0.6160164271047228,0.6065028888209677
Subject226_2018_1205_110956_segment00_00,Subject226,0,-0.46028959337050823,11.210931631509737,0.32051282051282054,0.16864202955081659
Subject226_2018_1205_110956_segment01_01,Subject226,1,0.781979677141646,0.9290431782001084,0.6537530266343826,0.14944734907134033
Subject226_2018_1205_110956_segment02_02,Subject226,2,0.9913942903305321,1.5045480379716745,0.5946481665014867,0.20423800991816227
Subject226_2018_1205_110956_segment03_03,Subject226,3,0.9735131431034856,9.186073745703796,1.8037974683544304,2.7856034026593646
Subject226_2018_1205_110956_segment04_04,Subject226,4,-0.9263206504374802,1.9337050549561496,0.42075736325385693,0.2222721993520578
Subject226_2018_1205_110956_segment05_05,Subject226,5,-0.018825354605518447,10.131567640726416,0.29940119760479045,0.35392906292575715
Subject226_2018_1205_110956_segment06_06,Subject226,6,0.9924024604664107,0.9062285383520948,0.29940119760479045,0.1364420984064051
Subject226_2018_1205_110956_segment07_07,Subject226,7,-0.9498800445017144,2.3862919128624256,0.6072874493927126,0.38787273640851405
Subject226_2018_1205_110956_segment08_08,Subject226,8,-0.9637146354247677,1.1284281391080297,0.3654080389768575,0.13281692034966755
Subject226_2018_1205_110956_segment09_09,Subject226,9,-0.2463455746216902,1.711116955174435,1.5348837209302326,0.5691407101140888
Subject226_2018_1205_110956_segment10_10,Subject226,10,-0.9291343735095253,2.543734604462868,0.39589442815249265,0.2752680192896263
Subject226_2018_1205_110956_segment11_11,Subject226,11,0.9713226811763824,5.645124878039577,1.9148936170212765,0.5534211906836131
Subject226_2018_1205_110956_segment12_12,Subject226,12,0.9142885764741865,4.607047613535371,0.3033367037411527,1.3068094680684306
Subject226_2018_1205_110956_segment13_13,Subject226,13,0.4828293762818425,15.53033250731766,0.4727793696275072,1.4077178343203323
Subject226_2018_1205_110956_segment14_14,Subject226,14,0.8612933306961228,3.677676262586019,0.635593220338983,0.7396658559963992
Subject226_2018_1205_114252_segment00_00,Subject226,0,-0.7301648807805344,1.5686466338240304,0.4147465437788019,0.24171193051082793
Subject226_2018_1205_114252_segment01_01,Subject226,1,0.8378146629006761,2.1068189102790154,1.0060975609756098,0.1977978760015719
Subject226_2018_1205_114252_segment02_02,Subject226,2,0.9928087056409839,1.432352107585698,0.7566204287515763,0.24076451393884749
Subject226_2018_1205_114252_segment03_03,Subject226,3,0.9738499508110654,6.676860375281187,2.0792079207920793,3.431829488841864
Subject226_2018_1205_114252_segment04_04,Subject226,4,-0.9180157365341707,2.3905371233656423,1.648936170212766,0.2892372011494539
Subject226_2018_1205_114252_segment05_05,Subject226,5,-0.07975908504535423,7.214522365705099,0.8823529411764706,0.5432206984164122
Subject226_2018_1205_114252_segment06_06,Subject226,6,0.9863268120140679,0.9744931193564333,0.48465266558966075,0.19512301202001076
Subject226_2018_1205_114252_segment07_07,Subject226,7,-0.9754994154835708,2.6087742091111474,0.4991680532445924,0.4823543002866818
Subject226_2018_1205_114252_segment08_08,Subject226,8,-0.9675539470198712,2.4487941626505805,0.4231311706629055,0.15612397314966828
Subject226_2018_1205_114252_segment09_09,Subject226,9,-0.25050413190399623,5.561137439118974,1.3360323886639678,0.5831373002629873
Subject226_2018_1205_114252_segment10_10,Subject226,10,-0.954321071499298,2.5923293362854327,1.7142857142857144,0.2818160419746183
Subject226_2018_1205_114252_segment11_11,Subject226,11,0.975085983142782,1.0163521757136615,0.8310249307479224,0.4664063332285727
Subject226_2018_1205_114252_segment12_12,Subject226,12,0.9143731723933893,2.9623337754876307,0.2752293577981651,1.335344818485734
Subject226_2018_1205_114252_segment13_13,Subject226,13,0.05034999766826439,29.520417313504915,0.642023346303502,1.3869522474977451
Subject226_2018_1205_114252_segment14_14,Subject226,14,0.8626586336642188,3.543356643520699,0.7159904534606205,0.6641951141422976
Subject226_2019_0116_111425_segment00_00,Subject226,0,-0.5388467199435363,1.0898954178428257,0.40760869565217395,0.21842779289024875
Subject226_2019_0116_111425_segment01_01,Subject226,1,0.8013828028069377,1.922244140413809,0.9763313609467457,0.15238459710750843
Subject226_2019_0116_111425_segment02_02,Subject226,2,0.7180293028647605,2.7769344191218353,0.5666666666666667,0.24306075270161237
Subject226_2019_0116_111425_segment03_03,Subject226,3,0.9619790123452171,9.253970754624971,2.0761245674740487,3.3530656061313198
Subject226_2019_0116_111425_segment04_04,Subject226,4,-0.9337812557681713,1.616700100484881,1.276595744680851,0.3170656019678157
Subject226_2019_0116_111425_segment05_05,Subject226,5,-0.058396286290761656,8.841862809776215,0.8264462809917356,0.5312535409418089
Subject226_2019_0116_111425_segment06_06,Subject226,6,0.9877883743862388,0.897192864815139,0.4285714285714286,0.18805927694260008
Subject226_2019_0116_111425_segment07_07,Subject226,7,-0.9854065988705148,2.415418110171509,0.4310344827586207,0.4198192965066425
Subject226_2019_0116_111425_segment08_08,Subject226,8,-0.9453473253091478,0.8551803829751522,1.0552763819095479,0.22332876939898327
Subject226_2019_0116_111425_segment09_09,Subject226,9,0.020443843870181812,3.426625726457642,1.6071428571428572,0.7222948956958387
Subject226_2019_0116_111425_segment10_10,Subject226,10,-0.9680145088762769,1.8793735849358126,1.3496932515337423,0.38721480304318184
Subject226_2019_0116_111425_segment11_11,Subject226,11,0.9810808621080076,3.1174069052445614,1.9811320754716983,0.5863270488206415
Subject226_2019_0116_111425_segment13_12,Subject226,12,0.8999752472233282,4.095207848182129,0.3740648379052369,1.217088851025659
Subject226_2019_0116_111425_segment14_13,Subject226,13,0.5265115450777675,15.719923762770035,1.1825726141078838,1.5704396969989567
Subject226_2019_0116_111425_segment15_14,Subject226,14,0.8518934192488683,3.4552956168866356,1.5384615384615385,0.7637016417386775
Subject226_2019_0116_112900_segment00_00,Subject226,0,-0.7073070417237879,1.9424731394657537,1.1517367458866545,0.3248861652529939
Subject226_2019_0116_112900_segment01_01,Subject226,1,0.8850376203841727,1.2258873476990921,1.0135135135135134,0.18963896862081805
Subject226_2019_0116_112900_segment02_02,Subject226,2,0.7317333767984834,2.3610708705711807,0.7177033492822966,0.26276307939655985
Subject226_2019_0116_112900_segment03_03,Subject226,3,0.9738586471955376,9.389603918590076,1.8243243243243241,3.3143891949808153
Subject226_2019_0116_112900_segment04_04,Subject226,4,-0.9548632840955575,1.922533466086896,1.5365853658536588,0.4202614222784541
Subject226_2019_0116_112900_segment05_05,Subject226,5,-0.21105839078820918,6.224461910568364,1.0273972602739727,0.5972894647857682
Subject226_2019_0116_112900_segment06_06,Subject226,6,0.9923857682356859,1.229343470891222,0.5671077504725898,0.24179911646580832
Subject226_2019_0116_112900_segment07_07,Subject226,7,-0.9913769236485519,1.618043649713494,0.5319148936170213,0.48872793220040106
Subject226_2019_0116_112900_segment08_08,Subject226,8,-0.9520060057713202,1.1847287654579515,1.4444444444444444,0.2725783486703966
Subject226_2019_0116_112900_segment09_09,Subject226,9,0.2050105039063829,2.728654295695344,1.7045454545454546,0.7366699373598784
Subject226_2019_0116_112900_segment10_10,Subject226,10,-0.9605288293781166,2.8473970723880013,1.98,0.33977850741356747
Subject226_2019_0116_112900_segment11_11,Subject226,11,0.9847224367257094,1.6650967505052754,2.0723684210526314,0.6568350222930329
Subject226_2019_0116_112900_segment12_12,Subject226,12,0.8950023235802799,3.458309276756233,0.38910505836575876,1.2467618532935292
Subject226_2019_0116_112900_segment13_13,Subject226,13,0.4377119845620953,12.325380415886213,0.6593406593406593,1.5694792032383411
Subject226_2019_0116_112900_segment14_14,Subject226,14,0.8535730764731557,1.639503647611421,1.6216216216216215,0.7649148456604673
Subject232_2019_0102_200212_segment00_00,Subject232,0,0.5272181766501236,5.911033613365095,1.3306451612903227,0.7425444807780998
Subject232_2019_0102_200212_segment01_01,Subject232,1,0.9578074214210063,0.9614874210779251,0.5484460694698354,0.1516332757117291
Subject232_2019_0102_200212_segment02_02,Subject232,2,0.7876846014416766,1.3808416059870774,0.8670520231213873,0.313695410840988
Subject232_2019_0102_200212_segment04_03,Subject232,3,0.9817835884627738,1.9542271096204216,2.1140939597315436,2.809908292162107
Subject232_2019_0102_200212_segment07_04,Subject232,4,-0.9829111201644217,1.4881469752212133,0.39370078740157477,0.20544140678727982
Subject232_2019_0102_200212_segment08_05,Subject232,5,-0.052003540239623045,10.462608437422974,0.7702182284980745,0.7095253222003667
Subject232_2019_0102_200212_segment09_06,Subject232,6,0.9914810472131402,3.9809552325174518,0.3157894736842105,0.24609865497362826
Subject232_2019_0102_200212_segment11_07,Subject232,7,-0.7492998469849292,3.842101416493014,0.42075736325385693,0.5185499465521057
Subject232_2019_0102_200212_segment12_08,Subject232,8,-0.9098295330854459,2.2038410635413075,0.3968253968253968,0.28527637974019004
Subject232_2019_0102_200212_segment13_09,Subject232,9,-0.3089293004538756,11.77312642224704,0.33519553072625696,0.5782848095543192
Subject232_2019_0102_200212_segment14_10,Subject232,10,-0.9504299131874392,2.2562582453488442,0.34443168771526983,0.25264548903099665
Subject232_2019_0102_200212_segment15_11,Subject232,11,0.9806068672334127,1.3191715259670709,0.528169014084507,0.31361022804044086
Subject232_2019_0102_200212_segment16_12,Subject232,12,0.8944436834023473,2.9962953845149163,0.28328611898017003,1.2807369608388064
Subject232_2019_0102_200212_segment17_13,Subject232,13,-0.25373038937297127,27.701415474925188,0.5076142131979695,1.2497812615164403
Subject232_2019_0102_200212_segment18_14,Subject232,14,0.6065591429879554,6.534877474921087,0.3831417624521073,0.43106217770191163
Subject232_2019_0102_201915_segment00_00,Subject232,0,0.5583885480115652,6.542885174941341,1.0327022375215147,0.7822440759952319
Subject232_2019_0102_201915_segment01_01,Subject232,1,0.9568624471016439,1.382800178436641,0.476878612716763,0.13820635543423176
Subject232_2019_0102_201915_segment02_02,Subject232,2,0.6083230230139152,1.5868060493285798,0.8322324966974901,0.30306720593482583
Subject232_2019_0102_201915_segment03_03,Subject232,3,0.9734099428443855,3.950469689283253,2.0723684210526314,2.902539696819992
Subject232_2019_0102_201915_segment04_04,Subject232,4,-0.9724813940934611,2.7684837608855366,0.32751091703056767,0.16602336462122272
Subject232_2019_0102_201915_segment05_05,Subject232,5,-0.045837664129801614,10.44968686812067,0.8053691275167786,0.7711276955305651
Subject232_2019_0102_201915_segment06_06,Subject232,6,0.9948652763328161,3.0641201105895597,0.3567567567567568,0.24992648533613632
Subject232_2019_0102_201915_segment07_07,Subject232,7,-0.8649541623487829,3.135792911748133,0.407055630936228,0.4925313549657019
Subject232_2019_0102_201915_segment08_08,Subject232,8,-0.7760666659827704,2.5467266797139785,0.3597122302158273,0.2718265349125013
Subject232_2019_0102_201915_segment09_09,Subject232,9,-0.17609914829167875,10.605955554474631,0.35545023696682465,0.617112037156826
Subject232_2019_0102_201915_segment10_10,Subject232,10,-0.9511388894431254,2.0058905017434068,0.3640776699029127,0.2807318220816359
Subject232_2019_0102_201915_segment11_11,Subject232,11,0.9956994169969087,1.279714954938221,0.48387096774193544,0.3125837828063137
Subject232_2019_0102_201915_segment12_12,Subject232,12,0.8800928233334365,12.259929364373102,0.27075812274368233,1.0166143798572045
Subject232_2019_0102_201915_segment13_13,Subject232,13,-0.5220209332608761,18.302283978707482,0.4739336492890995,1.1514082471865974
Subject232_2019_0102_201915_segment14_14,Subject232,14,0.6818961121984528,6.723948911493399,0.38510911424903727,0.4210169381703896
Subject267_2018_1121_175909_segment00_00,Subject267,0,-0.7738488738286392,4.18286744722554,0.5366726296958856,0.4107716415444153
Subject267_2018_1121_175909_segment01_01,Subject267,1,0.939847264959998,0.8255328296083527,0.47368421052631576,0.14052895760998524
Subject267_2018_1121_175909_segment02_02,Subject267,2,0.7484339209675172,2.4169181597040126,0.38860103626943004,0.31446031603519603
Subject267_2018_1121_175909_segment03_03,Subject267,3,0.9840272412684483,2.467389966959926,2.0860927152317883,2.421998366867968
Subject267_2018_1121_175909_segment04_04,Subject267,4,-0.9933264840048939,2.6489323865899093,1.1938382541720154,0.17351106307520336
Subject267_2018_1121_175909_segment05_05,Subject267,5,-0.5364224507098626,8.889865454039427,0.7307171853856563,0.6333702178530006
Subject267_2018_1121_175909_segment06_06,Subject267,6,0.9596836090149571,2.1242903540520692,0.3597122302158273,0.1686354803722836
Subject267_2018_1121_175909_segment07_07,Subject267,7,-0.9908426429131508,1.686426891056108,0.4832214765100672,0.5058456017616505
Subject267_2018_1121_175909_segment08_08,Subject267,8,-0.9158158941827593,2.4727698906187467,0.44378698224852076,0.309836866211279
Subject267_2018_1121_175909_segment09_09,Subject267,9,0.23072797468412798,8.026744654163936,0.8823529411764707,0.6992062740004338
Subject267_2018_1121_175909_segment10_10,Subject267,10,-0.9972512235782152,2.0913045026284514,0.42194092827004215,0.34897868342413635
Subject267_2018_1121_175909_segment12_11,Subject267,11,0.9584690324861215,1.214129196871205,0.4792332268370607,0.31328402011381773
Subject267_2018_1121_175909_segment13_12,Subject267,12,0.8846724446376139,4.090175201049262,0.34324942791762014,1.1592086938089583
Subject267_2018_1121_175909_segment14_13,Subject267,13,0.6974802558474402,23.043433053657683,1.8210862619808306,1.8885512168592058
Subject267_2018_1121_175909_segment15_14,Subject267,14,0.7668076190190526,2.49604211253196,0.5736137667304015,0.6634713866417483
Subject267_2019_0115_190355_segment00_00,Subject267,0,0.719059978623577,3.7595792252705786,0.5952380952380952,0.8472092317929969
Subject267_2019_0115_190355_segment01_01,Subject267,1,0.8420127351272463,0.5314888694035521,0.7142857142857142,0.11679382164490425
Subject267_2019_0115_190355_segment02_02,Subject267,2,0.6289939314387721,2.7381884784214265,0.4580152671755725,0.33904764451414554
Subject267_2019_0115_190355_segment03_03,Subject267,3,0.9701020022464657,3.036976686257726,2.0127795527156547,3.012806127106021
Subject267_2019_0115_190355_segment04_04,Subject267,4,-0.9625848204806605,0.8671846936005809,0.3504672897196262,0.15624337950694106
Subject267_2019_0115_190355_segment05_05,Subject267,5,-0.37235001184615135,7.191478630187197,1.0035211267605633,0.9308424094753807
Subject267_2019_0115_190355_segment06_12,Subject267,12,0.9063013329387295,4.4699899986020055,0.3382187147688839,1.2185592357527875
Subject267_2019_0115_190355_segment07_13,Subject267,13,0.5681579142012628,25.13825972113264,0.9036144578313253,1.9594754559005634
Subject267_2019_0115_190355_segment08_14,Subject267,14,0.6988629556813459,1.894078871178182,0.5244755244755245,0.6053977224422995
Subject267_2019_0115_190355_segment10_06,Subject267,6,0.9887388333231554,0.9764569167265789,1.1012658227848102,0.20383255014439947
Subject267_2019_0115_190355_segment11_07,Subject267,7,-0.9844949483821164,2.1075139876148077,0.4103967168262654,0.4240069200431327
Subject267_2019_0115_190355_segment12_08,Subject267,8,-0.9770740064313637,1.6472624895943349,1.5283842794759828,0.27473402691803883
Subject267_2019_0115_190355_segment13_09,Subject267,9,-0.17474547719045266,8.853592032550958,0.8253094910591472,0.6684583183516082
Subject267_2019_0115_190355_segment14_10,Subject267,10,-0.9650270293535976,1.427845001588355,0.4444444444444445,0.3030715804035007
Subject267_2019_0115_190355_segment15_11,Subject267,11,0.991101921447987,1.4961706645813244,0.5338078291814946,0.2814281543353975
Subject267_2019_0115_191909_segment00_00,Subject267,0,0.778135798763346,3.677194401773241,0.6960556844547563,0.9195563145782798
Subject267_2019_0115_191909_segment01_01,Subject267,1,0.8346325608901917,0.9942563660138312,0.8108108108108107,0.1512733324195451
Subject267_2019_0115_191909_segment02_02,Subject267,2,0.6257485575548594,3.4918109469342093,0.510204081632653,0.39929469291043823
Subject267_2019_0115_191909_segment03_03,Subject267,3,0.9731483178009279,4.644333019247823,1.7770034843205575,2.9815679698235797
Subject267_2019_0115_191909_segment04_05,Subject267,5,-0.4094182870030465,8.061850652542418,1.1270125223613596,0.9398449584653197
Subject267_2019_0115_191909_segment05_06,Subject267,6,0.9893228189944199,1.9040682031708005,1.272984441301273,0.2562037371063396
Subject267_2019_0115_191909_segment06_07,Subject267,7,-0.9812102619910377,1.735277921964731,0.4862236628849271,0.48177514260188176
Subject267_2019_0115_191909_segment07_08,Subject267,8,-0.9835673708836742,2.473891492317979,1.3942307692307692,0.2916595560454732
Subject267_2019_0115_191909_segment08_09,Subject267,9,-0.19439583741041916,5.49097139189633,0.9036144578313253,0.6588925441315636
Subject267_2019_0115_191909_segment09_10,Subject267,10,-0.9506045864704717,1.1427611547360037,1.346749226006192,0.2666127138319412
Subject267_2019_0115_191909_segment10_11,Subject267,11,0.9865146156824935,2.1849985260434193,0.5681818181818181,0.32446564321331833
Subject267_2019_0115_191909_segment11_12,Subject267,12,0.8843576732194243,5.395717319314615,0.3045685279187817,1.1264353807919127
Subject267_2019_0115_191909_segment12_14,Subject267,14,0.7749233711012421,2.8881610459557767,0.576923076923077,0.5984008753784036
Subject267_2019_0115_191909_segment13_13,Subject267,13,0.4925382013015624,26.511976387679898,2.128378378378378,2.1216276817327397
Subject267_2019_0115_191909_segment14_04,Subject267,4,-0.9585377022236654,1.047361791615306,1.4598540145985404,0.16280817856196364
Subject267_2019_0117_185740_segment00_00,Subject267,0,0.7556706535036242,5.5394751829502775,1.6733067729083664,0.8631429792232369
Subject267_2019_0117_185740_segment01_01,Subject267,1,0.8222514209265792,1.5371981284603033,0.642023346303502,0.10967741530650342
Subject267_2019_0117_185740_segment02_02,Subject267,2,0.6021208331391263,10.16842855060079,0.9782608695652174,0.5359299301855945
Subject267_2019_0117_185740_segment03_03,Subject267,3,0.9702586832575038,3.700406891108077,2.0092378752886835,2.8993067286008563
Subject267_2019_0117_185740_segment04_04,Subject267,4,-0.9700486116883738,0.9497576140110208,0.3971119133574007,0.17259342820654108
Subject267_2019_0117_185740_segment05_05,Subject267,5,-0.4041150320503169,9.278735602229549,1.0486322188449848,0.883942831245307
Subject267_2019_0117_185740_segment06_06,Subject267,6,0.9860604003303736,1.6023104714792804,1.3551401869158881,0.23430011842473814
Subject267_2019_0117_185740_segment07_07,Subject267,7,-0.9637255985889392,6.025448896149475,0.3952569169960474,0.5374999565804806
Subject267_2019_0117_185740_segment08_08,Subject267,8,-0.9935858157625486,3.535734954183857,0.42105263157894735,0.26879068899844133
Subject267_2019_0117_185740_segment09_09,Subject267,9,-0.0034799734310633963,11.112878391669438,1.0233393177737882,0.7502876627894977
Subject267_2019_0117_185740_segment10_10,Subject267,10,-0.9524372745933835,7.150914969646347,0.44609665427509293,0.3917123967542573
Subject267_2019_0117_185740_segment11_11,Subject267,11,0.9763596250785308,1.6842892815212085,0.5510204081632654,0.3377334063214696
Subject267_2019_0117_185740_segment12_12,Subject267,12,0.8832527808134918,5.875592252171593,0.31971580817051515,1.0860265079897609
Subject267_2019_0117_185740_segment13_13,Subject267,13,0.5627681600229146,22.461004694641776,1.775147928994083,1.8235763953404234
Subject267_2019_0117_185740_segment14_14,Subject267,14,0.7543792147112172,3.537389128377854,0.6000000000000001,0.6020685750397339
Subject267_2019_0117_191037_segment00_00,Subject267,0,0.7151169567044375,6.2020277342343855,0.6198347107438017,0.9107393193410493
Subject267_2019_0117_191037_segment01_01,Subject267,1,0.8059142104847613,1.2762729389678578,0.7653061224489797,0.11549267199628582
Subject267_2019_0117_191037_segment02_02,Subject267,2,0.7637768697938965,4.443497479298767,0.5067567567567567,0.5454746218550525
Subject267_2019_0117_191037_segment03_03,Subject267,3,0.9758356728170697,2.848714217661703,2.0779220779220777,2.9425966977269726
Subject267_2019_0117_191037_segment04_04,Subject267,4,-0.9753624581845765,1.8325436851929322,1.2527472527472527,0.16160325183268098
Subject267_2019_0117_191037_segment05_05,Subject267,5,-0.37200600457386906,8.45263628520013,1.1868131868131868,0.9640660349863514
Subject267_2019_0117_191037_segment06_06,Subject267,6,0.9870703032765494,3.3119120153449613,1.1917098445595855,0.28478893294739555
Subject267_2019_0117_191037_segment07_07,Subject267,7,-0.9744140913590577,3.662788145615354,0.4301075268817205,0.529891811748285
Subject267_2019_0117_191037_segment08_08,Subject267,8,-0.9852649591812217,4.06740982233965,1.320754716981132,0.33562346205059307
Subject267_2019_0117_191037_segment09_09,Subject267,9,0.09423728489444505,9.049630577599965,1.0107816711590296,0.758301276622725
Subject267_2019_0117_191037_segment10_10,Subject267,10,-0.9444717174061948,8.803642006878468,0.42,0.44065553661904727
Subject267_2019_0117_191037_segment11_11,Subject267,11,0.9905942383237456,2.217479489140852,0.6323185011709602,0.39288325245356087
Subject267_2019_0117_191037_segment12_12,Subject267,12,0.8949740901300919,5.6147001300762565,0.31484257871064464,1.2647111645786988
Subject267_2019_0117_191037_segment13_13,Subject267,13,0.5146467640810948,20.084771155027415,0.8883826879271071,1.8115432425361089
Subject267_2019_0117_191037_segment14_14,Subject267,14,0.779691351424128,5.659004064194947,0.6369426751592356,0.680738914441707
Subject274_2018_1228_153424_segment00_00,Subject274,0,0.6426879676584306,3.587201004294537,0.8595988538681949,0.47680973262917026
Subject274_2018_1228_153424_segment01_01,Subject274,1,0.9652126097196366,0.8156052889485609,0.5714285714285714,0.11440283186448233
Subject274_2018_1228_153424_segment02_02,Subject274,2,0.5367987783108966,1.6514309372428564,1.6551724137931034,0.28953187220299814
Subject274_2018_1228_153424_segment03_03,Subject274,3,0.9706613244030641,6.76961697081276,1.694915254237288,2.914076250396011
Subject274_2018_1228_153424_segment04_04,Subject274,4,-0.9097608042584007,1.7833277687045481,0.4366812227074236,0.3110005215988775
Subject274_2018_1228_153424_segment05_05,Subject274,5,-0.33019279910570914,8.459530517724343,0.6057385759829969,0.3543794983532892
Subject274_2018_1228_153424_segment06_06,Subject274,6,0.9710945246547762,2.2853514735807248,0.288153681963714,0.1703179459094212
Subject274_2018_1228_153424_segment07_07,Subject274,7,-0.9467605431971963,2.747931479866738,0.3601440576230492,0.3317201283093955
Subject274_2018_1228_153424_segment08_08,Subject274,8,-0.8343029247406044,1.4136738603969596,0.36809815950920244,0.2131269820127153
Subject274_2018_1228_153424_segment09_09,Subject274,9,0.40430346908765025,7.345044134755673,0.783289817232376,0.612231456477521
Subject274_2018_1228_153424_segment10_10,Subject274,10,-0.9881415857344205,2.6869833523728506,0.41379310344827586,0.29215588598022363
Subject274_2018_1228_153424_segment11_11,Subject274,11,0.9970207054156945,1.0467153172619654,0.6333973128598848,0.32539488277674605
Subject274_2018_1228_153424_segment12_12,Subject274,12,0.8758544048346181,7.896161457799766,0.37453183520599254,1.8070243882580834
Subject274_2018_1228_153424_segment13_13,Subject274,13,-0.9390527061617375,2.2508421870520654,0.5514705882352942,0.3788830438716556
Subject274_2018_1228_153424_segment14_14,Subject274,14,0.806086604899265,2.078369712595807,0.5395683453237411,0.6148163475564457
Subject274_2018_1228_154927_segment00_00,Subject274,0,0.6455172039227474,4.949299500981182,0.881057268722467,0.6403855929803128
Subject274_2018_1228_154927_segment01_01,Subject274,1,0.8825145871607879,0.766321015506162,0.6726457399103138,0.109005346224226
Subject274_2018_1228_154927_segment02_02,Subject274,2,0.49531692959200047,2.008175742885062,0.8431952662721894,0.32672012784922877
Subject274_2018_1228_154927_segment03_03,Subject274,3,0.9642205509406746,8.133389543170695,2.006369426751592,3.33416953964968
Subject274_2018_1228_154927_segment04_04,Subject274,4,-0.9227075319810818,5.024912272635787,1.71875,0.36577088068384045
Subject274_2018_1228_154927_segment05_05,Subject274,5,-0.1609482996142227,9.869618595201189,0.6044538706256627,0.3814732915760075
Subject274_2018_1228_154927_segment06_06,Subject274,6,0.9927759451212866,1.4665762909286366,0.38510911424903727,0.2430798401442938
Subject274_2018_1228_154927_segment07_07,Subject274,7,-0.9307450544659845,3.2398679293156794,0.436046511627907,0.46113021562951245
Subject274_2018_1228_154927_segment08_08,Subject274,8,-0.4469459619822531,2.624357231391727,1.2912482065997128,0.3636128449598469
Subject274_2018_1228_154927_segment09_09,Subject274,9,0.34073634902095584,8.272576755520081,0.9878682842287695,0.7422579490955074
Subject274_2018_1228_154927_segment10_10,Subject274,10,-0.997628584075086,1.496794669929188,0.5546218487394958,0.3721347206803316
Subject274_2018_1228_154927_segment11_11,Subject274,11,0.9858133759269231,0.9746432780443489,0.6493506493506493,0.38622356709672057
Subject274_2018_1228_154927_segment12_12,Subject274,12,0.9015386168048767,3.2234116581001757,0.8798882681564245,1.909572953613549
Subject274_2018_1228_154927_segment13_13,Subject274,13,-0.7624824135732987,29.301531723880203,0.5199306759098786,0.5667124602009093
Subject274_2018_1228_154927_segment14_14,Subject274,14,0.7805709890742231,2.8945333296327713,0.5791505791505792,0.6566053017655549
Subject303_2018_1228_102151_segment00_00,Subject303,0,-0.8422935990906718,12.388312204467214,1.24,0.25155409921882793
Subject303_2018_1228_102151_segment01_01,Subject303,1,0.96520301755683,1.9119824154785394,1.2261580381471389,0.18711525260854414
Subject303_2018_1228_102151_segment02_02,Subject303,2,0.7365916203597489,1.7567969603266576,0.6936416184971099,0.25877036180068674
Subject303_2018_1228_102151_segment03_03,Subject303,3,0.9219517280938772,3.35148677200705,1.9169329073482428,2.9042362686995653
Subject303_2018_1228_102151_segment04_04,Subject303,4,-0.9793681363138443,2.6156040187248477,0.3448275862068966,0.11612346041011214
Subject303_2018_1228_102151_segment05_05,Subject303,5,-0.2610993227502982,9.129471954047208,0.5808325266214909,0.29884307294501933
Subject303_2018_1228_102151_segment06_06,Subject303,6,0.976955218689202,3.7242335875261627,0.5084745762711864,0.10153665089965842
Subject303_2018_1228_102151_segment07_07,Subject303,7,-0.9973993307510561,0.799835232672487,0.5504587155963302,0.5155452076909732
Subject303_2018_1228_102151_segment08_08,Subject303,8,-0.7625621871860239,2.4567139561307103,0.6274900398406374,0.12444391414190761
Subject303_2018_1228_102151_segment09_09,Subject303,9,0.004137529007309477,7.857332338340114,0.7202881152460984,0.5102252575721734
Subject303_2018_1228_102151_segment10_10,Subject303,10,-0.9960078311418685,1.4832042839131305,1.0514018691588787,0.18693305174315542
Subject303_2018_1228_102151_segment11_11,Subject303,11,0.9936328794244252,0.8773404719713886,1.5873015873015874,0.22504712258768161
Subject303_2018_1228_102151_segment12_12,Subject303,12,0.9688968654000952,3.2084893668133763,0.27124773960216997,0.8370477778130051
Subject303_2018_1228_102151_segment13_13,Subject303,13,-0.8866334777291058,6.210176251512959,0.7432432432432433,1.0823850605540457
Subject303_2018_1228_102151_segment14_14,Subject303,14,0.7642545306874206,4.4453302926293885,0.5434782608695653,0.5950514501010598
Subject303_2018_1228_104013_segment00_00,Subject303,0,-0.7982568618075784,3.467594854205844,0.6952491309385864,0.23768887385610796
Subject303_2018_1228_104013_segment01_01,Subject303,1,0.9886797030092379,2.1423740974268095,0.41608876560332875,0.1899861359521696
Subject303_2018_1228_104013_segment02_02,Subject303,2,0.7303830377621539,1.9296387470372751,0.6818181818181819,0.24935268738994165
Subject303_2018_1228_104013_segment03_03,Subject303,3,0.9265759246261707,2.1213171892391736,1.8404907975460123,2.744038349622577
Subject303_2018_1228_104013_segment04_04,Subject303,4,-0.9910501769435874,2.5636633423960715,0.38372093023255816,0.1277745536241344
Subject303_2018_1228_104013_segment05_05,Subject303,5,-0.2802744413438028,10.71495289841065,0.5519779208831647,0.29099360804378543
Subject303_2018_1228_104013_segment06_06,Subject303,6,0.9832035666447985,3.5244050123760013,0.5501930501930502,0.11905741798323373
Subject303_2018_1228_104013_segment07_07,Subject303,7,-0.9940058276589457,1.7827803452650255,0.6122448979591837,0.5156077824163255
Subject303_2018_1228_104013_segment08_08,Subject303,8,-0.7465831829384241,2.874388452981863,0.6072874493927126,0.11612575428278814
Subject303_2018_1228_104013_segment09_09,Subject303,9,-0.009698163813496084,7.047101187741151,0.7462686567164178,0.5130714203225977
Subject303_2018_1228_104013_segment10_10,Subject303,10,-0.9919317062983122,1.4278362339838506,0.3768844221105528,0.2007808370674338
Subject303_2018_1228_104013_segment11_11,Subject303,11,0.985639620842092,1.0283411590980864,0.5042016806722689,0.21524289721849774
Subject303_2018_1228_104013_segment12_12,Subject303,12,0.9562288817641595,2.4414010479169206,0.27347310847766637,0.8592701127834278
Subject303_2018_1228_104013_segment13_13,Subject303,13,-0.9141338249697887,5.705641506445015,0.6666666666666666,1.0380758503082415
Subject303_2018_1228_104013_segment14_14,Subject303,14,0.7226414851958999,4.994259865595429,0.5263157894736842,0.6068047439922013
Subject352_2019_0108_150045_segment00_00,Subject352,0,-0.07933299108117671,1.8498620843378224,0.22641509433962265,0.07371920817697443
Subject352_2019_0108_150045_segment02_01,Subject352,1,0.9061897610406964,4.031412229572805,0.2573879885605338,0.14113862166518934
Subject352_2019_0108_150045_segment03_02,Subject352,2,0.9966667678806024,2.337850825120025,0.45941807044410415,0.181051137425482
Subject352_2019_0108_150045_segment04_03,Subject352,3,0.9694418712826727,4.3053945302990355,1.9504643962848298,2.8455965401087684
Subject352_2019_0108_150045_segment05_04,Subject352,4,-0.9468742942146948,3.3874993085860656,0.24896265560165975,0.12214473962439716
Subject352_2019_0108_150045_segment06_05,Subject352,5,-0.09684478008185504,9.526033434604326,0.5267778753292361,0.2608293734314642
Subject352_2019_0108_150045_segment07_06,Subject352,6,0.9969095745118247,1.1808450140000355,0.2188006482982172,0.05916363144155509
Subject352_2019_0108_150045_segment08_07,Subject352,7,-0.9418780558137124,1.999303513719886,0.34802784222737815,0.28860427775008324
Subject352_2019_0108_150045_segment09_08,Subject352,8,-0.9457860628895335,2.027865091392926,0.8272058823529411,0.07561124040416113
Subject352_2019_0108_150045_segment10_09,Subject352,9,-0.1000355576756302,17.024464940620714,1.0034305317324186,0.40732638209188476
Subject352_2019_0108_150045_segment11_10,Subject352,10,-0.9294568694400028,2.3639504020995368,0.30998851894374285,0.21254547688958994
Subject352_2019_0108_150045_segment12_11,Subject352,11,0.9350362269445459,2.9151035675074652,0.743801652892562,0.2011566529925859
Subject352_2019_0108_150045_segment13_12,Subject352,12,0.929107314776071,20.16667855444662,0.33296337402885684,1.094986535653538
Subject352_2019_0108_150045_segment14_13,Subject352,13,-0.43272543021254484,8.927353072069272,0.49668874172185434,1.0513908672575936
Subject352_2019_0108_150045_segment15_14,Subject352,14,0.8898794567881523,3.420126337476133,0.8298755186721991,0.3334062676317556
Subject352_2019_0108_152431_segment00_00,Subject352,0,0.06124213409130387,1.0125488766634207,0.25233644859813087,0.08801855158944089
Subject352_2019_0108_152431_segment01_01,Subject352,1,0.9107058650471083,2.6800517100408134,0.2973568281938326,0.16580230113172856
Subject352_2019_0108_152431_segment02_02,Subject352,2,-0.5156713591766994,1.9872289769128988,0.5688622754491018,0.16596537383975238
Subject352_2019_0108_152431_segment03_03,Subject352,3,0.9677383119194719,5.4636190539701035,1.9292604501607715,3.123245411851868
Subject352_2019_0108_152431_segment04_04,Subject352,4,-0.8738330699749604,2.889604175385791,0.595829195630586,0.14106175643301558
Subject352_2019_0108_152431_segment05_05,Subject352,5,-0.02029518272534336,9.442351454652394,0.735981308411215,0.4937611125855333
Subject352_2019_0108_152431_segment06_06,Subject352,6,0.9865106512458854,1.4398247656252476,0.3397508493771234,0.09516493434062144
Subject352_2019_0108_152431_segment07_07,Subject352,7,-0.9729953976477116,1.8781268621582718,0.5272407732864675,0.464121829973529
Subject352_2019_0108_152431_segment08_08,Subject352,8,-0.9405729973281308,1.742598294064316,0.29041626331074544,0.09325497035176072
Subject352_2019_0108_152431_segment09_09,Subject352,9,-0.10448000989044844,16.9782427770683,0.2772643253234751,0.4851778855006905
Subject352_2019_0108_152431_segment10_10,Subject352,10,-0.9448048742900366,2.026896988540467,0.3717472118959108,0.21011609920824736
Subject352_2019_0108_152431_segment11_11,Subject352,11,0.945509169492091,2.8148899736733783,0.33482142857142855,0.17131516300270466
Subject352_2019_0108_152431_segment12_12,Subject352,12,0.9835843939968383,5.2006173753081395,0.35377358490566035,1.229119091950979
Subject352_2019_0108_152431_segment13_13,Subject352,13,-0.5015578886437383,5.16508530298358,0.493421052631579,1.049576443849389
Subject352_2019_0108_152431_segment14_14,Subject352,14,0.9172202789620963,2.355638420746588,0.7559681697612732,0.316238447979875
Subject352_2019_0114_153119_segment00_00,Subject352,0,0.08214440259585205,1.2606976154754828,0.30487804878048785,0.09996335346079058
Subject352_2019_0114_153119_segment01_01,Subject352,1,0.9592188783967271,1.5273277622889891,0.3618817852834741,0.1194160418386956
Subject352_2019_0114_153119_segment02_02,Subject352,2,-0.450191295720567,3.52987078278808,0.6764374295377678,0.1839919275965944
Subject352_2019_0114_153119_segment03_03,Subject352,3,0.9508219743604847,3.2112796590129538,1.869158878504673,2.99312151249844
Subject352_2019_0114_153119_segment04_04,Subject352,4,-0.9541682185457315,2.1985240870967946,0.6349206349206349,0.12690965453770992
Subject352_2019_0114_153119_segment05_05,Subject352,5,-0.043517137308310826,8.160674927226236,0.631578947368421,0.3600659550573451
Subject352_2019_0114_153119_segment06_06,Subject352,6,0.9991182358922291,0.8464438647288502,0.9495896834701055,0.07392908482029978
Subject352_2019_0114_153119_segment07_07,Subject352,7,-0.967725857690321,2.5116820079859483,0.5424954792043399,0.5799461403349522
Subject352_2019_0114_153119_segment08_08,Subject352,8,-0.9407765559113601,1.3862648357754086,0.2702702702702703,0.07838959510985696
Subject352_2019_0114_153119_segment09_09,Subject352,9,-0.0906341816142595,14.709390292970733,0.6564551422319476,0.5606305789274254
Subject352_2019_0114_153119_segment10_10,Subject352,10,-0.9283773149587018,2.0060005779367334,0.4273504273504274,0.24828661895862958
Subject352_2019_0114_153119_segment11_11,Subject352,11,0.9522516937946424,1.9324425674573118,0.7772020725388601,0.17605875168171709
Subject352_2019_0114_153119_segment12_12,Subject352,12,0.9203489277331175,20.956576568514695,0.3389830508474576,1.0699850711106775
Subject352_2019_0114_153119_segment13_13,Subject352,13,-0.5002795673633341,4.868114404608536,0.5494505494505495,1.0375516907213733
Subject352_2019_0114_153119_segment14_14,Subject352,14,0.9167788607592546,2.2693523354375156,0.4601226993865031,0.3270996102696923
Subject352_2019_0114_154611_segment00_00,Subject352,0,0.09671055803149241,2.030413113284163,1.4598540145985404,0.16259750401635953
Subject352_2019_0114_154611_segment01_01,Subject352,1,0.8251055379299093,1.6737364186627546,0.3978779840848806,0.12451811660983014
Subject352_2019_0114_154611_segment02_02,Subject352,2,-0.15610983017707544,3.004235131937486,0.3541912632821723,0.19396357979181625
Subject352_2019_0114_154611_segment03_03,Subject352,3,0.9346546611015522,7.6045458088864955,2.0,2.992424475451673
Subject352_2019_0114_154611_segment04_04,Subject352,4,-0.9559292388211938,1.8277998001482,0.8690987124463518,0.1304636193031993
Subject352_2019_0114_154611_segment05_05,Subject352,5,0.07930351246938584,7.178682617880186,0.7054455445544554,0.4818609182975176
Subject352_2019_0114_154611_segment06_06,Subject352,6,0.9928713739125898,3.170236525288364,1.0558252427184467,0.09144474514050935
Subject352_2019_0114_154611_segment07_07,Subject352,7,-0.9688222703761277,1.342994480379023,1.8355640535372848,0.6050131287898087
Subject352_2019_0114_154611_segment08_08,Subject352,8,-0.9391450278686759,1.3459799340539016,0.3232758620689655,0.11374638642292431
Subject352_2019_0114_154611_segment09_09,Subject352,9,0.06601582912106703,12.707683494369107,0.7416563658838072,0.6753277962975829
Subject352_2019_0114_154611_segment10_10,Subject352,10,-0.9354579388178632,2.966083557717546,0.42134831460674155,0.23441034877416847
Subject352_2019_0114_154611_segment11_11,Subject352,11,0.9465999025118405,1.9596447456198682,0.7633587786259542,0.175040867584621
Subject352_2019_0114_154611_segment13_12,Subject352,12,0.9559944349077618,11.026264036884697,0.35799522673031026,1.1256848504475498
Subject352_2019_0114_154611_segment14_13,Subject352,13,-0.4649001889914167,4.373085344838893,1.1385199240986719,1.0714995315468545
Subject352_2019_0114_154611_segment15_14,Subject352,14,0.9353155014936787,2.9077772623056197,0.4893964110929854,0.3666471771135658
Subject353_2019_0103_203618_segment00_00,Subject353,0,-0.5327285249197011,22.225989819485626,1.5107913669064748,0.45805860577354446
Subject353_2019_0103_203618_segment01_01,Subject353,1,0.9300035397644384,0.8255949094652303,1.0610932475884243,0.0488070099526085
Subject353_2019_0103_203618_segment02_02,Subject353,2,0.9434633271528657,2.755077478381227,1.1583011583011582,0.2726904428483548
Subject353_2019_0103_203618_segment03_03,Subject353,3,0.929347873521737,2.5832558674692785,2.121212121212121,2.8082439433449258
Subject353_2019_0103_203618_segment04_04,Subject353,4,-0.9790895495258939,1.3838712524140355,1.0576923076923075,0.1732781424477932
Subject353_2019_0103_203618_segment05_05,Subject353,5,-0.7355292439552308,18.862443583900955,0.711864406779661,0.5139057786989865
Subject353_2019_0103_203618_segment06_06,Subject353,6,0.9336426734059108,1.6547788127696317,0.6888633754305397,0.13340176381792804
Subject353_2019_0103_203618_segment07_07,Subject353,7,-0.9882070486467542,2.2598419649513772,0.35799522673031026,0.2525063585770442
Subject353_2019_0103_203618_segment08_08,Subject353,8,-0.8178266884000203,1.6165124481520299,1.1418685121107268,0.23043860271767108
Subject353_2019_0103_203618_segment09_09,Subject353,9,0.2190214525279691,2.912453834391118,1.0362694300518134,0.45044714286657883
Subject353_2019_0103_203618_segment10_10,Subject353,10,-0.9845637906236387,2.069730759587009,0.31712473572938693,0.14167501419668124
Subject353_2019_0103_203618_segment11_11,Subject353,11,0.9229610373825707,0.9347511459318273,1.147227533460803,0.2673981819055544
Subject353_2019_0103_203618_segment12_12,Subject353,12,0.8908612373966724,4.725937894359103,0.27497708524289644,1.0091302041661439
Subject353_2019_0103_203618_segment13_13,Subject353,13,-0.8704800036549868,10.605516787795708,1.3255813953488371,1.143630142628018
Subject353_2019_0103_203618_segment14_14,Subject353,14,0.2857850764624744,7.491313702761766,0.6578947368421052,0.36790721095724016
Subject353_2019_0103_205515_segment00_00,Subject353,0,-0.5879411980736667,21.213885927613074,0.20338983050847456,0.4913828795805449
Subject353_2019_0103_205515_segment01_01,Subject353,1,0.8594200694405589,1.7584770320667467,0.4636785162287481,0.057394505745724855
Subject353_2019_0103_205515_segment02_02,Subject353,2,0.9869194788499291,1.7114897809201786,0.34443168771526983,0.19996393610579138
Subject353_2019_0103_205515_segment03_03,Subject353,3,0.9918880322989007,2.1921492906841227,2.1070234113712374,2.883439286869743
Subject353_2019_0103_205515_segment04_04,Subject353,4,-0.9656471204684296,2.578906370127406,0.45317220543806647,0.09281806986381161
Subject353_2019_0103_205515_segment05_05,Subject353,5,-0.6807678163263989,11.452673210808596,0.59436913451512,0.43235310504886515
Subject353_2019_0103_205515_segment06_06,Subject353,6,0.9649601544925236,2.2406954129511374,0.2946954813359529,0.10877363208273229
Subject353_2019_0103_205515_segment07_07,Subject353,7,-0.9917645928643389,2.4942559432795783,0.30060120240480964,0.2270435686942403
Subject353_2019_0103_205515_segment08_08,Subject353,8,-0.8504494922523046,1.5695247242293335,1.5760869565217392,0.23690100554840307
Subject353_2019_0103_205515_segment09_09,Subject353,9,0.193828044100618,3.258058540901723,1.1299435028248588,0.4056959615495293
Subject353_2019_0103_205515_segment10_10,Subject353,10,-0.989288545240019,3.1649246530262376,0.21933387489845657,0.1426171490939143
Subject353_2019_0103_205515_segment11_11,Subject353,11,0.923317519583808,2.653927690653718,1.1278195488721803,0.25551000068053054
Subject353_2019_0103_205515_segment12_12,Subject353,12,0.8876429694927721,5.060972127832387,0.320855614973262,1.0217029754509037
Subject353_2019_0103_205515_segment13_13,Subject353,13,-0.6182034985338267,13.291067253707567,1.375,1.1252552387005768
Subject353_2019_0103_205515_segment14_14,Subject353,14,0.2642631973377182,4.7333142005435205,0.824891461649783,0.456498121735421
Subject353_2019_0107_201808_segment00_00,Subject353,0,-0.32729470960738005,18.25278272727261,1.8181818181818183,0.5032816632997525
Subject353_2019_0107_201808_segment01_01,Subject353,1,0.964592670456967,1.415125178055827,0.9554140127388534,0.05439182245525603
Subject353_2019_0107_201808_segment02_02,Subject353,2,0.9370275785799531,3.1115109238587517,0.8875739644970415,0.28698427178527186
Subject353_2019_0107_201808_segment03_03,Subject353,3,0.8786723375254156,3.254053243964539,2.3157894736842106,3.058271288760733
Subject353_2019_0107_201808_segment04_04,Subject353,4,-0.981520627712,1.6370189452085262,1.7741935483870968,0.3101293174357487
Subject353_2019_0107_201808_segment05_05,Subject353,5,-0.695436034866514,7.647358430392603,0.9316770186335405,0.6337047123815339
Subject353_2019_0107_201808_segment07_06,Subject353,6,0.9902394124091501,1.5938271406090951,0.3448275862068966,0.13969402967503822
Subject353_2019_0107_201808_segment08_07,Subject353,7,-0.9883787112512012,1.9030728105179968,0.4273504273504274,0.27608456709198365
Subject353_2019_0107_201808_segment09_08,Subject353,8,-0.8223432848621829,2.0287373603180456,1.1131725417439704,0.2245289171200731
Subject353_2019_0107_201808_segment10_09,Subject353,9,0.1287853033005815,6.7932690077101325,1.3580246913580247,0.42518797230742683
Subject353_2019_0107_201808_segment11_10,Subject353,10,-0.9711113421373747,3.384748895813955,1.0848400556328235,0.1735575610964012
Subject353_2019_0107_201808_segment12_11,Subject353,11,0.9810614447489531,2.25807303064524,1.5345268542199488,0.318576047863647
Subject353_2019_0107_201808_segment13_12,Subject353,12,0.8985906889158775,3.6385354745909106,0.3759398496240602,1.0728374719828975
Subject353_2019_0107_201808_segment14_13,Subject353,13,-0.6276453856529809,8.1621564968747,1.5035799522673032,1.1203337322661744
Subject353_2019_0107_201808_segment15_14,Subject353,14,0.39227095235085163,4.423097981454783,1.2256809338521402,0.5806063642113485
Subject353_2019_0107_203456_segment00_00,Subject353,0,-0.3686132982179721,2.818679542387209,1.5873015873015872,0.4474090629574388
Subject353_2019_0107_203456_segment01_01,Subject353,1,0.9569100545589501,1.295576267839273,0.631578947368421,0.07225921686613741
Subject353_2019_0107_203456_segment02_02,Subject353,2,0.9558339204604266,4.489361647576974,1.2322274881516586,0.2914324713300448
Subject353_2019_0107_203456_segment03_03,Subject353,3,0.9008860090022629,7.30460247177318,2.2183098591549295,3.2140637481653838
Subject353_2019_0107_203456_segment04_04,Subject353,4,-0.9525339006702472,2.0075580911722812,1.6273584905660377,0.28220187591770196
Subject353_2019_0107_203456_segment05_05,Subject353,5,-0.6200603149379673,5.6188626845366825,1.0638297872340425,0.6775660607305465
Subject353_2019_0107_203456_segment06_06,Subject353,6,0.9289697493107916,1.7329601633090101,0.8941877794336811,0.21308608420491792
Subject353_2019_0107_203456_segment07_07,Subject353,7,-0.9646987375426391,1.861060307177844,0.5309734513274337,0.3510273707721177
Subject353_2019_0107_203456_segment08_08,Subject353,8,-0.7939238864860624,4.341581672455614,1.4031180400890868,0.28362452256142484
Subject353_2019_0107_203456_segment09_09,Subject353,9,0.2491814536425649,6.279639060339081,1.5180722891566265,0.44224047176535036
Subject353_2019_0107_203456_segment10_10,Subject353,10,-0.9603905753398057,3.2983251591737637,1.0695187165775402,0.2314458333806808
Subject353_2019_0107_203456_segment11_11,Subject353,11,0.9817252609634238,1.1854510820852624,1.6216216216216215,0.362088108975421
Subject353_2019_0107_203456_segment12_12,Subject353,12,0.8996174178369466,4.769744841165615,0.3731343283582089,1.0541703733670411
Subject353_2019_0107_203456_segment13_13,Subject353,13,-0.3122579224268115,13.321583345774584,1.5903614457831325,1.1901670135746982
Subject353_2019_0107_203456_segment14_14,Subject353,14,0.41964804169676506,4.114121991979241,1.47196261682243,0.6444112857968448
Subject353_2019_0124_191856_segment00_00,Subject353,0,-0.6140704364625982,9.226379803125306,1.1003861003861004,0.3634968236678399
Subject353_2019_0124_191856_segment01_01,Subject353,1,0.982812018153477,1.146543073303442,0.7333333333333333,0.061763857736792854
Subject353_2019_0124_191856_segment02_02,Subject353,2,0.9311200506562239,3.2920005987122676,1.1712846347607053,0.2692065672181718
Subject353_2019_0124_191856_segment03_03,Subject353,3,0.92138321536489,2.420648416904623,2.095238095238095,2.7908967071799817
Subject353_2019_0124_191856_segment04_04,Subject353,4,-0.994919967787494,2.30756968550299,1.119005328596803,0.19006735235398342
Subject353_2019_0124_191856_segment05_05,Subject353,5,-0.7315861862694343,8.561331926204135,0.8759124087591241,0.6571811410251326
Subject353_2019_0124_191856_segment06_06,Subject353,6,0.9683608644008724,1.4643406454029912,0.7457627118644068,0.16363500009711204
Subject353_2019_0124_191856_segment07_07,Subject353,7,-0.9872204560179909,1.4704713100277826,0.4596100278551532,0.2803550408832832
Subject353_2019_0124_191856_segment08_08,Subject353,8,-0.6302102709502032,3.680716889476104,0.9895052473763117,0.23033658680934602
Subject353_2019_0124_191856_segment09_09,Subject353,9,0.22926498603245618,4.360272312585969,1.2619502868068833,0.4368886742447957
Subject353_2019_0124_191856_segment10_10,Subject353,10,-0.9704646651471678,1.9406519860283167,1.0185185185185184,0.20868269332150735
Subject353_2019_0124_191856_segment11_11,Subject353,11,0.9450627091187972,2.279351514466052,1.4831460674157304,0.3036952427977073
Subject353_2019_0124_191856_segment12_12,Subject353,12,0.8475416173993161,14.168138198019482,0.3732057416267942,1.0665871225589234
Subject353_2019_0124_191856_segment13_13,Subject353,13,-0.5978065966952893,12.593256759914766,1.5221987315010574,1.3171425459507535
Subject353_2019_0124_191856_segment14_14,Subject353,14,0.45098389449461534,4.118172654939586,1.3218390804597702,0.5496641760298999
Subject353_2019_0124_193722_segment00_00,Subject353,0,-0.38259522908420257,4.891853967420192,1.2110091743119265,0.38018521007206846
Subject353_2019_0124_193722_segment01_01,Subject353,1,0.9373626076924069,2.7463044484673906,0.8924485125858124,0.14662142440817366
Subject353_2019_0124_193722_segment02_02,Subject353,2,0.9399444964551891,2.1738041163473247,1.5861027190332326,0.3147026434853966
Subject353_2019_0124_193722_segment03_03,Subject353,3,0.8591661254803747,8.011102003025849,2.2865853658536586,2.8684811249918667
Subject353_2019_0124_193722_segment04_04,Subject353,4,-0.981074370864319,2.357048396181748,1.2996389891696754,0.2332381018718627
Subject353_2019_0124_193722_segment05_05,Subject353,5,-0.738484385751515,6.828832264365174,0.934844192634561,0.7046018390891182
Subject353_2019_0124_193722_segment06_06,Subject353,6,0.9294566808946044,1.84655676586627,0.406905055487053,0.19762642941665437
Subject353_2019_0124_193722_segment07_07,Subject353,7,-0.9691060976817005,3.9825573636705216,0.48672566371681414,0.29272610631072615
Subject353_2019_0124_193722_segment08_08,Subject353,8,-0.6109346466117473,3.94530922974951,1.1147011308562198,0.2629291596926764
Subject353_2019_0124_193722_segment09_09,Subject353,9,0.24119786347910252,5.186674768637571,1.4465408805031446,0.4260155752900354
Subject353_2019_0124_193722_segment10_10,Subject353,10,-0.9850788234296501,4.098497150713709,1.0714285714285714,0.18087037997025407
Subject353_2019_0124_193722_segment11_11,Subject353,11,0.9591250686607504,3.0167566719644183,1.4606741573033708,0.28912803608197307
Subject353_2019_0124_193722_segment12_12,Subject353,12,0.8275183498556685,4.587457394825838,0.38461538461538464,1.011598616510944
Subject353_2019_0124_193722_segment13_13,Subject353,13,-0.6643040801289891,8.793221542429823,1.3740458015267176,1.1257199392965898
Subject353_2019_0124_193722_segment14_14,Subject353,14,0.2628881879070666,5.878393017190386,1.2637362637362637,0.599372235089643
Subject354_2019_0109_180310_segment00_00,Subject354,0,-0.06255757501200027,1.3685910927641467,1.3179916317991631,0.3938876525985843
Subject354_2019_0109_180310_segment01_01,Subject354,1,0.9714894089784252,3.0269478841512067,0.8064516129032258,0.23653835939517612
Subject354_2019_0109_180310_segment02_02,Subject354,2,0.9662344143693696,5.7484002590223735,0.6936416184971099,0.3352530890032439
Subject354_2019_0109_180310_segment03_03,Subject354,3,0.9787802509659773,5.175316905952331,2.1649484536082477,3.65495727021722
Subject354_2019_0109_180310_segment04_04,Subject354,4,-0.9836461660446298,1.5407062660687514,1.5420560747663554,0.3202816585647153
Subject354_2019_0109_180310_segment05_05,Subject354,5,-0.823812058237243,9.063935937331834,0.986842105263158,0.7723086068408406
Subject354_2019_0109_180310_segment06_06,Subject354,6,0.9770548594685117,1.4313040747307444,0.9523809523809523,0.2428205028268064
Subject354_2019_0109_180310_segment07_07,Subject354,7,-0.9852266768461377,1.5473416348704552,0.43859649122807015,0.4735707269627863
Subject354_2019_0109_180310_segment08_08,Subject354,8,-0.8638683968704307,2.2579510703432804,1.1090573012939005,0.2938734377409154
Subject354_2019_0109_180310_segment09_09,Subject354,9,0.19345061394613525,6.788805181743498,1.2857142857142858,0.7792549478058368
Subject354_2019_0109_180310_segment10_10,Subject354,10,-0.9763047255450732,1.2866609360378256,1.3461538461538463,0.3171432873828787
Subject354_2019_0109_180310_segment11_11,Subject354,11,0.8991734962727242,2.4205582704971844,1.2072434607645874,0.45200257272777367
Subject354_2019_0109_180310_segment12_12,Subject354,12,0.9630039129995911,3.503150203153845,0.2890173410404624,1.0990722818061258
Subject354_2019_0109_180310_segment13_13,Subject354,13,-0.648634739847461,9.529968539246973,1.9130434782608696,0.8103942221396772
Subject354_2019_0109_180310_segment14_14,Subject354,14,0.7531015053592923,3.958927344680745,0.6289308176100629,0.6939240047770038
Subject354_2019_0109_181938_segment00_00,Subject354,0,-0.04204404408858435,4.664136527623411,1.4705882352941178,0.5333978191373381
Subject354_2019_0109_181938_segment01_01,Subject354,1,0.9714189178644932,0.8966202131500808,0.847457627118644,0.20267653459963852
Subject354_2019_0109_181938_segment02_02,Subject354,2,0.9932451827813168,2.199503009480637,0.6855277475516867,0.2952499327707254
Subject354_2019_0109_181938_segment03_03,Subject354,3,0.9884973912115398,5.000703836313228,2.2743682310469318,3.636313177096933
Subject354_2019_0109_181938_segment04_04,Subject354,4,-0.9901297514530296,1.430118119579379,1.532258064516129,0.37228288549405
Subject354_2019_0109_181938_segment05_05,Subject354,5,-0.8109411577160951,11.611564992972077,1.0327022375215147,0.7992011210463772
Subject354_2019_0109_181938_segment06_06,Subject354,6,0.9678653799066568,1.4230919211460422,1.0196779964221825,0.2883376152575211
Subject354_2019_0109_181938_segment07_07,Subject354,7,-0.9969923368904394,1.742855868088688,0.528169014084507,0.50825651791294
Subject354_2019_0109_181938_segment08_08,Subject354,8,-0.8724567218761116,3.161223781790032,0.5714285714285714,0.31303803429327787
Subject354_2019_0109_181938_segment09_09,Subject354,9,0.22244083234981693,6.316293068491558,1.2727272727272727,0.7131112482109088
Subject354_2019_0109_181938_segment10_10,Subject354,10,-0.9923818663766572,2.536723811108792,1.4705882352941178,0.38162653554836434
Subject354_2019_0109_181938_segment11_11,Subject354,11,0.8982039396026427,4.7073520153509705,1.4388489208633093,0.49449482649789867
Subject354_2019_0109_181938_segment12_12,Subject354,12,0.9623360364707914,3.6209915700537234,0.298804780876494,1.1864051762769607
Subject354_2019_0109_181938_segment13_13,Subject354,13,-0.7005873471290245,8.660052190938023,1.6042780748663101,0.6946050018994293
Subject354_2019_0109_181938_segment14_14,Subject354,14,0.8097690216320124,2.7757817155468363,0.646551724137931,0.634557140813058
Subject354_2019_0110_150141_segment00_00,Subject354,0,0.09273995336580916,1.8528943899638934,1.5915119363395225,0.51651788950282
Subject354_2019_0110_150141_segment01_01,Subject354,1,0.9818967117789648,2.4350813390474086,0.9428571428571428,0.2609292873823617
Subject354_2019_0110_150141_segment02_02,Subject354,2,0.9857093722480269,2.5424330340004166,0.35629453681710216,0.31887446164401034
Subject354_2019_0110_150141_segment03_03,Subject354,3,0.9799196094537427,6.149934273517053,2.2340425531914896,3.426508036837044
Subject354_2019_0110_150141_segment04_04,Subject354,4,-0.9974188174858292,1.1054259354287168,1.2578616352201257,0.22603547313962694
Subject354_2019_0110_150141_segment05_05,Subject354,5,-0.7003092886190454,7.140093253059843,1.0084033613445378,0.812182220119073
Subject354_2019_0110_150141_segment06_06,Subject354,6,0.9863804093832861,1.5419782255122891,1.0791366906474822,0.281665381799839
Subject354_2019_0110_150141_segment07_08,Subject354,8,-0.7916953632608262,2.065699743721014,1.1009174311926604,0.25812817369623065
Subject354_2019_0110_150141_segment08_07,Subject354,7,-0.9810227548664784,2.2577615004004183,0.5291005291005292,0.4898045343669613
Subject354_2019_0110_150141_segment09_09,Subject354,9,0.16415222597307352,5.650952729788733,2.1379310344827585,0.701062003046952
Subject354_2019_0110_150141_segment10_10,Subject354,10,-0.9605602025620068,2.5215294101306087,1.6237113402061856,0.393788561413148
Subject354_2019_0110_150141_segment11_11,Subject354,11,0.9213575953446668,2.3958156736682614,1.3953488372093024,0.46235569123360887
Subject354_2019_0110_150141_segment12_12,Subject354,12,0.9762317983581965,2.9137521733832807,0.30612244897959184,1.1210698090160047
Subject354_2019_0110_150141_segment13_13,Subject354,13,-0.598313200492099,8.375519515424246,1.7391304347826086,0.5939515457978095
Subject354_2019_0110_150141_segment14_14,Subject354,14,0.8265798611948979,7.179543747436895,1.2476370510396975,0.5238130415433252
Subject354_2019_0110_151256_segment00_00,Subject354,0,0.047063274125907016,2.2209601488146453,1.342281879194631,0.4701382043566463
Subject354_2019_0110_151256_segment01_01,Subject354,1,0.9819557069108641,4.573795424671999,0.8264462809917356,0.24176151338123605
Subject354_2019_0110_151256_segment02_02,Subject354,2,0.991544230921554,2.325239807155062,0.3601440576230492,0.31403845157869253
Subject354_2019_0110_151256_segment03_03,Subject354,3,0.9621363857626041,8.976957920363049,2.111111111111111,3.4264686798906796
Subject354_2019_0110_151256_segment04_04,Subject354,4,-0.9965476818723816,1.5126216457995816,1.3432835820895523,0.25217667083337075
Subject354_2019_0110_151256_segment05_05,Subject354,5,-0.7710949566807676,7.222801911914998,1.0695187165775402,0.8449186554584543
Subject354_2019_0110_151256_segment06_06,Subject354,6,0.9781255995303241,1.5126902727423495,1.0714285714285714,0.31096086222475244
Subject354_2019_0110_151256_segment07_07,Subject354,7,-0.9754015456544265,3.998250810502251,0.5791505791505792,0.5025271258854211
Subject354_2019_0110_151256_segment08_08,Subject354,8,-0.7688883738963878,3.5116488653685085,1.1627906976744187,0.31752337968133393
Subject354_2019_0110_151256_segment09_09,Subject354,9,0.3659927413681092,8.479194220100634,2.3076923076923075,0.6937753792613522
Subject354_2019_0110_151256_segment10_10,Subject354,10,-0.9538183357380362,1.3220559513477073,1.4634146341463417,0.3464321988505666
Subject354_2019_0110_151256_segment11_11,Subject354,11,0.9253198696082554,3.897111127657273,1.3380281690140845,0.474634038481679
Subject354_2019_0110_151256_segment12_12,Subject354,12,0.9780507126225491,5.651437205135967,0.31880977683315626,1.172624968156082
Subject354_2019_0110_151256_segment13_13,Subject354,13,-0.6150015707563683,5.659366509363241,1.6438356164383563,0.6987338889290832
Subject354_2019_0110_151256_segment14_14,Subject354,14,0.8942221578725951,2.916371417943605,0.631578947368421,0.5671479713315453
Subject354_2019_0114_162305_segment00_00,Subject354,0,-0.04535276550423894,3.6972372799186677,1.4084507042253522,0.5206596111818026
Subject354_2019_0114_162305_segment01_01,Subject354,1,0.9939353303595995,2.1865757783579998,1.662269129287599,0.2467505921298818
Subject354_2019_0114_162305_segment02_02,Subject354,2,0.9901936296959594,2.8315928067516465,0.7159904534606205,0.33063031239198903
Subject354_2019_0114_162305_segment03_03,Subject354,3,0.9680689529959061,9.521113997649236,2.290909090909091,3.4851924915370054
Subject354_2019_0114_162305_segment04_04,Subject354,4,-0.997931624815902,1.3718883720732815,1.351931330472103,0.263707155639554
Subject354_2019_0114_162305_segment05_05,Subject354,5,-0.7508844874925343,12.415834486206998,1.209677419354839,1.0165416992686302
Subject354_2019_0114_162305_segment06_06,Subject354,6,0.9729684233008131,1.2978059839854068,1.015228426395939,0.2923306760585497
Subject354_2019_0114_162305_segment07_07,Subject354,7,-0.9832478919449665,3.3100309190917128,0.5639097744360901,0.5306251515449102
Subject354_2019_0114_162305_segment08_08,Subject354,8,-0.8070899989751182,3.195751963413096,1.1009174311926604,0.28582705832955435
Subject354_2019_0114_162305_segment09_09,Subject354,9,0.3933724165441131,3.786006881296539,1.4492753623188406,0.6875789411568645
Subject354_2019_0114_162305_segment10_10,Subject354,10,-0.9847885858902854,2.2982416631608595,1.4492753623188406,0.35472251036612945
Subject354_2019_0114_162305_segment11_11,Subject354,11,0.929488449616716,1.8925405306466765,1.4388489208633093,0.4902390526356791
Subject354_2019_0114_162305_segment12_12,Subject354,12,0.9870848066315302,3.744162889510469,0.308641975308642,1.0655504517242975
Subject354_2019_0114_162305_segment13_13,Subject354,13,-0.5868258332146132,5.213130502348204,1.6483516483516483,0.5907597491835541
Subject354_2019_0114_162305_segment14_14,Subject354,14,0.8972769839871109,2.5806422853704505,0.6626506024096385,0.5288729574638613
Subject354_2019_0114_163319_segment00_00,Subject354,0,0.009054983874567404,4.323820598024563,1.5306122448979593,0.5778025268425768
Subject354_2019_0114_163319_segment01_01,Subject354,1,0.9882434449497088,1.615791907818746,1.7857142857142858,0.2518037901332808
Subject354_2019_0114_163319_segment02_02,Subject354,2,0.9841957217508698,3.425330094444775,0.7528230865746549,0.4098112397947669
Subject354_2019_0114_163319_segment03_03,Subject354,3,0.9624547778618713,6.3870999532192165,2.281368821292776,3.632192412595817
Subject354_2019_0114_163319_segment04_04,Subject354,4,-0.9928684403682239,1.5365919947051219,1.7142857142857142,0.35312113902878606
Subject354_2019_0114_163319_segment05_05,Subject354,5,-0.6680855547736825,11.85258963165658,1.2738853503184713,1.0752515879284563
Subject354_2019_0114_163319_segment06_06,Subject354,6,0.9768979190735426,1.8537275941697018,1.0246679316888045,0.3238278491715447
Subject354_2019_0114_163319_segment07_07,Subject354,7,-0.9761950155148833,3.2105081962353057,0.6302521008403361,0.5286689798802953
Subject354_2019_0114_163319_segment08_08,Subject354,8,-0.8052243249418369,2.3326143149252054,1.3577586206896552,0.3633606064595379
Subject354_2019_0114_163319_segment09_09,Subject354,9,0.3160369793872242,3.8307402456559307,1.5671641791044775,0.6512938632533402
Subject354_2019_0114_163319_segment10_10,Subject354,10,-0.9631974555891392,2.944446308098169,1.4563106796116507,0.3739048575700504
Subject354_2019_0114_163319_segment11_11,Subject354,11,0.9343152525229235,2.2863627096531056,1.4218009478672986,0.5218986294585652
Subject354_2019_0114_163319_segment12_12,Subject354,12,0.9774546531073436,3.8119102551349324,0.3374233128834356,1.127227426220215
Subject354_2019_0114_163319_segment13_13,Subject354,13,-0.6697340483005938,11.17686739683706,1.5151515151515151,0.7755303414112356
Subject354_2019_0114_163319_segment14_14,Subject354,14,0.8818588874793278,4.194994467054143,0.46801872074883,0.4774282949098035
Subject376_2019_0108_173654_segment00_00,Subject376,0,0.7674544534086418,4.803854640674674,1.0273972602739727,0.8518824958390908
Subject376_2019_0108_173654_segment01_01,Subject376,1,0.8398729187884092,1.8389192902436908,1.8404907975460123,0.08130393101595962
Subject376_2019_0108_173654_segment02_02,Subject376,2,0.9847362427216845,1.3968126290330032,0.44378698224852076,0.2862676069688285
Subject376_2019_0108_173654_segment03_03,Subject376,3,0.9762857880263123,7.4343193537376475,2.2105263157894735,2.9296497184982173
Subject376_2019_0108_173654_segment04_04,Subject376,4,-0.9648921571769093,1.603092007834479,0.5791505791505792,0.31353692658892235
Subject376_2019_0108_173654_segment05_05,Subject376,5,-0.5239560699791577,5.2341302896909685,0.4622496147919877,0.6163776088716886
Subject376_2019_0108_173654_segment06_06,Subject376,6,0.9850807386366892,0.81944073694153,0.43352601156069365,0.22790904443391757
Subject376_2019_0108_173654_segment07_07,Subject376,7,-0.9648542334474108,1.0584444186908457,0.45731707317073167,0.3834499268893555
Subject376_2019_0108_173654_segment08_08,Subject376,8,-0.9754079157551563,1.312615473782817,0.4716981132075472,0.3018446649328458
Subject376_2019_0108_173654_segment09_09,Subject376,9,-0.03069341763186105,10.94688174040267,0.9984152139461173,0.7605657694334439
Subject376_2019_0108_173654_segment10_10,Subject376,10,-0.9266659086956401,2.148375195284096,0.45762711864406774,0.3183687575850759
Subject376_2019_0108_173654_segment11_11,Subject376,11,0.9960222481329684,1.2288931449646197,0.5565862708719852,0.24055870159512183
Subject376_2019_0108_173654_segment12_12,Subject376,12,0.9714786183940899,3.449750957991782,0.32432432432432434,1.5639461496577303
Subject376_2019_0108_173654_segment13_13,Subject376,13,-0.528383849674646,6.460191081884801,0.6896551724137931,0.5623511231858165
Subject376_2019_0108_173654_segment14_14,Subject376,14,0.7904424624481198,3.776039345524036,0.5535055350553506,0.5555541064456052
Subject376_2019_0108_175159_segment00_00,Subject376,0,0.7788575062783505,9.529363149602105,1.4467005076142132,1.1577381885706133
Subject376_2019_0108_175159_segment01_01,Subject376,1,0.8286849175521773,0.6377301809341529,1.2765957446808511,0.09917967460646845
Subject376_2019_0108_175159_segment02_02,Subject376,2,0.9712892275691625,2.8290938082601804,0.5893909626719058,0.4339662694455776
Subject376_2019_0108_175159_segment03_03,Subject376,3,0.9545281229853698,4.2279531916777575,2.2727272727272725,3.139255793796217
Subject376_2019_0108_175159_segment04_04,Subject376,4,-0.9595790916293145,1.2502494282700458,0.9433962264150944,0.6154094551352717
Subject376_2019_0108_175159_segment05_05,Subject376,5,-0.6917407844099294,7.281829324320049,1.3432835820895523,0.874004082002981
Subject376_2019_0108_175159_segment06_06,Subject376,6,0.9899757998720043,1.5710620816754806,0.6896551724137931,0.4294192077304008
Subject376_2019_0108_175159_segment07_07,Subject376,7,-0.9226400856304652,1.4422073658154313,1.6348773841961852,0.604881175997526
Subject376_2019_0108_175159_segment08_08,Subject376,8,-0.9682969877549616,2.7046235509530248,1.775147928994083,0.5293925557109234
Subject376_2019_0108_175159_segment09_09,Subject376,9,0.3682550759804282,6.2226309376868025,1.891891891891892,0.759770313682519
Subject376_2019_0108_175159_segment10_10,Subject376,10,-0.874873769374497,1.3841480724756825,2.0860927152317883,0.5781811381836218
Subject376_2019_0108_175159_segment11_11,Subject376,11,0.9926649861780601,1.4006275472037888,2.0127795527156547,0.4937825515417946
Subject376_2019_0108_175159_segment12_12,Subject376,12,0.9683343638134845,3.9433762594135766,0.33783783783783783,1.6167741722284452
Subject376_2019_0108_175159_segment13_13,Subject376,13,-0.46719338055380377,3.601499843098978,2.8440366972477062,0.6742197949771437
Subject376_2019_0108_175159_segment14_14,Subject376,14,0.8893265985613655,3.013397169375074,2.0521172638436482,0.8183905299064518
Subject376_2019_0114_173333_segment00_00,Subject376,0,0.7202050671915023,5.320168373374099,1.496437054631829,0.9434309672385223
Subject376_2019_0114_173333_segment01_01,Subject376,1,0.7748881717079876,1.508745659625741,1.6091954022988508,0.07961390577907512
Subject376_2019_0114_173333_segment02_02,Subject376,2,0.9897656309706314,4.236932257640954,0.5607476635514019,0.4027438471969144
Subject376_2019_0114_173333_segment03_03,Subject376,3,0.95860055587388,12.800513064021796,2.1352313167259784,2.9898822421991644
Subject376_2019_0114_173333_segment04_04,Subject376,4,-0.9523908859698109,1.6817448866079738,1.2741312741312742,0.6758374332632797
Subject376_2019_0114_173333_segment05_05,Subject376,5,-0.6828116912507181,4.277972759160755,1.153846153846154,0.7265861858606718
Subject376_2019_0114_173333_segment06_06,Subject376,6,0.9703260089216235,0.988648952891439,0.5217391304347826,0.2740563599378531
Subject376_2019_0114_173333_segment07_07,Subject376,7,-0.9070145887499128,2.9167516686719193,0.7299270072992702,0.4937403298858828
Subject376_2019_0114_173333_segment08_08,Subject376,8,-0.9529198717260554,1.8215815241236921,0.5882352941176471,0.36026176153613637
Subject376_2019_0114_173333_segment09_09,Subject376,9,0.42384077106858464,5.095347675205814,1.3152400835073068,0.6917222435581276
Subject376_2019_0114_173333_segment10_10,Subject376,10,-0.8668276557359051,1.0681078512288837,1.6666666666666665,0.40964770537030704
Subject376_2019_0114_173333_segment11_11,Subject376,11,0.9968196239491949,1.9623636186892812,1.6710875331564985,0.308734180123406
Subject376_2019_0114_173333_segment12_12,Subject376,12,0.9562282426277284,4.661862697935447,0.3027245206861756,1.4741777738003425
Subject376_2019_0114_173333_segment13_13,Subject376,13,-0.4638545189573115,6.042215358695963,0.8794788273615636,0.5560103337236029
Subject376_2019_0114_173333_segment14_14,Subject376,14,0.8875568074693565,2.5964381429253978,1.641337386018237,0.6793874923867745
Subject376_2019_0114_174255_segment00_00,Subject376,0,0.78481758859738,6.061138317594371,1.574803149606299,1.0637938691415514
Subject376_2019_0114_174255_segment01_01,Subject376,1,0.8080220239720258,1.182246925712079,0.7086614173228346,0.0964213073161945
Subject376_2019_0114_174255_segment02_02,Subject376,2,0.9737933174210092,5.400805199668226,0.5405405405405406,0.4043154352759152
Subject376_2019_0114_174255_segment03_03,Subject376,3,0.9668018472902706,7.160323033015787,2.0,2.799192064791109
Subject376_2019_0114_174255_segment04_04,Subject376,4,-0.9656666190074654,1.7971736031562437,2.2195704057279237,0.382656435357185
Subject376_2019_0114_174255_segment05_05,Subject376,5,-0.7160337468271555,4.2958011726920216,1.209677419354839,0.7408266252380814
Subject376_2019_0114_174255_segment06_06,Subject376,6,0.985899840586182,1.0667411672309666,0.635593220338983,0.3649870517247842
Subject376_2019_0114_174255_segment07_07,Subject376,7,-0.834168396294961,1.92981958111833,2.017543859649123,0.5792030178541596
Subject376_2019_0114_174255_segment08_08,Subject376,8,-0.9678847139331643,1.67054012755455,0.6396588486140725,0.44053693889980766
Subject376_2019_0114_174255_segment09_09,Subject376,9,0.5077670624326727,7.05780847421722,2.206896551724138,0.6833240659651274
Subject376_2019_0114_174255_segment10_10,Subject376,10,-0.8392486360624415,3.45867561958991,2.1259842519685037,0.4955844807192113
Subject376_2019_0114_174255_segment11_11,Subject376,11,0.9977454561497249,2.119649704801654,1.8155619596541788,0.3576252061027392
Subject376_2019_0114_174255_segment12_12,Subject376,12,0.9527882954633164,4.119826660632817,0.3405572755417957,1.519648350056202
Subject376_2019_0114_174255_segment13_13,Subject376,13,-0.42462337621555424,7.8494975783372,0.8379888268156424,0.5757406843632873
Subject376_2019_0114_174255_segment14_14,Subject376,14,0.8986575771685726,1.7534922646890685,1.5340909090909092,0.662049049755292
Subject376_2019_0117_160604_segment00_00,Subject376,0,0.7227378586174221,4.679856406364744,1.0507880910683014,0.7449894935952497
Subject376_2019_0117_160604_segment01_01,Subject376,1,0.7738993226085626,1.7844099114353955,1.0963455149501662,0.06113869799258372
Subject376_2019_0117_160604_segment02_02,Subject376,2,0.9730442468747839,4.163491094122872,0.7377049180327869,0.29806730722153435
Subject376_2019_0117_160604_segment03_03,Subject376,3,0.9609688632661262,6.086650621772261,2.1649484536082477,2.8243742424923672
Subject376_2019_0117_160604_segment04_04,Subject376,4,-0.9668120790917736,1.5092031483608366,1.9760479041916168,0.38459748026694673
Subject376_2019_0117_160604_segment05_05,Subject376,5,-0.5976147596896253,2.597090603881457,1.26,0.6407498831326341
Subject376_2019_0117_160604_segment06_06,Subject376,6,0.9771045198753341,0.9949176131326434,1.4457831325301203,0.22555350240825262
Subject376_2019_0117_160604_segment07_07,Subject376,7,-0.8995016406792937,0.7420020162675375,1.5921787709497206,0.4762368846855646
Subject376_2019_0117_160604_segment08_08,Subject376,8,-0.9878072248747398,1.729266015726618,1.6733067729083664,0.2834057351273655
Subject376_2019_0117_160604_segment09_09,Subject376,9,0.5258474678513709,6.185447097275577,1.4388489208633093,0.5654951507753158
Subject376_2019_0117_160604_segment10_10,Subject376,10,-0.8607167928829761,0.7330643464464036,2.142857142857143,0.4820291437176818
Subject376_2019_0117_160604_segment11_11,Subject376,11,0.9896041602094913,1.8804410897617092,1.8367346938775508,0.3313576476577916
Subject376_2019_0117_160604_segment12_12,Subject376,12,0.942620227073014,5.681409558457533,0.28763183125599234,1.3709811227651996
Subject376_2019_0117_160604_segment13_13,Subject376,13,-0.6560190457673534,7.851161425783273,1.89873417721519,0.8967408666219656
Subject376_2019_0117_160604_segment14_14,Subject376,14,0.8858455608891094,2.2810448608281875,1.9266055045871557,0.6060496651799799
Subject376_2019_0117_161501_segment00_00,Subject376,0,0.7175350744500051,11.962795077666524,1.4778325123152711,0.8330026463966544
Subject376_2019_0117_161501_segment01_01,Subject376,1,0.7342053859599686,0.5087182239999646,1.1857707509881423,0.08727848685862506
Subject376_2019_0117_161501_segment02_02,Subject376,2,0.9691687435944075,3.8773174670395836,0.8364312267657993,0.3467766505089135
Subject376_2019_0117_161501_segment03_03,Subject376,3,0.945203841892742,8.110412111518787,2.2340425531914896,2.8251045448866496
Subject376_2019_0117_161501_segment04_04,Subject376,4,-0.9656138241525134,0.6513811733553879,2.359550561797753,0.5286263212280621
Subject376_2019_0117_161501_segment05_05,Subject376,5,-0.5096965628690923,5.442638937446954,1.3432835820895523,0.693731279279921
Subject376_2019_0117_161501_segment06_06,Subject376,6,0.9774671057373349,1.7429330282918232,1.5869017632241815,0.30758295674797576
Subject376_2019_0117_161501_segment07_07,Subject376,7,-0.8519247648082624,0.9398086859780235,2.2,0.6178825077221988
Subject376_2019_0117_161501_segment08_08,Subject376,8,-0.9938825154216226,0.9242628380462118,0.683371298405467,0.34535580456735604
Subject376_2019_0117_161501_segment09_09,Subject376,9,0.5801982845964534,4.685227379158497,2.546419098143236,0.5789469467150258
Subject376_2019_0117_161501_segment10_10,Subject376,10,-0.807676275034486,0.992845194583683,2.380952380952381,0.5478911987352729
Subject376_2019_0117_161501_segment11_11,Subject376,11,0.9876605665796198,1.2824774031010695,1.8152866242038215,0.3929120090109726
Subject376_2019_0117_161501_segment12_12,Subject376,12,0.9502677255784734,3.745733748309314,0.30487804878048785,1.4638470001113666
Subject376_2019_0117_161501_segment13_13,Subject376,13,-0.5683408799771312,15.152283130732249,1.7391304347826086,1.1134246063392395
Subject376_2019_0117_161501_segment14_14,Subject376,14,0.8669247467439842,2.8732360041422673,1.8155619596541788,0.6008687122738874
Subject424_2019_0108_180710_segment00_00,Subject424,0,0.22897859348413474,5.099238255280204,1.7032967032967032,0.8940422028549111
Subject424_2019_0108_180710_segment01_01,Subject424,1,0.977483175068075,1.0702323445363555,0.6224066390041494,0.1717232767045834
Subject424_2019_0108_180710_segment02_02,Subject424,2,0.7319032545664121,7.981797189407515,1.8385650224215246,0.36487149015365167
Subject424_2019_0108_180710_segment03_03,Subject424,3,0.9794804195120863,5.715929594102446,2.02572347266881,3.53858373290187
Subject424_2019_0108_180710_segment04_04,Subject424,4,-0.9864769525918925,2.956250453783282,1.4864864864864866,0.3040011602634498
Subject424_2019_0108_180710_segment05_05,Subject424,5,-0.12499872214726726,4.942619238534483,0.8823529411764706,0.47959932269079864
Subject424_2019_0108_180710_segment06_06,Subject424,6,0.9934731719287737,2.5299382845773533,0.4643962848297214,0.2822456941807232
Subject424_2019_0108_180710_segment07_07,Subject424,7,-0.9522953284426936,1.1872535073933663,1.5113350125944587,0.7205239174884863
Subject424_2019_0108_180710_segment08_08,Subject424,8,-0.8759744896160332,1.2674182586897316,1.7578125,0.38220793252490715
Subject424_2019_0108_180710_segment09_09,Subject424,9,-0.5007717978506876,6.8426592991202835,1.1627906976744187,0.513769279414598
Subject424_2019_0108_180710_segment10_10,Subject424,10,-0.8846101222260698,2.3278850088256045,1.4018691588785048,0.4221364278941489
Subject424_2019_0108_180710_segment11_11,Subject424,11,0.9901702149827966,3.0721858574884076,1.566579634464752,0.41576220738050046
Subject424_2019_0108_180710_segment12_12,Subject424,12,0.8974639381362745,4.6856342484217075,0.3780068728522337,1.2223122128879058
Subject424_2019_0108_180710_segment13_13,Subject424,13,-0.8797848376147409,19.356576092113848,0.6224066390041494,1.2526361251483715
Subject424_2019_0108_180710_segment14_14,Subject424,14,0.93857694287576,3.389753153956287,0.6451612903225806,0.7375883871008969
Subject424_2019_0108_182018_segment00_00,Subject424,0,-0.4620116647860677,1.225449715122566,1.9772727272727275,0.5499962983560132
Subject424_2019_0108_182018_segment01_01,Subject424,1,0.9209503617544903,0.7004605433361271,0.8188585607940446,0.14456202700200857
Subject424_2019_0108_182018_segment02_02,Subject424,2,0.7483804731493444,2.2642004002880673,0.5084745762711864,0.44307294371513917
Subject424_2019_0108_182018_segment03_03,Subject424,3,0.9809898650123139,4.5198796299178445,1.973684210526316,3.5334076565680816
Subject424_2019_0108_182018_segment04_04,Subject424,4,-0.9904495037873469,1.945349810144979,1.4778325123152711,0.36727742345808456
Subject424_2019_0108_182018_segment05_05,Subject424,5,-0.2297107725334891,5.24071500084354,1.1559633027522935,0.5909762087434032
Subject424_2019_0108_182018_segment06_06,Subject424,6,0.9836593872179495,2.455342325686606,1.6917293233082706,0.31656934810314497
Subject424_2019_0108_182018_segment07_07,Subject424,7,-0.9372642733348887,1.5264466166599553,1.5463917525773196,0.71113648065714
Subject424_2019_0108_182018_segment08_08,Subject424,8,-0.7884400777019659,2.1639349775726133,1.4651162790697674,0.4722191778722718
Subject424_2019_0108_182018_segment09_09,Subject424,9,-0.09159350093874155,10.595734480033519,1.3548387096774193,0.6221580275401843
Subject424_2019_0108_182018_segment10_10,Subject424,10,-0.8703036876636049,1.3394760251312803,1.745152354570637,0.5845741673899764
Subject424_2019_0108_182018_segment11_11,Subject424,11,0.9989507714876303,1.214083248003383,1.832797427652733,0.5516646398303195
Subject424_2019_0108_182018_segment12_12,Subject424,12,0.9133960817243689,4.890559558148841,0.3823870220162225,1.2109943044991236
Subject424_2019_0108_182018_segment13_14,Subject424,14,0.9614540805431636,0.9889722108240703,0.7352941176470589,0.8859424345478527
Subject424_2019_0108_182018_segment14_13,Subject424,13,-0.05511306025715505,11.132875207360444,0.6960556844547563,1.6269560868520854
Subject424_2019_0114_175524_segment00_00,Subject424,0,-0.5163498534002985,1.3097401738159224,1.5217391304347827,0.6142373389957365
Subject424_2019_0114_175524_segment01_01,Subject424,1,0.9722398812583591,3.227180479437446,0.9287925696594428,0.25048286452263024
Subject424_2019_0114_175524_segment02_02,Subject424,2,0.785699341861297,2.938064042138464,0.5576208178438662,0.4719935116558269
Subject424_2019_0114_175524_segment03_03,Subject424,3,0.964415046047732,4.2124975622926835,2.1140939597315436,3.4368570096792412
Subject424_2019_0114_175524_segment04_04,Subject424,4,-0.9934720566376211,3.9531487751632497,1.8750000000000002,0.4442688509284908
Subject424_2019_0114_175524_segment05_05,Subject424,5,-0.33534088593782985,3.21112123963757,1.1741682974559688,0.6604918602495196
Subject424_2019_0114_175524_segment06_06,Subject424,6,0.9869483658532673,1.6991135684089025,1.3574660633484164,0.3517781952325349
Subject424_2019_0114_175524_segment07_07,Subject424,7,-0.9537178532355566,2.5640092314050666,1.7847025495750708,0.8320321695247164
Subject424_2019_0114_175524_segment08_08,Subject424,8,-0.7160885097391176,2.313127459307001,1.3938053097345133,0.5579761509358208
Subject424_2019_0114_175524_segment09_09,Subject424,9,-0.021815646016711546,11.229325839869803,1.6237113402061856,0.5040579293066173
Subject424_2019_0114_175524_segment10_10,Subject424,10,-0.9254558911691368,1.7315324988114926,1.941747572815534,0.7358537084160809
Subject424_2019_0114_175524_segment11_11,Subject424,11,0.9745833895005043,1.7377155264329813,2.3247232472324724,0.6147828388545281
Subject424_2019_0114_175524_segment12_12,Subject424,12,0.9626215318518396,2.102273224204417,0.35545023696682465,0.9782755503564924
Subject424_2019_0114_175524_segment13_13,Subject424,13,0.1294192731317038,16.196861381094333,0.6896551724137931,1.6315628943531442
Subject424_2019_0114_175524_segment14_14,Subject424,14,0.9656013785880466,5.444794673237728,0.7692307692307693,0.8689560460127825
Subject424_2019_0114_180434_segment00_00,Subject424,0,-0.4240846840639881,3.369260659879904,1.6363636363636362,0.7184953835379921
Subject424_2019_0114_180434_segment01_01,Subject424,1,0.9717520428547204,2.203501693415902,1.0819672131147542,0.2852811292814384
Subject424_2019_0114_180434_segment02_02,Subject424,2,0.847185004605047,2.3774796087054235,0.5347593582887701,0.48546783285023165
Subject424_2019_0114_180434_segment03_03,Subject424,3,0.9775023670931154,3.7910221739353878,2.0792079207920793,3.455639385736589
Subject424_2019_0114_180434_segment04_04,Subject424,4,-0.9903931369044425,3.934132362172169,1.9298245614035086,0.5220102345126232
Subject424_2019_0114_180434_segment05_05,Subject424,5,-0.36649776772823367,7.420531408251139,1.3125,0.6368073814545867
Subject424_2019_0114_180434_segment07_06,Subject424,6,0.9775319924410704,2.24552252463662,1.2295081967213115,0.34009819148798176
Subject424_2019_0114_180434_segment08_07,Subject424,7,-0.954932453579919,3.3261716838134445,1.826086956521739,0.8591681865777951
Subject424_2019_0114_180434_segment09_08,Subject424,8,-0.7247983332099494,2.1862567318719797,1.6042780748663101,0.5177827265114329
Subject424_2019_0114_180434_segment10_09,Subject424,9,-0.12620002326110913,14.899647600977122,1.7553191489361704,0.5352627590127085
Subject424_2019_0114_180434_segment11_10,Subject424,10,-0.9375850888353235,2.1169943356163445,1.7363344051446945,0.7597181911175024
Subject424_2019_0114_180434_segment12_11,Subject424,11,0.9832834771523267,2.4106327537224175,2.0127795527156547,0.5204732565904706
Subject424_2019_0114_180434_segment13_12,Subject424,12,0.9622536137392869,3.671903369205108,0.3614457831325301,1.0206850636266234
Subject424_2019_0114_180434_segment14_13,Subject424,13,0.44173596121686964,29.157764464540524,1.4457831325301205,1.725419192921671
Subject424_2019_0114_180434_segment15_14,Subject424,14,0.9743805918436244,3.5683758602757623,0.759493670886076,0.8841835332316592
Subject424_2019_0117_162633_segment00_00,Subject424,0,-0.5140778727420277,3.484553805974298,1.4416475972540046,0.5245111879507832
Subject424_2019_0117_162633_segment01_01,Subject424,1,0.9588404019951092,1.520050280851754,0.9141274238227146,0.20746444494930957
Subject424_2019_0117_162633_segment02_02,Subject424,2,0.7879661572190636,2.572560183167006,0.5016722408026756,0.4360033427093979
Subject424_2019_0117_162633_segment03_03,Subject424,3,0.9644512815520261,4.8789087384925365,1.9867549668874174,3.29931952116564
Subject424_2019_0117_162633_segment04_04,Subject424,4,-0.9966897610729756,2.1716988017116465,2.301980198019802,0.35572451567713537
Subject424_2019_0117_162633_segment05_05,Subject424,5,-0.4906870303682581,2.4558970806163662,1.0830324909747293,0.5261304153045826
Subject424_2019_0117_162633_segment06_06,Subject424,6,0.9892329751659751,1.1168553993060097,1.4695945945945945,0.2728360228814739
Subject424_2019_0117_162633_segment07_07,Subject424,7,-0.9648958782394468,1.2815250416704536,1.4814814814814814,0.6976694163632432
Subject424_2019_0117_162633_segment08_08,Subject424,8,-0.7051105719317609,1.139317603943618,1.2219959266802443,0.3791126082662303
Subject424_2019_0117_162633_segment09_09,Subject424,9,-0.2121173009231112,6.329530851488524,1.3303769401330376,0.4862442193238782
Subject424_2019_0117_162633_segment10_10,Subject424,10,-0.9311222566127945,2.183507493785057,1.8351063829787235,0.5811263569341921
Subject424_2019_0117_162633_segment11_11,Subject424,11,0.9790600422875526,2.558540798090183,1.794871794871795,0.41669864999087103
Subject424_2019_0117_162633_segment12_12,Subject424,12,0.9512648544492863,2.515607601365409,0.34802784222737815,0.9566854111561085
Subject424_2019_0117_162633_segment13_13,Subject424,13,-0.4637678708617428,22.110697219336906,1.3574660633484164,1.4353714288140567
Subject424_2019_0117_162633_segment14_14,Subject424,14,0.9372344796821005,0.8702420481915714,0.7075471698113207,0.7782431956558842
Subject424_2019_0117_163633_segment00_00,Subject424,0,-0.516836990434457,4.6217920995875845,1.3888888888888888,0.5758357691634857
Subject424_2019_0117_163633_segment01_01,Subject424,1,0.9502070129111108,1.3433631020843784,0.7317073170731708,0.18463365685142977
Subject424_2019_0117_163633_segment02_02,Subject424,2,0.8138418480733212,3.029793747323877,1.0714285714285714,0.46172996510141856
Subject424_2019_0117_163633_segment03_03,Subject424,3,0.9535109754543368,7.022349671909901,2.0860927152317883,3.3148501081347317
Subject424_2019_0117_163633_segment04_04,Subject424,4,-0.9934129352220031,1.395070074521599,1.5159574468085106,0.403435629452327
Subject424_2019_0117_163633_segment05_05,Subject424,5,-0.4857969345195433,3.080708760557038,1.1235955056179776,0.6483111629022875
Subject424_2019_0117_163633_segment06_06,Subject424,6,0.9861844271985136,1.953993426406539,1.1257035647279552,0.29695800755376583
Subject424_2019_0117_163633_segment07_07,Subject424,7,-0.9527503484993541,2.2625828885434913,1.5625,0.7744339656400404
Subject424_2019_0117_163633_segment08_08,Subject424,8,-0.6929889878771507,1.3282689314921612,1.1704312114989732,0.44603052573394825
Subject424_2019_0117_163633_segment09_09,Subject424,9,-0.05628129606649308,9.336993399256132,1.4018691588785048,0.4976544946478408
Subject424_2019_0117_163633_segment10_10,Subject424,10,-0.9420530444318254,3.1585628978684817,1.6755319148936172,0.5537529877580959
Subject424_2019_0117_163633_segment11_11,Subject424,11,0.9736016641525006,1.9824992273742468,1.9384615384615382,0.48150915974752445
Subject424_2019_0117_163633_segment12_12,Subject424,12,0.951382205740328,1.7320366064741852,0.34324942791762014,0.9271294279636325
Subject424_2019_0117_163633_segment13_13,Subject424,13,-0.3171224832758092,16.822934861701917,1.1842105263157894,1.3954749902643355
Subject424_2019_0117_163633_segment14_14,Subject424,14,0.951633991278054,1.3499986824569807,0.6756756756756757,0.7735953809328006
Subject455_2019_0107_120158_segment00_00,Subject455,0,0.21751906080707595,5.93946133116291,0.5527638190954774,0.4109035596039229
Subject455_2019_0107_120158_segment01_01,Subject455,1,0.9424569749896455,1.4856193295780797,0.8776595744680852,0.1812391920202533
Subject455_2019_0107_120158_segment02_02,Subject455,2,0.7460246481957223,2.507040451552507,0.7100591715976332,0.2467290782755486
Subject455_2019_0107_120158_segment03_03,Subject455,3,0.9797266572099095,1.308973559705375,2.2183098591549295,3.715494583268417
Subject455_2019_0107_120158_segment04_04,Subject455,4,-0.9976742914443177,1.3556462358203865,1.3142857142857143,0.21992280435689368
Subject455_2019_0107_120158_segment05_05,Subject455,5,-0.21453659928125812,7.051057477182287,0.9166666666666666,0.6029008861909593
Subject455_2019_0107_120158_segment06_06,Subject455,6,0.9420241074353359,1.2458376470779189,1.6909090909090911,0.24379798855774548
Subject455_2019_0107_120158_segment07_07,Subject455,7,-0.9550859053991201,1.4429514168887,0.5649717514124294,0.5849621100238319
Subject455_2019_0107_120158_segment08_08,Subject455,8,-0.6362923460909689,1.9874330959270006,1.7190388170055455,0.46787630343479036
Subject455_2019_0107_120158_segment09_09,Subject455,9,-0.05113298262787881,3.3929042355778765,1.3432835820895523,0.6264268266898725
Subject455_2019_0107_120158_segment10_10,Subject455,10,-0.9331506109641042,1.075741045736598,0.591715976331361,0.3491464318807856
Subject455_2019_0107_120158_segment11_11,Subject455,11,0.880372103156914,1.1040754232955619,1.2753036437246965,0.31716505448433896
Subject455_2019_0107_120158_segment12_12,Subject455,12,0.9352106050821922,4.103763428545693,0.4424778761061947,1.3436156035508917
Subject455_2019_0107_120158_segment13_13,Subject455,13,-0.5746957752197707,12.469017349761733,0.6369426751592356,1.1451487685968327
Subject455_2019_0107_120158_segment14_14,Subject455,14,0.7579442102921322,3.173998769204673,0.5199306759098786,0.5669998920111836
Subject455_2019_0107_121815_segment00_00,Subject455,0,0.6838972737380734,4.630388981745354,2.0129870129870127,0.6280988429671502
Subject455_2019_0107_121815_segment01_01,Subject455,1,0.9363514086750755,1.7351427297890296,2.792792792792793,0.20624511128936296
Subject455_2019_0107_121815_segment02_02,Subject455,2,0.7324719850470444,2.772028378686167,0.7874015748031495,0.31993761405974364
Subject455_2019_0107_121815_segment03_03,Subject455,3,0.991826295038204,4.024054931569611,2.142857142857143,3.3932015434659006
Subject455_2019_0107_121815_segment04_04,Subject455,4,-0.9970796495237256,1.3515973643428392,0.5692599620493359,0.2832431144162614
Subject455_2019_0107_121815_segment05_05,Subject455,5,-0.26237215200841035,6.177038435501216,0.9077809798270894,0.6158720513806671
Subject455_2019_0107_121815_segment07_06,Subject455,6,0.955799742437931,2.2829987957727704,1.1235955056179776,0.3356612471476619
Subject455_2019_0107_121815_segment08_07,Subject455,7,-0.9114218269234372,1.6121558494226722,0.5639097744360901,0.6133690148272485
Subject455_2019_0107_121815_segment09_08,Subject455,8,-0.7107528753920621,1.2336839575290393,1.7509727626459144,0.5067379882337623
Subject455_2019_0107_121815_segment10_09,Subject455,9,0.19632139159585718,6.186976524419017,1.149425287356322,0.6730209093600428
Subject455_2019_0107_121815_segment11_10,Subject455,10,-0.9397281064067217,0.8486584792885463,0.5813953488372093,0.31723235657228505
Subject455_2019_0107_121815_segment12_11,Subject455,11,0.846861297230186,3.4518802124360275,1.1583011583011584,0.36043571626752524
Subject455_2019_0107_121815_segment13_12,Subject455,12,0.9330112000116878,4.064308262454902,0.4497751124437781,1.4237852530519002
Subject455_2019_0107_121815_segment14_13,Subject455,13,-0.1974797745395434,14.424621317289702,0.75,1.5492794992006762
Subject455_2019_0107_121815_segment15_14,Subject455,14,0.7925143930148013,3.845992924119639,0.5780346820809248,0.6141608171022652
Subject455_2019_0108_122903_segment00_00,Subject455,0,0.12001089330562079,3.4146061452075616,1.2209302325581395,0.5280733763422671
Subject455_2019_0108_122903_segment01_01,Subject455,1,0.9380021726216125,1.8271867547104457,1.0377358490566038,0.18554136321168355
Subject455_2019_0108_122903_segment02_02,Subject455,2,0.7158873642348674,3.142299913701758,0.8433734939759037,0.2973983641121157
Subject455_2019_0108_122903_segment03_03,Subject455,3,0.9883120481240848,5.614159973163704,2.0070422535211265,3.533530126229872
Subject455_2019_0108_122903_segment04_04,Subject455,4,-0.9880844011610073,1.0543694124638325,0.5309734513274337,0.23112163478465453
Subject455_2019_0108_122903_segment05_05,Subject455,5,-0.3293031470527432,4.188112049585472,0.947867298578199,0.6784187168824676
Subject455_2019_0108_122903_segment06_06,Subject455,6,0.9423495808306408,1.1324036733131462,1.1627906976744187,0.23428449753641012
Subject455_2019_0108_122903_segment07_07,Subject455,7,-0.9317414251408699,3.1449379620927282,0.5791505791505792,0.6411852902612504
Subject455_2019_0108_122903_segment08_08,Subject455,8,-0.6513715309573538,1.984012137831884,1.6518650088809947,0.45648651019745823
Subject455_2019_0108_122903_segment09_09,Subject455,9,0.20188626875342877,4.690123569449946,1.1385199240986719,0.6132625822348634
Subject455_2019_0108_122903_segment10_10,Subject455,10,-0.9736316867235826,1.5086993799974115,1.564748201438849,0.3189616279487185
Subject455_2019_0108_122903_segment11_11,Subject455,11,0.9084807590774288,1.3301854971365177,1.1385199240986719,0.2910974049426001
Subject455_2019_0108_122903_segment12_12,Subject455,12,0.9132797558669612,4.840995829962783,0.4411764705882353,1.362252979014617
Subject455_2019_0108_122903_segment13_13,Subject455,13,-0.8507913831341057,9.33661156133971,0.7874015748031495,1.2409226893842036
Subject455_2019_0108_122903_segment14_14,Subject455,14,0.7638509811185628,4.3252652782012815,0.6048387096774195,0.5430364263369416
Subject455_2019_0108_124006_segment00_00,Subject455,0,0.18888623930993131,4.759083489206524,1.279317697228145,0.5417551885830417
Subject455_2019_0108_124006_segment01_01,Subject455,1,0.9289453216028232,4.840120761702736,1.0891089108910892,0.20783589729475213
Subject455_2019_0108_124006_segment02_02,Subject455,2,0.6611403019374436,2.0735451542817263,0.4087193460490463,0.3100365926295484
Subject455_2019_0108_124006_segment03_03,Subject455,3,0.9901843593821247,4.9252360696432085,2.2105263157894735,3.6988344498499792
Subject455_2019_0108_124006_segment04_04,Subject455,4,-0.9713322630149148,0.7660077057188801,0.5145797598627787,0.24205988496108277
Subject455_2019_0108_124006_segment05_05,Subject455,5,-0.2863038784364427,3.938331508547152,0.9787928221859707,0.6603841981495148
Subject455_2019_0108_124006_segment06_06,Subject455,6,0.944424836173276,0.9166382636344751,1.0465116279069768,0.21105196322583847
Subject455_2019_0108_124006_segment07_07,Subject455,7,-0.9424134806993507,6.0581055477763925,0.5736137667304015,0.7367770404302488
Subject455_2019_0108_124006_segment08_08,Subject455,8,-0.6536046995907985,2.1206873131728337,1.5371900826446279,0.45647484837081725
Subject455_2019_0108_124006_segment09_09,Subject455,9,0.2776546654365224,3.2203067892809147,1.1152416356877324,0.5888356508487222
Subject455_2019_0108_124006_segment10_10,Subject455,10,-0.9773863938920078,1.3279273818816926,0.5291005291005292,0.3184310554585214
Subject455_2019_0108_124006_segment11_11,Subject455,11,0.8790131224690634,1.34295015068971,1.2145748987854252,0.33460125849908856
Subject455_2019_0108_124006_segment12_12,Subject455,12,0.9496051718304133,3.5630349113908477,0.4601226993865031,1.5840721504378348
Subject455_2019_0108_124006_segment13_13,Subject455,13,-0.8059690042738132,14.635745842307953,0.7792207792207793,1.1329881073526398
Subject455_2019_0108_124006_segment14_14,Subject455,14,0.8086101052131865,3.803266146722016,0.5535055350553506,0.5369754101391632
Subject455_2019_0111_123146_segment00_00,Subject455,0,0.3221903210406328,4.444028801499505,2.0665083135391926,0.585911397260632
Subject455_2019_0111_123146_segment01_01,Subject455,1,0.9262471424506596,4.039103975556153,1.2177121771217712,0.19830541229553403
Subject455_2019_0111_123146_segment02_02,Subject455,2,0.7382791762035191,1.774329347150394,0.411522633744856,0.30532278578911465
Subject455_2019_0111_123146_segment03_03,Subject455,3,0.9804098705874797,6.3623816186134174,2.2304832713754648,3.8702570359882262
Subject455_2019_0111_123146_segment04_04,Subject455,4,-0.9790633467950675,1.042071196164728,1.2452830188679245,0.25220132235685205
Subject455_2019_0111_123146_segment05_05,Subject455,5,-0.2684113287297377,3.5932977807801403,1.0327022375215147,0.6758928976649367
Subject455_2019_0111_123146_segment06_06,Subject455,6,0.9384201334342563,0.528072974976645,2.045454545454546,0.2656962749558424
Subject455_2019_0111_123146_segment07_07,Subject455,7,-0.9597486879699499,2.3735753357508633,0.5454545454545455,0.510079580842291
Subject455_2019_0111_123146_segment08_08,Subject455,8,-0.6475991476978658,1.7008908396828553,1.7509727626459144,0.46474517966971374
Subject455_2019_0111_123146_segment09_09,Subject455,9,0.20664527472004326,4.653754031893726,1.0928961748633879,0.5467845228863357
Subject455_2019_0111_123146_segment10_10,Subject455,10,-0.9775349893673579,5.88770680126641,1.0889292196007259,0.317895495618581
Subject455_2019_0111_123146_segment11_11,Subject455,11,0.926910263485858,1.888825902121337,1.2422360248447204,0.28492774372969676
Subject455_2019_0111_123146_segment12_12,Subject455,12,0.9487637436140577,3.6620097840389105,0.4739336492890995,1.495855840780289
Subject455_2019_0111_123146_segment13_13,Subject455,13,-0.7625795993729545,4.897468882388994,0.783289817232376,1.0592643487728113
Subject455_2019_0111_123146_segment14_14,Subject455,14,0.8260658492940983,3.356892604339379,0.5736137667304015,0.5253413125465896
Subject455_2019_0111_124250_segment00_00,Subject455,0,0.26041645596661583,4.487665590589557,1.366742596810934,0.557768661360536
Subject455_2019_0111_124250_segment01_01,Subject455,1,0.9251744837626162,2.4001191041654915,2.1951219512195124,0.19009739073933377
Subject455_2019_0111_124250_segment02_02,Subject455,2,0.7121783367842883,2.3004562494612,0.42979942693409745,0.35434191100377904
Subject455_2019_0111_124250_segment03_03,Subject455,3,0.9866933473087262,4.273131686114919,2.2340425531914896,3.7009510493818087
Subject455_2019_0111_124250_segment04_04,Subject455,4,-0.9639118126205134,1.4647162567531173,1.2936344969199178,0.3278555345744013
Subject455_2019_0111_124250_segment05_05,Subject455,5,-0.35094963575266264,5.162746185430147,1.1787819253438117,0.7652364022722478
Subject455_2019_0111_124250_segment06_06,Subject455,6,0.9257149378434205,0.8710466097236548,2.008928571428571,0.308898832179145
Subject455_2019_0111_124250_segment07_07,Subject455,7,-0.9725948639334375,1.9185603392728985,0.6342494714587739,0.6241094884398433
Subject455_2019_0111_124250_segment08_08,Subject455,8,-0.5887046170557664,1.6449734218991485,1.9009900990099011,0.475087083160099
Subject455_2019_0111_124250_segment09_09,Subject455,9,0.300871325076273,6.4871209687850095,1.094890510948905,0.6609674473906784
Subject455_2019_0111_124250_segment10_10,Subject455,10,-0.954572491509887,1.7192744681545384,1.195219123505976,0.3064023303256389
Subject455_2019_0111_124250_segment11_11,Subject455,11,0.8942897609628865,1.7903163354889262,1.2605042016806722,0.3438809254008375
Subject455_2019_0111_124250_segment12_12,Subject455,12,0.9484405706041517,2.716177692890759,0.4608294930875576,1.5034888324745035
Subject455_2019_0111_124250_segment13_13,Subject455,13,-0.8441461048223036,17.686896908805764,0.8064516129032258,1.146319669631337
Subject455_2019_0111_124250_segment14_14,Subject455,14,0.8138040108867121,5.349098758068894,0.5836575875486382,0.5636952971425572
Subject494_2018_1228_111447_segment00_00,Subject494,0,-0.7965855535115316,2.992951695956758,2.108843537414966,0.6182010603577809
Subject494_2018_1228_111447_segment01_01,Subject494,1,0.9312663775527561,1.1523183259399579,0.7614213197969544,0.17147998913504664
Subject494_2018_1228_111447_segment02_02,Subject494,2,0.9480962282669655,0.796679829814219,2.8057553956834536,0.4416552478442844
Subject494_2018_1228_111447_segment03_03,Subject494,3,0.9900561926292413,3.1530142777271983,2.3420074349442377,4.137926353292889
Subject494_2018_1228_111447_segment04_04,Subject494,4,-0.9618078701851561,1.55719646398,0.49848942598187307,0.34624939866838933
Subject494_2018_1228_111447_segment05_05,Subject494,5,-0.5124138874601062,5.361127164599365,0.9787928221859707,0.8091657950847596
Subject494_2018_1228_111447_segment06_06,Subject494,6,0.9907497609153909,1.4333328530795781,0.4457652303120357,0.2849367847136376
Subject494_2018_1228_111447_segment07_07,Subject494,7,-0.9401328477969753,2.0627247289217263,0.44843049327354256,0.815473098515707
Subject494_2018_1228_111447_segment08_08,Subject494,8,-0.6750113408559143,2.540171863749417,0.4457652303120357,0.28796493777423704
Subject494_2018_1228_111447_segment09_09,Subject494,9,0.2664025403555151,8.135583369989662,0.8968609865470851,0.8076379796036107
Subject494_2018_1228_111447_segment10_10,Subject494,10,-0.9626339251159478,0.9659677985057104,0.5199306759098786,0.4147306487579162
Subject494_2018_1228_111447_segment11_11,Subject494,11,0.9982722877068468,1.8392492206164563,0.5309734513274337,0.42186644463650513
Subject494_2018_1228_111447_segment12_12,Subject494,12,0.9852191560145047,1.9668070475643327,0.42979942693409745,1.9692960399018296
Subject494_2018_1228_111447_segment13_13,Subject494,13,0.3632184231796988,4.3625718700109095,1.3375796178343948,0.6937776090230747
Subject494_2018_1228_111447_segment14_14,Subject494,14,0.7593350628468172,5.101875258193548,0.5263157894736842,0.7020349254804539
Subject494_2018_1228_113026_segment00_00,Subject494,0,-0.8686547183255489,1.4077462473373976,1.9578947368421054,0.4947018022507001
Subject494_2018_1228_113026_segment01_01,Subject494,1,0.9917085664192995,1.066318106520809,0.8168316831683168,0.17797729222283307
Subject494_2018_1228_113026_segment02_02,Subject494,2,0.7489291860701816,1.281019491396183,1.7550274223034734,0.42987077575201316
Subject494_2018_1228_113026_segment03_03,Subject494,3,0.9839321700852862,2.3872270691934503,2.3255813953488373,4.12607397678639
Subject494_2018_1228_113026_segment04_04,Subject494,4,-0.9686713904157418,2.435147131318913,0.5791505791505792,0.4398726693075971
Subject494_2018_1228_113026_segment05_05,Subject494,5,-0.5350381434260126,4.751947349256,1.0238907849829353,0.8407864068877727
Subject494_2018_1228_113026_segment06_06,Subject494,6,0.994169731415193,1.3063034090052112,0.45180722891566266,0.33529757879662114
Subject494_2018_1228_113026_segment07_07,Subject494,7,-0.9895553150815052,2.001508109920024,0.5366726296958856,0.8442788180886976
Subject494_2018_1228_113026_segment08_08,Subject494,8,-0.6533146388837415,1.953291247039397,1.5371900826446279,0.3317593861514775
Subject494_2018_1228_113026_segment09_09,Subject494,9,0.3150256789552185,7.193273548937019,0.9584664536741214,0.8116808404666483
Subject494_2018_1228_113026_segment10_10,Subject494,10,-0.9897749448458448,2.0074959528756513,0.5145797598627787,0.4117868344945498
Subject494_2018_1228_113026_segment11_11,Subject494,11,0.9847012929961958,2.323753416663518,0.6109979633401221,0.5128015461862618
Subject494_2018_1228_113026_segment12_12,Subject494,12,0.9865288118982063,3.5026525406696147,0.43795620437956206,2.0970671190689396
Subject494_2018_1228_113026_segment13_13,Subject494,13,0.3118118637833501,5.9430859176279185,1.263157894736842,0.642922010677607
Subject494_2018_1228_113026_segment14_14,Subject494,14,0.8728792900147231,5.910729459759385,0.5628517823639776,0.7418624113465498
Subject494_2019_0102_170931_segment00_00,Subject494,0,-0.8448536674814948,1.1966104495510534,1.9419642857142856,0.5939608657510572
Subject494_2019_0102_170931_segment01_01,Subject494,1,0.9869108524556265,1.2076223760457576,1.7260273972602742,0.20108893050658908
Subject494_2019_0102_170931_segment02_02,Subject494,2,0.7787749567340351,1.9436080596547582,1.2045889101338432,0.4521661168869841
Subject494_2019_0102_170931_segment03_03,Subject494,3,0.9855087503830189,4.697330497380813,2.5403225806451615,4.434529516638834
Subject494_2019_0102_170931_segment04_04,Subject494,4,-0.9914353616221385,1.5355908522983912,0.6122448979591837,0.44530716524613656
Subject494_2019_0102_170931_segment05_05,Subject494,5,-0.5815131663716873,4.660841258925211,1.001669449081803,0.8209501735109768
Subject494_2019_0102_170931_segment06_06,Subject494,6,0.9679732283721081,2.1851356233382675,0.40160642570281124,0.2734250504788227
Subject494_2019_0102_170931_segment07_07,Subject494,7,-0.9697925468317456,1.1259334834827397,0.5847953216374269,0.9227779435614237
Subject494_2019_0102_170931_segment08_08,Subject494,8,-0.6555977995149738,2.1575026722504402,0.4739336492890995,0.3209325959848832
Subject494_2019_0102_170931_segment09_09,Subject494,9,0.2462299137442832,8.079862313388986,0.9216589861751152,0.7607077882511575
Subject494_2019_0102_170931_segment10_10,Subject494,10,-0.969705059634466,1.5240732169383444,0.5119453924914676,0.4053356251767691
Subject494_2019_0102_170931_segment11_11,Subject494,11,0.9838731186274414,2.227835305367057,0.5780346820809248,0.491487972444912
Subject494_2019_0102_170931_segment12_12,Subject494,12,0.9803964890588007,2.2707866035167057,0.4457652303120357,2.151736605509033
Subject494_2019_0102_170931_segment13_13,Subject494,13,0.42182960797511804,3.2301675768190306,0.6756756756756757,0.5927504738140363
Subject494_2019_0102_170931_segment14_14,Subject494,14,0.8875659623948281,5.700084723874088,0.5597014925373135,0.7567303456039339
Subject494_2019_0102_172151_segment00_00,Subject494,0,-0.8405676622105777,2.236017301227491,2.1226415094339623,0.6170872720708165
Subject494_2019_0102_172151_segment01_01,Subject494,1,0.9209855576790841,3.9403894579533714,0.29268292682926833,0.2730570366508491
Subject494_2019_0102_172151_segment02_02,Subject494,2,0.6422594887444819,1.7831839139441676,0.5465587044534413,0.4919362538423493
Subject494_2019_0102_172151_segment03_03,Subject494,3,0.9958144173750003,3.614471010744601,2.5403225806451615,4.41347111091642
Subject494_2019_0102_172151_segment04_04,Subject494,4,-0.94834816977386,1.9683323192764295,0.558659217877095,0.4017580002660214
Subject494_2019_0102_172151_segment05_05,Subject494,5,-0.47102241143211737,6.869410096041581,1.0526315789473684,0.8485208585290491
Subject494_2019_0102_172151_segment06_06,Subject494,6,0.9763925396974337,1.5929027414506642,0.43541364296081286,0.3276332958671508
Subject494_2019_0102_172151_segment07_07,Subject494,7,-0.9360325119302877,3.08324494098032,0.591715976331361,0.8572024727375755
Subject494_2019_0102_172151_segment08_08,Subject494,8,-0.6937629751193922,1.7612983136400284,1.5525876460767947,0.36509623038266487
Subject494_2019_0102_172151_segment09_09,Subject494,9,0.2666348153010472,7.1828472133054655,0.9404388714733543,0.7718968541556658
Subject494_2019_0102_172151_segment10_10,Subject494,10,-0.9252390175559473,2.1084902262897534,0.5681818181818181,0.42779704509034866
Subject494_2019_0102_172151_segment11_11,Subject494,11,0.9987344750076838,2.3730445312827073,0.5813953488372093,0.4955366511049891
Subject494_2019_0102_172151_segment12_12,Subject494,12,0.9847210921547548,2.0651102294883428,0.4477611940298508,2.1562996949235838
Subject494_2019_0102_172151_segment13_13,Subject494,13,0.48913676716097076,3.3627005710514224,0.7109004739336493,0.5508533074553508
Subject494_2019_0102_172151_segment14_14,Subject494,14,0.8819926924624748,5.556957043410179,0.5597014925373135,0.7329581295671637
Subject494_2019_0104_150729_segment00_00,Subject494,0,-0.8266335009127533,2.6078879432411597,2.0470588235294116,0.6559550147184839
Subject494_2019_0104_150729_segment01_01,Subject494,1,0.979169537769919,1.0943272487741107,0.8086253369272236,0.20287925984773708
Subject494_2019_0104_150729_segment02_02,Subject494,2,0.7633139715408283,1.4878926376342052,2.7385892116182573,0.4928163538451147
Subject494_2019_0104_150729_segment03_03,Subject494,3,0.9861164710111544,4.2988392195831295,2.441860465116279,4.075667684151282
Subject494_2019_0104_150729_segment04_04,Subject494,4,-0.9969977886136943,2.0303781042363034,0.5940594059405941,0.45121973643321156
Subject494_2019_0104_150729_segment05_05,Subject494,5,-0.5189371560399405,8.114506656545414,0.9844559585492227,0.8449881476840797
Subject494_2019_0104_150729_segment06_06,Subject494,6,0.9822904832494486,1.714286407072316,0.4580152671755725,0.3259974491124745
Subject494_2019_0104_150729_segment07_07,Subject494,7,-0.9906847252361853,1.2783915171060523,0.6396588486140725,0.9605990687654077
Subject494_2019_0104_150729_segment08_08,Subject494,8,-0.5739019811594926,1.3841853585495048,1.6304347826086958,0.3758820744114504
Subject494_2019_0104_150729_segment09_09,Subject494,9,0.3686729919921999,7.7983294788765924,1.0277324632952691,0.8045694924976052
Subject494_2019_0104_150729_segment10_10,Subject494,10,-0.9773278719797466,2.1894710431646,0.5444646098003629,0.4612775846091326
Subject494_2019_0104_150729_segment11_11,Subject494,11,0.9685387650553773,3.3842123770580446,0.5859375,0.5015852402700448
Subject494_2019_0104_150729_segment12_12,Subject494,12,0.9706488934982274,1.9245426200296385,0.4291845493562232,1.972426628121003
Subject494_2019_0104_150729_segment13_13,Subject494,13,0.47454058883144284,4.042737125172269,0.7125890736342043,0.63640038669082
Subject494_2019_0104_150729_segment14_14,Subject494,14,0.8654420580107303,5.599653358259596,0.6024096385542168,0.7554279510051167
Subject494_2019_0104_152003_segment00_00,Subject494,0,-0.008158118544445963,1.609697259465592,1.6336633663366336,0.6781696531913638
Subject494_2019_0104_152003_segment01_01,Subject494,1,0.8484993401889644,2.753182830814057,0.8042895442359249,0.15326521470475626
Subject494_2019_0104_152003_segment02_02,Subject494,2,0.624042747856735,2.0276580128476254,2.5557809330628802,0.5100025900219131
Subject494_2019_0104_152003_segment03_03,Subject494,3,0.9927273391176399,3.580487850724045,2.4705882352941178,4.038134689711333
Subject494_2019_0104_152003_segment04_04,Subject494,4,-0.9745861140096975,1.426511622428702,0.6302521008403361,0.4502321822436039
Subject494_2019_0104_152003_segment05_05,Subject494,5,-0.48282805768892817,7.9380715023138535,1.3692946058091287,1.0603429264176856
Subject494_2019_0104_152003_segment07_06,Subject494,6,0.9814624875922539,1.8080331176529296,0.5181347150259067,0.3641314774161508
Subject494_2019_0104_152003_segment08_07,Subject494,7,-0.9600515813346788,1.2301899565309056,0.6109979633401221,0.8887711546662524
Subject494_2019_0104_152003_segment09_08,Subject494,8,-0.7213866133044281,1.0710487037766256,1.5156794425087108,0.3592710997224682
Subject494_2019_0104_152003_segment10_09,Subject494,9,0.36663728244309535,6.726598188770898,1.088082901554404,0.8194689430472623
Subject494_2019_0104_152003_segment11_10,Subject494,10,-0.9194050946742024,2.2966326540339916,0.5758157389635317,0.4268752649966434
Subject494_2019_0104_152003_segment12_11,Subject494,11,0.9983655743121691,2.0042387134140776,0.6726457399103138,0.5381105921422534
Subject494_2019_0104_152003_segment13_12,Subject494,12,0.9771960099246563,2.5938093369649917,0.4201680672268907,1.9714098874716453
Subject494_2019_0104_152003_segment14_13,Subject494,13,0.47105269979136327,3.82696148005272,0.7653061224489797,0.6699279371832902
Subject494_2019_0104_152003_segment15_14,Subject494,14,0.8848428449316199,6.417685413324958,0.6048387096774195,0.7484867410001176
Subject504_2018_1127_172851_segment01_00,Subject504,0,0.7640778280136716,2.2969307268374215,1.3333333333333335,0.44854473501149916
Subject504_2018_1127_172851_segment04_02,Subject504,2,0.7703192783404655,4.687280118717909,0.8955223880597015,0.40291915183851346
Subject504_2018_1127_172851_segment05_03,Subject504,3,0.9730633808708378,6.241997627454804,2.0338983050847457,3.4329088653993804
Subject504_2018_1127_172851_segment06_04,Subject504,4,-0.8610699121843404,6.071004876315876,1.3688212927756656,0.31681737646322194
Subject504_2018_1127_172851_segment07_05,Subject504,5,-0.3560041711730141,7.571661134526992,0.7645631067961166,0.5224476469571196
Subject504_2018_1127_172851_segment08_01,Subject504,1,0.9133399200806991,3.6110955520530483,1.13013698630137,0.1771710746840164
Subject504_2018_1127_172851_segment10_06,Subject504,6,0.9510404907616188,2.0725441111233383,0.40927694406548426,0.17237215482673351
Subject504_2018_1127_172851_segment11_07,Subject504,7,-0.9525844307261913,2.068585070677588,0.5509181969949917,0.3566519638331357
Subject504_2018_1127_172851_segment12_08,Subject504,8,-0.9246233463031371,3.4346140170166377,1.5068493150684934,0.30541338120798306
Subject504_2018_1127_172851_segment13_09,Subject504,9,0.00883255912187789,9.36633068242211,0.8407079646017699,0.7078647201388496
Subject504_2018_1127_172851_segment14_10,Subject504,10,-0.9508856261895624,1.4089758789741955,1.1111111111111112,0.34015570046791377
Subject504_2018_1127_172851_segment15_11,Subject504,11,0.8600121810253579,3.3686906970030313,2.5482625482625485,0.40386609533584034
Subject504_2018_1127_172851_segment16_12,Subject504,12,0.9274417223160563,5.2821290064486375,0.24813895781637718,0.9906044210978389
Subject504_2018_1127_172851_segment17_13,Subject504,13,-0.7406689216054602,11.823803221633083,0.7518796992481204,1.1284609107322454
Subject504_2018_1127_172851_segment18_14,Subject504,14,0.8428681323844042,2.047243290736802,0.7042253521126761,0.6367653213615015
Subject516_2019_0108_135254_segment00_00,Subject516,0,0.007271913410246359,2.4536364390910266,0.28409090909090906,0.11031600078785732
Subject516_2019_0108_135254_segment01_01,Subject516,1,0.9509930837749726,2.3431209715526204,1.4102564102564104,0.20636546487779459
Subject516_2019_0108_135254_segment02_02,Subject516,2,0.8995162132228747,4.589927250302019,0.8534850640113798,0.3577208210013893
Subject516_2019_0108_135254_segment03_03,Subject516,3,0.9260345554029622,9.760504355316227,2.2727272727272725,3.6857370765437993
Subject516_2019_0108_135254_segment04_04,Subject516,4,-0.9654713514846488,1.4919415984142297,0.8160621761658031,0.18285433138168378
Subject516_2019_0108_135254_segment05_05,Subject516,5,-0.19216063172867262,7.624239419582495,0.6269592476489029,0.3285586198588097
Subject516_2019_0108_135254_segment06_06,Subject516,6,0.9428173682993117,1.326499544836137,0.2915451895043732,0.08347567067357295
Subject516_2019_0108_135254_segment07_07,Subject516,7,-0.98225911480429,2.874784078213859,1.7427385892116183,0.5950763671587508
Subject516_2019_0108_135254_segment08_08,Subject516,8,-0.9271951174819559,1.8535760885529895,0.31446540880503143,0.1112162152409029
Subject516_2019_0108_135254_segment09_09,Subject516,9,-0.001833036357411882,9.290740023796817,0.6864988558352403,0.43175843062299696
Subject516_2019_0108_135254_segment10_10,Subject516,10,-0.9062608271759979,2.673159366519849,0.9419152276295133,0.24229553299012133
Subject516_2019_0108_135254_segment11_11,Subject516,11,0.9301605972592561,1.0453114323469987,0.5836575875486382,0.23340480929249638
Subject516_2019_0108_135254_segment12_12,Subject516,12,0.9432473270344625,2.1427901138012486,0.48154093097913325,1.2322993620159755
Subject516_2019_0108_135254_segment13_13,Subject516,13,-0.8988739462694388,19.46224018714017,1.8867924528301887,1.301621146429972
Subject516_2019_0108_135254_segment14_14,Subject516,14,0.8810232080929266,1.6150675452065306,0.6726457399103138,0.7499070159054175
Subject516_2019_0108_140950_segment00_00,Subject516,0,-0.08462052356081579,5.757770337861951,0.41379310344827586,0.1873510560474368
Subject516_2019_0108_140950_segment01_01,Subject516,1,0.9516094142788949,4.351246344796008,0.2631578947368421,0.2650794892482528
Subject516_2019_0108_140950_segment02_02,Subject516,2,0.803218345866257,3.4158149814642793,0.5119453924914676,0.43581747564915035
Subject516_2019_0108_140950_segment03_03,Subject516,3,0.956654190874009,4.868495569234256,2.2140221402214024,3.66619293016247
Subject516_2019_0108_140950_segment04_04,Subject516,4,-0.9839719552049129,2.554911616010305,0.9347181008902078,0.20932943064571313
Subject516_2019_0108_140950_segment06_05,Subject516,5,-0.12307946548435172,4.724225763414741,0.3671970624235006,0.3559521065971512
Subject516_2019_0108_140950_segment07_06,Subject516,6,0.977417487757958,0.9986407265496869,0.4005340453938585,0.15718113492408523
Subject516_2019_0108_140950_segment08_07,Subject516,7,-0.9713909230319399,4.301203356895561,2.1167883211678835,0.5801990285070798
Subject516_2019_0108_140950_segment09_08,Subject516,8,-0.9530364211604962,1.875408624380179,0.4,0.1538751074866292
Subject516_2019_0108_140950_segment10_09,Subject516,9,-0.18348579549229407,10.56600474432227,0.9819967266775776,0.638974496343978
Subject516_2019_0108_140950_segment11_10,Subject516,10,-0.9509801083274125,3.6395039424084947,1.2,0.314011113283041
Subject516_2019_0108_140950_segment12_11,Subject516,11,0.9719461107162327,2.315316905090076,0.8928571428571429,0.45399938279936897
Subject516_2019_0108_140950_segment13_12,Subject516,12,0.9390626854511336,19.34179777114479,0.49668874172185434,1.2079747996748782
Subject516_2019_0108_140950_segment14_13,Subject516,13,-0.9144661910147929,15.393068723397201,2.0477815699658706,1.550133488847348
Subject516_2019_0108_140950_segment15_14,Subject516,14,0.9513241299724519,4.532011485901189,0.6960556844547563,0.781769325366632
Subject516_2019_0109_095949_segment00_00,Subject516,0,0.19132350115379307,9.919163910297517,0.26578073089701,0.2677140396790152
Subject516_2019_0109_095949_segment01_01,Subject516,1,0.8764535474823457,1.200349726327894,1.2820512820512822,0.142747332934933
Subject516_2019_0109_095949_segment02_02,Subject516,2,0.654002402155613,5.0225042990304205,0.967741935483871,0.40497004818113047
Subject516_2019_0109_095949_segment03_03,Subject516,3,0.980748442391031,3.5733848655734772,2.2743682310469318,3.5744086580999723
Subject516_2019_0109_095949_segment04_04,Subject516,4,-0.9184721051166066,2.836544891677218,0.9763313609467457,0.1706572130764755
Subject516_2019_0109_095949_segment05_05,Subject516,5,-0.26580366152820506,5.40130588546556,0.33482142857142855,0.3465695286067152
Subject516_2019_0109_095949_segment06_06,Subject516,6,0.9980352220285208,1.5420382675071866,0.33222591362126247,0.12185200905464141
Subject516_2019_0109_095949_segment07_07,Subject516,7,-0.9171123035525164,4.00939191766438,1.58311345646438,0.7465939805683859
Subject516_2019_0109_095949_segment08_08,Subject516,8,-0.9689063220897475,1.9550094631461705,0.2548853016142736,0.10198775494586725
Subject516_2019_0109_095949_segment09_09,Subject516,9,-0.1783642253137638,12.00697187918945,0.8968609865470851,0.6330835516963258
Subject516_2019_0109_095949_segment10_10,Subject516,10,-0.9044258998149906,2.4950059026566005,1.1111111111111112,0.2374047363698479
Subject516_2019_0109_095949_segment11_11,Subject516,11,0.9903096702595027,3.44112819032023,0.7263922518159807,0.3712672968106867
Subject516_2019_0109_095949_segment12_12,Subject516,12,0.9468344530218147,18.934807042945657,1.0362694300518134,1.164766470535971
Subject516_2019_0109_095949_segment13_13,Subject516,13,-0.8153845419736144,8.074160696341728,2.405063291139241,1.2238517982455166
Subject516_2019_0109_095949_segment14_14,Subject516,14,0.8914986106744016,1.7924420161731605,0.5806451612903225,0.5996677511646088
Subject516_2019_0109_101116_segment00_00,Subject516,0,0.22340059195759815,5.970295988175973,0.3861003861003861,0.20300482640093748
Subject516_2019_0109_101116_segment01_01,Subject516,1,0.826604692383549,1.7005375012227868,1.3888888888888888,0.16941998787506982
Subject516_2019_0109_101116_segment02_02,Subject516,2,0.6384393645105283,3.3567927031580918,0.774526678141136,0.43047178661496266
Subject516_2019_0109_101116_segment03_03,Subject516,3,0.9730681564307992,2.842910983859887,2.159090909090909,3.971014401296643
Subject516_2019_0109_101116_segment04_04,Subject516,4,-0.9359500848402703,2.207446867541448,1.1130742049469966,0.22142291800054717
Subject516_2019_0109_101116_segment05_05,Subject516,5,-0.3945013642074635,3.628288311655976,0.4267425320056899,0.4805903695348794
Subject516_2019_0109_101116_segment06_06,Subject516,6,0.9789523356114633,2.421962691463776,0.39267015706806285,0.18012657118869727
Subject516_2019_0109_101116_segment07_07,Subject516,7,-0.8868916380919319,2.239916556131726,1.574803149606299,0.6879469684586328
Subject516_2019_0109_101116_segment08_08,Subject516,8,-0.9639723724023125,2.354322262577033,0.30303030303030304,0.16976649281251677
Subject516_2019_0109_101116_segment09_09,Subject516,9,-0.10817648097165816,5.458650320829808,1.1627906976744187,0.6240972166008958
Subject516_2019_0109_101116_segment10_10,Subject516,10,-0.9004277887680725,3.652522563766037,1.223175965665236,0.3088316072675401
Subject516_2019_0109_101116_segment11_11,Subject516,11,0.9868250618654874,3.097673778585572,0.8875739644970415,0.46648575819140936
Subject516_2019_0109_101116_segment12_12,Subject516,12,0.973951328232054,8.255067811431067,0.5199306759098786,1.168091181248613
Subject516_2019_0109_101116_segment13_13,Subject516,13,-0.7143156421792015,18.820677269014713,2.2183098591549295,1.6198674168056355
Subject516_2019_0109_101116_segment14_14,Subject516,14,0.9503433183514891,4.0817756780384,0.6578947368421052,0.6701395643060434
Subject561_2019_0115_110607_segment00_00,Subject561,0,-0.17055151505207136,1.7009039345119334,0.4048582995951417,0.1799945466242136
Subject561_2019_0115_110607_segment01_01,Subject561,1,0.8938687104702363,0.8854163078838759,0.5454545454545455,0.10315115758469437
Subject561_2019_0115_110607_segment02_02,Subject561,2,0.7757131733968242,3.1922924387737077,0.6629834254143646,0.24242587749919461
Subject561_2019_0115_110607_segment03_03,Subject561,3,0.96267185810412,3.92205401468246,2.3300970873786406,3.0560566560664912
Subject561_2019_0115_110607_segment04_04,Subject561,4,-0.9747899265293961,0.9069734062336096,0.35671819262782406,0.15226373296043205
Subject561_2019_0115_110607_segment05_05,Subject561,5,-0.5285717957020438,5.274046921118717,0.8032128514056225,0.5183152133870879
Subject561_2019_0115_110607_segment06_06,Subject561,6,0.9851914437784475,1.7985581433968647,0.32188841201716734,0.12288493055387899
Subject561_2019_0115_110607_segment07_07,Subject561,7,-0.9715623803727514,1.6020642077277227,0.2946954813359529,0.3163776685664861
Subject561_2019_0115_110607_segment08_08,Subject561,8,-0.7486892040503151,1.799863571244116,0.34802784222737815,0.1567658915796578
Subject561_2019_0115_110607_segment09_09,Subject561,9,0.13647832798351853,5.343071937542299,0.375,0.3791671745816152
Subject561_2019_0115_110607_segment10_10,Subject561,10,-0.9772892602381573,1.8995322880575507,0.29615004935834155,0.17089844975569726
Subject561_2019_0115_110607_segment11_11,Subject561,11,0.9913880081635105,1.502040044119951,0.42979942693409745,0.16456380133571752
Subject561_2019_0115_110607_segment13_12,Subject561,12,0.9533820009195347,1.9850834665969344,0.3027245206861756,0.6374023609472755
Subject561_2019_0115_110607_segment14_13,Subject561,13,-0.7205840025852258,4.797032263342605,1.1278195488721803,0.5911438478990817
Subject561_2019_0115_110607_segment15_14,Subject561,14,0.7781657839170321,3.4657935911040356,0.44709388971684055,0.5215059969657995
Subject561_2019_0115_112516_segment00_00,Subject561,0,-0.3527485641709881,2.2051573016403916,0.4622496147919877,0.21700408415639902
Subject561_2019_0115_112516_segment01_01,Subject561,1,0.878603176925843,0.8481639424344188,0.5813953488372093,0.10846494852531263
Subject561_2019_0115_112516_segment02_02,Subject561,2,0.7336488068309817,2.9680350825249002,0.6960556844547563,0.26090201428709076
Subject561_2019_0115_112516_segment03_03,Subject561,3,0.9676145438073618,3.387558516630592,2.169811320754717,3.2103616391776373
Subject561_2019_0115_112516_segment04_05,Subject561,5,-0.42341725666623475,5.838894068416735,0.8152173913043479,0.5435337865729756
Subject561_2019_0115_112516_segment05_04,Subject561,4,-0.9882960524165115,1.3326552350034926,0.37926675094816686,0.16948337118501325
Subject561_2019_0115_112516_segment06_06,Subject561,6,0.9934863508486683,1.8435397293977058,0.3496503496503497,0.1672827676001268
Subject561_2019_0115_112516_segment07_07,Subject561,7,-0.9650967401789668,3.32189544992327,0.3232758620689655,0.33886497723229314
Subject561_2019_0115_112516_segment08_08,Subject561,8,-0.8320570409972452,1.7768987383102552,0.3571428571428571,0.1806973493128709
Subject561_2019_0115_112516_segment09_09,Subject561,9,0.17990786111677645,3.0385071902101464,0.9216589861751152,0.3994155381345715
Subject561_2019_0115_112516_segment10_10,Subject561,10,-0.986641319310092,1.6709636780455674,0.36900369003690037,0.2510361288732545
Subject561_2019_0115_112516_segment11_11,Subject561,11,0.9915728393262354,0.9929651052087847,0.4754358161648178,0.22607819584699163
Subject561_2019_0115_112516_segment12_12,Subject561,12,0.9734443883429199,1.3264368356224858,0.7509386733416772,0.6904044195968007
Subject561_2019_0115_112516_segment13_13,Subject561,13,-0.7712999895661078,4.44121222966132,1.1516314779270633,0.5701396895644936
Subject561_2019_0115_112516_segment14_14,Subject561,14,0.8058544428507242,2.9597805365929966,0.4608294930875576,0.49708686072376923
Subject561_2019_0117_110245_segment00_00,Subject561,0,-0.3133748268450668,1.6435821798181596,0.38961038961038963,0.17080565198230532
Subject561_2019_0117_110245_segment01_01,Subject561,1,0.9333297056862467,1.7796196602991403,0.724907063197026,0.10726050870564824
Subject561_2019_0117_110245_segment02_02,Subject561,2,0.7510145277638517,2.8562635640713574,0.6722689075630252,0.23929586381143947
Subject561_2019_0117_110245_segment03_03,Subject561,3,0.9677409509527111,3.1915933742692677,1.9318181818181817,2.9141365514842925
Subject561_2019_0117_110245_segment04_04,Subject561,4,-0.9963997794339774,1.2840436902595864,0.3665987780040733,0.15000914375322605
Subject561_2019_0117_110245_segment05_05,Subject561,5,-0.38100430323964174,12.758280673003371,0.7943925233644861,0.5979158532146075
Subject561_2019_0117_110245_segment06_06,Subject561,6,0.982976781475709,2.1566037864081222,0.3473227206946455,0.1460035045257843
Subject561_2019_0117_110245_segment07_07,Subject561,7,-0.978338323050755,8.25040570857271,0.3,0.34525654131078065
Subject561_2019_0117_110245_segment08_08,Subject561,8,-0.7359579777637886,1.9775510542820962,0.33195020746887965,0.14907198951373665
Subject561_2019_0117_110245_segment09_09,Subject561,9,0.24083934747064936,4.481605620228081,0.9071274298056154,0.3979562125226689
Subject561_2019_0117_110245_segment10_10,Subject561,10,-0.9835664067488457,3.9071185421145906,0.35386631716906947,0.2517254806407846
Subject561_2019_0117_110245_segment11_11,Subject561,11,0.9891439207759655,1.075154986564009,0.45112781954887216,0.18724694009213239
Subject561_2019_0117_110245_segment12_12,Subject561,12,0.9750833343903904,1.5255294450501324,0.8108108108108107,0.691602234592373
Subject561_2019_0117_110245_segment13_13,Subject561,13,-0.7506853890478757,3.6487856060591946,1.288659793814433,0.6344026374792627
Subject561_2019_0117_110245_segment14_14,Subject561,14,0.7487882833119014,3.8101432343559805,0.4528301886792453,0.49264735442381563
Subject561_2019_0117_111629_segment00_00,Subject561,0,-0.3387881598538906,7.562882280842574,1.332533013205282,0.3041096402786954
Subject561_2019_0117_111629_segment01_01,Subject561,1,0.9100839862917048,1.1071555309544958,0.7272727272727273,0.10581784714812509
Subject561_2019_0117_111629_segment02_02,Subject561,2,0.7553286167381754,2.720121137668168,0.7050528789659225,0.2476163826908445
Subject561_2019_0117_111629_segment03_03,Subject561,3,0.9692689901036132,4.1416922884918534,1.996753246753247,2.942956731549232
Subject561_2019_0117_111629_segment04_04,Subject561,4,-0.9925615881850888,0.7379649492403194,0.38686987104337633,0.16138765215401604
Subject561_2019_0117_111629_segment05_05,Subject561,5,-0.5005010798366664,20.63925078647242,0.8500000000000001,0.6717064085196932
Subject561_2019_0117_111629_segment06_06,Subject561,6,0.9850566534688276,1.6947258103941498,0.3754693366708386,0.15353290462934074
Subject561_2019_0117_111629_segment07_07,Subject561,7,-0.9832973395912016,2.1570822483862075,0.32188841201716734,0.3445785175490766
Subject561_2019_0117_111629_segment08_08,Subject561,8,-0.6911694577040298,3.8819942896703616,0.368474923234391,0.16336099592251271
Subject561_2019_0117_111629_segment09_09,Subject561,9,0.2198672806677885,5.275861317085062,1.04847801578354,0.4409648947560804
Subject561_2019_0117_111629_segment10_10,Subject561,10,-0.9890119160508066,2.075275067326577,0.33012379642365886,0.20149068848361784
Subject561_2019_0117_111629_segment11_11,Subject561,11,0.9923523264417817,1.1327962221781496,0.5059021922428331,0.21517807234624262
Subject561_2019_0117_111629_segment12_12,Subject561,12,0.9747191168890845,1.3280056998588121,0.7692307692307692,0.6855318920466381
Subject561_2019_0117_111629_segment13_13,Subject561,13,-0.7247508743466172,4.2164788223995435,1.2635869565217392,0.6785365947451841
Subject561_2019_0117_111629_segment14_14,Subject561,14,0.7461846180624817,3.1465444030190834,0.4658385093167701,0.4812415974534975
Subject561_2019_0125_110712_segment00_00,Subject561,0,-0.20314206572834193,3.3738186517142603,0.4109589041095891,0.19999058743729525
Subject561_2019_0125_110712_segment01_01,Subject561,1,0.8354999252455445,0.8925967478067245,0.6818181818181819,0.0883770732555192
Subject561_2019_0125_110712_segment02_02,Subject561,2,0.7799974569166083,3.340235880348864,0.33546325878594246,0.2541616600052339
Subject561_2019_0125_110712_segment03_03,Subject561,3,0.976589310425583,4.082674161357427,1.984251968503937,2.6765507341689987
Subject561_2019_0125_110712_segment04_04,Subject561,4,-0.9751933966604094,0.7623879037406305,1.2560386473429952,0.13830454532119357
Subject561_2019_0125_110712_segment05_05,Subject561,5,-0.4318015650784816,12.62450454138459,0.7792207792207793,0.6055322062044755
Subject561_2019_0125_110712_segment06_06,Subject561,6,0.994500231125091,1.5246984846058664,0.35225048923679064,0.1532086457749712
Subject561_2019_0125_110712_segment07_07,Subject561,7,-0.9667555877837676,2.757649953102925,0.3010033444816054,0.33902438539833013
Subject561_2019_0125_110712_segment08_08,Subject561,8,-0.7115534180403266,2.547895402211078,0.3289473684210526,0.17295931113801302
Subject561_2019_0125_110712_segment09_09,Subject561,9,-0.08888036530684812,9.213785953578482,0.8,0.4399429994511906
Subject561_2019_0125_110712_segment10_10,Subject561,10,-0.9639766143413925,1.9009755755279967,0.32579185520361986,0.22797128315096443
Subject561_2019_0125_110712_segment11_11,Subject561,11,0.9993293366119684,0.9982657419260933,0.52,0.20476467319351846
Subject561_2019_0125_110712_segment12_12,Subject561,12,0.9669713456411568,2.3110965671642343,0.7874682472480948,0.682244446890493
Subject561_2019_0125_110712_segment13_13,Subject561,13,-0.6362810208214968,2.676741399460168,1.1153479504289798,0.695552657095401
Subject561_2019_0125_110712_segment14_14,Subject561,14,0.7375536899495349,2.388596033815206,0.5059021922428331,0.49254343037718445
Subject561_2019_0125_112503_segment00_00,Subject561,0,-0.4108739065393616,3.291692570167851,1.6089965397923878,0.29874389682402064
Subject561_2019_0125_112503_segment01_01,Subject561,1,0.8597600236966736,1.2227122795564478,0.7894736842105263,0.09532587728662842
Subject561_2019_0125_112503_segment02_02,Subject561,2,0.6933145687992842,6.127075805825844,0.7476635514018692,0.28434154598580125
Subject561_2019_0125_112503_segment03_03,Subject561,3,0.9742689379815671,4.786630878338161,1.8828451882845187,2.8872425691447465
Subject561_2019_0125_112503_segment04_04,Subject561,4,-0.9846340792593019,1.0615290028622661,1.3531669865642992,0.16547319081904335
Subject561_2019_0125_112503_segment05_05,Subject561,5,-0.5553271190964905,13.615189605823131,0.929368029739777,0.7322252576383121
Subject561_2019_0125_112503_segment06_06,Subject561,6,0.9975725759149178,1.8269767659177534,0.3870967741935484,0.17697777193149763
Subject561_2019_0125_112503_segment07_07,Subject561,7,-0.9766898142723508,4.006921848696628,0.3762541806020067,0.36532831114937103
Subject561_2019_0125_112503_segment08_08,Subject561,8,-0.7438803526361613,1.389170763356389,0.39779005524861877,0.19618354364252463
Subject561_2019_0125_112503_segment09_09,Subject561,9,-0.0616386238114818,10.749576613030015,0.8561643835616438,0.4992011359477107
Subject561_2019_0125_112503_segment10_10,Subject561,10,-0.9475194946004957,15.764379518411623,0.22354694485842028,0.3200150629178767
Subject561_2019_0125_112503_segment11_11,Subject561,11,0.9931828459050507,1.0207495640538433,1.4882506527415145,0.22134022964672131
Subject561_2019_0125_112503_segment12_12,Subject561,12,0.9509876814976126,2.6324540554313716,0.8121019108280254,0.6785295532647753
Subject561_2019_0125_112503_segment13_13,Subject561,13,-0.5494773647019756,2.3898572728233574,1.2121212121212122,0.6950076487301223
Subject561_2019_0125_112503_segment14_14,Subject561,14,0.7193660201957028,3.8129953500383835,0.4864864864864865,0.46854190981474264
Subject571_2018_1207_152828_segment00_00,Subject571,0,0.8236663520529729,4.056930634848881,0.8968609865470851,0.6619816566412424
Subject571_2018_1207_152828_segment01_01,Subject571,1,0.8370963825206487,0.7065253788913528,0.39823008849557523,0.08348689711807264
Subject571_2018_1207_152828_segment02_02,Subject571,2,0.7148176926812314,7.603200439341728,0.7792207792207793,0.2120700001636992
Subject571_2018_1207_152828_segment03_03,Subject571,3,0.9050583743777373,2.745579841581855,1.6143497757847534,1.9222806725144772
Subject571_2018_1207_152828_segment04_04,Subject571,4,-0.9460788227986011,1.5722554500516814,0.7990314769975788,0.13843391502636468
Subject571_2018_1207_152828_segment05_05,Subject571,5,-0.07144111055742354,11.620397933874635,0.5420054200542006,0.2936545652622391
Subject571_2018_1207_152828_segment06_06,Subject571,6,0.9961102994314136,1.2667632435875291,0.3105590062111801,0.1328347286089721
Subject571_2018_1207_152828_segment07_07,Subject571,7,-0.9707257716142901,1.9802453053049516,0.3184713375796178,0.38514692505692116
Subject571_2018_1207_152828_segment08_08,Subject571,8,-0.9769800120477766,1.8565618357868408,0.31813361611876984,0.13790191161224846
Subject571_2018_1207_152828_segment09_09,Subject571,9,-0.1326571955316307,7.151310306214235,0.8219178082191781,0.5947123345394375
Subject571_2018_1207_152828_segment10_10,Subject571,10,-0.9517491270931828,1.45865645445276,0.5968586387434555,0.17750307737339424
Subject571_2018_1207_152828_segment11_11,Subject571,11,0.9949146891976395,2.4235768433557006,0.4233301975540922,0.18467659394676786
Subject571_2018_1207_152828_segment12_12,Subject571,12,0.9342534751695066,6.284801417410098,0.21536252692031588,1.7457307959617938
Subject571_2018_1207_152828_segment13_13,Subject571,13,-0.24788040727269056,16.114330443890562,0.47244094488188976,1.152676742325433
Subject571_2018_1207_152828_segment14_14,Subject571,14,0.8533201427008276,3.9634810023448086,0.43541364296081286,0.4389483707894293
Subject571_2018_1207_154908_segment00_00,Subject571,0,0.8193692910149127,4.68802492170467,0.8941877794336811,0.7299911069201862
Subject571_2018_1207_154908_segment01_01,Subject571,1,0.864068703158171,1.394464707816396,0.425531914893617,0.08521185041281006
Subject571_2018_1207_154908_segment02_02,Subject571,2,0.7245002779860844,4.320029961088715,1.5317559153175593,0.24676689596029278
Subject571_2018_1207_154908_segment03_03,Subject571,3,0.9471402137758931,3.577106624414284,1.5172413793103448,2.035166027873315
Subject571_2018_1207_154908_segment04_04,Subject571,4,-0.9329570892684268,1.8802328657489615,0.595829195630586,0.12248177272817642
Subject571_2018_1207_154908_segment05_05,Subject571,5,-0.10236355920088226,10.240952351640928,0.634441087613293,0.37565803114714713
Subject571_2018_1207_154908_segment06_06,Subject571,6,0.9983392206392372,1.3459852750023404,0.3397508493771234,0.16225553601108406
Subject571_2018_1207_154908_segment07_07,Subject571,7,-0.881702722609943,25.60042058297065,0.6376195536663125,0.4281117696766663
Subject571_2018_1207_154908_segment08_08,Subject571,8,-0.9861076181639887,2.238158090125506,0.31347962382445144,0.14786635808801057
Subject571_2018_1207_154908_segment09_09,Subject571,9,-0.17948126674836193,9.37215800252266,0.7926023778071334,0.614096453995379
Subject571_2018_1207_154908_segment10_10,Subject571,10,-0.9264266449711773,1.663251928477553,1.9953325554259043,0.18015617942622708
Subject571_2018_1207_154908_segment11_11,Subject571,11,0.9992257412031751,1.1231670275965275,1.7924528301886793,0.19423092825939342
Subject571_2018_1207_154908_segment12_12,Subject571,12,0.8761586403730675,6.348322369390619,1.7540983606557379,1.0934321128571736
Subject571_2018_1207_154908_segment13_13,Subject571,13,-0.16874924698949514,19.62398817172096,1.0638297872340425,1.2112435708045906
Subject571_2018_1207_154908_segment14_14,Subject571,14,0.8228508661984557,3.3717546397624605,0.493421052631579,0.4721363782105879
Subject571_2019_0122_130522_segment00_00,Subject571,0,0.928946230050951,3.139972102796772,1.0631741140215716,0.8095975185115271
Subject571_2019_0122_130522_segment01_01,Subject571,1,0.8081477229809866,1.3701876283788408,0.48387096774193544,0.09037504175594664
Subject571_2019_0122_130522_segment02_02,Subject571,2,0.7559582598108195,3.617962639229579,0.3840682788051209,0.24979091568077919
Subject571_2019_0122_130522_segment03_03,Subject571,3,0.9805378389889751,7.43270376161637,1.7266187050359711,2.8023432662989154
Subject571_2019_0122_130522_segment04_04,Subject571,4,-0.9692394393730482,2.2537961766195025,1.0363636363636364,0.2062388229742532
Subject571_2019_0122_130522_segment05_05,Subject571,5,-0.10493063731452766,11.184422838343657,0.753968253968254,0.5733218273480175
Subject571_2019_0122_130522_segment06_06,Subject571,6,0.9892962701469088,2.2415289393409203,0.32876712328767127,0.18458457125235145
Subject571_2019_0122_130522_segment07_07,Subject571,7,-0.9376367421878177,2.240826703980146,0.47038327526132406,0.45026611472614136
Subject571_2019_0122_130522_segment08_08,Subject571,8,-0.9961920997275633,2.106008497376058,0.37815126050420167,0.18162027041042048
Subject571_2019_0122_130522_segment09_09,Subject571,9,-0.30043513558768253,12.318641945152986,0.7990314769975788,0.6483314826775362
Subject571_2019_0122_130522_segment10_10,Subject571,10,-0.9168654247417802,1.9351055043695058,1.5832205683355887,0.19351074826892772
Subject571_2019_0122_130522_segment11_11,Subject571,11,0.9828597194213184,1.2717277270487768,0.9557522123893807,0.19583533259236247
Subject571_2019_0122_130522_segment12_12,Subject571,12,0.9510341711365551,6.375069244560152,0.23323615160349856,1.875358376069804
Subject571_2019_0122_130522_segment13_13,Subject571,13,-0.19068810329859107,16.03576000829107,0.47058823529411764,1.1104278903617246
Subject571_2019_0122_130522_segment14_14,Subject571,14,0.9353483785653067,3.056102369106307,1.4971209213051822,0.46677651174065987
Subject571_2019_0122_132400_segment00_00,Subject571,0,0.9424492628523902,5.321017234742364,1.5458937198067633,0.9435168326524378
Subject571_2019_0122_132400_segment01_01,Subject571,1,0.7946384946151808,0.7251579916432012,0.47368421052631576,0.09171780723700124
Subject571_2019_0122_132400_segment02_02,Subject571,2,0.7454423119270003,5.021873103854199,0.4109589041095891,0.29131640178799706
Subject571_2019_0122_132400_segment03_03,Subject571,3,0.9757593540589918,2.5598442322438384,1.7054263565891472,2.6237277325691797
Subject571_2019_0122_132400_segment04_04,Subject571,4,-0.9453829775086514,1.6449180074403456,1.6587677725118481,0.1803852541140527
Subject571_2019_0122_132400_segment05_05,Subject571,5,-0.16561685831703707,8.701596692672942,0.7399103139013453,0.60226165296924
Subject571_2019_0122_132400_segment06_06,Subject571,6,0.9881002490853171,1.5715705842305612,0.3755868544600939,0.21773582286069915
Subject571_2019_0122_132400_segment07_07,Subject571,7,-0.918270363526583,5.78645828814977,0.4363636363636364,0.46313658146855796
Subject571_2019_0122_132400_segment08_08,Subject571,8,-0.9618323554949457,1.887905869786948,0.34539473684210525,0.18739402264430363
Subject571_2019_0122_132400_segment09_09,Subject571,9,-0.010483894693718883,10.624538316151426,0.8657465495608532,0.7187850016129809
Subject571_2019_0122_132400_segment10_10,Subject571,10,-0.9041225802457028,1.9427900984012694,0.3404255319148936,0.20585928067062706
Subject571_2019_0122_132400_segment11_11,Subject571,11,0.9839330350810519,1.3775255803542312,0.4150943396226415,0.20268141090146466
Subject571_2019_0122_132400_segment12_12,Subject571,12,0.9542739988056415,5.850604266625328,0.23529411764705882,1.7790163263988554
Subject571_2019_0122_132400_segment13_13,Subject571,13,-0.14283247668582844,17.240511582596394,0.5793991416309012,1.2628673208188494
Subject571_2019_0122_132400_segment14_14,Subject571,14,0.9198636009302936,2.1238156026908213,0.45283018867924524,0.5571650420492389
Subject580_2018_1221_150806_segment00_00,Subject580,0,0.6116543365946573,5.019486251355295,1.2320328542094456,0.8280267426513913
Subject580_2018_1221_150806_segment01_01,Subject580,1,0.9220675109590531,1.0026778485741972,0.8505154639175259,0.16500705333659402
Subject580_2018_1221_150806_segment02_02,Subject580,2,0.8970137490836761,2.529412617157197,1.2482662968099862,0.30116508265631986
Subject580_2018_1221_150806_segment03_03,Subject580,3,0.854446480959042,5.67894676733947,1.9811320754716983,2.722876794116247
Subject580_2018_1221_150806_segment04_04,Subject580,4,-0.9611561022207136,2.2064196582927074,1.5495867768595042,0.320511149889134
Subject580_2018_1221_150806_segment05_05,Subject580,5,-0.15983605099925766,9.544686015230152,0.6818181818181818,0.39539882960089
Subject580_2018_1221_150806_segment06_06,Subject580,6,0.9880644405109522,1.5444163150020929,0.4,0.17401488695537717
Subject580_2018_1221_150806_segment07_07,Subject580,7,-0.9614557110752322,1.4986290427419093,0.4838709677419355,0.4125589345045631
Subject580_2018_1221_150806_segment08_08,Subject580,8,-0.9234342163271421,1.129573384198834,1.5686274509803924,0.28154829604973597
Subject580_2018_1221_150806_segment09_09,Subject580,9,0.14879310340219806,6.311962016082375,1.2650602409638552,0.6050829538764141
Subject580_2018_1221_150806_segment10_10,Subject580,10,-0.9509847102012319,2.5762330311986688,1.3404255319148939,0.33487688939847937
Subject580_2018_1221_150806_segment11_11,Subject580,11,0.9720457254330552,1.4584455714293045,1.2269938650306749,0.24479175517842813
Subject580_2018_1221_150806_segment12_12,Subject580,12,0.915134437318745,2.6978634359416866,0.36231884057971014,1.4103715407562434
Subject580_2018_1221_150806_segment13_13,Subject580,13,0.3633991087819636,9.536069344844057,1.4962593516209477,1.4432802572314811
Subject580_2018_1221_150806_segment14_14,Subject580,14,0.5754772878918651,4.638897987437041,0.9836065573770493,0.5292731457555181
Subject580_2018_1221_152853_segment00_00,Subject580,0,0.5372948047496446,4.47607209162436,1.2219959266802443,1.0634948891420568
Subject580_2018_1221_152853_segment01_01,Subject580,1,0.9275310097503763,2.28702963310225,0.8875739644970415,0.18304455166144024
Subject580_2018_1221_152853_segment02_02,Subject580,2,0.9738589650866974,2.040189237049399,1.4586709886547813,0.35560278587437427
Subject580_2018_1221_152853_segment03_03,Subject580,3,0.9020696445382278,5.905231216533501,2.2826086956521743,3.3876726700163897
Subject580_2018_1221_152853_segment04_04,Subject580,4,-0.9691696735100759,2.9016132584332563,2.357142857142857,0.8052248512526928
Subject580_2018_1221_152853_segment05_05,Subject580,5,-0.1861462357075226,8.177384322359568,0.6785714285714285,0.4648631380398683
Subject580_2018_1221_152853_segment06_06,Subject580,6,0.9906633860085999,1.3345726744774176,0.975609756097561,0.2640996053879987
Subject580_2018_1221_152853_segment07_07,Subject580,7,-0.9599914091652233,2.3491001101629765,0.6396588486140725,0.5682612515710357
Subject580_2018_1221_152853_segment08_08,Subject580,8,-0.9299257751438906,1.459404586915688,1.6453382084095063,0.3453814108640765
Subject580_2018_1221_152853_segment09_09,Subject580,9,0.26029046730287203,8.157669502578655,1.015228426395939,0.6369961577059681
Subject580_2018_1221_152853_segment10_10,Subject580,10,-0.9596420595915918,2.395900694313544,1.2448132780082988,0.34646182250103785
Subject580_2018_1221_152853_segment11_11,Subject580,11,0.9527942293978962,0.9025941645233223,2.5153374233128836,0.29565418267580246
Subject580_2018_1221_152853_segment13_12,Subject580,12,0.9433712568133575,2.466542995001192,0.38265306122448983,1.8173020667994904
Subject580_2018_1221_152853_segment14_13,Subject580,13,0.52963022099008,28.136039198017052,2.5477707006369426,1.2910765399917794
Subject580_2018_1221_152853_segment15_14,Subject580,14,0.6159861878520198,4.639988713345589,1.4469453376205788,0.5335424416525337
Subject580_2018_1227_153640_segment00_00,Subject580,0,0.5804064154062423,5.748904787310396,1.1229946524064172,0.8173493722479545
Subject580_2018_1227_153640_segment01_01,Subject580,1,0.9267233256409798,1.7101603076790404,0.7518796992481204,0.14156069904703994
Subject580_2018_1227_153640_segment02_02,Subject580,2,0.8988265718017162,5.930568538134449,0.35809018567639256,0.270139083710696
Subject580_2018_1227_153640_segment03_03,Subject580,3,0.8910160451114579,6.422942505582624,1.7796610169491525,2.4963027003260483
Subject580_2018_1227_153640_segment04_05,Subject580,5,-0.12925229625924903,8.011341338800767,0.7191780821917808,0.43693164207965834
Subject580_2018_1227_153640_segment05_06,Subject580,6,0.9875609236372496,1.7019799446516557,0.7990314769975788,0.16998011345072103
Subject580_2018_1227_153640_segment06_07,Subject580,7,-0.9804418355579992,1.3830212493099048,0.5576208178438662,0.5286841158980945
Subject580_2018_1227_153640_segment07_08,Subject580,8,-0.9722650547024927,1.56152699701823,0.9615384615384615,0.2461859364497482
Subject580_2018_1227_153640_segment08_09,Subject580,9,-0.04499028116375627,6.309518932891226,1.0362694300518134,0.6456336504228553
Subject580_2018_1227_153640_segment09_10,Subject580,10,-0.9639674973524562,1.9470765011181916,1.0526315789473684,0.2656585523682254
Subject580_2018_1227_153640_segment10_11,Subject580,11,0.9711407781514994,1.0747659033186685,1.5162454873646212,0.23779062688401034
Subject580_2018_1227_153640_segment11_04,Subject580,4,-0.9973898186275703,1.0986847182693247,1.2857142857142858,0.2560265683841201
Subject580_2018_1227_153640_segment12_12,Subject580,12,0.9246325733319122,3.16763355047241,0.3909952606635071,1.6049378669935483
Subject580_2018_1227_153640_segment13_13,Subject580,13,-0.8060724556412737,2.8355171045084027,1.3921113689095126,0.4540392265060242
Subject580_2018_1227_153640_segment14_14,Subject580,14,0.5690994745811624,5.254570892687168,1.4263074484944533,0.5239743148945556
Subject580_2018_1227_155228_segment00_00,Subject580,0,0.5753832931401591,5.516302931736622,1.1150442477876108,0.8610565316961689
Subject580_2018_1227_155228_segment01_01,Subject580,1,0.887315069423923,1.2974026836509958,0.5964214711729623,0.13030716193972713
Subject580_2018_1227_155228_segment02_02,Subject580,2,0.7579687577025543,7.929839793007128,0.4465493910690122,0.28546741467757714
Subject580_2018_1227_155228_segment03_03,Subject580,3,0.9295986850591608,5.07349148123934,1.7897727272727275,2.5028346126950427
Subject580_2018_1227_155228_segment04_04,Subject580,4,-0.9913178626357773,1.5527240827825834,1.1229946524064172,0.20621893856986984
Subject580_2018_1227_155228_segment05_05,Subject580,5,-0.17998234063193427,9.04587063116766,0.6779661016949152,0.4035948545489695
Subject580_2018_1227_155228_segment06_06,Subject580,6,0.979778875986748,1.0366326442113076,0.8298755186721991,0.18679191405357892
Subject580_2018_1227_155228_segment07_07,Subject580,7,-0.9530220507508756,1.6573376583422137,0.5504587155963302,0.45684852696322276
Subject580_2018_1227_155228_segment08_08,Subject580,8,-0.9870635598353906,1.587227120174605,1.3987138263665595,0.24311168926563662
Subject580_2018_1227_155228_segment09_09,Subject580,9,-0.231354152329418,9.202045981373065,0.9273570324574962,0.6568430953053176
Subject580_2018_1227_155228_segment10_10,Subject580,10,-0.9387882245378748,1.4713611229744137,1.056338028169014,0.2690906391779115
Subject580_2018_1227_155228_segment11_11,Subject580,11,0.9912810167614245,1.3100448640861397,1.5929203539823011,0.24834012116667095
Subject580_2018_1227_155228_segment12_12,Subject580,12,0.9329301156434191,5.066994519903532,0.3931847968545216,2.037208653964962
Subject580_2018_1227_155228_segment13_13,Subject580,13,-0.3767454718539271,23.228950138839863,1.1650485436893203,1.0890291607565568
Subject580_2018_1227_155228_segment14_14,Subject580,14,0.686235611244925,3.442322985408848,0.966183574879227,0.5492728004357685
Subject580_2018_1228_160224_segment00_00,Subject580,0,0.8467533216913958,12.192198716097375,1.0517529215358932,0.6316827017980943
Subject580_2018_1228_160224_segment01_01,Subject580,1,0.9531972242513326,1.6703882744938308,0.5263157894736842,0.1313648911169451
Subject580_2018_1228_160224_segment02_02,Subject580,2,0.9874512993828995,2.1951153609218172,0.7132243684992571,0.3478736872227651
Subject580_2018_1228_160224_segment03_03,Subject580,3,0.9378282524936165,4.561310460557714,2.1355932203389827,3.2957108827607624
Subject580_2018_1228_160224_segment04_04,Subject580,4,-0.9456700057760794,1.374184604052927,0.9574468085106382,0.20137988943466767
Subject580_2018_1228_160224_segment05_05,Subject580,5,-0.1622532702064839,11.411699472482296,0.7662835249042146,0.6429951326950852
Subject580_2018_1228_160224_segment06_06,Subject580,6,0.9850627016722759,1.1779781452349871,0.7978723404255319,0.23735542463557038
Subject580_2018_1228_160224_segment07_07,Subject580,7,-0.8949217108600657,2.9017207860040193,0.6846473029045643,0.6716898178348747
Subject580_2018_1228_160224_segment08_08,Subject580,8,-0.7146435622146721,3.0867054953982214,1.597938144329897,0.36467460052390166
Subject580_2018_1228_160224_segment09_09,Subject580,9,0.26193670538004243,8.279258994917138,1.2524850894632207,0.6610040091061997
Subject580_2018_1228_160224_segment10_10,Subject580,10,-0.9052800429876204,8.384098444715761,1.7582417582417582,0.41705351211986863
Subject580_2018_1228_160224_segment11_11,Subject580,11,0.9897600439508281,1.427856176051046,0.6085192697768762,0.25809007914717724
Subject580_2018_1228_160224_segment12_12,Subject580,12,0.9273131784297587,4.9589062402255335,0.37709497206703907,1.754893985037994
Subject580_2018_1228_160224_segment13_13,Subject580,13,-0.9022589277880924,11.270563679704596,0.6944444444444444,0.7702531641028292
Subject580_2018_1228_160224_segment14_14,Subject580,14,0.8347458923705857,4.162367831769732,1.5652173913043477,0.48444222609736204
Subject580_2018_1228_161524_segment00_00,Subject580,0,0.8248027123886074,9.786300347508217,1.218568665377176,0.79572964905623
Subject580_2018_1228_161524_segment01_01,Subject580,1,0.9577274778200706,2.2087223709198303,0.5660377358490566,0.1637024488332082
Subject580_2018_1228_161524_segment02_02,Subject580,2,0.9824267030450149,1.7685537077540483,0.5008347245409015,0.3902587656042616
Subject580_2018_1228_161524_segment03_03,Subject580,3,0.971090834606404,3.2838253739929524,2.1639344262295084,3.2319338341761714
Subject580_2018_1228_161524_segment04_04,Subject580,4,-0.9309567415839951,2.9492947846943305,0.4789550072568941,0.3100150575624815
Subject580_2018_1228_161524_segment05_05,Subject580,5,-0.26192529063235354,10.351041355046956,1.0096153846153846,0.8350543684840331
Subject580_2018_1228_161524_segment06_06,Subject580,6,0.9970651347868124,1.180002253827736,1.4695945945945945,0.29150895871729354
Subject580_2018_1228_161524_segment07_07,Subject580,7,-0.9345087508560728,6.470887898196019,1.9123505976095616,0.5282465977311773
Subject580_2018_1228_161524_segment08_08,Subject580,8,-0.8507033387596634,1.842950789858783,1.633393829401089,0.32502743850663157
Subject580_2018_1228_161524_segment09_09,Subject580,9,0.3606588895976899,3.7190826977512508,1.3129102844638951,0.6697819445048317
Subject580_2018_1228_161524_segment10_10,Subject580,10,-0.9236410579141979,2.549290719744497,2.0350109409190376,0.401826059733882
Subject580_2018_1228_161524_segment11_11,Subject580,11,0.9950631345183063,2.3814925470985187,1.5517241379310347,0.3852137109949301
Subject580_2018_1228_161524_segment12_12,Subject580,12,0.937926521968274,7.2674057702871036,0.43041606886657097,1.8324611498590315
Subject580_2018_1228_161524_segment13_13,Subject580,13,-0.9263345453586534,6.154937483176067,0.7444168734491314,1.1333109373952257
Subject580_2018_1228_161524_segment14_14,Subject580,14,0.8428801400613258,4.151073183659397,0.5836575875486382,0.523830841991276
Subject580_2019_0107_170408_segment00_00,Subject580,0,0.6811384170083452,4.031724220827176,1.1299435028248588,0.8206595370087136
Subject580_2019_0107_170408_segment01_01,Subject580,1,0.8748404190616805,0.7988190870711008,0.7407407407407407,0.13359652509369438
Subject580_2019_0107_170408_segment02_02,Subject580,2,0.9634371343345337,4.345357443799132,0.21739130434782608,0.28907660212882086
Subject580_2019_0107_170408_segment03_03,Subject580,3,0.9117503092717809,3.6149699189573363,1.5987460815047023,2.832505952615594
Subject580_2019_0107_170408_segment04_04,Subject580,4,-0.9630277525763543,1.3304416133758077,1.4221218961625284,0.3296759982050554
Subject580_2019_0107_170408_segment05_05,Subject580,5,-0.10982949737518592,8.840279589344927,0.7640750670241286,0.5167483038683885
Subject580_2019_0107_170408_segment06_06,Subject580,6,0.9588130912663441,1.264665612411705,1.4440993788819878,0.2284071845511379
Subject580_2019_0107_170408_segment07_07,Subject580,7,-0.9692305243479153,3.642025526931363,0.6976744186046512,0.6077662492873813
Subject580_2019_0107_170408_segment08_08,Subject580,8,-0.932721618794333,0.8767255491705414,1.6634799235181643,0.33962573039149674
Subject580_2019_0107_170408_segment09_09,Subject580,9,0.1288835688008464,7.7096615274204225,1.140684410646388,0.6953093371238386
Subject580_2019_0107_170408_segment10_10,Subject580,10,-0.9514034363227158,3.993885284130048,1.3363028953229397,0.34498725337920466
Subject580_2019_0107_170408_segment11_11,Subject580,11,0.9784008802846497,1.5965388940413132,1.2072434607645874,0.26222691896462724
Subject580_2019_0107_170408_segment12_12,Subject580,12,0.9270797962542714,4.786612405448687,0.3654080389768575,1.7006544694043826
Subject580_2019_0107_170408_segment13_13,Subject580,13,-0.26904405516645263,8.059420684529671,1.3303769401330376,1.312022371468917
Subject580_2019_0107_170408_segment15_14,Subject580,14,0.6718912547669347,2.355982983878003,1.0362694300518134,0.5180666840745177
Subject580_2019_0107_171728_segment00_00,Subject580,0,0.6350330247525982,3.9083441054114076,1.1857707509881423,0.8649305327774791
Subject580_2019_0107_171728_segment01_01,Subject580,1,0.8331939950631431,1.8501942258389683,0.9763313609467457,0.14502352335090482
Subject580_2019_0107_171728_segment02_02,Subject580,2,0.9839312609292586,2.4208174493511057,1.2156295224312592,0.289579298655446
Subject580_2019_0107_171728_segment03_03,Subject580,3,0.8880662101298248,4.73327724611121,1.8688524590163937,2.795455286273906
Subject580_2019_0107_171728_segment04_04,Subject580,4,-0.9873529870029123,2.2401054304654813,1.8525896414342629,0.31069287387331845
Subject580_2019_0107_171728_segment05_05,Subject580,5,-0.17315393978358426,5.9600821944998845,0.8333333333333333,0.5233510127521581
Subject580_2019_0107_171728_segment06_06,Subject580,6,0.9097271461133034,1.5608588191097275,0.9433962264150944,0.19419996406846216
Subject580_2019_0107_171728_segment07_07,Subject580,7,-0.9755090050381955,2.0664188027300017,1.4218009478672986,0.5468676531419993
Subject580_2019_0107_171728_segment08_08,Subject580,8,-0.9481959893039028,1.0676239964103371,1.7481203007518795,0.32537028148633723
Subject580_2019_0107_171728_segment09_09,Subject580,9,0.14338725413032602,9.340566882489668,1.0084033613445378,0.6404242272879083
Subject580_2019_0107_171728_segment10_10,Subject580,10,-0.9865567239203092,2.741029775128363,1.2472647702407005,0.33286581310157365
Subject580_2019_0107_171728_segment11_11,Subject580,11,0.9511922132449477,1.6173032169484765,1.7032967032967032,0.2697192258406112
Subject580_2019_0107_171728_segment12_12,Subject580,12,0.9101886244335394,3.63702976282746,0.3374578177727784,1.5118815640575989
Subject580_2019_0107_171728_segment13_13,Subject580,13,0.29652603755575163,15.63110611791224,1.3015184381778742,1.2630025061375634
Subject580_2019_0107_171728_segment14_14,Subject580,14,0.5923112526994461,2.3447929526527234,0.5059021922428331,0.5232203962884947
Subject602_2018_1203_180904_segment00_00,Subject602,0,-0.6301068766620692,12.673674665600435,1.0273972602739727,0.4242729305029412
Subject602_2018_1203_180904_segment01_01,Subject602,1,0.8242610053506186,0.4968098612716775,2.188235294117647,0.08519854735216147
Subject602_2018_1203_180904_segment02_02,Subject602,2,-0.40152169293807205,8.386673257218677,0.9022556390977443,0.3077262346810199
Subject602_2018_1203_180904_segment03_03,Subject602,3,0.9662017823684991,5.620337929415649,2.1052631578947367,3.324925302504903
Subject602_2018_1203_180904_segment04_04,Subject602,4,-0.8429110928645691,1.8474528038440772,0.45180722891566266,0.14125109330533528
Subject602_2018_1203_180904_segment05_05,Subject602,5,-0.3672573944334743,4.015280343697518,0.8097165991902834,0.46587255165273656
Subject602_2018_1203_180904_segment06_06,Subject602,6,0.9978376904030156,1.126565301329351,0.340522133938706,0.1578022884749678
Subject602_2018_1203_180904_segment07_07,Subject602,7,-0.9093522918494535,1.3932977404238227,0.42134831460674155,0.4499995915855567
Subject602_2018_1203_180904_segment08_08,Subject602,8,-0.989418141353904,3.4826036488312617,0.3807106598984772,0.15620181096063937
Subject602_2018_1203_180904_segment09_09,Subject602,9,-0.1589771467312178,6.627642624453736,0.9049773755656109,0.6157809747641525
Subject602_2018_1203_180904_segment10_10,Subject602,10,-0.9163645188713181,1.971477755334495,0.3476245654692932,0.20565079655651639
Subject602_2018_1203_180904_segment11_12,Subject602,12,0.9878496952693624,0.9838930864090166,0.5813953488372093,0.334216902036894
Subject602_2018_1203_180904_segment12_13,Subject602,13,-0.49233905900029545,5.303334282698599,1.5306122448979593,0.5034060956778919
Subject602_2018_1203_180904_segment13_14,Subject602,14,0.7443662981255458,4.252243127866839,0.5555555555555556,0.49292745203461136
Subject602_2018_1203_182423_segment00_00,Subject602,0,-0.5072310207722062,3.185898521142212,0.9693053311793215,0.46306340995452056
Subject602_2018_1203_182423_segment01_01,Subject602,1,0.8353750088662331,0.5977999110987899,0.665024630541872,0.10152408183029143
Subject602_2018_1203_182423_segment02_02,Subject602,2,-0.315212336773176,13.078708385552554,2.533333333333333,0.3456236478452877
Subject602_2018_1203_182423_segment04_03,Subject602,3,0.972567552455527,3.670538118297853,1.8881118881118881,3.4543721686212643
Subject602_2018_1203_182423_segment05_04,Subject602,4,-0.8595442827054808,1.1942272548579917,0.4366812227074236,0.1449722360716124
Subject602_2018_1203_182423_segment06_05,Subject602,5,-0.41813675990512694,4.500475225608454,0.7434944237918216,0.36377824701555456
Subject602_2018_1203_182423_segment07_06,Subject602,6,0.9974772101792405,1.2927062555880207,0.3363228699551569,0.15438056069465728
Subject602_2018_1203_182423_segment08_07,Subject602,7,-0.9195225851271557,2.3655310141273933,0.3931847968545216,0.43936316543920423
Subject602_2018_1203_182423_segment10_08,Subject602,8,-0.9961920644997604,0.8211545811719009,1.0970996216897855,0.16996349238538203
Subject602_2018_1203_182423_segment12_09,Subject602,9,-0.027620922963064457,9.025401719050912,0.9707241910631741,0.611075541641379
Subject602_2018_1203_182423_segment13_10,Subject602,10,-0.9206885769667169,1.690975813881149,0.33112582781456956,0.19248299553804038
Subject602_2018_1203_182423_segment14_11,Subject602,11,0.993533776043073,0.9374598794522971,0.5415162454873647,0.33754447190308434
Subject602_2018_1203_182423_segment15_12,Subject602,12,0.942156599940602,4.629630140304661,0.3067484662576687,1.3998117954000964
Subject602_2018_1203_182423_segment16_13,Subject602,13,-0.4729515362498405,5.928847208040485,1.4253393665158374,0.45577400388035094
Subject602_2018_1203_182423_segment17_14,Subject602,14,0.7723648540310627,3.485701086992005,0.4777070063694267,0.4457052674082706
Subject602_2018_1203_182423_segment18_12,Subject602,12,0.946920054995993,3.715030596004626,0.31712473572938693,1.5013372585158733
Subject602_2019_0121_180158_segment00_00,Subject602,0,-0.6112642136890907,1.5366530256031996,1.5546218487394956,0.3272291073421655
Subject602_2019_0121_180158_segment01_01,Subject602,1,0.8910725507785866,1.102315267201355,0.896551724137931,0.08751464096265602
Subject602_2019_0121_180158_segment02_02,Subject602,2,-0.40002774496121574,4.802456002136122,0.4332129963898917,0.2872920918868755
Subject602_2019_0121_180158_segment03_03,Subject602,3,0.9766384674107602,5.700276480486076,2.1489971346704873,3.511502505626842
Subject602_2019_0121_180158_segment04_04,Subject602,4,-0.8998667868046909,1.4281058269313351,0.8064516129032258,0.1161365664671326
Subject602_2019_0121_180158_segment05_05,Subject602,5,-0.34248940338399914,5.37132716107974,0.7549234135667398,0.4494381125448812
Subject602_2019_0121_180158_segment06_06,Subject602,6,0.9929337427260394,1.7094480410772381,0.30386740331491713,0.15908404614077074
Subject602_2019_0121_180158_segment07_07,Subject602,7,-0.9265604567754077,0.9895615562227548,0.3474903474903475,0.30681327942371506
Subject602_2019_0121_180158_segment08_08,Subject602,8,-0.9966383018529261,2.189669427217917,0.3677221654749745,0.16404747062259897
Subject602_2019_0121_180158_segment09_09,Subject602,9,-0.16635999638542073,9.943007198047562,0.36511156186612576,0.509377053956769
Subject602_2019_0121_180158_segment10_10,Subject602,10,-0.9108377647904605,1.485899379920168,0.319672131147541,0.14737302330398144
Subject602_2019_0121_180158_segment11_11,Subject602,11,0.9884253067880574,1.8759716994297342,0.5,0.2904994921785237
Subject602_2019_0121_180158_segment12_14,Subject602,14,0.634143826305658,4.885688071074168,0.4067796610169492,0.42880946901469297
Subject602_2019_0121_180158_segment13_13,Subject602,13,-0.729635707332359,4.993272006304248,1.2584573748308525,0.41937339305862414
Subject602_2019_0121_180158_segment14_12,Subject602,12,0.9418361228945222,3.139845076642876,0.35328753680078506,1.5469403402483126
Subject602_2019_0121_182805_segment00_00,Subject602,0,-0.6312357124939852,2.837720981847002,0.40376850605652764,0.24543479070737984
Subject602_2019_0121_182805_segment01_01,Subject602,1,0.9050647461713225,1.2631435688650325,0.7942973523421588,0.08967625124388039
Subject602_2019_0121_182805_segment02_02,Subject602,2,-0.6065571379132148,17.068692804783282,0.7802340702210664,0.2700288130806453
Subject602_2019_0121_182805_segment03_03,Subject602,3,0.955090630267997,5.205057879493141,1.0297482837528604,3.4801818452771514
Subject602_2019_0121_182805_segment04_04,Subject602,4,-0.9025641348149532,1.3736772513393252,0.30927835051546393,0.0921114879282641
Subject602_2019_0121_182805_segment05_05,Subject602,5,-0.314485141201844,5.484485541619056,0.32490974729241884,0.371850260620956
Subject602_2019_0121_182805_segment06_06,Subject602,6,0.9841719816619032,2.1999408762469908,0.2850356294536817,0.13834112086373485
Subject602_2019_0121_182805_segment07_07,Subject602,7,-0.951674287607111,1.3815685399102053,0.33866415804327377,0.3898562456675006
Subject602_2019_0121_182805_segment08_08,Subject602,8,-0.9889915100188691,1.6881933542807608,1.0512129380053907,0.1459329567371027
Subject602_2019_0121_182805_segment09_09,Subject602,9,-0.1034860844718478,10.932801009038808,0.3519061583577712,0.5169884597716204
Subject602_2019_0121_182805_segment10_11,Subject602,11,-0.936939777285355,1.6839331192358167,0.27376425855513303,0.16142311047416935
Subject602_2019_0121_182805_segment11_12,Subject602,12,0.9613600798923894,4.621683734803489,0.340522133938706,1.5080622138344357
Subject602_2019_0121_182805_segment12_13,Subject602,13,-0.7477431524011572,5.518294123938524,1.0440835266821344,0.42549394843140187
Subject602_2019_0121_182805_segment13_14,Subject602,14,0.6267332397590237,7.390063677509814,0.384204909284952,0.40743789303264827
Subject602_2019_0122_180715_segment00_00,Subject602,0,-0.678480244737988,2.857746805711673,1.5877437325905293,0.31702188538245146
Subject602_2019_0122_180715_segment01_01,Subject602,1,0.8296893441348652,0.5775590818018823,0.802675585284281,0.08209866843028629
Subject602_2019_0122_180715_segment02_02,Subject602,2,-0.6815163519588611,9.946542796634759,0.3825136612021858,0.2637425668940382
Subject602_2019_0122_180715_segment03_03,Subject602,3,0.9751332285882202,4.664992919652596,2.0712694877505564,3.2055212034045555
Subject602_2019_0122_180715_segment04_04,Subject602,4,-0.9223562597913598,1.4634921517021893,0.3014065639651708,0.08439868266469981
Subject602_2019_0122_180715_segment05_05,Subject602,5,-0.39330685827589057,5.777242492060546,0.32444124008651765,0.3354130344266538
Subject602_2019_0122_180715_segment06_14,Subject602,14,0.5581295533423721,5.335227653073983,0.38310412573673874,0.41189887992093177
Subject602_2019_0122_180715_segment07_13,Subject602,13,-0.7297121519034218,3.888569415469024,0.495049504950495,0.46767210873190207
Subject602_2019_0122_180715_segment08_06,Subject602,6,0.9925141803247763,2.0440258124636568,0.2577319587628866,0.1060212998895311
Subject602_2019_0122_180715_segment09_07,Subject602,7,-0.9272471765785136,2.6230083594190585,0.31490552834149754,0.35212220603902805
Subject602_2019_0122_180715_segment10_08,Subject602,8,-0.9965916058783925,1.295795479649881,0.29335071707953064,0.11394651200929566
Subject602_2019_0122_180715_segment11_09,Subject602,9,-0.21324406267962656,11.586759817228755,0.30716723549488056,0.4447686784637454
Subject602_2019_0122_180715_segment12_10,Subject602,10,-0.9188357010947292,2.6198187476690333,0.30523255813953487,0.1651064312809687
Subject602_2019_0122_180715_segment13_11,Subject602,11,0.9908661003770156,1.7346792188333666,0.3537735849056604,0.20889523725436793
Subject602_2019_0122_180715_segment14_12,Subject602,12,0.9012075370820096,5.461578722044254,0.33222591362126247,1.3381756892655847
Subject602_2019_0122_182533_segment00_00,Subject602,0,-0.6502627366414353,3.0571078384225907,0.3361344537815126,0.19603401692554354
Subject602_2019_0122_182533_segment01_01,Subject602,1,0.83665453877172,0.9717444447557161,0.823327615780446,0.0925851105556373
Subject602_2019_0122_182533_segment02_02,Subject602,2,-0.7171342573604035,10.33616964881414,0.38527397260273977,0.25496803717110894
Subject602_2019_0122_182533_segment03_03,Subject602,3,0.9636709693178745,5.808934935014244,2.0993227990970658,3.0979778756446574
Subject602_2019_0122_182533_segment04_04,Subject602,4,-0.932247514540294,1.546650608496277,0.2676977989292088,0.0789031405363564
Subject602_2019_0122_182533_segment05_05,Subject602,5,-0.41788749742987424,6.82571250029381,0.28284098051539913,0.30269165984874696
Subject602_2019_0122_182533_segment06_06,Subject602,6,0.9952717953136805,2.344318543406713,0.24834437086092717,0.11296508215591501
Subject602_2019_0122_182533_segment07_07,Subject602,7,-0.941765558255515,3.1576522932054067,0.30456852791878175,0.33502530279406223
Subject602_2019_0122_182533_segment08_08,Subject602,8,-0.9935559559296321,0.9144501161650044,0.2945990180032733,0.12708209159184022
Subject602_2019_0122_182533_segment09_09,Subject602,9,-0.18382330225212223,14.863881361426772,0.2898550724637681,0.4402759320853318
Subject602_2019_0122_182533_segment10_10,Subject602,10,-0.9321750191967879,2.0660997190744266,0.25,0.15957100308194827
Subject602_2019_0122_182533_segment11_11,Subject602,11,0.992983696515003,1.2611797522609383,0.3728251864125932,0.23657590815215718
Subject602_2019_0122_182533_segment12_12,Subject602,12,0.9144143308572111,3.284648421236423,0.32188841201716734,1.3913951908131914
Subject602_2019_0122_182533_segment13_13,Subject602,13,-0.6793737281903448,4.099831222680925,0.79155672823219,0.36651282239117505
Subject602_2019_0122_182533_segment14_14,Subject602,14,0.6357972165763576,5.760651937030619,0.38235294117647056,0.3909578033306864
Subject611_2019_0103_170655_segment00_00,Subject611,0,-0.1009942631255774,8.170856922515688,0.20527859237536655,0.1468255703579005
Subject611_2019_0103_170655_segment01_01,Subject611,1,0.9404721068811318,1.9294468511463099,1.3125,0.18429747002185956
Subject611_2019_0103_170655_segment02_02,Subject611,2,0.9759801123657927,1.7239158936771863,1.3516483516483517,0.2004439782144095
Subject611_2019_0103_170655_segment03_03,Subject611,3,0.9838907309290568,3.2145865098133912,1.974921630094044,2.8395937181920634
Subject611_2019_0103_170655_segment04_05,Subject611,5,-0.20213379441585527,7.356616084864488,0.5565862708719852,0.23380835458869798
Subject611_2019_0103_170655_segment05_06,Subject611,6,0.9606751326591801,2.16775407349789,0.30241935483870974,0.09832087952723509
Subject611_2019_0103_170655_segment06_07,Subject611,7,-0.8859008166758541,24.890743080775675,0.5462822458270107,0.48707034119605275
Subject611_2019_0103_170655_segment07_08,Subject611,8,-0.9430659892685049,1.1385145568964632,1.2,0.13939493110246368
Subject611_2019_0103_170655_segment08_09,Subject611,9,-0.1576815683006578,10.938014217556287,0.8708272859216257,0.6387047673405799
Subject611_2019_0103_170655_segment09_10,Subject611,10,-0.9791108456872671,1.0353241553162418,1.195219123505976,0.31266961161236606
Subject611_2019_0103_170655_segment10_11,Subject611,11,0.941118131169189,2.346257921129059,1.1049723756906076,0.27387550818313766
Subject611_2019_0103_170655_segment11_12,Subject611,12,0.9423758372423983,3.411295540621064,0.38216560509554137,1.2972335230381058
Subject611_2019_0103_170655_segment12_13,Subject611,13,-0.8941858222999861,8.2700592809578,1.716867469879518,0.7285432005671639
Subject611_2019_0103_170655_segment13_14,Subject611,14,0.8640057349114924,4.131143286294259,1.1741682974559688,0.5926741418922629
Subject611_2019_0103_170655_segment14_04,Subject611,4,-0.9839000620857087,1.2599475146217203,1.1741682974559688,0.21449308645481108
Subject611_2019_0103_172639_segment00_00,Subject611,0,-0.15963533473994063,3.673004809470923,0.8850931677018634,0.23565290541582398
Subject611_2019_0103_172639_segment01_01,Subject611,1,0.937689801266757,1.9711315671609715,0.6622516556291391,0.19679154736592608
Subject611_2019_0103_172639_segment02_02,Subject611,2,0.9834472202965377,1.0063044362263316,2.780678851174935,0.2383486463347933
Subject611_2019_0103_172639_segment03_03,Subject611,3,0.9906079733532261,3.1973558885572038,1.875,3.02702259706078
Subject611_2019_0103_172639_segment04_05,Subject611,5,-0.18807208001572107,4.03821192438225,0.7957559681697612,0.37707789967661576
Subject611_2019_0103_172639_segment05_06,Subject611,6,0.9833747428832161,2.5773231924388025,0.8321775312066575,0.20282785961213656
Subject611_2019_0103_172639_segment06_07,Subject611,7,-0.9712510318463362,3.1655401602120574,0.5555555555555556,0.6754733073619165
Subject611_2019_0103_172639_segment08_08,Subject611,8,-0.9008787565525703,1.6410593471607329,0.846262341325811,0.1866896859202799
Subject611_2019_0103_172639_segment09_09,Subject611,9,0.09077893158250507,9.445264929895217,1.0434782608695652,0.7368332435310859
Subject611_2019_0103_172639_segment10_10,Subject611,10,-0.9517552041147731,1.9390736425953947,1.4184397163120568,0.4480174028035366
Subject611_2019_0103_172639_segment11_11,Subject611,11,0.9502883564345367,2.1296232167041187,1.263157894736842,0.3220533080915784
Subject611_2019_0103_172639_segment12_04,Subject611,4,-0.9582939064715832,1.9623539331784166,1.2830957230142566,0.27440689490374587
Subject611_2019_0103_172639_segment13_12,Subject611,12,0.9266433898148276,2.3906510032304316,0.4026845637583893,1.4055179752219267
Subject611_2019_0103_172639_segment14_13,Subject611,13,-0.8690419142284628,6.905596051592338,1.7191977077363898,0.6412098372329483
Subject611_2019_0103_172639_segment15_14,Subject611,14,0.9028942273662875,3.812936406324067,0.5714285714285714,0.5973673023911058
Subject611_2019_0107_123349_segment00_00,Subject611,0,-0.07046218991837233,6.797857821092009,0.26666666666666666,0.2217602800098154
Subject611_2019_0107_123349_segment01_01,Subject611,1,0.9650210989944111,2.443662254564543,0.7621247113163971,0.19255336547823793
Subject611_2019_0107_123349_segment02_02,Subject611,2,0.9131940784537554,3.6017334660859204,0.3050847457627119,0.23070664412470163
Subject611_2019_0107_123349_segment03_03,Subject611,3,0.993300542395641,3.762120007288258,2.0521172638436482,2.9227025997390137
Subject611_2019_0107_123349_segment04_04,Subject611,4,-0.9951231785005356,2.8931473078441052,1.476190476190476,0.1855291983723565
Subject611_2019_0107_123349_segment05_05,Subject611,5,-0.21033183166523328,5.68521063985315,0.7936507936507936,0.44816608769893745
Subject611_2019_0107_123349_segment06_06,Subject611,6,0.9516315400764871,1.8720007170834245,0.7299270072992702,0.15169513019509795
Subject611_2019_0107_123349_segment07_07,Subject611,7,-0.9635823422285172,3.82647961140539,0.5490848585690516,0.5426608661705256
Subject611_2019_0107_123349_segment08_08,Subject611,8,-0.9218947473419554,2.029945749641119,1.1907810499359797,0.14932212398455103
Subject611_2019_0107_123349_segment09_09,Subject611,9,-0.06953040534798695,10.547392462283122,0.9707241910631741,0.6457506502009396
Subject611_2019_0107_123349_segment10_10,Subject611,10,-0.9741024451627143,1.7116102863044476,1.1450381679389314,0.29554298459653877
Subject611_2019_0107_123349_segment11_11,Subject611,11,0.9689561121501324,1.3224533717270524,1.1428571428571428,0.23431371480482907
Subject611_2019_0107_123349_segment12_12,Subject611,12,0.9601298094803481,2.9513048508683144,0.40376850605652764,1.3021885363724326
Subject611_2019_0107_123349_segment13_13,Subject611,13,-0.8606156647006618,3.0590610984868905,1.6438356164383563,0.539270841045122
Subject611_2019_0107_123349_segment14_14,Subject611,14,0.9190814261420491,3.015913759858858,0.5208333333333334,0.5005161483899762
Subject611_2019_0107_124639_segment00_00,Subject611,0,-0.06482196237218564,9.581338506435362,0.9482758620689655,0.2415557035375033
Subject611_2019_0107_124639_segment01_01,Subject611,1,0.9511142432383204,1.936492823113132,0.6507592190889371,0.19733692548227516
Subject611_2019_0107_124639_segment02_02,Subject611,2,0.8936207690269193,5.165296279375527,1.6454081632653061,0.24206093399035614
Subject611_2019_0107_124639_segment03_03,Subject611,3,0.9886726623658304,3.5051404544964737,2.061855670103093,2.8645990956578555
Subject611_2019_0107_124639_segment04_04,Subject611,4,-0.97598647068471,3.6342544510900705,1.1753731343283582,0.21393185066835793
Subject611_2019_0107_124639_segment05_05,Subject611,5,-0.22856553162886414,3.977658241699067,0.8645533141210375,0.4191402861478731
Subject611_2019_0107_124639_segment06_06,Subject611,6,0.9493760654156631,1.3048812445018538,0.7633587786259542,0.13908329650837098
Subject611_2019_0107_124639_segment07_07,Subject611,7,-0.9797852920948616,1.9308290099557581,0.642023346303502,0.598863840157398
Subject611_2019_0107_124639_segment08_08,Subject611,8,-0.935275097551959,1.029354505179418,1.3782542113323124,0.2340040678186329
Subject611_2019_0107_124639_segment09_09,Subject611,9,-0.01710680430949109,11.330343653394157,0.9984152139461173,0.6262088672892254
Subject611_2019_0107_124639_segment10_10,Subject611,10,-0.9716859849790476,1.8459535207580795,1.1580882352941175,0.2732386323068145
Subject611_2019_0107_124639_segment11_11,Subject611,11,0.9734183148876565,1.326780696873714,1.1320754716981132,0.20990217476169232
Subject611_2019_0107_124639_segment12_12,Subject611,12,0.9614754135779559,3.301527412593859,0.3911342894393742,1.3104707685857857
Subject611_2019_0107_124639_segment13_13,Subject611,13,-0.8568872716178095,2.824465248207782,1.7142857142857144,0.6012944918160523
Subject611_2019_0107_124639_segment14_14,Subject611,14,0.9278663246172397,3.718146221141715,0.5181347150259067,0.5159900404839741
Subject611_2019_0108_125349_segment00_00,Subject611,0,-0.15024291335223702,2.275237447493756,0.8391608391608392,0.18740920221975746
Subject611_2019_0108_125349_segment01_01,Subject611,1,0.9067513997958476,2.2311523940041513,1.2684989429175477,0.19944151563781365
Subject611_2019_0108_125349_segment02_02,Subject611,2,0.8479335536289139,4.94999986217839,1.5463917525773196,0.26127277611560523
Subject611_2019_0108_125349_segment03_03,Subject611,3,0.9827370094018787,8.705802300669962,2.013422818791946,3.085580308671675
Subject611_2019_0108_125349_segment04_04,Subject611,4,-0.9681087231390572,0.9927548122235428,1.3303769401330376,0.2679431809868034
Subject611_2019_0108_125349_segment05_05,Subject611,5,-0.21495944296581754,4.192155290269835,0.8670520231213873,0.46139178158407645
Subject611_2019_0108_125349_segment06_06,Subject611,6,0.9572834420042761,1.1509870917274376,0.8189655172413793,0.17802082534888894
Subject611_2019_0108_125349_segment07_07,Subject611,7,-0.9796324639128308,4.1754120327025195,0.6109979633401221,0.7031880783610926
Subject611_2019_0108_125349_segment08_08,Subject611,8,-0.966454912864174,1.3918508529181226,1.6216216216216217,0.2059104205789346
Subject611_2019_0108_125349_segment09_09,Subject611,9,0.202123557929638,8.453366121349342,1.129032258064516,0.6763720996489947
Subject611_2019_0108_125349_segment10_10,Subject611,10,-0.9813542144980087,0.7600033954662913,1.4388489208633093,0.4407377711869068
Subject611_2019_0108_125349_segment11_11,Subject611,11,0.9802566961747747,1.4012949421067975,1.2426035502958581,0.26546740275946934
Subject611_2019_0108_125349_segment12_12,Subject611,12,0.9458262325804808,6.081258813084261,0.40760869565217395,1.310224395718462
Subject611_2019_0108_125349_segment13_13,Subject611,13,-0.8841194235424334,9.956765313454783,1.847507331378299,0.7150001453458847
Subject611_2019_0108_125349_segment14_14,Subject611,14,0.9418689058471493,2.8279621938955253,0.5565862708719852,0.48081331269850236
Subject611_2019_0108_130405_segment00_00,Subject611,0,-0.11672530354650874,3.661905362497952,1.1954459203036054,0.34923436685272036
Subject611_2019_0108_130405_segment01_01,Subject611,1,0.917934436649738,2.39033698403541,1.3179916317991631,0.19099147652965945
Subject611_2019_0108_130405_segment02_02,Subject611,2,0.8371254732011133,2.980702617134233,1.6400000000000001,0.2587325609033919
Subject611_2019_0108_130405_segment03_03,Subject611,3,0.9838241588663176,5.420752358580011,1.9723183391003463,3.1797345598001496
Subject611_2019_0108_130405_segment04_04,Subject611,4,-0.9699809049583928,1.10154185992948,1.3513513513513513,0.2843111144807067
Subject611_2019_0108_130405_segment05_05,Subject611,5,-0.22258890594897862,4.161847469710711,0.9036144578313253,0.4717957638487219
Subject611_2019_0108_130405_segment06_06,Subject611,6,0.9510818366959711,2.1175226994810528,0.9311740890688259,0.17488572896034676
Subject611_2019_0108_130405_segment07_07,Subject611,7,-0.9604282999444423,6.4571356792075525,1.4615384615384617,0.9511521774271257
Subject611_2019_0108_130405_segment08_08,Subject611,8,-0.9495486021794299,1.2202335735151002,1.0465116279069768,0.2946762594706587
Subject611_2019_0108_130405_segment09_09,Subject611,9,0.3699311617892235,6.84581067839707,1.3319238900634252,0.7019325536468687
Subject611_2019_0108_130405_segment10_10,Subject611,10,-0.977411088088224,0.9627735790019155,1.5000000000000002,0.5397671512119416
Subject611_2019_0108_130405_segment11_11,Subject611,11,0.9904602421496395,1.2772921999542726,1.4125560538116593,0.29906204639157025
Subject611_2019_0108_130405_segment12_12,Subject611,12,0.9486679255636881,6.535805462871066,0.42979942693409745,1.5061412396684766
Subject611_2019_0108_130405_segment13_13,Subject611,13,-0.8186688433801055,11.041189490745829,1.9266055045871557,0.7757964100633684
Subject611_2019_0108_130405_segment14_14,Subject611,14,0.9563789086947292,3.283781697815205,0.5714285714285714,0.5055644882513741
Subject711_2019_0130_101200_segment00_00,Subject711,0,0.9470325810605335,4.330351469832573,0.486815415821501,0.5203505351748141
Subject711_2019_0130_101200_segment01_01,Subject711,1,0.8484933306697732,1.893449190111876,1.032258064516129,0.15279149772374961
Subject711_2019_0130_101200_segment02_02,Subject711,2,0.5836622927360703,3.246208059816292,0.5411499436302142,0.2778189816819648
Subject711_2019_0130_101200_segment03_03,Subject711,3,0.8497897990748136,5.454067773241678,1.9354838709677418,2.7964807286688234
Subject711_2019_0130_101200_segment04_04,Subject711,4,-0.5575564757728522,1.6539998135371368,0.7264957264957265,0.14734671377917483
Subject711_2019_0130_101200_segment05_05,Subject711,5,-0.1463580042304407,7.112910520467789,0.5073995771670191,0.15274986780349717
Subject711_2019_0130_101200_segment06_06,Subject711,6,0.989676552966236,0.746593482195228,1.0664605873261206,0.12499491933370098
Subject711_2019_0130_101200_segment07_10,Subject711,10,-0.9022651207345628,3.6396857280212314,0.3767660910518053,0.19734451752298493
Subject711_2019_0130_101200_segment08_08,Subject711,8,-0.9156375108204728,2.191097981575577,0.7523510971786834,0.17864038093219758
Subject711_2019_0130_101200_segment09_09,Subject711,9,-0.25498459152980646,10.958539214707598,0.7623318385650224,0.5679654753518552
Subject711_2019_0130_101200_segment10_07,Subject711,7,-0.9530515460717909,7.289042925509596,0.47368421052631576,0.5030164170471892
Subject711_2019_0130_101200_segment11_11,Subject711,11,0.9781580034246043,5.652805303721432,0.45762711864406774,0.17785270282577334
Subject711_2019_0130_101200_segment13_12,Subject711,12,0.9573125681816601,3.922496485452191,0.2643171806167401,0.6918726866888036
Subject711_2019_0130_101200_segment14_13,Subject711,13,-0.4072866659802002,8.123214564654258,0.9266409266409267,0.8960547329996171
Subject711_2019_0130_101200_segment15_14,Subject711,14,0.8708049392011638,6.848497614593811,0.7103064066852368,0.35991642957224473
Subject711_2019_0130_104229_segment00_00,Subject711,0,0.8229590069026019,5.518027236098696,0.42933810375670844,0.5540699233450961
Subject711_2019_0130_104229_segment01_01,Subject711,1,0.8246253188645538,1.226180396325653,0.8290155440414507,0.10792717105244586
Subject711_2019_0130_104229_segment02_02,Subject711,2,0.34523669150055225,6.675900011065604,0.5660377358490567,0.31349697433573775
Subject711_2019_0130_104229_segment03_03,Subject711,3,0.9221868033585654,4.015684944519355,1.8703241895261846,2.817988897631325
Subject711_2019_0130_104229_segment04_04,Subject711,4,-0.7907562535376267,1.4658289804595954,0.6512301013024603,0.1661502871344807
Subject711_2019_0130_104229_segment05_05,Subject711,5,-0.11582540209908139,5.714168392831794,0.5536332179930796,0.17287242492412602
Subject711_2019_0130_104229_segment06_06,Subject711,6,0.99598619916162,0.6354108296509166,0.3178807947019867,0.11491243255316376
Subject711_2019_0130_104229_segment07_10,Subject711,10,-0.8159038391500552,1.7469634176809612,0.35982008995502246,0.18808390325971133
Subject711_2019_0130_104229_segment08_08,Subject711,8,-0.8848122621515422,2.1427431970405126,0.7453416149068324,0.1826841477610052
Subject711_2019_0130_104229_segment09_09,Subject711,9,0.15222275972942895,12.051710662915305,0.7100591715976332,0.6064967597273369
Subject711_2019_0130_104229_segment10_07,Subject711,7,-0.8557672658182321,16.348461595461533,0.4928131416837782,0.500017875793664
Subject711_2019_0130_104229_segment11_11,Subject711,11,0.9888455564976183,2.9982070121735416,0.3883495145631068,0.1890437844707481
Subject711_2019_0130_104229_segment12_12,Subject711,12,0.9578317321976502,10.356470471146839,0.2857142857142857,0.7466097620137458
Subject711_2019_0130_104229_segment13_13,Subject711,13,-0.2915300810902158,6.9716413569758595,0.4780876494023904,0.9987902029543736
Subject711_2019_0130_104229_segment14_14,Subject711,14,0.9020555041314537,4.431587580739522,0.42477876106194695,0.48826566246816805
Subject729_2019_0108_201436_segment00_00,Subject729,0,-0.14252069470821277,3.094420895845007,0.4366812227074236,0.2467947026507812
Subject729_2019_0108_201436_segment01_01,Subject729,1,0.7024047650021943,1.8372931933294006,0.7416563658838072,0.125417934798455
Subject729_2019_0108_201436_segment02_02,Subject729,2,0.49190108886617545,3.0416606362711263,0.7566204287515763,0.2593626236337302
Subject729_2019_0108_201436_segment03_03,Subject729,3,0.9486320077143144,4.547775959217704,2.0,3.146876079068936
Subject729_2019_0108_201436_segment04_05,Subject729,5,-0.0847585833569618,7.429376216486563,0.7599517490952956,0.530644899218358
Subject729_2019_0108_201436_segment05_12,Subject729,12,0.9319969635552383,3.7218091154335506,0.2557544757033248,0.45436073153803647
Subject729_2019_0108_201436_segment06_13,Subject729,13,-0.38756806239325947,15.063679321637878,0.5,1.1551505109969407
Subject729_2019_0108_201436_segment07_14,Subject729,14,0.6936705509924646,4.399272499522641,0.7444168734491314,0.3814105131101388
Subject729_2019_0108_201436_segment08_04,Subject729,4,-0.9893832356617391,2.676754670047645,1.2318840579710146,0.18263829901290585
Subject729_2019_0108_201436_segment09_06,Subject729,6,0.9938604812557664,0.9598819584000043,0.30487804878048785,0.0671499243849455
Subject729_2019_0108_201436_segment10_07,Subject729,7,-0.9236822050763576,4.464014182387935,0.3264417845484222,0.441057241554262
Subject729_2019_0108_201436_segment11_08,Subject729,8,-0.8337939165744848,1.9340072673602833,0.37641154328732745,0.19922611170758217
Subject729_2019_0108_201436_segment12_09,Subject729,9,-0.23445795531260302,13.857216979142276,0.6976744186046512,0.5822955941752206
Subject729_2019_0108_201436_segment13_10,Subject729,10,-0.9079298195746943,3.9753449406401087,0.7653061224489797,0.254096277095093
Subject729_2019_0108_201436_segment14_11,Subject729,11,0.7295745936475135,4.847561171749217,0.4098360655737705,0.1876881408330475
Subject729_2019_0108_203734_segment00_00,Subject729,0,-0.13917762998242914,1.396539414897851,0.4225352112676056,0.21850339552621284
Subject729_2019_0108_203734_segment01_02,Subject729,2,0.49573207774016753,1.584458984906841,0.39893617021276595,0.2843431306063384
Subject729_2019_0108_203734_segment02_03,Subject729,3,0.9786658787613177,3.8802113610533424,1.9266055045871557,2.8285171133783162
Subject729_2019_0108_203734_segment03_04,Subject729,4,-0.9072004312271009,1.7565332621967533,0.8762169680111266,0.2065294537841119
Subject729_2019_0108_203734_segment04_05,Subject729,5,-0.16912584058636085,7.12226839534797,0.9016393442622952,0.6010929775903175
Subject729_2019_0108_203734_segment05_06,Subject729,6,0.9970199043788067,1.7663234550316578,0.3314917127071823,0.09066570418666105
Subject729_2019_0108_203734_segment06_07,Subject729,7,-0.8580074795991608,4.572258684589451,0.32502708559046584,0.5261359505775398
Subject729_2019_0108_203734_segment07_08,Subject729,8,-0.648763432240531,1.8933419518474697,0.3643724696356275,0.2433305664006794
Subject729_2019_0108_203734_segment08_01,Subject729,1,0.9011161451943552,1.584050445988114,0.849478390461997,0.20172471011243248
Subject729_2019_0108_203734_segment09_09,Subject729,9,-0.17062382040788407,13.403370929579125,0.8188585607940446,0.6616255844580744
Subject729_2019_0108_203734_segment10_10,Subject729,10,-0.8093854623461837,2.937924216550269,0.8418367346938775,0.28950386566420416
Subject729_2019_0108_203734_segment11_11,Subject729,11,0.9286614432683341,2.440259474850627,0.4504504504504505,0.2291876646112317
Subject729_2019_0108_203734_segment12_12,Subject729,12,0.9761130243082581,2.034940746613151,0.5714285714285714,0.49899978186449767
Subject729_2019_0108_203734_segment13_13,Subject729,13,-0.4826249455370528,7.601023856451314,0.4807692307692307,1.0559662618287848
Subject729_2019_0108_203734_segment14_14,Subject729,14,0.8392718568821029,3.7501732757127515,0.4457652303120357,0.42816652509502956
Subject729_2019_0115_200908_segment00_00,Subject729,0,-0.038952433201695294,2.0192797351868914,0.43859649122807015,0.24891722624273988
Subject729_2019_0115_200908_segment01_01,Subject729,1,0.9403325236873341,2.08438332325137,0.7281553398058254,0.12824924591414216
Subject729_2019_0115_200908_segment02_02,Subject729,2,0.7110204344941857,1.789920918056886,0.39421813403416556,0.2680129880572878
Subject729_2019_0115_200908_segment03_03,Subject729,3,0.9788711765288277,3.9724035892370115,2.0127795527156547,3.0985444286371666
Subject729_2019_0115_200908_segment04_04,Subject729,4,-0.9542060625622867,1.8346056013027983,0.8256880733944955,0.19106820464199242
Subject729_2019_0115_200908_segment05_05,Subject729,5,0.03417106709346995,6.969008446956853,0.8150064683053041,0.5501384940822981
Subject729_2019_0115_200908_segment06_06,Subject729,6,0.9971667993483165,0.6256526255998354,0.3070624360286592,0.0639127451241621
Subject729_2019_0115_200908_segment07_07,Subject729,7,-0.8863537140171924,5.523681318610956,0.3374578177727784,0.5350093179286834
Subject729_2019_0115_200908_segment08_08,Subject729,8,-0.7270855088598199,2.354027960910716,0.34802784222737815,0.1792594822685283
Subject729_2019_0115_200908_segment09_09,Subject729,9,-0.11201616734796822,13.84634241714035,0.703125,0.5679142837377124
Subject729_2019_0115_200908_segment10_10,Subject729,10,-0.8880885772975208,2.1696701368759856,0.7614213197969544,0.2377866347766256
Subject729_2019_0115_200908_segment11_11,Subject729,11,0.829413736193263,4.190219099296021,0.4491017964071856,0.1717589636693039
Subject729_2019_0115_200908_segment12_12,Subject729,12,0.9423278395225034,2.9765972172726887,0.6109979633401221,0.538539497840157
Subject729_2019_0115_200908_segment13_13,Subject729,13,-0.375848623559175,9.19912347436646,0.4958677685950413,1.0426764065484273
Subject729_2019_0115_200908_segment14_14,Subject729,14,0.7300308529001239,3.6305024519849787,0.8368200836820084,0.3674818188111695
Subject729_2019_0115_202306_segment00_00,Subject729,0,-0.04141117525115938,2.679739181550547,0.4457652303120357,0.254139233448684
Subject729_2019_0115_202306_segment01_01,Subject729,1,0.7783500832851906,1.3431735259301953,0.7751937984496124,0.08479279434509782
Subject729_2019_0115_202306_segment02_02,Subject729,2,0.40075742416238586,1.901107060791673,0.4225352112676056,0.2852890878915522
Subject729_2019_0115_202306_segment03_03,Subject729,3,0.9634899779788719,3.807803550898288,1.9867549668874174,3.2064738047016488
Subject729_2019_0115_202306_segment04_04,Subject729,4,-0.7757824655770345,1.6204244449335437,0.8683068017366137,0.20043333087081416
Subject729_2019_0115_202306_segment05_05,Subject729,5,-0.09604664992542067,6.021821793139689,0.8219178082191781,0.6256533485118988
Subject729_2019_0115_202306_segment06_06,Subject729,6,0.9928800239535281,0.9860028005351883,0.3232758620689655,0.07212907086701201
Subject729_2019_0115_202306_segment07_07,Subject729,7,-0.8362873016079908,2.829315234192509,0.36809815950920244,0.5173639639569868
Subject729_2019_0115_202306_segment08_08,Subject729,8,-0.8050551413975595,1.9313279155430982,0.3952569169960474,0.2314611739386376
Subject729_2019_0115_202306_segment09_09,Subject729,9,-0.03807612126195212,11.583759389618374,0.7389162561576356,0.6469611961168218
Subject729_2019_0115_202306_segment10_10,Subject729,10,-0.9028473124496635,2.2235513886278935,0.8298755186721991,0.24400155993729156
Subject729_2019_0115_202306_segment11_11,Subject729,11,0.921372328119456,3.326133659236495,1.696551724137931,0.21234003861889603
Subject729_2019_0115_202306_segment12_12,Subject729,12,0.9305740791863043,3.499895383298368,0.6645569620253164,0.6156644356338868
Subject729_2019_0115_202306_segment13_13,Subject729,13,-0.2625048160824366,9.56661939380302,0.5199306759098786,1.1087706826125459
Subject729_2019_0115_202306_segment14_14,Subject729,14,0.6928402890103843,3.923089946363475,0.43227665706051877,0.33265179777355236
Subject729_2019_0117_200410_segment00_00,Subject729,0,-0.050589126415225553,2.1882643136568896,1.3259668508287292,0.2689123134733074
Subject729_2019_0117_200410_segment01_01,Subject729,1,0.8735097307743788,2.470389400738753,0.7706422018348623,0.12864337023600028
Subject729_2019_0117_200410_segment02_02,Subject729,2,0.35784814207977067,2.0370460633996905,0.43217286914765907,0.29101496373201136
Subject729_2019_0117_200410_segment03_03,Subject729,3,0.9522262217538243,4.025042347953822,1.9787234042553195,2.898839049130282
Subject729_2019_0117_200410_segment04_04,Subject729,4,-0.8834632610754581,3.126787104568511,0.9018036072144289,0.2128805227806374
Subject729_2019_0117_200410_segment05_05,Subject729,5,-0.01404972213132067,5.78633975323102,0.8269525267993875,0.6132315358704491
Subject729_2019_0117_200410_segment06_06,Subject729,6,0.9874657334311179,1.3920972499345636,0.29126213592233013,0.050172275842349644
Subject729_2019_0117_200410_segment07_07,Subject729,7,-0.9176706699119461,2.725742824334601,0.3730017761989343,0.529731864642445
Subject729_2019_0117_200410_segment08_08,Subject729,8,-0.6254512074723587,1.9691614032587514,0.7053941908713692,0.22091166413825417
Subject729_2019_0117_200410_segment09_09,Subject729,9,-0.1099035895213033,11.595131540118738,0.7882534775888718,0.6181059221611936
Subject729_2019_0117_200410_segment10_10,Subject729,10,-0.8965017103614125,2.1775104648037513,0.8395522388059702,0.24635976743654933
Subject729_2019_0117_200410_segment11_11,Subject729,11,0.9528129439116957,2.597867214476939,0.4084720121028745,0.18534042220353233
Subject729_2019_0117_200410_segment12_12,Subject729,12,0.9618492850558122,2.38546656139989,0.6324110671936759,0.5819023490115468
Subject729_2019_0117_200410_segment13_13,Subject729,13,-0.41334265773056333,9.800737134742768,0.9424083769633507,1.0051656101937911
Subject729_2019_0117_200410_segment14_14,Subject729,14,0.7977434423335469,3.164941391148153,0.8530805687203791,0.3067867582406879
Subject729_2019_0117_201741_segment00_00,Subject729,0,0.06506609947678896,2.333704085147274,0.42933810375670844,0.22993845291753692
Subject729_2019_0117_201741_segment01_01,Subject729,1,0.7718600860007306,1.4735047773422367,0.7717041800643086,0.09361403955420305
Subject729_2019_0117_201741_segment02_02,Subject729,2,0.42675950631846576,2.33141854331985,1.631578947368421,0.28155908393606954
Subject729_2019_0117_201741_segment03_03,Subject729,3,0.9693817048046138,3.890371963426394,1.9617224880382775,2.9874474910053563
Subject729_2019_0117_201741_segment04_04,Subject729,4,-0.7634717452228298,2.8485802316418685,0.8878504672897197,0.22999797460967303
Subject729_2019_0117_201741_segment05_05,Subject729,5,-0.09867051053866663,5.299730304796167,0.8470588235294118,0.6019859190035258
Subject729_2019_0117_201741_segment06_06,Subject729,6,0.9709044507341347,1.454030740465922,0.33546325878594246,0.06732793168293746
Subject729_2019_0117_201741_segment07_07,Subject729,7,-0.8975772075068668,2.1952869277774356,0.40601503759398494,0.563736521258483
Subject729_2019_0117_201741_segment08_08,Subject729,8,-0.7744167315976271,3.5524903602107614,0.8074534161490682,0.22430681714946815
Subject729_2019_0117_201741_segment09_09,Subject729,9,-0.1583617753042181,12.644782466755974,0.7418856259659969,0.6556721510994891
Subject729_2019_0117_201741_segment10_10,Subject729,10,-0.8824603691510376,1.9484202340149865,0.8495575221238939,0.23335581553599974
Subject729_2019_0117_201741_segment11_11,Subject729,11,0.9585142999219827,3.0847765346377733,1.8009478672985781,0.21024168486966008
Subject729_2019_0117_201741_segment12_12,Subject729,12,0.9432075266340032,2.528072311568314,0.6575342465753425,0.5929742743361087
Subject729_2019_0117_201741_segment13_13,Subject729,13,-0.4653059593899614,9.912943413662829,0.9921259842519685,0.9671563389981933
Subject729_2019_0117_201741_segment14_14,Subject729,14,0.8209834393832856,5.187073440227981,0.8571428571428571,0.3391671125666637
Subject731_2019_0103_185044_segment00_06,Subject731,6,0.9621888380504332,2.3690997754664,1.331484049930652,0.19869171003841768
Subject731_2019_0103_185044_segment01_07,Subject731,7,-0.9723296703425421,2.601129798794911,0.43415340086830684,0.6983607695993224
Subject731_2019_0103_185044_segment02_08,Subject731,8,-0.9120557569172355,1.7943424660515654,1.495176848874598,0.30250242998102667
Subject731_2019_0103_185044_segment03_09,Subject731,9,0.10342817255526189,7.105694440670734,0.8321775312066575,0.6255881898189968
Subject731_2019_0103_185044_segment04_10,Subject731,10,-0.9684603019251359,2.2698187814055424,1.7069701280227596,0.4465275222393894
Subject731_2019_0103_185044_segment05_11,Subject731,11,0.8420124642844254,3.28177042359992,0.9022556390977443,0.3519006453490859
Subject731_2019_0103_185044_segment06_00,Subject731,0,0.7458908355194837,6.225488122788028,1.5544041450777202,0.7287525265029338
Subject731_2019_0103_185044_segment07_01,Subject731,1,0.9603794602341853,2.2289278774998413,0.5,0.1713924826792954
Subject731_2019_0103_185044_segment08_02,Subject731,2,0.8381053515062836,3.055564583034741,0.427461139896373,0.3316346616267145
Subject731_2019_0103_185044_segment09_03,Subject731,3,0.9660378644488121,1.5567831145027238,1.9266055045871557,3.080536148939663
Subject731_2019_0103_185044_segment10_04,Subject731,4,-0.9831044423398245,1.6316780629040055,1.8195266272189352,0.24951730470471317
Subject731_2019_0103_185044_segment11_05,Subject731,5,-0.05764602496653448,9.875827183246802,0.6703910614525139,0.5230337836278027
Subject731_2019_0103_185044_segment12_12,Subject731,12,0.978807669199111,2.673545748113492,0.31813361611876984,0.8732328868512774
Subject731_2019_0103_185044_segment13_13,Subject731,13,-0.8614952547497031,1.8809103081969818,0.5434782608695653,0.47120212090051755
Subject731_2019_0103_185044_segment14_14,Subject731,14,0.7311446586044876,7.277297993775021,1.1221945137157108,0.5908060051260647
Subject731_2019_0103_190937_segment00_00,Subject731,0,0.7527208798826568,5.540915848234312,0.4878048780487805,0.7389156302189398
Subject731_2019_0103_190937_segment01_01,Subject731,1,0.8833615994814235,1.2845938766829772,0.4862236628849271,0.14894213321171698
Subject731_2019_0103_190937_segment02_02,Subject731,2,0.748722038420387,4.04677787002985,0.7441253263707572,0.3174230458489074
Subject731_2019_0103_190937_segment03_03,Subject731,3,0.950745610423818,2.750499619542642,1.8639053254437872,3.1628208714933805
Subject731_2019_0103_190937_segment04_04,Subject731,4,-0.941264284095733,1.9265991203174027,0.43541364296081286,0.23388371948478853
Subject731_2019_0103_190937_segment05_05,Subject731,5,-0.042747426672356245,7.884464854942784,0.7380073800738007,0.5294675294819972
Subject731_2019_0103_190937_segment06_06,Subject731,6,0.994492739710382,2.3708591288403746,0.40106951871657753,0.23529315968740966
Subject731_2019_0103_190937_segment07_07,Subject731,7,-0.9615236624246141,2.664931413308913,0.4109589041095891,0.6205136505559254
Subject731_2019_0103_190937_segment08_08,Subject731,8,-0.9522317359223058,2.143566314446957,1.3242009132420092,0.300245407995595
Subject731_2019_0103_190937_segment09_09,Subject731,9,-0.019878485674164642,7.572638210499666,0.8658008658008658,0.6535159468306806
Subject731_2019_0103_190937_segment10_10,Subject731,10,-0.9394828899862504,5.7972867240745884,0.3557312252964427,0.3887750425800512
Subject731_2019_0103_190937_segment11_11,Subject731,11,0.9668870875169552,3.114418971871744,2.0777027027027026,0.3088128874328979
Subject731_2019_0103_190937_segment12_12,Subject731,12,0.9585541262143219,4.767462620656775,0.29821073558648115,0.8324954593481539
Subject731_2019_0103_190937_segment13_13,Subject731,13,-0.7798737646370777,3.8803087146352637,0.47244094488188976,0.5546619095509627
Subject731_2019_0103_190937_segment14_14,Subject731,14,0.8825999800910946,3.9149602413078783,0.44843049327354256,0.48544230427493307
Subject731_2019_0110_190353_segment00_00,Subject731,0,0.7669497869519631,4.4417280077766215,0.5660377358490566,0.87780028373193
Subject731_2019_0110_190353_segment01_01,Subject731,1,0.9028990096285524,2.1273851525516574,0.4862236628849271,0.143011585717025
Subject731_2019_0110_190353_segment02_02,Subject731,2,0.7097782549343775,3.083688496700388,0.7792207792207793,0.2923401467255718
Subject731_2019_0110_190353_segment03_03,Subject731,3,0.9827941611462259,8.188445191140968,1.9292604501607715,3.083754868902623
Subject731_2019_0110_190353_segment04_04,Subject731,4,-0.8839626113548775,1.5443796556742075,0.4672897196261683,0.253462980333724
Subject731_2019_0110_190353_segment05_05,Subject731,5,-0.0786612823283097,7.490907277131313,0.8849557522123894,0.6969558059679554
Subject731_2019_0110_190353_segment06_12,Subject731,12,0.9368203541312414,5.153747562096019,0.2788104089219331,0.7629896962612165
Subject731_2019_0110_190353_segment07_06,Subject731,6,0.9978008825595335,1.665564078506175,0.42134831460674155,0.2353047982164339
Subject731_2019_0110_190353_segment08_07,Subject731,7,-0.9388217773945186,3.1478942172824884,1.7107093184979139,0.49786077249354127
Subject731_2019_0110_190353_segment09_08,Subject731,8,-0.9866567041284455,1.381804388839181,1.2968299711815563,0.26045687498071507
Subject731_2019_0110_190353_segment10_09,Subject731,9,0.05833002037539474,7.276838018538048,0.8902077151335313,0.6644120027230975
Subject731_2019_0110_190353_segment11_10,Subject731,10,-0.9075430780048491,2.364129755476859,0.800561797752809,0.38490010514939044
Subject731_2019_0110_190353_segment12_11,Subject731,11,0.9675724392579772,2.4745246715975067,2.3346303501945527,0.3285229253542095
Subject731_2019_0110_190353_segment13_13,Subject731,13,0.33706261403892307,19.596035249402465,0.6622516556291391,1.5907191436197927
Subject731_2019_0110_190353_segment14_14,Subject731,14,0.8248430752107266,3.89543502331207,1.4925373134328357,0.5146657091723811
Subject731_2019_0110_191914_segment00_00,Subject731,0,0.8045851370704244,6.055762968250421,0.49504950495049505,0.7436322106930927
Subject731_2019_0110_191914_segment01_01,Subject731,1,0.8518316998924065,1.298839991925201,0.558659217877095,0.1625343181225403
Subject731_2019_0110_191914_segment02_02,Subject731,2,0.6650315906992118,3.515250665499155,0.8,0.29869186958814536
Subject731_2019_0110_191914_segment03_03,Subject731,3,0.9586857098874693,11.505847384209698,1.8152866242038215,3.0583361790295567
Subject731_2019_0110_191914_segment04_04,Subject731,4,-0.9041961259427453,1.2669262269729817,1.0918544194107451,0.3225003804735877
Subject731_2019_0110_191914_segment05_05,Subject731,5,-0.20952881708853807,6.631268886606788,0.7978723404255319,0.6246725654264143
Subject731_2019_0110_191914_segment06_06,Subject731,6,0.9981693916203577,1.7634338357147705,0.8559201141226819,0.21867857368990898
Subject731_2019_0110_191914_segment07_07,Subject731,7,-0.8657268064965965,5.953654280226603,0.9375,0.5533034740908931
Subject731_2019_0110_191914_segment08_08,Subject731,8,-0.9609927834825388,1.5243476715274802,1.4754098360655739,0.3054214856340518
Subject731_2019_0110_191914_segment09_09,Subject731,9,0.1888331796101274,7.898376576076134,1.0982658959537572,0.7022156667976592
Subject731_2019_0110_191914_segment10_10,Subject731,10,-0.8994193439115107,5.301602591653268,0.5007587253414265,0.4330166372445247
Subject731_2019_0110_191914_segment11_11,Subject731,11,0.9587706799575815,4.600305705813285,2.608695652173913,0.3697091886806577
Subject731_2019_0110_191914_segment12_12,Subject731,12,0.9283123691645543,6.758192804290177,0.25817555938037867,0.6933084723054895
Subject731_2019_0110_191914_segment13_13,Subject731,13,0.37608691536490824,17.771195211599338,0.7317073170731708,1.7941328799129723
Subject731_2019_0110_191914_segment14_14,Subject731,14,0.8391147933245372,3.672009293077787,0.5484460694698354,0.44811071146119175
Subject741_2018_1206_103555_segment00_00,Subject741,0,0.7388221691653306,2.9186022414749515,1.2219959266802443,1.141881910727737
Subject741_2018_1206_103555_segment01_01,Subject741,1,0.8691234602147644,1.4173284161719828,1.4962593516209477,0.16723367415011192
Subject741_2018_1206_103555_segment02_02,Subject741,2,0.8359535137008349,3.2828273910399255,1.5245901639344264,0.37325005224970076
Subject741_2018_1206_103555_segment03_03,Subject741,3,0.9387083099476301,6.272536293837429,2.150943396226415,3.4899197893148135
Subject741_2018_1206_103555_segment04_04,Subject741,4,-0.9910052533190588,2.1927222694527875,2.0805369127516777,0.31080137925619566
Subject741_2018_1206_103555_segment05_05,Subject741,5,-0.4524250511754237,7.359255930086779,1.1385199240986719,0.8294065382470275
Subject741_2018_1206_103555_segment06_06,Subject741,6,0.9168425160433444,2.93734774440671,0.9836065573770493,0.3732181753218962
Subject741_2018_1206_103555_segment07_07,Subject741,7,-0.9739369148517351,1.6495531407818698,0.5639097744360901,0.48214384834417917
Subject741_2018_1206_103555_segment08_08,Subject741,8,-0.5979326796583497,2.7402810510748212,1.0771992818671454,0.3426888505183183
Subject741_2018_1206_103555_segment09_09,Subject741,9,-0.15258973915179452,8.738883981995873,1.1928429423459246,0.6752804080252182
Subject741_2018_1206_103555_segment10_10,Subject741,10,-0.9853560798545694,2.158285725713593,1.271186440677966,0.37827776970943794
Subject741_2018_1206_103555_segment11_11,Subject741,11,0.9452480284292661,3.3884741341281717,1.4814814814814814,0.4360556704671146
Subject741_2018_1206_103555_segment12_12,Subject741,12,0.9944388671449952,1.5471499188044453,0.7566204287515763,0.6986044831870609
Subject741_2018_1206_103555_segment13_13,Subject741,13,-0.7302993423738174,20.323113188426138,1.3785557986870898,1.079977334998432
Subject741_2018_1206_103555_segment14_14,Subject741,14,0.8768397240514573,3.6179554962102856,1.3070539419087137,0.6758904108873852
Subject741_2018_1206_105452_segment00_00,Subject741,0,0.7399005391619087,6.065845062485863,1.2684989429175477,1.100425416958974
Subject741_2018_1206_105452_segment01_01,Subject741,1,0.9559118545755331,1.583576948167604,1.4430379746835444,0.1890331305768244
Subject741_2018_1206_105452_segment02_02,Subject741,2,0.9098401734134743,2.879751865209322,0.5504587155963302,0.39613024708773154
Subject741_2018_1206_105452_segment03_03,Subject741,3,0.9859906338508942,3.5076874571990126,2.128378378378378,3.125969538796606
Subject741_2018_1206_105452_segment04_04,Subject741,4,-0.9943806103610479,1.9288783321070313,0.7333333333333333,0.37364952494845655
Subject741_2018_1206_105452_segment05_05,Subject741,5,-0.5369264348545645,6.986504463982656,1.252371916508539,0.7594673260143681
Subject741_2018_1206_105452_segment06_06,Subject741,6,0.9388239809266105,1.8171621891677134,1.1599297012302285,0.4179056957830597
Subject741_2018_1206_105452_segment07_07,Subject741,7,-0.9890219224867851,2.196578728924586,0.5671077504725898,0.4650271957466797
Subject741_2018_1206_105452_segment08_08,Subject741,8,-0.7400817085323499,1.3817033291767156,1.5679442508710801,0.3255728076005946
Subject741_2018_1206_105452_segment09_09,Subject741,9,-0.02259404361400507,10.188078143975305,1.3263157894736843,0.6834133739428677
Subject741_2018_1206_105452_segment10_10,Subject741,10,-0.9870076645392747,5.2724645397110805,1.3785557986870898,0.3989911280910551
Subject741_2018_1206_105452_segment11_11,Subject741,11,0.9860506575359418,2.713275832687452,1.6666666666666665,0.5107042629721897
Subject741_2018_1206_105452_segment12_12,Subject741,12,0.9805699958149152,2.2008257905528352,0.7389162561576356,0.7337675030785135
Subject741_2018_1206_105452_segment13_13,Subject741,13,-0.7620967776528881,2.457667148436817,1.6449086161879896,0.703103219606933
Subject741_2018_1206_105452_segment14_14,Subject741,14,0.9589093056103357,3.457615329475762,0.7603686635944701,0.8409075433177838
Subject741_2019_0115_100342_segment00_00,Subject741,0,0.692680717326607,2.655536128291632,1.2526096033402923,0.9661218121822833
Subject741_2019_0115_100342_segment01_01,Subject741,1,0.9547170286869061,2.7283183643444975,0.783289817232376,0.16795660347990818
Subject741_2019_0115_100342_segment02_02,Subject741,2,0.7671326695596079,3.630572443923837,2.091836734693877,0.34519650605812735
Subject741_2019_0115_100342_segment03_03,Subject741,3,0.9551930161909056,3.464764355258567,2.0727272727272728,3.365419482893861
Subject741_2019_0115_100342_segment04_04,Subject741,4,-0.9686607572654252,1.3502172657109635,1.120331950207469,0.2755755217951423
Subject741_2019_0115_100342_segment05_05,Subject741,5,-0.06527430944274003,6.198654778408541,0.8534850640113798,0.6261168624469374
Subject741_2019_0115_100342_segment06_06,Subject741,6,0.9984211858091212,1.5196278318785326,0.9547738693467337,0.22341020683905968
Subject741_2019_0115_100342_segment07_07,Subject741,7,-0.9855070960925817,2.2759468744477083,0.48465266558966075,0.44308775667820754
Subject741_2019_0115_100342_segment08_08,Subject741,8,-0.7128852090333798,2.8289745905589525,1.4457831325301205,0.3006999803704724
Subject741_2019_0115_100342_segment09_09,Subject741,9,0.02276692439264446,6.481278983776747,1.3043478260869565,0.5230189212791746
Subject741_2019_0115_100342_segment10_10,Subject741,10,-0.9798152869551559,2.609461071172204,1.2825278810408922,0.31513632712423256
Subject741_2019_0115_100342_segment11_11,Subject741,11,0.9699260297153016,2.0190098314335954,1.5037593984962407,0.3774763917724649
Subject741_2019_0115_100342_segment12_12,Subject741,12,0.9843576574654608,2.510834859326648,0.7299270072992702,0.6870241137850673
Subject741_2019_0115_100342_segment13_13,Subject741,13,-0.7340301521166606,1.7535621603700815,1.7166212534059946,0.4638800659973736
Subject741_2019_0115_100342_segment14_14,Subject741,14,0.9535760732410041,2.917964390419537,1.418918918918919,0.778154856660131
Subject741_2019_0115_101708_segment00_00,Subject741,0,0.7178733784246362,3.3349025790987703,1.2320328542094456,1.0890533310161215
Subject741_2019_0115_101708_segment01_01,Subject741,1,0.9476365588975394,1.4261064539386492,0.8064516129032258,0.18683334875284868
Subject741_2019_0115_101708_segment02_02,Subject741,2,0.896075503943406,2.717821223779523,0.5597014925373135,0.3921007661011691
Subject741_2019_0115_101708_segment03_03,Subject741,3,0.9425705059763291,3.7717493227006837,2.1201413427561837,3.298755062556416
Subject741_2019_0115_101708_segment04_04,Subject741,4,-0.9763181408551095,1.9164653503886762,2.128146453089245,0.3992752501923422
Subject741_2019_0115_101708_segment05_05,Subject741,5,-0.537538987203718,6.310289234944993,1.0238907849829353,0.6345196390985035
Subject741_2019_0115_101708_segment06_06,Subject741,6,0.9635754146383051,1.5289802952060054,1.0968921389396709,0.26935340451913015
Subject741_2019_0115_101708_segment07_07,Subject741,7,-0.9919238754103986,2.3713260196978725,0.5136986301369864,0.4524729112017759
Subject741_2019_0115_101708_segment08_08,Subject741,8,-0.7420771919186698,1.567427681939057,1.418563922942207,0.2997924521012338
Subject741_2019_0115_101708_segment09_09,Subject741,9,0.12214515290144158,7.508265035704051,1.5441176470588236,0.5385259370508857
Subject741_2019_0115_101708_segment10_10,Subject741,10,-0.9471958377853207,1.457104470622428,1.360381861575179,0.4614852475289514
Subject741_2019_0115_101708_segment11_11,Subject741,11,0.9861276669925866,3.7067467485986656,1.574803149606299,0.431942696739229
Subject741_2019_0115_101708_segment12_12,Subject741,12,0.9775190150271773,1.692251858613204,0.7263922518159807,0.7574360488461198
Subject741_2019_0115_101708_segment13_13,Subject741,13,-0.5835434932721327,5.458969593816548,1.6071428571428572,0.5545395546502583
Subject741_2019_0115_101708_segment14_14,Subject741,14,0.965887006389183,3.579418364342764,0.683371298405467,0.9076305409310723
Subject741_2019_0117_152430_segment00_00,Subject741,0,0.7054101738648144,4.114925181472252,1.2269938650306749,1.0407017434315446
Subject741_2019_0117_152430_segment01_01,Subject741,1,0.9520880328638309,1.7236799753610306,0.9269662921348314,0.1713971916528779
Subject741_2019_0117_152430_segment02_02,Subject741,2,0.922775952919817,2.182125071936804,1.069609507640068,0.348978699155747
Subject741_2019_0117_152430_segment03_03,Subject741,3,0.9579620944508209,2.46014842652828,2.1428571428571432,3.352407834578237
Subject741_2019_0117_152430_segment04_04,Subject741,4,-0.9571740727142309,1.6794872177076912,1.390728476821192,0.30933361861236963
Subject741_2019_0117_152430_segment05_05,Subject741,5,-0.3039007562524928,9.173973346437338,0.995850622406639,0.7109255534496148
Subject741_2019_0117_152430_segment06_06,Subject741,6,0.9879483626970964,1.7426049965198898,1.6935483870967742,0.2654748037572203
Subject741_2019_0117_152430_segment07_07,Subject741,7,-0.9709001589526706,3.9381150560560068,0.547945205479452,0.4987258527010824
Subject741_2019_0117_152430_segment08_08,Subject741,8,-0.5580609670133878,2.347841951754569,1.38,0.2850251617140068
Subject741_2019_0117_152430_segment09_09,Subject741,9,0.06123492914781625,4.936716105193253,1.0933940774487472,0.5135985966079991
Subject741_2019_0117_152430_segment10_10,Subject741,10,-0.8850215584593417,15.782627962210308,0.5381165919282511,0.4572892075722388
Subject741_2019_0117_152430_segment11_11,Subject741,11,0.920878217961033,2.4748321972643432,1.4467005076142132,0.36697483602206143
Subject741_2019_0117_152430_segment12_12,Subject741,12,0.9867776502065643,2.4418240653795484,0.3738317757009346,0.730004928910034
Subject741_2019_0117_152430_segment13_13,Subject741,13,-0.71662400072814,8.09273755033247,1.7475728155339805,0.48172509947392306
Subject741_2019_0117_152430_segment14_14,Subject741,14,0.7769023156203855,4.400611633200212,1.889763779527559,0.702131271421952
Subject741_2019_0117_153859_segment00_00,Subject741,0,0.7916307344686677,3.350558155598827,1.1920529801324504,0.9734850827502736
Subject741_2019_0117_153859_segment01_01,Subject741,1,0.9459258877296999,1.7943650435983287,0.7731958762886598,0.18062656587349377
Subject741_2019_0117_153859_segment02_02,Subject741,2,0.9538765651708635,2.891531676357066,0.5844155844155844,0.40014563196260433
Subject741_2019_0117_153859_segment03_03,Subject741,3,0.9706582836671557,6.296978219163909,1.9867549668874174,3.3653732239444074
Subject741_2019_0117_153859_segment04_04,Subject741,4,-0.9931201259596308,1.5665308486089065,0.6053811659192825,0.30505283282170137
Subject741_2019_0117_153859_segment05_05,Subject741,5,-0.4666611999997555,9.677198744777737,0.8586762075134169,0.6522296661240062
Subject741_2019_0117_153859_segment06_06,Subject741,6,0.9351352405193147,2.0059365200743207,1.2987012987012987,0.2773992335718894
Subject741_2019_0117_153859_segment07_07,Subject741,7,-0.9793917201233531,2.174909012976453,0.5183585313174945,0.46508612297779683
Subject741_2019_0117_153859_segment08_08,Subject741,8,-0.5846257038882968,2.469786405178985,1.1806797853309483,0.28345095487908273
Subject741_2019_0117_153859_segment09_09,Subject741,9,-0.0237503222706853,9.19099247870708,1.191588785046729,0.5857651135914969
Subject741_2019_0117_153859_segment10_10,Subject741,10,-0.9475090686030159,5.260022054661635,0.574468085106383,0.3687383247376438
Subject741_2019_0117_153859_segment11_11,Subject741,11,0.8612693507737011,3.665303168407157,1.2623762376237624,0.40834973718775724
Subject741_2019_0117_153859_segment12_12,Subject741,12,0.9887552466002979,1.8438191579090564,0.7174887892376681,0.7395233981452337
Subject741_2019_0117_153859_segment13_13,Subject741,13,-0.6045738017234327,4.940395321988768,1.6426512968299714,0.5757511489915111
Subject741_2019_0117_153859_segment14_14,Subject741,14,0.8123571254089027,9.578347781947894,0.6599999999999999,0.8049809087779574
Subject819_2019_0115_130458_segment00_00,Subject819,0,0.1644265654845315,1.9381825140117308,0.4273504273504274,0.16851334733117734
Subject819_2019_0115_130458_segment01_01,Subject819,1,0.859344743552906,1.452990080660469,0.8837209302325582,0.19421320793078276
Subject819_2019_0115_130458_segment02_02,Subject819,2,0.738773155938483,3.6399512533679146,0.26269702276707535,0.2289954196430896
Subject819_2019_0115_130458_segment03_03,Subject819,3,0.9944684078343271,1.2425928374322786,1.9811320754716983,2.403636396880777
Subject819_2019_0115_130458_segment04_04,Subject819,4,-0.9810920553648224,3.296018064159495,0.9183673469387754,0.15460958915298317
Subject819_2019_0115_130458_segment05_05,Subject819,5,-0.16302643940488873,8.385451044480698,0.696266397578204,0.32607733720586585
Subject819_2019_0115_130458_segment06_06,Subject819,6,0.9113213208852494,2.269831617741728,0.320855614973262,0.10784836456320594
Subject819_2019_0115_130458_segment07_10,Subject819,10,-0.9005500083062564,1.6778912055389412,0.39215686274509803,0.2276150940777698
Subject819_2019_0115_130458_segment08_08,Subject819,8,-0.9507051398374492,1.8611686961274359,1.3313609467455623,0.13390409819230242
Subject819_2019_0115_130458_segment09_09,Subject819,9,-0.1699669730941026,11.92905554449367,0.6536697247706422,0.5779836947927773
Subject819_2019_0115_130458_segment10_07,Subject819,7,-0.9049340264106974,2.2512394770739217,0.4090909090909091,0.4715232558550641
Subject819_2019_0115_130458_segment11_11,Subject819,11,0.9512078621601189,2.4708731786486116,0.40927694406548426,0.19959326095134566
Subject819_2019_0115_130458_segment13_12,Subject819,12,0.9910493764309178,4.397727972194469,0.256136606189968,0.750022953861868
Subject819_2019_0115_130458_segment14_13,Subject819,13,-0.7460232876829453,3.620403036708993,2.653429602888087,0.5511930965137037
Subject819_2019_0115_130458_segment15_14,Subject819,14,0.7345707924959373,3.385764071185413,0.800561797752809,0.40790308033488054
Subject819_2019_0115_132652_segment00_00,Subject819,0,0.1464537760484104,1.608019531162365,1.4524207011686143,0.2363106027482276
Subject819_2019_0115_132652_segment01_01,Subject819,1,0.8941284834537161,1.332737249657943,0.916030534351145,0.17752260286290159
Subject819_2019_0115_132652_segment02_02,Subject819,2,0.7267125812875623,3.099734687686305,0.7109004739336493,0.2540316777533852
Subject819_2019_0115_132652_segment03_03,Subject819,3,0.9769429751508207,4.346149753612533,1.9801980198019802,2.443190590174733
Subject819_2019_0115_132652_segment04_04,Subject819,4,-0.9913400239680994,3.3255969280431636,1.3478260869565217,0.20300139795495167
Subject819_2019_0115_132652_segment05_05,Subject819,5,-0.23404489114856636,7.095889916183711,0.6543075245365322,0.3378335936318246
Subject819_2019_0115_132652_segment07_06,Subject819,6,0.9153779302340156,1.8355445744535446,0.33557046979865773,0.1381823609040606
Subject819_2019_0115_132652_segment09_07,Subject819,7,-0.8542854386674591,2.925906726771132,0.5226480836236934,0.611507218644933
Subject819_2019_0115_132652_segment10_08,Subject819,8,-0.8948614107466646,1.0521879453328673,1.5474209650582365,0.16767210048264528
Subject819_2019_0115_132652_segment11_09,Subject819,9,0.06095461322545778,10.326595648964274,0.7142857142857142,0.5612974166140237
Subject819_2019_0115_132652_segment12_10,Subject819,10,-0.8963324427119396,4.46511077194611,0.8322324966974901,0.25132716058011284
Subject819_2019_0115_132652_segment13_11,Subject819,11,0.993190017770465,1.812049667655491,0.4126547455295736,0.23191853556504072
Subject819_2019_0115_132652_segment14_12,Subject819,12,0.9962891654588291,2.6061910869731233,1.823394495412844,0.618180439633072
Subject819_2019_0115_132652_segment15_13,Subject819,13,-0.6470215372669603,2.920283523424775,0.5964214711729623,0.5170596260180264
Subject819_2019_0115_132652_segment16_14,Subject819,14,0.8317311130645809,3.583443054976335,0.916030534351145,0.45907010941204907
Subject819_2019_0122_140145_segment00_00,Subject819,0,0.13271681868547577,7.231422985712866,0.44843049327354256,0.28259499459726845
Subject819_2019_0122_140145_segment01_01,Subject819,1,0.6907380292949518,1.4733287309075664,1.0830324909747293,0.1901998657919709
Subject819_2019_0122_140145_segment02_02,Subject819,2,0.5118700448922665,6.440619311464754,0.3112033195020747,0.29020727764903176
Subject819_2019_0122_140145_segment04_03,Subject819,3,0.9185322811285392,5.563590540265723,2.0357142857142856,2.385174432846199
Subject819_2019_0122_140145_segment05_04,Subject819,4,-0.9327726331520112,2.3337924743590137,0.8808290155440414,0.20140798356923353
Subject819_2019_0122_140145_segment06_05,Subject819,5,-0.17369868640718084,8.617511873728086,0.599250936329588,0.3511879846564502
Subject819_2019_0122_140145_segment08_06,Subject819,6,0.9441178356307378,2.2523615254165974,0.3080872913992298,0.09673074825867731
Subject819_2019_0122_140145_segment09_07,Subject819,7,-0.8746317646765671,2.9378998623740813,0.511727078891258,0.5759316402152206
Subject819_2019_0122_140145_segment10_08,Subject819,8,-0.9096581388029283,3.0557426173480424,1.2880143112701252,0.13105331829197245
Subject819_2019_0122_140145_segment11_09,Subject819,9,0.0515598257880891,13.256036634749057,0.7348703170028819,0.5225256775675147
Subject819_2019_0122_140145_segment12_10,Subject819,10,-0.8636049969603576,2.2149659214300876,0.7014388489208634,0.22552664074071305
Subject819_2019_0122_140145_segment13_11,Subject819,11,0.9312345927475413,3.3831320075795985,0.4152249134948097,0.21801817576089708
Subject819_2019_0122_140145_segment14_12,Subject819,12,0.9850303116097302,3.6333739070127047,0.7395993836671803,0.64043006947671
Subject819_2019_0122_140145_segment15_13,Subject819,13,-0.6821905753140125,4.860487502886632,2.698412698412698,0.5682687575548576
Subject819_2019_0122_140145_segment16_14,Subject819,14,0.6515248718459046,4.604881425006182,0.8743169398907104,0.3783749776042677
Subject819_2019_0122_142123_segment00_00,Subject819,0,0.2883815141918175,14.536740443350281,0.4507512520868114,0.3512648507422346
Subject819_2019_0122_142123_segment01_01,Subject819,1,0.743291029892321,1.7961248710535802,0.9756097560975611,0.15181667339267654
Subject819_2019_0122_142123_segment02_02,Subject819,2,0.5019960355803709,5.184736991969716,0.6474820143884892,0.30314145823782185
Subject819_2019_0122_142123_segment03_03,Subject819,3,0.8921783515183784,6.970498608918911,2.0168067226890756,2.5231407997295547
Subject819_2019_0122_142123_segment04_04,Subject819,4,-0.9193539163843318,3.839858200322763,0.793388429752066,0.16410866127832546
Subject819_2019_0122_142123_segment05_05,Subject819,5,-0.09480816477224116,8.977711390989821,0.5933250927070458,0.31709788715809956
Subject819_2019_0122_142123_segment06_06,Subject819,6,0.950123676680973,2.3962558504694496,0.615595075239398,0.10942973683399158
Subject819_2019_0122_142123_segment07_07,Subject819,7,-0.7528591424879219,3.0520622306540464,0.5517241379310345,0.640092364656905
Subject819_2019_0122_142123_segment08_08,Subject819,8,-0.9698027980953635,2.6505833392655354,1.2540192926045015,0.15862196813848822
Subject819_2019_0122_142123_segment09_09,Subject819,9,0.07073359996277534,10.277667487079489,0.7350689127105666,0.5391282018023131
Subject819_2019_0122_142123_segment10_10,Subject819,10,-0.8822155905621101,2.472286094968843,0.9073724007561437,0.276189946325616
Subject819_2019_0122_142123_segment11_11,Subject819,11,0.9947235253391862,2.4393976617586186,0.44554455445544555,0.19965833391128948
Subject819_2019_0122_142123_segment12_12,Subject819,12,0.98700850319086,1.9418126741753363,0.732824427480916,0.623876385911257
Subject819_2019_0122_142123_segment13_13,Subject819,13,-0.5896775574891089,8.130331916344923,1.8136020151133503,0.4975554061024072
Subject819_2019_0122_142123_segment14_14,Subject819,14,0.5626479176247029,5.178294432845723,0.9294320137693631,0.42075258579466646
Subject819_2019_0124_110421_segment00_00,Subject819,0,0.16972825259196403,6.960226623968569,0.8173076923076923,0.29330456766719043
Subject819_2019_0124_110421_segment01_01,Subject819,1,0.6923782899093557,2.0856717976494803,0.8754863813229572,0.1384139074140849
Subject819_2019_0124_110421_segment02_02,Subject819,2,0.5189721149371394,4.305086175272869,0.743801652892562,0.2740374659119419
Subject819_2019_0124_110421_segment03_03,Subject819,3,0.9385355115451378,5.255337125842166,2.2594142259414225,2.4836202592094216
Subject819_2019_0124_110421_segment04_04,Subject819,4,-0.9312348148386804,3.319953022155917,0.783410138248848,0.15291629184806926
Subject819_2019_0124_110421_segment05_05,Subject819,5,-0.03721908484809108,9.08063476887268,0.5704697986577181,0.25417057897891226
Subject819_2019_0124_110421_segment06_06,Subject819,6,0.9743143065358787,2.1879894361095844,0.22900763358778625,0.10888980089602372
Subject819_2019_0124_110421_segment07_07,Subject819,7,-0.8788973285990512,1.712339929635712,0.6015037593984963,0.7460305902059895
Subject819_2019_0124_110421_segment08_08,Subject819,8,-0.8873895114457124,2.71846764651838,1.2520868113522539,0.1647135301310634
Subject819_2019_0124_110421_segment09_09,Subject819,9,0.03464695331549109,11.603930350863092,0.748898678414097,0.5540510104369352
Subject819_2019_0124_110421_segment10_10,Subject819,10,-0.9045743802553101,1.8002062854321133,0.7868852459016394,0.21910971437921084
Subject819_2019_0124_110421_segment11_11,Subject819,11,0.9088641879313487,5.808796233698768,0.3342618384401114,0.18027994896668043
Subject819_2019_0124_110421_segment12_12,Subject819,12,0.9814696363898601,5.49293417163468,0.7017543859649122,0.6180234864443553
Subject819_2019_0124_110421_segment13_13,Subject819,13,-0.6299843110670573,4.525082267647828,0.7049608355091384,0.5756103308060082
Subject819_2019_0124_110421_segment14_14,Subject819,14,0.6040220704846014,5.695840683000125,0.8542713567839196,0.40343018835546246
Subject819_2019_0124_111847_segment00_00,Subject819,0,0.24261066907438952,7.719630972654501,1.3464991023339317,0.27437435906949426
Subject819_2019_0124_111847_segment01_01,Subject819,1,0.716119067645562,2.4349715574319815,0.935672514619883,0.17880659534947774
Subject819_2019_0124_111847_segment02_02,Subject819,2,0.5690122469723058,3.780231111687804,1.1666666666666665,0.2615825397458402
Subject819_2019_0124_111847_segment03_03,Subject819,3,0.9041775441617378,6.744206040462378,2.16,2.452147783355107
Subject819_2019_0124_111847_segment04_04,Subject819,4,-0.8952905973356395,1.537009285629072,0.8782742681047766,0.1702977452668569
Subject819_2019_0124_111847_segment05_05,Subject819,5,-0.049353661075836594,8.255755313674529,0.5776173285198556,0.3037417904035874
Subject819_2019_0124_111847_segment06_06,Subject819,6,0.9795956268497557,1.8685920508039793,0.6722689075630252,0.14633622604079816
Subject819_2019_0124_111847_segment07_07,Subject819,7,-0.859353256308404,5.8265115460980015,0.6030150753768845,0.7838270482387372
Subject819_2019_0124_111847_segment08_08,Subject819,8,-0.9483861148352788,3.0261868639081784,1.2978369384359403,0.17450231817183093
Subject819_2019_0124_111847_segment09_09,Subject819,9,-0.026614881322340612,11.803272686684673,0.6926406926406926,0.554838392587932
Subject819_2019_0124_111847_segment10_10,Subject819,10,-0.8870728555539366,2.3651016192152388,0.8261617900172117,0.2311090899898793
Subject819_2019_0124_111847_segment11_11,Subject819,11,0.9637359452761488,3.6827965388699733,0.35036496350364965,0.19371128457840442
Subject819_2019_0124_111847_segment12_12,Subject819,12,0.957192645281425,3.9748174665133194,0.6857142857142857,0.6301945445397379
Subject819_2019_0124_111847_segment13_13,Subject819,13,-0.6259013187464124,2.3367035062951023,2.8254847645429364,0.4970544871181869
Subject819_2019_0124_111847_segment14_14,Subject819,14,0.632875952150887,5.19116773797651,0.9156193895870736,0.4313894121167454
Subject843_2018_1128_191123_segment00_00,Subject843,0,0.49835936684854243,12.631172091594738,0.879765395894428,0.6723199508037797
Subject843_2018_1128_191123_segment01_01,Subject843,1,0.8746196284955144,2.7323968857291514,1.3523131672597866,0.18262142401859688
Subject843_2018_1128_191123_segment02_02,Subject843,2,0.5416748568751845,4.154119664456331,0.6489675516224189,0.3190471874012672
Subject843_2018_1128_191123_segment03_03,Subject843,3,0.8810173098835891,10.487054985704333,1.7983651226158037,2.6685318103761047
Subject843_2018_1128_191123_segment04_04,Subject843,4,-0.9098555108873586,3.6915864481707907,0.24280575539568347,0.14544449841727145
Subject843_2018_1128_191123_segment05_05,Subject843,5,-0.03626153683424697,13.09083328017124,0.43388429752066116,0.21980276838835916
Subject843_2018_1128_191123_segment06_06,Subject843,6,0.9668759260790661,2.144337598777921,0.4672897196261683,0.1359637556180289
Subject843_2018_1128_191123_segment07_07,Subject843,7,-0.915223188980898,21.573808493417722,0.43956043956043955,0.4309792181091948
Subject843_2018_1128_191123_segment08_08,Subject843,8,-0.933673315551385,2.789259265237812,0.9528688524590165,0.1687833599474632
Subject843_2018_1128_191123_segment09_09,Subject843,9,0.06648791027465219,13.022942374179545,0.2865329512893983,0.4480352179679046
Subject843_2018_1128_191123_segment10_10,Subject843,10,-0.9616028148403671,1.648246473500867,0.32967032967032966,0.2201730351866543
Subject843_2018_1128_191123_segment11_11,Subject843,11,0.9740235621251362,2.3194183110258275,0.34602076124567477,0.21560705438501435
Subject843_2018_1128_191123_segment12_12,Subject843,12,0.8187957942632105,6.143534883184149,0.22779043280182235,0.9566858433351608
Subject843_2018_1128_191123_segment13_13,Subject843,13,-0.5662972424146507,14.389881428537462,0.4538577912254161,1.2110806006922012
Subject843_2018_1128_191123_segment14_14,Subject843,14,0.772971832556097,4.168768042124659,0.41493775933609955,0.3883986604908385
Subject843_2018_1221_182203_segment00_00,Subject843,0,0.5005172547299638,9.861258832411702,1.149193548387097,0.9037486578376506
Subject843_2018_1221_182203_segment01_01,Subject843,1,0.8889393277873487,4.127317362900232,0.4983388704318937,0.20425504510092346
Subject843_2018_1221_182203_segment02_02,Subject843,2,0.8373865055518238,3.6531654640050983,0.7566204287515763,0.38701495451211243
Subject843_2018_1221_182203_segment03_03,Subject843,3,0.9056408813753757,6.7999051557697525,2.006369426751592,2.797102361520834
Subject843_2018_1221_182203_segment05_04,Subject843,4,-0.9724730839605719,3.5918949920720227,0.25041736227045075,0.1309673971012692
Subject843_2018_1221_182203_segment06_05,Subject843,5,-0.20959567353472183,14.653681013929866,0.4212860310421286,0.24790795519648617
Subject843_2018_1221_182203_segment07_06,Subject843,6,0.9449147622484801,1.787053402771602,1.3298969072164948,0.15497850238689745
Subject843_2018_1221_182203_segment08_07,Subject843,7,-0.9822364248702655,4.565921548698474,0.49504950495049505,0.5266491115768607
Subject843_2018_1221_182203_segment09_08,Subject843,8,-0.911397845073506,2.1685314999404666,1.083916083916084,0.19264453792993674
Subject843_2018_1221_182203_segment10_09,Subject843,9,-0.11811333829878551,12.938078100062498,0.681044267877412,0.5530594020737384
Subject843_2018_1221_182203_segment11_10,Subject843,10,-0.991961428243241,1.834229617953331,1.2642369020501139,0.21450834879309813
Subject843_2018_1221_182203_segment12_11,Subject843,11,0.8548595877483232,2.555917469423931,0.40214477211796246,0.2832888881072188
Subject843_2018_1221_182203_segment14_12,Subject843,12,0.9305917567543761,4.941708393101671,0.22590361445783133,1.0355492981796577
Subject843_2018_1221_182203_segment15_13,Subject843,13,-0.4701381976364092,12.672294984284438,0.5444646098003629,1.3331259936155997
Subject843_2018_1221_182203_segment16_14,Subject843,14,0.647529904930822,5.5948662872641775,0.4909983633387888,0.5434632474375979
Subject843_2018_1221_184132_segment00_00,Subject843,0,0.26662084258858126,9.252591029683387,1.3636363636363635,0.9288405520901108
Subject843_2018_1221_184132_segment01_01,Subject843,1,0.9367925522214982,2.4286572004749125,1.8440779610194902,0.21477827790158685
Subject843_2018_1221_184132_segment02_02,Subject843,2,0.6858439939217466,4.206277056402301,1.7275280898876404,0.4162155669546576
Subject843_2018_1221_184132_segment03_03,Subject843,3,0.9789954235882786,2.8074313798393167,2.0792079207920793,3.1879280072282006
Subject843_2018_1221_184132_segment04_04,Subject843,4,-0.966074791230117,2.2222158984753957,0.35128805620608905,0.19697772383204698
Subject843_2018_1221_184132_segment05_05,Subject843,5,-0.30525423969260723,10.637771148732234,0.6335797254487856,0.4424877756853065
Subject843_2018_1221_184132_segment06_06,Subject843,6,0.9414612340560927,1.6240490563905343,1.1421319796954315,0.2358671099395185
Subject843_2018_1221_184132_segment07_07,Subject843,7,-0.9790119807529416,6.830562959910439,1.0830324909747293,0.6722628600284609
Subject843_2018_1221_184132_segment08_08,Subject843,8,-0.9203747969923446,2.7953836886024104,1.1889035667107,0.2526291205827734
Subject843_2018_1221_184132_segment09_11,Subject843,11,0.9288350900540393,1.6101633470951655,0.44709388971684055,0.30376406982647963
Subject843_2018_1221_184132_segment10_09,Subject843,9,-0.11003600567591516,13.352063442627466,0.773006134969325,0.6081735613890299
Subject843_2018_1221_184132_segment11_10,Subject843,10,-0.9983800837962087,1.147767748129994,0.851063829787234,0.2637980840688424
Subject843_2018_1221_184132_segment12_12,Subject843,12,0.9236836452238154,5.69532747278478,0.22238695329873978,0.9929012956929283
Subject843_2018_1221_184132_segment13_13,Subject843,13,-0.4178276757076028,9.903724542328984,0.5736137667304015,1.2982358096017117
Subject843_2018_1221_184132_segment14_14,Subject843,14,0.7548128132237426,3.925167779294694,0.47619047619047616,0.43421673861369064
Subject843_2018_1228_182037_segment00_00,Subject843,0,0.3639943350756375,8.38467650759484,1.4651162790697674,1.1000188781732128
Subject843_2018_1228_182037_segment01_01,Subject843,1,0.9175171542534369,2.683042918041598,1.1627906976744187,0.22308653878686135
Subject843_2018_1228_182037_segment02_02,Subject843,2,0.6972450732304359,2.947323073341743,1.7851959361393326,0.3994430304499099
Subject843_2018_1228_182037_segment03_03,Subject843,3,0.9634672013220237,4.695946645148146,2.2525597269624575,3.021210797138664
Subject843_2018_1228_182037_segment04_04,Subject843,4,-0.9919006847314321,1.9777078963023882,0.4497751124437781,0.21982292980590779
Subject843_2018_1228_182037_segment05_05,Subject843,5,-0.35147843778009713,8.902842692148472,0.6629834254143646,0.42681526720737156
Subject843_2018_1228_182037_segment06_06,Subject843,6,0.9624326815006966,1.4353608150155486,1.196911196911197,0.2099812713489242
Subject843_2018_1228_182037_segment07_07,Subject843,7,-0.9954848900809964,2.612462581866393,0.642023346303502,0.5748401978037316
Subject843_2018_1228_182037_segment08_08,Subject843,8,-0.8506098205408229,2.0159281460993537,1.1369193154034232,0.21335134060340666
Subject843_2018_1228_182037_segment09_09,Subject843,9,0.013055308741878753,10.273402536390101,0.8670520231213873,0.6934522905315512
Subject843_2018_1228_182037_segment10_10,Subject843,10,-0.9941980030570043,3.6808740754844744,0.46801872074883,0.36634586024536797
Subject843_2018_1228_182037_segment11_11,Subject843,11,0.8476087596917533,2.780826924354148,0.38910505836575876,0.3054061825735039
Subject843_2018_1228_182037_segment12_12,Subject843,12,0.9052989717665775,4.021619401097578,0.23677979479084452,0.9684922492557168
Subject843_2018_1228_182037_segment13_13,Subject843,13,-0.46465457150392875,11.82005775856762,0.5217391304347826,1.1881586568617002
Subject843_2018_1228_182037_segment14_14,Subject843,14,0.7877607319615967,3.903571380212281,0.4017857142857143,0.4918614098310194
Subject843_2018_1228_183202_segment00_00,Subject843,0,0.4175337800103537,8.021055755083,1.1605415860735009,0.9890079870467208
Subject843_2018_1228_183202_segment01_01,Subject843,1,0.9499746615559338,1.8253251485218278,0.9004739336492891,0.2791642334961203
Subject843_2018_1228_183202_segment02_02,Subject843,2,0.6865924509801409,2.1818845014532724,1.6803278688524592,0.3551027931875265
Subject843_2018_1228_183202_segment03_03,Subject843,3,0.9749003985153462,3.402771181282837,2.115384615384615,2.941143993315515
Subject843_2018_1228_183202_segment04_04,Subject843,4,-0.9933572072266971,2.0526310440831264,0.3870967741935484,0.20668344946319775
Subject843_2018_1228_183202_segment05_05,Subject843,5,-0.3842982830310382,8.4424384919072,0.7083825265643446,0.50980566323303
Subject843_2018_1228_183202_segment06_06,Subject843,6,0.9604450584241793,2.336615992039419,1.1292346298619824,0.20554908394386237
Subject843_2018_1228_183202_segment07_07,Subject843,7,-0.9950088437616255,1.5385093777149574,0.6024096385542168,0.5141865328398485
Subject843_2018_1228_183202_segment08_08,Subject843,8,-0.9113885699973576,2.6393396225124968,1.2178619756427604,0.2605611483012553
Subject843_2018_1228_183202_segment09_09,Subject843,9,0.03374444429595381,10.019459758857044,0.8275862068965517,0.6756399933064376
Subject843_2018_1228_183202_segment10_10,Subject843,10,-0.998221134489401,0.8351446768264743,0.4444444444444445,0.27562630849626935
Subject843_2018_1228_183202_segment11_11,Subject843,11,0.8287271476443859,4.579586694196277,0.4291845493562232,0.35219188936878676
Subject843_2018_1228_183202_segment12_12,Subject843,12,0.9153656139572961,5.488531162112375,0.21216407355021216,1.076896530435795
Subject843_2018_1228_183202_segment13_13,Subject843,13,-0.43937353342980623,8.596272124756469,0.576923076923077,1.3486431597894806
Subject843_2018_1228_183202_segment14_14,Subject843,14,0.7741495559332412,3.662601819501781,0.4285714285714286,0.5057937580098641
Subject867_2019_0108_155845_segment00_00,Subject867,0,-0.0425685003777757,8.976828513981221,1.2115384615384617,0.4319334859934123
Subject867_2019_0108_155845_segment01_01,Subject867,1,0.7099941352446775,1.1937010528996217,1.2162162162162162,0.13182417798878412
Subject867_2019_0108_155845_segment02_02,Subject867,2,0.6590211573759119,5.81975501188632,1.3888888888888888,0.24007146644585947
Subject867_2019_0108_155845_segment03_03,Subject867,3,0.9887008153708088,1.5890451097322085,1.8811881188118813,3.0410321139836256
Subject867_2019_0108_155845_segment04_05,Subject867,5,-0.300671749060446,8.489647693995412,0.7782101167315175,0.6268512536751226
Subject867_2019_0108_155845_segment05_06,Subject867,6,0.9896708480588161,2.2874347286106027,0.8236994219653179,0.21834928022609534
Subject867_2019_0108_155845_segment06_04,Subject867,4,-0.9385890034283901,1.5983458344299688,0.4940119760479042,0.19992818072895047
Subject867_2019_0108_155845_segment07_07,Subject867,7,-0.9644931747568543,8.309317136757109,0.8771929824561403,0.5950652593827467
Subject867_2019_0108_155845_segment08_08,Subject867,8,-0.9660980929351158,1.9243930213708245,0.9584664536741214,0.25782687983120495
Subject867_2019_0108_155845_segment09_09,Subject867,9,0.08858211049469038,9.301567364516885,1.1049723756906076,0.7151491061400502
Subject867_2019_0108_155845_segment10_10,Subject867,10,-0.9384346504392431,8.706503752122922,1.1954459203036054,0.4811318325031335
Subject867_2019_0108_155845_segment11_11,Subject867,11,0.9873788912812147,1.0138453969094126,0.558659217877095,0.26269028606493233
Subject867_2019_0108_155845_segment12_12,Subject867,12,0.9490926032792658,5.206196886036401,0.4126547455295736,1.316189951137921
Subject867_2019_0108_155845_segment13_13,Subject867,13,0.7845763535634598,29.02773580845353,0.7194244604316546,1.9073864365701523
Subject867_2019_0108_155845_segment14_14,Subject867,14,0.8794208011747657,4.253264905538911,1.834319526627219,0.5418927144897482
Subject867_2019_0108_161711_segment00_00,Subject867,0,-0.11411303581637086,1.672312391648707,1.2371134020618555,0.4304759146619521
Subject867_2019_0108_161711_segment01_01,Subject867,1,0.7435434974089123,0.8473215338770452,1.4354066985645932,0.12295040655332529
Subject867_2019_0108_161711_segment02_02,Subject867,2,0.944779542914985,3.8207757264762696,0.8486562942008486,0.2372961576305727
Subject867_2019_0108_161711_segment03_03,Subject867,3,0.9857980690998962,2.472223641705951,2.127659574468085,3.391521975402998
Subject867_2019_0108_161711_segment04_04,Subject867,4,-0.9258495401843102,1.3676551110367787,1.2552301255230125,0.2783938557029809
Subject867_2019_0108_161711_segment05_05,Subject867,5,-0.3694340192890938,5.6878016103016185,1.0968921389396709,0.881667409773956
Subject867_2019_0108_161711_segment06_06,Subject867,6,0.9986985171536716,1.266741687577009,1.090909090909091,0.2746448772315387
Subject867_2019_0108_161711_segment07_07,Subject867,7,-0.9875240982139024,6.420176346501684,1.056338028169014,0.6133457693021868
Subject867_2019_0108_161711_segment08_08,Subject867,8,-0.9503879914790189,2.1598086249581585,1.535836177474403,0.3031634650764652
Subject867_2019_0108_161711_segment09_09,Subject867,9,-0.04558284609358719,7.4016633694690945,1.2571428571428571,0.8224188686006856
Subject867_2019_0108_161711_segment10_10,Subject867,10,-0.9821752480099302,4.33715192643495,0.6302521008403361,0.49179817136150344
Subject867_2019_0108_161711_segment11_11,Subject867,11,0.9734694765946551,1.7590798101856855,1.3461538461538463,0.34172016576899916
Subject867_2019_0108_161711_segment12_12,Subject867,12,0.9639150182104206,5.629839931619441,0.4267425320056899,1.4295772008040495
Subject867_2019_0108_161711_segment13_13,Subject867,13,0.8568637651972707,16.709041648982378,0.6976744186046512,1.8992069045054656
Subject867_2019_0108_161711_segment14_14,Subject867,14,0.7871747562221928,5.2690073052985005,1.5676959619952495,0.8460808640006046
Subject867_2019_0114_095625_segment00_00,Subject867,0,-0.009002530401189026,1.7374960532533155,1.3043478260869565,0.5290376102640745
Subject867_2019_0114_095625_segment01_01,Subject867,1,0.777618915586117,1.3005321006118014,1.5384615384615385,0.1521960617133649
Subject867_2019_0114_095625_segment02_02,Subject867,2,0.8743524068150078,3.1185293767770395,0.42796005706134094,0.2621669723623369
Subject867_2019_0114_095625_segment03_03,Subject867,3,0.9876448250931326,5.600720060547555,2.202797202797203,3.13077842293685
Subject867_2019_0114_095625_segment04_04,Subject867,4,-0.9860822322482561,2.371740556210658,1.2350597609561753,0.21048788893942633
Subject867_2019_0114_095625_segment05_05,Subject867,5,-0.2772454366084452,6.615545890234334,1.0526315789473684,0.8840913123769949
Subject867_2019_0114_095625_segment06_06,Subject867,6,0.9989137911261181,1.2922302145786444,1.0135135135135134,0.27941178126854727
Subject867_2019_0114_095625_segment07_07,Subject867,7,-0.9674358757013306,2.604280347670155,0.5576208178438662,0.7623392743863203
Subject867_2019_0114_095625_segment08_08,Subject867,8,-0.8468255041688382,2.1381140619224235,1.5570934256055364,0.2828117449182763
Subject867_2019_0114_095625_segment09_09,Subject867,9,0.021877954910885622,6.700552509864226,1.1881188118811883,0.7632789322146241
Subject867_2019_0114_095625_segment10_10,Subject867,10,-0.9089412755851697,9.227328877762549,2.5518672199170123,0.44484969624913706
Subject867_2019_0114_095625_segment11_11,Subject867,11,0.9856149658126486,1.5765536282709405,1.2966601178781927,0.29814226977268676
Subject867_2019_0114_095625_segment12_12,Subject867,12,0.9112231941954723,4.940212712109342,0.42075736325385693,1.3476956906088067
Subject867_2019_0114_095625_segment13_13,Subject867,13,0.8544468364676481,11.36672577997392,0.7518796992481204,1.897188074258783
Subject867_2019_0114_095625_segment14_14,Subject867,14,0.7667480114486621,3.871582350213774,1.4018691588785048,0.7965075291311419
Subject867_2019_0114_100932_segment00_00,Subject867,0,0.04758137142266997,3.8010349988762,1.8080357142857142,0.5215332621153884
Subject867_2019_0114_100932_segment01_01,Subject867,1,0.7762624134417925,1.4379015627562757,1.3856812933025404,0.1703650882533509
Subject867_2019_0114_100932_segment02_02,Subject867,2,0.9700046871330457,3.4721614825091094,0.44378698224852076,0.2740092420917996
Subject867_2019_0114_100932_segment03_03,Subject867,3,0.9814505379615607,4.099013660270672,2.1951219512195124,3.3262961576345367
Subject867_2019_0114_100932_segment04_04,Subject867,4,-0.9431858028178258,1.3202381965649028,1.2406015037593985,0.31386962702814925
Subject867_2019_0114_100932_segment05_05,Subject867,5,-0.46551484101203006,7.84023381455579,1.1954459203036054,0.9298054286357641
Subject867_2019_0114_100932_segment06_06,Subject867,6,0.977865915636466,2.686736677377664,0.5172413793103449,0.2312292224342209
Subject867_2019_0114_100932_segment07_07,Subject867,7,-0.8815077769674831,6.693959162330857,2.1828358208955225,0.6052884519095492
Subject867_2019_0114_100932_segment08_08,Subject867,8,-0.710165016587592,2.003604789244804,1.1049723756906076,0.3332258174688416
Subject867_2019_0114_100932_segment09_09,Subject867,9,0.238273397466718,7.599690993430111,1.4093959731543624,0.7912247595425053
Subject867_2019_0114_100932_segment10_10,Subject867,10,-0.910040886292223,5.122006040822081,1.4788732394366197,0.5301571063648164
Subject867_2019_0114_100932_segment11_11,Subject867,11,0.9820561896301437,2.388051539610069,0.6451612903225806,0.2975113958911593
Subject867_2019_0114_100932_segment12_12,Subject867,12,0.8968182704391566,5.075713837343998,0.37037037037037035,1.3710209184228346
Subject867_2019_0114_100932_segment13_13,Subject867,13,0.8289732181158835,25.890030915010154,0.7194244604316546,2.0294107676439133
Subject867_2019_0114_100932_segment14_14,Subject867,14,0.8304001013279094,5.902858151168571,1.566579634464752,0.8538357381215751
Subject867_2019_0121_100318_segment00_00,Subject867,0,-0.09474653060785651,15.311075090602294,1.8904109589041098,0.4306336188728858
Subject867_2019_0121_100318_segment01_01,Subject867,1,0.7339350808779388,1.4545911041109203,0.5934065934065934,0.12308877441240612
Subject867_2019_0121_100318_segment02_02,Subject867,2,0.8199509819906796,6.053290398169589,0.43795620437956206,0.25684044300496345
Subject867_2019_0121_100318_segment03_03,Subject867,3,0.9918204707462668,3.5693679266863296,2.2535211267605635,3.2200243444557315
Subject867_2019_0121_100318_segment04_04,Subject867,4,-0.9584294037820531,1.4642855828609256,1.2796208530805686,0.2675328830390459
Subject867_2019_0121_100318_segment05_05,Subject867,5,-0.32784765544046496,7.22186477884446,1.070110701107011,0.8503511877580618
Subject867_2019_0121_100318_segment06_06,Subject867,6,0.974088864149561,0.7097344790548832,1.0465116279069768,0.1860882911903677
Subject867_2019_0121_100318_segment07_07,Subject867,7,-0.9307960503984375,12.841066131548905,2.284263959390863,0.904765518362932
Subject867_2019_0121_100318_segment08_08,Subject867,8,-0.7426779714678133,2.78875532169424,1.1772151898734178,0.31188082150851226
Subject867_2019_0121_100318_segment09_09,Subject867,9,0.24925710641702722,6.816281937754393,1.3733905579399142,0.7339746103641381
Subject867_2019_0121_100318_segment10_10,Subject867,10,-0.8097387310130632,19.485757630825297,0.7114624505928854,0.5692074967315282
Subject867_2019_0121_100318_segment11_11,Subject867,11,0.9885733711221258,1.8695311020529202,1.4851485148514851,0.28922906789021813
Subject867_2019_0121_100318_segment12_12,Subject867,12,0.8851591534768286,7.686487984816891,0.4310344827586207,1.3723626353666496
Subject867_2019_0121_100318_segment13_13,Subject867,13,0.5857492821844202,40.652712799831846,1.5533980582524272,1.8677433946183608
Subject867_2019_0121_100318_segment14_14,Subject867,14,0.7958148283307851,5.228774274014291,1.6304347826086958,0.7961011370763753
Subject867_2019_0121_101655_segment00_00,Subject867,0,-0.008188315005076455,14.355911994697777,1.4028776978417268,0.5042765809443107
Subject867_2019_0121_101655_segment01_01,Subject867,1,0.7779900868019068,0.7290151591249393,1.4942528735632186,0.13052674300474923
Subject867_2019_0121_101655_segment02_02,Subject867,2,0.9783915031737425,2.6581175773055308,1.3866967305524238,0.25964018853904425
Subject867_2019_0121_101655_segment03_03,Subject867,3,0.987314118031027,2.5450517041279643,2.2857142857142856,3.2408197750894807
Subject867_2019_0121_101655_segment04_04,Subject867,4,-0.9143994765932716,3.285448054252583,1.611111111111111,0.397410979403796
Subject867_2019_0121_101655_segment05_05,Subject867,5,-0.4049216482893041,9.995521352578109,1.35,0.987591570402681
Subject867_2019_0121_101655_segment06_06,Subject867,6,0.9514856523944626,1.4588702825462683,1.153846153846154,0.2212925358154037
Subject867_2019_0121_101655_segment07_07,Subject867,7,-0.9287779583198219,2.9163324398845982,0.8362369337979094,0.8419193657000086
Subject867_2019_0121_101655_segment08_08,Subject867,8,-0.6607988219264616,3.612740143813705,1.411764705882353,0.3860718648970776
Subject867_2019_0121_101655_segment09_09,Subject867,9,0.35427943103243914,5.732405887048215,1.449016100178891,0.7661722524947329
Subject867_2019_0121_101655_segment10_10,Subject867,10,-0.8266816710125374,12.186147683556994,1.506276150627615,0.6032976936842508
Subject867_2019_0121_101655_segment11_11,Subject867,11,0.9852050362260171,1.611537234114149,1.517509727626459,0.4197088692175469
Subject867_2019_0121_101655_segment12_12,Subject867,12,0.9084695313229757,7.986476360375648,0.4100227790432802,1.4248268474564034
Subject867_2019_0121_101655_segment13_13,Subject867,13,0.767822041223427,18.972553471431436,0.7667731629392971,1.9819019635364898
Subject867_2019_0121_101655_segment14_14,Subject867,14,0.7728676621052425,2.976672521329175,1.8461538461538463,0.9019779013322072
Subject877_2019_0117_113327_segment00_00,Subject877,0,-0.047653080369948794,8.264878346962446,0.34883720930232565,0.2147769564203125
Subject877_2019_0117_113327_segment01_01,Subject877,1,0.9670554248900552,1.731209743053244,0.7831325301204818,0.15150841146454622
Subject877_2019_0117_113327_segment02_02,Subject877,2,0.850355585973083,2.7490059442419534,0.2921129503407984,0.14162550410045532
Subject877_2019_0117_113327_segment03_03,Subject877,3,0.9951925119044585,2.0177770956832184,2.0777027027027026,3.0262510101410136
Subject877_2019_0117_113327_segment04_04,Subject877,4,-0.9960738149412282,2.8779297588625483,0.43080939947780683,0.18367145983212593
Subject877_2019_0117_113327_segment05_05,Subject877,5,-0.2797906260799598,11.249381902926523,0.7782101167315175,0.588071748181526
Subject877_2019_0117_113327_segment06_06,Subject877,6,0.9817778312534763,2.6154096697693485,0.375,0.1485110245992942
Subject877_2019_0117_113327_segment07_07,Subject877,7,-0.9748804710171489,2.396917083128171,0.3601440576230492,0.401037774624208
Subject877_2019_0117_113327_segment08_08,Subject877,8,-0.8009099146130519,3.5557361734259456,0.3347280334728034,0.1899483424174875
Subject877_2019_0117_113327_segment09_09,Subject877,9,0.013541819894150495,8.880772036676897,0.8450704225352113,0.6157832177370716
Subject877_2019_0117_113327_segment10_10,Subject877,10,-0.9647145313506869,2.982709202382239,0.35982008995502246,0.26816910257891374
Subject877_2019_0117_113327_segment11_11,Subject877,11,0.9903419576614477,1.021285539666699,1.0273972602739727,0.23138799608088195
Subject877_2019_0117_113327_segment12_12,Subject877,12,0.9968741309962101,2.0397276521738665,0.7608695652173914,0.7859995275439237
Subject877_2019_0117_113327_segment13_13,Subject877,13,-0.8385695882308962,4.1029549148314155,0.5070422535211268,0.30047855326288303
Subject877_2019_0117_113327_segment14_14,Subject877,14,0.7700518295431933,6.051972572018592,0.5806451612903225,0.6924818726319133
Subject877_2019_0117_115122_segment00_00,Subject877,0,0.09102545986028406,7.025671665502924,0.8486562942008486,0.24360569396960996
Subject877_2019_0117_115122_segment01_01,Subject877,1,0.9752121368532505,0.9500795390171749,0.935251798561151,0.15574409635189282
Subject877_2019_0117_115122_segment02_02,Subject877,2,0.8420498174649744,3.8875339963684823,0.3178807947019867,0.18656839424934568
Subject877_2019_0117_115122_segment03_03,Subject877,3,0.9863671427152391,4.20820697089479,1.9791666666666667,3.1605581320318494
Subject877_2019_0117_115122_segment04_04,Subject877,4,-0.9846504609189458,2.2072987792217793,0.9921259842519685,0.22235508007031332
Subject877_2019_0117_115122_segment05_05,Subject877,5,-0.21197641703265557,13.982738094327862,0.847457627118644,0.6477833336981978
Subject877_2019_0117_115122_segment06_06,Subject877,6,0.9876636081667397,1.903558720772577,0.43227665706051877,0.21090897105511958
Subject877_2019_0117_115122_segment07_07,Subject877,7,-0.9342928826718208,11.970149723948609,0.40336134453781514,0.4828689552714531
Subject877_2019_0117_115122_segment08_08,Subject877,8,-0.790687043887721,2.7945490702143543,0.6859756097560975,0.24402844036175503
Subject877_2019_0117_115122_segment09_09,Subject877,9,0.14027917233553006,7.0524304992309945,1.0212765957446808,0.6471626257196245
Subject877_2019_0117_115122_segment10_10,Subject877,10,-0.9675621814435157,5.325253814064621,0.9610983981693364,0.3164211151812567
Subject877_2019_0117_115122_segment11_11,Subject877,11,0.9924766911209656,1.3634442772865316,0.6000000000000001,0.3469181405940793
Subject877_2019_0117_115122_segment12_12,Subject877,12,0.9894271774080194,6.65226674989107,0.7779578606158833,0.8074876497182389
Subject877_2019_0117_115122_segment13_13,Subject877,13,-0.8198860327404278,5.405876060716034,0.3602058319039451,0.3607686639602097
Subject877_2019_0117_115122_segment14_14,Subject877,14,0.789144881892172,6.510665089679303,1.9047619047619047,0.6905296892998943
Subject877_2019_0122_110550_segment00_00,Subject877,0,0.05247178030657595,8.095863287848147,1.2988826815642458,0.25888410859195077
Subject877_2019_0122_110550_segment01_01,Subject877,1,0.9717153785814789,3.7355619041556194,0.9090909090909092,0.21205345019619745
Subject877_2019_0122_110550_segment02_02,Subject877,2,0.947470836976902,2.4285167777200516,0.4155124653739612,0.18907047263550955
Subject877_2019_0122_110550_segment03_03,Subject877,3,0.9837904215663162,4.074598751037804,2.196796338672769,3.195875919161815
Subject877_2019_0122_110550_segment04_04,Subject877,4,-0.9912752324658823,2.6324691723230984,1.0240963855421685,0.21643471686499535
Subject877_2019_0122_110550_segment05_05,Subject877,5,-0.2572014779230246,8.26985244896028,0.8368200836820084,0.663884119229481
Subject877_2019_0122_110550_segment06_06,Subject877,6,0.9436251801952124,1.6548676548740535,0.3675344563552833,0.1753881196693601
Subject877_2019_0122_110550_segment07_07,Subject877,7,-0.9937121099829064,2.4842760623543843,0.38510911424903727,0.4343133799029281
Subject877_2019_0122_110550_segment08_08,Subject877,8,-0.724413532336843,1.7128045490565058,0.826580226904376,0.1844498699187486
Subject877_2019_0122_110550_segment09_09,Subject877,9,0.3335557371950666,6.689389284984389,0.8490566037735849,0.5563454800202513
Subject877_2019_0122_110550_segment10_10,Subject877,10,-0.9902964555704391,2.5715298197727083,0.3536345776031435,0.26453523628378534
Subject877_2019_0122_110550_segment11_11,Subject877,11,0.9774666761829869,1.2390441888649275,1.0657193605683837,0.23890195220351557
Subject877_2019_0122_110550_segment12_12,Subject877,12,0.991409366249462,3.8415862752854033,0.3713892709766162,0.6283491241606528
Subject877_2019_0122_110550_segment13_13,Subject877,13,-0.6513578909522768,20.660082465511444,0.47244094488188976,0.9956553122239338
Subject877_2019_0122_110550_segment14_14,Subject877,14,0.809638529062172,7.181849792326309,0.4983388704318937,0.646232011046858
Subject877_2019_0122_111932_segment00_00,Subject877,0,0.12906029578069064,8.59105679665198,1.7587939698492463,0.28104971038292176
Subject877_2019_0122_111932_segment01_01,Subject877,1,0.9844048374802313,1.418143509979131,2.148148148148148,0.1587725728708722
Subject877_2019_0122_111932_segment02_02,Subject877,2,0.9248363680019732,1.9139558896329536,0.3278688524590164,0.18945341508243507
Subject877_2019_0122_111932_segment03_03,Subject877,3,0.9350885973302053,4.199076417310707,2.1612349914236706,3.05104804032337
Subject877_2019_0122_111932_segment04_04,Subject877,4,-0.9754046710847492,2.9056043866369734,0.9357798165137614,0.21149978105010273
Subject877_2019_0122_111932_segment05_05,Subject877,5,-0.2829322373372785,8.851075095313137,0.8480565371024735,0.658763795967616
Subject877_2019_0122_111932_segment06_06,Subject877,6,0.9666151738567826,2.166213435235715,0.3726708074534162,0.2033672112394682
Subject877_2019_0122_111932_segment07_07,Subject877,7,-0.9874306774655269,4.877682167886672,0.3791469194312796,0.44463764306148124
Subject877_2019_0122_111932_segment08_08,Subject877,8,-0.6344665485942343,1.8760060364919684,1.2335526315789473,0.1917230105554719
Subject877_2019_0122_111932_segment09_09,Subject877,9,0.228716229863812,6.59696743198727,0.8595988538681949,0.5723273166734569
Subject877_2019_0122_111932_segment10_10,Subject877,10,-0.9883343212082951,2.607236221556358,1.2605042016806722,0.2801210443718067
Subject877_2019_0122_111932_segment11_11,Subject877,11,0.9684425658072823,1.1927987983215138,0.9615384615384615,0.24206608876298355
Subject877_2019_0122_111932_segment12_12,Subject877,12,0.9887639896191646,2.518599889064925,0.7555555555555555,0.7479396209928114
Subject877_2019_0122_111932_segment13_13,Subject877,13,-0.5718580135058152,14.260082897246862,0.43165467625899284,1.0048046623525917
Subject877_2019_0122_111932_segment14_14,Subject877,14,0.6752032671573892,6.4167530737337595,0.4893964110929854,0.6548209688509103
Subject877_2019_0125_114556_segment00_00,Subject877,0,0.09558598653689022,8.307536519333258,1.49364406779661,0.2833813014421335
Subject877_2019_0125_114556_segment01_01,Subject877,1,0.9786188915964619,0.9280198956308047,0.8695652173913044,0.16356282808294842
Subject877_2019_0125_114556_segment02_02,Subject877,2,0.8363801618204445,2.405223236462278,1.2422360248447204,0.20038024736080218
Subject877_2019_0125_114556_segment03_03,Subject877,3,0.9715292794906051,3.0421590217994163,2.097902097902098,2.8705171374592213
Subject877_2019_0125_114556_segment04_04,Subject877,4,-0.9733543714795458,2.5861245243706636,1.2162162162162162,0.21242246689872293
Subject877_2019_0125_114556_segment05_05,Subject877,5,-0.17953038869472673,9.54868233865416,0.9765625,0.70246796816029
Subject877_2019_0125_114556_segment06_06,Subject877,6,0.9816540397355735,2.0708124852345606,0.4255319148936171,0.20754565630352267
Subject877_2019_0125_114556_segment07_07,Subject877,7,-0.9664015863046161,2.611088110379642,0.4633204633204633,0.4956148432939172
Subject877_2019_0125_114556_segment08_08,Subject877,8,-0.7606392970774735,2.3806493906880317,0.7938257993384784,0.23400964029714186
Subject877_2019_0125_114556_segment09_09,Subject877,9,0.23559451731192488,5.520998854429109,1.011969532100109,0.6173570599586736
Subject877_2019_0125_114556_segment10_10,Subject877,10,-0.9544855417703372,9.031116079885685,0.425531914893617,0.3241175169628839
Subject877_2019_0125_114556_segment11_11,Subject877,11,0.9899311217084387,2.5597491490081876,1.2096774193548387,0.3054055551969516
Subject877_2019_0125_114556_segment12_12,Subject877,12,0.9807313534494665,5.798607282321057,0.743801652892562,0.8014820081019569
Subject877_2019_0125_114556_segment13_13,Subject877,13,-0.4412495870120734,20.925303023518648,0.49723756906077343,1.1047503511480983
Subject877_2019_0125_114556_segment14_14,Subject877,14,0.692375232430628,5.6113139479133185,0.5421686746987951,0.6591745321466652
Subject877_2019_0125_120055_segment00_00,Subject877,0,0.1775503471295409,8.774092503959867,0.47430830039525695,0.3387511607440843
Subject877_2019_0125_120055_segment01_01,Subject877,1,0.9520279488118346,1.2690348218353393,0.8035714285714286,0.12953843078646035
Subject877_2019_0125_120055_segment02_02,Subject877,2,0.7369385524826846,2.1151239737756162,1.319052987598647,0.23309293168301795
Subject877_2019_0125_120055_segment03_03,Subject877,3,0.932961155972371,6.6035586946651845,2.045454545454546,3.0079119798287963
Subject877_2019_0125_120055_segment04_04,Subject877,4,-0.9902867664002177,3.1277612647168564,1.0119047619047619,0.22344990284341884
Subject877_2019_0125_120055_segment05_05,Subject877,5,-0.3025284128622913,15.163710859308724,1.0148849797023005,0.7175029153733609
Subject877_2019_0125_120055_segment06_06,Subject877,6,0.9696693585637874,1.5165026599198272,0.8933002481389578,0.2232354213349848
Subject877_2019_0125_120055_segment07_07,Subject877,7,-0.9779244379293466,1.8870922704713713,0.49586776859504134,0.5413793943064252
Subject877_2019_0125_120055_segment08_08,Subject877,8,-0.7508176314804752,2.12123044467737,0.9433962264150944,0.24228102044485864
Subject877_2019_0125_120055_segment09_09,Subject877,9,0.3035673497893412,6.618709501309872,1.1755485893416928,0.6506559832693743
Subject877_2019_0125_120055_segment10_10,Subject877,10,-0.9858018167670826,2.1264742420736646,0.898876404494382,0.29126541535177475
Subject877_2019_0125_120055_segment11_11,Subject877,11,0.9886420195183075,1.2990883681829164,1.1676646706586826,0.3001025069044283
Subject877_2019_0125_120055_segment12_12,Subject877,12,0.9896061151368396,3.395762244587877,0.8062709966405375,0.8691998396345018
Subject877_2019_0125_120055_segment13_13,Subject877,13,0.12707346302796677,32.64707867767042,0.5187319884726225,1.218258514349506
Subject877_2019_0125_120055_segment14_14,Subject877,14,0.7982443758153497,4.584875571904933,0.5607476635514019,0.6845005246438197
Subject890_2018_1219_151505_segment00_00,Subject890,0,0.7058307430944231,4.199891500066238,1.0160427807486632,0.7115058020717107
Subject890_2018_1219_151505_segment01_01,Subject890,1,0.8722999027996744,1.221102927973214,0.5714285714285714,0.2120379115991009
Subject890_2018_1219_151505_segment02_02,Subject890,2,0.44593768405065004,7.444207393410844,0.4310344827586207,0.8037246757854473
Subject890_2018_1219_151505_segment03_03,Subject890,3,0.9777625062215098,1.6594661904038146,2.061855670103093,1.9756475697346778
Subject890_2018_1219_151505_segment04_04,Subject890,4,-0.9511364636060677,1.4031681720836944,0.5067567567567567,0.37740293172493083
Subject890_2018_1219_151505_segment05_05,Subject890,5,0.06285578914687184,10.35607465576259,0.6396588486140725,0.4450533304106847
Subject890_2018_1219_151505_segment06_06,Subject890,6,0.9905083669203509,1.0360492661455,0.375,0.20572687342401075
Subject890_2018_1219_151505_segment07_07,Subject890,7,-0.8904132814270831,2.0225351292810054,0.5859375,0.49516275892691597
Subject890_2018_1219_151505_segment08_08,Subject890,8,-0.9718797609839944,1.7123447058867232,1.4485981308411215,0.3268570546666396
Subject890_2018_1219_151505_segment09_09,Subject890,9,-0.24108128992481553,13.224386976783023,0.8168316831683168,0.6670869115548695
Subject890_2018_1219_151505_segment10_10,Subject890,10,-0.9381951520915338,3.6020415057767745,0.510204081632653,0.34576842922352913
Subject890_2018_1219_151505_segment11_11,Subject890,11,0.9983292098095187,1.0136650024844773,0.5825242718446602,0.378559148761101
Subject890_2018_1219_151505_segment12_12,Subject890,12,0.8816604580780293,4.745146773185065,0.2512562814070352,1.2177934473143062
Subject890_2018_1219_151505_segment13_13,Subject890,13,0.2088674061790525,9.425036082355884,0.6864988558352403,1.5722461446029894
Subject890_2018_1219_151505_segment14_14,Subject890,14,0.8769589806402335,3.659667570874221,0.49668874172185434,0.53331583659423
Subject890_2018_1219_153428_segment00_00,Subject890,0,0.7539613366689919,3.9939972480613615,0.6134969325153374,0.9931222481876001
Subject890_2018_1219_153428_segment01_01,Subject890,1,0.7862124006697868,1.7643956344403386,1.4928909952606635,0.2236348415622557
Subject890_2018_1219_153428_segment03_03,Subject890,3,0.9929139205592895,3.235239890121272,2.290909090909091,1.9312976878610093
Subject890_2018_1219_153428_segment04_04,Subject890,4,-0.977799176368101,1.9223725870930102,0.5692599620493359,0.4296872717390241
Subject890_2018_1219_153428_segment05_05,Subject890,5,-0.20267925924019958,11.533858220339404,0.6302521008403361,0.4615072430931214
Subject890_2018_1219_153428_segment06_06,Subject890,6,0.9850364792638955,0.852786021051459,0.37831021437578816,0.2131613003201656
Subject890_2018_1219_153428_segment07_07,Subject890,7,-0.850233515495536,1.7809686191834606,0.5893909626719058,0.533766307236302
Subject890_2018_1219_153428_segment08_08,Subject890,8,-0.9908853282050544,1.5713774425364455,1.4331210191082802,0.3742379173641905
Subject890_2018_1219_153428_segment09_09,Subject890,9,0.05015097045441833,12.949825532428354,0.8450704225352113,0.7676287830901535
Subject890_2018_1219_153428_segment10_10,Subject890,10,-0.840139014005083,1.081091674872701,1.6605166051660516,0.3671571089198067
Subject890_2018_1219_153428_segment11_11,Subject890,11,0.9976598419829336,1.559718151788202,0.631578947368421,0.41034734791096134
Subject890_2018_1219_153428_segment12_12,Subject890,12,0.8781569927327422,3.928671428028686,0.24896265560165975,1.2456844643268752
Subject890_2018_1219_153428_segment13_13,Subject890,13,0.16030324836203466,14.432759861954676,0.7075471698113207,1.5305912186366937
Subject890_2018_1219_153428_segment14_14,Subject890,14,0.9043622508607408,2.9790253117255596,0.5736137667304015,0.6141773938640608
Subject890_2018_1219_153428_segment15_02,Subject890,2,0.7519286037795417,7.196158725501266,0.5110732538330494,1.0525249677092345
Subject890_2019_0129_112929_segment00_00,Subject890,0,0.6797130385735645,5.456705142129645,0.6575342465753425,0.9747639819548263
Subject890_2019_0129_112929_segment01_01,Subject890,1,0.8396126256678117,2.947364135844283,0.824524312896406,0.20864635765799003
Subject890_2019_0129_112929_segment02_02,Subject890,2,0.7279223512930817,5.610550688755019,0.5274725274725275,0.33869704163525405
Subject890_2019_0129_112929_segment03_03,Subject890,3,0.9970030393364558,2.265062280151868,2.052313883299799,3.381207704358066
Subject890_2019_0129_112929_segment04_04,Subject890,4,-0.9109473037985554,1.1585266568485206,1.2335526315789473,0.31752542685654794
Subject890_2019_0129_112929_segment05_05,Subject890,5,-0.07812557350846638,12.936138512589771,0.25506867233485936,0.2752238516554621
Subject890_2019_0129_112929_segment06_06,Subject890,6,0.9787055308397319,1.7980364919365543,0.3409090909090909,0.18318782235215333
Subject890_2019_0129_114354_segment00_07,Subject890,7,-0.9172226664206836,2.700235230127231,0.5812220566318927,0.47563773399180653
Subject890_2019_0129_114354_segment01_08,Subject890,8,-0.6272358669884313,5.29672626975216,1.5267175572519085,0.3763688599138161
Subject890_2019_0129_114354_segment02_09,Subject890,9,0.11770429791531295,10.979558284074807,0.8812729498164015,0.7264171080815718
Subject890_2019_0129_114354_segment03_10,Subject890,10,-0.9121020351149918,1.2791272497042112,1.25,0.37915395551204706
Subject890_2019_0129_114354_segment04_11,Subject890,11,0.9967087832875647,2.5776983408821055,1.4340344168260037,0.3775443932333565
Subject890_2019_0129_114354_segment05_12,Subject890,12,0.9443257705672632,4.431955393263608,0.24948024948024944,1.4827859557751888
Subject890_2019_0129_114354_segment06_13,Subject890,13,0.3211500435775852,9.833457990999669,0.8,1.8304430706376325
Subject890_2019_0129_114354_segment07_14,Subject890,14,0.90302475268832,2.309032353561291,0.6691449814126393,0.6077065649687071
Subject890_2019_0129_115324_segment00_00,Subject890,0,0.6951929554740585,4.634500621171415,0.6285714285714286,0.8730485938574525
Subject890_2019_0129_115324_segment01_01,Subject890,1,0.8395339875089735,2.20809013886223,0.9302325581395349,0.23775072634662917
Subject890_2019_0129_115324_segment02_02,Subject890,2,0.7590971954215636,8.349232450748964,0.547752808988764,0.4354578651665693
Subject890_2019_0129_115324_segment03_03,Subject890,3,0.9963282165920312,2.4420096905345527,2.0240963855421685,3.425911130074176
Subject890_2019_0129_115324_segment04_04,Subject890,4,-0.91084608332213,3.054123369612498,1.2781954887218048,0.33712533990223853
Subject890_2019_0129_115324_segment05_05,Subject890,5,-0.18277185296577467,13.834569976891713,0.727130570758405,0.3188504163862822
Subject890_2019_0129_115324_segment06_06,Subject890,6,0.9516207351467386,1.631648254533504,0.3806228373702423,0.21266267168089084
Subject890_2019_0129_115324_segment07_07,Subject890,7,-0.9289295442647721,1.058958720606196,0.6050420168067228,0.46605829444295577
Subject890_2019_0129_115324_segment08_08,Subject890,8,-0.7503377840163161,1.9342413755275891,1.4307004470938898,0.3878283489223489
Subject890_2019_0129_115324_segment09_09,Subject890,9,0.1138572201949243,6.867841505706125,0.9638554216867469,0.7692020793261852
Subject890_2019_0129_115324_segment10_10,Subject890,10,-0.9167707789985585,2.054547738064711,0.5015197568389058,0.29288778925144243
Subject890_2019_0129_115324_segment11_11,Subject890,11,0.9984915291090602,2.5255209427776237,1.4201183431952664,0.39564806667562585
Subject890_2019_0129_115324_segment12_12,Subject890,12,0.9512098624607287,3.523482216669323,0.2417188898836168,1.5705588320685355
Subject890_2019_0129_115324_segment13_13,Subject890,13,0.2918178484172132,14.654041894494059,0.8108108108108109,1.7145325934367346
Subject890_2019_0129_115324_segment14_14,Subject890,14,0.8941263378121912,1.948881951427625,0.6829268292682927,0.6527100579718981
Subject912_2019_0110_161501_segment00_00,Subject912,0,0.9622938025752714,11.014499370286757,0.5660377358490566,0.41362792870175186
Subject912_2019_0110_161501_segment01_01,Subject912,1,0.9570988496394401,2.2938688829567857,0.7921928817451206,0.16634993616552832
Subject912_2019_0110_161501_segment02_02,Subject912,2,0.8792273438316494,12.718852958752077,0.6070287539936102,0.3979551876192342
Subject912_2019_0110_161501_segment03_03,Subject912,3,0.9680709144887025,6.032219782559959,2.150170648464164,2.829712414385592
Subject912_2019_0110_161501_segment04_04,Subject912,4,-0.9756093562080926,3.1502124740714637,0.7134767836919591,0.19517933580808905
Subject912_2019_0110_161501_segment05_05,Subject912,5,-0.31909616177517297,9.553603710913404,0.6492027334851936,0.5492432378192315
Subject912_2019_0110_161501_segment06_06,Subject912,6,0.9152934742151235,1.3125490744803028,0.31880977683315626,0.13533097178677847
Subject912_2019_0110_161501_segment08_07,Subject912,7,-0.9692734440393553,1.1022152265482261,0.46583850931677023,0.4802607968724772
Subject912_2019_0110_161501_segment09_08,Subject912,8,-0.8896090670522386,5.595456540969825,0.4636785162287481,0.33832792138795387
Subject912_2019_0110_161501_segment10_09,Subject912,9,-0.1002553845239566,17.768759682040603,1.0075839653304441,0.6478306645178082
Subject912_2019_0110_161501_segment11_10,Subject912,10,-0.9813069923111819,1.6893735636805416,0.3708281829419036,0.26549254768614494
Subject912_2019_0110_161501_segment12_11,Subject912,11,0.9454474773585875,4.492785194427637,1.1727616645649432,0.39092823163353396
Subject912_2019_0110_161501_segment13_12,Subject912,12,0.9838441795202172,6.890269968631302,0.27985074626865675,0.5173546595597078
Subject912_2019_0110_161501_segment14_13,Subject912,13,0.07572209204583982,11.395236080685045,0.5263157894736842,1.3055046820918839
Subject912_2019_0110_161501_segment15_14,Subject912,14,0.8222335403224321,2.7512895744620365,0.5291005291005292,0.5626029933085451
Subject912_2019_0110_163706_segment00_00,Subject912,0,0.9158218204034995,4.489670263808047,1.0582010582010584,0.625296638685643
Subject912_2019_0110_163706_segment01_01,Subject912,1,0.9143986020145952,2.0680553662486547,0.8737864077669903,0.18737950238933176
Subject912_2019_0110_163706_segment02_02,Subject912,2,0.4159969394775671,1.924427440872125,0.3588516746411483,0.3110837623605087
Subject912_2019_0110_163706_segment03_03,Subject912,3,0.9654776429219188,4.565973754334618,2.1660649819494586,3.0469816437732002
Subject912_2019_0110_163706_segment04_05,Subject912,5,-0.18989694450207487,8.198505487600556,0.8097165991902834,0.6919171979313221
Subject912_2019_0110_163706_segment05_12,Subject912,12,0.9837052325914462,6.571278400290073,0.6309148264984227,0.6140819541512309
Subject912_2019_0110_163706_segment06_13,Subject912,13,0.13409591530492856,8.863245381018862,0.6085192697768762,1.5401978523863136
Subject912_2019_0110_163706_segment07_14,Subject912,14,0.8982373661643402,3.8230392704775467,0.5649717514124294,0.7195042000874525
Subject912_2019_0110_163706_segment08_04,Subject912,4,-0.9342032747818523,2.1347276745213883,0.9921259842519685,0.2997170861794248
Subject912_2019_0110_163706_segment09_06,Subject912,6,0.9724950145963668,1.9679465028906138,0.4792332268370607,0.2488568824441188
Subject912_2019_0110_163706_segment10_07,Subject912,7,-0.961367353842284,3.2609095262057832,0.5424954792043399,0.6045843977190121
Subject912_2019_0110_163706_segment11_08,Subject912,8,-0.7129838769294062,1.8736560943102525,0.5,0.39034651807210224
Subject912_2019_0110_163706_segment12_09,Subject912,9,-0.2701459408558638,18.79622138496904,1.4031180400890868,0.6841785520382428
Subject912_2019_0110_163706_segment13_10,Subject912,10,-0.9895440809966423,2.055092754515626,0.6211180124223602,0.2359051726131505
Subject912_2019_0110_163706_segment14_11,Subject912,11,0.993064413747164,2.3953183887134823,2.0689655172413794,0.25194329540180044
Subject946_2019_0106_195325_segment00_00,Subject946,0,0.4639529734931492,3.023230418300369,2.059496567505721,0.9948185748321982
Subject946_2019_0106_195325_segment01_01,Subject946,1,0.9137542373770922,2.3411985290521624,2.3134328358208953,0.18465300072663152
Subject946_2019_0106_195325_segment02_02,Subject946,2,0.7823636045360746,1.9820071119886686,0.43795620437956206,0.40804247042768643
Subject946_2019_0106_195325_segment03_03,Subject946,3,0.9695937529360759,6.155317129443252,2.0761245674740487,3.1355486249022952
Subject946_2019_0106_195325_segment04_04,Subject946,4,-0.9547198520504994,1.3691129534574258,0.36809815950920244,0.16116579639267628
Subject946_2019_0106_195325_segment05_05,Subject946,5,-0.3391021160947308,9.087619935028442,0.6756756756756757,0.45202648610659285
Subject946_2019_0106_195325_segment06_06,Subject946,6,0.9492544027556015,2.0423796913294208,0.26155187445510025,0.1284389393079806
Subject946_2019_0106_195325_segment07_07,Subject946,7,-0.9623915670948756,1.3896055826400693,0.4225352112676056,0.5323675751265544
Subject946_2019_0106_195325_segment08_08,Subject946,8,-0.913043656204059,0.8711588779227427,1.2903225806451613,0.31543334218835206
Subject946_2019_0106_195325_segment09_09,Subject946,9,0.33582155715943013,8.556467335451899,0.3508771929824561,0.5045007072198123
Subject946_2019_0106_195325_segment10_10,Subject946,10,-0.9675122026662355,1.7897967574160685,0.30549898167006106,0.1867985467990686
Subject946_2019_0106_195325_segment11_11,Subject946,11,0.9465954296217318,1.78730454769768,0.46583850931677023,0.31127779624368856
Subject946_2019_0106_195325_segment12_12,Subject946,12,0.9483858121126167,1.7650409196685122,0.2976190476190476,1.0836888114773016
Subject946_2019_0106_195325_segment13_13,Subject946,13,-0.9528328954268388,8.307448478773939,0.7957559681697612,0.7126900413361763
Subject946_2019_0106_195325_segment14_14,Subject946,14,0.6616925100904038,6.872614000567337,0.4109589041095891,0.5094214700821184
Subject946_2019_0106_200857_segment00_00,Subject946,0,0.41270444344854434,5.298350261701675,1.1764705882352942,1.0281895014353315
Subject946_2019_0106_200857_segment01_01,Subject946,1,0.9249596284892042,1.1138894501154029,2.193396226415094,0.16936102333472697
Subject946_2019_0106_200857_segment02_02,Subject946,2,0.7919344239852619,2.1125960426324206,0.46583850931677023,0.42885807093388556
Subject946_2019_0106_200857_segment03_03,Subject946,3,0.970557632397189,6.874664051918549,2.121212121212121,3.0756606509606828
Subject946_2019_0106_200857_segment04_05,Subject946,5,-0.38563175228093577,8.456323704158102,0.6376195536663125,0.40900648593992867
Subject946_2019_0106_200857_segment05_06,Subject946,6,0.9511802693260675,1.4167632505312004,0.27472527472527475,0.13993172820570104
Subject946_2019_0106_200857_segment06_07,Subject946,7,-0.9441201605367268,4.021387168492416,0.3731343283582089,0.4521066384622277
Subject946_2019_0106_200857_segment07_08,Subject946,8,-0.9254286976605436,3.00153579335155,1.2295081967213115,0.27171195187534825
Subject946_2019_0106_200857_segment08_09,Subject946,9,0.31855550512333825,6.907119699542088,0.3571428571428571,0.4821793911434293
Subject946_2019_0106_200857_segment09_10,Subject946,10,-0.949630289943649,1.3370942821627787,0.2915451895043732,0.19429699936256675
Subject946_2019_0106_200857_segment10_11,Subject946,11,0.9537754156762207,1.0865943705391365,0.4267425320056899,0.30034374852336976
Subject946_2019_0106_200857_segment11_04,Subject946,4,-0.951688965429243,1.9703684116043698,0.320855614973262,0.15044758982320106
Subject946_2019_0106_200857_segment12_12,Subject946,12,0.9492212817317753,2.648111552685809,0.2870813397129186,1.0662740787528768
Subject946_2019_0106_200857_segment13_13,Subject946,13,-0.9791335820424801,4.285397139192696,0.6896551724137931,0.7145136747345329
Subject946_2019_0106_200857_segment14_14,Subject946,14,0.5556905841396037,7.418803524539584,0.39421813403416556,0.5285304380901866
Subject969_2019_0102_180836_segment00_00,Subject969,0,-0.570892904410772,8.795475897159948,0.3215434083601287,0.16155998155035503
Subject969_2019_0102_180836_segment01_01,Subject969,1,0.8123973532090776,1.7717131921231999,0.36764705882352944,0.07527892433976698
Subject969_2019_0102_180836_segment02_02,Subject969,2,0.29468509971202833,4.868533412427882,0.5494505494505495,0.2699129157269854
Subject969_2019_0102_180836_segment03_03,Subject969,3,0.992881307216204,2.5146960815657393,1.8348623853211008,2.932853361104205
Subject969_2019_0102_180836_segment04_04,Subject969,4,-0.9055823050964034,0.9447252520831626,0.3042596348884381,0.15948791009744434
Subject969_2019_0102_180836_segment05_05,Subject969,5,-0.17250467654123214,16.828959880218726,0.21629416005767843,0.28950615976661265
Subject969_2019_0102_180836_segment06_06,Subject969,6,0.9880418973523111,1.50441361022011,0.26200873362445415,0.1001167630930897
Subject969_2019_0102_180836_segment07_07,Subject969,7,-0.861759115746091,1.1328921641094785,0.3033367037411527,0.2718843907712964
Subject969_2019_0102_180836_segment08_08,Subject969,8,-0.9518913295786735,1.2345282402789546,0.22288261515601784,0.11689463427771135
Subject969_2019_0102_180836_segment09_09,Subject969,9,-0.2999962668157688,17.38320793549585,0.22624434389140272,0.34117161238182186
Subject969_2019_0102_180836_segment10_10,Subject969,10,-0.8964580038335404,1.5241680242524718,0.26595744680851063,0.16764565524951905
Subject969_2019_0102_180836_segment11_11,Subject969,11,0.9707373958192537,1.690183440279171,0.3340757238307349,0.1671131635372376
Subject969_2019_0102_180836_segment12_12,Subject969,12,0.871668568402539,2.6892933474208647,0.24570024570024568,0.9429351097545318
Subject969_2019_0102_180836_segment13_13,Subject969,13,0.48722383899160987,8.491320316745707,0.493421052631579,0.8264995497807762
Subject969_2019_0102_180836_segment14_14,Subject969,14,0.6816844299875275,5.6069659510652725,0.3374578177727784,0.3649382898630354
Subject969_2019_0102_182755_segment00_00,Subject969,0,-0.5792228923980591,8.769918912415058,0.5154639175257733,0.16986175654749447
Subject969_2019_0102_182755_segment01_01,Subject969,1,0.8102627017266507,1.0366355264262412,0.6397306397306397,0.06559540209765385
Subject969_2019_0102_182755_segment02_02,Subject969,2,-0.2411007950217074,2.7559202776858656,0.5893909626719058,0.25797172140371627
Subject969_2019_0102_182755_segment03_03,Subject969,3,0.9893566108414962,2.603440718427926,1.956521739130435,3.1911441956082327
Subject969_2019_0102_182755_segment04_04,Subject969,4,-0.9316096984438841,1.0863646732949435,0.31479538300104937,0.15444881942372968
Subject969_2019_0102_182755_segment05_05,Subject969,5,-0.1789084242600259,13.492889807304355,0.2523128679562658,0.36000198891724533
Subject969_2019_0102_182755_segment06_06,Subject969,6,0.9721842881103611,1.8037609364529046,0.27472527472527475,0.14124973715604758
Subject969_2019_0102_182755_segment07_07,Subject969,7,-0.9562934962766773,1.7450963914459385,0.36101083032490977,0.3281852741248892
Subject969_2019_0102_182755_segment08_08,Subject969,8,-0.9525228280063862,1.9832632637441712,0.2557544757033248,0.15046100682424624
Subject969_2019_0102_182755_segment09_09,Subject969,9,-0.2346510608514021,16.021377309304658,0.24128686327077747,0.4203582247278381
Subject969_2019_0102_182755_segment10_10,Subject969,10,-0.9432243860463991,1.6453661478469748,0.26595744680851063,0.16794185224837913
Subject969_2019_0102_182755_segment11_11,Subject969,11,0.977338350625219,1.9855627745183118,0.3722084367245657,0.21479316947260033
Subject969_2019_0102_182755_segment12_12,Subject969,12,0.8374604676206777,6.063834555269036,0.23923444976076555,1.0680894859288748
Subject969_2019_0102_182755_segment13_13,Subject969,13,0.34616207712567987,7.582490660393937,0.3496503496503497,0.5921394512673742
Subject969_2019_0102_182755_segment14_14,Subject969,14,0.720702347079109,5.755586111113523,0.34443168771526983,0.3787809012482568
Subject969_2019_0116_180835_segment00_00,Subject969,0,-0.6428464279943726,13.951216093927167,0.2901353965183752,0.19359465796297246
Subject969_2019_0116_180835_segment01_01,Subject969,1,0.8546865983473192,1.1265327494555923,0.38510911424903727,0.09658578311121051
Subject969_2019_0116_180835_segment02_02,Subject969,2,-0.04112821318542252,8.405082910436555,0.3036437246963563,0.28294491131199767
Subject969_2019_0116_180835_segment03_03,Subject969,3,0.9857395947096169,5.7298318418045415,2.1926910299003324,3.1837314989201153
Subject969_2019_0116_180835_segment04_04,Subject969,4,-0.9563331284754321,1.1962090151522156,0.264783759929391,0.15142282157946232
Subject969_2019_0116_180835_segment05_05,Subject969,5,-0.22135581078655506,14.25714206431057,0.5962343096234309,0.45230453092293005
Subject969_2019_0116_180835_segment06_06,Subject969,6,0.9918641229875526,1.5996429829767311,0.29252437703141926,0.1276170614335554
Subject969_2019_0116_180835_segment07_07,Subject969,7,-0.9390935085131852,1.341113252223487,0.29041626331074544,0.2697095633431655
Subject969_2019_0116_180835_segment08_08,Subject969,8,-0.9867713664343393,1.4199838125773758,0.2450980392156863,0.13739467813307063
Subject969_2019_0116_180835_segment09_09,Subject969,9,-0.3554054684609191,15.334623412883785,0.2702702702702703,0.4155913774290318
Subject969_2019_0116_180835_segment10_10,Subject969,10,-0.9336038782588945,2.012631419606908,0.2664298401420959,0.16031392875449754
Subject969_2019_0116_180835_segment11_11,Subject969,11,0.9899393550897673,1.5833232345150907,0.379746835443038,0.2301938262799894
Subject969_2019_0116_180835_segment12_12,Subject969,12,0.6848991045775793,7.186917194935176,0.21037868162692847,0.6541179208651863
Subject969_2019_0116_180835_segment13_13,Subject969,13,0.283533758419783,10.096421405377487,0.40760869565217395,0.6494692492913664
Subject969_2019_0116_180835_segment14_14,Subject969,14,0.593609817742418,5.765373840987095,0.3601440576230492,0.4006102162203473
Subject969_2019_0116_182431_segment00_04,Subject969,4,-0.9619587226639412,1.9118791206052932,0.31858407079646023,0.1509850984979763
Subject969_2019_0116_182431_segment01_00,Subject969,0,-0.4391849186767841,27.5516282252812,0.293398533007335,0.24978782249095152
Subject969_2019_0116_182431_segment02_01,Subject969,1,0.8079165361220328,1.7492325754750147,0.4026845637583893,0.08395532393791837
Subject969_2019_0116_182431_segment03_02,Subject969,2,0.03691132017142207,8.079880932936524,0.5893909626719058,0.30446837106419233
Subject969_2019_0116_182431_segment04_03,Subject969,3,0.9935610056992813,3.531092516671308,2.0547945205479454,3.2533719716217937
Subject969_2019_0116_182431_segment05_05,Subject969,5,-0.31851880198808213,13.677630942871152,0.6342494714587739,0.46237797649825957
Subject969_2019_0116_182431_segment06_06,Subject969,6,0.997677933657252,1.6299108987133673,0.3508771929824561,0.1480725221765014
Subject969_2019_0116_182431_segment07_07,Subject969,7,-0.8892736647586942,4.065222454130753,0.2730030333670374,0.28701701296978904
Subject969_2019_0116_182431_segment08_08,Subject969,8,-0.9557530602001147,1.8939306741937667,0.25817555938037867,0.14710685178271532
Subject969_2019_0116_182431_segment09_09,Subject969,9,-0.38313674602694486,12.989746859213078,0.30487804878048785,0.4718337903238332
Subject969_2019_0116_182431_segment10_10,Subject969,10,-0.9292726504354564,2.8325066160128154,0.2870813397129186,0.16552466433836843
Subject969_2019_0116_182431_segment11_11,Subject969,11,0.9801263690993516,2.2779960074215726,0.43478260869565216,0.2361406616051737
Subject969_2019_0116_182431_segment12_12,Subject969,12,0.7475007613944357,5.504191136429242,0.22140221402214025,0.670106953037944
Subject969_2019_0116_182431_segment13_13,Subject969,13,0.45541554168344384,10.03129591387241,0.35799522673031026,0.602675730280818
Subject969_2019_0116_182431_segment14_14,Subject969,14,0.6583954747125239,5.682216876780166,0.34207525655644244,0.36281373817155765
